Module	Gene	Rank_kWithin	kWithin	kWithin_per_possible_edge	Hub_core_selected
M1	VIT_19s0014g02740	1971	28.823133176906687	0.013307079029042792	FALSE
M1	VIT_08s0056g01610	779	439.73333383514375	0.20301631294327965	FALSE
M1	VIT_12s0059g00590	1024	352.46060414429076	0.1627241939724334	FALSE
M1	VIT_01s0010g02030	1565	166.62497970105977	0.07692750678719287	FALSE
M1	VIT_08s0056g01600	918	391.00912838217823	0.18052129657533622	FALSE
M1	VIT_05s0049g00520	1439	206.67406161365903	0.09541738763326825	FALSE
M1	VIT_02s0025g03390	788	437.66001047470536	0.2020590999421539	FALSE
M1	VIT_11s0016g00210	1952	32.942276221236206	0.015208807119684305	FALSE
M1	VIT_16s0022g00960	1442	205.24818392244345	0.0947590876834919	FALSE
M1	VIT_07s0005g00660	1495	190.21620279143207	0.087819114862157	FALSE
M1	VIT_19s0090g01370	831	425.793920330631	0.1965807573086939	FALSE
M1	VIT_06s0004g03240	223	607.8430125538166	0.28062927634063556	FALSE
M1	VIT_06s0004g04650	955	378.11038129513315	0.174566196350477	FALSE
M1	VIT_05s0049g00760	1385	222.73821690910216	0.10283389515655686	FALSE
M1	VIT_19s0014g02730	2051	12.916478132561712	0.005963286303121751	FALSE
M1	VIT_03s0180g00070	34	674.673229153213	0.3114834852969589	TRUE
M1	VIT_00s0187g00160	1748	97.19915223338762	0.04487495486305984	FALSE
M1	VIT_18s0001g14270	511	520.833659757751	0.24045875335076222	FALSE
M1	VIT_19s0090g01340	1146	304.63110358910643	0.14064224542433354	FALSE
M1	VIT_09s0002g05180	336	574.7743788419126	0.26536213242932255	FALSE
M1	VIT_07s0031g02210	1396	219.77433798461564	0.10146553000213095	FALSE
M1	VIT_19s0090g01000	830	425.8254999070247	0.1965953369838526	FALSE
M1	VIT_03s0038g01510	1199	285.8834140580107	0.13198680242752112	FALSE
M1	VIT_16s0022g01770	1308	246.51766362630843	0.11381240241288477	FALSE
M1	VIT_05s0094g00340	1577	162.0115403058673	0.07479757170169313	FALSE
M1	VIT_18s0001g14260	540	512.9049689408068	0.23679823127461072	FALSE
M1	VIT_02s0025g01050	561	509.06246416178647	0.23502422168134185	FALSE
M1	VIT_19s0090g01350	438	539.1843459883561	0.24893090765852083	FALSE
M1	VIT_02s0033g01330	1004	360.12700843943765	0.16626362347157786	FALSE
M1	VIT_04s0008g05010	735	454.2217664929819	0.2097053400244607	FALSE
M1	VIT_02s0025g03600	499	523.2687443013215	0.24158298444197668	FALSE
M1	VIT_02s0025g04330	1724	105.28506527104346	0.04860806337536633	FALSE
M1	VIT_13s0019g04280	1920	41.16160473519566	0.019003510958077407	FALSE
M1	VIT_10s0003g00090	1661	126.2428442717098	0.05828386162128799	FALSE
M1	VIT_03s0038g02520	694	469.138786010975	0.21659223730885274	FALSE
M1	VIT_11s0016g04920	1183	290.5288606311643	0.1341315146034923	FALSE
M1	VIT_12s0028g01060	2078	8.200289187732729	0.003785913752415849	FALSE
M1	VIT_05s0020g04510	707	463.6017382923202	0.21403589025499548	FALSE
M1	VIT_13s0064g01240	413	546.7926374315024	0.2524435075861045	FALSE
M1	VIT_12s0035g00270	378	559.9359435247003	0.2585115159393815	FALSE
M1	VIT_15s0046g01500	388	555.5273896808551	0.2564761725211704	FALSE
M1	VIT_10s0003g01360	1880	54.09967911440711	0.024976767827519442	FALSE
M1	VIT_17s0000g03690	109	647.2880348025026	0.298840274608727	TRUE
M1	VIT_00s0357g00100	1423	211.51161370203914	0.09765079118284356	FALSE
M1	VIT_00s0698g00010	1445	204.9010059664993	0.09459880238527207	FALSE
M1	VIT_14s0108g00850	415	546.1383571689627	0.25214143913617854	FALSE
M1	VIT_18s0001g08080	852	416.72141151783376	0.19239215674876906	FALSE
M1	VIT_19s0090g01360	1883	53.40023882937675	0.024653849875058517	FALSE
M1	VIT_08s0007g07310	480	528.1010702683263	0.2438139751931331	FALSE
M1	VIT_05s0062g01320	105	648.0045087716946	0.29917105668129945	TRUE
M1	VIT_00s0960g00010	2103	5.536860441676909	0.002556260591725258	FALSE
M1	VIT_08s0040g01820	1342	237.58858493172573	0.10969002074410238	FALSE
M1	VIT_15s0046g01560	986	365.5172327819014	0.16875218503319547	FALSE
M1	VIT_08s0007g08310	1011	357.5168548441782	0.1650585664100546	FALSE
M1	VIT_11s0016g03210	1655	128.48994774927928	0.05932130551674944	FALSE
M1	VIT_17s0000g05110	2056	12.094051055757358	0.005583587745040332	FALSE
M1	VIT_13s0064g00460	1614	143.1155067478657	0.06607364115783274	FALSE
M1	VIT_15s0046g02420	1256	266.20901380152327	0.12290351514382422	FALSE
M1	VIT_06s0061g00550	1612	144.70255358604692	0.06680634976271788	FALSE
M1	VIT_19s0090g01470	584	499.94533796306575	0.230815022143613	FALSE
M1	VIT_19s0014g01350	440	538.1915809317496	0.24847256737384563	FALSE
M1	VIT_19s0015g02680	2074	8.609294351808208	0.003974743468055497	FALSE
M1	VIT_18s0001g08250	513	520.4460354443189	0.2402797947573033	FALSE
M1	VIT_13s0064g01260	1516	180.22090779402478	0.0832044818993651	FALSE
M1	VIT_05s0020g04110	1982	25.917378226751435	0.011965548581141013	FALSE
M1	VIT_13s0019g02330	180	622.9279618187511	0.28759370351742897	TRUE
M1	VIT_19s0027g00200	318	581.4702189340194	0.268453471345346	FALSE
M1	VIT_10s0116g01780	108	647.5439568752076	0.29895842884358614	TRUE
M1	VIT_05s0136g00260	1953	32.80143350028807	0.01514378277944971	FALSE
M1	VIT_19s0015g02590	1873	56.3272409639475	0.026005189734047786	FALSE
M1	VIT_01s0011g02710	249	601.5405236752117	0.27771954001625654	FALSE
M1	VIT_08s0007g06450	685	471.1217602027222	0.2175077378590592	FALSE
M1	VIT_04s0008g05220	563	507.9384816590281	0.23450530085827706	FALSE
M1	VIT_09s0002g04020	393	552.7911498083229	0.25521290388195883	FALSE
M1	VIT_18s0001g14360	342	572.135542711277	0.26414383320003554	FALSE
M1	VIT_01s0010g02460	1802	83.39817394829525	0.03850331207215847	FALSE
M1	VIT_05s0077g01070	746	451.21844436256	0.20831876471032318	FALSE
M1	VIT_06s0004g00440	1209	283.196388388471	0.1307462550269949	FALSE
M1	VIT_06s0004g02380	1015	357.2696920687109	0.16494445617207337	FALSE
M1	VIT_14s0066g00560	384	557.789286976059	0.2575204464340069	FALSE
M1	VIT_02s0025g04300	1800	83.88927948329493	0.038730045929499045	FALSE
M1	VIT_08s0007g06040	1650	130.19087830343398	0.060106592014512454	FALSE
M1	VIT_04s0023g03130	1654	128.827400406417	0.059477100833987544	FALSE
M1	VIT_01s0011g05170	516	520.0180874329799	0.24008221949814398	FALSE
M1	VIT_06s0004g02560	2041	15.186894287577845	0.0070114932075613316	FALSE
M1	VIT_15s0021g00940	839	420.1474893741029	0.1939739101450152	FALSE
M1	VIT_18s0072g00640	1877	55.31888879780618	0.025539653184582723	FALSE
M1	VIT_02s0241g00030	2148	0.4825696386169864	0.00022279300028485059	FALSE
M1	VIT_11s0016g05530	1779	89.750161506016	0.04143590097230655	FALSE
M1	VIT_08s0007g04780	1799	84.21617164633588	0.0388809656723619	FALSE
M1	VIT_10s0116g00570	633	484.4470049825365	0.22365974375925046	FALSE
M1	VIT_00s0260g00080	1099	319.4008837113293	0.14746116514835148	FALSE
M1	VIT_11s0118g00200	1601	149.31143546010065	0.06893418072950169	FALSE
M1	VIT_08s0007g01350	739	452.7209162948304	0.20901242672891523	FALSE
M1	VIT_02s0025g04310	1816	81.1454344991092	0.03746326615840683	FALSE
M1	VIT_14s0006g02000	2032	17.54257769027652	0.008099066339001164	FALSE
M1	VIT_07s0031g02200	1046	344.36895407725467	0.15898843678543614	FALSE
M1	VIT_05s0049g00510	1397	219.37387130147803	0.1012806423367858	FALSE
M1	VIT_14s0081g00030	1781	89.57155472003058	0.04135344169899842	FALSE
M1	VIT_08s0058g01210	1751	96.89107931409235	0.04473272359838059	FALSE
M1	VIT_16s0050g00080	538	513.5109632084664	0.23707800702145262	FALSE
M1	VIT_13s0067g02930	1879	54.2998148073168	0.025069166577708586	FALSE
M1	VIT_18s0001g05040	311	583.8577494273474	0.2695557476580551	FALSE
M1	VIT_03s0038g03430	1680	119.07113453512513	0.054972822961738284	FALSE
M1	VIT_06s0004g05680	583	500.85762759195586	0.23123620849120768	FALSE
M1	VIT_05s0020g03180	52	667.5749735116398	0.3082063589619759	TRUE
M1	VIT_09s0002g05150	1559	169.3641726416858	0.07819213880040896	FALSE
M1	VIT_07s0031g00920	554	510.3365835311201	0.23561245777060022	FALSE
M1	VIT_03s0038g00450	432	541.2382845256304	0.24987917106446464	FALSE
M1	VIT_01s0011g03680	1295	253.29730180951722	0.1169424292749387	FALSE
M1	VIT_03s0017g01210	1733	103.04338299188738	0.04757312234159159	FALSE
M1	VIT_01s0146g00260	1017	356.58256234905394	0.1646272217677996	FALSE
M1	VIT_18s0001g06070	1219	280.13296339157716	0.1293319313903865	FALSE
M1	VIT_15s0046g03780	2109	4.625487989652781	0.002135497686820305	FALSE
M1	VIT_04s0008g06570	1387	222.34612323122911	0.10265287314461179	FALSE
M1	VIT_01s0011g00830	943	382.89807426333005	0.17677658091566484	FALSE
M1	VIT_07s0031g02630	963	375.20308252876197	0.17322395315270636	FALSE
M1	VIT_04s0008g01210	1718	106.48916196153033	0.049163971358047245	FALSE
M1	VIT_19s0085g00880	292	588.5612928423965	0.27172728201403346	FALSE
M1	VIT_06s0009g02020	333	576.2245206773819	0.2660316346617645	FALSE
M1	VIT_00s0533g00050	836	421.367246457136	0.19453704822582454	FALSE
M1	VIT_07s0031g00540	560	509.396481309877	0.2351784308909866	FALSE
M1	VIT_17s0000g09190	1163	297.3009711617367	0.13725806609498462	FALSE
M1	VIT_06s0004g05330	212	610.8663840687478	0.28202510806498055	TRUE
M1	VIT_06s0004g04640	289	589.2496460138716	0.27204508126217525	FALSE
M1	VIT_14s0060g00900	1823	76.16600126305842	0.03516435884721072	FALSE
M1	VIT_18s0001g15410	1685	115.58067398982652	0.05336134533232988	FALSE
M1	VIT_18s0001g08090	434	540.4739636953709	0.24952629902833376	FALSE
M1	VIT_07s0005g04600	262	596.404737996424	0.27534844782845064	FALSE
M1	VIT_02s0012g00040	2100	6.064375790963025	0.0027998041509524584	FALSE
M1	VIT_14s0030g02180	397	551.629602606675	0.2546766401692867	FALSE
M1	VIT_19s0014g03190	546	511.9582080495377	0.2363611302167764	FALSE
M1	VIT_16s0050g02240	103	648.7357800710835	0.29950867039292867	TRUE
M1	VIT_12s0028g01080	95	650.775069605454	0.3004501706396371	TRUE
M1	VIT_12s0057g00190	2108	4.633563078313608	0.00213922579792872	FALSE
M1	VIT_02s0012g00500	975	370.6162142118723	0.17110628541637687	FALSE
M1	VIT_00s0207g00210	159	629.9268471982435	0.29082495253843194	TRUE
M1	VIT_04s0044g00020	1980	26.688653872589843	0.012321631520124582	FALSE
M1	VIT_14s0060g01490	1297	253.15042378809753	0.11687461855406164	FALSE
M1	VIT_07s0141g00570	433	540.5123239990338	0.24954400923316428	FALSE
M1	VIT_07s0005g00170	1518	179.48054376469494	0.08286267025147505	FALSE
M1	VIT_12s0057g00630	416	546.11408705886	0.2521302340991967	FALSE
M1	VIT_15s0046g03570	111	646.6644705820052	0.29855238715697374	TRUE
M1	VIT_11s0016g05770	1353	233.73239909016092	0.10790969487080375	FALSE
M1	VIT_02s0025g01080	945	381.7457690983864	0.1762445840712772	FALSE
M1	VIT_03s0038g01380	1286	257.2197469603466	0.11875334578040009	FALSE
M1	VIT_18s0001g01490	228	605.2964402912835	0.27945357354168215	FALSE
M1	VIT_17s0000g07850	525	517.6637476295992	0.23899526668033205	FALSE
M1	VIT_14s0068g01870	703	464.2411055047029	0.2143310736402137	FALSE
M1	VIT_18s0001g11930	1240	272.23021317376583	0.12568338558345607	FALSE
M1	VIT_09s0002g04280	1945	34.42005808313933	0.015891070213822404	FALSE
M1	VIT_08s0056g01240	1403	216.95648632423521	0.10016458279050564	FALSE
M1	VIT_01s0026g02480	606	491.10094599993187	0.22673173868879587	FALSE
M1	VIT_09s0002g02430	1710	109.2682651312606	0.05044702914647304	FALSE
M1	VIT_19s0014g03290	1443	205.20056204854885	0.09473710159212781	FALSE
M1	VIT_12s0059g00570	1044	345.2421674105531	0.15939158236867643	FALSE
M1	VIT_16s0100g00270	1858	62.898941619204244	0.029039215890676012	FALSE
M1	VIT_07s0141g00520	1057	338.9572092169032	0.15648993961999225	FALSE
M1	VIT_17s0000g05070	823	427.4728542679719	0.19735588839703228	FALSE
M1	VIT_09s0002g05710	711	462.8885649434503	0.21370663201452	FALSE
M1	VIT_14s0219g00110	411	547.1446053521012	0.2526060043176829	FALSE
M1	VIT_16s0022g00670	62	662.3377842924436	0.3057884507352002	TRUE
M1	VIT_00s0802g00010	689	470.10187483198115	0.21703687665373092	FALSE
M1	VIT_15s0021g02700	1348	235.68175303520448	0.10880967360812764	FALSE
M1	VIT_08s0007g00840	390	553.4460919447868	0.2555152779061804	FALSE
M1	VIT_09s0002g04320	215	610.6004687799388	0.2819023401569431	TRUE
M1	VIT_13s0064g00890	838	420.41662952754115	0.19409816691022214	FALSE
M1	VIT_09s0002g05250	556	510.0745439614278	0.2354914792065687	FALSE
M1	VIT_12s0059g01240	928	387.42788825361197	0.1788679077809843	FALSE
M1	VIT_19s0015g02730	1618	142.61997760201126	0.06584486500554536	FALSE
M1	VIT_08s0007g01630	687	470.74967452967195	0.21733595315312648	FALSE
M1	VIT_00s1306g00020	956	378.08601398412725	0.17455494643773187	FALSE
M1	VIT_13s0064g00670	221	608.8355912818585	0.2810875306010427	FALSE
M1	VIT_19s0093g00160	1917	42.538882197083524	0.019639373128847424	FALSE
M1	VIT_17s0000g01080	1405	215.83183495310973	0.09964535316394725	FALSE
M1	VIT_11s0052g01700	990	364.1204334298142	0.16810730998606382	FALSE
M1	VIT_08s0040g01950	1541	172.82838906220445	0.07979150002871858	FALSE
M1	VIT_11s0016g05840	88	652.2784220192409	0.301144239159391	TRUE
M1	VIT_04s0008g01380	1668	123.78835472149102	0.057150671616570184	FALSE
M1	VIT_14s0083g01140	1830	73.06765953268396	0.03373391483503415	FALSE
M1	VIT_16s0098g01290	455	533.740837598007	0.24641774589012327	FALSE
M1	VIT_00s0204g00170	1676	120.63685840473815	0.055695687167469136	FALSE
M1	VIT_18s0001g00760	146	633.9638483396369	0.29268875731285177	TRUE
M1	VIT_06s0004g05180	282	591.6956549727064	0.27317435594307776	FALSE
M1	VIT_02s0025g04660	1505	186.5990435981333	0.08614914293542628	FALSE
M1	VIT_13s0019g03170	1833	71.1767860690636	0.032860935396612924	FALSE
M1	VIT_11s0016g00590	1639	136.95639165976166	0.06323009771918821	FALSE
M1	VIT_16s0100g00290	1448	204.48364234873947	0.09440611373441342	FALSE
M1	VIT_05s0020g03860	1072	331.8021042552711	0.15318656706152867	FALSE
M1	VIT_12s0059g02360	1197	286.396550516317	0.13222370753292567	FALSE
M1	VIT_14s0081g00010	897	396.27517452980806	0.18295252748375257	FALSE
M1	VIT_10s0071g01060	1628	139.79593632055946	0.06454106016646328	FALSE
M1	VIT_03s0038g03570	1812	81.69737336287682	0.03771808557842882	FALSE
M1	VIT_12s0034g01970	422	544.1599911985098	0.2512280661119621	FALSE
M1	VIT_18s0001g02740	770	443.101185242812	0.20457118432262789	FALSE
M1	VIT_01s0011g01170	1845	67.15547636861494	0.031004375054762206	FALSE
M1	VIT_13s0019g03000	2070	8.792899299001032	0.004059510295014327	FALSE
M1	VIT_01s0127g00540	740	452.61786412920753	0.20896484955180403	FALSE
M1	VIT_11s0052g00970	1161	299.7781299889873	0.13840172206324436	FALSE
M1	VIT_19s0014g03850	505	521.968326108938	0.24098260669849397	FALSE
M1	VIT_02s0025g01450	1222	278.848760793	0.1287390400706371	FALSE
M1	VIT_19s0090g00960	1728	104.30156461083985	0.04815400028201286	FALSE
M1	VIT_11s0016g04190	1192	287.1589185622868	0.13257567800659592	FALSE
M1	VIT_03s0017g01460	1667	124.62776451245591	0.0575382107629067	FALSE
M1	VIT_17s0000g08070	1600	149.60740559039303	0.06907082437229595	FALSE
M1	VIT_09s0002g01750	1140	306.5143828287206	0.14151171875748875	FALSE
M1	VIT_03s0038g02510	624	487.3483344307244	0.2249992310391156	FALSE
M1	VIT_08s0040g00390	635	484.28467219028437	0.2235847978717841	FALSE
M1	VIT_00s0225g00010	868	410.88594463490824	0.18969803538084407	FALSE
M1	VIT_04s0008g05770	58	665.3042465569212	0.30715800856736897	TRUE
M1	VIT_06s0004g02650	323	579.959162636387	0.26775584609251474	FALSE
M1	VIT_12s0028g02180	157	630.2362996584762	0.2909678207102845	TRUE
M1	VIT_07s0141g00600	328	578.3035516815112	0.2669914827707808	FALSE
M1	VIT_13s0019g02930	2077	8.305307847344613	0.003834398821488741	FALSE
M1	VIT_19s0014g02390	1208	283.57205889599356	0.13091969478116047	FALSE
M1	VIT_08s0007g07330	1891	49.8680345777725	0.023023099989737995	FALSE
M1	VIT_08s0007g00780	542	512.4849647470586	0.23660432352126437	FALSE
M1	VIT_18s0001g13030	771	442.96535195129655	0.20450847273836406	FALSE
M1	VIT_06s0004g04700	981	366.874796118769	0.1693789455765323	FALSE
M1	VIT_00s1566g00010	2044	14.64095862483759	0.006759445348493809	FALSE
M1	VIT_09s0002g02120	804	432.0916733002312	0.19948830715615476	FALSE
M1	VIT_11s0052g01250	82	656.167919537184	0.3029399443846648	TRUE
M1	VIT_01s0011g00060	367	563.6587464892261	0.2602302615370388	FALSE
M1	VIT_01s0011g00610	391	553.4321521649712	0.2555088421814271	FALSE
M1	VIT_18s0001g08420	1131	308.5404528282095	0.14244711580249744	FALSE
M1	VIT_09s0002g06420	1243	271.9385702973894	0.12554873974948724	FALSE
M1	VIT_15s0046g03520	459	533.1347615552561	0.24613793238931492	FALSE
M1	VIT_05s0049g00550	2057	11.666037189414528	0.005385982081908831	FALSE
M1	VIT_16s0050g01990	590	496.62530853322494	0.22928222923971603	FALSE
M1	VIT_13s0019g04300	303	585.4917824324511	0.27031014886078075	FALSE
M1	VIT_01s0011g01050	121	643.6970384355748	0.2971823815492035	TRUE
M1	VIT_01s0011g01160	1759	95.2795437793606	0.043988709039409324	FALSE
M1	VIT_06s0004g04180	1919	41.17241737402127	0.01900850294276144	FALSE
M1	VIT_04s0079g00690	1124	309.88266933182	0.1430667910119206	FALSE
M1	VIT_13s0067g01450	381	558.5317745232277	0.25786323846871084	FALSE
M1	VIT_05s0020g02690	200	614.2846306056593	0.2836032458936562	TRUE
M1	VIT_07s0005g00010	1283	259.3846973156215	0.11975286117988065	FALSE
M1	VIT_01s0026g01950	1	731.3678057890769	0.33765826675395977	TRUE
M1	VIT_00s0904g00010	55	666.3736826315653	0.30765174636729703	TRUE
M1	VIT_07s0104g00420	776	441.50536209818165	0.20383442386804324	FALSE
M1	VIT_06s0004g00960	346	570.4886071507282	0.26338347513884036	FALSE
M1	VIT_04s0044g01230	872	408.7377080238789	0.18870623639144918	FALSE
M1	VIT_17s0000g00010	1900	47.51674292888736	0.021937554445469694	FALSE
M1	VIT_02s0025g02500	1651	130.16485567198268	0.06009457787256818	FALSE
M1	VIT_01s0011g02720	325	579.5427910429755	0.26756361543997026	FALSE
M1	VIT_01s0011g04210	238	603.6942502787374	0.27871387362822597	FALSE
M1	VIT_13s0019g03350	407	548.1321699495352	0.2530619436516783	FALSE
M1	VIT_06s0004g02850	295	588.2157944340075	0.2715677721301974	FALSE
M1	VIT_09s0002g07110	489	525.9898824284091	0.24283928089954254	FALSE
M1	VIT_08s0032g00910	1066	335.8160350560692	0.15503972070917324	FALSE
M1	VIT_03s0038g00440	188	620.3397567156105	0.28639877964709626	TRUE
M1	VIT_10s0116g00500	754	449.8414633535322	0.2076830394060629	FALSE
M1	VIT_01s0146g00070	1420	212.1638203719787	0.09795190229546569	FALSE
M1	VIT_02s0012g02220	588	497.4724901156275	0.22967335647074216	FALSE
M1	VIT_11s0016g04790	2024	18.404126106068983	0.00849682645709556	FALSE
M1	VIT_14s0108g01320	634	484.3983798938858	0.22363729450317904	FALSE
M1	VIT_01s0127g00560	886	403.0538913261026	0.18608212895941947	FALSE
M1	VIT_01s0127g00680	652	481.1446582824891	0.22213511462718796	FALSE
M1	VIT_01s0150g00210	1260	264.69386097704063	0.12220399860435856	FALSE
M1	VIT_04s0044g01850	468	531.480127435866	0.2453740200534931	FALSE
M1	VIT_14s0068g00680	68	660.9876793071816	0.3051651335674892	TRUE
M1	VIT_08s0040g00540	1686	115.37072986904482	0.05326441822208902	FALSE
M1	VIT_15s0024g00040	92	651.2697683746834	0.30067856342321486	TRUE
M1	VIT_06s0004g05310	491	525.7850978667491	0.24274473585722486	FALSE
M1	VIT_11s0037g00130	332	577.1477932255444	0.26645789160920796	FALSE
M1	VIT_13s0019g04390	1623	142.0814703190579	0.06559624668469893	FALSE
M1	VIT_18s0041g00390	1592	153.05916825986398	0.07066443594638226	FALSE
M1	VIT_00s0125g00280	57	665.5144327344212	0.3072550474304807	TRUE
M1	VIT_08s0007g07120	1738	100.55217343397369	0.04642297942473393	FALSE
M1	VIT_02s0025g00230	461	532.6863865503755	0.24593092638521488	FALSE
M1	VIT_19s0014g01800	671	475.41779735165113	0.21949113451138094	FALSE
M1	VIT_16s0098g00560	636	484.00070413488805	0.22345369535313392	FALSE
M1	VIT_02s0025g02770	946	381.33139053336555	0.17605327356111058	FALSE
M1	VIT_14s0006g01580	1735	101.4111420719403	0.04681954850966773	FALSE
M1	VIT_19s0015g02500	1476	196.21685501972848	0.09058949908574722	FALSE
M1	VIT_14s0068g00920	1990	25.16418702497932	0.011617814877645115	FALSE
M1	VIT_00s1306g00010	1252	267.8598296871161	0.12366566467549218	FALSE
M1	VIT_01s0026g00740	425	543.5383167541753	0.25094105113304493	FALSE
M1	VIT_02s0025g04880	2013	20.099746409818305	0.009279661315705588	FALSE
M1	VIT_00s0203g00150	979	367.36832902464437	0.16960680010371393	FALSE
M1	VIT_00s0404g00030	2153	0.2905967292714388	0.00013416284823242788	FALSE
M1	VIT_03s0038g03130	1613	144.27425773856038	0.06660861391438613	FALSE
M1	VIT_14s0068g01760	1012	357.41593354752564	0.1650119730136314	FALSE
M1	VIT_14s0108g00830	1839	69.65439777779096	0.032158078383098324	FALSE
M1	VIT_01s0011g03670	869	410.4704211332703	0.18950619627574805	FALSE
M1	VIT_06s0004g08150	2018	19.439351151258382	0.008974769691255024	FALSE
M1	VIT_18s0001g13020	625	486.72452872924185	0.22471123210029634	FALSE
M1	VIT_12s0035g00380	2072	8.670269017364875	0.004002894283178612	FALSE
M1	VIT_05s0094g00330	1500	187.7743617719449	0.0866917644376477	FALSE
M1	VIT_06s0004g03690	164	628.7851638445982	0.2902978595773768	TRUE
M1	VIT_00s0375g00010	1908	45.47954837319095	0.020997021409598776	FALSE
M1	VIT_16s0013g00390	1400	217.7725499882163	0.1005413434848644	FALSE
M1	VIT_08s0007g03110	1323	241.41002010403554	0.11145430291045039	FALSE
M1	VIT_17s0000g02140	1838	70.2293478298964	0.032423521620450785	FALSE
M1	VIT_19s0015g01760	755	449.5245728796657	0.20753673724822977	FALSE
M1	VIT_08s0007g05000	1626	140.75133838468585	0.06498215068545053	FALSE
M1	VIT_06s0080g01090	2006	20.81986030974407	0.00961212387338138	FALSE
M1	VIT_02s0025g04130	1602	147.27585447833548	0.06799439264927769	FALSE
M1	VIT_14s0066g01600	1580	159.49690599547162	0.07363661403299705	FALSE
M1	VIT_05s0102g00120	1006	359.89227326474753	0.16615525081474955	FALSE
M1	VIT_03s0038g02090	811	430.4316700615503	0.19872191600256245	FALSE
M1	VIT_04s0023g03510	273	593.3218468460661	0.27392513704804533	FALSE
M1	VIT_13s0019g02320	1964	30.681385715851498	0.014164998022092104	FALSE
M1	VIT_06s0004g05430	807	431.443238968943	0.19918893765879178	FALSE
M1	VIT_10s0523g00020	1354	232.93753575728593	0.10754272195627236	FALSE
M1	VIT_06s0061g00440	352	567.7271876555707	0.2621085815584352	FALSE
M1	VIT_10s0071g00890	1681	118.85004551067304	0.054870750466608054	FALSE
M1	VIT_09s0002g04330	395	552.2222610633474	0.25495025903201635	FALSE
M1	VIT_00s0259g00070	1824	76.12678968324286	0.035146255624765865	FALSE
M1	VIT_18s0001g08910	1652	129.49748096542072	0.05978646397295509	FALSE
M1	VIT_17s0000g07640	526	517.6124099988479	0.23897156509642098	FALSE
M1	VIT_17s0000g07840	156	630.6250136283996	0.2911472823769158	TRUE
M1	VIT_05s0020g04570	1972	28.62024881011884	0.01321341126967629	FALSE
M1	VIT_12s0035g00340	1864	60.45682540494331	0.02791173841410125	FALSE
M1	VIT_14s0066g00700	1983	25.85997179853974	0.011939045151680396	FALSE
M1	VIT_08s0007g07690	1205	283.9675720979767	0.13110229552076486	FALSE
M1	VIT_07s0005g06160	1427	210.05186666008268	0.09697685441370392	FALSE
M1	VIT_04s0023g03010	441	538.019973916596	0.24839333975835456	FALSE
M1	VIT_00s1194g00020	1341	237.83889405407265	0.10980558358913789	FALSE
M1	VIT_19s0090g01490	962	375.43332806729995	0.17333025303199442	FALSE
M1	VIT_04s0008g01520	2117	3.810079441644124	0.0017590394467424395	FALSE
M1	VIT_18s0001g07840	1664	125.95028361684399	0.058148792066871645	FALSE
M1	VIT_18s0001g09140	324	579.832693866248	0.26769745792532224	FALSE
M1	VIT_16s0098g01150	750	450.5356088952263	0.2080035128786825	FALSE
M1	VIT_04s0044g01410	15	694.6098711674762	0.32068784449098625	TRUE
M1	VIT_16s0050g00380	738	453.0435571109729	0.20916138370774373	FALSE
M1	VIT_06s0009g01110	444	536.7177003767191	0.24779210543708177	FALSE
M1	VIT_05s0049g00950	1184	289.719169705478	0.1337576960782447	FALSE
M1	VIT_01s0011g05670	2039	15.360198347786989	0.0070915043156911306	FALSE
M1	VIT_08s0007g02190	265	595.270977559213	0.2748250127235517	FALSE
M1	VIT_06s0004g01640	1593	152.54731892898505	0.07042812508263391	FALSE
M1	VIT_05s0049g01760	1176	293.08882789963053	0.13531340161571123	FALSE
M1	VIT_16s0098g00890	1886	51.38447988286987	0.023723213242322194	FALSE
M1	VIT_08s0007g05210	2088	7.142669642877659	0.0032976314140709417	FALSE
M1	VIT_11s0016g01400	135	637.1542576929309	0.29416170715278434	TRUE
M1	VIT_04s0008g04360	2105	5.425596799681521	0.0025048923359563807	FALSE
M1	VIT_06s0061g01230	715	462.3283929950474	0.21344801153972642	FALSE
M1	VIT_06s0061g00730	173	624.9504195743056	0.2885274328597902	TRUE
M1	VIT_02s0025g01330	1095	322.70028155450245	0.1489844328506475	FALSE
M1	VIT_16s0050g00910	1484	194.86629822079013	0.08996597332446452	FALSE
M1	VIT_19s0015g00670	2107	4.7666298664117095	0.0022006601414643165	FALSE
M1	VIT_05s0094g00350	1647	131.65368535482173	0.060781941530388614	FALSE
M1	VIT_13s0067g03660	970	372.29630728445915	0.17188195165487496	FALSE
M1	VIT_17s0000g07790	786	438.163964988966	0.20229176592288364	FALSE
M1	VIT_10s0003g02890	368	563.5563870011075	0.26018300415563594	FALSE
M1	VIT_14s0108g00450	595	494.69262172473077	0.22838994539461255	FALSE
M1	VIT_06s0004g00880	162	629.5133455163035	0.2906340468680995	TRUE
M1	VIT_03s0091g00430	614	489.3402821348482	0.22591887448515616	FALSE
M1	VIT_14s0171g00400	1153	302.8457221366475	0.13981796959217335	FALSE
M1	VIT_18s0001g09360	313	583.641498689996	0.26945590890581533	FALSE
M1	VIT_05s0094g01570	284	591.5654509555912	0.27311424328512984	FALSE
M1	VIT_01s0011g04370	158	630.0895656528322	0.2909000764786852	TRUE
M1	VIT_06s0004g03910	954	378.13289189875144	0.17457658905759532	FALSE
M1	VIT_04s0023g00410	134	637.7687852129818	0.2944454225360027	TRUE
M1	VIT_04s0023g02110	510	521.0347876799186	0.24055161019386825	FALSE
M1	VIT_06s0004g05400	1868	58.92192887048926	0.02720310658840686	FALSE
M1	VIT_08s0007g08330	1475	197.16173404667978	0.0910257313234902	FALSE
M1	VIT_06s0004g06170	446	535.5587158153305	0.24725702484548961	FALSE
M1	VIT_02s0025g04340	1798	85.01220084460866	0.03924847684423299	FALSE
M1	VIT_00s0304g00070	917	391.1672978991287	0.18059432035970854	FALSE
M1	VIT_16s0039g00990	500	523.046895833146	0.24148056132647552	FALSE
M1	VIT_00s0616g00020	258	597.1944088821363	0.27571302349129095	FALSE
M1	VIT_18s0001g13230	213	610.8393779435943	0.2820126398631553	TRUE
M1	VIT_03s0063g00340	2046	14.459181877273101	0.006675522565684719	FALSE
M1	VIT_02s0025g04850	1795	85.24539983315667	0.03935614027384888	FALSE
M1	VIT_12s0028g00320	1189	287.56559510332596	0.13276343264234808	FALSE
M1	VIT_07s0005g04920	519	519.2320265917929	0.2397193105225267	FALSE
M1	VIT_12s0028g03860	485	526.5534675944433	0.24309947719041705	FALSE
M1	VIT_04s0023g01150	211	611.1060522420233	0.2821357581911465	TRUE
M1	VIT_07s0005g02410	54	667.3892097212512	0.30812059543917414	TRUE
M1	VIT_11s0016g05830	39	674.0078886557701	0.31117631055206374	TRUE
M1	VIT_01s0127g00470	987	364.99668457318916	0.168511858067031	FALSE
M1	VIT_03s0038g00670	197	615.2251465347398	0.2840374637741181	TRUE
M1	VIT_12s0028g03010	1829	73.12598971413581	0.03376084474336834	FALSE
M1	VIT_08s0040g03150	960	376.76223784954874	0.17394378478741862	FALSE
M1	VIT_02s0025g01380	1856	64.1953639770504	0.029637748835203325	FALSE
M1	VIT_02s0025g04860	1761	93.77810789708856	0.043295525344916236	FALSE
M1	VIT_12s0059g01050	994	362.05592650473784	0.1671541673613748	FALSE
M1	VIT_12s0057g01310	604	491.7404136179969	0.22702696842936146	FALSE
M1	VIT_10s0003g03250	1546	171.33668936819248	0.0791028113426558	FALSE
M1	VIT_18s0001g11630	1489	193.31409044537588	0.08924934923609228	FALSE
M1	VIT_03s0091g00420	683	471.4523090824608	0.21766034583677782	FALSE
M1	VIT_18s0001g11970	126	641.5082114686547	0.29617184278331243	TRUE
M1	VIT_12s0028g01390	1313	245.70798586517412	0.11343858996545435	FALSE
M1	VIT_06s0004g05770	451	534.6598404602106	0.24684203160674542	FALSE
M1	VIT_07s0104g01800	565	506.899853445991	0.23402578644782596	FALSE
M1	VIT_14s0083g01110	1191	287.193502547456	0.1325916447587516	FALSE
M1	VIT_08s0040g00980	837	421.08249910561915	0.19440558592133847	FALSE
M1	VIT_08s0007g05540	206	612.9725201476422	0.2829974700589299	TRUE
M1	VIT_01s0011g05180	1401	217.73614230935993	0.10052453476886423	FALSE
M1	VIT_18s0089g01170	274	593.1949714084129	0.27386656113038454	FALSE
M1	VIT_00s2188g00010	1134	307.9588482173221	0.1421786002850056	FALSE
M1	VIT_01s0011g05190	31	675.9887425203028	0.3120908321885055	TRUE
M1	VIT_03s0088g01250	824	426.81325107468615	0.19705136245368704	FALSE
M1	VIT_13s0084g00090	1616	143.01818290548263	0.06602870863595689	FALSE
M1	VIT_08s0007g06170	312	583.6982769649578	0.26948212232915875	FALSE
M1	VIT_05s0020g00440	363	564.2690888036256	0.2605120446923479	FALSE
M1	VIT_08s0058g00440	1142	306.33330331797157	0.14142811787533313	FALSE
M1	VIT_18s0001g11370	190	619.2019293361311	0.28587346691418797	TRUE
M1	VIT_00s0323g00060	2005	21.269292016508427	0.009819617736153474	FALSE
M1	VIT_01s0026g01050	1009	358.32633354901	0.16543228695706833	FALSE
M1	VIT_01s0137g00430	1048	343.9025001014309	0.15877308407268279	FALSE
M1	VIT_11s0016g05780	1419	213.03371510451768	0.09835351574539136	FALSE
M1	VIT_11s0118g00560	309	584.2016676507343	0.2697145280012624	FALSE
M1	VIT_14s0083g00400	933	385.84550003250246	0.1781373499688377	FALSE
M1	VIT_12s0057g01020	182	622.6921947874345	0.2874848544724998	TRUE
M1	VIT_01s0011g06290	1050	343.20695539005897	0.1584519646306828	FALSE
M1	VIT_16s0013g02160	688	470.5350937904269	0.21723688540647595	FALSE
M1	VIT_07s0005g02730	329	578.1902615010699	0.26693917890169433	FALSE
M1	VIT_03s0063g02490	1306	247.25853376265388	0.1141544477205235	FALSE
M1	VIT_16s0022g01430	50	668.3732630936962	0.30857491370900103	TRUE
M1	VIT_02s0012g00550	782	439.29362941782773	0.20281330998052988	FALSE
M1	VIT_00s0304g00010	1970	28.891606461988818	0.013338691810705825	FALSE
M1	VIT_11s0016g05270	260	596.6472078849687	0.27546039145197077	FALSE
M1	VIT_17s0000g06960	927	387.7833268724513	0.179032006866321	FALSE
M1	VIT_01s0010g03620	93	651.1761755685749	0.3006353534480955	TRUE
M1	VIT_09s0002g00810	544	512.1760376813187	0.23646169791381288	FALSE
M1	VIT_07s0141g00020	1826	75.03748803540144	0.03464334627673197	FALSE
M1	VIT_10s0003g04350	129	640.1133700459262	0.2955278716740195	TRUE
M1	VIT_12s0134g00510	196	615.4381975320124	0.2841358252687038	TRUE
M1	VIT_00s0199g00310	1789	87.94673977367405	0.04060329629440169	FALSE
M1	VIT_02s0109g00080	222	608.6921956619287	0.2810213276370862	FALSE
M1	VIT_01s0011g02740	72	659.6393495327096	0.3045426359800137	TRUE
M1	VIT_07s0031g02390	1326	240.36826919556987	0.11097334681235912	FALSE
M1	VIT_01s0244g00170	818	428.152928592911	0.19766986546302448	FALSE
M1	VIT_18s0001g08320	1250	269.8438572603389	0.124581651551403	FALSE
M1	VIT_18s0001g01060	547	511.861266905538	0.2363163743792881	FALSE
M1	VIT_12s0034g01870	801	432.9383267008703	0.19987919053595118	FALSE
M1	VIT_12s0028g02440	1202	285.3109499767362	0.13172250691446732	FALSE
M1	VIT_18s0089g00410	1531	176.14751114952176	0.08132387403025013	FALSE
M1	VIT_08s0007g02470	119	644.9047107511306	0.29773994032831513	TRUE
M1	VIT_14s0060g01980	1028	350.3110206745388	0.16173177316460702	FALSE
M1	VIT_00s2207g00010	995	361.9640432815856	0.1671117466673987	FALSE
M1	VIT_18s0072g01010	475	529.3477370801811	0.24438953697145943	FALSE
M1	VIT_02s0154g00090	888	402.185672326196	0.18568128916260204	FALSE
M1	VIT_02s0154g00320	884	403.12744175735867	0.1861160857605534	FALSE
M1	VIT_07s0031g02560	470	531.4436496717541	0.2453571789804959	FALSE
M1	VIT_14s0066g02250	460	532.9752031901928	0.2460642674008277	FALSE
M1	VIT_05s0062g00980	1345	236.58811429630848	0.1092281229438174	FALSE
M1	VIT_00s2086g00010	602	492.40504414371316	0.22733381539414274	FALSE
M1	VIT_16s0013g00440	1792	86.2873897248517	0.039837206705841045	FALSE
M1	VIT_03s0091g00690	2110	4.4697006669418595	0.0020635737151162787	FALSE
M1	VIT_16s0039g02550	288	589.7868041824361	0.27229307672319303	FALSE
M1	VIT_05s0049g01480	144	634.1050396091231	0.2927539425711556	TRUE
M1	VIT_01s0026g01020	1770	91.27685868850827	0.042140747316947495	FALSE
M1	VIT_02s0087g01020	1041	345.6094962503331	0.15956117093736524	FALSE
M1	VIT_08s0105g00590	1452	202.84902484734332	0.09365144268113726	FALSE
M1	VIT_13s0067g02300	1380	224.256620197281	0.10353491237178254	FALSE
M1	VIT_08s0007g04800	506	521.6968992376052	0.24085729420018706	FALSE
M1	VIT_05s0049g02240	1413	214.5076612825143	0.09903400797900014	FALSE
M1	VIT_05s0020g04490	1783	89.37089475490939	0.041260800902543575	FALSE
M1	VIT_09s0002g00330	1722	105.90006635974751	0.04889199739600532	FALSE
M1	VIT_07s0104g00410	23	684.4295470212267	0.3159877871750816	TRUE
M1	VIT_05s0020g02130	518	519.2929867369331	0.23974745463385647	FALSE
M1	VIT_04s0008g05640	429	542.2684686365532	0.2503547869974853	FALSE
M1	VIT_18s0001g13040	613	489.435092190108	0.22596264644049308	FALSE
M1	VIT_14s0030g00410	681	471.69627123996173	0.21777297841180135	FALSE
M1	VIT_14s0066g02640	2000	23.243464532043905	0.010731054723935322	FALSE
M1	VIT_18s0001g03430	1859	62.787484057050634	0.028987758105748215	FALSE
M1	VIT_07s0005g02450	403	549.1742081165465	0.2535430323714435	FALSE
M1	VIT_11s0037g00920	1615	143.06662959801702	0.06605107553001709	FALSE
M1	VIT_17s0000g06210	1082	325.72662027455954	0.15038163447578926	FALSE
M1	VIT_02s0087g00170	347	569.8313737838093	0.2630800432981576	FALSE
M1	VIT_08s0007g00470	1591	154.0194136724288	0.07110776254498098	FALSE
M1	VIT_11s0016g05010	1105	317.1298214161081	0.14641265993356792	FALSE
M1	VIT_18s0001g15000	597	494.03257331071046	0.2280852139015284	FALSE
M1	VIT_09s0018g02110	302	585.5798077141018	0.27035078841832955	FALSE
M1	VIT_14s0060g00820	315	582.6705989892677	0.26900766342994814	FALSE
M1	VIT_06s0004g01160	1128	308.69423464235837	0.14251811386997154	FALSE
M1	VIT_16s0013g00480	1174	294.611006468634	0.13601616180454018	FALSE
M1	VIT_02s0025g04710	43	672.0565499187635	0.31027541547496007	TRUE
M1	VIT_05s0020g01530	742	452.5140718444427	0.20891693067610467	FALSE
M1	VIT_17s0000g06680	155	631.3042209074262	0.29146085914470277	TRUE
M1	VIT_18s0122g00610	427	542.7359327174364	0.25057060605606485	FALSE
M1	VIT_15s0048g01750	18	691.8215524960472	0.319400532084971	TRUE
M1	VIT_04s0008g06150	1709	109.36436708433237	0.05049139754585982	FALSE
M1	VIT_16s0039g01420	1669	122.83337900166782	0.05670977793244129	FALSE
M1	VIT_08s0007g06520	1750	97.02637569196258	0.04479518730007506	FALSE
M1	VIT_17s0000g05650	649	481.3502775006023	0.2222300450141285	FALSE
M1	VIT_03s0088g00290	791	436.78420929315985	0.20165475959979678	FALSE
M1	VIT_08s0007g02360	1992	25.11876710595803	0.011596845385945536	FALSE
M1	VIT_14s0066g01580	1417	213.15382391032722	0.09840896764096363	FALSE
M1	VIT_11s0016g05520	1549	171.11320873360827	0.07899963468772311	FALSE
M1	VIT_02s0025g03540	699	468.12673121172827	0.216124991325821	FALSE
M1	VIT_00s0386g00050	241	603.5098430859616	0.27862873642011154	FALSE
M1	VIT_03s0088g00620	1328	239.7301845044458	0.11067875554221873	FALSE
M1	VIT_14s0068g00510	1786	88.84356147588439	0.041017341401608676	FALSE
M1	VIT_00s0615g00030	291	588.8212111762267	0.27184728124479535	FALSE
M1	VIT_18s0117g00340	1466	199.87525967116264	0.09227851323691719	FALSE
M1	VIT_06s0004g07770	1866	59.95183534921118	0.027678594344049484	FALSE
M1	VIT_00s1328g00020	718	461.47235556306765	0.2130527957354883	FALSE
M1	VIT_02s0025g02410	1424	211.3404535204602	0.0975717698617083	FALSE
M1	VIT_12s0059g02510	1767	92.17022394418635	0.0425531966501322	FALSE
M1	VIT_15s0046g00150	722	460.1883005560595	0.21245997255589083	FALSE
M1	VIT_00s0207g00300	1769	92.02388017497826	0.04248563258309246	FALSE
M1	VIT_10s0003g03790	1696	113.172086563277	0.052249347443802864	FALSE
M1	VIT_10s0116g01760	1507	185.8270874826623	0.08579274583687087	FALSE
M1	VIT_05s0062g01120	1322	242.1443041720326	0.11179330755864848	FALSE
M1	VIT_19s0093g00310	1730	104.11656625472138	0.04806859014530073	FALSE
M1	VIT_06s0061g01380	591	496.11825496339225	0.2290481324854073	FALSE
M1	VIT_06s0004g05380	916	391.2869334935733	0.18064955378281317	FALSE
M1	VIT_18s0089g01270	2038	15.919051443764573	0.007349515902015038	FALSE
M1	VIT_11s0103g00550	829	426.0714753992494	0.1967088990762924	FALSE
M1	VIT_02s0234g00110	1965	30.16666912714845	0.013927363401268905	FALSE
M1	VIT_07s0129g00560	1727	104.51975639797934	0.0482547351791225	FALSE
M1	VIT_04s0008g01730	150	633.5785156852879	0.2925108567337433	TRUE
M1	VIT_14s0081g00060	41	673.669731253393	0.31102018986767915	TRUE
M1	VIT_08s0058g00410	1682	118.54463898337013	0.05472975022316257	FALSE
M1	VIT_07s0031g00350	1585	157.13127602565075	0.07254444876530505	FALSE
M1	VIT_14s0066g00250	1206	283.734551282671	0.13099471435026364	FALSE
M1	VIT_09s0018g00240	1882	53.45756991005932	0.024680318518032925	FALSE
M1	VIT_00s1491g00020	1948	33.6896268702026	0.015553844353740813	FALSE
M1	VIT_06s0004g05230	69	660.9047136121952	0.3051268299225278	TRUE
M1	VIT_10s0003g01280	575	504.6696630714651	0.23299615100252313	FALSE
M1	VIT_00s0333g00040	2081	7.784163667956511	0.003593796707274474	FALSE
M1	VIT_14s0068g01490	1870	57.92576333559849	0.026743196369159044	FALSE
M1	VIT_05s0020g03970	1688	115.0612174756111	0.0531215223802452	FALSE
M1	VIT_09s0002g04360	21	687.6790190091016	0.3174880050826877	TRUE
M1	VIT_17s0000g04850	632	484.80689675249755	0.2238258987776997	FALSE
M1	VIT_14s0083g00760	2141	1.0118298871189761	0.00046714214548429186	FALSE
M1	VIT_18s0001g00290	152	633.0500710981734	0.29226688416351493	TRUE
M1	VIT_07s0031g00650	176	624.3734391539687	0.28826105224098275	TRUE
M1	VIT_05s0094g01590	980	366.89392083585113	0.16938777508580385	FALSE
M1	VIT_13s0019g04140	508	521.244739309712	0.24064854077087353	FALSE
M1	VIT_18s0001g09910	1267	262.91945253046083	0.1213847887952266	FALSE
M1	VIT_09s0002g08090	147	633.9027286193725	0.29266053952879617	TRUE
M1	VIT_04s0023g03230	1772	91.01199129324333	0.042018463200943365	FALSE
M1	VIT_05s0020g02210	269	594.6854728155515	0.274554696590744	FALSE
M1	VIT_04s0043g00160	1915	43.10597986071013	0.01990119107142665	FALSE
M1	VIT_01s0011g00600	528	517.005809508824	0.23869150946852447	FALSE
M1	VIT_04s0023g02480	1535	175.01139150751476	0.0807993497264611	FALSE
M1	VIT_01s0137g00210	73	659.6300839751406	0.3045383582526041	TRUE
M1	VIT_14s0060g02300	1470	199.58049554008142	0.09214242638046233	FALSE
M1	VIT_05s0094g00300	1349	235.5656251524566	0.10875605962717294	FALSE
M1	VIT_11s0016g05290	848	417.9537694947262	0.1929611124167711	FALSE
M1	VIT_08s0032g00470	1007	359.4996055714023	0.16597396379104445	FALSE
M1	VIT_01s0150g00280	1506	185.92642818533798	0.08583860950384949	FALSE
M1	VIT_07s0197g00060	1211	282.7091470579646	0.13052130519758293	FALSE
M1	VIT_16s0098g01900	276	592.9936800042383	0.273773628810821	FALSE
M1	VIT_05s0062g01190	1239	272.2443728694071	0.12568992283906144	FALSE
M1	VIT_08s0058g00740	1125	309.8566069107489	0.14305475849988408	FALSE
M1	VIT_07s0005g02070	1765	93.06700944826258	0.04296722504536592	FALSE
M1	VIT_16s0115g00340	752	450.2289683346278	0.20786194290610702	FALSE
M1	VIT_16s0039g01410	1940	35.357342837463506	0.016323796323852034	FALSE
M1	VIT_17s0000g04490	141	634.8521694413364	0.29309887785841937	TRUE
M1	VIT_18s0001g12340	777	440.40441263676723	0.20332613695141608	FALSE
M1	VIT_14s0171g00100	1363	229.78284013926623	0.10608626045210814	FALSE
M1	VIT_07s0005g01320	1905	45.81337206519929	0.02115114130433947	FALSE
M1	VIT_17s0000g03200	1270	262.69825168075675	0.12128266467255622	FALSE
M1	VIT_14s0108g01420	26	680.1087286829231	0.31399294953043544	TRUE
M1	VIT_00s0429g00040	1860	61.4592730729841	0.028374548971830147	FALSE
M1	VIT_09s0002g00150	193	616.9710534535963	0.2848435149831931	TRUE
M1	VIT_13s0074g00470	549	511.4292890638959	0.23611693862599073	FALSE
M1	VIT_04s0008g04060	977	369.709920821657	0.1706878674153541	FALSE
M1	VIT_01s0026g00960	576	504.5763321277033	0.23295306192414741	FALSE
M1	VIT_17s0000g09370	369	562.9966437281129	0.25992458159192655	FALSE
M1	VIT_05s0020g01820	1630	137.8763310321805	0.0636548158043308	FALSE
M1	VIT_01s0011g04160	1089	324.28975447673	0.14971826153126963	FALSE
M1	VIT_10s0003g01310	827	426.18368399748977	0.1967607035999491	FALSE
M1	VIT_01s0011g04300	1145	305.5385998564152	0.1410612187702748	FALSE
M1	VIT_02s0025g04280	1957	32.05560100352424	0.014799446446687091	FALSE
M1	VIT_13s0064g00440	700	465.50268228845243	0.21491351906207407	FALSE
M1	VIT_18s0001g13970	706	463.70691887895345	0.2140844500826193	FALSE
M1	VIT_13s0064g01100	2126	2.6861104254983	0.0012401248501838873	FALSE
M1	VIT_05s0020g04880	86	652.9984686973705	0.3014766706820732	TRUE
M1	VIT_04s0008g03950	98	650.6630896081466	0.3003984716565774	TRUE
M1	VIT_16s0013g00450	1822	76.36490920783454	0.03525619077000671	FALSE
M1	VIT_19s0014g03160	569	506.59456599303184	0.23388484117868505	FALSE
M1	VIT_18s0001g15460	1951	33.127726156662796	0.01529442574176491	FALSE
M1	VIT_14s0083g00110	462	532.6024355868852	0.24589216786098117	FALSE
M1	VIT_08s0056g00150	12	700.6041265843887	0.3234552754313891	TRUE
M1	VIT_11s0016g03540	862	413.7253423910616	0.1910089300051069	FALSE
M1	VIT_11s0016g05000	832	424.4470868592132	0.19595895053518614	FALSE
M1	VIT_14s0068g02150	1494	190.36679127069073	0.08788863862912775	FALSE
M1	VIT_19s0093g00510	861	414.0855511903013	0.19117523138979747	FALSE
M1	VIT_09s0002g00570	1702	111.46832500784411	0.05146275392790587	FALSE
M1	VIT_18s0041g00370	1699	111.96982988161646	0.051694288957348324	FALSE
M1	VIT_09s0002g07120	1052	342.73830069761146	0.15823559588994066	FALSE
M1	VIT_04s0023g02690	876	406.51110596003923	0.18767825759927942	FALSE
M1	VIT_05s0062g00250	524	518.7296949663797	0.23948739379795925	FALSE
M1	VIT_06s0004g08380	220	609.0821248755433	0.2812013503580532	FALSE
M1	VIT_10s0003g02900	448	535.4093104400474	0.24718804729457405	FALSE
M1	VIT_08s0040g01200	1389	222.2216885155545	0.10259542406073614	FALSE
M1	VIT_08s0058g01090	1454	202.44548374061037	0.09346513561431688	FALSE
M1	VIT_14s0060g00250	1064	336.86685028145195	0.15552486162578574	FALSE
M1	VIT_08s0007g08540	477	528.7220566124917	0.24410067248960834	FALSE
M1	VIT_02s0025g03590	208	612.0315934682667	0.2825630625430594	TRUE
M1	VIT_01s0011g00590	16	693.766937186066	0.32029867829458264	TRUE
M1	VIT_15s0046g00240	75	659.0730618006606	0.304281191967064	TRUE
M1	VIT_08s0007g00330	1372	225.6531595968021	0.10417966740387909	FALSE
M1	VIT_05s0020g01140	479	528.519910264062	0.24400734545893907	FALSE
M1	VIT_12s0034g01140	1371	225.8193273918497	0.10425638383741907	FALSE
M1	VIT_16s0039g02540	870	410.17759401865385	0.18937100370205626	FALSE
M1	VIT_07s0141g00360	840	419.28365373118226	0.19357509405871756	FALSE
M1	VIT_14s0066g01850	340	572.4892123949784	0.2643071156024831	FALSE
M1	VIT_11s0065g00130	798	434.23941267884084	0.20047987658302902	FALSE
M1	VIT_07s0129g00330	1235	273.20186297927455	0.12613197736808612	FALSE
M1	VIT_03s0063g00120	1645	132.6649497166443	0.06124882258386163	FALSE
M1	VIT_14s0083g00640	509	521.2323748479668	0.2406428323397815	FALSE
M1	VIT_02s0025g00080	139	635.0550194772179	0.2931925297678753	TRUE
M1	VIT_00s2512g00010	2134	1.7296412345077448	0.0007985416595141943	FALSE
M1	VIT_18s0001g09530	70	660.8441153375196	0.30509885287974126	TRUE
M1	VIT_16s0098g00720	1152	303.06026968954825	0.1399170220173353	FALSE
M1	VIT_14s0060g01870	1388	222.27397704596515	0.1026195646564936	FALSE
M1	VIT_01s0010g00510	760	447.5535152287421	0.2066267383327526	FALSE
M1	VIT_04s0023g02130	1526	177.34521872306158	0.08187683228211523	FALSE
M1	VIT_08s0058g00430	1604	146.6410241960902	0.06770130387631126	FALSE
M1	VIT_13s0158g00370	1329	239.55780363674282	0.11059917065408256	FALSE
M1	VIT_14s0060g00230	778	439.8208508965135	0.20305671786542637	FALSE
M1	VIT_03s0038g02790	2129	2.5254028504239208	0.0011659292938245248	FALSE
M1	VIT_11s0016g00120	1087	324.5663052518877	0.1498459396361439	FALSE
M1	VIT_12s0035g00970	83	655.7968944130848	0.3027686493135202	TRUE
M1	VIT_02s0154g00080	5	709.6427903054359	0.32762825037185406	TRUE
M1	VIT_03s0063g02360	541	512.649621247335	0.2366803422194529	FALSE
M1	VIT_13s0019g00900	1375	224.8291438049235	0.10379923536700068	FALSE
M1	VIT_07s0031g00480	1435	207.49996895474357	0.09579869296156213	FALSE
M1	VIT_19s0014g02240	1810	82.23914905568338	0.03796821286042631	FALSE
M1	VIT_09s0002g04120	871	408.8119596738856	0.18874051693161847	FALSE
M1	VIT_07s0104g00740	2147	0.48685575452926694	0.00022477181649550643	FALSE
M1	VIT_14s0108g01020	792	436.781839140344	0.2016536653464192	FALSE
M1	VIT_00s0768g00040	785	438.26049307274195	0.20233633105851428	FALSE
M1	VIT_01s0011g05470	1706	110.01514514573712	0.0507918490977549	FALSE
M1	VIT_05s0029g00140	1723	105.44468228982625	0.04868175544313308	FALSE
M1	VIT_18s0001g02610	1027	350.79494996077244	0.16195519388770657	FALSE
M1	VIT_07s0005g00260	493	524.5617834984129	0.24217995544709736	FALSE
M1	VIT_18s0001g13200	143	634.2919519951612	0.29284023637819073	TRUE
M1	VIT_06s0080g00570	663	479.0685337044039	0.22117660835845054	FALSE
M1	VIT_12s0028g02160	175	624.8614698226806	0.2884863664924657	TRUE
M1	VIT_04s0008g01590	1981	26.51852333046808	0.012243085563466335	FALSE
M1	VIT_05s0049g00390	577	504.330412355925	0.23283952555675208	FALSE
M1	VIT_01s0011g04290	998	361.5290527676947	0.1669109200220197	FALSE
M1	VIT_08s0032g01110	79	657.5169343934037	0.3035627582610359	TRUE
M1	VIT_12s0035g00880	757	448.5572381338624	0.20709013764259576	FALSE
M1	VIT_04s0079g00420	44	670.801498313241	0.30969598260075765	TRUE
M1	VIT_02s0025g04290	1320	242.98069178824048	0.11217945142578047	FALSE
M1	VIT_04s0044g01000	1165	297.12969553874626	0.13717899147679882	FALSE
M1	VIT_03s0017g02260	172	625.0692934726115	0.2885823146226277	TRUE
M1	VIT_13s0156g00190	335	575.0756628381077	0.2655012293804745	FALSE
M1	VIT_09s0070g00140	1821	77.30152508893426	0.03568860807430021	FALSE
M1	VIT_07s0104g00830	1029	349.79366492866063	0.16149292009633454	FALSE
M1	VIT_19s0140g00120	1898	48.34226882068129	0.022318683666057843	FALSE
M1	VIT_09s0002g00370	1333	239.052260745337	0.1103657713505711	FALSE
M1	VIT_15s0046g03580	1996	23.56305819069085	0.010878604889515628	FALSE
M1	VIT_01s0010g03890	1218	280.8173182426412	0.12964788469189345	FALSE
M1	VIT_02s0012g01040	1237	272.7467296965635	0.12592185119878277	FALSE
M1	VIT_04s0023g02200	1496	189.9970480297616	0.08771793537846796	FALSE
M1	VIT_07s0129g00730	337	574.3305565230943	0.2651572283116779	FALSE
M1	VIT_13s0067g01810	2146	0.5264030220678171	0.00024303001942189154	FALSE
M1	VIT_15s0046g01190	1391	221.52083995009366	0.10227185593263788	FALSE
M1	VIT_00s0323g00070	1509	184.3191473578106	0.08509655926030037	FALSE
M1	VIT_07s0104g00510	464	532.2022270802473	0.2457073993906959	FALSE
M1	VIT_00s0233g00010	1523	178.46491141072642	0.08239377258112947	FALSE
M1	VIT_00s2527g00010	1521	178.7168891691977	0.0825101058029537	FALSE
M1	VIT_06s0080g00920	234	604.2374203381385	0.2789646446621138	FALSE
M1	VIT_18s0001g14450	56	666.0142641597682	0.30748580986138885	TRUE
M1	VIT_05s0049g01020	1421	211.68885012472094	0.09773261778611309	FALSE
M1	VIT_13s0019g04910	406	548.7876587801348	0.25336457007393115	FALSE
M1	VIT_03s0017g01710	1334	239.03669142081242	0.11035858329677396	FALSE
M1	VIT_18s0001g04520	586	499.5069427755632	0.23061262362676047	FALSE
M1	VIT_17s0000g05250	102	649.2225431941964	0.29973339944330396	TRUE
M1	VIT_00s0373g00010	904	394.0419003248187	0.1819214682940068	FALSE
M1	VIT_08s0007g07400	272	593.4955934262468	0.2740053524590244	FALSE
M1	VIT_17s0000g00110	120	644.0247208844653	0.297333666151646	TRUE
M1	VIT_04s0008g04020	290	588.965565985422	0.2719139270477479	FALSE
M1	VIT_17s0000g06350	666	476.78627472381766	0.22012293385217804	FALSE
M1	VIT_06s0004g07680	226	606.0158373185062	0.27978570513319767	FALSE
M1	VIT_18s0001g05020	915	391.5785597649665	0.1807841919505847	FALSE
M1	VIT_16s0050g01620	580	501.9813576638478	0.23175501277185956	FALSE
M1	VIT_13s0019g00750	691	469.5350120173071	0.21677516713633754	FALSE
M1	VIT_01s0150g00460	1378	224.5226268305918	0.10365772245179677	FALSE
M1	VIT_03s0091g00500	517	519.4223139160977	0.23980716247280595	FALSE
M1	VIT_15s0046g00360	1433	208.3821433517305	0.0962059756933197	FALSE
M1	VIT_00s1353g00010	160	629.7673532169075	0.2907513172746572	TRUE
M1	VIT_14s0060g00460	32	675.9553259917948	0.31207540442834475	TRUE
M1	VIT_11s0016g05430	502	522.8716929359246	0.24139967356229203	FALSE
M1	VIT_14s0060g00420	809	430.91151256892203	0.19894344993948385	FALSE
M1	VIT_13s0019g04460	1607	145.64804052211707	0.06724286266025718	FALSE
M1	VIT_00s1322g00010	800	433.96751895139914	0.20035434854635234	FALSE
M1	VIT_00s1667g00010	1638	137.11220531979004	0.06330203385031857	FALSE
M1	VIT_08s0007g06820	795	435.6275283944857	0.20112074256439783	FALSE
M1	VIT_02s0025g00500	1538	173.5396668939721	0.08011988314587817	FALSE
M1	VIT_13s0073g00160	805	431.9767196497417	0.19943523529535628	FALSE
M1	VIT_00s0477g00010	1689	114.6555007958167	0.05293421089372886	FALSE
M1	VIT_17s0119g00110	1093	323.00368912677527	0.14912451021550105	FALSE
M1	VIT_14s0108g01350	835	422.3100018465224	0.1949723000214785	FALSE
M1	VIT_17s0000g08530	940	383.8188529228377	0.1772016864833046	FALSE
M1	VIT_18s0089g01210	314	583.2859451807866	0.2692917567778331	FALSE
M1	VIT_07s0129g00290	293	588.2701392644307	0.27159286207960787	FALSE
M1	VIT_13s0067g02860	845	418.5904371947276	0.19325504948971728	FALSE
M1	VIT_05s0051g00680	2015	19.747945113755826	0.009117241511429282	FALSE
M1	VIT_08s0007g04770	1519	179.3275698593621	0.0827920451797609	FALSE
M1	VIT_02s0025g01470	662	479.30260541706673	0.22128467470778704	FALSE
M1	VIT_07s0104g00730	669	476.1567644738619	0.21983230123446995	FALSE
M1	VIT_07s0104g01390	230	604.9987049497745	0.2793161149352606	FALSE
M1	VIT_10s0116g00100	931	386.18917081781836	0.17829601607470838	FALSE
M1	VIT_14s0068g01400	345	570.6062307535435	0.2634377796646092	FALSE
M1	VIT_01s0026g00850	1610	145.21440155156463	0.06704265999610555	FALSE
M1	VIT_02s0033g00380	1289	256.6717572423029	0.11850034960401795	FALSE
M1	VIT_11s0016g04990	874	407.3567871470004	0.1880686921269623	FALSE
M1	VIT_18s0001g14040	551	510.853175161645	0.2358509580617013	FALSE
M1	VIT_17s0000g03990	245	602.2038770943655	0.27802579736581967	FALSE
M1	VIT_13s0156g00260	1695	113.37910385158693	0.05234492329251474	FALSE
M1	VIT_06s0004g00990	972	371.7955973860209	0.17165078365005582	FALSE
M1	VIT_19s0093g00350	1758	95.40739352777959	0.04404773477736823	FALSE
M1	VIT_13s0067g01150	854	416.28245259251327	0.19218949796514925	FALSE
M1	VIT_09s0018g01370	909	393.1077226232333	0.1814901766496922	FALSE
M1	VIT_00s0399g00020	218	609.5828149549814	0.2814325092128261	FALSE
M1	VIT_10s0042g00170	227	605.4841696947627	0.27954024454975196	FALSE
M1	VIT_08s0007g07640	545	512.1339285273783	0.2364422569378478	FALSE
M1	VIT_00s0347g00030	1101	318.19106253501434	0.14690261428209342	FALSE
M1	VIT_11s0052g01560	454	534.5473884411034	0.2467901147004171	FALSE
M1	VIT_08s0007g07920	27	677.6845595300027	0.31287375786242044	TRUE
M1	VIT_01s0011g06330	559	509.5340707436152	0.2352419532518999	FALSE
M1	VIT_04s0008g05120	145	633.9877632035757	0.29269979833960097	TRUE
M1	VIT_00s0732g00010	142	634.3926094408224	0.2928867079597518	TRUE
M1	VIT_03s0038g04110	670	475.64977143692636	0.21959823242702048	FALSE
M1	VIT_11s0052g01120	192	617.4203178330275	0.28505093159419553	TRUE
M1	VIT_07s0031g02170	87	652.8209364960661	0.3013947075235762	TRUE
M1	VIT_13s0067g01120	1672	121.67559141274079	0.056175249959714124	FALSE
M1	VIT_05s0029g01140	1852	65.27140244218315	0.030134534830186126	FALSE
M1	VIT_04s0008g01910	114	646.3350612833816	0.29840030530165357	TRUE
M1	VIT_10s0003g00420	1002	360.72964680086744	0.16654184986189632	FALSE
M1	VIT_00s0301g00100	1141	306.46644083883933	0.1414895848748104	FALSE
M1	VIT_02s0025g02020	673	474.42523329626266	0.21903288702505203	FALSE
M1	VIT_14s0128g00320	46	670.5389128498794	0.3095747520082546	TRUE
M1	VIT_12s0059g00880	471	531.1981115523757	0.2452438188145779	FALSE
M1	VIT_02s0025g02590	1514	181.05061630046308	0.083587542151645	FALSE
M1	VIT_16s0039g02530	787	437.82591014285725	0.20213569258673003	FALSE
M1	VIT_18s0001g08330	1031	349.111912156286	0.16117816812386243	FALSE
M1	VIT_04s0008g01160	112	646.4921223788468	0.29847281734942144	TRUE
M1	VIT_06s0004g05320	1947	33.69679268419166	0.015557152670448595	FALSE
M1	VIT_02s0025g04730	1808	82.6847455270485	0.03817393606973615	FALSE
M1	VIT_14s0006g02990	1534	175.06503381385528	0.08082411533418989	FALSE
M1	VIT_07s0005g00390	1693	113.61359990677026	0.05245318555252551	FALSE
M1	VIT_01s0244g00030	821	427.7649822304405	0.19749075818579895	FALSE
M1	VIT_10s0116g00050	1119	311.2071417118331	0.1436782741051861	FALSE
M1	VIT_10s0116g00560	122	643.170636091938	0.296939351843	TRUE
M1	VIT_09s0002g04130	185	621.4371362876103	0.28690541841533257	TRUE
M1	VIT_04s0079g00680	617	487.95809364279444	0.22528074498743972	FALSE
M1	VIT_06s0061g01310	729	457.7987131562081	0.21135674660951437	FALSE
M1	VIT_06s0009g00810	3	717.9984243539493	0.33148588381992117	TRUE
M1	VIT_14s0171g00360	1703	110.58035344473288	0.051052794757494406	FALSE
M1	VIT_13s0067g03070	1773	90.38384347526545	0.041728459591535295	FALSE
M1	VIT_05s0049g00400	1265	263.4052211861785	0.12160905871938066	FALSE
M1	VIT_19s0177g00340	138	636.077290932116	0.29366449258177096	TRUE
M1	VIT_01s0011g05810	989	364.1937523667394	0.16814115991077533	FALSE
M1	VIT_07s0031g01910	883	403.2099940844517	0.18615419856161206	FALSE
M1	VIT_11s0052g00100	1383	223.24623682270789	0.1030684380529584	FALSE
M1	VIT_14s0060g01190	154	632.3834235029261	0.2919591059570296	TRUE
M1	VIT_15s0046g00120	564	507.19815181059994	0.23416350499104338	FALSE
M1	VIT_14s0083g00260	574	505.5185559663605	0.23338806831318584	FALSE
M1	VIT_01s0010g03930	1806	83.07439406461056	0.038353829208038114	FALSE
M1	VIT_18s0001g00470	819	427.91664472353864	0.19756077780403447	FALSE
M1	VIT_14s0219g00040	1201	285.6429642164018	0.13187579142031478	FALSE
M1	VIT_18s0001g03540	356	566.9961978741732	0.2617710978181778	FALSE
M1	VIT_09s0002g00970	456	533.7392334164189	0.24641700527073818	FALSE
M1	VIT_06s0061g00770	244	602.3158579527318	0.2780774967464136	FALSE
M1	VIT_03s0038g02230	66	661.5351077924873	0.30541787063365067	TRUE
M1	VIT_08s0105g00430	1023	354.246973434744	0.16354892587014958	FALSE
M1	VIT_07s0031g00530	2120	3.3770943648090737	0.0015591386725803665	FALSE
M1	VIT_03s0038g01350	1480	195.91956503000478	0.09045224608956823	FALSE
M1	VIT_05s0102g00750	842	419.05856545747264	0.19347117518812218	FALSE
M1	VIT_04s0023g00360	224	607.2508597648549	0.28035589093483604	FALSE
M1	VIT_00s0583g00030	181	622.8715560347888	0.2875676620659228	TRUE
M1	VIT_08s0007g01040	1010	358.2095395622769	0.16537836544888132	FALSE
M1	VIT_08s0007g07990	1989	25.333885610539074	0.011696161408374458	FALSE
M1	VIT_10s0116g01810	2011	20.46774891064384	0.009449560900574257	FALSE
M1	VIT_01s0011g00110	552	510.8225648849463	0.23583682589332702	FALSE
M1	VIT_03s0038g03240	1352	233.77301886754327	0.1079284482306294	FALSE
M1	VIT_10s0116g01540	20	690.3058917664761	0.31870078105562144	TRUE
M1	VIT_03s0063g01970	74	659.238110992901	0.30435739196348155	TRUE
M1	VIT_14s0083g00880	420	544.8104919570093	0.25152838963850843	FALSE
M1	VIT_02s0033g01390	1223	278.1531127968379	0.12841787294406182	FALSE
M1	VIT_18s0001g14790	1512	182.79656902881234	0.08439361451007034	FALSE
M1	VIT_07s0005g00730	266	595.0110662158548	0.27470501672015457	FALSE
M1	VIT_04s0023g03240	1499	188.31351365107346	0.08694068035598959	FALSE
M1	VIT_00s0375g00040	1474	197.63660098770626	0.09124496813836853	FALSE
M1	VIT_17s0000g07950	889	401.6115327590306	0.18541622011035577	FALSE
M1	VIT_05s0020g04540	1902	46.14190429011596	0.021302818231817157	FALSE
M1	VIT_06s0004g01380	984	366.035535386783	0.16899147524782226	FALSE
M1	VIT_13s0067g03890	969	372.4112378535397	0.17193501285943663	FALSE
M1	VIT_19s0090g01230	99	650.6246142674115	0.30038070834137187	TRUE
M1	VIT_14s0030g02200	1736	100.96656964011017	0.04661429807945991	FALSE
M1	VIT_15s0046g00170	2118	3.693653680845341	0.0017052879412951711	FALSE
M1	VIT_13s0019g00890	1502	187.09089571418684	0.08637622147469383	FALSE
M1	VIT_05s0049g00050	1622	142.2255010925668	0.06566274288668826	FALSE
M1	VIT_13s0067g00220	1112	314.6623089790221	0.14527345751570733	FALSE
M1	VIT_05s0020g04860	1232	274.6763097156175	0.12681270069973108	FALSE
M1	VIT_12s0055g01110	705	463.73825092280475	0.21409891547682583	FALSE
M1	VIT_10s0003g02780	863	413.17902652693834	0.1907567066144683	FALSE
M1	VIT_14s0081g00720	813	430.0234576519515	0.19853345228621952	FALSE
M1	VIT_18s0001g15310	281	591.7292948047258	0.273189886798119	FALSE
M1	VIT_05s0049g01090	410	547.2890849162542	0.2526727077175689	FALSE
M1	VIT_07s0005g00280	1130	308.5434860091871	0.14244851616305962	FALSE
M1	VIT_08s0007g00610	608	490.58987188755714	0.2264957857283274	FALSE
M1	VIT_16s0050g01090	252	600.7705585729324	0.277364062129701	FALSE
M1	VIT_08s0007g01570	63	662.3258461349255	0.3057829391204642	TRUE
M1	VIT_12s0035g01050	203	613.5696486586816	0.2832731526586711	TRUE
M1	VIT_06s0004g00620	33	675.2465462968975	0.31174817465230725	TRUE
M1	VIT_14s0068g01360	983	366.46118184744677	0.1691879879258757	FALSE
M1	VIT_01s0010g03510	1819	78.4718775429215	0.03622893700042544	FALSE
M1	VIT_19s0014g03610	1754	96.22831849712607	0.044426739841701784	FALSE
M1	VIT_03s0091g00490	1229	275.5480233618327	0.1272151539066633	FALSE
M1	VIT_00s0929g00020	1477	196.1244643753088	0.09054684412525799	FALSE
M1	VIT_05s0029g00390	1281	259.6532409869415	0.11987684256091483	FALSE
M1	VIT_15s0046g00490	2116	3.9388739537648374	0.0018185013636956775	FALSE
M1	VIT_04s0008g02640	257	598.2981767353497	0.27622261160450123	FALSE
M1	VIT_02s0012g01120	204	613.3202123058705	0.2831579927543262	TRUE
M1	VIT_04s0023g03610	658	479.72087783796377	0.221477782935348	FALSE
M1	VIT_16s0013g00220	938	384.2010550332596	0.17737814175127406	FALSE
M1	VIT_00s0229g00100	240	603.6194134596112	0.278679322926875	FALSE
M1	VIT_15s0107g00550	2002	22.939087450361622	0.01059052975547628	FALSE
M1	VIT_18s0122g01140	419	544.9202938220482	0.25157908302033616	FALSE
M1	VIT_03s0180g00140	682	471.6418747253331	0.21774786460080012	FALSE
M1	VIT_12s0059g02260	841	419.16257824905153	0.19351919586752148	FALSE
M1	VIT_08s0040g03230	629	485.5601433409212	0.22417365805213352	FALSE
M1	VIT_19s0014g03660	657	479.89230923950464	0.2215569294734555	FALSE
M1	VIT_19s0177g00230	1737	100.58057109794171	0.046436090072918615	FALSE
M1	VIT_17s0000g02970	1160	300.06875720042257	0.13853589898449795	FALSE
M1	VIT_01s0011g02470	991	362.9885920820391	0.16758476088736798	FALSE
M1	VIT_08s0007g02290	1557	169.9136129011987	0.07844580466352663	FALSE
M1	VIT_14s0083g00620	151	633.1417794288136	0.2923092241130257	TRUE
M1	VIT_09s0018g01390	781	439.321142542996	0.2028260122543841	FALSE
M1	VIT_01s0150g00250	701	464.9859966365235	0.21467497536312258	FALSE
M1	VIT_00s0203g00050	2104	5.492386033659812	0.0025357276240350005	FALSE
M1	VIT_06s0061g01110	1825	75.792212052005	0.034991787650971835	FALSE
M1	VIT_03s0180g00110	851	417.07924422267996	0.19255736113697136	FALSE
M1	VIT_19s0093g00220	474	529.7568838415012	0.2445784320597882	FALSE
M1	VIT_18s0001g08430	330	577.9146715598389	0.2668119443951241	FALSE
M1	VIT_07s0005g04130	1144	305.8363076931613	0.14119866467828315	FALSE
M1	VIT_08s0007g07270	1182	290.5762546448299	0.134153395496228	FALSE
M1	VIT_17s0000g00290	878	405.94279352457903	0.18741587882021193	FALSE
M1	VIT_02s0012g00570	264	595.9158814803781	0.2751227522993435	FALSE
M1	VIT_19s0014g04790	1225	276.8719925495581	0.12782640468585324	FALSE
M1	VIT_15s0046g00220	199	614.7807926792659	0.28383231425635547	TRUE
M1	VIT_11s0016g00130	1063	336.9480757362031	0.15556236183573552	FALSE
M1	VIT_10s0003g00390	1954	32.50006689944381	0.015004647691340632	FALSE
M1	VIT_13s0064g01110	1862	60.82476270126991	0.028081607895323137	FALSE
M1	VIT_06s0009g01670	465	532.0872230080106	0.24565430425115908	FALSE
M1	VIT_18s0041g01880	2130	2.2229197482114835	0.0010262787387864652	FALSE
M1	VIT_14s0036g01060	490	525.9340023399409	0.24281348215140391	FALSE
M1	VIT_02s0012g00990	11	702.1361301551	0.3241625716320868	TRUE
M1	VIT_13s0019g01040	1893	49.67912843740194	0.02293588570517172	FALSE
M1	VIT_13s0074g00730	373	562.3419837693644	0.25962233784365857	FALSE
M1	VIT_07s0031g02480	277	592.5028795783156	0.2735470358163969	FALSE
M1	VIT_10s0003g05450	1938	36.03921918024899	0.016638605346375342	FALSE
M1	VIT_02s0033g00390	1231	275.11814814421524	0.12701668889391285	FALSE
M1	VIT_03s0063g02380	704	463.9879252190841	0.21421418523503422	FALSE
M1	VIT_10s0116g01820	1978	27.227325026477452	0.012570325496988666	FALSE
M1	VIT_02s0025g01740	202	613.7646872321664	0.2833631981681285	TRUE
M1	VIT_08s0007g04340	40	673.814294820713	0.31108693205019067	TRUE
M1	VIT_00s1291g00030	1453	202.80632454389215	0.09363172878296036	FALSE
M1	VIT_18s0001g05570	1961	31.259520938637298	0.014431911790691273	FALSE
M1	VIT_14s0219g00210	1305	247.57074885962854	0.11429859134793562	FALSE
M1	VIT_15s0024g01540	828	426.0979256658459	0.19672111064905165	FALSE
M1	VIT_18s0001g08550	1511	183.55807005982584	0.08474518469982725	FALSE
M1	VIT_15s0048g00370	668	476.6216429885291	0.2200469265875019	FALSE
M1	VIT_03s0038g03980	61	663.1417169787081	0.3061596107934941	TRUE
M1	VIT_02s0012g00360	1025	352.2537673292067	0.16262870144469377	FALSE
M1	VIT_18s0122g00330	10	704.9940574293415	0.3254820209738419	TRUE
M1	VIT_04s0008g05340	219	609.2014089928999	0.28125642151103414	FALSE
M1	VIT_04s0023g01140	268	594.9018200992771	0.2746545799165637	FALSE
M1	VIT_01s0011g06050	286	590.3885225588507	0.27257087837435395	FALSE
M1	VIT_05s0094g00920	1287	257.01355384845584	0.11865815043788358	FALSE
M1	VIT_18s0001g06720	113	646.4476897837953	0.29845230368596276	TRUE
M1	VIT_08s0007g02030	382	558.4647286678485	0.25783228470353114	FALSE
M1	VIT_13s0067g02710	1393	220.5296365886159	0.10181423665217723	FALSE
M1	VIT_05s0020g03490	298	586.8257480455286	0.2709260147947962	FALSE
M1	VIT_16s0050g00830	656	479.90258084244556	0.22156167167241253	FALSE
M1	VIT_07s0005g01340	1885	52.38521732094915	0.02418523422019813	FALSE
M1	VIT_06s0004g07790	149	633.7586795618423	0.29259403488543045	TRUE
M1	VIT_05s0077g01980	1551	170.7539995543767	0.07883379480811481	FALSE
M1	VIT_05s0020g00930	1493	191.52147674855803	0.08842173441761682	FALSE
M1	VIT_15s0046g02160	443	537.5663192188888	0.24818389622294035	FALSE
M1	VIT_09s0018g01870	630	485.5585857581151	0.2241729389464982	FALSE
M1	VIT_00s0207g00010	1299	252.9418226478441	0.11677831147176551	FALSE
M1	VIT_13s0067g00990	1504	186.87743018163	0.08627766859724376	FALSE
M1	VIT_13s0067g00110	9	705.6511280597471	0.325785377682247	TRUE
M1	VIT_05s0102g00590	618	487.8637236135551	0.22523717618354344	FALSE
M1	VIT_17s0000g05210	1318	244.40535840249458	0.11283719224491902	FALSE
M1	VIT_12s0028g01890	1987	25.40703088308091	0.011729931155623688	FALSE
M1	VIT_16s0039g00970	1721	106.14974508878637	0.049007269200732395	FALSE
M1	VIT_17s0000g00720	520	519.2270506926816	0.23971701324685207	FALSE
M1	VIT_08s0007g05940	1335	239.0241871388441	0.1103528103134091	FALSE
M1	VIT_18s0122g00290	895	397.3404298577194	0.18344433511436722	FALSE
M1	VIT_18s0001g05840	679	472.34919507579184	0.21807442062594268	FALSE
M1	VIT_00s2569g00010	1103	317.18087540099145	0.14643623056370797	FALSE
M1	VIT_12s0034g01950	351	567.7923984956686	0.262138688132811	FALSE
M1	VIT_19s0014g04780	1739	99.31453618126808	0.04585158641794464	FALSE
M1	VIT_18s0164g00030	209	611.985588172527	0.28254182279433376	TRUE
M1	VIT_02s0025g03700	124	642.3111605708951	0.29654254874002545	TRUE
M1	VIT_01s0011g05290	364	564.0559083276495	0.26041362341996743	FALSE
M1	VIT_18s0001g10310	924	388.9961511001172	0.17959194418287958	FALSE
M1	VIT_15s0048g02500	676	472.74691925423997	0.2182580421303047	FALSE
M1	VIT_18s0001g14440	2075	8.608540425239308	0.003974395394847326	FALSE
M1	VIT_03s0038g02680	1067	335.3852695682332	0.15484084467600792	FALSE
M1	VIT_11s0016g01220	341	572.1439467684647	0.2641477131895036	FALSE
M1	VIT_07s0005g02220	967	372.61504671128637	0.17202910743826702	FALSE
M1	VIT_11s0016g04500	29	676.5987085847669	0.3123724416365498	TRUE
M1	VIT_08s0058g00930	467	531.6626950928655	0.2454583079837791	FALSE
M1	VIT_05s0020g05040	719	461.3687872626967	0.2130049802690197	FALSE
M1	VIT_18s0001g10480	1431	208.69999604954756	0.09635272209120387	FALSE
M1	VIT_18s0001g04920	437	539.2867907493498	0.24897820440874877	FALSE
M1	VIT_12s0028g02000	355	567.3186658864199	0.26191997501681435	FALSE
M1	VIT_08s0056g01000	254	600.315186105658	0.2771538255335448	FALSE
M1	VIT_05s0020g04130	47	669.6269583514484	0.3091537203838635	TRUE
M1	VIT_01s0011g04720	1634	137.403116689677	0.06343634196199308	FALSE
M1	VIT_14s0128g00050	36	674.5032011793588	0.31140498669407146	TRUE
M1	VIT_00s0434g00090	1931	37.8807267833651	0.01748879352879275	FALSE
M1	VIT_01s0011g06560	1928	38.507355009835834	0.01777809557240805	FALSE
M1	VIT_14s0108g00430	2009	20.585597135454787	0.009503969129942192	FALSE
M1	VIT_08s0007g00440	1624	141.73398263963597	0.06543581839318373	FALSE
M1	VIT_18s0001g08300	1377	224.54667783479803	0.10366882633185505	FALSE
M1	VIT_04s0023g02290	1300	252.53806575803114	0.11659190478210117	FALSE
M1	VIT_16s0098g00800	1716	106.81529660218762	0.04931454136758431	FALSE
M1	VIT_18s0041g00580	1471	199.34857718692487	0.09203535419525617	FALSE
M1	VIT_14s0083g00940	550	511.27229709277645	0.23604445849158653	FALSE
M1	VIT_07s0141g00590	110	646.739567000114	0.2985870577101173	TRUE
M1	VIT_04s0069g00780	553	510.47845816390065	0.2356779585244232	FALSE
M1	VIT_04s0008g01070	1126	309.72668977784696	0.14299477829078808	FALSE
M1	VIT_18s0001g12020	389	554.1493391979585	0.2558399534616614	FALSE
M1	VIT_00s0187g00130	1657	127.36570482042336	0.05880226446002925	FALSE
M1	VIT_11s0016g02430	898	395.36206729936623	0.1825309636654507	FALSE
M1	VIT_18s0041g00090	1552	170.751801666396	0.0788327800860554	FALSE
M1	VIT_16s0039g01670	1843	67.5672741177077	0.03119449405249663	FALSE
M1	VIT_04s0044g00220	1584	157.24931351671145	0.07259894437521304	FALSE
M1	VIT_08s0007g05530	932	386.16445251694495	0.17828460411677977	FALSE
M1	VIT_13s0074g00690	724	459.8312661057076	0.21229513670623618	FALSE
M1	VIT_15s0046g00290	1170	296.40471577860114	0.13684428244626093	FALSE
M1	VIT_01s0011g03660	1486	194.0763252261015	0.0896012581837957	FALSE
M1	VIT_18s0001g11090	1492	191.600364260744	0.08845815524503416	FALSE
M1	VIT_00s0259g00120	377	560.5954851927529	0.25881601347772526	FALSE
M1	VIT_02s0012g00980	127	640.5188836502708	0.29571508940455715	TRUE
M1	VIT_15s0048g01880	743	452.1011360884069	0.20872628628273635	FALSE
M1	VIT_02s0033g01400	911	392.5617373324518	0.18123810587832492	FALSE
M1	VIT_05s0077g01150	1943	34.602235759648146	0.015975178097713826	FALSE
M1	VIT_15s0046g01140	1656	127.85082392808106	0.059026234500499104	FALSE
M1	VIT_02s0025g00210	463	532.3485364920238	0.24577494759557883	FALSE
M1	VIT_03s0063g00010	344	571.5382943329356	0.2638680952598964	FALSE
M1	VIT_08s0007g02240	1784	89.33065773518807	0.04124222425447279	FALSE
M1	VIT_11s0016g05460	4	712.4644438577676	0.32893095284292134	TRUE
M1	VIT_16s0098g01540	296	587.1568709362114	0.27107888778218436	FALSE
M1	VIT_05s0094g00360	2136	1.6830049078604048	0.000777010576112837	FALSE
M1	VIT_00s0207g00250	1575	162.51467363687726	0.07502985855811507	FALSE
M1	VIT_11s0206g00110	664	478.51184723348734	0.22091959706070516	FALSE
M1	VIT_01s0026g02190	527	517.2986067964114	0.23882668827165807	FALSE
M1	VIT_11s0016g00960	1595	150.4948671761186	0.0694805480960843	FALSE
M1	VIT_12s0028g03060	696	468.98521032974884	0.21652133440893298	FALSE
M1	VIT_18s0001g11590	951	379.69054579354156	0.17529572751317707	FALSE
M1	VIT_19s0014g00110	1110	315.46483654508955	0.14564396885738207	FALSE
M1	VIT_17s0000g08240	1677	119.88080585780622	0.055346632436660305	FALSE
M1	VIT_10s0116g00370	1414	213.261899447879	0.09845886401102447	FALSE
M1	VIT_01s0026g02580	1311	246.13550470263263	0.11363596708339456	FALSE
M1	VIT_08s0058g00400	1827	74.65009780272814	0.03446449575379877	FALSE
M1	VIT_01s0026g00330	14	695.0068746069625	0.3208711332442117	TRUE
M1	VIT_16s0013g00410	1409	215.22208287431044	0.09936384250891525	FALSE
M1	VIT_02s0025g00190	1528	176.65012791499623	0.08155592239842854	FALSE
M1	VIT_05s0049g00040	1642	134.4067602406352	0.06205298256723694	FALSE
M1	VIT_11s0078g00310	543	512.3352794536648	0.23653521673761072	FALSE
M1	VIT_14s0006g02760	304	584.8913589013176	0.27003294501445874	FALSE
M1	VIT_10s0003g05430	1994	23.895327639890578	0.011032007220632769	FALSE
M1	VIT_10s0003g04490	596	494.66473598479723	0.22837707109178082	FALSE
M1	VIT_04s0023g01520	762	447.34686608834016	0.20653133245075722	FALSE
M1	VIT_14s0066g01190	412	546.9453339017732	0.2525140045714558	FALSE
M1	VIT_09s0002g04500	1461	201.5272686265759	0.09304121358567678	FALSE
M1	VIT_00s0802g00020	53	667.560707386288	0.3081997725698467	TRUE
M1	VIT_06s0004g05110	507	521.4509873464513	0.24074376147112247	FALSE
M1	VIT_18s0001g09040	65	661.6193903125605	0.30545678223109907	TRUE
M1	VIT_08s0007g05580	1254	266.97388874922075	0.1232566430051804	FALSE
M1	VIT_19s0014g05430	1644	133.71431712425326	0.06173329507121572	FALSE
M1	VIT_19s0027g01070	1212	282.4861277498226	0.1304183415280806	FALSE
M1	VIT_05s0049g01860	1568	165.45725922380157	0.07638839299344487	FALSE
M1	VIT_13s0019g04660	498	523.3036155146926	0.24159908380179715	FALSE
M1	VIT_15s0048g02280	483	527.1100275418733	0.24335643007473373	FALSE
M1	VIT_15s0046g01340	45	670.64353767875	0.3096230552533472	TRUE
M1	VIT_02s0087g00930	1098	319.5799763119771	0.14754384871282414	FALSE
M1	VIT_05s0020g04010	631	484.8801502817225	0.22385971850495037	FALSE
M1	VIT_07s0005g04400	458	533.1677339129061	0.2461531550844442	FALSE
M1	VIT_07s0005g03810	600	492.90010714045843	0.22756237633446835	FALSE
M1	VIT_18s0001g12100	814	428.8334317239565	0.1979840405004416	FALSE
M1	VIT_08s0058g00490	132	639.4721959389371	0.2952318540807651	TRUE
M1	VIT_00s0370g00070	319	581.1811516161484	0.26832001459655974	FALSE
M1	VIT_14s0108g01070	734	454.55774674627804	0.20986045556153188	FALSE
M1	VIT_18s0001g06370	13	696.876470909361	0.32173428943183796	TRUE
M1	VIT_06s0004g06770	1757	95.96228817518119	0.04430391882510673	FALSE
M1	VIT_01s0026g01780	37	674.3767375911166	0.31134660091925975	TRUE
M1	VIT_01s0137g00290	733	455.31198571878053	0.21020867300036036	FALSE
M1	VIT_10s0003g04100	1060	338.060747617646	0.15607606076530284	FALSE
M1	VIT_06s0061g00760	128	640.3393414625026	0.2956321982744703	TRUE
M1	VIT_08s0007g05060	76	658.4953582365149	0.304014477486849	TRUE
M1	VIT_07s0005g06520	2025	18.28987313668296	0.008444078087111246	FALSE
M1	VIT_03s0038g02920	140	634.9026720401743	0.29312219392436484	TRUE
M1	VIT_13s0019g00730	667	476.6732403023743	0.220070748062038	FALSE
M1	VIT_09s0070g00210	184	621.9273630823515	0.2871317465754162	TRUE
M1	VIT_16s0098g01720	361	564.9258613128619	0.2608152637640175	FALSE
M1	VIT_14s0083g00080	476	529.1593808423902	0.24430257656620047	FALSE
M1	VIT_06s0004g05740	1285	257.5922367852591	0.11892531707537354	FALSE
M1	VIT_08s0007g03670	925	388.59661269134443	0.1794074850837232	FALSE
M1	VIT_05s0077g01670	1304	247.5832983987605	0.1143043852256512	FALSE
M1	VIT_09s0002g04840	1797	85.07494059453461	0.03927744256442041	FALSE
M1	VIT_15s0021g01060	1625	141.1679839626318	0.06517450783131662	FALSE
M1	VIT_04s0008g04990	359	565.8604609213356	0.2612467501945224	FALSE
M1	VIT_09s0054g01750	1729	104.18159109225006	0.04809861084591416	FALSE
M1	VIT_01s0137g00740	1869	58.230619728811476	0.026883942626413422	FALSE
M1	VIT_18s0041g00740	1368	226.69720539170788	0.10466168300632867	FALSE
M1	VIT_19s0015g00710	1923	39.89208170666418	0.01841739690981726	FALSE
M1	VIT_06s0004g07090	589	496.8441146538184	0.22938324776261237	FALSE
M1	VIT_03s0063g02340	697	468.34428313937514	0.21622543081226922	FALSE
M1	VIT_12s0057g00940	431	541.5080654079765	0.2500037236417251	FALSE
M1	VIT_03s0088g01190	251	600.9368996283532	0.2774408585541797	FALSE
M1	VIT_13s0067g00620	348	568.4447690480383	0.26243987490675824	FALSE
M1	VIT_13s0175g00040	2113	4.013587010042464	0.001852994926150722	FALSE
M1	VIT_16s0022g00890	362	564.8343017348978	0.2607729924907192	FALSE
M1	VIT_10s0003g00350	850	417.65270116414683	0.19282211503423216	FALSE
M1	VIT_18s0166g00250	2037	15.920589559831543	0.007350226020236169	FALSE
M1	VIT_12s0035g00010	2119	3.463270895727096	0.0015989246979349475	FALSE
M1	VIT_18s0001g08100	573	505.55031750409296	0.23340273199634948	FALSE
M1	VIT_14s0006g01600	1854	64.45631079196335	0.029758222895643283	FALSE
M1	VIT_19s0090g01780	820	427.9160020693701	0.19756048110312563	FALSE
M1	VIT_07s0031g03220	1001	360.77522625756194	0.16656289300903138	FALSE
M1	VIT_06s0061g00710	1999	23.31098668823577	0.010762228387920484	FALSE
M1	VIT_12s0134g00560	6	709.3573265220375	0.3274964573047265	TRUE
M1	VIT_06s0009g00310	494	524.426789853955	0.24211763151152124	FALSE
M1	VIT_17s0000g08370	1793	86.06163398464867	0.03973297967896983	FALSE
M1	VIT_00s0187g00050	880	404.5114034470181	0.1867550339090573	FALSE
M1	VIT_14s0030g01790	7	707.9002606150191	0.32682375836335137	TRUE
M1	VIT_04s0008g00960	1351	234.00230205012045	0.10803430380891987	FALSE
M1	VIT_13s0084g00670	1977	27.539626757487706	0.01271450912164714	FALSE
M1	VIT_03s0038g00940	1871	56.65883424030657	0.026158279889338214	FALSE
M1	VIT_08s0040g02650	349	567.9659452582127	0.2622188112918803	FALSE
M1	VIT_04s0008g03760	48	669.5862055081634	0.30913490559010315	TRUE
M1	VIT_05s0049g01120	409	547.560987688572	0.25279823993008865	FALSE
M1	VIT_08s0007g00980	365	563.8749853575453	0.2603300948095777	FALSE
M1	VIT_01s0010g01390	1246	271.7124689451903	0.125444353160291	FALSE
M1	VIT_01s0011g00850	1530	176.3466935467733	0.08141583266240689	FALSE
M1	VIT_17s0000g01290	1253	267.31056735022867	0.12341208095578424	FALSE
M1	VIT_01s0010g00940	379	558.9108994166351	0.2580382730455379	FALSE
M1	VIT_19s0014g03460	646	482.36881288026757	0.22270028295487884	FALSE
M1	VIT_03s0091g01010	930	386.261172168154	0.17832925769536195	FALSE
M1	VIT_14s0066g01050	133	638.1697223631115	0.294630527406792	TRUE
M1	VIT_02s0154g00590	2034	16.80763299380539	0.007759756691507568	FALSE
M1	VIT_18s0001g11830	1589	155.79171520617996	0.07192599963350875	FALSE
M1	VIT_03s0038g00130	1113	314.4653231321554	0.14518251298806806	FALSE
M1	VIT_04s0023g00130	1563	168.17031772879042	0.07764095924690231	FALSE
M1	VIT_05s0077g01140	1571	163.62693761587212	0.0755433691670693	FALSE
M1	VIT_11s0016g03140	709	463.4968471370386	0.21398746405218774	FALSE
M1	VIT_17s0000g04150	1907	45.62360434117194	0.021063529243385015	FALSE
M1	VIT_02s0012g01870	331	577.1656700166644	0.266466144975376	FALSE
M1	VIT_13s0074g00390	1621	142.31991542293036	0.0657063321435505	FALSE
M1	VIT_11s0016g04510	922	389.68017577233866	0.17990774504724777	FALSE
M1	VIT_02s0033g00450	1605	145.8142604291544	0.06731960315288753	FALSE
M1	VIT_05s0094g01160	1054	340.8847372596217	0.15737984176344494	FALSE
M1	VIT_19s0014g00700	1633	137.62041104917554	0.0635366625342454	FALSE
M1	VIT_18s0072g01110	732	455.56060267339063	0.21032345460452015	FALSE
M1	VIT_16s0039g02230	1221	279.3955098534908	0.12899146345959872	FALSE
M1	VIT_08s0007g01300	473	530.6697744021908	0.2449998958458868	FALSE
M1	VIT_15s0024g01630	404	549.0097621261974	0.25346711086158696	FALSE
M1	VIT_19s0014g02190	487	526.499937636383	0.2430747634517004	FALSE
M1	VIT_18s0001g08230	515	520.0493395451084	0.2400966479894314	FALSE
M1	VIT_00s0125g00230	1787	88.36383804652381	0.040795862440685046	FALSE
M1	VIT_10s0003g04040	194	616.9193106323356	0.2848196263307182	TRUE
M1	VIT_17s0000g08310	2145	0.5886560992308661	0.0002717710522764848	FALSE
M1	VIT_11s0016g00560	91	651.3553166596472	0.30071805939965246	TRUE
M1	VIT_16s0022g02200	592	495.69010203015455	0.22885046261779987	FALSE
M1	VIT_02s0025g02960	1553	170.41066936664706	0.07867528594951388	FALSE
M1	VIT_18s0001g00820	343	571.5643594798469	0.2638801290304002	FALSE
M1	VIT_09s0018g01190	2061	11.252744224836343	0.005195172772315948	FALSE
M1	VIT_00s0291g00060	322	580.405927872852	0.2679621088979003	FALSE
M1	VIT_17s0000g05550	1805	83.17362471390766	0.038399642065516	FALSE
M1	VIT_12s0034g01180	235	604.0328679099888	0.27887020679131524	FALSE
M1	VIT_07s0095g00550	1875	55.91367855294074	0.02581425602628843	FALSE
M1	VIT_13s0019g02300	1635	137.36503651307572	0.06341876108636922	FALSE
M1	VIT_06s0004g01870	710	463.2863952488866	0.21389030251564478	FALSE
M1	VIT_01s0011g03000	131	639.7195025239081	0.2953460307127923	TRUE
M1	VIT_13s0067g00330	2122	3.270471063810277	0.0015099127718422333	FALSE
M1	VIT_03s0038g00270	123	643.1403775399069	0.2969253820590521	TRUE
M1	VIT_08s0040g00630	1045	345.14768931647166	0.15934796367334794	FALSE
M1	VIT_06s0061g00280	996	361.93987721761164	0.16710058966648736	FALSE
M1	VIT_01s0011g02030	51	668.2737484117371	0.30852896971917687	TRUE
M1	VIT_19s0014g00160	641	483.10142678500483	0.22303851652123954	FALSE
M1	VIT_18s0001g05180	94	650.8860560757917	0.30050141093065175	TRUE
M1	VIT_07s0129g00960	678	472.63077415733596	0.2182044202019095	FALSE
M1	VIT_06s0004g03130	170	625.3705022525774	0.288721376847912	TRUE
M1	VIT_13s0074g00110	725	459.37557479907775	0.21208475290816148	FALSE
M1	VIT_02s0154g00260	310	583.9052105533299	0.26957765953524004	FALSE
M1	VIT_06s0004g05080	890	401.154134305989	0.1852050481560429	FALSE
M1	VIT_07s0005g02120	435	540.0654966626189	0.2493377177574418	FALSE
M1	VIT_06s0004g01390	1115	312.33609460929245	0.14419948966264656	FALSE
M1	VIT_14s0068g01620	106	647.8174048267025	0.2990846744352274	TRUE
M1	VIT_05s0020g03130	201	614.0558053313739	0.2834976017227026	TRUE
M1	VIT_08s0040g01840	2062	10.708201622301017	0.0049437680620041625	FALSE
M1	VIT_00s0214g00090	812	430.3732996394722	0.19869496751591514	FALSE
M1	VIT_00s2594g00010	1666	125.07465515900084	0.057744531467682755	FALSE
M1	VIT_11s0016g03640	402	549.9596521588912	0.25390565658305225	FALSE
M1	VIT_18s0001g12490	1451	203.26020277670273	0.0938412755201767	FALSE
M1	VIT_15s0021g01880	457	533.3417423633304	0.24623349139581271	FALSE
M1	VIT_08s0007g01650	2012	20.33697644896324	0.00938918580284545	FALSE
M1	VIT_00s0227g00200	300	586.5043390474845	0.27077762652238435	FALSE
M1	VIT_13s0019g01840	772	442.5912347521915	0.2043357501164319	FALSE
M1	VIT_05s0020g02500	1438	206.68913243821459	0.09542434553934191	FALSE
M1	VIT_03s0063g01340	418	545.3420887379659	0.2517738175152197	FALSE
M1	VIT_03s0180g00090	1109	315.72964528932835	0.14576622589535013	FALSE
M1	VIT_06s0004g04130	89	652.1937089155074	0.3011051287698557	TRUE
M1	VIT_02s0154g00040	1149	304.4099582827135	0.14054014694492775	FALSE
M1	VIT_17s0000g10000	582	500.94349009478026	0.23127584953590963	FALSE
M1	VIT_19s0027g01060	935	384.9003726700639	0.17770100307943856	FALSE
M1	VIT_11s0078g00380	1367	227.06959892095693	0.10483360984347043	FALSE
M1	VIT_00s0480g00070	581	501.2428939866793	0.231414078479538	FALSE
M1	VIT_08s0058g00640	275	593.0890036038286	0.27381763785957	FALSE
M1	VIT_01s0026g00500	594	494.7622760406036	0.2284221034351817	FALSE
M1	VIT_17s0000g07580	1207	283.61203656567346	0.13093815169237003	FALSE
M1	VIT_01s0127g00740	768	443.75840187754164	0.20487460843838487	FALSE
M1	VIT_03s0063g00180	875	407.31267734149174	0.18804832748914668	FALSE
M1	VIT_05s0062g00240	1510	184.23406000660543	0.08505727608799882	FALSE
M1	VIT_16s0022g01650	1933	37.07715320085292	0.01711779926170495	FALSE
M1	VIT_19s0014g00410	1122	310.39545089865436	0.14330353227084688	FALSE
M1	VIT_12s0057g00570	815	428.7883524751677	0.1979632282895511	FALSE
M1	VIT_14s0066g00300	532	516.0089930805553	0.2382312987444854	FALSE
M1	VIT_12s0059g00770	1179	291.9933333118829	0.1348076331079792	FALSE
M1	VIT_15s0024g01650	372	562.4313613389663	0.2596636017262079	FALSE
M1	VIT_17s0000g00710	1450	203.37238596008729	0.09389306831028961	FALSE
M1	VIT_07s0129g00310	81	656.4914605228329	0.3030893169542165	TRUE
M1	VIT_15s0048g02980	60	663.40972289667	0.3062833439042798	TRUE
M1	VIT_12s0059g01590	610	489.7793427870327	0.22612158023408713	FALSE
M1	VIT_06s0004g06660	887	402.3290947984587	0.1857475045237575	FALSE
M1	VIT_14s0066g01710	59	663.6622726068715	0.3063999411850746	TRUE
M1	VIT_06s0004g03020	283	591.6737147028286	0.27316422654793565	FALSE
M1	VIT_14s0066g01820	478	528.699708366255	0.2440903547397299	FALSE
M1	VIT_15s0021g02270	1036	347.2279837597885	0.16030839508762165	FALSE
M1	VIT_06s0080g00420	392	553.2937400035053	0.2554449399831511	FALSE
M1	VIT_15s0046g01590	1968	29.21096944029661	0.013486135475667871	FALSE
M1	VIT_09s0002g06680	899	395.0308877716188	0.18237806452983324	FALSE
M1	VIT_10s0003g04560	279	592.1752201737739	0.27339576185308123	FALSE
M1	VIT_01s0026g00520	495	524.2597197190591	0.24204049848525352	FALSE
M1	VIT_07s0005g01350	1713	108.23121966667932	0.04996824546014743	FALSE
M1	VIT_03s0167g00220	1744	98.43777516513067	0.04544680293865682	FALSE
M1	VIT_11s0016g04670	1636	137.17686177559312	0.06333188447626645	FALSE
M1	VIT_19s0014g03200	834	423.24436348207087	0.19540367658452026	FALSE
M1	VIT_14s0060g00990	171	625.2178155996087	0.28865088439501785	TRUE
M1	VIT_14s0060g01430	748	450.8269284610118	0.2081380094464505	FALSE
M1	VIT_12s0142g00110	1430	209.07486766265438	0.09652579301138245	FALSE
M1	VIT_06s0004g01750	1106	316.97599945405653	0.14634164333058935	FALSE
M1	VIT_00s0239g00090	2142	0.9778462965984037	0.00045145258384044493	FALSE
M1	VIT_19s0014g03240	64	662.0374635371605	0.30564979849361057	TRUE
M1	VIT_02s0012g01450	242	603.30638370797	0.27853480318927515	FALSE
M1	VIT_11s0052g00240	794	435.6852016908327	0.20114736920167714	FALSE
M1	VIT_12s0035g01240	1913	43.44827894197709	0.020059223888262735	FALSE
M1	VIT_01s0026g01790	488	526.1197997839341	0.24289926121141928	FALSE
M1	VIT_01s0011g03540	1745	97.99314920302477	0.045241527794563606	FALSE
M1	VIT_06s0004g07880	1147	304.5542449220893	0.14060676127520283	FALSE
M1	VIT_18s0076g00250	307	584.5130728907897	0.2698582977335132	FALSE
M1	VIT_17s0000g02470	1079	328.45594821296146	0.1516417120096775	FALSE
M1	VIT_18s0001g09000	1271	262.5433005637148	0.12121112676071782	FALSE
M1	VIT_01s0026g00200	1837	70.5083212520146	0.0325523182142265	FALSE
M1	VIT_05s0077g01650	1573	163.12840382494065	0.07531320582868913	FALSE
M1	VIT_05s0049g01130	186	621.0684079385564	0.2867351837204785	TRUE
M1	VIT_06s0004g01890	1691	114.12145195059671	0.05268765094672055	FALSE
M1	VIT_07s0095g00760	865	411.8327028023447	0.19013513518113792	FALSE
M1	VIT_14s0068g00010	937	384.4134685780184	0.17747620894645355	FALSE
M1	VIT_08s0007g07000	534	515.268885632353	0.23788960555510294	FALSE
M1	VIT_17s0000g02530	1284	258.6154912038597	0.11939773370445969	FALSE
M1	VIT_09s0002g04240	793	436.1340680294149	0.20135460204497455	FALSE
M1	VIT_00s0480g00080	1997	23.51913975610926	0.01085832860392856	FALSE
M1	VIT_02s0154g00350	761	447.37618003409364	0.2065448661283904	FALSE
M1	VIT_03s0063g01760	1986	25.42551916179602	0.01173846683370084	FALSE
M1	VIT_16s0098g01280	843	418.83416551251094	0.19336757410549904	FALSE
M1	VIT_05s0020g03870	394	552.6079156472592	0.25512830823973187	FALSE
M1	VIT_11s0016g02960	67	661.3223277705453	0.30531963424309566	TRUE
M1	VIT_06s0004g02370	579	502.7773541518759	0.23212250884204796	FALSE
M1	VIT_06s0061g01290	1266	263.34990386511487	0.1215835197899884	FALSE
M1	VIT_18s0001g02570	949	380.58709829476817	0.1757096483355347	FALSE
M1	VIT_02s0012g01270	1939	35.89463267388703	0.016571852573355045	FALSE
M1	VIT_03s0038g02170	993	362.2679313563509	0.16725204587089146	FALSE
M1	VIT_07s0005g02080	721	460.70507183209475	0.21269855578582397	FALSE
M1	VIT_04s0008g01280	1903	46.14021290639226	0.021302037352905014	FALSE
M1	VIT_03s0091g01060	1598	149.9637824024194	0.06923535660314839	FALSE
M1	VIT_02s0025g03500	745	451.6549250695184	0.20852027934880812	FALSE
M1	VIT_12s0035g00690	472	530.9529065307839	0.24513061243341824	FALSE
M1	VIT_18s0001g06060	903	394.17804756445815	0.18198432482200283	FALSE
M1	VIT_04s0069g01010	1117	311.6800502974304	0.14389660678551727	FALSE
M1	VIT_10s0003g01410	1599	149.70888015217074	0.06911767320044818	FALSE
M1	VIT_01s0011g03520	1777	89.92065484073132	0.041514614423236985	FALSE
M1	VIT_14s0060g01530	1343	237.36969547592213	0.10958896374696313	FALSE
M1	VIT_12s0059g01250	165	628.6346376829309	0.29022836458122386	TRUE
M1	VIT_14s0083g01030	117	645.824754964987	0.29816470681670687	TRUE
M1	VIT_17s0000g02730	334	576.1289454765722	0.2659875094536344	FALSE
M1	VIT_02s0025g00200	449	535.0047413836858	0.24700126564343758	FALSE
M1	VIT_19s0090g00830	85	654.6632041232555	0.30224524659430074	TRUE
M1	VIT_10s0116g00590	1543	172.4120075155979	0.0795992647809778	FALSE
M1	VIT_06s0061g00150	405	548.8392701024612	0.25338839801591007	FALSE
M1	VIT_09s0002g04080	233	604.3006071891191	0.27899381680014734	FALSE
M1	VIT_01s0010g01170	271	593.71760595022	0.27410785131589105	FALSE
M1	VIT_18s0001g11320	712	462.57198435582325	0.21356047292512614	FALSE
M1	VIT_12s0134g00160	731	456.81331396179866	0.21090180699990704	FALSE
M1	VIT_09s0002g00960	115	645.9269625881749	0.29821189408502996	TRUE
M1	VIT_01s0011g04840	1204	284.2441685094288	0.13122999469502714	FALSE
M1	VIT_03s0063g02020	452	534.6451249323968	0.24683523773425523	FALSE
M1	VIT_05s0020g04600	237	603.7936122333846	0.2787597471068258	FALSE
M1	VIT_08s0056g00140	1151	303.54943782698496	0.1401428614159672	FALSE
M1	VIT_05s0102g00660	1037	346.9978138493752	0.16020213012436527	FALSE
M1	VIT_05s0077g00520	1288	256.83202805170697	0.11857434351417681	FALSE
M1	VIT_06s0004g08210	278	592.1831222358356	0.2733994100811799	FALSE
M1	VIT_00s0304g00080	1005	360.10504698711406	0.16625348429691322	FALSE
M1	VIT_08s0007g05010	957	378.03252569005167	0.17453025193446522	FALSE
M1	VIT_18s0001g04680	767	444.7411016323477	0.20532830176932027	FALSE
M1	VIT_15s0048g02530	1483	195.5374695695412	0.09027584005980666	FALSE
M1	VIT_01s0011g00930	217	609.8487358021945	0.2815552796870704	TRUE
M1	VIT_00s2814g00010	1850	65.45724978975556	0.03022033692971171	FALSE
M1	VIT_10s0003g04480	24	683.5855950552403	0.31559815099503247	TRUE
M1	VIT_03s0180g00040	1539	173.29485219132127	0.080006856967369	FALSE
M1	VIT_14s0066g01640	648	481.88835281343546	0.22247846390278644	FALSE
M1	VIT_17s0000g05840	654	480.55771443847175	0.2218641340897838	FALSE
M1	VIT_14s0081g00020	2140	1.3537939536860966	0.0006250202925605247	FALSE
M1	VIT_11s0016g01880	919	390.6458422850112	0.18035357446214736	FALSE
M1	VIT_06s0004g02130	2106	4.85065606196677	0.002239453398876625	FALSE
M1	VIT_15s0046g00230	116	645.9031557473687	0.2982009029304565	TRUE
M1	VIT_06s0004g00910	1760	94.07475953916233	0.04343248362842213	FALSE
M1	VIT_07s0129g00320	450	534.8082507768136	0.24691054975845503	FALSE
M1	VIT_15s0021g00540	1524	178.08818032521606	0.08221984317877011	FALSE
M1	VIT_16s0100g00570	964	373.72225832547866	0.17254028546882672	FALSE
M1	VIT_03s0038g03660	611	489.6125391047798	0.22604457022381338	FALSE
M1	VIT_19s0015g01900	1314	245.47825373589535	0.11333252711721854	FALSE
M1	VIT_19s0027g01890	684	471.167652171943	0.21752892528713896	FALSE
M1	VIT_08s0040g01140	567	506.61764321175275	0.23389549548095695	FALSE
M1	VIT_07s0005g01830	1436	207.43365314195168	0.09576807624282165	FALSE
M1	VIT_04s0008g04240	713	462.51773167089965	0.21353542551749752	FALSE
M1	VIT_19s0015g01000	1273	262.26694637797544	0.12108353941734785	FALSE
M1	VIT_12s0035g00910	714	462.33634555184574	0.2134516830802612	FALSE
M1	VIT_02s0025g04550	1102	317.84297206982285	0.14674190769613243	FALSE
M1	VIT_09s0002g03460	280	592.0621985047569	0.27334358195048797	FALSE
M1	VIT_14s0068g00940	661	479.58219476507816	0.22141375566254762	FALSE
M1	VIT_11s0016g01020	1190	287.3179031049433	0.13264907807245765	FALSE
M1	VIT_07s0005g04730	1340	237.9179030774627	0.10984206051591076	FALSE
M1	VIT_14s0068g01990	1840	68.87290883190758	0.031797280162468876	FALSE
M1	VIT_07s0141g00720	1803	83.26630501567982	0.0384424307551615	FALSE
M1	VIT_07s0005g02470	1171	296.2158424208204	0.13675708329677766	FALSE
M1	VIT_19s0015g01250	354	567.460838366463	0.2619856132809155	FALSE
M1	VIT_01s0011g03550	321	580.6849418254994	0.2680909242038317	FALSE
M1	VIT_13s0019g02220	894	397.4522565069449	0.1834959632996052	FALSE
M1	VIT_12s0059g02320	803	432.24483581443474	0.19955901930490985	FALSE
M1	VIT_05s0020g02480	297	586.9830606899392	0.27099864297781123	FALSE
M1	VIT_02s0025g02840	1032	349.0185678990588	0.1611350728989191	FALSE
M1	VIT_14s0066g00850	758	448.166159219362	0.20690958412712926	FALSE
M1	VIT_19s0014g00710	934	385.3608939058496	0.17791361676170342	FALSE
M1	VIT_14s0066g01840	1277	261.336671383521	0.12065404957687949	FALSE
M1	VIT_06s0004g00980	736	453.6969002719746	0.2094630195161471	FALSE
M1	VIT_14s0068g00740	1321	242.17703471193246	0.11180841861123382	FALSE
M1	VIT_13s0019g00740	535	514.5516798512456	0.23755848561922696	FALSE
M1	VIT_07s0031g00610	38	674.1265922855661	0.3112311137052475	TRUE
M1	VIT_14s0006g00520	1302	248.2060117868942	0.11459187986467877	FALSE
M1	VIT_07s0031g01930	424	544.0955558494069	0.2511983175666698	FALSE
M1	VIT_15s0048g00830	503	522.5959544493664	0.24127237047523845	FALSE
M1	VIT_01s0150g00510	1566	166.20100586201565	0.07673176632595367	FALSE
M1	VIT_13s0019g02230	195	616.7193266888302	0.2847272976402725	TRUE
M1	VIT_11s0016g02380	1935	36.51223889397098	0.016856989332396575	FALSE
M1	VIT_03s0063g01290	1576	162.21458522604766	0.0748913135854329	FALSE
M1	VIT_13s0101g00520	879	405.1192015607497	0.18703564245648646	FALSE
M1	VIT_17s0000g02010	380	558.7350222767152	0.25795707399663675	FALSE
M1	VIT_04s0023g00580	1976	27.597185966697992	0.012741083087118186	FALSE
M1	VIT_09s0002g01060	1640	135.8404310391813	0.06271488044283532	FALSE
M1	VIT_02s0025g00360	822	427.5842778439706	0.1974073304912145	FALSE
M1	VIT_04s0008g02760	601	492.6484546311329	0.2274461932738379	FALSE
M1	VIT_16s0022g00630	1446	204.89650686230385	0.09459672523652071	FALSE
M1	VIT_18s0122g00980	533	515.8224717144184	0.2381451854637204	FALSE
M1	VIT_18s0001g06490	2156	0.16409089478006647	0.00007575756915053853	FALSE
M1	VIT_00s0361g00040	1660	126.57542290315902	0.05843740669582596	FALSE
M1	VIT_03s0091g01240	357	566.8260928334588	0.2616925636350225	FALSE
M1	VIT_16s0050g02530	308	584.3019963288484	0.2697608477972523	FALSE
M1	VIT_01s0011g05390	913	392.1048669703051	0.18102717773328952	FALSE
M1	VIT_02s0154g00310	1000	360.84961908144135	0.1665972387264272	FALSE
M1	VIT_09s0018g01670	299	586.6938535105731	0.27086512165769766	FALSE
M1	VIT_19s0014g02120	2020	19.048076665070976	0.008794125884150959	FALSE
M1	VIT_05s0049g00270	612	489.5185526765863	0.22600117852104631	FALSE
M1	VIT_19s0014g04540	1966	30.00828215253035	0.01385423922092814	FALSE
M1	VIT_09s0054g00430	2084	7.407149535465461	0.003419736627638717	FALSE
M1	VIT_02s0154g00520	1186	288.04483071112725	0.132984686385562	FALSE
M1	VIT_15s0048g02780	1485	194.38860535453531	0.08974543183496551	FALSE
M1	VIT_18s0001g04790	84	654.6947822677038	0.3022598256083582	TRUE
M1	VIT_00s2038g00010	1785	89.31042288157548	0.04123288221679385	FALSE
M1	VIT_05s0094g00930	35	674.5102616426378	0.311408246372409	TRUE
M1	VIT_18s0001g15640	1817	79.73447360098561	0.036811853001378396	FALSE
M1	VIT_12s0059g01790	401	550.3042668094537	0.25406475845311804	FALSE
M1	VIT_05s0102g00600	1384	222.91952101716518	0.10291759973091652	FALSE
M1	VIT_01s0011g03180	1245	271.7216467674735	0.12544859038202838	FALSE
M1	VIT_00s0965g00010	1155	302.47850289757025	0.13964843162399365	FALSE
M1	VIT_03s0180g00280	1180	291.23464016764376	0.13445735926484015	FALSE
M1	VIT_10s0071g01100	1108	315.9045918696749	0.14584699532302628	FALSE
M1	VIT_04s0008g01740	484	526.7695825529634	0.24319925325621577	FALSE
M1	VIT_18s0089g01320	2159	0.08788965532649852	0.000040576941517312335	FALSE
M1	VIT_00s0975g00020	765	445.454971272055	0.2056578814737096	FALSE
M1	VIT_13s0047g00110	2068	9.34808450208643	0.004315828486651168	FALSE
M1	VIT_19s0015g01310	2096	6.353510263412839	0.0029332919036993716	FALSE
M1	VIT_18s0001g08340	642	482.96540741670634	0.2229757190289503	FALSE
M1	VIT_00s0194g00080	263	596.3487563017745	0.2753226021707177	FALSE
M1	VIT_07s0005g04710	225	606.6127308473523	0.28006127924623836	FALSE
M1	VIT_18s0089g00160	1720	106.16808365241685	0.04901573575827186	FALSE
M1	VIT_15s0048g00500	615	489.1035611694264	0.22580958502743603	FALSE
M1	VIT_01s0011g02600	1608	145.41873309198724	0.06713699588734406	FALSE
M1	VIT_15s0046g02030	317	581.5605323052569	0.2684951672692783	FALSE
M1	VIT_11s0118g00580	1194	286.93986218613435	0.13247454394558372	FALSE
M1	VIT_02s0025g03240	255	599.6395412778775	0.2768418934800912	FALSE
M1	VIT_19s0085g01050	1897	48.49543894240152	0.02238939932705518	FALSE
M1	VIT_13s0106g00720	1815	81.17385437069827	0.037476387059417485	FALSE
M1	VIT_11s0016g00190	305	584.5599108702418	0.2698799219160858	FALSE
M1	VIT_09s0002g02570	1157	302.302587371159	0.13956721485279733	FALSE
M1	VIT_14s0030g01880	1955	32.43312351294043	0.014973741234044522	FALSE
M1	VIT_00s0414g00030	2069	9.166156461985455	0.004231835855025602	FALSE
M1	VIT_14s0083g01100	716	462.11447716957287	0.21334925077080927	FALSE
M1	VIT_06s0004g07310	90	652.1773109949924	0.30109755816943323	TRUE
M1	VIT_13s0064g01080	1077	329.68438828488866	0.15220885885728933	FALSE
M1	VIT_09s0002g02230	198	614.9908560578343	0.28392929642559295	TRUE
M1	VIT_00s0404g00050	1889	50.469327993473236	0.02330070544481682	FALSE
M1	VIT_08s0040g00800	1993	25.044069366912073	0.011562358895157929	FALSE
M1	VIT_04s0008g06140	1820	77.34630896916033	0.03570928391927993	FALSE
M1	VIT_00s0274g00050	1097	321.38587627055534	0.14837759753949922	FALSE
M1	VIT_14s0006g03260	385	556.7772254037592	0.25705319732398857	FALSE
M1	VIT_06s0004g06830	2095	6.3585438930198235	0.0029356158324191244	FALSE
M1	VIT_15s0045g01490	619	487.8526034390912	0.2252320422156469	FALSE
M1	VIT_00s1466g00010	2099	6.1211288021172265	0.002826005910488101	FALSE
M1	VIT_18s0001g10510	847	418.3263023716089	0.19313310358800043	FALSE
M1	VIT_10s0003g02680	174	624.9130643706818	0.28851018669006545	TRUE
M1	VIT_02s0033g00410	1646	131.81229751976687	0.06085516967671601	FALSE
M1	VIT_05s0077g01250	1912	43.58290660589574	0.020121378857754266	FALSE
M1	VIT_03s0017g01450	2091	6.614668827066613	0.0030538637244074854	FALSE
M1	VIT_08s0007g03990	386	556.5939919279477	0.25696860199812915	FALSE
M1	VIT_05s0020g04220	833	424.333843611393	0.19590666833397644	FALSE
M1	VIT_02s0025g04870	1726	104.53275414561337	0.04826073598597108	FALSE
M1	VIT_05s0049g01450	1974	28.078469403666375	0.012963282273160837	FALSE
M1	VIT_06s0004g05340	187	620.4235337862061	0.2864374578883685	TRUE
M1	VIT_12s0035g01250	375	561.6357536274534	0.25929628514656206	FALSE
M1	VIT_14s0108g00890	921	389.74753928492146	0.17993884546856947	FALSE
M1	VIT_18s0001g00140	1788	88.0637750038205	0.04065732917997253	FALSE
M1	VIT_06s0004g05290	2058	11.63227606783746	0.005370395229841856	FALSE
M1	VIT_00s0432g00010	1892	49.78927363011065	0.02298673759469559	FALSE
M1	VIT_06s0061g00350	77	658.4539014178723	0.3039953376813815	TRUE
M1	VIT_01s0011g00120	1501	187.41650746182057	0.0865265500747094	FALSE
M1	VIT_05s0020g00730	107	647.5610681736808	0.2989663287967132	TRUE
M1	VIT_18s0001g08200	1814	81.35224606062083	0.0375587470270641	FALSE
M1	VIT_09s0018g00520	130	639.7324119131423	0.29535199072628915	TRUE
M1	VIT_00s2705g00010	2	724.2283493580163	0.33436211881718203	TRUE
M1	VIT_17s0000g02850	1264	263.90982064040827	0.12184202245632884	FALSE
M1	VIT_19s0014g02970	118	645.7716379121789	0.29814018370830053	TRUE
M1	VIT_16s0050g00570	1307	247.14120340312027	0.11410027857946457	FALSE
M1	VIT_18s0157g00180	19	691.7468360194854	0.3193660369434374	TRUE
M1	VIT_10s0003g04670	423	544.1254940211063	0.2512121394372605	FALSE
M1	VIT_02s0025g03730	1662	126.23221383173063	0.058278953754261606	FALSE
M1	VIT_18s0001g12660	267	594.9618298181487	0.2746822852346023	FALSE
M1	VIT_12s0059g01810	1741	99.02653785214582	0.04571862320043667	FALSE
M1	VIT_15s0046g02410	1331	239.4964348017173	0.11057083785859524	FALSE
M1	VIT_00s0174g00180	2098	6.174245665006385	0.002850528931212551	FALSE
M1	VIT_05s0077g02260	320	580.9844903612305	0.26822921992669924	FALSE
M1	VIT_06s0004g01140	153	632.6452068368139	0.2920799662219824	TRUE
M1	VIT_00s0194g00210	555	510.33020928840926	0.2356095149069295	FALSE
M1	VIT_04s0023g01800	1269	262.8719851597315	0.12136287403496375	FALSE
M1	VIT_13s0067g03340	2111	4.099159629117309	0.0018925021371732726	FALSE
M1	VIT_02s0025g02920	301	586.1848793717279	0.27063013821409415	FALSE
M1	VIT_03s0091g00410	205	613.1884336746696	0.2830971531277329	TRUE
M1	VIT_06s0080g00320	1325	240.4783470832142	0.11102416762844608	FALSE
M1	VIT_01s0150g00380	1794	86.01689413856984	0.039712324163697986	FALSE
M1	VIT_10s0116g00350	1932	37.56223447457532	0.017341751834983987	FALSE
M1	VIT_01s0127g00870	1078	329.45451657822207	0.15210273156889292	FALSE
M1	VIT_14s0066g01880	1753	96.49228656548541	0.04454860875599511	FALSE
M1	VIT_10s0116g01340	2115	3.9518511511605334	0.0018244926828996	FALSE
M1	VIT_00s0225g00230	1296	253.2117001223709	0.11690290864375388	FALSE
M1	VIT_18s0001g14130	1143	306.22951870527356	0.14138020254167755	FALSE
M1	VIT_08s0007g05180	1200	285.79151169929054	0.1319443728990261	FALSE
M1	VIT_04s0023g01660	189	619.4617594294416	0.2859934254060211	TRUE
M1	VIT_04s0044g01740	168	626.2109512956764	0.2891093957967112	TRUE
M1	VIT_19s0015g01410	2001	23.129771065527382	0.010678564665525107	FALSE
M1	VIT_19s0015g02910	1083	325.48521579359215	0.15027018273019027	FALSE
M1	VIT_07s0031g00590	2052	12.740968898354573	0.0058822571091203014	FALSE
M1	VIT_12s0059g01830	1444	205.127905202108	0.09470355734169345	FALSE
M1	VIT_14s0006g03100	1497	189.52645638425554	0.08750067238423617	FALSE
M1	VIT_09s0002g00550	672	474.665549513482	0.21914383634048107	FALSE
M1	VIT_05s0062g00820	1426	210.1869945424022	0.09703924032428542	FALSE
M1	VIT_03s0063g02620	1488	193.48300744955674	0.08932733492592647	FALSE
M1	VIT_03s0063g01690	71	660.1143705928494	0.3047619439486839	TRUE
M1	VIT_19s0177g00110	1927	39.29381625985161	0.018141189408980428	FALSE
M1	VIT_16s0115g00170	1811	81.8574662143228	0.03779199732886556	FALSE
M1	VIT_12s0028g01640	1178	292.5303891230649	0.13505558131258766	FALSE
M1	VIT_18s0001g13360	428	542.5557640598482	0.2504874256970675	FALSE
M1	VIT_09s0002g00540	620	487.81877534816005	0.2252164244451339	FALSE
M1	VIT_08s0056g00500	417	546.0969577388666	0.2521223258258849	FALSE
M1	VIT_14s0068g00330	125	642.2980337627251	0.2965364883484419	TRUE
M1	VIT_14s0108g00800	982	366.7733092012839	0.16933209104399072	FALSE
M1	VIT_02s0087g00630	1365	228.5992339099294	0.10553981251612622	FALSE
M1	VIT_05s0020g03170	163	628.9680677337627	0.29038230273950266	TRUE
M1	VIT_04s0023g02650	558	509.9522041628046	0.2354349973050806	FALSE
M1	VIT_17s0000g02600	1156	302.37495114478924	0.13960062379722496	FALSE
M1	VIT_12s0059g00270	360	565.1208718464391	0.26090529632799586	FALSE
M1	VIT_05s0020g01970	247	601.8671360573423	0.2778703305897241	FALSE
M1	VIT_13s0019g02140	665	477.9215802642605	0.22064708230113597	FALSE
M1	VIT_08s0007g06960	1558	169.83746083585174	0.07841064673862037	FALSE
M1	VIT_11s0016g03010	137	636.3443034231456	0.29378776704669696	TRUE
M1	VIT_05s0049g00420	936	384.4217173154576	0.17748001722781975	FALSE
M1	VIT_12s0059g00230	104	648.5783050517343	0.299435967244568	TRUE
M1	VIT_03s0063g01310	2076	8.361571875638605	0.0038603748271646373	FALSE
M1	VIT_06s0061g00670	399	550.4774789934966	0.25414472714381187	FALSE
M1	VIT_01s0011g05140	2085	7.333077574516008	0.003385539046406283	FALSE
M1	VIT_05s0102g00310	566	506.6202247611802	0.2338966873320315	FALSE
M1	VIT_17s0000g02120	846	418.34249350535373	0.19314057871899987	FALSE
M1	VIT_05s0020g02890	1490	191.9563568041118	0.08862251006653361	FALSE
M1	VIT_08s0040g00480	1631	137.65539293234642	0.06355281298815624	FALSE
M1	VIT_00s0340g00060	1290	256.5112380652934	0.11842624102737462	FALSE
M1	VIT_09s0002g03140	1061	337.98448672326856	0.15604085259615352	FALSE
M1	VIT_18s0089g01420	17	693.7366753797502	0.3202847070081949	TRUE
M1	VIT_18s0001g10690	486	526.5417733771723	0.24309407819814047	FALSE
M1	VIT_12s0057g01550	236	603.995428860122	0.2788529219114137	FALSE
M1	VIT_06s0061g00330	100	650.3278995933623	0.30024372095723095	TRUE
M1	VIT_02s0012g00450	1185	289.39666981283233	0.1336088041610491	FALSE
M1	VIT_02s0025g05070	1863	60.62400180710599	0.027988920501895657	FALSE
M1	VIT_02s0154g00250	640	483.17133335882835	0.22307079102438981	FALSE
M1	VIT_13s0019g00260	371	562.6140841788458	0.2597479613014062	FALSE
M1	VIT_00s0220g00180	1220	279.9844414427364	0.12926336170024763	FALSE
M1	VIT_01s0011g06580	316	582.0805056237903	0.26873522881984774	FALSE
M1	VIT_03s0063g01880	1408	215.2315000964571	0.0993681902569054	FALSE
M1	VIT_07s0104g00790	259	597.0342402590618	0.27563907675856963	FALSE
M1	VIT_09s0002g06430	1835	70.9479798260845	0.03275530001204271	FALSE
M1	VIT_09s0002g00670	1158	300.79492757193873	0.13887115769710928	FALSE
M1	VIT_04s0044g01310	764	446.32652991344395	0.2060602631179335	FALSE
M1	VIT_14s0128g00570	965	373.45366019362183	0.17241627894442374	FALSE
M1	VIT_07s0005g00140	1090	323.99513846019397	0.14958224305641457	FALSE
M1	VIT_15s0046g01990	1258	265.4783542036364	0.12256618384286076	FALSE
M1	VIT_08s0007g00710	1712	108.35174532081771	0.050023889806471704	FALSE
M1	VIT_19s0014g00750	806	431.82629339547424	0.19936578642450334	FALSE
M1	VIT_00s0340g00050	1278	260.75663218053467	0.12038625677771683	FALSE
M1	VIT_15s0046g02000	885	403.08952479333465	0.1860985802369966	FALSE
M1	VIT_06s0004g05910	1038	346.3573172921134	0.1599064253426193	FALSE
M1	VIT_04s0044g01300	1895	49.25347590051941	0.02273937022184645	FALSE
M1	VIT_08s0007g08910	1370	225.88591849865003	0.10428712765403972	FALSE
M1	VIT_09s0054g01220	1386	222.42176662831906	0.10268779622729413	FALSE
M1	VIT_05s0020g04420	1257	265.9107727446726	0.12276582305848227	FALSE
M1	VIT_02s0012g00460	973	371.4125003473458	0.17147391521114766	FALSE
M1	VIT_02s0025g03320	1925	39.39319733436945	0.018187071714852007	FALSE
M1	VIT_14s0030g00250	8	707.6935656415551	0.3267283313211242	TRUE
M1	VIT_14s0030g01360	744	451.80123314527526	0.20858782693687686	FALSE
M1	VIT_01s0010g03710	680	471.97346773313427	0.21790095463210263	FALSE
M1	VIT_16s0098g01550	2036	16.61116642331064	0.0076690519036521874	FALSE
M1	VIT_17s0000g02710	622	487.5894890286391	0.2251105674185776	FALSE
M1	VIT_08s0007g06200	426	542.8939287023115	0.2506435497240589	FALSE
M1	VIT_00s0271g00090	1241	272.1214226347123	0.12563315911113218	FALSE
M1	VIT_02s0025g01280	1872	56.5063925074646	0.026087900511294827	FALSE
M1	VIT_15s0046g01230	1033	348.46904645714346	0.1608813695554679	FALSE
M1	VIT_18s0001g08510	1374	224.9689811473717	0.10386379554356957	FALSE
M1	VIT_04s0023g03810	370	562.6207852400684	0.2597510550508164	FALSE
M1	VIT_17s0000g09900	1926	39.346604060111105	0.018165560507899865	FALSE
M1	VIT_14s0006g02530	1752	96.87911389150104	0.04472719939589152	FALSE
M1	VIT_00s0125g00190	799	434.22283401747836	0.20047222253807864	FALSE
M1	VIT_04s0043g00840	1382	223.91013550349186	0.10337494713919292	FALSE
M1	VIT_01s0011g02770	905	393.57245465691165	0.18170473437530546	FALSE
M1	VIT_06s0004g05950	326	578.653878896519	0.2671532220205536	FALSE
M1	VIT_02s0087g00910	1958	32.04688003356166	0.014795420144765311	FALSE
M1	VIT_08s0040g03400	720	460.92548059962485	0.21280031421958673	FALSE
M1	VIT_12s0028g00670	1193	286.98621685374155	0.13249594499249379	FALSE
M1	VIT_00s0276g00020	1472	198.4794756783068	0.09163410696136048	FALSE
M1	VIT_09s0018g01220	860	414.390028773536	0.1913158027578652	FALSE
M1	VIT_18s0041g01220	1447	204.56510494513904	0.09444372342804203	FALSE
M1	VIT_14s0068g02120	229	605.089008497924	0.27935780632406465	FALSE
M1	VIT_06s0061g00180	605	491.60532144839897	0.22696459900664773	FALSE
M1	VIT_12s0028g02520	1569	165.28655229665165	0.07630958093104878	FALSE
M1	VIT_18s0001g11860	587	499.0962127353857	0.23042299756943013	FALSE
M1	VIT_04s0023g02900	1432	208.50450835655224	0.09626246923201857	FALSE
M1	VIT_02s0033g00290	1641	135.35443782380534	0.06249050684386211	FALSE
M1	VIT_05s0049g01780	2022	18.645419538014472	0.008608226933524686	FALSE
M1	VIT_14s0068g00050	1617	142.94754488845203	0.06599609643972855	FALSE
M1	VIT_00s0259g00140	1359	231.08826814385145	0.1066889511282786	FALSE
M1	VIT_06s0080g00150	775	441.7522742984054	0.20394841842031644	FALSE
M1	VIT_05s0077g00540	1663	126.12029084383951	0.05822728109133865	FALSE
M1	VIT_17s0000g03130	96	650.7426398225058	0.30043519844067673	TRUE
M1	VIT_19s0014g03210	1801	83.65315560972934	0.03862103213745584	FALSE
M1	VIT_13s0320g00060	177	623.5524492530932	0.28788201719902734	TRUE
M1	VIT_18s0001g06180	1831	72.76894833751155	0.03359600569598871	FALSE
M1	VIT_18s0001g11710	660	479.61622637732233	0.22142946739488567	FALSE
M1	VIT_01s0026g00070	1203	285.11422724237275	0.13163168386074459	FALSE
M1	VIT_18s0001g10830	396	551.9960859352556	0.25484583838192776	FALSE
M1	VIT_04s0023g02730	1998	23.369118348826134	0.01078906664304069	FALSE
M1	VIT_00s0371g00100	1188	287.6695228805806	0.13281141407229022	FALSE
M1	VIT_16s0148g00320	1849	65.9566739497175	0.03045091133412627	FALSE
M1	VIT_15s0021g01130	28	677.0602627124821	0.31258553218489477	TRUE
M1	VIT_07s0031g02340	1162	298.0967080400813	0.13762544230844012	FALSE
M1	VIT_08s0007g07550	578	503.44984808316593	0.23243298618798058	FALSE
M1	VIT_16s0098g00990	2017	19.686921425621442	0.009089068063537138	FALSE
M1	VIT_01s0137g00520	1058	338.5205501527455	0.1562883426374633	FALSE
M1	VIT_17s0000g00130	1330	239.51242731009137	0.11057822128813083	FALSE
M1	VIT_00s0253g00060	136	636.9868274885084	0.2940844078894314	TRUE
M1	VIT_03s0088g00180	2128	2.543087974446805	0.0011740941710280724	FALSE
M1	VIT_18s0001g01750	2165	0.04344021286826465	0.000020055499939180352	FALSE
M1	VIT_12s0034g01930	603	492.0260769361826	0.22715885361781285	FALSE
M1	VIT_06s0004g04320	49	668.5572565570213	0.3086598599062887	TRUE
M1	VIT_19s0085g00740	1317	244.58401249553	0.11291967335897045	FALSE
M1	VIT_05s0020g01110	306	584.5511659755659	0.26987588456859	FALSE
M1	VIT_03s0088g00320	1674	121.06985299634583	0.05589559233441636	FALSE
M1	VIT_18s0001g14980	1428	209.63567593236465	0.09678470726332625	FALSE
M1	VIT_11s0016g03350	692	469.4971053923771	0.216757666386139	FALSE
M1	VIT_05s0049g00010	1381	224.17985087354288	0.10349946947070308	FALSE
M1	VIT_02s0025g01230	950	380.08119578261653	0.17547608300213136	FALSE
M1	VIT_10s0003g01690	1118	311.5751708106447	0.14384818596982674	FALSE
M1	VIT_17s0000g01790	447	535.4523614164693	0.24720792309162942	FALSE
M1	VIT_11s0016g03370	504	522.4010260010407	0.24118237580842136	FALSE
M1	VIT_04s0008g01720	1076	329.7702004711697	0.1522484766718235	FALSE
M1	VIT_10s0003g00040	784	438.541512804879	0.2024660723937576	FALSE
M1	VIT_01s0011g04080	974	370.74767615377635	0.17116697883369175	FALSE
M1	VIT_08s0032g00150	766	445.21728703874044	0.20554814729397067	FALSE
M1	VIT_11s0016g04570	453	534.5964824867043	0.24681278046477576	FALSE
M1	VIT_17s0053g00380	1059	338.3209234808766	0.15619617889237147	FALSE
M1	VIT_00s0174g00330	1055	340.63968206613237	0.15726670455500108	FALSE
M1	VIT_01s0011g02320	1522	178.68377906855972	0.08249481951457051	FALSE
M1	VIT_14s0006g02570	686	470.83794020236013	0.21737670369453377	FALSE
M1	VIT_13s0084g00240	1909	44.901468490226755	0.020730133190317062	FALSE
M1	VIT_16s0050g02680	1916	42.656688959196025	0.019693762215695302	FALSE
M1	VIT_14s0036g00340	2028	17.82369993181054	0.008228855000835892	FALSE
M1	VIT_19s0090g00710	926	387.9202649477849	0.17909522850774925	FALSE
M1	VIT_07s0129g00660	1515	180.56025775308612	0.08336115316393634	FALSE
M1	VIT_10s0003g00130	1544	171.9832132286106	0.07940129881283961	FALSE
M1	VIT_05s0124g00530	148	633.8912234072735	0.29265522779652514	TRUE
M1	VIT_02s0025g01260	1537	173.70092161677744	0.08019433130968487	FALSE
M1	VIT_07s0005g04890	826	426.20034298386133	0.1967683947293912	FALSE
M1	VIT_01s0026g02680	339	573.0896478435337	0.2645843249508466	FALSE
M1	VIT_13s0074g00040	179	622.9365155867462	0.2875976526254599	TRUE
M1	VIT_07s0129g00250	929	386.7657772911873	0.1785622240494863	FALSE
M1	VIT_13s0106g00230	1073	331.14840811776315	0.15288476829074937	FALSE
M1	VIT_00s0194g00010	376	561.5784642612733	0.25926983576236073	FALSE
M1	VIT_06s0004g02640	650	481.279444575463	0.22219734283262374	FALSE
M1	VIT_00s0238g00020	639	483.2575371103881	0.22311058961698435	FALSE
M1	VIT_18s0001g11780	1294	253.64112053505565	0.11710116368192781	FALSE
M1	VIT_18s0122g00620	191	618.8515440551753	0.2857117008564983	TRUE
M1	VIT_01s0011g03400	864	412.20224634145717	0.19030574623335972	FALSE
M1	VIT_13s0158g00080	216	610.4412544452928	0.28182883400059683	TRUE
M1	VIT_09s0018g01490	30	676.0496830764549	0.31211896725598104	TRUE
M1	VIT_14s0060g01880	1597	150.28323693537493	0.06938284253710754	FALSE
M1	VIT_08s0007g04240	1921	40.473694750790244	0.01868591632077112	FALSE
M1	VIT_07s0005g00870	1457	202.02796389609614	0.09327237483660948	FALSE
M1	VIT_04s0044g01120	1529	176.56986684166586	0.08151886742459181	FALSE
M1	VIT_08s0056g01120	645	482.4162635201684	0.22272218999084414	FALSE
M1	VIT_13s0019g00240	78	657.7461733127941	0.30366859340387536	TRUE
M1	VIT_11s0052g01570	421	544.2665322308425	0.2512772540308599	FALSE
M1	VIT_05s0094g01080	1425	210.64042333108617	0.09724857956190497	FALSE
M1	VIT_10s0003g00220	178	622.9521610076125	0.28760487581145544	TRUE
M1	VIT_04s0044g00190	374	561.9145023754985	0.25942497801269554	FALSE
M1	VIT_04s0008g01900	239	603.6795542931036	0.2787070887779795	FALSE
M1	VIT_19s0015g02380	439	538.8004007545616	0.24875364762445132	FALSE
M1	VIT_10s0003g00330	958	377.9690800635433	0.17450096032481222	FALSE
M1	VIT_07s0104g01420	1611	144.7212787255092	0.06681499479478725	FALSE
M1	VIT_07s0151g00260	726	459.0471261770562	0.21193311457851163	FALSE
M1	VIT_01s0011g00760	623	487.439993774728	0.2250415483724506	FALSE
M1	VIT_02s0033g00300	1114	312.86333774198226	0.14444290754477482	FALSE
M1	VIT_18s0001g12180	481	527.3572995984753	0.24347059076568572	FALSE
M1	VIT_05s0062g01430	1008	359.05307806896417	0.1657678107428274	FALSE
M1	VIT_07s0031g01060	1582	159.15911124806937	0.07348066077934874	FALSE
M1	VIT_18s0001g02770	1929	38.50207285772327	0.017775656905689413	FALSE
M1	VIT_06s0061g01370	248	601.5621956869871	0.27772954556185925	FALSE
M1	VIT_11s0037g00570	523	518.8522783564432	0.23954398816086944	FALSE
M1	VIT_00s0983g00010	568	506.5985625357946	0.23388668630461432	FALSE
M1	VIT_14s0171g00150	1216	282.1268237313333	0.13025245786303474	FALSE
M1	VIT_15s0048g00550	232	604.4193112150026	0.27904862013619697	FALSE
M1	VIT_05s0049g00120	1643	134.14697685714177	0.06193304564041633	FALSE
M1	VIT_02s0012g02810	2019	19.305897118722292	0.00891315656450706	FALSE
M1	VIT_01s0026g00570	1464	200.10159000570806	0.0923830055428015	FALSE
M1	VIT_05s0049g01320	1369	225.97673872988955	0.1043290575853599	FALSE
M1	VIT_10s0003g00050	647	482.1653353948932	0.22260634136421661	FALSE
M1	VIT_18s0089g00010	825	426.6916181023147	0.19699520688010835	FALSE
M1	VIT_01s0010g01870	1081	325.7319144222097	0.1503840786806139	FALSE
M1	VIT_13s0019g01200	849	417.6656015383272	0.19282807088565432	FALSE
M1	VIT_06s0061g00620	548	511.5258630518583	0.2361615249546899	FALSE
M1	VIT_00s0270g00010	817	428.24000685403314	0.19771006779964595	FALSE
M1	VIT_04s0044g01010	231	604.7640298214923	0.27920777000068897	FALSE
M1	VIT_04s0008g01700	1478	196.03378330173058	0.09050497844031882	FALSE
M1	VIT_03s0038g04760	1542	172.75711498257752	0.07975859417478187	FALSE
M1	VIT_17s0000g01360	1853	64.64608990048878	0.029845840212598694	FALSE
M1	VIT_19s0177g00280	294	588.2181789550128	0.2715688730170881	FALSE
M1	VIT_06s0004g04610	42	673.3687119446186	0.3108812151175524	TRUE
M1	VIT_07s0005g02590	167	626.4281993806832	0.2892096950049322	TRUE
M1	VIT_18s0001g14910	997	361.9174900201805	0.16709025393360133	FALSE
M1	VIT_05s0077g01450	609	490.51902717684766	0.2264630781056545	FALSE
M1	VIT_07s0129g00970	1567	165.50969520281026	0.0764126016633473	FALSE
M1	VIT_18s0001g05890	1404	216.22011339536402	0.09982461375593907	FALSE
M1	VIT_00s0753g00010	816	428.5552441922025	0.1978556067369356	FALSE
M1	VIT_02s0025g01710	2007	20.630845820597088	0.009524859566295977	FALSE
M1	VIT_01s0011g03450	1022	355.3732672132907	0.16406891376421548	FALSE
M1	VIT_00s1389g00010	2066	9.824397649604306	0.004535732986890261	FALSE
M1	VIT_06s0004g05780	741	452.5597508703888	0.20893801979242327	FALSE
M1	VIT_09s0002g00420	1894	49.42737379760028	0.02281965549289025	FALSE
M1	VIT_19s0135g00300	101	650.0568841480938	0.30011859840632216	TRUE
M1	VIT_01s0011g04060	961	375.79648229318957	0.17349791426278374	FALSE
M1	VIT_03s0097g00210	2161	0.06341510194026169	0.00002927751705459912	FALSE
M1	VIT_00s1959g00010	2079	7.947110961002585	0.003669026297785127	FALSE
M1	VIT_05s0102g00610	1224	277.898219589304	0.12830019371620682	FALSE
M1	VIT_03s0038g02150	243	602.8523446636453	0.2783251822085159	FALSE
M1	VIT_11s0065g00970	2149	0.43986670941760175	0.00020307788985115502	FALSE
M1	VIT_14s0030g01040	873	408.1315442608117	0.18842638239187984	FALSE
M1	VIT_14s0083g00670	1513	181.98466968232373	0.08401877639996479	FALSE
M1	VIT_19s0090g01070	1934	36.86277066581508	0.01701882302207529	FALSE
M1	VIT_06s0004g02230	923	389.01461361909855	0.17960046796818954	FALSE
M1	VIT_01s0011g06200	655	480.48535495965393	0.2218307271281874	FALSE
M1	VIT_08s0007g03710	773	442.5026515296452	0.20429485296844194	FALSE
M1	VIT_19s0015g02480	287	590.0901309698995	0.272433116791274	FALSE
M1	VIT_18s0001g12190	855	415.9113540680718	0.19201816900649665	FALSE
M1	VIT_00s0274g00060	214	610.7491711727669	0.2819709931545553	TRUE
M1	VIT_09s0002g00650	1861	61.395942883063306	0.028345310657000602	FALSE
M1	VIT_04s0044g00530	1762	93.47337969431187	0.04315483827068877	FALSE
M1	VIT_04s0008g04050	338	573.7130922185158	0.2648721570722603	FALSE
M1	VIT_11s0016g02110	901	394.7723522204006	0.18225870370286268	FALSE
M1	VIT_00s1251g00010	1053	341.3556083036279	0.15759723375052073	FALSE
M1	VIT_02s0087g00720	1774	90.14291257533789	0.04161722648907566	FALSE
M1	VIT_01s0026g00350	1168	296.4413115076752	0.13686117798138284	FALSE
M1	VIT_19s0015g00530	774	442.2192649482999	0.20416401890503227	FALSE
M1	VIT_18s0001g15330	2083	7.694132242435899	0.003552230952186472	FALSE
M1	VIT_06s0061g00680	708	463.5597203677945	0.21401649139787374	FALSE
M1	VIT_18s0001g02100	1473	198.15371536652995	0.09148370977217449	FALSE
M1	VIT_03s0038g04570	1679	119.22674914664941	0.05504466719605236	FALSE
M1	VIT_15s0021g00880	537	513.6446111435956	0.23713970966925005	FALSE
M1	VIT_07s0129g01090	893	399.29366399426976	0.18434610526051234	FALSE
M1	VIT_18s0072g00260	1984	25.66940143057798	0.01185106252565927	FALSE
M1	VIT_00s1764g00020	1670	122.79063441230643	0.05669004358832245	FALSE
M1	VIT_10s0003g05480	1030	349.4374287601552	0.1613284527978556	FALSE
M1	VIT_01s0011g05200	906	393.30631192230805	0.181581861459976	FALSE
M1	VIT_05s0062g00780	1215	282.2233497322022	0.1302970220370278	FALSE
M1	VIT_19s0140g00140	749	450.6414510719281	0.2080523781495513	FALSE
M1	VIT_12s0057g00200	810	430.43841954246443	0.19872503210640094	FALSE
M1	VIT_15s0046g01920	1918	41.725789820824424	0.019263984220140546	FALSE
M1	VIT_11s0016g05110	1132	308.44796717789967	0.14240441697963974	FALSE
M1	VIT_13s0106g00550	1137	307.117191361616	0.14179002371265742	FALSE
M1	VIT_11s0016g05570	690	469.61894076521	0.21681391540406741	FALSE
M1	VIT_13s0067g03780	1606	145.7309980350266	0.06728116252771311	FALSE
M1	VIT_15s0046g00590	1719	106.43199365569431	0.04913757786504816	FALSE
M1	VIT_00s0333g00060	971	372.0175262515623	0.17175324388345442	FALSE
M1	VIT_18s0001g03880	1441	206.4450077370655	0.09531163792108288	FALSE
M1	VIT_08s0007g03630	398	551.2327859112197	0.25449343763214205	FALSE
M1	VIT_17s0000g02440	350	567.799330978201	0.2621418887249312	FALSE
M1	VIT_17s0000g08480	353	567.6139448470046	0.2620562995600206	FALSE
M1	VIT_03s0063g00030	723	460.0534468965485	0.21239771324863735	FALSE
M1	VIT_18s0001g10550	210	611.2957983201934	0.2822233602586304	TRUE
M1	VIT_18s0001g11430	2030	17.65955896534102	0.008153074314561875	FALSE
M1	VIT_17s0000g09400	539	513.4828240794333	0.23706501573381036	FALSE
M1	VIT_03s0017g00730	1874	55.954920999920084	0.02583329686053559	FALSE
M1	VIT_07s0005g01210	1092	323.67017232010375	0.14943221252082353	FALSE
M1	VIT_00s2526g00010	1731	104.09828791722647	0.04806015139299468	FALSE
M1	VIT_00s0347g00050	1887	51.057863616036656	0.023572420875363185	FALSE
M1	VIT_03s0038g03410	1561	168.6832258316773	0.07787775892505877	FALSE
M1	VIT_15s0046g00660	1463	200.36161665245552	0.09250305477952701	FALSE
M1	VIT_02s0025g02970	1406	215.72407250688548	0.09959560134205239	FALSE
M1	VIT_17s0000g04210	1520	179.10444290485873	0.08268903181203081	FALSE
M1	VIT_10s0003g00100	2154	0.22601935889907784	0.00010434873448710888	FALSE
M1	VIT_13s0064g01320	430	542.0712717446391	0.2502637450344594	FALSE
M1	VIT_04s0044g01760	1357	231.96118012144467	0.10709195758146106	FALSE
M1	VIT_03s0038g03220	853	416.44015213742483	0.19226230477258766	FALSE
M1	VIT_05s0020g01840	598	493.9802368934612	0.2280610511973505	FALSE
M1	VIT_11s0016g04810	1035	347.7043290665639	0.16052831443516338	FALSE
M1	VIT_01s0026g01910	638	483.59220740082776	0.22326510036972658	FALSE
M1	VIT_16s0050g00240	1047	344.07498003068247	0.15885271469560594	FALSE
M1	VIT_07s0031g00120	270	594.3353581310972	0.27439305546218706	FALSE
M1	VIT_03s0038g03560	1963	30.732345459490183	0.014188525142885587	FALSE
M1	VIT_04s0008g01970	246	602.0926672580779	0.2779744539510978	FALSE
M1	VIT_08s0007g08470	261	596.5013968651334	0.27539307334493696	FALSE
M1	VIT_19s0014g03650	1890	50.20031332316983	0.023176506612728454	FALSE
M1	VIT_00s0125g00200	1878	54.94610840595309	0.02536754774051389	FALSE
M1	VIT_18s0001g11130	1768	92.14698906439253	0.04254246955881465	FALSE
M1	VIT_06s0004g03210	802	432.5599239525449	0.19970448935943902	FALSE
M1	VIT_03s0063g02200	1959	31.70994600122933	0.014639864266495535	FALSE
M1	VIT_05s0077g01720	948	380.7753345168797	0.17579655333189276	FALSE
M1	VIT_01s0011g03360	2026	18.175939209451858	0.008391477012673988	FALSE
M1	VIT_18s0001g08240	97	650.7257926913446	0.3004274204484509	TRUE
M1	VIT_12s0028g03100	496	523.8289850170319	0.24184163666529634	FALSE
M1	VIT_19s0014g05090	1228	276.28382988065164	0.12755486144074407	FALSE
M1	VIT_09s0002g03860	877	406.0133664365588	0.18744846095870674	FALSE
M1	VIT_08s0007g02020	501	523.0245882187381	0.24147026233552082	FALSE
M1	VIT_03s0038g01050	790	437.536930074425	0.2020022761193098	FALSE
M1	VIT_02s0025g01240	1049	343.50727450032974	0.15859061611280229	FALSE
M1	VIT_18s0001g05850	599	493.51404768265803	0.22784582072144877	FALSE
M1	VIT_12s0057g00310	400	550.3078804375451	0.25406642679480385	FALSE
M1	VIT_00s0271g00100	469	531.4679331913967	0.24536839020840107	FALSE
M1	VIT_12s0028g00040	751	450.3094580156885	0.2078991034236789	FALSE
M1	VIT_03s0038g02400	1074	331.0310267924908	0.15283057561980185	FALSE
M1	VIT_05s0020g05020	1707	109.90914674762972	0.0507429117025068	FALSE
M1	VIT_03s0091g01290	892	399.69388202116966	0.1845308781261171	FALSE
M1	VIT_06s0004g04860	1135	307.66656179912167	0.1420436573403147	FALSE
M1	VIT_07s0005g02060	753	449.99724427326095	0.2077549604216348	FALSE
M1	VIT_18s0001g11520	1809	82.6336223879295	0.03815033351243283	FALSE
M1	VIT_00s2829g00010	2150	0.42326539190701	0.0001954133849986196	FALSE
M1	VIT_17s0000g09030	207	612.8501793294158	0.2829409876867109	TRUE
M1	VIT_12s0028g03120	1181	290.62651073729137	0.13417659775498217	FALSE
M1	VIT_16s0098g01790	1123	309.9438756561061	0.1430950487793657	FALSE
M1	VIT_15s0107g00270	866	411.6338826992041	0.1900433438131136	FALSE
M1	VIT_04s0008g03240	947	380.82572346576427	0.175819816927869	FALSE
M1	VIT_10s0003g02120	1583	158.49405905884004	0.07317361914073871	FALSE
M1	VIT_03s0038g01830	1262	264.4926911052739	0.12211112239393992	FALSE
M1	VIT_12s0057g01110	1244	271.883001299918	0.12552308462600092	FALSE
M1	VIT_19s0090g01040	1574	162.68327056548233	0.07510769647529193	FALSE
M1	VIT_08s0040g01510	942	382.96956125227206	0.17680958506568423	FALSE
M1	VIT_12s0035g01820	1684	115.96117059639134	0.05353701320239674	FALSE
M1	VIT_13s0019g03060	1764	93.20544618638063	0.04303113859020343	FALSE
M1	VIT_13s0067g02910	1154	302.62599751980093	0.13971652701745196	FALSE
M1	VIT_11s0016g01850	436	539.8705070184246	0.2492476948376845	FALSE
M1	VIT_12s0028g03350	730	457.59648396062397	0.21126338132992797	FALSE
M1	VIT_11s0016g03940	1550	170.81115491950678	0.07886018232664209	FALSE
M1	VIT_08s0007g06470	1675	121.01861911005564	0.05587193864730177	FALSE
M1	VIT_18s0001g06790	941	383.13535344707503	0.17688612809190907	FALSE
M1	VIT_05s0020g01870	1942	35.127750434432066	0.01621779798450234	FALSE
M1	VIT_10s0042g00450	1548	171.2581212538434	0.07906653797499695	FALSE
M1	VIT_05s0094g00470	643	482.96351265773	0.22297484425564634	FALSE
M1	VIT_00s0389g00030	529	516.9437037879162	0.238662836467182	FALSE
M1	VIT_00s0615g00010	1979	26.8241888841008	0.012384205394321699	FALSE
M1	VIT_19s0090g01170	2121	3.2830167889507393	0.0015157048887122528	FALSE
M1	VIT_09s0002g02580	1632	137.6417080576869	0.06354649494814724	FALSE
M1	VIT_14s0066g01140	1013	357.4153006817513	0.16501168083183348	FALSE
M1	VIT_04s0044g00730	616	488.9633197510236	0.22574483829687148	FALSE
M1	VIT_16s0013g00990	1711	109.01889837211613	0.05033190137216811	FALSE
M1	VIT_08s0007g03820	659	479.66903318917355	0.22145384727108658	FALSE
M1	VIT_19s0014g00790	482	527.2718068309323	0.2434311204205597	FALSE
M1	VIT_16s0098g01870	1062	337.5800883669274	0.15585414975389075	FALSE
M1	VIT_06s0009g03010	2087	7.228868390767792	0.0033374276965686942	FALSE
M1	VIT_11s0016g00730	747	451.0065469265679	0.20822093579250597	FALSE
M1	VIT_02s0025g01300	1394	220.3292764960132	0.10172173430102179	FALSE
M1	VIT_08s0040g00690	1280	259.70812610001553	0.11990218194829895	FALSE
M1	VIT_00s0389g00040	250	601.454529351211	0.2776798381122858	FALSE
M1	VIT_18s0001g08870	1532	175.27320697665476	0.08092022482763378	FALSE
M1	VIT_12s0034g00500	2040	15.217063318340555	0.007025421661283728	FALSE
M1	VIT_01s0137g00550	1347	236.39662452291276	0.1091397158462201	FALSE
M1	VIT_10s0003g01830	1700	111.92539500951065	0.05167377424261803	FALSE
M1	VIT_18s0001g00720	1100	318.385293138506	0.1469922867675466	FALSE
M1	VIT_08s0007g01590	183	622.5326256082751	0.2874111844913551	TRUE
M1	VIT_06s0080g00780	1350	235.04759151678527	0.10851689359039025	FALSE
M1	VIT_18s0001g11470	1407	215.540263724779	0.09951074040848523	FALSE
M1	VIT_06s0004g04310	161	629.6643667094824	0.29070377041065665	TRUE
M1	VIT_07s0005g04320	2162	0.05795001652469687	0.000026754393594042875	FALSE
M1	VIT_19s0015g01080	2160	0.067643162723114	0.00003122953034308126	FALSE
M1	VIT_07s0005g01680	1251	269.27587557249774	0.12431942547206729	FALSE
M1	VIT_09s0002g06300	1967	29.69222696521906	0.013708322698623758	FALSE
M1	VIT_06s0004g00150	1272	262.4923943325955	0.12118762434561195	FALSE
M1	VIT_00s0225g00120	966	373.0199677566616	0.1722160515958733	FALSE
M1	VIT_03s0063g01220	1846	67.07570320953353	0.03096754534142822	FALSE
M1	VIT_14s0068g01380	1594	151.83258560878284	0.07009814663378709	FALSE
M1	VIT_12s0028g01670	1579	161.76287227851262	0.07468276651824221	FALSE
M1	VIT_03s0063g02250	2043	14.970050522463529	0.006911380665957308	FALSE
M1	VIT_06s0061g00570	1828	73.80959964173603	0.03407645412822531	FALSE
M1	VIT_05s0102g00190	1303	247.76966383474672	0.11439042651650357	FALSE
M1	VIT_07s0005g03390	621	487.79739863623325	0.22520655523371802	FALSE
M1	VIT_14s0108g01130	1665	125.38833355001428	0.05788935066944334	FALSE
M1	VIT_01s0026g00300	1649	130.54313059664224	0.06026922003538423	FALSE
M1	VIT_13s0019g02130	562	508.83023535457545	0.2349170061655473	FALSE
M1	VIT_01s0011g04270	383	557.9024539550948	0.2575726934234048	FALSE
M1	VIT_00s0347g00040	1213	282.4693059218019	0.13041057521782173	FALSE
M1	VIT_17s0000g03010	22	685.610851944231	0.3165331726427659	TRUE
M1	VIT_12s0028g01690	2092	6.589776681558151	0.0030423715057978536	FALSE
M1	VIT_11s0016g03090	2157	0.11077747815389664	0.0000511438033951508	FALSE
M1	VIT_01s0011g03070	1790	87.6578742675949	0.040469932718187863	FALSE
M1	VIT_16s0013g01050	1776	89.96763787331687	0.04153630557401518	FALSE
M1	VIT_07s0129g00870	80	656.5428158140425	0.303113026691617	TRUE
M1	VIT_04s0044g01020	492	525.5783273044502	0.24264927391710536	FALSE
M1	VIT_17s0000g03460	1139	306.8135029174979	0.1416498166747451	FALSE
M1	VIT_18s0001g11170	1440	206.56725046635364	0.09536807500755015	FALSE
M1	VIT_11s0016g00300	1026	350.89919842865396	0.16200332337426315	FALSE
M1	VIT_18s0001g09450	169	625.587291553793	0.2888214642445951	TRUE
M1	VIT_07s0031g02550	968	372.44338866061076	0.1719498562606698	FALSE
M1	VIT_00s0286g00010	2086	7.268150413001415	0.003355563440905547	FALSE
M1	VIT_16s0098g00860	2123	2.9276537757550596	0.00135164070902819	FALSE
M1	VIT_05s0062g00520	387	556.1465339616183	0.25676201937286164	FALSE
M1	VIT_15s0045g00040	2047	14.40680663597008	0.006651341937197636	FALSE
M1	VIT_03s0038g04390	1924	39.769066717295786	0.0183606032859168	FALSE
M1	VIT_19s0015g02700	1227	276.5139568817253	0.1276611065935943	FALSE
M1	VIT_13s0019g00650	2073	8.609881424013926	0.003975014507854998	FALSE
M1	VIT_04s0023g01640	1091	323.7075379357354	0.14944946349756943	FALSE
M1	VIT_04s0008g01880	1217	280.9974683112685	0.12973105646872968	FALSE
M1	VIT_11s0118g00730	1922	40.185706068748026	0.018552957557132054	FALSE
M1	VIT_08s0007g03040	1956	32.39291973889234	0.014955179934853341	FALSE
M1	VIT_13s0073g00530	253	600.7370857811558	0.2773486083938854	FALSE
M1	VIT_10s0003g00620	1116	311.8353766820337	0.14396831795107742	FALSE
M1	VIT_19s0085g01170	2101	6.063312606916821	0.0027993132995922532	FALSE
M1	VIT_06s0009g03120	25	683.3091715447819	0.3154705316457903	TRUE
M1	VIT_14s0108g00560	1690	114.31855179890985	0.05277864810660658	FALSE
M1	VIT_00s1542g00010	2048	14.249904902550183	0.006578903463781248	FALSE
M1	VIT_03s0063g01480	1275	261.95755395430956	0.12094069896320847	FALSE
M1	VIT_06s0009g03000	1603	147.11215068469133	0.06791881379717975	FALSE
M1	VIT_13s0067g02280	763	446.5942697199429	0.2061838733702414	FALSE
M1	VIT_18s0001g00710	1950	33.264140338298134	0.015357405511679656	FALSE
M1	VIT_02s0154g00070	358	565.9457027486982	0.2612861046854562	FALSE
M1	VIT_18s0001g11310	881	403.7832573775472	0.18641886305519262	FALSE
M1	VIT_15s0048g01080	1755	96.2064310892992	0.04441663485193869	FALSE
M1	VIT_18s0157g00090	531	516.2412412379421	0.23833852319387908	FALSE
M1	VIT_14s0030g01700	1355	232.38258620710644	0.10728651256099098	FALSE
M1	VIT_01s0026g00880	628	485.73791878121887	0.22425573350933467	FALSE
M1	VIT_06s0009g01770	1392	221.15547871888683	0.10210317577049254	FALSE
M1	VIT_18s0001g10620	1962	30.736224747003128	0.014190316134350475	FALSE
M1	VIT_02s0025g02080	644	482.6448491990667	0.2228277235452755	FALSE
M1	VIT_11s0016g00330	944	382.3287360199068	0.17651372854104652	FALSE
M1	VIT_10s0003g01960	769	443.2397850706181	0.20463517316279692	FALSE
M1	VIT_16s0013g00970	1694	113.43754618362419	0.05237190497858919	FALSE
M1	VIT_00s0286g00020	572	505.6105915271616	0.23343055933848642	FALSE
M1	VIT_08s0007g00410	693	469.3649445981572	0.21669665032232557	FALSE
M1	VIT_02s0154g00110	882	403.37375109416047	0.18622980198253022	FALSE
M1	VIT_01s0127g00900	1316	244.61533670526296	0.11293413513631716	FALSE
M1	VIT_04s0008g04160	1051	342.9644180263835	0.15833998985520936	FALSE
M1	VIT_00s0324g00020	593	495.5267362133558	0.2287750398030267	FALSE
M1	VIT_01s0011g02760	1014	357.38804759084405	0.16499909861073134	FALSE
M1	VIT_05s0049g00570	1876	55.45862375974866	0.025604166094066787	FALSE
M1	VIT_18s0076g00210	530	516.5718568344095	0.23849116197341158	FALSE
M1	VIT_10s0003g01990	1458	202.01513108082818	0.09326645017582096	FALSE
M1	VIT_07s0104g01540	2131	2.003957208288424	0.0009251880001331597	FALSE
M1	VIT_01s0011g04740	1298	253.14561735313782	0.11687239951668413	FALSE
M1	VIT_18s0001g01380	1619	142.60057254968893	0.06583590607095519	FALSE
M1	VIT_19s0014g02950	1238	272.58238473211026	0.12584597633061415	FALSE
M1	VIT_13s0084g00430	978	367.8240223823299	0.16981718484872108	FALSE
M1	VIT_07s0005g02480	674	473.93592817216813	0.21880698438234908	FALSE
M1	VIT_00s0346g00080	1362	229.88205345257666	0.10613206530589873	FALSE
M1	VIT_03s0063g00800	1167	296.6310359932257	0.1369487700799749	FALSE
M1	VIT_06s0004g00490	1003	360.23883463811	0.16631525144880424	FALSE
M1	VIT_08s0007g01490	1148	304.54554408417386	0.14060274426785496	FALSE
M1	VIT_00s0233g00030	952	378.86842016496354	0.17491616812786867	FALSE
M1	VIT_00s0800g00010	285	591.0070564504507	0.2728564434212607	FALSE
M1	VIT_19s0014g03750	2127	2.5687196991313024	0.0011859278389341193	FALSE
M1	VIT_16s0013g00810	1749	97.12218345757529	0.04483941987884362	FALSE
M1	VIT_16s0098g00160	1743	98.74245144139124	0.04558746603942347	FALSE
M1	VIT_14s0066g00400	1564	166.76538023644704	0.07699232697896909	FALSE
M1	VIT_01s0011g03050	1263	264.08037635719154	0.12192076470784466	FALSE
M1	VIT_05s0029g00480	1847	66.28309750852847	0.030601614731545924	FALSE
M1	VIT_07s0005g03960	675	473.64235565233076	0.21867144766958946	FALSE
M1	VIT_04s0044g01870	637	483.9619498182789	0.22343580324020265	FALSE
M1	VIT_05s0020g04780	2049	13.71645452900088	0.0063326198194833235	FALSE
M1	VIT_18s0001g15390	1946	33.94142620456778	0.01567009520063148	FALSE
M1	VIT_14s0006g01620	1570	164.90335466316344	0.07613266604947527	FALSE
M1	VIT_04s0023g01910	796	435.117441009197	0.20088524515660067	FALSE
M1	VIT_15s0046g03430	1796	85.22392522034048	0.039346225863499756	FALSE
M1	VIT_00s0194g00330	756	448.7109328598194	0.2071610955031484	FALSE
M1	VIT_14s0006g00300	1491	191.73499672459766	0.08852031243056217	FALSE
M1	VIT_04s0023g02510	514	520.3122418073508	0.24021802484180554	FALSE
M1	VIT_11s0206g00200	1324	241.01546710235948	0.11127214547662026	FALSE
M1	VIT_05s0062g00630	1071	332.0490051433742	0.15330055639121615	FALSE
M1	VIT_02s0025g02600	1975	27.85914011971924	0.01286202221593686	FALSE
M1	VIT_13s0067g01350	1460	201.8785980016562	0.09320341551323001	FALSE
M1	VIT_16s0013g00950	1704	110.48199286926204	0.05100738359615053	FALSE
M1	VIT_19s0014g00090	1080	327.4459122155806	0.1511753980681351	FALSE
M1	VIT_14s0066g01090	902	394.2455040175134	0.1820154681521299	FALSE
M1	VIT_08s0040g02250	717	461.47256213313494	0.21305289110486378	FALSE
M1	VIT_13s0019g03910	1692	113.67784839333589	0.05248284782702488	FALSE
M1	VIT_12s0057g01060	1985	25.495117513046154	0.01177059903649407	FALSE
M1	VIT_19s0014g00460	408	547.928773173221	0.2529680393228167	FALSE
M1	VIT_19s0014g05080	1562	168.6024263634144	0.07784045538477119	FALSE
M1	VIT_08s0058g01010	1104	317.1505059959589	0.14642220960108907	FALSE
M1	VIT_07s0129g00200	1226	276.8235159181111	0.1278040239695804	FALSE
M1	VIT_18s0001g01570	2055	12.156277905839877	0.005612316669362824	FALSE
M1	VIT_15s0021g02510	1042	345.5861772285775	0.15955040499934328	FALSE
M1	VIT_03s0038g01110	900	394.97135848303736	0.18235058101709942	FALSE
M1	VIT_14s0006g02100	2152	0.33840704532177934	0.0001562359396684115	FALSE
M1	VIT_17s0000g06020	1242	271.9475905384671	0.1255529042190522	FALSE
M1	VIT_18s0001g01210	497	523.6767831399427	0.24177136802398094	FALSE
M1	VIT_01s0150g00300	1715	106.92772140976037	0.04936644571087736	FALSE
M1	VIT_04s0023g01630	702	464.4454109643257	0.21442539749045506	FALSE
M1	VIT_03s0038g02140	1416	213.1881454638421	0.09842481323353744	FALSE
M1	VIT_08s0007g06670	1177	292.9491326425424	0.13524890703718487	FALSE
M1	VIT_03s0038g02800	1673	121.37775223446472	0.0560377434138803	FALSE
M1	VIT_00s0207g00130	1459	201.98037695552475	0.09325040487328012	FALSE
M1	VIT_09s0054g01760	626	486.7129268379982	0.22470587573314785	FALSE
M1	VIT_12s0059g01750	737	453.3310767939685	0.20929412594366045	FALSE
M1	VIT_05s0020g01420	1075	330.87061567912457	0.1527565169340372	FALSE
M1	VIT_19s0014g01480	1944	34.574318588602736	0.015962289283750108	FALSE
M1	VIT_18s0041g00350	1085	325.2930880603823	0.1501814810989761	FALSE
M1	VIT_07s0104g01830	1259	265.16552793261053	0.12242175804829665	FALSE
M1	VIT_00s0324g00080	1910	44.55154687052223	0.020568581195993644	FALSE
M1	VIT_09s0002g08960	256	598.9330771719898	0.27651573276638497	FALSE
M1	VIT_04s0044g00960	2060	11.355676055472763	0.005242694393108385	FALSE
M1	VIT_05s0062g01260	1376	224.80437993117815	0.10378780236896498	FALSE
M1	VIT_13s0019g04080	959	377.202691819155	0.17414713380385735	FALSE
M1	VIT_14s0066g00160	1043	345.3876148743454	0.1594587326289683	FALSE
M1	VIT_18s0001g01300	1536	173.96889164007885	0.08031804784860519	FALSE
M1	VIT_19s0014g03810	1969	28.986502071629634	0.013382503264833626	FALSE
M1	VIT_05s0020g03040	1172	295.689305845129	0.13651399161824979	FALSE
M1	VIT_01s0011g05450	1276	261.79716429260543	0.12086665018125828	FALSE
M1	VIT_19s0014g04720	1150	304.25681230670284	0.1404694424315341	FALSE
M1	VIT_05s0020g00680	1236	272.78307002550275	0.1259386288206384	FALSE
M1	VIT_13s0064g01290	1572	163.44087229837191	0.07545746643507475	FALSE
M1	VIT_00s0665g00030	522	518.890510877723	0.23956163937106328	FALSE
M1	VIT_07s0151g00340	912	392.4999030936306	0.1812095582149726	FALSE
M1	VIT_00s0301g00090	1701	111.71337487038312	0.051575888675153794	FALSE
M1	VIT_07s0129g00240	1855	64.43295864963527	0.029747441666498276	FALSE
M1	VIT_16s0098g01080	1248	270.6076205397676	0.12493426617717802	FALSE
M1	VIT_06s0004g00130	1361	230.46380516644305	0.10640064873797002	FALSE
M1	VIT_18s0001g08990	976	370.57077584128405	0.17108530740594832	FALSE
M1	VIT_03s0091g01130	166	627.9213539751601	0.28989905539019395	TRUE
M1	VIT_19s0093g00150	1527	177.0947888081306	0.08176121366949704	FALSE
M1	VIT_13s0074g00570	1627	140.2429784171379	0.06474745079276911	FALSE
M1	VIT_16s0050g02100	1468	199.7573519633741	0.09222407754541741	FALSE
M1	VIT_01s0011g02840	1111	315.1125855699353	0.14548134144503014	FALSE
M1	VIT_07s0151g00930	1065	336.84920683827175	0.1555167159918152	FALSE
M1	VIT_09s0002g09140	1169	296.4149033983075	0.13684898587179478	FALSE
M1	VIT_16s0013g02150	999	361.054749384689	0.16669194339089982	FALSE
M1	VIT_01s0010g02930	2102	5.661252314676188	0.0026136898959723863	FALSE
M1	VIT_12s0035g01030	607	490.88210102702504	0.22663070222854342	FALSE
M1	VIT_11s0065g00990	1911	44.277498119617164	0.020442058226970067	FALSE
M1	VIT_13s0067g01930	1166	296.79674559142126	0.13702527497295533	FALSE
M1	VIT_08s0007g01110	1818	79.1710990919985	0.03655175396675831	FALSE
M1	VIT_05s0020g02170	1291	256.00717944023893	0.11819352698071972	FALSE
M1	VIT_13s0019g03040	728	458.2468208127287	0.21156362918408528	FALSE
M1	VIT_00s0188g00140	2064	10.573798582500013	0.004881716797091418	FALSE
M1	VIT_03s0088g00050	521	519.143694754205	0.2396785294340743	FALSE
M1	VIT_12s0028g03640	2042	15.025175831209308	0.006936830947003374	FALSE
M1	VIT_12s0034g01880	2067	9.808888388335177	0.004528572663127967	FALSE
M1	VIT_04s0023g03650	653	480.83969731758486	0.22199432009122108	FALSE
M1	VIT_18s0001g03610	910	393.0505246945445	0.1814637694803991	FALSE
M1	VIT_13s0064g00910	2004	21.966779590013786	0.010141634159747824	FALSE
M1	VIT_14s0068g00040	1778	89.91369997140796	0.041511403495571544	FALSE
M1	VIT_18s0001g05910	651	481.2183496292705	0.22216913648627448	FALSE
M1	VIT_06s0004g07230	512	520.7595461558471	0.24042453654471244	FALSE
M1	VIT_17s0000g08680	1040	345.86495131901404	0.1596791095655651	FALSE
M1	VIT_11s0052g00570	1173	295.64158823336965	0.1364919613265788	FALSE
M1	VIT_16s0039g01770	1360	230.76204110215477	0.10653833845898189	FALSE
M1	VIT_00s0375g00030	953	378.47845050709674	0.17473612673457836	FALSE
M1	VIT_10s0003g02440	1196	286.48852902790486	0.132266172219716	FALSE
M1	VIT_01s0127g00850	1293	253.77957221514822	0.11716508412518385	FALSE
M1	VIT_11s0016g00670	1914	43.14119946880622	0.019917451278303886	FALSE
M1	VIT_11s0052g00580	907	393.2874791747843	0.18157316674736118	FALSE
M1	VIT_07s0031g02950	327	578.5142157724586	0.26708874227722	FALSE
M1	VIT_10s0071g00060	1687	115.25022367836742	0.05320878286166548	FALSE
M1	VIT_15s0046g01170	1056	339.3593678558864	0.15667560842838707	FALSE
M1	VIT_01s0127g00530	2065	10.556920398778502	0.004873924468503463	FALSE
M1	VIT_14s0060g00040	844	418.8054159324787	0.19335430098452386	FALSE
M1	VIT_18s0086g00320	867	411.3076149171553	0.18989271233479008	FALSE
M1	VIT_05s0020g01700	2132	1.9416998024799372	0.0008964449688273025	FALSE
M1	VIT_10s0003g02000	366	563.8514298274702	0.26031921968027244	FALSE
M1	VIT_09s0002g05980	1339	238.14139432086304	0.10994524206872716	FALSE
M1	VIT_05s0020g04690	1070	332.98613032710557	0.15373320883061198	FALSE
M1	VIT_16s0013g02190	2050	12.954289429659	0.005980743042317174	FALSE
M1	VIT_15s0048g00620	1697	112.28572454915371	0.05184013137080042	FALSE
M1	VIT_16s0013g01000	1698	112.21164322714569	0.051805929467749624	FALSE
M1	VIT_16s0050g01110	1187	287.9855837446204	0.13295733321542955	FALSE
M1	VIT_11s0016g01480	1467	199.8584833433406	0.09227076793321357	FALSE
M1	VIT_08s0056g01480	1107	316.5553607568284	0.14614744263934829	FALSE
M1	VIT_18s0001g10070	789	437.6246438821959	0.2020427718754367	FALSE
M1	VIT_02s0012g01370	1233	273.61790003753777	0.12632405357227044	FALSE
M1	VIT_02s0025g00990	466	531.6964298326943	0.2454738826559069	FALSE
M1	VIT_09s0002g07550	2124	2.9186717705733467	0.001347493892231462	FALSE
M1	VIT_05s0049g00070	1807	82.84230144512269	0.038246676567461994	FALSE
M1	VIT_18s0001g06220	988	364.5420491149377	0.16830196173358158	FALSE
M1	VIT_00s2317g00010	1366	228.3515648856545	0.10542546855293375	FALSE
M1	VIT_03s0091g00210	1068	334.73889385332905	0.15454242560172163	FALSE
M1	VIT_14s0068g00030	557	509.9817891680253	0.23544865612558877	FALSE
M1	VIT_18s0072g00820	858	414.7840993890859	0.19149773748341917	FALSE
M1	VIT_06s0080g00760	1596	150.41355872323314	0.069443009567513	FALSE
M1	VIT_16s0039g00570	1587	156.28732361469594	0.07215481237982269	FALSE
M1	VIT_17s0000g03910	1410	214.98187583768535	0.0992529436000394	FALSE
M1	VIT_11s0037g00290	1412	214.58272488760295	0.09906866338301151	FALSE
M1	VIT_00s0211g00170	1399	218.2280272522365	0.10075162846363643	FALSE
M1	VIT_16s0013g00630	1746	97.55994074848124	0.045041523891265575	FALSE
M1	VIT_07s0151g00760	1364	229.49219531290507	0.10595207539838646	FALSE
M1	VIT_16s0148g00330	1717	106.65085301807943	0.0492386209686424	FALSE
M1	VIT_04s0008g00540	1084	325.31883172449426	0.15019336644713494	FALSE
M1	VIT_06s0004g00220	442	537.7547991035071	0.24827091371353052	FALSE
M1	VIT_17s0000g07690	1332	239.3457885384365	0.11050128741386726	FALSE
M1	VIT_00s0956g00020	2059	11.452763811096979	0.0052875179183273216	FALSE
M1	VIT_14s0060g00570	1127	309.4441454051942	0.1428643330587231	FALSE
M1	VIT_15s0024g00670	1949	33.27477012762552	0.0153623130783128	FALSE
M1	VIT_08s0007g04510	677	472.7443441353516	0.21825685324808475	FALSE
M1	VIT_14s0066g00600	1937	36.168791046760276	0.016698426152705576	FALSE
M1	VIT_03s0063g01560	1136	307.2456708495101	0.1418493401890628	FALSE
M1	VIT_04s0008g05830	1533	175.20859706187298	0.08089039568876868	FALSE
M1	VIT_05s0077g01300	698	468.2413577906542	0.21617791218405089	FALSE
M1	VIT_18s0122g00360	1683	116.88243900724478	0.05396234487869104	FALSE
M1	VIT_18s0001g03670	1121	310.54462230236624	0.14337240180164645	FALSE
M1	VIT_14s0060g02000	2090	6.707674872613359	0.003096802803607276	FALSE
M1	VIT_03s0038g01130	859	414.5724789289659	0.19140003643996578	FALSE
M1	VIT_13s0019g02050	1578	161.9009919837579	0.07474653369517908	FALSE
M1	VIT_15s0046g03500	2029	17.710088101839816	0.008176402632428354	FALSE
M1	VIT_06s0080g00660	1133	308.42374448947555	0.14239323383632296	FALSE
M1	VIT_04s0044g00600	2155	0.1734627938247468	0.00008008439234752853	FALSE
M1	VIT_08s0007g06950	1588	155.8468579904677	0.07195145798267207	FALSE
M1	VIT_18s0001g11910	759	447.94004308245104	0.20680519071211959	FALSE
M1	VIT_02s0241g00100	1402	217.6316377851812	0.10047628706610397	FALSE
M1	VIT_01s0150g00480	1129	308.5496416322431	0.14245135809429504	FALSE
M1	VIT_07s0005g01670	1775	89.99762118394919	0.04155014828437174	FALSE
M1	VIT_15s0046g02750	1344	237.27767290939056	0.10954647872086361	FALSE
M1	VIT_18s0001g00770	1556	170.03003905164428	0.07849955634886624	FALSE
M1	VIT_00s0211g00130	1429	209.48426792398902	0.096714805135729	FALSE
M1	VIT_05s0020g02880	1034	347.86629247212693	0.16060308978399213	FALSE
M1	VIT_08s0058g00350	1991	25.154903573445253	0.01161352888894056	FALSE
M1	VIT_03s0038g02880	1848	66.17591600312363	0.030552131118708973	FALSE
M1	VIT_13s0064g00790	1279	260.3419660786682	0.12019481351739067	FALSE
M1	VIT_18s0001g06690	1249	270.56335550044605	0.12491382987093538	FALSE
M1	VIT_01s0011g03210	1088	324.50902214285895	0.14981949314074744	FALSE
M1	VIT_05s0020g00960	920	389.7942284339701	0.17996040093904436	FALSE
M1	VIT_19s0014g02830	727	458.52950191791524	0.21169413754289715	FALSE
M1	VIT_09s0002g05280	1395	219.81825650807045	0.10148580632874905	FALSE
M1	VIT_03s0038g00770	1016	356.8620437083716	0.1647562528662842	FALSE
M1	VIT_06s0009g01140	570	506.0321382608461	0.2336251792524682	FALSE
M1	VIT_13s0064g01480	857	415.06874358060213	0.1916291521609428	FALSE
M1	VIT_05s0062g00700	1867	59.51326993707886	0.027476117237801873	FALSE
M1	VIT_03s0063g00210	536	514.064908795182	0.23733375290636285	FALSE
M1	VIT_12s0134g00470	1465	199.922589624353	0.0923003645541796	FALSE
M1	VIT_18s0001g01310	1671	121.87304881723807	0.05626641219632413	FALSE
M1	VIT_01s0011g04040	1740	99.28679895472128	0.04583878068085008	FALSE
M1	VIT_00s0214g00020	445	536.0113216497482	0.24746598414115797	FALSE
M1	VIT_12s0057g00210	1437	206.8393691580059	0.09549370690581989	FALSE
M1	VIT_05s0077g02270	1373	225.1043590148583	0.10392629686743227	FALSE
M1	VIT_07s0031g02790	783	439.25121963726633	0.20279373021111097	FALSE
M1	VIT_03s0038g01150	1422	211.52496927641036	0.0976569571913252	FALSE
M1	VIT_17s0000g09080	695	469.0167934950355	0.2165359157410136	FALSE
M1	VIT_19s0177g00200	1503	186.99869491637486	0.08633365416268461	FALSE
M1	VIT_08s0007g08680	780	439.5033338522843	0.20291012643226422	FALSE
M1	VIT_14s0108g00520	2094	6.489856136878939	0.002996240137063222	FALSE
M1	VIT_10s0003g03460	2166	0.02734463951788569	0.000012624487312043255	FALSE
M1	VIT_09s0054g00570	1705	110.27373719273753	0.050911236007727394	FALSE
M1	VIT_18s0001g06430	1268	262.8959713685257	0.1213739480002427	FALSE
M1	VIT_03s0063g01330	1906	45.781343673236364	0.021136354419776716	FALSE
M1	VIT_04s0008g07370	1312	246.0310580959552	0.11358774612001625	FALSE
M1	VIT_00s0253g00140	1742	98.88707110933126	0.04565423412249827	FALSE
M1	VIT_18s0001g03470	1988	25.3461916421915	0.011701842863430978	FALSE
M1	VIT_08s0040g00150	856	415.59465725875884	0.1918719562598148	FALSE
M1	VIT_18s0001g10630	2089	7.08981759531722	0.0032732306534243856	FALSE
M1	VIT_04s0008g01850	914	392.0358988491426	0.18099533649544902	FALSE
M1	VIT_05s0062g00430	627	486.5890596048902	0.224648688644917	FALSE
M1	VIT_17s0000g05020	1261	264.651487065901	0.12218443539515281	FALSE
M1	VIT_00s0207g00180	1653	128.94331321733375	0.05953061552046803	FALSE
M1	VIT_08s0007g07480	1292	254.83661030921738	0.11765309801902926	FALSE
M1	VIT_03s0038g01090	1094	322.91176892808284	0.14908207245063843	FALSE
M1	VIT_09s0002g05700	1019	355.9241923269761	0.1643232651555753	FALSE
M1	VIT_07s0005g02440	1456	202.05241128200552	0.09328366171837743	FALSE
M1	VIT_01s0026g01900	2164	0.04489143754186181	0.00002072550209688911	FALSE
M1	VIT_02s0025g03310	1813	81.42096229605755	0.037590471974172465	FALSE
M1	VIT_02s0087g00370	1301	249.47351381643293	0.11517706085707892	FALSE
M1	VIT_03s0038g02010	414	546.2547835332178	0.25219519092022985	FALSE
M1	VIT_18s0041g00840	1234	273.3725772142113	0.126210792804345	FALSE
M1	VIT_08s0007g01120	1658	126.73667310040022	0.05851185277026788	FALSE
M1	VIT_02s0033g01020	1555	170.33695907730524	0.07864125534501627	FALSE
M1	VIT_05s0051g00700	1540	172.85825479369626	0.07980528845507676	FALSE
M1	VIT_14s0219g00280	1498	188.40481949425964	0.08698283448488442	FALSE
M1	VIT_11s0016g00290	1069	334.3425291558745	0.1543594317432477	FALSE
M1	VIT_05s0077g00560	908	393.2874127189132	0.18157313606598022	FALSE
M1	VIT_07s0031g01680	1545	171.91535565965478	0.07936997029531614	FALSE
M1	VIT_18s0001g12530	1390	221.74613490932168	0.10237587022591028	FALSE
M1	VIT_01s0011g02930	1547	171.29321060042594	0.07908273804267126	FALSE
M1	VIT_07s0005g01790	1865	60.43115018845801	0.027899884666878122	FALSE
M1	VIT_16s0039g01910	1018	356.1951045649397	0.16444834005768222	FALSE
M1	VIT_07s0005g00090	1338	238.58130200382232	0.11014833887526422	FALSE
M1	VIT_16s0013g01070	1732	103.70728045945637	0.04787963086770839	FALSE
M1	VIT_05s0049g00790	2045	14.56048170037041	0.006722290720392618	FALSE
M1	VIT_15s0046g01450	992	362.6952548174694	0.167449332787382	FALSE
M1	VIT_18s0001g02540	1508	185.1047788723875	0.08545927002418628	FALSE
M1	VIT_11s0052g01330	1960	31.655296193470072	0.0146146335149908	FALSE
M1	VIT_00s1543g00010	1629	138.2746395197033	0.06383870707280855	FALSE
M1	VIT_12s0059g02180	1086	325.28084353825017	0.15017582804166674	FALSE
M1	VIT_02s0012g01350	1336	238.77872817922793	0.11023948669401104	FALSE
M1	VIT_14s0036g00460	1771	91.16007812491686	0.04208683200596346	FALSE
M1	VIT_08s0040g00130	1020	355.804835785468	0.1642681605657747	FALSE
M1	VIT_16s0013g00980	1766	92.46611624232173	0.04268980435933598	FALSE
M1	VIT_18s0001g09550	1346	236.46901709866933	0.10917313808802831	FALSE
M1	VIT_05s0020g03880	571	505.76163021559915	0.2335002909582637	FALSE
M1	VIT_03s0038g01450	2151	0.41781449868915016	0.0001928968137992383	FALSE
M1	VIT_12s0034g01890	1358	231.62623853015162	0.10693732157440057	FALSE
M1	VIT_12s0028g00980	585	499.55233669913065	0.2306335811168655	FALSE
M1	VIT_00s0817g00010	1138	306.9572856429471	0.141716198357778	FALSE
M1	VIT_14s0066g00890	2014	19.85621531172935	0.009167227752414289	FALSE
M1	VIT_17s0000g01120	1214	282.3688638985898	0.1303642030926084	FALSE
M1	VIT_00s0194g00320	1609	145.2547211505767	0.067061274769426	FALSE
M1	VIT_19s0085g00050	1678	119.84141743180184	0.05532844756777555	FALSE
M1	VIT_18s0001g09920	1039	345.88183536399595	0.1596869046001828	FALSE
M1	VIT_11s0103g00190	1282	259.6229042401045	0.11986283667594852	FALSE
M1	VIT_16s0050g00480	891	400.093958664924	0.1847155857178781	FALSE
M1	VIT_09s0018g01340	1804	83.26056831201598	0.03843978223084763	FALSE
M1	VIT_01s0026g01420	1210	282.73450510343264	0.1305330125131268	FALSE
M1	VIT_08s0032g00950	896	397.20385186442314	0.18338127971580015	FALSE
M1	VIT_12s0059g00050	1836	70.87232418876263	0.03272037127828376	FALSE
M1	VIT_12s0057g00250	1198	286.24352069997474	0.13215305664818777	FALSE
M1	VIT_14s0068g00140	1247	270.84930197031036	0.12504584578500016	FALSE
M1	VIT_16s0013g01990	797	435.0731937173503	0.20086481704402137	FALSE
M1	VIT_14s0066g00120	1841	68.60563132845888	0.03167388334647225	FALSE
M1	VIT_02s0025g00810	808	431.41574911189775	0.1991762461273766	FALSE
M1	VIT_06s0004g06790	1560	168.8199776152827	0.07794089455922563	FALSE
M1	VIT_18s0086g00520	1434	208.21390780040753	0.09612830461699332	FALSE
M1	VIT_11s0016g02900	1315	244.99074842281323	0.11310745541219447	FALSE
M1	VIT_00s0225g00070	1195	286.54131932941306	0.13229054447341324	FALSE
M1	VIT_02s0033g01000	1844	67.30402887898968	0.031072958854565874	FALSE
M1	VIT_11s0118g00090	1517	179.7189755331936	0.08297274955364432	FALSE
M1	VIT_01s0146g00420	2080	7.930306616542883	0.003661268059345745	FALSE
M1	VIT_14s0066g02060	1884	52.54401506159081	0.024258548043209056	FALSE
M1	VIT_18s0001g10040	1590	154.5267088044486	0.07134197082384515	FALSE
M1	VIT_17s0000g03890	1415	213.21050913093106	0.09843513810292293	FALSE
M1	VIT_18s0001g00840	1469	199.71593605738713	0.09220495662852592	FALSE
M1	VIT_00s0333g00050	1659	126.60030614031369	0.0584488948016222	FALSE
M1	VIT_10s0003g03490	1899	48.08724390999088	0.02220094363342146	FALSE
M1	VIT_13s0067g00890	1930	38.21964140473806	0.01764526380643493	FALSE
M1	VIT_01s0010g03530	1398	218.99003005071495	0.10110343030965603	FALSE
M1	VIT_12s0035g00900	1120	310.8303608280455	0.14350432171193236	FALSE
M1	VIT_13s0106g00030	1319	243.0593780795494	0.11221577935343924	FALSE
M1	VIT_09s0002g03520	1164	297.25827867395816	0.1372383558051515	FALSE
M1	VIT_13s0019g01020	1230	275.2401710233441	0.12707302447984492	FALSE
M1	VIT_09s0002g00580	2135	1.7073762527210963	0.000788262351210109	FALSE
M1	VIT_16s0022g01970	1455	202.2916895627819	0.0933941318387728	FALSE
M1	VIT_08s0007g02000	1310	246.33268240739505	0.11372700018808636	FALSE
M1	VIT_01s0026g00490	1482	195.6035987828093	0.09030637062918251	FALSE
M1	VIT_12s0059g01900	1379	224.3140794773295	0.10356144020190651	FALSE
M1	VIT_18s0122g00280	1255	266.40694415881035	0.12299489573352278	FALSE
M1	VIT_15s0046g00710	1995	23.59533144202965	0.010893504820881647	FALSE
M1	VIT_14s0108g00440	1734	101.87117478931287	0.047031936652499017	FALSE
M1	VIT_19s0014g05180	2053	12.740322506458792	0.00588195868257562	FALSE
M1	VIT_16s0050g01970	2033	17.00427906137	0.007850544349662973	FALSE
M1	VIT_00s0194g00280	1842	68.26618921381107	0.03151716953546218	FALSE
M1	VIT_00s0226g00170	1581	159.2889327668519	0.07354059684526865	FALSE
M1	VIT_15s0048g02910	1337	238.70680841213672	0.11020628273875195	FALSE
M1	VIT_13s0084g00820	1411	214.62114391424237	0.0990864006990962	FALSE
M1	VIT_17s0000g09770	1973	28.28235235228099	0.013057411058301473	FALSE
M1	VIT_04s0008g01610	2125	2.8767813345059725	0.0013281538940470787	FALSE
M1	VIT_16s0013g01060	2023	18.599744086109474	0.008587139467271226	FALSE
M1	VIT_14s0030g00260	985	365.5645924402498	0.1687740500647506	FALSE
M1	VIT_08s0007g04950	1725	104.53732238267631	0.048262845052020456	FALSE
M1	VIT_05s0029g00530	1021	355.45579018039956	0.16410701301034145	FALSE
M1	VIT_06s0004g07330	1620	142.491208211622	0.0657854146868061	FALSE
M1	VIT_08s0007g06430	2133	1.8409911537742427	0.0008499497478182099	FALSE
M1	VIT_05s0020g04240	1418	213.04928342477803	0.09836070333553926	FALSE
M1	VIT_04s0008g01500	2082	7.754065120364507	0.003579900794258775	FALSE
M1	VIT_12s0034g01910	2093	6.5183174251638745	0.003009380159355436	FALSE
M1	VIT_10s0003g00380	1175	293.79703260773584	0.13564036593154932	FALSE
M1	VIT_17s0000g04040	1834	71.0022167058686	0.03278034012274635	FALSE
M1	VIT_08s0007g01930	1586	156.8715442167921	0.0724245356494885	FALSE
M1	VIT_15s0048g00880	1159	300.08989026162203	0.13854565570712005	FALSE
M1	VIT_00s0203g00160	1327	240.19675275725723	0.11089416101443085	FALSE
M1	VIT_19s0014g01950	1637	137.13880405075102	0.06331431396618237	FALSE
M1	VIT_16s0050g01960	2031	17.638096167301022	0.008143165358864737	FALSE
M1	VIT_14s0060g02630	1832	72.7025735083816	0.03356536173055476	FALSE
M1	VIT_07s0005g00830	2114	3.9844332002537928	0.0018395351801725728	FALSE
M1	VIT_08s0058g00800	2010	20.491665900186803	0.009460602908673501	FALSE
M1	VIT_18s0122g00420	2016	19.724817245081205	0.009106563825060575	FALSE
M1	VIT_18s0041g00550	1356	232.29722041312831	0.10724710083708602	FALSE
M1	VIT_13s0106g00040	1780	89.62423407849467	0.04137776273245368	FALSE
M1	VIT_17s0000g08190	2163	0.04489928117897037	0.000020729123351325195	FALSE
M1	VIT_19s0085g00010	1904	46.04408051372952	0.02125765490015213	FALSE
M1	VIT_12s0059g01120	939	383.82415019402225	0.17720413213020417	FALSE
M1	VIT_07s0185g00050	1888	50.554581786733394	0.02334006546017239	FALSE
M1	VIT_13s0320g00030	1881	53.81784642188837	0.024846651164306725	FALSE
M1	VIT_16s0050g01660	1525	177.87274367828954	0.08212038027621862	FALSE
M1	VIT_04s0008g03270	1554	170.4106143346785	0.07867526054232618	FALSE
M1	VIT_13s0019g03930	1274	262.09637382131115	0.12100478939118704	FALSE
M1	VIT_00s1542g00020	2021	18.724391904210982	0.008644686936385496	FALSE
M1	VIT_01s0026g00530	1479	195.93509928211117	0.09045941795111319	FALSE
M1	VIT_02s0154g00220	1481	195.66825176850534	0.09033621965304955	FALSE
M1	VIT_09s0002g03500	1309	246.41482384773576	0.11376492329073673	FALSE
M1	VIT_18s0001g10300	1763	93.36442290626157	0.04310453504444209	FALSE
M1	VIT_17s0000g01490	1449	204.19221262710542	0.0942715663098363	FALSE
M1	VIT_14s0060g02730	2097	6.26682379457537	0.0028932704499424608	FALSE
M1	VIT_10s0116g01040	1756	96.11218909946778	0.04437312516134247	FALSE
M1	VIT_08s0032g00240	1096	321.405331495393	0.14838657963776222	FALSE
M1	VIT_00s0267g00030	2008	20.62064512575016	0.00952015010422445	FALSE
M1	VIT_16s0022g00460	2158	0.1010882811521279	0.00004667048991326311	FALSE
M1	VIT_08s0040g01160	2027	17.84152897581359	0.008237086323090299	FALSE
M1	VIT_00s0207g00140	1708	109.3733151032774	0.05049552867187323	FALSE
M1	VIT_19s0014g02180	1462	201.10261236559512	0.09284515806352499	FALSE
M1	VIT_00s0254g00040	2054	12.701242258021901	0.0058639160932695755	FALSE
M1	VIT_15s0021g02300	1648	130.8235682923098	0.060398692655729364	FALSE
M1	VIT_14s0108g00390	1791	86.59705474208532	0.039980173011119724	FALSE
M1	VIT_01s0026g00060	2071	8.749651913569215	0.004039543819745714	FALSE
M1	VIT_04s0044g01100	1857	63.194744932028705	0.029175782517095433	FALSE
M1	VIT_08s0007g05830	1487	193.84525890108398	0.08949457936338134	FALSE
M1	VIT_02s0012g00660	1782	89.42396991739068	0.04128530467100216	FALSE
M1	VIT_11s0065g01130	2063	10.635372975735612	0.004910144494799451	FALSE
M1	VIT_16s0050g01680	1941	35.340317028322964	0.016315935839484288	FALSE
M1	VIT_09s0002g05320	1936	36.223632870470745	0.016723745554233956	FALSE
M1	VIT_03s0063g01600	2143	0.7948542589869506	0.0003669687252940677	FALSE
M1	VIT_07s0104g01820	1851	65.31139400818701	0.030152998157057714	FALSE
M1	VIT_01s0010g01570	2003	22.362155529642546	0.010324171527997483	FALSE
M1	VIT_00s0211g00150	2035	16.746824793115902	0.007731682729970407	FALSE
M1	VIT_18s0086g00680	1714	107.631234332574	0.04969124392085596	FALSE
M1	VIT_10s0003g04240	1747	97.34708191510808	0.04494325111500835	FALSE
M1	VIT_09s0002g04900	2167	0.026101864698117185	0.00001205072239063582	FALSE
M1	VIT_09s0096g00520	1896	48.740715959071316	0.022502638946939667	FALSE
M1	VIT_03s0088g00840	2138	1.504802458347362	0.0006947379770763444	FALSE
M1	VIT_18s0072g00450	1901	46.159086119532176	0.021310750747706452	FALSE
M1	VIT_13s0019g01520	2137	1.5164852000832725	0.0007001316713219171	FALSE
M1	VIT_19s0027g01810	2139	1.4912254624986196	0.0006884697426124745	FALSE
M1	VIT_13s0074g00530	2112	4.094549777568732	0.0018903738585266537	FALSE
M1	VIT_15s0021g00390	2144	0.7048447364425091	0.00032541308238342987	FALSE
M2	VIT_03s0038g01930	154	7.29936557731176	0.03426932195921014	FALSE
M2	VIT_07s0129g00090	104	19.680642900902665	0.09239738451128011	FALSE
M2	VIT_19s0014g00450	165	5.748609024251879	0.02698877476174591	FALSE
M2	VIT_03s0038g04700	103	19.827155318543152	0.0930852362372918	FALSE
M2	VIT_19s0015g02690	110	18.29989962054286	0.08591502169268948	FALSE
M2	VIT_07s0129g00160	134	11.849075718382469	0.05562946346658436	FALSE
M2	VIT_07s0104g00150	139	10.49651072449784	0.04927939307275981	FALSE
M2	VIT_01s0010g03810	190	2.3013118765230427	0.01080428111043682	FALSE
M2	VIT_13s0147g00110	133	11.943483895304933	0.056072694344154614	FALSE
M2	VIT_14s0006g00180	194	1.9325767545580699	0.00907313030308953	FALSE
M2	VIT_13s0067g02410	169	5.2177467915059355	0.02449646380988702	FALSE
M2	VIT_00s0160g00120	66	33.28860496072933	0.15628453033206258	FALSE
M2	VIT_03s0017g00650	184	3.0619369120775577	0.014375290667030787	FALSE
M2	VIT_01s0127g00590	114	17.602432806987608	0.08264052961027046	FALSE
M2	VIT_01s0011g06460	167	5.596656246793651	0.026275381440345778	FALSE
M2	VIT_13s0019g00860	197	1.574578976360216	0.007392389560376601	FALSE
M2	VIT_03s0038g04680	83	28.637872847176492	0.1344501072637394	FALSE
M2	VIT_04s0023g02810	152	7.515934713277899	0.03528607846609342	FALSE
M2	VIT_18s0164g00100	209	0.3461497002119487	0.0016251159634363787	FALSE
M2	VIT_04s0008g01580	174	4.239221933667052	0.01990245039280306	FALSE
M2	VIT_12s0057g00420	202	0.9384162119061877	0.004405709915052525	FALSE
M2	VIT_14s0108g00740	198	1.2407468208930381	0.005825102445507221	FALSE
M2	VIT_19s0014g05360	1	61.442346938153456	0.28846172271433546	TRUE
M2	VIT_10s0003g00410	150	7.8479997644056585	0.03684506931645849	FALSE
M2	VIT_19s0014g05370	4	60.39982254304878	0.28356724198614447	TRUE
M2	VIT_14s0068g00160	145	9.08761441637238	0.04266485641489381	FALSE
M2	VIT_00s0160g00280	18	53.179447243325974	0.24966876640059144	TRUE
M2	VIT_02s0154g00580	82	28.688689003126036	0.13468868076584994	FALSE
M2	VIT_00s0483g00030	79	29.26493169579565	0.13739404552016737	FALSE
M2	VIT_19s0014g05380	5	60.17018719989511	0.2824891417835451	TRUE
M2	VIT_03s0063g01960	200	1.1377375500123625	0.005341490845128463	FALSE
M2	VIT_19s0085g00660	9	58.13830790196139	0.27294980235662625	TRUE
M2	VIT_16s0039g02350	132	12.009837157566764	0.0563842120073557	FALSE
M2	VIT_03s0063g00810	109	18.38682478876513	0.08632312107401469	FALSE
M2	VIT_18s0089g00980	179	3.37282395033636	0.015834854226931268	FALSE
M2	VIT_00s0276g00010	180	3.3407888479140047	0.015684454685042277	FALSE
M2	VIT_17s0053g00040	125	13.392047506033299	0.0628734624696399	FALSE
M2	VIT_14s0108g01000	208	0.35435336392550354	0.0016636308165516598	FALSE
M2	VIT_12s0035g00740	127	12.729975688994415	0.05976514407978598	FALSE
M2	VIT_13s0019g02910	93	22.477826395481348	0.10552970138723637	FALSE
M2	VIT_14s0030g01150	177	3.6124121792542163	0.0169596815927428	FALSE
M2	VIT_14s0006g01040	91	23.771210653759	0.11160192795192019	FALSE
M2	VIT_00s0227g00080	211	0.22707132493319698	0.0010660625583718169	FALSE
M2	VIT_00s0160g00100	116	17.186272796786543	0.08068672674547672	FALSE
M2	VIT_00s0184g00210	47	41.60270624194056	0.1953178696804721	FALSE
M2	VIT_19s0090g00330	90	24.586968772272545	0.11543177827358002	FALSE
M2	VIT_19s0093g00190	201	1.0209826546509124	0.004793345796483157	FALSE
M2	VIT_19s0014g03390	140	10.199933521564018	0.047887011838328726	FALSE
M2	VIT_00s0179g00250	151	7.807213429875941	0.036653584177821316	FALSE
M2	VIT_18s0001g08810	192	2.079087279504511	0.009760973143213666	FALSE
M2	VIT_03s0097g00240	48	41.47302043703194	0.1947090161363002	FALSE
M2	VIT_14s0006g00070	7	58.6195840391736	0.2752093147379042	TRUE
M2	VIT_13s0064g00830	123	13.719837809569409	0.0644123840824855	FALSE
M2	VIT_13s0064g00350	101	20.09501765959811	0.09434280591360615	FALSE
M2	VIT_06s0004g05070	175	3.8925041438766104	0.01827466734214371	FALSE
M2	VIT_18s0117g00040	76	30.72848076663059	0.14426516791845348	FALSE
M2	VIT_18s0041g00670	95	21.995865415925987	0.10326697378369008	FALSE
M2	VIT_12s0035g00750	138	10.711133495222928	0.050287011714661635	FALSE
M2	VIT_19s0090g01380	108	18.504120066579475	0.0868738031294811	FALSE
M2	VIT_03s0097g00160	207	0.35478650130069733	0.0016656643253553866	FALSE
M2	VIT_14s0030g02020	128	12.66474248501199	0.059458884906159575	FALSE
M2	VIT_12s0035g01760	69	32.33506811575925	0.15180783152938615	FALSE
M2	VIT_05s0020g00080	61	35.277577951649384	0.16562243169788443	FALSE
M2	VIT_00s0823g00020	98	20.532648124594317	0.09639740903565407	FALSE
M2	VIT_00s0566g00010	58	36.385303065544186	0.1708230190870619	FALSE
M2	VIT_03s0088g00060	157	6.7292064342061435	0.03159251847045138	FALSE
M2	VIT_00s0160g00130	25	50.91240595631891	0.2390253800766146	FALSE
M2	VIT_19s0085g00920	141	9.934569551085923	0.04664117160134236	FALSE
M2	VIT_18s0117g00070	64	34.50366485115005	0.16198903685985938	FALSE
M2	VIT_06s0009g00980	168	5.418791872250316	0.02544033742840524	FALSE
M2	VIT_12s0035g00730	31	48.35652558634847	0.22702594171994586	FALSE
M2	VIT_14s0068g00120	74	31.016791844946578	0.14561874105608721	FALSE
M2	VIT_03s0038g04330	206	0.4193549762642473	0.0019688027054659495	FALSE
M2	VIT_13s0067g02040	6	59.60862434441447	0.2798526964526501	TRUE
M2	VIT_00s0184g00220	214	0.12818901220541098	0.0006018263483822112	FALSE
M2	VIT_18s0001g09900	170	5.0605392701030505	0.0237584003291223	FALSE
M2	VIT_00s0346g00050	135	11.681851333496548	0.05484437245773027	FALSE
M2	VIT_00s0324g00070	191	2.2962802670857045	0.0107806585309188	FALSE
M2	VIT_13s0019g02190	195	1.8611122585463593	0.008737616237306851	FALSE
M2	VIT_00s0463g00030	143	9.29940607415466	0.04365918344673549	FALSE
M2	VIT_00s0487g00050	84	28.31912740017962	0.1329536497661015	FALSE
M2	VIT_09s0002g07190	80	28.804506774392213	0.13523242617085546	FALSE
M2	VIT_18s0117g00060	34	45.14299786581351	0.21193895711649535	FALSE
M2	VIT_13s0139g00200	173	4.365861771814688	0.020497003623543137	FALSE
M2	VIT_19s0135g00060	118	16.09599532381766	0.0755680531634632	FALSE
M2	VIT_13s0019g02660	172	4.370036954739505	0.020516605421312232	FALSE
M2	VIT_18s0041g00870	54	38.95008664015006	0.1828642565265261	FALSE
M2	VIT_00s0160g00110	59	35.817521825676806	0.1681573794632714	FALSE
M2	VIT_19s0014g05400	44	42.44026083341909	0.1992500508611225	FALSE
M2	VIT_12s0055g00440	38	43.91248223656514	0.2061618884345781	FALSE
M2	VIT_07s0005g00540	12	56.540124742023025	0.26544659503297197	TRUE
M2	VIT_02s0025g03910	115	17.370351146934293	0.0815509443518042	FALSE
M2	VIT_01s0011g05060	163	5.893223515034075	0.027667716033023825	FALSE
M2	VIT_16s0039g01920	2	61.16029325173863	0.28713752700346773	TRUE
M2	VIT_03s0038g01770	60	35.371074369225624	0.16606138201514378	FALSE
M2	VIT_18s0076g00100	52	39.45173645155004	0.18521941996032884	FALSE
M2	VIT_05s0094g01250	100	20.211939594442157	0.09489173518517445	FALSE
M2	VIT_00s0203g00210	99	20.256163240523538	0.09509935793673023	FALSE
M2	VIT_00s0184g00200	55	37.91676661530415	0.17801298880424482	FALSE
M2	VIT_01s0026g02270	144	9.187920304487465	0.043135776077405937	FALSE
M2	VIT_07s0151g00400	178	3.507522714773895	0.016467242792365704	FALSE
M2	VIT_02s0025g04890	153	7.394838748704808	0.034717552810820694	FALSE
M2	VIT_17s0053g00970	30	48.40283466491215	0.22724335523432934	FALSE
M2	VIT_05s0094g01120	85	28.213567717383572	0.13245806440086183	FALSE
M2	VIT_18s0117g00050	89	25.6631837219807	0.1204844306196277	FALSE
M2	VIT_16s0013g01720	92	23.42132900327107	0.10995929109516933	FALSE
M2	VIT_00s0160g00310	72	31.07014893953418	0.14586924384757832	FALSE
M2	VIT_14s0068g00130	185	2.991105116045627	0.01404274702368839	FALSE
M2	VIT_10s0116g00040	117	16.50768148970775	0.07750085206435563	FALSE
M2	VIT_09s0018g00780	67	32.946193709860836	0.15467696577399453	FALSE
M2	VIT_12s0028g01210	62	35.20640100537361	0.16528826763086202	FALSE
M2	VIT_03s0038g00220	63	34.50719848146912	0.16200562667356394	FALSE
M2	VIT_00s0253g00040	182	3.2366542715578	0.015195559960365259	FALSE
M2	VIT_19s0085g00470	56	37.61868265303655	0.17661353358233123	FALSE
M2	VIT_13s0047g01040	65	33.57219347065113	0.15761593178709452	FALSE
M2	VIT_01s0010g01240	57	37.12076021458785	0.17427586955205562	FALSE
M2	VIT_00s0160g00160	15	54.70077643578117	0.25681115697549844	TRUE
M2	VIT_16s0100g00740	136	11.543761140668353	0.054196061693278653	FALSE
M2	VIT_04s0069g01150	42	42.68255307714257	0.20038757313212474	FALSE
M2	VIT_19s0014g03420	3	60.95317366035087	0.2861651345556379	TRUE
M2	VIT_00s2478g00020	189	2.5019076942965834	0.011746045513129499	FALSE
M2	VIT_18s0117g00080	111	18.104131834889436	0.08499592410746214	FALSE
M2	VIT_06s0004g04010	210	0.27440852873988925	0.0012883029518304659	FALSE
M2	VIT_00s1203g00010	86	27.11115697802255	0.12728242712686644	FALSE
M2	VIT_18s0001g00780	97	20.86583284270832	0.09796165653853671	FALSE
M2	VIT_18s0001g11580	164	5.7797744257093004	0.027135091200513148	FALSE
M2	VIT_05s0094g01260	87	26.242638183500535	0.12320487410094148	FALSE
M2	VIT_00s2313g00010	45	41.96542890746906	0.1970207929928125	FALSE
M2	VIT_14s0006g02550	159	6.436863853301048	0.03022001809061525	FALSE
M2	VIT_14s0066g00170	21	52.373898305340695	0.24588684650394693	TRUE
M2	VIT_18s0117g00140	8	58.27479345202573	0.27359057958697525	TRUE
M2	VIT_09s0054g00030	11	57.14675661005088	0.2682946319720699	TRUE
M2	VIT_03s0017g00870	131	12.056363169768488	0.05660264398952342	FALSE
M2	VIT_13s0019g00420	73	31.050594546698267	0.14577743918637684	FALSE
M2	VIT_13s0019g00110	35	45.04532693742127	0.21148040815690738	FALSE
M2	VIT_17s0119g00150	203	0.6944507355538811	0.003260332091802259	FALSE
M2	VIT_18s0117g00030	107	18.801663730622362	0.08827072174001109	FALSE
M2	VIT_00s0187g00090	130	12.505525791990438	0.05871138869479079	FALSE
M2	VIT_07s0129g00120	77	30.36653291022538	0.1425658822076309	FALSE
M2	VIT_18s0001g06940	158	6.666751562856352	0.03129930311200165	FALSE
M2	VIT_13s0158g00270	75	30.856442401052455	0.14486592676550447	FALSE
M2	VIT_12s0055g00160	33	45.925574633977504	0.2156130264505986	FALSE
M2	VIT_09s0054g01680	142	9.470060730662995	0.04446037901719716	FALSE
M2	VIT_16s0050g01720	120	15.076963721637268	0.07078386723773365	FALSE
M2	VIT_00s0414g00060	166	5.697089463465091	0.02674689888950747	FALSE
M2	VIT_19s0014g05330	17	53.41271706918647	0.2507639299022839	TRUE
M2	VIT_12s0028g00480	32	48.11761774135943	0.22590430864487995	FALSE
M2	VIT_05s0029g01000	160	6.356004095761948	0.029840394815783794	FALSE
M2	VIT_00s0238g00120	37	44.120846291086345	0.20714012343233026	FALSE
M2	VIT_07s0005g00530	19	52.87534993888537	0.24824107952528343	TRUE
M2	VIT_05s0077g00530	148	7.940264621057628	0.03727823765754755	FALSE
M2	VIT_02s0025g03810	68	32.38781610878525	0.15205547468913264	FALSE
M2	VIT_16s0148g00250	96	20.97343483963646	0.09846683023303503	FALSE
M2	VIT_17s0000g00060	16	54.333920372888514	0.2550888280417301	TRUE
M2	VIT_13s0106g00250	186	2.8340432031423126	0.013305367150902876	FALSE
M2	VIT_09s0054g01100	43	42.663147078296504	0.2002964651563216	FALSE
M2	VIT_06s0004g06490	14	56.052003147485884	0.2631549443543938	TRUE
M2	VIT_00s1390g00010	81	28.736611964832733	0.1349136711963978	FALSE
M2	VIT_03s0017g00940	106	18.806997181226212	0.08829576141420757	FALSE
M2	VIT_00s0841g00010	36	44.50342639787702	0.20893627416843671	FALSE
M2	VIT_19s0014g01340	53	39.23800608596062	0.18421599101389963	FALSE
M2	VIT_00s0238g00060	29	48.58867079803331	0.2281158253428794	FALSE
M2	VIT_03s0088g00210	41	42.79843173447538	0.20093160438720836	FALSE
M2	VIT_11s0016g02940	112	17.961029935936153	0.08432408420627302	FALSE
M2	VIT_00s0160g00330	39	43.836546830494385	0.2058053841807248	FALSE
M2	VIT_07s0005g05150	46	41.69913157190096	0.19577057076009843	FALSE
M2	VIT_00s2507g00010	70	31.756783329198708	0.14909287947980615	FALSE
M2	VIT_14s0030g00520	49	39.824191687852455	0.186968036093204	FALSE
M2	VIT_00s0187g00080	155	6.988259160203488	0.032808728451659566	FALSE
M2	VIT_00s0780g00030	205	0.4559042229149085	0.0021403954127460494	FALSE
M2	VIT_16s0050g01710	113	17.762360143699965	0.08339136217699514	FALSE
M2	VIT_00s0441g00020	88	26.196393587606696	0.12298776332209717	FALSE
M2	VIT_05s0051g00180	51	39.493024108353715	0.18541325872466533	FALSE
M2	VIT_18s0117g00380	102	19.89141171766989	0.0933869094726286	FALSE
M2	VIT_05s0165g00230	20	52.40771501840479	0.24604561041504594	TRUE
M2	VIT_02s0025g00940	162	5.8970386328807205	0.027685627384416527	FALSE
M2	VIT_16s0115g00470	23	51.645202192696466	0.24246573799388013	FALSE
M2	VIT_01s0010g04010	24	51.47669100181271	0.2416746056423132	FALSE
M2	VIT_13s0067g00560	122	13.746129923496476	0.06453582123707266	FALSE
M2	VIT_14s0030g00930	50	39.61440246687378	0.18598311017311633	FALSE
M2	VIT_18s0086g00440	26	50.202464873941395	0.23569232335183754	FALSE
M2	VIT_18s0089g00070	71	31.578059996481002	0.14825380280038028	FALSE
M2	VIT_14s0030g01300	121	14.35657136163602	0.06740174348185925	FALSE
M2	VIT_00s0238g00090	28	48.879018841804964	0.22947896169861484	FALSE
M2	VIT_04s0008g00460	40	43.64413074187454	0.2049020222623218	FALSE
M2	VIT_07s0005g06200	13	56.43468110235753	0.2649515544711621	TRUE
M2	VIT_13s0047g01030	78	29.53648695587887	0.13866895284450173	FALSE
M2	VIT_12s0055g00180	105	19.51083725741816	0.09160017491745615	FALSE
M2	VIT_01s0011g02960	183	3.1750304691623437	0.01490624633409551	FALSE
M2	VIT_09s0054g00360	199	1.1511932326197327	0.0054046630639424074	FALSE
M2	VIT_05s0051g00120	22	51.80526049386307	0.2432171854171975	TRUE
M2	VIT_18s0089g00660	27	49.0651232475156	0.23035269130289016	FALSE
M2	VIT_03s0088g00140	124	13.61648147379453	0.06392714306945789	FALSE
M2	VIT_08s0007g08850	94	22.24230811246704	0.10442398174867155	FALSE
M2	VIT_14s0081g00100	176	3.6182038891773796	0.016986872719142627	FALSE
M2	VIT_13s0158g00290	126	13.265478915827796	0.06227924373628073	FALSE
M2	VIT_01s0146g00090	161	6.351271297611475	0.02981817510615716	FALSE
M2	VIT_14s0030g00140	147	8.748555137804251	0.0410730288159824	FALSE
M2	VIT_04s0044g01830	213	0.12889386587231477	0.0006051355205272993	FALSE
M2	VIT_15s0046g01610	156	6.872861982592998	0.03226695766475586	FALSE
M2	VIT_19s0085g00460	10	57.39496758497948	0.2694599417135187	TRUE
M2	VIT_04s0044g01810	196	1.5876508144118056	0.007453759692074204	FALSE
M2	VIT_15s0021g02400	193	1.972096189542323	0.009258667556536728	FALSE
M2	VIT_00s0184g00130	171	4.5601815514768935	0.021409303058576964	FALSE
M2	VIT_09s0002g02050	119	15.905470264333246	0.07467356931611853	FALSE
M2	VIT_08s0058g00020	146	8.81307014345236	0.04137591616644301	FALSE
M2	VIT_12s0035g00780	129	12.636981509191461	0.05932855168634489	FALSE
M2	VIT_15s0046g00500	149	7.918894101676756	0.037177906580642045	FALSE
M2	VIT_13s0067g01090	187	2.7133496338734036	0.012738730675461989	FALSE
M2	VIT_03s0017g02080	188	2.67941333158374	0.012579405312599717	FALSE
M2	VIT_00s0437g00010	137	11.44025818303824	0.053710132314733525	FALSE
M2	VIT_03s0167g00010	204	0.4779433872663812	0.0022438656679172825	FALSE
M2	VIT_14s0030g00860	181	3.269756937878055	0.015350971539333591	FALSE
M2	VIT_09s0002g08210	212	0.2096203834967354	0.0009841332558532178	FALSE
M3	VIT_11s0149g00240	131	0.108151561161314	0.0008319350858562616	FALSE
M3	VIT_12s0057g00060	106	2.5704431387835736	0.01977263952910441	FALSE
M3	VIT_19s0015g02880	97	3.707737968193389	0.028521061293795297	FALSE
M3	VIT_07s0205g00070	22	31.057806230375302	0.23890620177211772	FALSE
M3	VIT_07s0191g00130	41	24.505667122906843	0.188505131714668	FALSE
M3	VIT_15s0046g02110	129	0.28523113150866536	0.0021940856269897337	FALSE
M3	VIT_13s0067g01160	64	12.501965809013692	0.09616896776164378	FALSE
M3	VIT_00s0299g00010	101	3.443349849627252	0.026487306535594248	FALSE
M3	VIT_14s0060g01320	114	1.9104199122776584	0.014695537786751218	FALSE
M3	VIT_12s0057g00180	111	2.053834302252215	0.015798725401940116	FALSE
M3	VIT_12s0057g00170	90	4.558612661191387	0.035066251239933746	FALSE
M3	VIT_19s0014g03730	124	0.6388951108673661	0.004914577775902816	FALSE
M3	VIT_14s0060g01300	115	1.6889745121982278	0.01299211163229406	FALSE
M3	VIT_18s0001g13240	23	31.0092629019119	0.23853279155316845	FALSE
M3	VIT_15s0048g01280	69	10.944741763653813	0.08419032125887549	FALSE
M3	VIT_00s1311g00010	24	30.797869651861035	0.23690668962970027	FALSE
M3	VIT_07s0129g00100	99	3.6153626351430863	0.02781048180879297	FALSE
M3	VIT_00s1603g00010	4	38.834082681547144	0.298723712934978	TRUE
M3	VIT_00s2574g00010	46	22.172138025112517	0.1705549078854809	FALSE
M3	VIT_12s0057g00090	93	4.109782143161986	0.03161370879355374	FALSE
M3	VIT_00s0259g00100	102	3.246712201751962	0.02497470924424586	FALSE
M3	VIT_00s0958g00020	98	3.642684065179442	0.028020646655226477	FALSE
M3	VIT_00s1916g00010	96	3.711015258877702	0.02854627122213617	FALSE
M3	VIT_08s0007g04180	113	1.9504286262262973	0.015003297124817672	FALSE
M3	VIT_00s0187g00300	61	14.902760432691384	0.11463661871301065	FALSE
M3	VIT_03s0088g00570	63	14.386877092404024	0.1106682853261848	FALSE
M3	VIT_12s0057g00080	108	2.430690291131544	0.0186976176240888	FALSE
M3	VIT_12s0057g00070	100	3.536320638319567	0.027202466448612052	FALSE
M3	VIT_11s0037g01430	103	3.2109182989113485	0.024699371530087295	FALSE
M3	VIT_00s0582g00030	78	7.090520961029041	0.05454246893099262	FALSE
M3	VIT_00s2364g00010	92	4.17480179035528	0.03211385992580985	FALSE
M3	VIT_14s0006g02950	105	2.6381148970552792	0.02029319151580984	FALSE
M3	VIT_09s0002g07920	104	3.15725564733792	0.024286581902599382	FALSE
M3	VIT_00s0490g00010	7	38.13252627817526	0.29332712521673276	TRUE
M3	VIT_12s0057g00140	84	5.502464545472217	0.04232665034978629	FALSE
M3	VIT_00s2623g00010	59	16.289889791638632	0.12530684455106642	FALSE
M3	VIT_16s0115g00190	51	19.358361022572435	0.14891046940440333	FALSE
M3	VIT_02s0236g00150	110	2.066660058816595	0.01589738506781996	FALSE
M3	VIT_12s0028g03560	121	1.075108459715431	0.008270065074734085	FALSE
M3	VIT_12s0057g00150	88	4.755146799461773	0.0365780523035521	FALSE
M3	VIT_00s0233g00020	87	4.877070800797963	0.03751592923690741	FALSE
M3	VIT_10s0116g00290	32	28.151633675528373	0.21655102827329517	FALSE
M3	VIT_00s0346g00110	89	4.595156867548948	0.03534736051960729	FALSE
M3	VIT_00s1286g00010	16	33.67024917601129	0.2590019167385484	FALSE
M3	VIT_12s0057g00120	112	2.0490621461810945	0.015762016509085344	FALSE
M3	VIT_13s0064g01130	2	40.86533318201365	0.3143487167847204	TRUE
M3	VIT_14s0006g03110	35	27.08775743857717	0.2083673649121321	FALSE
M3	VIT_13s0067g00850	75	7.970047123599793	0.06130805479692148	FALSE
M3	VIT_00s2851g00010	33	27.867111469895168	0.21436239592227052	FALSE
M3	VIT_00s0625g00030	74	8.033569048057823	0.06179668498506018	FALSE
M3	VIT_15s0024g01680	13	34.70882605337674	0.26699096964135954	TRUE
M3	VIT_00s2600g00010	80	5.979411931853813	0.04599547639887548	FALSE
M3	VIT_02s0488g00050	39	25.044520312372377	0.1926501562490183	FALSE
M3	VIT_00s0187g00170	3	40.35354389871269	0.3104118761439437	TRUE
M3	VIT_16s0022g01160	109	2.296869519368031	0.017668227072061775	FALSE
M3	VIT_09s0002g07940	43	24.285966419947822	0.18681512630729094	FALSE
M3	VIT_00s1547g00010	25	30.288374398259144	0.23298749537122418	FALSE
M3	VIT_00s1596g00010	26	30.288374398259144	0.23298749537122418	FALSE
M3	VIT_01s0011g04820	118	1.642164056247302	0.012632031201902323	FALSE
M3	VIT_06s0009g02810	95	3.881360935052401	0.029856622577326162	FALSE
M3	VIT_05s0049g00780	123	0.7268494505834339	0.005591149619872568	FALSE
M3	VIT_11s0065g01080	42	24.424430078214694	0.18788023137088228	FALSE
M3	VIT_00s0218g00190	83	5.543546451919978	0.042642665014769064	FALSE
M3	VIT_11s0016g00500	125	0.43020177850747154	0.0033092444500574733	FALSE
M3	VIT_00s0229g00080	85	5.249113214448235	0.040377793957294114	FALSE
M3	VIT_00s0669g00010	66	12.174302421970973	0.09364848016900748	FALSE
M3	VIT_04s0044g01130	94	3.8951865911476595	0.02996297377805892	FALSE
M3	VIT_00s0445g00060	5	38.80208170193399	0.2984775515533384	TRUE
M3	VIT_05s0077g02230	81	5.969321912652796	0.04591786086655997	FALSE
M3	VIT_13s0106g00770	1	40.87060024548488	0.314389232657576	TRUE
M3	VIT_00s0972g00010	11	37.08071932222179	0.28523630247862913	TRUE
M3	VIT_07s0005g06040	130	0.15862206344307736	0.0012201697187929027	FALSE
M3	VIT_00s0160g00020	60	15.622944571343789	0.12017649670264453	FALSE
M3	VIT_07s0141g01010	55	17.87654428850082	0.137511879142314	FALSE
M3	VIT_00s0960g00040	31	28.478291119761362	0.21906377784431816	FALSE
M3	VIT_00s0848g00030	116	1.685019661229859	0.012961689701768146	FALSE
M3	VIT_00s0259g00090	30	28.782283447004737	0.22140218036157489	FALSE
M3	VIT_00s2279g00010	27	30.048372817915528	0.23114132936858098	FALSE
M3	VIT_00s2342g00020	72	8.712769881366018	0.0670213067797386	FALSE
M3	VIT_09s0054g00150	12	36.24711724722379	0.27882397882479837	TRUE
M3	VIT_00s2439g00010	48	21.680605881810816	0.16677389139854473	FALSE
M3	VIT_11s0052g01680	77	7.332764681028227	0.05640588216175559	FALSE
M3	VIT_00s1814g00010	57	17.381849037960915	0.1337065310612378	FALSE
M3	VIT_00s1466g00020	107	2.503496630570114	0.019257666389000876	FALSE
M3	VIT_00s1308g00020	122	0.8202229563211321	0.0063094073563164	FALSE
M3	VIT_00s1211g00010	49	19.930614632097253	0.15331242024690195	FALSE
M3	VIT_06s0009g02970	73	8.25751929685639	0.06351937920658762	FALSE
M3	VIT_14s0006g00060	53	18.250865357856593	0.14039127198351226	FALSE
M3	VIT_09s0054g00070	10	37.09593121888598	0.2853533170683537	TRUE
M3	VIT_00s1490g00010	76	7.707174275203901	0.05928595596310693	FALSE
M3	VIT_00s2417g00010	68	11.639758810404329	0.08953660623387945	FALSE
M3	VIT_09s0054g00140	6	38.656880513083365	0.2973606193314105	TRUE
M3	VIT_13s0147g00180	36	26.28117024399623	0.20216284803074022	FALSE
M3	VIT_00s0407g00060	8	38.020824008772586	0.2924678769905584	TRUE
M3	VIT_13s0084g00440	15	33.91280423835878	0.2608677249104522	FALSE
M3	VIT_05s0077g00170	44	24.086938143848112	0.1852841395680624	FALSE
M3	VIT_19s0015g00810	9	37.09813009705904	0.2853702315158388	TRUE
M3	VIT_00s2731g00010	17	33.50234916384413	0.2577103781834164	FALSE
M3	VIT_11s0149g00390	28	29.52560309659592	0.2271200238199686	FALSE
M3	VIT_11s0206g00040	29	29.52560309659592	0.2271200238199686	FALSE
M3	VIT_16s0022g00290	20	31.761115748198723	0.24431627498614403	FALSE
M3	VIT_09s0002g09040	52	18.961125047883698	0.14585480806064383	FALSE
M3	VIT_06s0009g02880	91	4.523359130911097	0.03479507023777767	FALSE
M3	VIT_07s0255g00140	19	32.353549428641294	0.24887345714339457	FALSE
M3	VIT_00s2536g00010	67	12.112010449915768	0.09316931115319822	FALSE
M3	VIT_01s0011g05120	119	1.3945000198938853	0.010726923229952964	FALSE
M3	VIT_00s2497g00010	82	5.9261445767286425	0.04558572751329725	FALSE
M3	VIT_00s1002g00020	47	21.87497569955339	0.16826904384271837	FALSE
M3	VIT_00s2255g00010	38	25.09409084000083	0.1930314680000064	FALSE
M3	VIT_19s0014g03910	14	33.957745986742694	0.2612134306672515	TRUE
M3	VIT_18s0001g02330	21	31.389754865557236	0.24145965281197873	FALSE
M3	VIT_00s0211g00160	50	19.61705316391344	0.1509004089531803	FALSE
M3	VIT_00s2478g00010	37	25.695594681060264	0.1976584206235405	FALSE
M3	VIT_02s0012g00720	62	14.850253382024514	0.1142327183232655	FALSE
M3	VIT_02s0012g00820	54	17.878021464935845	0.13752324203796804	FALSE
M3	VIT_13s0106g00120	34	27.37611398185997	0.21058549216815362	FALSE
M3	VIT_03s0017g00410	45	22.445899023898093	0.17266076172229303	FALSE
M3	VIT_19s0014g03900	18	32.76267828079532	0.252020602159964	FALSE
M3	VIT_00s1677g00020	70	9.640848978523849	0.07416037675787576	FALSE
M3	VIT_06s0009g02920	56	17.716737696965097	0.13628259766896228	FALSE
M3	VIT_00s1987g00010	65	12.367122495014975	0.09513171150011519	FALSE
M3	VIT_09s0070g00900	86	4.931855453703638	0.03793734964387414	FALSE
M3	VIT_15s0045g00770	40	24.630201391482014	0.18946308762678474	FALSE
M3	VIT_07s0031g01980	126	0.416749427179963	0.003205764824461254	FALSE
M3	VIT_00s0634g00030	58	16.45400936388651	0.126569302799127	FALSE
M3	VIT_00s0556g00010	71	9.377298254722074	0.07213306349786211	FALSE
M3	VIT_12s0034g00100	120	1.1328803655609334	0.008714464350468718	FALSE
M3	VIT_04s0008g01560	117	1.656936344030802	0.012745664184852323	FALSE
M3	VIT_09s0070g00960	79	6.056037598788789	0.04658490460606761	FALSE
M3	VIT_10s0042g00880	127	0.3455052039959046	0.0026577323384300356	FALSE
M3	VIT_00s0556g00020	128	0.29818590181526833	0.002293737706271295	FALSE
M4	VIT_17s0000g03280	57	9.153129367711605	0.07564569725381491	FALSE
M4	VIT_03s0063g01770	98	3.362166324194426	0.027786498547061375	FALSE
M4	VIT_12s0035g01900	78	6.488830315615709	0.05362669682327032	FALSE
M4	VIT_04s0023g01110	114	1.9363738507354409	0.016003089675499512	FALSE
M4	VIT_12s0035g01910	81	5.756446853597305	0.047573940938820704	FALSE
M4	VIT_07s0129g00490	34	13.406558497162537	0.1107980041087813	FALSE
M4	VIT_18s0122g00850	22	16.02736679434016	0.1324575768127286	FALSE
M4	VIT_13s0067g01980	15	17.446620802099133	0.1441869487776788	FALSE
M4	VIT_06s0004g01510	43	11.638417640300203	0.09618526975454712	FALSE
M4	VIT_17s0000g00830	55	9.564831894885616	0.07904819747839352	FALSE
M4	VIT_18s0001g08270	71	7.738133038051926	0.06395151271117294	FALSE
M4	VIT_08s0105g00380	49	10.819269575373072	0.0894154510361411	FALSE
M4	VIT_05s0049g01180	31	14.660124047492397	0.12115804997927601	FALSE
M4	VIT_14s0006g02880	26	15.607110945802678	0.1289843879818403	FALSE
M4	VIT_00s0524g00030	92	5.159321714785979	0.04263902243624776	FALSE
M4	VIT_11s0016g04160	46	11.086935445440318	0.09162756566479602	FALSE
M4	VIT_13s0019g00330	16	17.352602428944465	0.1434099374292931	FALSE
M4	VIT_17s0000g06200	96	4.524869989961307	0.037395619751746344	FALSE
M4	VIT_17s0053g00990	53	10.508243021233781	0.08684498364656018	FALSE
M4	VIT_04s0210g00050	24	15.888117695321109	0.13130675781257115	FALSE
M4	VIT_05s0051g00590	27	15.536435680523093	0.12840029488035615	FALSE
M4	VIT_13s0156g00100	40	12.150050163519715	0.10041363771503897	FALSE
M4	VIT_07s0031g01160	110	2.2097368635277608	0.018262288128328603	FALSE
M4	VIT_01s0026g00290	12	18.31386657515117	0.15135426921612538	TRUE
M4	VIT_08s0007g01520	10	19.02396595489194	0.15722285913133832	TRUE
M4	VIT_00s0371g00050	111	2.1341890044373177	0.017637925656506757	FALSE
M4	VIT_03s0063g01150	120	0.2030789102117207	0.0016783381009233115	FALSE
M4	VIT_11s0037g00510	109	2.4720294373850713	0.020429995350289845	FALSE
M4	VIT_17s0000g06360	86	5.553608016158133	0.045897586910397796	FALSE
M4	VIT_08s0007g03690	50	10.700949666927713	0.0884376005531216	FALSE
M4	VIT_03s0063g00370	104	3.0470181854631835	0.025181968474902342	FALSE
M4	VIT_05s0102g00450	94	4.619328431540325	0.03817626802925888	FALSE
M4	VIT_04s0044g01860	19	16.43019007128265	0.13578669480398883	FALSE
M4	VIT_01s0026g02620	95	4.583235739954814	0.03787798132194061	FALSE
M4	VIT_00s1682g00010	58	9.023961470237419	0.07457819396890429	FALSE
M4	VIT_00s0524g00010	103	3.1011643897971526	0.025629457766918617	FALSE
M4	VIT_17s0000g09810	89	5.249963102526109	0.043388124814265364	FALSE
M4	VIT_18s0072g00160	37	12.969896382327132	0.10718922630022423	FALSE
M4	VIT_00s0524g00040	106	2.843389115533001	0.02349908359944629	FALSE
M4	VIT_00s2342g00010	85	5.600342556570017	0.04628382278157039	FALSE
M4	VIT_01s0010g00020	90	5.206614828989212	0.04302987461974555	FALSE
M4	VIT_03s0132g00070	60	8.913652794741568	0.07366655202265758	FALSE
M4	VIT_17s0000g09800	88	5.297086345205325	0.04377757310087045	FALSE
M4	VIT_01s0010g00240	72	7.508809715683548	0.0620562786420128	FALSE
M4	VIT_11s0052g01090	101	3.22327283053833	0.026638618434201074	FALSE
M4	VIT_06s0004g00590	38	12.842324240650427	0.1061349110797556	FALSE
M4	VIT_19s0093g00550	32	13.969845773412871	0.11545327085465183	FALSE
M4	VIT_17s0000g08290	35	13.260894835053753	0.10959417219052688	FALSE
M4	VIT_07s0005g01240	102	3.115677636014316	0.025749401950531537	FALSE
M4	VIT_03s0063g01380	48	10.827630852870522	0.08948455250306217	FALSE
M4	VIT_15s0046g00480	61	8.91320400733702	0.07366284303584314	FALSE
M4	VIT_08s0007g01530	9	19.045842314562343	0.15740365549225077	TRUE
M4	VIT_19s0014g01780	115	1.8476856289785735	0.015270129165112178	FALSE
M4	VIT_06s0009g02500	1	22.866605418006444	0.18898021006616894	TRUE
M4	VIT_04s0008g04710	5	20.038472445453202	0.16560721029300166	TRUE
M4	VIT_08s0007g04550	63	8.42183994597034	0.06960198302454827	FALSE
M4	VIT_12s0059g01340	52	10.510164956748538	0.08686086741114495	FALSE
M4	VIT_08s0007g08030	70	7.760282183841422	0.06413456350282166	FALSE
M4	VIT_13s0067g02560	99	3.2964745846966785	0.02724359160906346	FALSE
M4	VIT_15s0048g02870	66	8.12934033068415	0.06718463083210041	FALSE
M4	VIT_06s0004g00260	21	16.127502941484437	0.13328514827673088	FALSE
M4	VIT_00s0480g00030	54	9.927886784340131	0.08204865111024902	FALSE
M4	VIT_01s0137g00240	2	21.53001242508246	0.17793398698415258	TRUE
M4	VIT_12s0057g00700	51	10.673399089998428	0.08820990983469776	FALSE
M4	VIT_05s0077g01460	68	7.81819800326593	0.0646132066385614	FALSE
M4	VIT_05s0020g02290	75	7.2351232750890055	0.059794407232140544	FALSE
M4	VIT_11s0118g00420	79	6.133092359940686	0.050686713718518066	FALSE
M4	VIT_04s0079g00260	8	19.273765615009243	0.1592873191323078	TRUE
M4	VIT_00s0480g00040	69	7.806109654458049	0.06451330292940537	FALSE
M4	VIT_00s0187g00120	84	5.654037127697982	0.04672757956775191	FALSE
M4	VIT_00s1937g00010	80	5.776316014398232	0.04773814887932423	FALSE
M4	VIT_00s0179g00320	14	17.481346175309753	0.14447393533313846	FALSE
M4	VIT_05s0020g03980	11	18.79646384523775	0.15534267640692354	TRUE
M4	VIT_01s0011g01280	33	13.44620947836942	0.11112569816834232	FALSE
M4	VIT_18s0001g04800	44	11.184639686670792	0.09243503873281646	FALSE
M4	VIT_10s0003g01070	20	16.424306852589087	0.1357380731618933	FALSE
M4	VIT_11s0016g03840	121	0.1934501647499728	0.0015987616921485357	FALSE
M4	VIT_10s0003g04950	74	7.2948121207830905	0.0602877034775462	FALSE
M4	VIT_05s0020g02810	7	19.756861677545615	0.16327984857475714	TRUE
M4	VIT_04s0008g02670	28	15.532411111350164	0.12836703397810054	FALSE
M4	VIT_17s0000g05570	42	11.742320475041314	0.09704397086811004	FALSE
M4	VIT_01s0026g00810	41	12.072626919433983	0.09977377619366928	FALSE
M4	VIT_12s0055g00290	30	14.901482648504565	0.12315274916119476	FALSE
M4	VIT_14s0030g00190	100	3.296348382232895	0.027242548613495	FALSE
M4	VIT_02s0025g03230	29	14.91019096742857	0.12322471873907909	FALSE
M4	VIT_15s0046g01360	118	1.078459542099806	0.008912888777684346	FALSE
M4	VIT_09s0070g00480	6	19.83709176446677	0.16394290714435347	TRUE
M4	VIT_16s0098g01640	116	1.2859786024525404	0.010627922334318515	FALSE
M4	VIT_17s0000g01160	25	15.856267134304044	0.13104353003557062	FALSE
M4	VIT_19s0085g01110	13	18.242295866123836	0.15076277575308955	TRUE
M4	VIT_05s0020g03320	4	20.083434275582736	0.165978795665973	TRUE
M4	VIT_14s0060g00790	77	7.079437807787902	0.05850775047758597	FALSE
M4	VIT_18s0001g02790	56	9.214143158227166	0.07614994345642287	FALSE
M4	VIT_01s0011g02360	39	12.599785579745772	0.10413045933674192	FALSE
M4	VIT_16s0050g01150	73	7.309538070966234	0.06040940554517549	FALSE
M4	VIT_06s0004g04110	18	16.496508022596167	0.13633477704624933	FALSE
M4	VIT_05s0062g01360	93	4.893330027230418	0.040440744026697666	FALSE
M4	VIT_08s0056g01300	91	5.17351111538144	0.042756290209763965	FALSE
M4	VIT_06s0004g00070	23	16.02454502425089	0.13243425639876769	FALSE
M4	VIT_18s0001g00370	3	20.61070764346613	0.17033642680550523	TRUE
M4	VIT_03s0038g02110	112	2.0879082491636667	0.01725544007573278	FALSE
M4	VIT_02s0154g00480	107	2.8189105689360754	0.02329678156145517	FALSE
M4	VIT_15s0021g01280	62	8.425102314491667	0.06962894474786502	FALSE
M4	VIT_18s0001g08710	83	5.656908324171418	0.0467513084642266	FALSE
M4	VIT_00s0230g00090	117	1.1619860278811396	0.00960319031306727	FALSE
M4	VIT_10s0003g05420	119	0.42203588187964813	0.003487899850245026	FALSE
M4	VIT_12s0034g01160	36	13.043999110125828	0.10780164553822998	FALSE
M4	VIT_03s0017g01940	97	3.847255289546943	0.031795498260718535	FALSE
M4	VIT_14s0108g00340	17	16.977476147114466	0.1403097202240865	FALSE
M4	VIT_12s0055g00810	108	2.588102847942763	0.021389279735064156	FALSE
M4	VIT_00s0279g00100	113	2.073638428664363	0.01713750767491209	FALSE
M4	VIT_03s0132g00100	59	9.015984340309872	0.0745122672752882	FALSE
M4	VIT_17s0000g00820	67	7.919524209318528	0.06545061330015313	FALSE
M4	VIT_09s0002g00320	47	10.89367959376528	0.09003040986582875	FALSE
M4	VIT_05s0020g03650	64	8.357031688563346	0.06906637759143261	FALSE
M4	VIT_06s0061g01470	76	7.21663766709766	0.05964163361237736	FALSE
M4	VIT_08s0040g00490	65	8.234997751590392	0.06805783265777184	FALSE
M4	VIT_04s0023g00320	105	3.009639656071947	0.024873055008859064	FALSE
M4	VIT_05s0049g00740	122	0.18674303076523607	0.001543330832770546	FALSE
M4	VIT_18s0001g10160	45	11.123117378816278	0.09192658990757255	FALSE
M4	VIT_08s0007g05860	82	5.718044647642595	0.04725656733588921	FALSE
M4	VIT_18s0001g14780	87	5.445748116547954	0.04500618278138805	FALSE
M5	VIT_05s0077g01580	86	11.749612263139214	0.10980946040317023	FALSE
M5	VIT_03s0038g03860	80	14.093387895524497	0.13171390556564952	FALSE
M5	VIT_09s0002g01000	66	19.717931921877806	0.18427973758764304	FALSE
M5	VIT_00s1206g00010	67	19.698229419822756	0.18409560205441827	FALSE
M5	VIT_14s0030g00340	97	4.170209677208396	0.038973922216900894	FALSE
M5	VIT_02s0025g03260	43	28.662135237677848	0.267870422782036	FALSE
M5	VIT_10s0116g00530	64	20.15327462419208	0.18834836097375776	FALSE
M5	VIT_08s0007g01560	98	4.126637879189719	0.038566709151305785	FALSE
M5	VIT_02s0012g01660	82	12.402446457441853	0.11591071455553133	FALSE
M5	VIT_05s0062g00610	107	0.7587854961369297	0.0070914532349245765	FALSE
M5	VIT_04s0044g00040	87	11.526355859158153	0.1077229519547491	FALSE
M5	VIT_08s0040g01710	85	12.073063252137066	0.11283236684240248	FALSE
M5	VIT_18s0001g08760	76	14.60557585589977	0.13650070893364272	FALSE
M5	VIT_05s0049g01550	95	6.210544316492433	0.05804247024759283	FALSE
M5	VIT_18s0166g00060	103	2.032280984166787	0.01899328022585782	FALSE
M5	VIT_18s0001g15130	88	11.505803491540567	0.10753087375271558	FALSE
M5	VIT_05s0077g01560	71	17.624921283406227	0.1647188904991236	FALSE
M5	VIT_07s0005g03340	91	10.147393759947064	0.09483545570043986	FALSE
M5	VIT_06s0004g07550	90	11.186159855380577	0.10454355005028576	FALSE
M5	VIT_18s0001g15220	77	14.326742401227593	0.13389478879651956	FALSE
M5	VIT_00s0270g00120	42	29.165362825835892	0.27257348435360645	FALSE
M5	VIT_14s0030g01890	54	24.235445800080875	0.22649949345869977	FALSE
M5	VIT_05s0077g01570	63	20.173791555147126	0.18854010799202922	FALSE
M5	VIT_06s0004g02010	9	39.32033423742496	0.36747975922827064	TRUE
M5	VIT_11s0016g03190	61	20.883315485264237	0.19517117275947884	FALSE
M5	VIT_03s0091g00160	96	6.156499678206844	0.057537380170157415	FALSE
M5	VIT_06s0004g01990	15	37.655532684242125	0.35192086620787033	FALSE
M5	VIT_06s0061g01210	73	15.520500494903727	0.14505140649442735	FALSE
M5	VIT_15s0046g01570	34	30.745022706051756	0.28733666080422204	FALSE
M5	VIT_02s0033g01380	100	3.242737768014401	0.030305960448732717	FALSE
M5	VIT_05s0077g01540	41	29.377677079264508	0.2745577297127524	FALSE
M5	VIT_01s0011g01810	70	18.189320339403178	0.1699936480318054	FALSE
M5	VIT_06s0004g01010	57	22.530689249812756	0.2105671892505865	FALSE
M5	VIT_05s0020g03140	58	22.222952281023176	0.2076911428133007	FALSE
M5	VIT_12s0059g01720	68	18.66947559736066	0.17448108034916504	FALSE
M5	VIT_03s0038g03400	46	27.84594417796154	0.2602424689529116	FALSE
M5	VIT_08s0007g01810	75	14.768083057143338	0.1380194678237695	FALSE
M5	VIT_06s0004g01020	26	32.87015173902423	0.3071976798039648	FALSE
M5	VIT_11s0065g00350	78	14.220299700706553	0.132899997202865	FALSE
M5	VIT_12s0028g00920	83	12.395800228021654	0.11584860026188462	FALSE
M5	VIT_12s0059g00310	94	6.8850189092510705	0.06434597111449598	FALSE
M5	VIT_16s0039g01100	56	22.949925611581175	0.2144852860895437	FALSE
M5	VIT_16s0100g01010	38	29.878345626477643	0.2792368750138097	FALSE
M5	VIT_16s0100g01200	13	38.19396924580386	0.3569529836056436	FALSE
M5	VIT_08s0007g06060	101	2.9512688330444194	0.02758195171069551	FALSE
M5	VIT_05s0077g01550	74	15.32369694471924	0.1432121209786845	FALSE
M5	VIT_05s0020g05000	52	26.179689399104102	0.2446699943841505	FALSE
M5	VIT_02s0025g04250	31	31.100654879558906	0.29066032597718605	FALSE
M5	VIT_03s0088g00710	37	30.00255929348061	0.28039775040636084	FALSE
M5	VIT_16s0100g01100	4	41.48824203127214	0.38774057973151527	TRUE
M5	VIT_12s0059g00370	102	2.071162595214724	0.019356659768361907	FALSE
M5	VIT_18s0001g02760	84	12.247057040683485	0.1144584770157335	FALSE
M5	VIT_16s0100g00990	39	29.72954359814928	0.27784620185186243	FALSE
M5	VIT_16s0100g01030	49	26.989479130558234	0.2522381227154975	FALSE
M5	VIT_05s0077g01530	14	37.946684948232615	0.35464191540404316	FALSE
M5	VIT_16s0100g01000	44	28.525145385404052	0.2665901437888229	FALSE
M5	VIT_16s0100g00950	55	23.12321738218309	0.2161048353475055	FALSE
M5	VIT_16s0100g00830	19	35.46004389977518	0.3314022794371512	FALSE
M5	VIT_06s0004g01030	20	35.26991408724583	0.3296253653013629	FALSE
M5	VIT_13s0019g00480	69	18.298734403465723	0.17101620937818432	FALSE
M5	VIT_02s0025g04270	79	14.179979206412412	0.13252317015338702	FALSE
M5	VIT_00s0324g00050	22	35.076513838868244	0.32781788634456305	FALSE
M5	VIT_16s0100g00750	2	42.22209751255523	0.39459904217341335	TRUE
M5	VIT_16s0100g00910	6	40.770475473140664	0.3810324810573894	TRUE
M5	VIT_12s0028g02530	24	33.10439564402082	0.30938687517776464	FALSE
M5	VIT_12s0028g00860	7	40.281675467996486	0.3764642567102475	TRUE
M5	VIT_13s0019g05070	18	35.56227162290417	0.33235767871873056	FALSE
M5	VIT_11s0016g05540	21	35.103607702456166	0.3280711000229548	FALSE
M5	VIT_16s0100g00770	3	41.83804698646678	0.3910097849202503	TRUE
M5	VIT_15s0048g00510	81	13.32049417627984	0.12449059977831627	FALSE
M5	VIT_03s0088g00700	16	36.753999896359616	0.34349532613420203	FALSE
M5	VIT_14s0006g03050	40	29.477849954710944	0.27549392481038265	FALSE
M5	VIT_16s0100g01070	11	38.82576007808643	0.36285757082323766	TRUE
M5	VIT_16s0050g00400	108	0.6770095388104103	0.006327191951499161	FALSE
M5	VIT_03s0088g00690	12	38.214175210346866	0.3571418243957651	FALSE
M5	VIT_08s0040g00920	104	1.695446330188718	0.015845292805502037	FALSE
M5	VIT_16s0100g00900	62	20.195610898276705	0.18874402708669819	FALSE
M5	VIT_18s0001g13670	99	4.038357770648238	0.03774166140792746	FALSE
M5	VIT_16s0100g01150	10	39.197305214693735	0.36632995527751155	TRUE
M5	VIT_02s0025g04230	92	8.548508119900733	0.07989259925140872	FALSE
M5	VIT_07s0031g01710	93	7.464217601088838	0.06975904300083026	FALSE
M5	VIT_02s0033g00700	45	28.41526414036009	0.2655632162650476	FALSE
M5	VIT_01s0026g02400	50	26.582728996367134	0.2484367195922162	FALSE
M5	VIT_12s0035g01000	29	31.698259981906183	0.2962454203916466	FALSE
M5	VIT_16s0039g01170	30	31.48459219347777	0.29424852517268946	FALSE
M5	VIT_01s0146g00320	17	35.979860777847065	0.33626038110137446	FALSE
M5	VIT_17s0000g00680	35	30.71673078456619	0.2870722503230485	FALSE
M5	VIT_16s0100g01020	48	27.18555075337479	0.2540705677885495	FALSE
M5	VIT_16s0100g00780	1	43.65865121149235	0.40802477767749856	TRUE
M5	VIT_16s0039g01320	33	30.867134121656303	0.2884778889874421	FALSE
M5	VIT_16s0100g01190	60	20.90980319954768	0.19541872149109982	FALSE
M5	VIT_16s0100g00880	65	20.132120156144634	0.1881506556649031	FALSE
M5	VIT_16s0039g01120	36	30.411683003355282	0.2842213364799559	FALSE
M5	VIT_05s0020g03280	5	40.838786882433595	0.3816709054433046	TRUE
M5	VIT_16s0100g01160	27	32.22297004155174	0.3011492527247826	FALSE
M5	VIT_16s0100g00960	89	11.242531311205537	0.10507038608603306	FALSE
M5	VIT_16s0100g01130	32	31.006581974014715	0.28978113994406274	FALSE
M5	VIT_12s0028g02970	25	32.96975421931058	0.30812854410570634	FALSE
M5	VIT_02s0025g04260	53	24.53520923209629	0.22930102086071297	FALSE
M5	VIT_00s2849g00010	72	17.15433588627105	0.1603208961333743	FALSE
M5	VIT_18s0117g00550	23	34.27383741964373	0.32031623756676386	FALSE
M5	VIT_16s0039g01300	51	26.246177073927573	0.2452913745226876	FALSE
M5	VIT_07s0151g01070	59	21.472333533101445	0.20067601432805088	FALSE
M5	VIT_16s0100g01140	8	40.197395621251445	0.375676594591135	TRUE
M5	VIT_16s0039g01240	28	31.918526410296	0.29830398514295325	FALSE
M5	VIT_16s0039g01280	47	27.71842920012099	0.25905074018804664	FALSE
M5	VIT_16s0039g02610	105	1.0436474868426473	0.009753714830305115	FALSE
M5	VIT_10s0042g00400	106	1.0428971883370053	0.009746702694738367	FALSE
M6	VIT_01s0011g05110	55	4.5780958043601965	0.06832978812477905	FALSE
M6	VIT_04s0008g06000	60	3.464075475886474	0.0517026190430817	FALSE
M6	VIT_07s0005g02710	46	7.4988450417258	0.11192306032426567	FALSE
M6	VIT_08s0007g08840	13	15.040002134558463	0.22447764379938004	FALSE
M6	VIT_11s0052g00630	40	8.568441688697396	0.12788718938354324	FALSE
M6	VIT_12s0057g00100	68	0.7107896944842372	0.010608801410212495	FALSE
M6	VIT_02s0012g00170	54	4.778653025321752	0.0713231794824142	FALSE
M6	VIT_09s0002g00640	56	4.4571294117969735	0.06652431957905931	FALSE
M6	VIT_13s0019g02780	45	7.693365157711979	0.11482634563749222	FALSE
M6	VIT_00s0189g00050	52	5.887794245036077	0.08787752604531458	FALSE
M6	VIT_01s0011g04990	33	10.255874113122948	0.1530727479570589	FALSE
M6	VIT_05s0102g00620	11	15.626659016814182	0.23323371666886838	FALSE
M6	VIT_09s0002g00630	66	1.2926803671532485	0.019293736823182812	FALSE
M6	VIT_13s0019g02850	50	6.578912742079788	0.09819272749372818	FALSE
M6	VIT_00s0246g00200	22	12.875768791361715	0.19217565360241365	FALSE
M6	VIT_08s0040g00780	61	3.414469408600342	0.05096222997910958	FALSE
M6	VIT_18s0001g11160	57	4.233572766260484	0.06318765322776843	FALSE
M6	VIT_04s0008g01110	51	6.144012573272666	0.09170168019809949	FALSE
M6	VIT_03s0091g00450	44	7.728688173760219	0.11535355483224206	FALSE
M6	VIT_01s0011g02000	49	7.016804945640285	0.10472843202448186	FALSE
M6	VIT_05s0049g00660	67	1.097166185815361	0.016375614713662105	FALSE
M6	VIT_09s0070g00240	43	8.128808377369172	0.12132549816968913	FALSE
M6	VIT_03s0038g01410	31	10.668723408270084	0.1592346777353744	FALSE
M6	VIT_00s0323g00050	28	11.223437571256184	0.16751399360083857	FALSE
M6	VIT_09s0002g06920	58	4.064256252710254	0.06066054108522767	FALSE
M6	VIT_08s0007g07720	7	16.968604865130967	0.2532627591810592	TRUE
M6	VIT_08s0007g03240	19	14.040983752728177	0.20956692168251012	FALSE
M6	VIT_00s0286g00140	53	4.996096266958659	0.07456860099938298	FALSE
M6	VIT_05s0049g00730	65	1.3682827545709701	0.02042213066523836	FALSE
M6	VIT_14s0128g00190	27	11.381907810551473	0.16987922105300707	FALSE
M6	VIT_09s0002g08680	47	7.434026511049521	0.1109556195679033	FALSE
M6	VIT_05s0049g00720	63	1.4346844859010814	0.021413201282105693	FALSE
M6	VIT_00s1312g00010	12	15.615182768287287	0.2330624293774222	FALSE
M6	VIT_13s0019g02840	39	8.899583832975095	0.13282960944738947	FALSE
M6	VIT_12s0134g00590	35	9.935840114377704	0.148296121110115	FALSE
M6	VIT_15s0048g01590	38	9.121262912909355	0.13613825243148292	FALSE
M6	VIT_04s0023g03710	3	17.832655361225793	0.26615903524217605	TRUE
M6	VIT_17s0000g08920	4	17.744960600476333	0.26485015821606467	TRUE
M6	VIT_00s0480g00090	32	10.54040442830741	0.15731946907921507	FALSE
M6	VIT_14s0108g00700	8	16.828932459414276	0.25117809640916827	FALSE
M6	VIT_00s0194g00160	18	14.070060012060203	0.21000089570239108	FALSE
M6	VIT_00s1240g00010	25	12.451945641091422	0.18584993494166302	FALSE
M6	VIT_00s2739g00010	9	16.119456778528242	0.24058890714221257	FALSE
M6	VIT_00s0187g00060	34	9.970607580641989	0.1488150385170446	FALSE
M6	VIT_14s0068g01570	23	12.740505368374695	0.1901567965429059	FALSE
M6	VIT_11s0016g03580	59	3.7136027326166294	0.05542690645696462	FALSE
M6	VIT_03s0063g01930	16	14.576946784174297	0.2175663699130492	FALSE
M6	VIT_18s0001g10500	26	11.761180860427297	0.17554001284219847	FALSE
M6	VIT_11s0052g01650	10	16.091307882439455	0.240168774364768	FALSE
M6	VIT_18s0001g07340	15	14.638471028011931	0.2184846422091333	FALSE
M6	VIT_00s0181g00180	1	18.394195840244095	0.2745402364215537	TRUE
M6	VIT_12s0134g00630	37	9.138025628609624	0.13638844221805407	FALSE
M6	VIT_08s0040g01130	42	8.391942794617249	0.12525287753160072	FALSE
M6	VIT_08s0007g02440	17	14.20928836976633	0.21207893089203478	FALSE
M6	VIT_14s0128g00110	2	18.23164560630859	0.2721141135269939	TRUE
M6	VIT_09s0002g01400	5	17.532464200211727	0.26167857015241386	TRUE
M6	VIT_13s0067g02390	20	13.732612822693243	0.20496437048795885	FALSE
M6	VIT_01s0137g00410	14	14.745472792081703	0.22008168346390602	FALSE
M6	VIT_01s0011g06590	6	17.21971513515933	0.25701067365909447	TRUE
M6	VIT_12s0134g00650	41	8.546251585669916	0.12755599381596888	FALSE
M6	VIT_14s0060g02230	62	2.0799201834775056	0.031043584828022473	FALSE
M6	VIT_03s0088g00810	64	1.4240013736981358	0.021253751846240832	FALSE
M6	VIT_00s0181g00200	24	12.592708411304626	0.1879508718105168	FALSE
M6	VIT_13s0064g01660	21	13.405622020304538	0.200083910750814	FALSE
M6	VIT_03s0038g03090	48	7.140092876728794	0.10656855039893721	FALSE
M6	VIT_14s0128g00210	36	9.906794211472123	0.1478626001712257	FALSE
M6	VIT_15s0048g00630	30	10.771534278497239	0.16076916833577967	FALSE
M6	VIT_10s0003g02110	29	10.866279547478888	0.1621832768280431	FALSE
M7	VIT_13s0067g01070	16	11.029168292126986	0.20809751494579218	FALSE
M7	VIT_11s0016g02760	47	3.5197651940011285	0.06641066403775714	FALSE
M7	VIT_18s0001g06150	12	12.115155053556222	0.228587831199174	FALSE
M7	VIT_01s0011g04550	15	11.09840280071151	0.20940382642851904	FALSE
M7	VIT_10s0003g03810	18	10.334726455368639	0.19499483878054036	FALSE
M7	VIT_12s0134g00240	38	5.283462928196899	0.09968797977729998	FALSE
M7	VIT_08s0007g08020	42	4.683684487508348	0.08837140542468581	FALSE
M7	VIT_13s0067g00260	36	5.9638775916144375	0.11252599229461203	FALSE
M7	VIT_18s0001g08580	10	13.040000560973528	0.2460377464334628	FALSE
M7	VIT_08s0007g08520	27	8.47627255791535	0.15992967090406318	FALSE
M7	VIT_10s0003g00260	48	3.262438314178118	0.06155543989015317	FALSE
M7	VIT_11s0052g01260	4	15.52265325783539	0.29288025014783753	TRUE
M7	VIT_01s0026g00980	24	9.412507488730167	0.1775944809194371	FALSE
M7	VIT_11s0016g01810	30	7.625324041199072	0.14387403851319003	FALSE
M7	VIT_05s0020g02830	43	4.312605681997446	0.08136991852825369	FALSE
M7	VIT_12s0134g00170	25	8.738980216974753	0.16488641918820288	FALSE
M7	VIT_14s0108g00090	49	1.7353157214166555	0.032741806064465195	FALSE
M7	VIT_13s0064g01510	40	5.1021935396133	0.0962678026342132	FALSE
M7	VIT_18s0001g06170	9	13.774537424573934	0.2598969325391308	FALSE
M7	VIT_00s0463g00040	54	0.053151940615998615	0.0010028668040754456	FALSE
M7	VIT_03s0063g00320	53	0.14424818717969579	0.0027216639090508637	FALSE
M7	VIT_01s0026g02540	51	1.1391506164678273	0.021493407857883534	FALSE
M7	VIT_11s0052g01300	2	15.779299939572018	0.29772264036928336	TRUE
M7	VIT_03s0180g00210	29	8.405844345538775	0.15860083670827876	FALSE
M7	VIT_07s0129g00210	11	12.302670382707678	0.23212585627750335	FALSE
M7	VIT_07s0005g01140	23	9.47510714885346	0.17877560658214076	FALSE
M7	VIT_14s0066g02350	22	9.573350354791746	0.18062925197720275	FALSE
M7	VIT_19s0014g04650	31	7.467582181689787	0.14089777701301484	FALSE
M7	VIT_11s0052g01190	5	15.274499131041416	0.2881980968121022	TRUE
M7	VIT_02s0025g04460	37	5.498080768532301	0.10373737299117548	FALSE
M7	VIT_18s0001g03240	13	11.986099923496258	0.22615282874521242	FALSE
M7	VIT_04s0044g01880	41	4.956977043195871	0.09352786873954473	FALSE
M7	VIT_04s0008g05510	20	10.076751229069675	0.1901273816805599	FALSE
M7	VIT_16s0050g01020	21	9.601381265658445	0.1811581370878952	FALSE
M7	VIT_11s0052g01200	8	14.39333520006192	0.2715723622653192	FALSE
M7	VIT_18s0001g06020	26	8.55690810425439	0.1614510963066866	FALSE
M7	VIT_16s0100g00380	14	11.735143529303457	0.22141780243968787	FALSE
M7	VIT_11s0052g01270	7	14.394705626663304	0.27159821937100576	FALSE
M7	VIT_11s0016g02920	17	10.56053403073353	0.19925535907044395	FALSE
M7	VIT_02s0087g00710	39	5.104725692482403	0.09631557910344157	FALSE
M7	VIT_11s0052g01280	3	15.756854490667923	0.29729914133335705	TRUE
M7	VIT_00s0203g00020	52	1.0096065940572978	0.019049181019949016	FALSE
M7	VIT_11s0052g01180	1	15.92319653783442	0.3004376705251777	TRUE
M7	VIT_11s0016g00660	33	7.155367301768645	0.1350069302220499	FALSE
M7	VIT_03s0063g00460	28	8.44129037803555	0.15926962977425566	FALSE
M7	VIT_05s0062g00480	50	1.5441655473074307	0.02913519900580058	FALSE
M7	VIT_18s0001g08590	19	10.304533141033916	0.1944251536044135	FALSE
M7	VIT_11s0052g01320	6	15.135400434674779	0.2855735931070713	TRUE
M7	VIT_18s0001g11680	35	6.34006918487776	0.11962394688448603	FALSE
M7	VIT_01s0010g02940	44	4.096599492214839	0.07729433004178941	FALSE
M7	VIT_16s0050g02400	32	7.459993108333952	0.14075458694969722	FALSE
M7	VIT_07s0129g00580	46	3.7044553218676572	0.06989538343146523	FALSE
M7	VIT_11s0052g01340	34	6.8417973694051835	0.1290905164038714	FALSE
M7	VIT_03s0038g01270	45	3.9353454900054814	0.07425180169821663	FALSE
M8	VIT_00s0125g00020	33	3.543651099193887	0.07539683189774228	FALSE
M8	VIT_00s0125g00070	18	6.261718997969135	0.13322806378657734	FALSE
M8	VIT_01s0010g01260	8	8.571326425505823	0.18236864735118774	FALSE
M8	VIT_13s0101g00220	10	8.109502625073947	0.17254260904412655	FALSE
M8	VIT_13s0073g00590	29	3.86989822625748	0.08233826013313787	FALSE
M8	VIT_04s0008g01490	39	2.0323255977437857	0.043240970164761396	FALSE
M8	VIT_11s0016g04080	32	3.6338290127517596	0.0773155109096119	FALSE
M8	VIT_16s0022g00510	31	3.683165610070835	0.07836522574618798	FALSE
M8	VIT_00s0873g00010	26	4.2149008995788995	0.0896787425442319	FALSE
M8	VIT_17s0000g07190	37	2.886624460768134	0.06141754171847094	FALSE
M8	VIT_12s0059g01990	44	0.6610186576393412	0.014064226758283855	FALSE
M8	VIT_00s0125g00060	17	6.294514516803731	0.1339258407830581	FALSE
M8	VIT_13s0019g02630	6	8.772471664069936	0.18664833327808375	FALSE
M8	VIT_07s0031g03000	12	7.994984278702922	0.1701060484830409	FALSE
M8	VIT_13s0019g03160	35	3.474096432018661	0.07391694536209917	FALSE
M8	VIT_01s0010g02290	14	7.149718016067699	0.15212165991633403	FALSE
M8	VIT_01s0010g02310	45	0.4538338262974871	0.009656038857393343	FALSE
M8	VIT_07s0005g01970	42	1.2460980339822882	0.026512724127282727	FALSE
M8	VIT_13s0019g03090	34	3.513199035444085	0.0747489156477465	FALSE
M8	VIT_02s0025g00280	36	3.4735761956226487	0.07390587650260955	FALSE
M8	VIT_13s0101g00230	41	1.8233271927509331	0.038794195590445384	FALSE
M8	VIT_14s0036g01270	30	3.81834147455718	0.08124130796930171	FALSE
M8	VIT_00s0873g00020	22	4.735432834344785	0.10075389009244223	FALSE
M8	VIT_13s0101g00210	15	6.8240935971376055	0.1451934807901618	FALSE
M8	VIT_04s0008g01570	38	2.5410191293567688	0.05406423679482487	FALSE
M8	VIT_01s0146g00150	23	4.6770753254296205	0.09951224096658767	FALSE
M8	VIT_10s0092g00760	9	8.537031515603763	0.18163896841710134	FALSE
M8	VIT_07s0129g00790	1	9.1758226121014	0.195230268342583	TRUE
M8	VIT_00s0733g00010	3	8.991150719039481	0.1913010791284996	TRUE
M8	VIT_01s0146g00390	11	8.058349123979328	0.17145423668041124	FALSE
M8	VIT_00s0332g00050	13	7.781037592295245	0.16555399132543075	FALSE
M8	VIT_13s0019g02740	24	4.658856072410723	0.09912459728533453	FALSE
M8	VIT_06s0004g01590	46	0.0763853103458343	0.0016252193690603042	FALSE
M8	VIT_04s0008g01550	28	3.874702575865385	0.08244048033756138	FALSE
M8	VIT_00s0505g00050	40	1.8549896816581746	0.039467865567195205	FALSE
M8	VIT_18s0001g08620	5	8.928949732466092	0.1899776538822573	TRUE
M8	VIT_13s0019g02770	27	4.029370236564636	0.08573128162903482	FALSE
M8	VIT_01s0011g04110	43	0.8297745178259667	0.017654776975020568	FALSE
M8	VIT_12s0059g02430	7	8.637048669210914	0.18376699296193436	FALSE
M8	VIT_18s0001g12070	16	6.331104807805491	0.13470435761288277	FALSE
M8	VIT_09s0002g08330	2	9.054020779133223	0.19263873998155795	TRUE
M8	VIT_16s0013g00330	4	8.979838210869332	0.19106038746530493	TRUE
M8	VIT_09s0018g00820	25	4.575731084783188	0.09735598052730186	FALSE
M8	VIT_11s0103g00110	21	4.80728960728769	0.10228275760186575	FALSE
M8	VIT_08s0058g00210	20	5.687244316256466	0.12100519821822268	FALSE
M8	VIT_03s0017g01630	47	0.051475756145420846	0.0010952288541578904	FALSE
M8	VIT_13s0019g02760	19	5.8584467210734745	0.12464780257603138	FALSE
M8	VIT_14s0066g00570	48	0.03189788545358989	0.0006786784139061679	FALSE
M9	VIT_00s0253g00080	40	0.39083414776664666	0.009532540189430406	FALSE
M9	VIT_07s0151g00640	21	4.671669054222674	0.11394314766396765	FALSE
M9	VIT_12s0028g01180	24	4.319068317012174	0.10534312968322376	FALSE
M9	VIT_19s0177g00090	19	4.936373380069379	0.1203993507333995	FALSE
M9	VIT_01s0011g05150	42	0.10201484699051075	0.002488166999768555	FALSE
M9	VIT_07s0005g03420	16	5.638065026292974	0.13751378112909693	FALSE
M9	VIT_05s0077g01860	29	3.0846914101025935	0.07523637585616082	FALSE
M9	VIT_07s0005g03410	13	6.0672721283960716	0.14798224703405052	FALSE
M9	VIT_00s1290g00010	22	4.6374121749868635	0.11310761402406984	FALSE
M9	VIT_16s0013g00880	3	8.327932767727077	0.20312031140797748	TRUE
M9	VIT_14s0066g00710	25	4.144747218260047	0.10109139556731822	FALSE
M9	VIT_16s0039g00220	28	3.204066974504419	0.07814797498791266	FALSE
M9	VIT_09s0002g06070	30	3.0300408297408805	0.07390343487172879	FALSE
M9	VIT_14s0128g00200	17	5.41816594528105	0.1321503889092939	FALSE
M9	VIT_05s0020g00600	32	2.1344857203051073	0.05206062732451481	FALSE
M9	VIT_00s0323g00100	9	7.102878111364305	0.17324092954547085	FALSE
M9	VIT_10s0597g00010	6	7.899525718540833	0.1926713589888008	FALSE
M9	VIT_17s0000g09000	5	7.963522994368951	0.19423226815534025	TRUE
M9	VIT_00s0253g00100	38	0.739217023695522	0.01802968350476883	FALSE
M9	VIT_06s0004g01250	12	6.247861031652438	0.15238685443054728	FALSE
M9	VIT_12s0059g00480	36	1.711642771195097	0.04174738466329505	FALSE
M9	VIT_08s0040g02660	34	1.9514879306101653	0.047597266600247934	FALSE
M9	VIT_10s0003g02040	26	3.44402705090673	0.08400065977821293	FALSE
M9	VIT_11s0052g00820	31	2.700069159241089	0.06585534534734364	FALSE
M9	VIT_05s0029g00370	4	8.248519754520068	0.20118340864683093	TRUE
M9	VIT_05s0077g01930	23	4.383586274359365	0.10691673839900889	FALSE
M9	VIT_13s0019g05120	35	1.881924053558272	0.04590058667215297	FALSE
M9	VIT_13s0064g01760	18	5.290255427533701	0.1290306201837488	FALSE
M9	VIT_19s0014g02130	39	0.48016072966171186	0.01171123730882224	FALSE
M9	VIT_11s0052g01230	11	6.436176018176519	0.1569799028823541	FALSE
M9	VIT_06s0004g03260	1	10.349104726517936	0.252417188451657	TRUE
M9	VIT_05s0062g00810	15	5.793809399416712	0.14131242437601735	FALSE
M9	VIT_17s0000g02630	2	8.629327111253318	0.210471392957398	TRUE
M9	VIT_19s0015g00540	20	4.779618082797487	0.11657605079993871	FALSE
M9	VIT_12s0059g02350	8	7.6152499825454685	0.1857378044523285	FALSE
M9	VIT_04s0043g00690	37	1.4045172839160533	0.03425651911990374	FALSE
M9	VIT_13s0064g01170	14	5.853425523031821	0.14276647617150784	FALSE
M9	VIT_07s0005g03400	10	6.607457050005745	0.16115748902453036	FALSE
M9	VIT_09s0002g04850	33	2.0588067339748104	0.05021479838962952	FALSE
M9	VIT_16s0013g00870	7	7.703869673032547	0.187899260317867	FALSE
M9	VIT_03s0110g00300	27	3.2921715859223775	0.08029686794932628	FALSE
M9	VIT_18s0122g00540	41	0.13041004980146845	0.0031807329219870352	FALSE
M10	VIT_02s0033g01120	16	5.711448969018431	0.15030128865837974	FALSE
M10	VIT_18s0001g12830	20	4.853713750202692	0.12772930921586031	FALSE
M10	VIT_17s0000g00430	4	7.506962626532183	0.1975516480666364	TRUE
M10	VIT_08s0040g01890	26	2.9520920621427793	0.07768663321428367	FALSE
M10	VIT_08s0007g08010	32	1.3928019178378896	0.03665268204836552	FALSE
M10	VIT_13s0019g02180	33	1.2883449833093912	0.033903815350247134	FALSE
M10	VIT_05s0049g00770	19	5.300002406859381	0.13947374754893108	FALSE
M10	VIT_17s0000g05580	3	8.301740935363096	0.21846686672008148	TRUE
M10	VIT_16s0098g00790	8	6.640939794902132	0.17476157355005612	FALSE
M10	VIT_17s0000g01930	2	8.33108627342927	0.21923911245866498	TRUE
M10	VIT_12s0142g00160	23	4.0109420767230946	0.1055511072821867	FALSE
M10	VIT_09s0002g06400	38	0.6800241862820023	0.01789537332321059	FALSE
M10	VIT_13s0067g00700	22	4.0963868059159925	0.10779965278726296	FALSE
M10	VIT_19s0015g01300	7	6.695050156494548	0.17618553043406707	FALSE
M10	VIT_12s0059g00490	21	4.713433785351441	0.12403773119345897	FALSE
M10	VIT_02s0025g01610	5	7.1780558626522595	0.18889620691190157	FALSE
M10	VIT_00s0274g00090	13	6.058189443693112	0.159426037991924	FALSE
M10	VIT_12s0035g02080	18	5.5893544080311095	0.1470882738955555	FALSE
M10	VIT_16s0100g00400	9	6.4533946147252506	0.16982617407171713	FALSE
M10	VIT_17s0000g07470	30	1.7199752274206996	0.04526250598475525	FALSE
M10	VIT_04s0023g03550	11	6.167733353877372	0.16230877247045716	FALSE
M10	VIT_05s0102g00710	6	6.969726282564628	0.18341384954117443	FALSE
M10	VIT_16s0098g01170	31	1.646703257118135	0.04333429623995092	FALSE
M10	VIT_08s0040g02610	15	5.9234846919590165	0.15588117610418464	FALSE
M10	VIT_05s0049g00840	28	2.5178409397965233	0.06625897209990851	FALSE
M10	VIT_03s0091g00260	10	6.206839347116021	0.16333787755568477	FALSE
M10	VIT_04s0023g03540	17	5.694557719424769	0.1498567820901255	FALSE
M10	VIT_14s0030g02310	39	0.5668659313004965	0.0149175245079078	FALSE
M10	VIT_00s0271g00110	12	6.154057520846491	0.16194888212753925	FALSE
M10	VIT_05s0049g00800	35	1.205771955512574	0.03173084093454143	FALSE
M10	VIT_05s0020g00840	24	3.071389517942517	0.0808260399458557	FALSE
M10	VIT_14s0068g02190	34	1.2522104388277273	0.032952906284940194	FALSE
M10	VIT_11s0037g00890	36	0.8470657559650727	0.022291204104344018	FALSE
M10	VIT_15s0048g00740	14	6.022946703613085	0.15849859746350226	FALSE
M10	VIT_00s0274g00080	27	2.8316171885135155	0.07451624180298726	FALSE
M10	VIT_19s0014g00540	37	0.7650998823161521	0.020134207429372424	FALSE
M10	VIT_04s0023g02280	29	2.0599834346543453	0.05421009038564067	FALSE
M10	VIT_07s0005g01700	1	8.93634243978552	0.23516690631014525	TRUE
M10	VIT_18s0001g15730	25	2.974405277361455	0.07827382308845934	FALSE
