UniqueCount	AmbigCount
0	12
0	16593
0	253162
0	51
0	29
0	4
0	33
0	0
0	8327
0	98
0	37
4	8
171	341
1	80100
0	0
0	0
0	12
0	3
0	3
0	286
0	1
0	940
0	84
41	26
11	156
0	105
0	329
11	12
0	55
0	0
0	0
0	265
5	940
0	40
0	15
0	0
37	33480
0	0
0	0
0	82
39	2162
0	12
10	25
0	1228
0	107
0	15
57	14
1	5
1	3
0	3
9	3
277	302
1	7
3	6
8	19
64	250668
0	0
0	1
0	0
0	12
0	12
0	26
97	242
0	55
0	28
0	259
0	32
0	5
0	75143
0	0
1	20
0	296
0	296
0	61
0	28
0	0
0	0
0	0
0	0
0	0
0	5
0	0
0	0
5	1
0	296
0	0
0	0
39	101
0	48
0	0
0	0
0	11
0	1537
0	22
2	2
25	41
0	0
0	0
0	0
0	3
0	0
0	110
0	1821
2	37
0	1821
0	110
0	0
0	0
0	0
0	0
0	0
0	0
0	18484
16	17277
0	0
6	299254
0	6
0	0
0	0
0	1228
0	958
0	296
10	0
3	28
0	296
9	2783
0	0
137	150
10	0
6	351
1	0
0	296
0	0
0	0
4	56
0	82
0	10861
0	13358
0	3962
0	13974
4	5
0	6
0	4
6	134741
0	0
14	1800
0	0
0	0
0	0
52	222592
0	0
0	12
0	26
0	2
0	1821
0	110
2	8167
40	15
0	3
16	0
0	0
0	48
0	65
19	12381
26	17473
0	296
30	1494
0	26
0	1142
0	907
25	0
6	10
0	1821
0	110
0	0
0	0
3	30447
1	3
3	8
2	14865
0	4543
0	82
0	0
0	0
0	473
0	25
0	82
0	26
0	55
0	1228
0	101
0	92
0	203
0	1228
0	107
0	26
0	12
0	0
0	0
0	0
0	296
0	82
0	2
0	2
3	3365
0	82
6	16
0	1821
0	98
0	47
0	4
0	1
0	82
0	21
0	33
0	11
0	34
0	296
0	0
0	79095
0	0
0	0
0	0
0	0
0	0
0	2
0	0
0	0
0	1921
0	82
0	0
1	21
0	65
0	82
12	13
0	121
1	29
0	0
0	0
0	12
0	16593
0	0
0	0
0	91
0	11
0	296
0	101
2	848
0	296
0	82
3	5286
0	0
0	2
0	0
0	0
0	0
0	2
0	0
0	1228
0	296
0	5
12	66
39	315948
0	0
0	0
2	12243
0	8057
0	4543
1508	17380
130	288174
0	0
0	0
0	157
0	26
0	4543
0	8317
16	0
0	4543
2	47
0	82
0	0
0	0
2	0
0	27
0	0
0	0
0	2
109	480458
0	0
0	0
0	0
0	0
0	0
0	0
0	26
0	23
0	45
0	22
0	12
51	744
45	77
0	0
45	305347
0	0
0	0
0	0
5	28769
0	0
39	326
1	126445
5	19274
0	0
0	28
0	82
1	10501
2	94
27	12915
0	5700
9	0
0	237
0	3
0	8
0	9
0	51
0	12
44	4
0	126
2	511
0	110
17	47
0	1
0	0
0	0
0	0
0	0
10	13
0	7
0	0
0	70
0	1328
0	1088
0	12
0	0
0	0
0	0
0	34548
0	34551
0	70724
0	58474
0	276336
0	82
0	1
0	10
6	15
0	101
27	4
0	10
0	41
0	0
0	0
33	108562
0	0
0	0
0	82
0	28
0	1821
0	74
0	82
11	6282
261	349999
0	0
0	573878
0	0
0	3
0	0
0	5
0	0
0	0
186	499843
0	3
11	110680
0	0
0	0
0	0
0	0
0	0
0	110
0	1821
0	0
0	0
0	0
0	0
0	0
0	0
0	0
0	0
0	0
0	0
0	0
0	0
0	0
0	0
21	366628
0	0
0	82
0	1821
0	110
0	6
0	2
0	0
0	0
0	0
0	3
1	13
0	82
1	40
0	4543
0	3962
0	2202
0	1540
1	6
0	2
0	0
0	0
0	0
0	0
0	0
4	34870
0	0
0	0
122	210491
0	0
0	0
0	65
0	25
0	296
0	46
3	11
0	3
0	82
0	110
0	1821
0	82
0	19452
0	7526
8	0
0	28
0	4543
0	2
0	0
0	0
0	0
31	239123
0	0
0	0
0	0
0	0
0	0
0	0
0	0
0	16593
0	341
0	82
0	19452
0	7526
0	118
0	12
0	26
0	0
1	0
0	18484
0	0
0	0
0	0
0	1903
4	152
10	47
0	47
4	12083
10	7
19	21
0	65
2	5
0	2
0	3
0	2
12	4
8	1
0	0
0	0
0	0
0	0
0	0
0	0
0	16324
0	0
0	0
0	0
0	0
0	0
0	0
0	0
0	0
0	0
0	0
0	0
0	0
0	0
0	0
0	2
0	0
0	0
0	0
0	0
0	0
0	0
0	0
0	263347
23	112441
0	0
0	0
0	0
0	2
0	0
0	0
0	0
0	0
20	563880
0	0
139	463624
0	0
0	0
0	0
0	0
0	0
0	0
0	0
0	0
64	373698
0	0
0	0
0	0
0	0
0	3
0	0
123	440392
0	0
0	4
0	0
0	2
0	0
0	0
0	3
0	0
0	0
0	0
0	0
0	0
0	0
0	0
0	0
0	0
0	0
0	0
0	0
0	0
0	0
0	0
0	2
0	4
0	0
0	3
0	0
0	0
0	0
0	0
0	0
0	37955
0	0
0	0
0	0
320	349664
0	0
0	0
0	37955
0	0
0	0
0	0
0	0
0	0
0	5
0	0
0	0
0	0
0	0
0	0
16	57
2	79
1	3
48	1
0	0
0	0
0	0
0	0
0	0
0	49
162	268250
0	0
0	0
0	0
90	421055
0	0
0	0
0	0
0	0
0	0
0	0
0	0
0	0
55	247166
0	0
0	4
106	278383
39	412944
0	4
0	0
200	223131
0	0
0	0
0	12
0	0
0	12
0	0
0	0
0	0
0	0
0	0
0	0
27	160810
0	0
0	0
0	0
0	0
0	0
0	0
0	0
0	0
0	0
0	0
0	0
36	158282
0	35380
0	0
0	6
0	4
0	0
41168	568174
41	228311
3	114651
145	489968
0	0
0	0
0	0
0	0
0	0
0	3
0	0
33	367618
0	0
288	528446
0	0
0	0
0	4
0	0
0	1
0	0
0	3
0	0
0	8
0	0
0	18484
0	6
0	0
0	18484
0	0
0	3
22	0
0	0
0	49
0	0
0	0
0	4
0	0
0	3
0	184686
0	0
3	213
0	0
0	3
0	0
0	0
0	7
0	0
0	122995
0	0
169	485410
11	83
29	47
0	55
0	849
0	56
9	11
0	0
0	0
0	0
30	559
0	1587
2	17
0	0
3	2
0	1
1	289
0	0
0	0
0	0
1	7
0	1
0	93
446	414
47	0
98	0
0	0
0	0
162	22
194	0
14	285
45	0
0	0
1	0
1	0
1	0
0	0
2	0
1	0
3	0
0	0
8	0
10	0
1	0
8	0
0	1
0	3
0	30
5	0
36	29
0	16
34	28
0	0
0	0
0	1
1	1
20	5
0	4
0	942
2	0
65	105
7	4
2	0
10	3
117	113
0	64
0	0
0	0
0	0
2	0
0	0
2	2
34	7
1	2
0	0
645	178
0	0
0	0
0	0
0	0
0	16
51	95
1	0
0	0
1	0
8	4
0	0
23	36
11	21
1	0
37	8
4	42
0	265
216	12542
0	16
0	95
2	0
2	1
0	1
253	89
0	0
0	0
12	0
0	1
0	0
2	1
36	45
317	0
483	468
0	1
0	0
0	0
0	1
36	74
3	21
11	0
1	2
4	0
2	0
0	0
0	47
0	27
0	7
0	15
0	0
0	0
0	0
27	0
1	0
0	0
0	0
0	0
0	0
142	0
0	0
0	13
0	0
766	0
899	0
353	0
0	0
0	0
259	0
71	0
177	336
0	336
0	0
0	0
619	0
0	0
2	1
0	46
0	0
7	31
0	30
0	1
0	0
1	0
0	5
0	1
0	0
0	1
0	0
1	0
0	0
0	1
0	0
0	0
0	0
0	0
0	0
0	0
0	0
0	1
0	0
0	0
0	0
0	0
0	0
0	0
0	2
2	12
1	0
0	0
0	0
0	0
0	0
0	0
0	0
0	0
0	0
0	2
0	0
0	0
0	0
0	0
0	1
0	0
0	1
0	0
0	0
2	0
0	1
0	0
0	0
13	10
0	0
0	0
0	0
0	0
0	0
0	0
0	0
0	0
0	0
0	0
1	3
1	18
7	8
0	0
0	0
2	1
1	18
0	6
1	0
0	1
0	2
1	2
0	4
0	4
0	0
0	0
0	2
8	3
3	2
2	0
0	0
0	0
0	0
0	0
14	0
2	0
77	0
191	0
1243	0
1	0
0	0
513	0
27	0
1	0
0	0
0	0
0	0
0	0
0	0
0	0
0	0
0	0
0	0
0	0
0	0
0	0
0	0
0	0
0	0
0	0
515	0
0	0
81	0
2	36
1	36
0	0
0	0
0	7
0	7
874	0
0	0
0	0
0	0
418	0
0	0
139	0
3	107
2	107
491	0
0	20
1	20
0	3
0	3
134	0
178	224
1	224
0	0
2	0
0	1
2599	0
19	0
154	0
176	0
0	0
250	0
233	0
0	1
0	1
5	41
113	41
57	0
242	0
3	0
97	0
86	0
9	0
10	0
3	191
2	191
710	0
136	0
1949	0
325	40
2526	0
3341	0
940	0
3	0
135	199
0	199
68	0
799	0
3	0
449	0
34	0
0	0
125	0
1145	0
2799	0
39	101
1	101
23	0
344	0
131	0
0	3
3	3
2	0
5	0
86	130
219	130
200	292
3	292
430	0
0	0
0	0
0	0
0	0
84	0
2821	0
409	0
101	0
579	0
196	0
1	0
2	0
237	0
15	0
106	0
202	0
0	0
0	0
0	0
0	0
0	0
0	0
0	0
0	0
0	0
0	0
0	0
2	6
0	0
164	5
226	0
298	0
46	0
5	199
12	199
342	0
97	0
1924	0
27	0
27	0
429	0
0	36
0	36
0	0
511	0
257	0
0	0
0	0
0	0
4	0
0	0
151	0
380	0
1	0
82	0
229	0
3	0
13	0
182	0
613	0
135	0
2	0
12	0
399	0
64	0
0	0
0	0
0	2
2	0
459	0
16	175
7	175
0	0
15	3
0	0
0	0
269	0
0	0
0	19
43	19
109	0
600	12
5	202
4	202
0	0
0	0
280	0
3552	0
977	0
512	6
9	0
349	0
0	1
0	1
0	0
1777	0
1	0
0	0
0	0
0	0
0	0
0	0
0	0
0	0
0	8
328	8
0	0
0	0
294	0
127	0
52	74
0	74
210	869
1	870
2	1
546	0
2	4
0	2
54	0
0	0
1037	0
63	0
0	0
75	0
392	0
459	0
39	0
1	0
1987	99
889	901
2	847
197	87
57	0
11	0
67	162
0	162
1	0
0	0
5059	0
764	0
0	0
2	1
0	0
151	0
26	57
52	619
8	562
6	0
17	0
8	0
843	0
25	0
53	0
200	0
0	183
0	183
0	0
1512	45
1	24
0	24
11	0
0	0
992	3
1117	520
10	13
2	0
9	24
2	15
1	28
904	511
0	1
0	0
749	0
7	0
0	53
41	53
57	0
123	145
0	145
1147	0
105	0
35	18
0	18
0	0
7	334
5	334
0	0
64	0
0	0
202	0
566	6
0	0
0	0
0	0
2959	0
215	0
1530	0
8	374
7	374
79	0
0	0
1	0
0	0
32	0
2	0
0	0
0	0
668	0
1	0
0	0
1	0
1498	25
0	0
0	0
0	0
1	0
36	0
51	0
18	0
356	0
1	408
0	408
0	0
0	0
0	0
8	0
0	0
0	0
0	0
0	0
0	0
0	0
0	0
0	0
158	0
0	1
0	1
2	0
2	0
43	0
0	0
338	0
0	0
188	0
63	0
435	0
110	0
23	0
12	0
200	0
2	0
0	0
0	0
0	1
0	0
0	0
0	0
0	0
1	0
0	0
0	0
20	7
1	16
2	0
1	3
0	3
3	11
0	0
1	0
0	0
1	0
0	2
0	0
4	0
2289	0
1526	0
14	0
0	0
4124	0
0	26
0	26
5	0
23	0
29	0
12	0
467	0
1031	0
0	0
383	0
98	265
0	265
81	0
143	5
147	0
2	0
3	0
0	477
145	477
0	0
0	0
0	0
0	0
0	0
0	0
0	0
46	0
0	0
22	29
0	29
45	0
240	0
0	0
183	0
0	0
124	365
0	365
100	26
0	26
342	0
0	0
0	0
1	1
99	0
151	113
0	113
87	0
284	0
0	0
1	0
0	0
254	0
84	0
483	0
503	0
0	0
0	2
1	2
2	0
1	0
2	5
305	0
306	0
1135	0
334	0
171	0
0	3
0	3
0	0
0	0
0	0
0	0
0	0
0	0
0	0
274	546
0	546
0	0
669	0
3	0
0	0
0	3
0	3
9	69
1	69
0	4
1	4
182	0
275	0
407	0
57	0
72	174
0	174
298	0
15	8
0	8
0	0
175	1282
0	1282
1543	0
317	0
1	0
0	0
6	0
177	0
910	0
326	0
3	0
0	0
0	0
49	0
456	0
0	0
550	0
2	0
0	0
14	0
0	127
0	127
1026	0
0	0
292	0
0	0
132	590
0	590
4	0
350	0
175	0
36	0
0	0
0	5
0	5
0	5
1	0
91	0
83	0
1794	790
105	3422
108	84
2	55
0	0
0	4
1877	3423
19	65
0	59
1	0
9	1
15	0
44	169
0	169
0	0
1	0
4	0
25	37
0	37
0	0
0	0
14	0
0	0
779	0
1	0
45	0
9	0
0	15
0	15
187	234
1	234
150	101
0	101
0	0
0	0
0	1
1	1
2	0
87	0
0	2
0	2
0	0
4	0
2	73
0	73
0	0
0	0
0	0
0	0
264	0
38	135
0	135
6	2
0	2
0	0
0	0
0	0
1	6
1	4
0	1
56	12
0	0
0	0
0	0
0	0
352	0
16	0
0	0
391	0
0	39
11	39
153	0
0	0
235	0
472	0
0	0
0	0
2700	0
93	1
0	0
0	0
277	0
7521	0
15	0
287	1224
26	1224
5	1045
0	1030
1035	0
48	0
0	0
9	0
9	0
30	0
214	0
3	0
76	0
101	31
0	31
3	5
0	5
0	0
0	0
0	0
0	0
0	0
14	0
0	0
0	2
0	2
0	2
0	0
0	0
1028	194
18	194
758	0
0	0
0	57
0	57
114	0
0	1
0	1
13	1
6075	0
189	4
0	0
0	0
132	0
0	1
0	1
1	1
33	0
23	0
447	0
288	0
0	0
0	0
261	0
41	1
0	0
0	1
0	0
33	0
3131	0
168	0
375	0
755	0
89	0
0	0
229	0
99	0
0	0
0	0
0	0
38	0
341	0
127	0
220	0
472	0
335	0
0	0
0	0
0	0
71	0
0	0
0	0
170	0
49	0
61	0
8	1
0	1
0	0
18	35
0	35
7	0
0	0
1230	663
102	655
16	13
0	7
0	0
0	0
0	0
798	0
0	0
148	0
5	0
0	0
11	0
2	547
29	545
285	0
0	0
0	0
1	0
0	0
34	0
41	0
464	0
701	2
1761	0
0	0
158	0
462	0
0	0
436	0
21	0
128	186
0	188
0	0
0	0
0	2
0	3
0	0
215	105
0	105
0	0
26	24
111	24
0	0
34	91
3	91
2	0
30	0
1237	0
0	3
0	0
29	67
0	67
2	0
558	0
23	0
0	0
725	0
133	0
147	75
0	75
0	0
2	0
72	9
130	0
13	0
359	1
0	1
128	0
0	0
45	0
0	0
8	0
38	0
0	12
10626	1707
0	0
2448	1
0	0
27223	1708
0	0
0	0
1669	0
0	0
8	0
1351	0
0	0
511	0
90	0
13	118
1	99
4	100
1	0
637	0
158	0
5	356
0	356
27	0
0	0
394	859
0	859
0	0
619	0
52	152
0	152
1	0
322	0
0	0
3083	0
0	0
386	1
50	106
1	106
0	0
15	1
0	0
0	0
0	0
1	0
2	0
0	0
0	0
0	0
149	1
0	4
0	4
145	0
48	0
0	0
169	0
74	0
0	0
0	5
0	5
539	0
0	0
0	0
0	1
0	1
0	2
0	2
0	0
0	0
0	0
0	1
0	1
0	0
0	0
1	0
1601	0
130	348
1	348
194	0
1	0
1	0
989	0
307	0
0	0
62	0
214	972
5	972
186	0
649	0
1095	0
0	0
21	0
218	0
824	0
478	0
0	0
57	290
0	291
0	0
18	0
834	0
46	4
8	6
0	2
0	0
12	11
0	0
1723	0
0	0
94	0
7	0
697	0
36	0
550	0
0	0
2	0
14	13
1213	13
2	1
0	1
0	1
0	4
0	4
0	2
7	0
0	0
0	0
0	0
1	1
9	0
0	0
880	0
0	0
0	0
93	0
0	0
9	0
4	0
1057	0
19	389
0	389
0	0
27	627
2	627
3	5
0	5
0	0
59	109
0	109
75	0
1	0
543	26
0	0
0	0
2	0
0	434
313	434
1	0
0	0
45	0
0	0
1294	0
0	0
0	0
0	0
0	0
0	0
0	1
0	0
0	0
213	170
2	170
0	0
141	0
1	0
590	0
0	0
0	0
78	0
1	0
0	0
340	0
295	90
0	99
17	441
5	441
3	74
0	74
91	0
863	0
0	0
0	0
14	29
0	29
0	0
0	0
1894	0
294	627
0	618
0	0
6	0
4	19
1	19
0	0
0	0
466	0
0	0
0	0
0	0
0	0
0	0
332	0
0	0
116	0
0	0
0	0
0	0
0	15
36	15
0	0
0	0
0	0
19	0
0	0
0	0
0	0
3385	0
342	0
0	0
3	225
15	225
7	0
0	0
221	0
156	0
71	0
6	106
0	106
722	0
991	0
1	0
0	0
0	0
1	0
2	1
0	1
0	0
0	0
0	0
0	0
0	0
1	0
2	0
0	0
1	0
0	0
0	0
826	0
2	0
13	0
2	8
0	8
22	0
0	0
14	0
239	0
15	0
0	11
0	11
0	11
0	0
0	0
5	0
0	0
0	4
0	0
41	0
802	0
105	0
29	0
2136	0
280	0
1934	0
0	0
0	0
0	0
351	0
872	0
0	6
3	33
0	0
0	0
608	0
458	0
4	2
0	1
0	0
0	0
0	0
5	0
632	0
389	0
2	69
0	69
0	0
0	0
0	0
0	0
493	208
0	208
0	0
0	0
0	0
0	0
12	0
57	0
0	0
15	0
58	0
4	17
0	17
464	0
1397	0
113	1
0	176
36	176
104	0
0	12
796	0
0	0
0	0
0	0
109	0
0	0
10	14
6	11
4	3
0	0
0	0
0	0
1	15
0	0
0	0
780	0
8	0
25	0
0	0
1	0
7	0
61	182
0	182
280	394
0	394
83	0
753	0
641	0
138	0
783	0
81	0
11	0
0	0
3	0
496	0
0	0
37	0
18	0
0	67
0	7
0	66
56	0
4	0
240	0
152	30
0	0
78	56
0	56
335	0
0	0
0	0
108	0
292	0
83	0
0	0
27	0
0	0
4	0
10	28
5	30
1	0
3	0
1089	0
0	0
0	0
492	0
48	0
24	283
208	283
68	81
0	81
679	0
0	0
0	0
2747	0
0	0
0	0
2	0
215	0
102	0
0	0
0	0
380	0
205	0
42	0
0	0
0	0
64	0
1064	0
88	0
1	0
0	0
259	0
2	0
0	0
0	15
1	0
2	0
3	0
2	0
3	0
1	0
0	0
1306	0
1	5
0	5
11	0
1	1
0	0
0	0
8	1
220	0
151	0
0	0
0	0
0	0
266	0
4	0
1	0
0	0
0	0
0	0
0	0
0	0
0	0
0	0
0	0
4	0
6189	0
0	0
138	0
0	2
0	9
0	0
0	0
0	0
0	0
1	0
3	0
126	0
10	10
138	11
104	9
2	3
3	2
0	3
1	6
2	6
0	9
1	1
2	15
2	14
12	0
0	0
1039	0
216	0
119	360
0	360
0	0
11	0
0	895
0	895
483	0
74	320
0	287
2	0
0	0
0	213
0	23
0	164
0	76
0	0
0	1
0	2
0	0
0	0
76	0
372	0
77	0
201	0
909	0
8	0
67	0
0	0
147	0
0	0
103	80
0	0
0	1
335	0
15	342
1	342
2	0
1	0
0	0
0	0
2901	4569
0	4569
2506	0
72	0
2	33
15	33
299	0
148	0
0	0
155	880
0	9
0	0
778	7986
0	2
0	0
3676	7983
0	0
0	0
5	15
4	15
16	53
1	21
750	0
0	16
1	15
0	15
30	0
0	0
2	10
0	10
0	9
0	0
0	0
7	5
113	5
2	0
1	5
0	5
87	0
0	0
0	0
11	0
55	56
0	56
0	0
16	994
0	994
0	0
0	0
220	0
0	0
3	0
0	0
3	0
0	0
0	0
0	0
4	0
450	0
1094	395
0	0
5587	395
0	0
0	0
0	0
0	24
7	1
0	2
0	0
0	0
0	0
1	0
1	0
7	23
9	23
0	0
0	0
6	18
0	0
0	0
0	0
0	0
19	0
0	0
2	0
0	0
0	0
0	0
0	0
0	0
23	0
362	0
20	115
1	112
0	0
0	0
48	119
0	0
0	6
0	6
107	0
3	0
0	0
0	0
3	1
3	0
0	0
109	1849
142	1849
17	135
0	135
455	0
0	0
18	0
0	0
24	0
0	0
0	0
0	0
0	0
33	0
0	0
0	0
0	0
0	1
966	11
705	0
1014	0
0	0
19	7
0	0
1	0
124	335
0	335
1322	0
1067	0
0	0
0	0
0	0
91	733
3	733
0	0
0	0
0	0
167	68
0	68
0	0
213	0
1060	0
1	0
10	307
402	307
683	0
191	639
2	638
1	1
0	0
0	1
0	0
0	0
1658	0
0	0
0	0
110	0
0	0
0	0
0	0
0	40
1	0
0	0
0	0
0	3
0	0
0	1
0	2
0	0
0	1
211	0
1	72
0	72
1	0
0	0
328	0
212	0
373	0
29	0
2054	0
34	0
35	0
26	0
0	0
203	0
0	0
0	25
0	25
0	0
0	0
50	164
0	164
49	24
7	25
108	0
82	0
13	193
1	193
2	9
146	0
0	2
0	0
0	141
1	141
1	19
0	19
0	18
224	0
321	0
0	0
0	0
261	127
35	127
1	0
0	0
2	0
346	0
1	0
0	0
0	0
1	0
0	1
0	2
1	32
6	0
43	0
0	0
12	2
48	2
1	0
1030	0
119	0
0	0
16	47
3	47
0	0
0	0
6	0
181	0
0	0
25	0
16	0
1450	0
44	17
0	17
0	0
0	0
2	0
0	0
0	0
0	0
0	0
0	0
176	0
2	0
1335	0
34	0
231	0
199	366
0	331
0	0
0	0
148	0
2	0
901	0
0	0
48	0
0	0
0	0
0	0
0	0
0	0
86	0
123	0
1679	0
0	0
0	5
2	0
0	0
402	0
202	0
1119	0
8	0
107	11
19	11
0	0
131	0
131	0
168	0
155	0
0	3
0	3
0	3
0	3
0	0
7	370
3	370
1	0
0	0
0	0
0	0
0	0
0	0
91	0
0	0
64	0
0	0
25	0
28	0
152	0
123	0
0	0
0	0
0	0
727	0
0	7
0	7
1	0
0	0
24	0
1	0
457	0
0	0
0	0
216	0
0	0
43	302
14	302
16	0
939	0
1287	0
729	0
0	0
0	0
1	0
2	0
441	0
0	0
0	0
100	0
210	0
181	0
645	0
117	0
1226	0
8	0
0	0
0	0
37	0
0	229
29	229
0	0
713	0
4	0
190	0
2	1
2	0
0	0
387	0
302	0
1964	0
2	0
1671	0
392	0
0	0
2	0
0	0
0	0
1238	0
152	0
198	0
4	0
0	5
0	5
0	2
0	0
6117	0
750	0
88	288
0	288
0	0
0	0
1	2
0	0
0	0
0	1
0	0
0	0
0	0
21	14
0	0
0	0
0	0
3	14
0	0
0	0
0	0
0	0
0	0
0	0
0	0
0	0
0	2
0	0
245	500
0	500
0	0
367	0
486	0
3	0
473	0
6	0
6	0
0	0
0	0
0	0
0	0
3	0
260	0
0	0
0	0
10588	0
269	0
832	0
2	0
0	0
0	0
4	0
447	29
0	29
0	0
0	0
0	0
0	0
1	1
1	0
311	0
0	0
214	0
675	475
0	475
207	0
16	0
110	2
0	0
1	0
0	6
0	7
0	0
0	0
554	0
0	0
100	0
350	0
419	0
0	0
0	0
0	0
0	0
0	0
79	0
83	302
0	302
166	0
549	0
16	0
287	21
0	1
0	5
7	0
2618	0
7	0
182	0
0	0
0	0
0	0
0	1
0	5
0	0
0	0
0	0
0	0
0	2
0	2
2371	0
232	0
91	0
1	0
2	0
1	0
33	0
8	0
0	0
0	0
125	262
0	262
0	0
33	0
1447	0
0	0
1318	0
0	0
15	0
0	0
25	8
432	0
606	0
51	0
1	0
0	0
0	0
143	0
19	0
4	0
1	0
2	0
7	0
0	1
0	0
0	1
261	2
124	0
0	0
1	0
0	14
140	0
69	887
0	887
0	392
112	392
0	0
0	11
0	3
0	0
71	0
7	0
1	0
88	0
846	0
0	0
0	0
0	0
0	0
0	0
44	143
2	143
6	0
5	30
0	30
3	30
0	0
0	0
0	0
0	0
0	0
0	0
0	0
0	0
0	0
0	226
0	136
0	1
0	0
0	0
0	0
0	0
0	0
0	0
0	0
0	0
0	12
0	12
0	0
72	0
651	3
2	0
0	0
0	0
0	0
1	0
4	0
0	0
0	1
0	0
0	0
0	0
0	0
316	0
0	0
0	0
63	0
265	0
379	0
1121	0
0	15
129	0
0	0
0	0
610	0
0	3
0	0
1	0
40	0
0	0
0	0
3	0
0	0
65	14
0	15
0	0
449	0
0	0
0	0
0	0
0	0
0	0
0	0
0	0
0	0
0	0
0	0
0	1
0	0
0	0
0	0
0	0
0	1
0	0
0	0
0	0
0	0
0	1
0	0
0	0
0	0
0	0
0	0
1	0
0	0
0	0
0	0
0	0
0	0
0	0
0	0
0	0
0	0
29	2
0	0
0	0
0	0
0	0
0	0
0	0
0	0
0	2
0	0
0	10
0	0
0	3
2	59
0	45
1	0
0	0
0	0
0	0
0	0
0	0
0	0
0	0
0	0
0	0
0	0
0	0
0	0
0	0
0	0
2	60
0	58
0	0
4	0
0	0
0	0
0	0
0	0
0	0
0	0
0	0
0	0
123	0
1	2
0	2
285	0
0	0
0	0
0	0
0	0
0	0
0	0
0	1
0	0
0	0
0	0
0	0
0	0
1	0
0	0
0	0
0	0
206	62
1	62
0	0
0	0
0	0
2868	0
0	0
0	0
10	1
125	0
0	0
370	0
0	0
0	0
0	0
0	0
0	0
0	0
0	0
0	0
0	0
0	0
0	0
2	0
10	0
6	0
56	187
0	187
0	0
0	0
0	0
2	0
25	0
6	0
51	0
0	1
0	1
0	0
25	0
0	0
0	0
0	0
0	0
0	0
0	88
0	88
0	0
0	0
13	0
152	0
0	3
0	0
0	0
0	0
0	0
0	0
0	0
0	0
0	0
0	0
0	0
0	0
0	4
0	0
1	0
0	0
0	0
0	0
0	1
0	0
0	0
2	8
0	5
0	0
0	0
1	0
0	1
364	0
23	0
46	0
289	0
0	0
0	0
0	0
22	157
0	157
0	0
0	0
0	0
0	0
33	148
0	148
255	0
0	0
109	0
0	0
929	0
0	0
3	0
0	0
0	11
0	11
1	1
2	1
1	0
1	1
0	1
0	5
0	0
2	0
2178	0
165	3
0	0
0	0
0	0
78	0
70	0
1	0
2	0
254	0
202	0
18	0
1	0
0	0
14	8
12	8
0	0
10	0
1	0
0	0
0	0
0	0
0	0
0	0
3	0
0	0
0	0
0	0
0	0
25	0
0	0
0	0
0	0
0	0
0	0
0	0
61	0
0	0
1	0
79	420
0	420
526	1160
42	1160
0	0
0	0
1	0
1387	0
0	0
320	0
110	0
0	5
42	189
0	189
0	1
6	4
0	0
83	0
2	8
0	8
51	143
0	143
0	238
0	238
0	0
0	1
0	0
0	0
0	0
36	1841
3	1841
0	0
0	1
5	0
15	0
0	5
0	21
37	0
17	35
0	5
3	35
0	60
54	60
1	0
133	0
0	937
0	937
0	0
0	0
0	0
2803	0
59	0
23	56
0	56
2	0
0	0
0	0
0	0
117	172
0	176
0	0
0	0
0	0
0	0
0	0
0	0
2	0
0	0
0	1
0	0
0	0
0	0
0	0
0	0
349	0
0	0
130	0
0	0
0	0
0	0
0	0
0	0
0	0
0	0
1	0
0	0
0	0
1	0
0	0
0	0
0	0
0	0
0	0
0	0
0	0
0	0
274	0
0	91
0	0
0	0
0	0
0	0
1	0
1163	0
228	136
0	139
0	0
0	0
238	0
78	215
0	223
1	0
0	0
1	0
0	0
0	0
0	0
102	0
0	0
0	0
1	0
89	0
395	101
3	129
0	1
3	0
0	0
0	0
1	0
0	0
0	0
0	2
0	0
0	0
1	1
0	0
0	0
0	0
0	0
0	0
0	0
13	0
0	0
0	0
133	170
7	170
3	0
149	0
11	14
0	14
96	0
5	0
484	0
54	0
526	0
0	0
0	0
0	0
0	0
0	0
201	14
162	14
1	4
163	0
706	0
42	0
0	0
0	0
0	0
0	0
1	0
0	0
0	0
0	2
0	0
7	196
65	197
0	0
0	0
0	0
0	0
3	5
0	7
0	0
0	8
216	0
1	0
449	0
194	3
274	0
444	8
0	162
0	160
0	48
7	92
15	125
4	2
0	0
56	0
0	0
1	50
0	62
0	192
0	179
152	152
0	0
0	0
0	0
2	54
3	49
0	0
0	0
1	0
0	0
0	0
0	0
0	0
0	0
0	0
0	0
0	0
0	0
0	0
0	0
0	0
0	0
0	0
0	0
0	0
2749	0
0	0
51	441
0	441
0	0
8	0
253	104
2	102
0	0
0	0
0	0
36	300
0	300
430	0
115	16
2	19
2	0
0	0
74	0
0	0
236	0
1	173
0	173
431	0
7	19
5	19
145	0
275	0
56	0
47	0
0	0
0	0
0	0
1	9
0	9
115	8
0	2
0	2
579	0
0	0
1145	0
0	0
0	0
0	0
0	0
0	0
0	0
0	0
0	0
0	0
0	0
8	0
0	3
18	0
251	0
0	0
3	0
0	0
1	0
150	0
1	2
440	0
237	0
53	154
5	154
0	0
212	0
0	0
341	0
0	14
1	14
3	0
0	0
0	0
258	0
66	0
0	1
0	1
0	0
558	0
0	0
0	0
0	0
0	39
78	0
0	0
0	0
5	0
833	0
0	0
125	0
102	0
8	0
12	0
184	0
0	0
0	0
383	0
236	0
0	0
0	2
3	2
1	0
0	0
0	0
0	0
0	0
712	0
1	0
29	0
0	0
0	0
1	0
70	0
27	0
0	0
32	0
363	0
404	0
14	17
0	28
96	0
7	0
622	0
66	62
0	62
0	0
1	0
0	0
2	0
0	0
0	0
0	0
0	0
0	0
0	0
140	86
0	86
539	0
2288	0
19	0
127	468
8	472
0	17
0	16
1	0
1	5
2	0
1	0
0	0
0	0
0	0
0	0
0	0
0	0
0	0
2	0
0	0
0	0
1	1
0	1
0	0
0	1
0	0
0	0
0	0
2	0
1	0
0	0
0	0
0	0
0	0
0	0
3	14
37	0
0	0
1	0
0	0
0	1
0	0
0	0
1	2
0	0
0	0
0	0
0	0
0	0
0	0
0	0
15	19
0	11
3	24
0	22
2	1
0	1
3	22
0	0
1	1
5	13
0	13
0	15
0	15
1	0
0	0
0	0
0	0
0	0
0	0
0	0
0	0
0	0
0	0
0	0
2	6
3	4
0	0
1	17
0	10
0	3
0	0
2	0
18	22
1	0
0	0
0	26
1	26
0	0
0	0
0	0
0	1
0	0
0	0
0	0
0	0
1	18
0	0
0	0
1	19
0	0
0	0
13	1
22	25
1	101
0	45
0	11
0	0
7	6
0	15
0	13
0	0
281	0
245	0
210	0
28	0
246	0
1	0
0	201
0	201
1099	692
2131	692
219	0
19	292
0	292
16	0
3	18
49	3
0	0
0	1
0	13
0	0
0	0
3	1
0	36
0	35
0	0
0	73
0	73
0	5
0	0
0	74
14	74
69	68
4	68
70	38
2	38
0	0
0	0
3	0
0	0
0	0
58	0
237	0
0	2
0	2
0	3
2668	0
0	0
0	6
3	6
0	567
115	567
5272	0
155	0
156	0
122	0
0	0
124	0
0	1
0	1
6	0
44	0
520	0
159	0
269	675
0	675
50	368
0	368
0	0
603	0
115	0
1	4
6	11
1420	0
135	3
1	0
39	3
0	0
1	0
0	2
0	2
1	0
0	0
943	31
3107	0
142	0
1	0
0	21
0	21
2	0
1338	769
0	726
0	726
61	810
48	824
0	45
0	45
1	0
0	0
80	0
11	0
1005	47
708	35
3	35
3	1
0	1
0	0
0	0
0	0
0	0
0	0
1	0
7	0
6	0
5589	0
0	0
0	0
108	0
187	189
0	189
25	0
22	348
14	348
42	0
4	0
0	0
22	0
0	0
190	0
0	0
8	2
0	0
4	0
1	0
2	0
0	0
0	0
0	0
0	20
17	24
0	5
0	1
323	0
2	0
0	0
5	13
0	0
0	0
0	0
0	0
133	0
2966	0
0	0
0	0
199	0
633	0
1	0
0	59
276	0
422	0
979	0
0	0
363	0
1	0
0	0
0	0
0	0
0	0
0	0
0	0
0	0
17	0
0	2
0	2
0	0
0	0
13	0
150	0
150	0
261	0
0	0
0	0
0	0
422	0
342	0
2	0
0	0
0	0
49	78
1271	0
0	0
0	0
0	0
0	0
0	0
0	0
0	0
36	105
0	105
27	0
0	0
207	0
165	0
567	0
0	0
0	0
16	13
220	50
28	0
355	0
0	0
0	0
0	0
2	0
65	0
305	0
69	0
0	0
16	0
0	0
0	0
2	0
5	0
0	0
11	0
1	0
6	0
0	0
3	0
331	0
4	0
18	6
0	5
1182	0
0	1
0	0
0	0
119	0
237	0
147	0
614	0
0	1
0	1
9	0
12	66
0	66
32	0
0	0
159	0
3530	0
2	0
440	395
0	395
85	0
0	0
246	272
0	272
118	0
696	0
26	0
7	0
1	0
0	0
0	0
1274	0
392	226
1	226
0	0
217	0
0	0
3	0
388	0
28	0
234	0
915	0
342	0
1	0
1	0
353	0
5848	0
159	133
0	133
4256	0
82	299
11	299
0	0
0	0
978	0
440	0
754	0
361	0
0	0
679	0
62	0
7144	0
1027	1013
0	1013
1	10
0	10
0	0
0	0
0	495
16	495
20	5
7	5
3	0
7	0
100	0
4461	0
32	0
22	25
0	25
0	0
0	0
124	2
0	2
6	532
11	532
0	0
436	0
26	0
1828	0
0	0
335	58
0	58
11	0
37	0
166	0
834	0
1310	0
40	123
214	123
0	0
0	0
2	3
61	450
3	450
785	0
0	0
7	0
219	0
30	0
11	1
759	0
2	0
0	3
3	3
6	0
0	0
0	0
76	0
2	0
29	0
33	0
1	0
0	0
14	1
42	1
594	0
794	0
85	237
2	237
87	1454
0	1454
720	0
0	0
987	649
0	649
62	0
204	0
0	345
0	345
196	0
20	0
385	0
1	0
824	0
43	0
1	1
71	1
370	0
5	0
0	0
0	0
151	0
151	0
0	0
4473	0
0	20
0	20
970	1337
1	1337
0	0
66	0
847	0
3	5
0	5
0	4
327	0
550	0
0	0
108	0
0	0
108	163
0	165
0	1
0	1
14	0
4	0
193	0
0	0
0	0
397	0
1121	0
2	0
175	0
49	0
0	0
142	0
0	0
0	2
1	2
1	0
0	0
147	0
0	1
0	1
3	0
9	0
1	0
0	49
1	49
32	34
3	26
0	24
0	3
2485	0
3	0
274	0
0	2
0	2
742	0
4	0
1802	8
32	74
4	74
5	0
61	0
5	1
7	1
0	3
4	0
0	0
0	0
0	0
3	0
54	0
0	0
75	0
297	0
18	0
0	19
0	19
0	0
3	0
458	0
37	0
729	0
30	0
10	8
29	40
9	33
1	0
33	18
0	0
0	0
0	0
1	58
0	58
0	0
183	14
2391	0
125	0
10	316
7	316
39	25
0	25
173	0
6666	0
7	0
0	0
0	0
116	0
2424	0
0	0
1	0
4	0
387	0
2	1
36	0
118	0
0	0
446	0
20	0
3	0
656	0
351	0
19	0
291	0
679	0
57	1
9	0
5	0
0	0
428	0
190	0
30	0
0	0
153	0
36	0
0	13
1	13
0	0
114	0
0	0
1268	0
1424	0
1255	0
24	0
150	0
47	517
35	517
6540	0
2	0
0	207
0	207
2031	0
57	126
0	126
3	0
19	0
319	0
37	234
0	234
4	0
103	83
0	83
216	0
460	0
19	99
39	99
0	0
556	0
109	105
0	105
0	959
0	959
0	133
36	133
0	0
0	0
0	0
0	0
0	0
0	0
0	0
3	59
1134	0
1161	59
0	0
21	91
0	91
26	0
0	0
1	0
230	0
0	0
3	0
1	0
2	0
218	0
154	0
21	0
132	0
0	0
95	0
12	138
1	138
13	0
0	0
3166	0
3	0
0	0
1	943
4	943
0	0
1	0
0	0
0	2
0	2
0	0
116	0
0	0
0	0
0	2
0	0
72	4
0	0
0	0
0	0
2	16
0	0
0	0
0	0
0	0
0	30
31	56
1	17
0	0
0	0
0	0
0	0
0	0
47	0
6	57
31	86
62	19
385	0
1383	0
1	0
474	1101
13	1101
7	2
0	2
0	0
334	0
223	0
1352	0
0	0
2	0
0	0
0	0
570	0
63	2
4460	0
332	0
0	0
553	0
0	0
140	0
3	0
41	0
0	98
0	98
54	0
2	1
0	1
0	0
0	0
104	0
140	0
198	0
341	0
0	0
0	0
0	0
0	0
113	0
0	0
232	0
847	0
0	0
7	0
236	10
447	0
79	0
37	160
1	167
185	0
522	0
961	0
567	0
164	0
39	0
460	0
621	0
385	0
2	0
1543	3
10	3
716	0
11	707
42	707
43	0
208	0
1	0
376	0
2	0
367	0
161	0
7	0
0	0
185	0
0	0
578	0
22	0
76	0
2	0
1665	0
0	0
0	0
10	0
18	0
0	0
53	0
12	0
38	0
11	0
0	0
477	13
4	14
8	0
1	0
518	0
2	0
918	0
4	0
1309	0
5277	0
1953	0
219	18
94	0
1645	0
1024	0
658	0
6	0
25	115
34	113
1	2
0	2
350	0
325	0
6	0
0	0
0	0
0	0
37	3
56	3
0	0
120	0
531	0
0	0
2	0
0	0
0	0
0	0
46	0
117	0
428	0
0	0
1	0
2	46
0	46
0	0
0	0
355	0
6	0
0	0
0	0
187	0
0	0
121	571
0	571
0	0
0	0
0	0
0	1
0	1
0	1
0	1
2	7
0	6
224	558
0	560
0	0
1	4
0	0
0	0
33	0
1	11
0	11
134	0
19	0
553	148
1	148
1	0
617	0
0	0
0	0
0	0
87	91
0	91
234	0
275	0
511	0
748	4339
117	4339
69	0
76	0
0	0
8	0
0	0
1510	3
6	0
0	15
432	21
209	549
1	549
0	0
78870	6
1	0
3121	0
0	0
0	0
32	4
77	0
159	302
0	302
637	0
8	0
119	0
72	59
10	59
909	0
102	370
0	370
26	30
1	30
54	0
140	260
0	260
0	0
0	0
164	3
1710	0
641	0
187	0
341	5
1	0
44	40
1	40
0	0
0	0
0	0
202	0
864	0
1213	0
0	0
0	0
239	0
3	27
24	30
41	2
35	2
132	0
139	0
248	0
385	0
968	0
9	0
0	0
0	0
3	0
0	0
0	0
0	0
351	0
5	0
0	0
106	13
0	13
415	0
12	0
0	0
0	0
0	0
0	0
0	0
0	0
1	0
2	4
0	0
0	0
0	0
0	12
0	2
0	0
0	0
0	0
0	0
0	0
0	18
2	3
0	0
26	6
0	2
140	0
0	0
0	0
314	6
0	0
0	3
3	3
14	9
0	9
107	3
55	0
207	0
308	0
0	0
0	0
22	0
1	0
6	8
164	369
32	91
0	8
0	487
8	6
51	97
0	482
0	0
0	18
0	0
0	2
22	4
1063	0
674	0
96	155
8	176
2	4
0	0
0	46
0	47
0	36
8	591
2	591
3	0
0	0
245	0
409	0
205	0
1	0
1207	0
145	0
0	0
149	0
1	0
0	0
1	0
495	0
0	216
134	216
191	0
30	0
405	0
40	0
0	0
0	0
0	0
0	0
0	0
37	16
9	1
24	0
14	15
32	22
22	1
29	0
84	0
1977	0
25	0
0	0
0	0
0	0
356	0
14	0
0	0
364	0
815	0
0	0
14	0
17	0
1	0
0	0
25	4
122	0
45	0
0	0
2	0
25	0
168	110
0	275
1	0
0	0
1	0
1	0
1	0
0	0
0	0
0	0
0	0
162	0
70	139
0	130
0	16
0	0
1355	0
0	0
986	0
4	0
989	0
18	90
0	90
4270	380
195	0
0	0
0	0
0	0
0	0
1859	0
106	0
761	0
618	0
36	0
0	0
0	0
42	0
0	0
0	0
0	0
183	0
0	0
0	0
0	0
966	0
0	0
2278	0
7	16
203	73
0	0
367	0
1	0
8	0
194	0
1	0
0	0
0	0
0	0
0	0
0	0
467	0
129	329
0	329
0	0
0	0
112	0
1	0
0	0
0	20
76	37
1	31
0	30
288	0
23	0
372	0
0	0
0	0
0	0
0	0
0	0
1	0
1	0
0	0
19	0
0	0
284	0
32	0
533	0
7	0
258	0
1	22
7	22
0	0
0	0
638	0
332	0
2	0
1	0
0	0
0	0
0	0
3	0
60	2
0	2
0	0
125	0
84	0
0	0
509	0
0	0
0	0
5	0
49	0
0	0
598	0
2	0
0	0
84	0
25	0
409	0
3	209
4	209
69	0
42	0
0	0
410	0
2069	0
104	0
0	3
0	3
5	110
0	110
109	0
0	0
0	0
2197	0
0	0
0	0
798	141
2	143
4	0
40	0
0	0
0	0
311	0
4	0
0	0
0	0
45	68
2	1
0	0
0	0
0	0
9	79
0	66
0	1
8	0
0	0
0	0
0	2
0	0
2	0
4	95
0	95
2	5
0	5
189	0
34	0
1479	2758
11	2758
45	0
3079	0
347	0
329	0
0	0
444	0
5	0
0	0
0	0
0	0
3	0
881	2
2985	0
0	0
0	1
0	0
3	0
3	0
9	0
1	0
0	0
0	0
187	57
506	57
148	0
0	0
3714	0
19	2600
34	2600
1236	31
31	0
0	0
0	0
0	0
0	8
0	7
0	0
0	0
0	1
0	1
263	0
452	0
1	0
0	0
0	0
0	0
2	1
0	2
0	2
0	3
0	3
0	23
0	0
0	0
385	0
234	0
54	0
146	0
1	0
137	0
0	72
14	72
1	0
2	0
23	0
511	0
0	0
0	0
1329	0
0	0
0	0
0	0
29	0
680	0
37391	0
0	0
1319	0
379	0
84	0
0	0
0	0
0	0
310	369
0	369
1652	0
0	0
0	0
278	3
2	3
155	0
121	211
1	211
4	0
1	2
1	2
363	7
21	7
49	37
1	37
6	18
0	18
0	0
0	0
0	0
8	78
17	78
60	0
69	0
138	0
390	0
0	0
0	0
46	0
643	0
358	0
5	0
387	0
0	0
7	455
0	455
1	0
0	0
0	0
183	0
390	0
67	0
1	2
0	2
1297	0
15	0
0	0
162	0
2666	0
7	2021
0	2020
21	1
0	0
49	0
0	1
0	1
383	0
20	50
3	50
120	140
1	140
0	0
96	0
0	101
44	0
0	0
4	1
0	1
1293	87
644	2492
0	2492
2474	0
0	82
21	82
0	0
0	0
637	0
0	0
79	0
22	0
14	148
128	148
0	8
0	0
0	0
72	0
698	0
68	0
0	0
0	0
262	0
0	2
2	1
0	0
0	0
1616	0
142	23
547	23
3	0
21	0
141	0
0	3
0	3
12	14
0	14
566	0
424	0
1331	0
34	7
3	7
43	0
364	0
0	0
0	0
4	0
777	0
454	2
0	0
0	0
25	0
0	0
0	0
0	0
110	0
19	15
0	15
0	0
1	0
0	0
2	0
310	0
0	6
2	6
0	0
260	0
0	0
0	0
0	0
0	0
194	0
1	0
1	0
4	0
0	0
30	0
2	6
5380	0
25	0
2276	129
2	214
12	214
182	0
0	0
82	36
1	36
4160	0
0	0
1001	0
4	0
0	0
0	0
602	0
2042	3521
0	3522
0	0
179	0
0	0
414	0
0	0
61	0
0	72
0	72
0	0
0	0
0	0
26	297
79	318
0	0
0	0
0	0
0	21
0	0
0	2
0	0
0	0
0	0
0	0
0	0
0	0
0	0
0	0
0	0
0	0
1554	0
0	5
0	5
10	0
143	0
0	0
0	0
0	4
0	0
0	0
292	0
0	0
3	0
71	0
13	0
1208	0
0	0
93	0
426	0
143	0
1	7
0	0
0	0
0	0
0	0
0	0
1	0
1	0
177	41
0	0
4	41
921	0
0	1
1	3
1237	0
0	0
14	34
0	34
1	0
1	16
2	13
10	0
21	16
7	28
0	0
0	0
0	4
0	2
0	2
0	0
0	1
0	32
0	0
20	2
4	3
2	11
0	11
0	0
0	0
5	0
0	0
0	0
0	0
0	1
1	0
0	0
0	0
0	0
1	0
13	3
0	3
0	0
0	0
0	0
0	0
0	0
0	0
0	0
501	0
178	0
0	0
753	769
1	769
1	0
5	835
53	835
663	742
0	742
3	2
0	2
396	0
138	240
1	240
113	0
0	0
32	0
977	0
741	0
0	0
0	0
1	0
0	0
0	0
0	2
0	0
0	0
0	0
0	0
0	1
2	0
764	0
0	0
726	0
0	0
0	0
0	0
0	0
0	0
0	0
18	30
2	44
0	0
0	0
0	0
0	0
1	0
0	0
0	0
0	0
3	3
0	0
1	0
1133	0
3	0
0	0
4	34
0	4
0	0
250	0
0	0
4	0
0	0
8	2
20	0
19	20
0	20
0	3
0	30
0	30
0	0
13	0
68	15
0	11
405	0
36	0
372	0
0	0
0	0
7	0
801	0
0	0
0	0
0	0
0	0
0	0
26	0
0	0
0	0
438	0
67	0
84	0
2	0
0	0
0	0
20	0
1535	0
2743	0
1363	58
615	1648
162	1648
188	0
145	0
0	0
232	73
230	12
0	0
3	0
0	0
0	0
1	0
49	0
7	19
0	0
0	2
0	0
0	0
0	2
0	0
0	0
1	1
1134	24
0	1
0	1
245	0
309	45
427	41
0	0
0	0
0	0
1	0
7	24
0	0
0	28
0	28
399	0
0	0
0	0
2	0
2	0
616	0
1	0
389	0
185	0
1	0
668	1000
45	1012
166	415
2	415
1	0
0	0
485	0
0	0
0	0
0	0
0	0
0	0
0	0
0	0
0	0
0	0
0	0
120	152
1	152
504	528
0	528
412	0
0	0
69	0
381	0
2	0
0	0
12	0
454	23
0	9
1	9
0	0
0	0
0	0
118	0
5	69
0	69
0	0
1	0
212	0
255	0
0	0
207	74
101	74
59	0
22	0
0	0
132	0
0	0
0	0
410	13
20	13
0	0
573	0
0	0
3	2
0	2
0	2
23	596
0	596
1546	0
57	401
0	401
141	354
0	354
0	0
86	195
0	195
215	0
89	0
0	0
0	0
503	0
0	0
1467	0
57	0
0	0
0	0
0	0
576	0
863	0
360	0
0	0
0	0
127	0
567	531
0	531
0	0
310	0
212	0
2	0
0	0
0	0
0	0
0	0
0	0
1	0
0	0
170	0
298	0
115	20
4	20
0	0
0	0
0	0
0	0
0	0
4	0
22	0
0	0
0	0
0	0
0	0
19	0
239	0
0	1
0	0
210	0
284	0
5	0
0	0
0	0
511	0
664	0
126	0
3	0
0	0
715	0
5	0
530	0
0	9
0	1
0	0
0	0
133	0
14	0
0	0
0	0
16	0
14	0
228	0
0	0
745	0
120	0
278	0
0	0
0	0
0	0
222	0
966	0
1	31
213	31
0	0
0	0
1	249
0	249
197	0
0	0
0	0
0	0
1	0
851	0
1	0
293	0
732	1095
5	1095
0	0
362	926
1	926
0	0
257	0
21	28
0	28
0	0
0	0
0	0
0	0
0	0
0	0
3	15
0	15
0	0
0	0
0	1
0	0
0	0
0	0
0	0
74	0
388	0
0	0
76	0
4	2
30	1
149	0
0	0
0	0
875	0
0	0
0	0
0	0
0	0
0	0
0	0
1	2
0	0
0	0
0	2
0	0
0	0
248	73
2	73
1	0
6	5
2	0
0	0
0	0
8	85
3	85
19	0
33	0
316	0
0	0
4	0
2	0
2	0
263	0
0	0
155	0
31	120
0	120
1	0
0	0
1	0
0	0
0	0
22	0
0	0
0	0
0	0
0	0
0	0
223	0
0	0
0	0
0	0
0	1
135	0
0	0
7	0
0	33
0	23
0	0
0	0
0	0
0	0
0	4
0	0
0	0
0	0
0	0
0	0
0	0
0	0
0	0
0	0
0	0
0	0
0	0
0	0
0	0
0	0
0	0
0	0
0	0
0	0
0	0
0	0
0	0
264	0
1	0
6	0
348	410
3	410
80	0
1	4
0	1
0	0
0	0
924	4
0	0
1	1
2	0
0	12
0	0
2	29
4	1
0	0
0	0
375	531
2	531
0	0
0	4
406	0
0	0
0	0
0	0
0	0
0	0
0	0
0	0
0	0
0	0
13	0
0	0
311	0
0	0
67	6
0	6
0	0
1	0
0	0
2	0
0	0
0	0
0	0
0	0
0	0
0	0
2	0
6	0
0	0
453	0
3	1
0	0
607	50
0	53
6	0
0	0
0	0
0	0
0	0
0	0
0	0
1	1
0	0
0	0
0	0
0	0
0	0
0	0
2	0
0	0
0	0
24	214
6	179
3	3
0	0
12	0
51	59
0	58
0	56
0	0
0	0
0	0
0	0
0	0
0	0
0	0
0	0
0	0
0	0
0	0
0	1
0	9
0	7
0	4
0	1
0	1
0	1
0	1
0	0
0	0
0	0
0	0
0	0
0	4
0	2
3	5
0	0
0	0
0	0
0	0
0	0
0	0
0	11
0	0
1	8
0	0
0	1
0	1
0	9
1	0
0	20
0	2
0	0
0	1
0	0
0	0
0	0
0	0
0	0
0	0
0	0
0	0
0	0
0	0
1912	0
0	0
0	12
1	13
0	1
2	0
4	5
0	4
0	4
0	0
0	0
0	0
0	0
0	0
0	0
0	0
0	0
0	0
0	2
4	3
0	1
0	0
0	0
0	0
168	117
0	118
3	0
0	0
0	0
0	0
0	0
172	0
1	0
0	0
13	0
291	0
0	0
0	0
38	0
0	0
0	0
0	0
0	0
0	0
0	0
1	0
0	0
748	0
0	0
0	0
0	0
0	0
0	0
0	0
149	0
1278	0
1	5
0	3
0	0
0	0
1	0
1	0
0	2
0	0
0	0
0	0
0	1
0	0
0	1
0	1
0	1
1	0
1	8
0	0
0	0
0	0
0	0
0	0
0	2
0	0
2	0
0	0
156	0
0	0
45	0
1	0
3	0
0	0
384	0
0	0
0	0
0	0
5	0
257	370
0	346
0	5
81	196
0	181
1	1
1	0
0	0
0	0
0	0
0	0
0	0
0	2
132	472
0	465
34	12
0	7
0	50
0	50
0	1
2	0
229	77
0	0
1	0
0	0
4	2
0	1
0	52
0	19
82	0
0	0
130	0
0	0
0	0
0	0
0	0
42	1
36	2
137	24
0	0
455	0
173	0
0	0
0	0
0	0
0	2
0	0
0	0
0	0
0	0
0	0
0	0
2	0
0	0
0	0
0	0
1	1
0	0
0	0
0	0
1	0
0	0
0	0
0	0
13	29
0	17
0	0
0	0
0	0
0	0
1	0
0	0
0	0
0	0
1	2
0	2
1	0
2	0
0	3
0	0
0	0
1	0
3	0
224	8
0	0
16	1
0	0
6	0
0	0
0	0
0	0
65	1
87	16
51	43
72	20
0	0
0	0
0	0
6	0
0	0
3	0
18	0
0	1
0	0
0	0
0	0
3	0
1	0
0	0
0	0
0	0
0	0
0	0
0	0
0	0
0	0
0	0
0	0
0	0
0	0
0	0
0	0
0	0
0	0
0	0
6	1
0	0
0	0
0	1
0	2
0	2
0	0
0	0
0	0
0	0
0	0
0	0
0	0
0	0
0	15
0	14
0	0
0	0
0	15
0	0
0	0
0	0
0	0
0	0
0	9
3	0
0	0
0	0
0	0
0	0
0	0
0	0
0	1
0	0
0	0
0	0
0	0
0	0
0	0
0	15
0	11
7	26
0	26
6	4
0	0
0	0
0	0
0	2
0	9
0	10
1	14
0	0
0	0
2	0
0	0
1	87
0	55
0	0
0	0
0	0
0	0
0	1
0	0
0	1
1	2
0	0
0	0
0	0
0	0
151	0
166	0
0	0
0	1
0	193
0	0
0	3
1	0
0	0
0	0
0	0
0	0
0	193
0	0
0	0
0	0
0	0
0	0
4	8
3	0
0	0
226	173
0	0
0	0
1	18
0	1
38	129
0	0
0	0
0	0
3	47
0	0
0	0
0	0
0	0
0	0
0	0
87	0
2775	131
0	0
0	0
0	0
0	0
0	0
0	0
0	0
2437	0
0	0
0	0
1	0
2	0
0	1
0	1
1003	0
7	0
1	0
1	0
0	0
1456	0
92	0
406	0
5	45
0	0
49	0
0	3
0	3
0	0
1	0
0	16
0	0
9	16
0	0
24	117
4	27
0	0
0	0
3	3
47	0
0	0
338	0
96	228
0	228
0	0
1	1
0	1
0	8
0	8
0	0
0	0
0	0
0	0
1	439
372	439
0	0
90	0
116	147
10	147
0	0
0	0
163	0
545	0
30	0
0	0
34	0
48	0
979	11
0	0
0	0
2	0
0	0
0	0
3	0
0	0
0	0
1	6
3	0
1	1
0	0
0	0
1	0
0	9
0	2
0	0
28	55
0	56
14	0
33	0
74	0
0	1
60	0
0	0
295	0
0	0
0	0
92	0
3	0
1613	22
1	129
4	0
2	0
0	0
1	0
45	0
443	33
1	0
0	0
0	0
0	0
0	0
0	0
37	0
187	0
51	0
0	0
0	0
0	0
14	1
0	17
0	25
0	0
0	2
0	0
40	1
1	51
3	51
4	0
0	0
0	0
1	18
0	18
63	0
32	0
7	0
68	0
0	0
1	0
1443	0
49	0
110	0
799	0
63	0
124	778
0	778
0	0
0	1
1	20
6	0
22	124
0	124
0	0
0	0
70	0
0	0
0	0
0	3
0	1
0	11
5	4
0	0
3	0
6	0
16	0
29	0
0	0
0	0
0	0
2	241
27	198
0	10
0	10
1	0
4	0
5	0
62	0
0	0
1	0
98	0
0	1
279	3
44	0
227	0
1	17
0	16
0	0
638	0
0	0
2	0
83	6
1	146
0	0
0	0
0	0
0	0
72	0
12	0
0	0
0	0
0	0
218	0
0	0
51	0
13	0
561	632
0	632
3179	0
1002	0
228	575
0	575
1	1
0	1
48	0
0	0
0	0
135	0
217	0
0	0
0	0
0	0
0	0
0	0
278	0
0	0
0	0
0	0
15	0
9	0
35	0
104	0
0	0
0	0
0	4
0	0
0	0
7	18
64	0
171	17
24	0
33	23
1	1291
0	47
893	36323
1	7807
6	0
0	0
0	35380
0	0
0	123076
0	123075
0	0
481	29
1	0
0	0
0	0
0	0
0	0
0	0
90	326
1	326
811	0
0	0
340	0
0	0
31	0
0	0
449	0
232	0
0	0
0	0
16	50
93	0
83	216
0	0
117	216
0	0
16360	0
1885	0
1	37
1	37
113	0
5	0
2	2
0	0
429	0
16	129
0	129
0	0
0	0
99	0
0	150
33	10
121	0
0	0
8468	0
13	271
52	271
2	0
34	0
31	0
0	1
0	0
0	0
0	59
0	59
0	1
0	0
314	0
141	435
0	435
299	394
2	395
1	3
0	3
86	0
110	0
17	0
1619	0
97	0
488	1
999	0
0	0
207	0
72	0
0	1141
9	1141
2123	0
102	0
1500	0
1177	3
12	0
909	0
0	0
997	0
248	0
149	0
440	0
0	0
234	0
179	0
99	0
259	0
0	0
11	0
0	0
149	0
0	0
0	0
0	0
0	0
0	1
0	0
0	0
0	0
13	1
2	0
10	3
38	0
5	1
0	2
105	54
1	2
77	69
60	62
0	62
0	0
48	0
0	0
0	2
0	2
2	1
4	1
2	0
0	1
4	1
0	0
0	0
0	0
0	1
0	0
2	1
26	0
20	0
0	0
0	0
0	0
21	115
0	115
0	0
0	0
136	16
40	0
11	0
327	0
2	0
0	1
0	1
1492	0
0	0
1529	0
6	0
926	0
348	0
92	0
1873	0
22	0
0	0
0	0
0	0
1	0
1	0
0	0
0	0
1	0
0	0
0	0
0	0
1	0
0	0
0	0
1	0
0	0
43	48
0	0
0	0
0	0
0	0
0	0
0	0
0	7
0	2
0	3
0	0
0	0
331	54
0	0
1421	6
0	0
60	4
58	122
1	123
1545	0
568	1149
2	1149
5	0
0	0
0	0
322	0
0	0
0	37
0	0
0	0
0	1
0	1
3700	0
155	0
60	887
4	887
64	0
0	0
0	0
0	0
0	0
1	0
0	111
0	111
9	318
137	404
28	198
0	187
0	4
0	1
0	5
0	0
0	0
39	0
2	3
0	3
141	754
1	754
35	0
0	0
4835	0
46	0
68	0
0	0
2	0
648	0
263	0
0	1
0	1
42	0
130	0
512	0
2178	0
30	0
92	0
0	0
542	0
611	0
61	0
4039	0
9	2
0	2
113	308
0	308
17	0
699	0
2	0
1258	0
245	0
1	0
240	1106
0	1106
0	0
1618	1
2	3
0	8
0	0
2	0
0	0
899	0
215	0
816	0
0	0
194	0
321	0
5	2067
0	2067
43	0
1	347
201	347
673	0
292	318
0	0
139	98
1272	293
1557	0
29559	0
123	389
0	389
0	0
0	0
0	0
0	0
1	0
18	65
0	65
0	0
0	512
0	512
1	410
494	0
1	0
1327	0
0	0
1	48
0	21
0	69
3	93
2	88
250	825
0	825
0	0
184	0
13	0
665	0
2	0
429	0
49	264
3	264
212	89
48	87
86	5
3	0
0	0
791	1339
0	1339
585	0
24	0
0	0
0	0
359	0
212	0
502	0
1	0
0	2
2	3
150	0
57	0
1	0
6	0
16	600
14	600
28	0
14	0
0	0
0	0
0	0
11	0
0	0
5	0
458	0
227	0
250	661
46	661
2	0
11	0
18	0
6	51
0	50
0	51
131	2
0	10
1	5
0	5
1349	10
181	0
895	0
16	263
5	263
88	0
1093	0
0	0
331	0
368	0
469	0
91	0
0	0
0	4
8	13
4	0
2	4
1	12
100	14
1	0
1	0
213	517
0	517
23	32
0	0
500	32
34	766
1	766
7	1
262	0
201	0
0	0
1179	0
1045	0
0	0
0	0
0	0
0	0
0	0
0	0
0	0
0	0
0	0
0	0
0	0
0	0
0	0
0	0
0	0
0	4
1	4
74	0
0	0
0	0
0	4
0	4
793	0
167	0
0	0
0	1
0	1
1	0
0	0
0	0
0	0
0	0
6	1
0	0
0	0
0	0
0	0
0	0
0	1
1	0
0	2
0	0
0	0
0	0
0	0
1	0
0	0
0	0
0	0
1	0
0	0
0	0
0	0
1	0
160	0
0	0
0	0
0	20
5	20
0	0
252	0
41	0
0	0
0	0
0	0
0	0
0	0
716	0
351	0
1	280
0	280
249	0
221	36
636	5
0	0
1	0
339	0
1543	0
35	0
1	0
0	0
0	0
115	0
0	0
5	0
114	310
4	316
1	0
313	0
0	0
9	0
0	2
1	2
0	8
3	0
1	0
0	0
1	0
3	1
2	0
0	0
1	0
0	0
0	0
223	0
60	0
49	84
0	95
0	0
4	0
82	0
6	0
0	0
2106	0
1053	0
2	0
193	0
144	0
445	0
41	0
1293	0
4	0
26	910
3	910
268	0
1422	0
363	0
269	0
427	0
0	0
10	0
109	1490
0	1490
1	0
14	0
44	0
59	373
3	373
599	0
217	0
1072	0
9	0
677	0
0	0
199	0
234	0
0	0
0	0
0	0
32	0
0	0
144	0
166	0
0	0
1	0
47	0
136	0
0	0
0	0
0	0
743	0
3357	17
94	0
1	0
5263	0
6	60
93	60
1	147
0	4
1	0
393	0
94	0
0	0
1816	0
748	0
239	0
0	0
16	458
9	458
3	0
1341	0
7	0
0	0
473	0
166	0
190	0
0	0
3789	0
54	0
473	620
0	826
285	826
0	0
207	0
0	0
0	0
0	0
0	0
0	0
0	0
0	0
13	18
0	18
3	1797
1273	1797
996	0
0	25
0	26
0	1
125	367
1	367
1145	0
782	0
106	0
64	49
16	0
307	643
1	643
0	0
77	165
18	4
0	1
647	166
120	0
8	0
0	0
0	0
485	811
1	811
510	0
0	0
0	0
3	0
1	0
0	0
1	67
0	67
36	0
3	0
0	0
9	0
0	0
0	0
82	0
0	0
0	0
1	0
2164	0
0	3
371	0
0	0
0	0
520	0
16664	0
17	105
0	105
164	0
220	0
628	0
1	0
1435	0
296	0
0	0
56	0
925	0
129	0
0	0
1109	0
688	1874
1	1874
0	0
0	0
237	460
0	460
38	0
15	0
2495	0
0	0
0	0
0	0
2154	0
250	0
0	0
0	0
3766	2905
1	0
1783	0
6	0
10704	2905
7	0
1	0
0	0
0	0
156	0
194	0
212	0
108	0
0	0
0	0
1518	0
32	0
2	14
0	14
2	15
0	15
209	256
1	0
0	1
0	1
0	147
86	373
2	0
0	0
0	0
0	1
27	0
70	0
1623	2012
0	2012
0	0
0	0
0	0
1	0
12	4
402	1683
3	1683
0	0
53	0
155	0
31	0
659	0
373	0
0	0
124	0
1873	0
214	0
140	0
506	0
0	0
0	0
223	0
600	0
80	0
5	0
0	0
144	0
80	0
106	0
0	0
148	0
280	0
1650	0
363	0
0	0
0	0
0	0
0	0
0	0
0	0
0	0
0	0
3	0
0	0
0	0
1	0
0	0
0	0
342	0
0	0
3	0
19	0
950	0
3	0
205	0
1	0
115	0
84	0
0	0
0	0
0	0
290	32
0	0
0	0
0	0
0	0
18	18
0	0
1	0
0	0
0	0
0	0
8	10
61	24
0	0
19	37
0	0
4	20
1	2
0	0
80	25
0	1
0	1
220	0
74	0
3	25
0	25
1	4
1	0
0	0
0	0
0	0
0	0
7	0
0	0
16	0
1	1
0	1
20	0
0	0
0	0
0	0
176	0
1	0
81	0
0	0
0	0
0	0
0	0
739	0
4	0
535	1
2	4
0	1
240	62
19	32
0	0
0	0
4	21
0	0
0	0
0	0
0	18
0	18
0	55
0	0
0	0
7	29
0	0
3	0
2	14
0	0
1	85
3	85
0	6
0	3
0	925
0	6
0	3
0	3
1	925
51	5
78	0
627	0
261	0
0	0
0	0
0	0
0	0
0	0
697	0
0	0
617	0
106	0
0	2
13	2
0	0
213	0
151	0
0	0
0	0
0	0
0	0
0	0
0	0
218	0
0	0
0	0
489	0
0	0
2	0
0	0
0	0
0	0
61	0
346	0
178	0
0	0
72	0
356	0
35	0
0	0
2191	0
2944	0
49	0
0	0
1361	0
383	0
675	0
284	0
28	0
320	0
167	0
0	0
0	0
0	0
643	0
2	0
19	43
14	11
21	88
0	79
4	11
181	768
0	770
65	0
437	0
16	22
3	22
1	4
0	4
0	0
0	0
897	0
489	0
5	2
17	2
0	0
0	0
0	10
4	10
212	0
17	0
28	0
0	0
0	0
185	122
0	122
0	0
444	0
11	0
0	0
5	0
33	2
4	1
0	0
52	1
80	0
0	0
5	18
0	0
24	0
41	0
327	0
34	0
5	15
0	15
962	0
5	45
0	45
271	0
0	0
358	0
1	0
198	0
4	2
0	0
0	0
0	0
0	0
380	0
28	0
0	0
1558	0
1	0
674	0
0	0
0	0
30	0
360	0
2871	2
27	0
27	0
28	559
1	559
1675	0
929	3226
0	3218
138	8
0	8
427	0
0	0
527	0
0	0
1368	0
1	0
1387	0
1157	0
515	0
204	0
4	3
289	0
1	0
0	0
35322	0
0	0
404	0
369	0
158	0
280	0
20	187
0	187
1488	0
386	0
63	0
0	0
376	0
368	0
2	0
278	0
0	10
7	7
0	7
3324	557
133	0
222	0
0	0
0	0
0	0
1351	0
50	0
0	0
391	0
263	556
1	0
0	8
25	20
17	9
41	5
7	20
0	0
0	0
0	6
0	0
90	1
233	0
0	1
1	0
0	0
0	0
0	0
0	1
0	1
970	339
74	339
0	0
11	0
0	0
0	0
212	0
0	0
0	0
0	0
0	0
0	0
0	0
0	0
0	0
0	0
43	0
0	0
0	0
136	59
5	59
0	0
5	0
5	0
6	0
368	0
220	0
15	0
450	18
1	0
0	0
321	0
0	0
0	0
0	0
701	0
595	4
0	0
619	29
4	15
0	15
5	0
315	0
25	0
124	0
3	2
0	0
510	0
870	1414
0	1414
0	0
1654	0
133	0
25	1066
0	1066
0	1
1	1
0	0
0	0
161	0
123	0
120	18
55	118
0	113
1	7
0	3
201	0
1	0
0	0
0	3
3	3
0	3
17	0
660	0
0	0
0	0
0	0
39	0
98	0
199	0
29	0
45	0
1	0
556	0
39	0
0	0
0	0
0	0
158	0
15	0
55	0
0	9
0	9
0	0
989	0
58	133
2	133
5	0
513	0
0	0
0	0
1406	0
0	1
3	0
0	0
255	0
0	0
0	0
35	38
0	38
108	0
287	0
0	2
0	0
0	0
84	0
281	16
325	700
0	612
8	88
0	1
0	1
0	0
0	0
1	0
8	13
0	0
1	0
0	0
1	0
0	0
2	0
213	62
0	62
2	0
11	0
0	0
0	0
0	0
0	0
0	0
0	0
1	0
0	0
3	0
3582	0
241	0
162	182
1	182
0	0
3736	0
0	0
101	0
159	0
0	0
0	30
0	30
34	0
2	0
0	0
0	0
0	0
2	11
1	11
9	78
0	78
119	9
0	0
0	0
2	2
0	2
0	0
0	0
0	0
1	0
556	0
1	0
0	0
0	0
0	0
0	0
0	0
0	3
0	3
0	7
1	7
0	0
39	358
0	358
0	2
190	1061
0	1061
0	0
0	0
0	0
0	0
0	0
0	0
40	226
0	0
0	0
29	7
0	0
0	0
0	0
0	0
0	0
0	0
0	0
0	0
0	0
0	0
0	0
6	226
0	0
0	0
4	7
6	10
0	10
2	0
1	0
11	45
0	18
11	1
0	0
80	73
1	0
13	0
1	42
2	6
169	0
1	0
94	152
0	152
14	0
0	0
1	0
21	0
669	0
0	0
3	0
10	0
0	0
2	0
0	0
0	0
841	0
790	0
25	23
244	0
13644	1
187	0
1	0
235	0
282	0
857	0
0	0
1	0
0	0
4	0
1	0
0	0
0	0
13	0
127	0
6	0
0	0
0	1
0	0
0	0
0	0
0	150
0	217
0	11
0	0
0	0
0	0
1	0
0	0
0	0
1	0
517	0
97	463
2	463
45	0
101	61
0	0
0	0
0	0
0	0
0	0
1	0
1	0
0	0
0	0
0	0
0	0
0	0
0	0
0	0
0	25
0	25
0	0
0	0
0	0
0	0
0	1
0	0
0	0
0	0
0	0
0	0
0	0
0	0
0	0
0	0
0	0
0	10
0	10
1	0
130	0
503	374
1	375
0	0
730	0
0	178
44	179
0	0
0	0
173	661
2	586
54	89
0	66
35	382
0	380
204	46
0	0
0	0
0	9
0	0
0	0
37	0
0	0
1	0
0	0
12	0
0	0
3	0
647	0
13	0
953	0
33	0
0	0
267	0
345	0
1	81
1	0
2957	0
427	0
0	0
0	0
0	0
0	0
0	0
4	0
0	0
0	3
1	46
0	0
794	0
10	16
0	16
286	0
0	8
27	134
1	134
0	0
0	0
68	0
2	0
0	0
240	0
241	0
86	0
0	0
0	7
489	288
138	389
0	389
0	0
12	0
225	498
69	498
20	284
6	1
965	0
1	0
1	0
0	0
449	0
0	0
0	0
0	2
628	0
0	0
1342	0
450	0
0	0
0	1
0	1
1	0
0	0
0	0
1778	0
0	0
138	0
0	0
14	333
1	333
0	0
10	9
0	9
14	2
6	0
0	0
0	1
71	9
0	0
0	1
0	0
0	0
0	0
0	0
0	0
0	0
0	0
0	0
0	0
0	0
0	0
0	0
0	1
0	1
0	2
0	0
0	0
0	0
0	0
0	1
0	2
0	0
0	0
0	0
0	0
0	0
0	0
0	0
0	0
1	25
0	21
0	0
0	0
1	0
0	0
0	0
0	0
0	0
0	0
0	0
0	0
0	84
0	57
4	3
15	0
0	0
0	0
2	0
0	0
4	0
3	0
0	0
0	1
0	2
0	2
0	0
0	0
0	0
8	0
0	0
0	0
0	0
0	0
0	0
0	6
0	6
0	0
0	0
0	0
2	0
0	0
0	0
0	0
0	0
0	0
0	2
0	0
0	0
0	0
3	0
0	0
0	0
0	0
0	2
0	0
0	5
0	5
0	0
0	0
0	0
0	0
0	0
0	0
2	95
0	0
65	311
8	10
0	0
0	0
84	6
0	0
0	0
0	0
3	1
0	0
0	0
0	0
1	0
0	0
0	0
0	0
0	0
3	0
3	0
0	0
3	1
0	1
0	1
10	1
0	0
0	0
0	0
0	0
0	0
0	0
0	3
0	0
0	0
0	0
0	0
0	0
0	0
0	0
0	0
0	0
0	0
0	0
0	0
0	0
0	5
0	0
0	0
0	0
0	0
1	0
0	0
0	0
0	0
2	0
0	0
0	0
0	0
0	0
0	2
0	2
0	0
0	0
9	1
17	81
0	17
0	81
1	0
0	0
0	0
0	0
0	0
63	0
1	0
0	7
0	0
0	0
0	0
130	51
0	51
0	0
1	0
0	0
0	0
0	0
0	0
0	0
1	0
1	0
1130	175
0	175
6	0
0	0
0	0
0	0
0	0
1	1
0	0
0	0
0	0
2	0
0	0
0	0
121	0
0	0
76	83
217	152
544	414
1	0
12	90
1	84
0	0
1	0
0	0
0	0
0	0
0	0
0	0
0	0
2	556
0	2
0	2
0	0
0	0
0	0
0	0
0	0
0	0
146	335
0	0
10	69
0	69
0	0
0	0
0	0
0	0
0	0
0	0
1329	0
2181	0
0	0
0	0
395	33
1	27
0	0
1	0
1	0
0	0
0	0
0	0
0	0
113	0
232	451
0	451
374	0
4	0
1	0
2	0
0	0
0	0
2	0
1	1
1	0
2	0
0	0
0	0
1	0
28	0
4	1
0	0
0	0
0	0
0	0
0	0
0	0
82	1
0	0
0	0
26	28
1	28
0	0
0	0
1	0
0	0
2	0
0	39
0	19
5	19
0	0
0	5
0	5
1	1
0	0
0	0
0	0
0	0
0	0
0	0
0	0
0	0
1	6
2	1
0	0
0	0
5	0
1	0
0	0
0	1
0	1
0	0
0	0
0	0
0	0
0	0
0	0
0	0
0	0
3	0
4	0
0	0
79	0
0	0
0	2
0	0
0	0
0	0
0	0
0	0
0	4
1	152
0	108
0	0
0	0
0	1
1	0
1	1
0	0
1	1
0	0
0	0
0	0
0	0
0	0
0	0
1	29
0	0
0	4
6	0
0	10
0	0
0	0
0	0
0	0
15	4
8	81
0	3
20	20
0	13
0	0
0	0
0	1
0	2
0	0
0	0
0	0
0	0
0	0
0	0
1	0
4	20
0	0
0	0
0	0
2	0
0	0
0	0
0	0
0	0
0	0
0	0
0	1
0	0
5	43
0	0
0	0
0	0
0	0
0	0
0	0
0	0
0	0
0	0
0	0
0	0
0	0
0	0
0	0
0	0
0	0
0	0
1	0
0	0
0	0
0	1
0	0
0	0
0	0
0	0
0	0
3	1
0	0
0	0
2	0
0	0
3	0
1	1
0	1
1	1
20	291
0	291
2	0
0	0
0	0
0	0
4	0
12	0
0	0
2	0
194	0
1	0
0	0
0	0
0	0
0	0
0	4
4	2
0	0
0	0
0	0
0	0
23	7
0	0
0	0
0	0
0	0
0	0
0	0
0	0
0	0
0	0
0	0
0	0
0	0
0	0
0	0
0	0
0	46
0	0
8	11
5	21
0	0
0	0
0	0
0	0
0	0
0	0
276	65
0	0
0	0
0	0
0	0
0	0
0	0
0	0
0	0
1	1
0	0
0	0
0	13
0	5
0	2
0	2
1	0
4	0
286	0
0	0
388	0
437	0
86	1
0	19
2	0
0	0
0	0
113	1
0	0
0	0
0	0
8	0
7	0
0	0
0	0
0	0
278	0
0	0
0	0
0	0
0	1
494	0
6	15
0	1
0	0
0	2
0	0
0	0
0	0
0	0
0	0
0	0
6	0
0	0
77	23
147	23
0	4
5	2
0	0
166	0
953	197
21	0
0	0
0	0
0	0
0	0
40	369
2	279
0	194
24	0
0	0
0	11
0	1
2	0
0	0
0	0
0	0
26	0
0	0
0	40
49	53
0	36
2	29
0	18
1	80
0	78
0	0
0	1
0	0
0	0
0	0
0	0
0	0
0	0
0	0
31	302
0	0
0	0
9	3
0	1
0	0
0	0
28	0
0	0
0	0
0	0
0	68
0	48
0	0
1	99
0	90
0	3
0	0
0	3
331	169
0	59
0	0
0	0
0	0
0	0
111	0
166	0
0	0
0	0
184	0
0	4
0	0
1	0
3	33
0	33
0	0
344	0
0	0
0	0
73	0
5	0
9	0
0	0
0	0
0	0
0	0
0	0
0	0
0	0
0	0
0	0
0	1
0	0
2428	0
0	1
0	0
0	0
0	0
0	0
25	30
4	32
0	0
0	0
47	131
5	0
11	0
0	0
0	0
0	0
14	0
0	0
2	0
0	0
0	0
5006	0
0	0
258	104
1	104
0	0
0	0
14	1
0	0
0	0
0	0
0	0
559	0
0	0
0	0
0	2
0	0
0	91
153	0
0	0
20	0
0	0
150	0
0	0
6	0
0	0
2	0
11	69
0	69
0	0
0	0
0	0
370	620
2	620
0	0
0	0
1240	3144
0	3144
0	0
0	0
3	0
0	0
5	35
0	35
0	1
0	1
0	21
0	15
42	806
31	39
0	0
0	0
0	0
0	4
84	40
0	34
995	806
1	5
12	27
0	11
2	6
0	5
382	14
0	0
0	0
0	0
0	0
0	0
0	1
28	8
1	0
0	0
0	1
0	2
0	0
0	0
1	10
0	1
3	9
368	128
0	0
148	0
0	0
0	0
33	0
2386	0
0	0
745	0
176	0
0	0
0	1
0	1
59	24
1471	55
365	0
9	0
520	0
4	185
15	185
67	0
527	0
2	0
144	0
2	1
0	0
3	1
0	0
0	0
5	0
0	0
2	2
0	0
0	0
0	0
0	0
3	0
0	18
0	18
0	0
0	0
0	0
0	0
0	0
0	0
0	0
0	0
24	0
282	0
1	0
110	0
19	0
0	0
0	0
91	9
0	5
1817	0
0	0
0	2
0	0
1	0
0	0
1	0
2	39
166	0
0	0
0	0
0	0
0	5
3	8
0	0
0	0
0	0
0	0
0	0
0	1
0	28
0	0
14	13
0	0
0	0
0	0
0	0
0	1
0	1
3	0
0	0
0	0
0	0
0	0
0	0
0	0
0	0
437	0
356	0
26	0
0	0
7	0
0	0
5	0
0	0
109	0
70	2218
0	2218
0	0
0	0
0	0
9	0
41	0
17	0
52	0
0	0
0	0
0	2
89	0
484	0
144	0
0	0
0	0
225	0
0	0
0	0
0	0
0	2
0	0
485	1
0	0
0	0
0	0
0	1
0	0
65	0
1	0
2	1
0	0
159	302
7	305
90	0
34	0
0	0
0	0
0	0
3	318
0	318
112	335
0	339
91	0
0	0
0	0
20	0
0	0
1	0
0	0
0	0
4	6
12	0
0	0
0	0
1	0
0	0
0	0
1	1
0	1
0	0
5	0
0	0
0	0
0	0
0	0
0	0
1	0
0	0
0	4
0	4
0	0
0	2
0	0
0	0
0	0
0	0
1	1
0	7
0	8
0	106
0	106
0	0
0	0
0	0
0	0
56	3
123	0
0	22
2	22
141	0
16	0
2357	0
0	1
0	0
12	302
17	302
804	0
28	0
73	91
0	91
0	219
26	219
292	0
88	136
6	192
0	0
0	0
0	0
316	0
0	0
1910	0
26	0
1907	0
45	1335
0	1335
1449	0
1	0
163	0
0	0
0	0
9	0
872	0
298	0
2747	978
0	0
0	978
0	481
11	481
5422	0
173	0
16	0
1012	0
272	0
1031	0
117	0
516	0
13	97
0	97
240	0
893	0
2014	0
1167	0
315	0
19	0
208	0
56	0
1	0
0	0
0	0
1	0
299	0
0	0
0	0
0	0
0	0
1589	0
554	0
0	0
0	0
516	1227
0	1227
151	0
0	0
87	196
0	196
72	0
36	0
26	29
1	29
0	0
306	0
531	0
4	0
0	85
0	85
2002	0
4	49
253	49
30	0
0	0
0	0
0	0
0	0
907	0
0	0
844	0
26	0
345	0
678	0
1985	0
0	0
121	0
248	0
11	0
175	0
1057	0
0	0
347	0
28	0
48	0
1436	0
0	0
286	0
12	80
10	80
264	0
255	0
540	0
44	3
0	3
1	0
319	0
189	0
173	0
772	7
0	0
0	0
0	0
1776	0
742	0
275	1639
0	1639
67	0
29	0
97	0
81	0
222	0
1	1361
86	1361
105	3
232	3
0	0
0	0
14	5
3	109
296	319
0	55
340	320
247	156
1337	3
0	0
0	0
0	0
1	0
0	0
0	0
0	2
0	2
0	0
846	0
300	275
0	275
17	11
0	11
0	0
578	0
0	0
0	0
139	0
0	0
0	0
804	0
1997	0
302	0
844	0
74	0
101	0
26	0
4	153
0	153
29	0
0	0
15	0
20	0
0	0
0	0
2	0
3	0
0	1
0	1
1	1
340	0
10	0
26	0
229	0
446	0
86	0
879	0
26	0
12	0
62	129
0	129
1079	0
1064	0
4	2
0	3
0	3
1	0
149	0
0	2
1039	0
0	1
0	1
0	0
0	0
111	0
160	407
0	407
407	0
9	0
183	0
874	0
68	0
966	0
13	2
0	2
0	2
0	0
13	255
1	336
0	1
0	48
1	87
5	87
0	0
0	0
0	0
526	0
64	0
2	0
32	0
0	0
0	0
4	0
0	0
1	0
1275	0
0	0
202	0
1	0
40	63
0	63
620	22
3	0
1	22
1611	0
71	0
53	0
119	0
0	0
1	0
119	0
249	0
4	0
393	0
31	0
51	0
295	0
0	13
0	13
20	0
1868	0
0	0
0	0
0	0
393	0
0	0
760	0
616	0
187	6
0	0
253	6
0	0
387	0
331	0
213	0
0	0
14	0
0	28
15	28
333	0
1	0
0	0
0	0
141	178
1	178
192	0
476	0
10	0
95	0
0	2
0	2
203	15
4	15
267	0
5	0
1	0
183	0
0	0
3	0
917	0
6	0
1409	0
4	0
1442	0
253	0
0	0
0	0
0	0
31	0
5	438
0	438
63	0
1	0
13	0
3	0
24	0
0	0
3	0
379	0
111	0
375	0
289	0
0	0
0	0
1	0
56	280
0	280
9	0
1	0
296	0
1	3
0	3
2	1
109	518
0	518
456	1008
0	1008
93	0
1	1
0	0
628	11
1	1
0	0
1182	0
1075	0
0	0
3	0
0	0
0	0
48	0
462	0
524	0
19	28
0	28
3	0
3	0
1482	0
168	0
311	0
0	599
0	599
80	0
68	0
77	0
267	1
153	0
0	0
45	0
1	0
8	0
118	0
160	0
0	0
0	0
157	0
51	165
0	165
0	0
78	0
5	0
250	0
190	0
71	46
0	46
32	0
8	0
14	78
6	78
1441	0
211	0
754	0
12	21
0	21
120	0
0	0
0	0
12	0
822	0
0	0
0	0
1	0
0	1
0	1
268	0
312	0
0	41
0	41
0	0
0	0
18	10
73	0
0	0
0	0
21	10
0	0
55	0
0	0
80	0
0	32
0	32
0	0
0	0
1	0
0	0
0	0
0	0
383	0
1	0
94	67
1	67
1	0
1109	0
134	0
9	0
0	0
0	15
1	15
1	3
105	3
0	0
20	0
214	0
0	385
0	385
0	78
10	78
321	0
118	0
166	0
1163	0
602	9
0	0
699	0
103	0
21	30
0	30
0	0
0	0
931	159
782	0
181	1
189	0
8	0
53	213
0	213
57	0
64	0
743	0
200	0
0	1
1771	0
0	0
0	3
38	0
9880	0
0	19
2	0
5248	0
26	2
0	0
0	0
0	0
0	0
0	0
560	0
1	0
2	0
261	1124
0	963
681	173
17	2
0	45
435	78
504	1
2	0
1042	193
0	7
0	36
4	0
26	31
0	0
0	0
33	31
0	0
3	0
0	0
0	0
0	0
9	85
7	85
1084	0
0	0
0	2
0	1
0	0
11	0
0	0
0	0
81	35
1	35
31	0
5	0
328	0
32	210
8	210
0	0
0	0
15	0
82	0
104	0
3	3
0	3
247	0
438	0
279	0
797	0
2	0
6	0
95	0
328	0
0	4
0	4
0	0
556	0
166	0
524	0
340	0
2	0
2	12
0	12
22	0
16	0
24	0
42	4
0	0
3	242
0	242
0	0
3	0
0	0
0	0
11	0
1	0
0	0
11	0
242	0
8446	0
456	0
17	10
0	10
2	0
587	0
0	0
2	4
0	4
0	0
74	0
1	5
1	1
0	0
0	0
0	0
0	7
0	6
0	2
2	4
0	0
224	2
0	0
0	0
1	0
14	8
0	7
123	2
1	1
21	16
0	16
0	0
0	0
6	0
0	0
1638	0
359	0
379	0
97	235
0	235
162	0
3	0
220	0
115	24
0	24
0	0
679	0
3	0
1	0
0	0
0	0
0	0
202	0
1	0
6	6
0	6
0	6
0	0
0	0
0	0
0	0
0	0
0	1
0	1
0	1
0	0
0	1
0	1
1	9
0	0
12	0
9	2
0	2
0	0
0	0
0	0
1	0
17	1386
33	1386
0	0
0	0
28	399
0	399
0	0
0	0
0	70
24	70
178	0
1	0
318	0
0	0
21	0
163	0
0	0
0	0
36	1
1376	0
0	0
26665	0
0	0
9263	0
1330	0
5	51
30	51
1	34
0	34
153	0
119	0
1	0
3	0
18	1441
5	1441
3	200
162	200
19	91
0	91
1071	0
19	0
0	1
0	1
0	0
0	0
93	0
28	1
0	0
2	0
3	1
4	0
0	417
0	417
313	0
46	360
11	360
11530	0
220	156
3	163
2729	0
0	1
1	1
0	1
0	0
155	0
11	0
1	0
211	0
0	0
1	0
0	0
356	509
0	509
2	171
2	171
0	0
24	5
1	0
112	59
0	0
0	0
80	59
214	0
0	0
587	0
1	0
1	0
249	0
6	36
0	36
245	225
32	225
0	0
1392	0
159	2143
0	2143
1	0
84	0
88	0
39	0
51	0
0	0
29	0
1151	0
0	0
0	0
0	0
1	0
75	106
0	106
43	53
1	53
897	0
732	0
230	0
16	0
4	0
367	0
2023	0
676	0
121	0
593	0
1	0
5	0
6	0
1	0
4	12
0	12
0	12
0	0
0	0
74	0
0	0
202	0
316	0
0	0
0	0
0	0
0	0
0	0
888	0
0	0
1002	0
0	0
639	0
0	0
0	0
486	0
0	0
0	0
0	0
0	0
68	46
0	46
0	0
1234	0
29	133
0	133
340	0
0	0
0	0
279	110
0	235
2	1
0	0
0	0
2	4
0	0
3	6
1	0
0	0
412	0
0	0
322	0
8	0
0	0
0	0
73	0
953	0
11	0
0	0
0	0
397	0
54	0
0	0
0	0
2911	0
1680	0
1597	145
2	0
0	0
0	1
0	1
0	1
127	0
2	144
0	144
0	0
199	382
1	382
14	0
0	0
1	0
0	0
0	0
2180	0
0	0
24	117
0	0
111	117
0	13
166	17
673	0
310	0
1	0
2	0
2	8
0	0
0	0
0	0
0	0
0	0
0	5
4	7
0	0
1477	2999
714	2999
0	0
937	0
176	0
1	0
0	0
91	71
0	166
1	0
0	0
1	7
1	88
0	88
0	0
0	51
0	51
132	69
274	0
2	0
2	1
0	7
1040	0
105	442
0	442
0	0
0	0
0	0
0	0
0	0
0	0
578	0
284	0
24	0
0	0
0	0
1	0
0	0
0	0
0	0
0	0
0	0
85	0
699	0
0	0
668	0
94	197
117	197
99	214
2	215
21	10
2	8
0	0
5	4
0	0
0	0
0	0
0	0
5	3
0	3
0	0
2015	0
0	0
0	0
0	0
692	0
44	335
0	335
0	0
0	0
24	0
85	0
204	9
0	2
59	0
512	0
1	0
1638	0
0	0
0	0
0	0
71	0
312	0
0	0
0	30
54	0
2	0
21	0
95	0
1	0
265	1182
0	1182
1	0
125	0
1	0
10	0
401	1333
0	1333
0	0
533	0
160	0
0	0
0	0
470	0
1	408
111	402
0	0
1	0
1	0
210	0
0	0
0	0
1	0
66	108
4	122
1	82
237	43
1	43
2520	0
1556	0
375	0
0	0
0	0
0	0
283	0
1	8
0	8
0	0
49	0
71	0
0	0
377	0
444	0
0	0
4	2
0	2
0	0
0	0
0	0
0	0
0	0
0	0
527	0
0	0
8	12
1	12
0	0
1623	0
0	0
0	0
0	22
14	0
0	0
8	25
0	24
40	40
0	0
1	0
1	21
0	6
0	0
0	0
0	0
0	0
0	0
0	0
0	0
0	0
0	0
0	24
0	0
0	2
0	10
0	0
0	14
4	23
0	0
0	0
0	2
1	0
0	2
0	2
0	3
235	0
0	0
0	0
0	0
31	19
1	19
1	9
0	9
1	0
0	0
0	0
49	7
2	7
0	0
0	0
0	1
0	1
0	0
0	0
1813	0
0	0
0	0
0	0
0	0
0	0
21	32
0	19
2008	0
3	9
10	9
0	0
345	43
0	43
0	0
0	0
1	0
109	0
0	0
1	4
0	3
0	0
436	0
0	0
0	0
0	0
0	0
0	5
0	0
0	0
0	0
0	0
0	5
1	0
0	0
0	0
0	1
0	1
0	0
0	0
0	0
3	0
0	0
0	0
1	0
0	0
0	0
0	0
2	2
0	0
0	2
0	2
0	0
0	0
0	0
0	17
120	85
0	59
0	0
0	56
0	0
2	13
5	21
0	0
1	16
0	2
0	5
0	0
0	0
0	0
0	0
0	0
0	0
0	0
0	0
8	15
0	1
0	0
0	2
0	1
0	0
0	0
0	0
1	0
0	4
0	4
0	0
0	1
0	0
0	0
0	0
0	3
0	3
1	0
0	0
0	0
0	0
0	0
0	0
0	0
0	0
0	0
0	0
0	0
7	3
0	0
0	0
0	0
6	0
1	0
145	0
0	0
410	0
0	0
911	0
373	0
1911	0
0	0
0	0
0	0
0	0
0	0
0	0
0	0
0	1
0	3
0	0
0	3
4	6
0	0
0	0
82	0
1	495
0	495
0	0
0	0
528	237
0	245
0	0
0	3
0	3
0	3
0	0
0	0
0	0
3	0
1	0
0	0
0	0
0	0
0	0
0	0
0	0
1	3
0	0
0	0
0	0
0	0
0	0
0	0
0	0
0	0
0	0
0	0
0	0
0	0
0	0
2	0
231	0
63	0
0	0
0	0
0	0
0	0
351	0
0	0
0	0
0	0
47	0
158	0
0	0
0	0
0	0
0	0
0	0
0	0
0	0
19	0
0	0
0	0
0	0
78	0
1	2
0	2
0	0
197	0
0	0
0	0
0	0
0	0
0	0
0	0
0	0
252	0
51	12
134	0
0	1
0	0
0	0
98	0
30	112
0	16
0	37
2	200
0	68
2	0
1	0
0	0
0	0
0	0
1	1
1000	0
0	0
0	0
64	51
0	0
0	2
0	0
0	0
1	0
0	0
0	0
35	0
0	0
626	1406
0	1406
4	1
24	1
0	1
0	1
0	27
0	9
0	0
0	0
0	0
101	0
10	0
98	0
0	0
0	0
0	0
0	0
0	0
0	0
0	1
0	0
0	9
0	27
0	0
0	24
0	0
0	0
71	0
2	2
0	2
0	0
0	0
0	0
0	0
0	0
899	0
2	0
0	0
1	0
2	2
0	0
0	0
0	0
0	0
0	0
0	0
0	0
0	0
0	0
4	55
0	55
0	1
0	2
3	0
0	0
0	0
15	79
1	79
0	0
25	0
4	10
0	10
0	0
0	0
0	0
0	1
0	0
0	0
0	0
0	0
0	0
0	0
0	0
14	733
0	1
0	219
4	8
0	0
19	111
115	733
0	0
0	0
0	0
178	363
0	363
1121	0
2	0
73	0
2	0
0	0
0	0
0	0
0	0
0	0
59	142
1	142
0	0
0	0
0	1
0	0
161	3523
3	3523
46	0
0	0
0	75
0	0
0	0
0	0
0	0
0	0
8082	0
0	0
2368	0
0	0
0	0
0	0
7	8
0	8
0	0
119	18
4	19
0	0
0	0
609	0
12	0
0	0
0	64
0	89
0	0
0	0
0	0
0	0
0	0
0	0
1614	0
0	0
0	0
5	0
0	0
0	1
771	0
0	0
1726	0
140	89
0	4
0	0
0	0
0	0
0	0
0	4
0	0
745	0
0	0
0	0
2	0
0	0
0	0
1532	0
0	0
0	0
107	110
0	110
1	0
1	0
0	0
5	0
0	0
0	0
0	0
0	0
0	0
1	0
0	0
0	0
1	5
1	7
1	4
0	0
0	0
0	0
0	0
0	0
0	0
0	0
0	1
0	0
0	1
0	4
0	5
0	8
0	1
3	6
1	2
0	2
0	0
1	0
0	0
0	0
0	0
1	5
0	0
0	0
0	0
0	0
0	5
0	1
0	0
0	0
2	0
451	129
1	129
0	1
0	0
1	0
1	0
1	2
7	1
0	0
0	0
0	0
108	183
1	183
0	0
0	0
0	1
418	0
0	0
0	0
0	0
0	0
0	0
0	0
0	0
0	1
0	0
0	1
0	0
0	0
95	0
0	0
0	0
0	0
0	0
453	0
4	0
1	0
0	0
477	0
1	0
15	0
0	0
3	21
0	21
339	0
1	0
0	0
1295	405
5	377
17	451
7	451
0	0
0	0
0	0
0	0
1	0
2	0
0	0
336	0
2	0
167	0
38	79
0	79
217	0
0	0
0	0
1691	0
0	0
0	2
0	0
0	1
0	0
1	2
0	0
0	0
0	0
0	0
2	0
0	0
0	1
73	0
746	0
4	0
0	0
1	0
0	0
0	0
0	0
1	0
0	0
0	0
769	0
0	0
111	0
0	0
9	8
0	8
0	0
0	12
7	0
0	0
2	0
119	0
0	0
0	0
0	0
0	0
0	0
1	0
0	0
0	234
5	288
0	279
0	0
893	136
17	8
3	8
2	0
0	0
2	0
0	0
761	0
4	16
0	0
0	0
0	1
0	1
0	0
0	22
6	5
0	0
0	0
0	0
0	0
0	0
19	1433
75	1433
38	0
1	0
0	0
0	0
96	0
0	0
0	0
0	0
0	0
1	0
1	0
0	1
0	0
270	0
0	0
0	0
61	0
0	0
86	0
0	0
256	0
99	0
0	0
0	1
0	0
0	0
0	0
0	0
0	0
0	0
0	0
1	0
2	0
0	0
2	5
0	0
0	0
0	0
0	0
0	0
0	0
0	0
0	0
0	0
0	0
0	0
0	0
0	0
0	0
0	2
0	2
131	0
0	2
0	160
0	5
1	0
5	0
0	0
0	0
81	0
2	0
0	0
0	0
2	0
1	0
17	0
0	0
37	0
19	0
13	4
0	4
25	0
417	0
0	0
0	0
39	0
0	0
13	7
0	7
179	0
0	0
98	0
49	0
4	0
0	0
0	0
0	0
7	5
2	6
10	1
9	5
0	1
3	0
2	0
298	0
0	0
4	0
17	0
146	8
0	193
2	0
3	0
3	3
0	0
0	0
1	0
47	56
3	59
1	7
0	0
2	0
0	0
0	0
0	0
2	0
2	0
0	0
1	0
0	0
0	0
0	5
0	40
0	40
0	474
205	474
2	0
0	0
14	1
0	0
0	0
0	0
0	0
1	3
1	4
0	0
0	0
0	12
0	8
7	4
401	0
7	1
0	0
0	0
10	0
1	0
0	6
0	6
0	0
0	0
465	0
0	0
0	0
13	30
0	30
2	0
0	0
0	0
0	0
1	0
148	0
157	0
0	0
0	0
0	0
0	0
0	0
0	20
0	5
0	1
1	7
0	0
0	0
0	83
2	83
1	1
0	0
0	0
10	17
0	15
0	0
0	0
0	0
0	0
0	0
174	6
173	0
352	0
1	0
0	0
0	0
812	0
4	0
0	0
644	0
337	0
530	0
742	0
7	0
48	4
0	4
3131	0
33	0
1476	0
7	0
0	0
0	5
14	5
2	0
0	0
0	0
0	0
0	0
6	0
0	0
0	1
0	1
0	0
0	0
0	0
0	0
0	0
0	0
0	0
0	0
0	0
0	0
0	0
0	0
2	0
0	0
0	0
0	1
0	1
0	0
0	0
0	0
0	0
0	0
0	0
0	0
2646	0
813	0
0	117
0	15
0	84
4	46
0	46
0	0
0	0
20	12
0	10
4	0
0	0
0	0
0	0
0	0
0	0
0	0
0	0
1	1
0	1
0	0
2325	0
340	0
0	0
1549	0
6	2
4	2
0	0
0	0
58	0
1305	0
0	0
1349	0
281	0
202	249
8	249
0	0
1023	0
0	0
391	250
0	194
0	0
0	0
0	0
0	0
278	0
952	0
8	1030
0	1030
10	1746
286	1746
405	199
1	198
29	109
258	1
0	0
291	0
29	59
10	59
0	12
0	0
235	776
1	776
1	1541
144	1541
19	7
0	7
232	0
0	0
54	11
3	11
0	0
0	0
313	0
1	0
0	0
161	0
41	0
0	0
862	1
1031	0
34	0
4	0
0	2
0	2
23	0
0	0
0	0
0	5
0	9
12	0
0	0
0	0
8	80
1	80
52	0
0	0
172	0
1019	0
653	3995
307	3995
143	0
219	0
145	0
1	6
0	5
18	0
221	0
0	0
0	0
0	0
1	0
0	0
876	0
0	0
19	0
351	8
2	0
0	0
1303	0
0	0
2	0
0	0
0	0
0	0
394	0
13	33
0	33
0	0
3	0
0	0
0	0
3	0
185	0
1	0
87	0
2	0
198	0
0	0
1	0
350	0
0	0
0	0
586	0
0	0
0	0
3	0
130	0
0	0
0	0
0	0
195	0
0	0
2247	0
208	0
151	0
0	0
0	0
0	0
7	0
0	0
28	0
0	0
1	0
435	0
0	0
174	0
1253	0
37	0
40	163
0	163
0	0
3616	0
2	0
1	0
124	0
0	0
81	2
92	0
3	0
275	0
1829	0
885	0
0	1
1	2
4	0
8	0
15	0
0	0
129	0
15	0
3	0
0	0
275	0
1398	0
0	0
5	11
0	11
0	138
19	138
4	6
520	306
0	306
1154	0
16	0
1	179
0	179
189	0
23	0
4	0
177	0
187	0
226	21
2	0
0	1
2	1
157	0
301	0
81	0
9	60
0	60
70	115
0	138
0	2
0	0
106	0
0	0
1	0
0	0
232	0
12	0
148	0
267	0
52	0
309	0
0	0
265	0
76	0
116	0
35	0
795	0
1	0
4887	0
21	39
0	39
0	39
86	761
0	761
13	0
0	184
78	184
245	0
1642	0
5	0
129	0
0	0
1	0
2	0
0	0
98	0
0	138
0	138
1	0
0	0
4	10
0	9
0	5
0	3
0	7
915	8
0	0
0	8
0	0
0	0
1	5
0	0
0	0
0	18
0	0
353	19
0	0
0	0
0	0
5	0
0	18
0	0
0	6
0	6
0	0
101	0
187	321
2	0
0	0
152	0
28	0
85	0
0	0
2942	0
27	954
1	954
15	0
0	0
159	0
5	0
71	0
4	0
1	0
3	0
5	0
11	2
0	0
0	0
0	0
0	0
0	0
0	0
5	45
0	50
0	29
0	0
0	204
44	204
52	0
0	2
0	2
147	0
0	4
19	4
31	0
532	0
207	0
126	0
1196	0
478	0
27	0
611	0
2783	0
174	0
0	0
0	0
4	0
147	0
1	0
0	0
681	0
0	0
0	0
4	1
2	1
20	0
52	0
2	0
201	0
110	0
636	0
0	0
0	0
0	0
1	1602
0	1602
0	0
55	225
0	225
226	0
0	0
0	0
9	0
0	0
2	0
0	0
85	0
11	0
13	0
0	0
0	0
0	0
0	0
26	0
142	113
13	88
0	87
343	0
0	0
472	0
0	11
0	1
733	0
0	0
108	0
0	0
1123	0
718	0
389	533
3	533
168	0
140	0
0	0
0	0
14	0
2	0
304	0
6	40
0	40
78	121
0	121
0	0
830	0
0	2
0	2
0	5
0	5
522	0
219	0
585	0
69	0
0	0
1271	535
0	535
377	0
2849	0
0	0
5	0
5	0
0	0
315	0
276	665
0	665
0	1
0	1
0	3
465	0
39	0
152	262
0	262
0	0
0	0
44	62
0	62
1	0
6	0
275	0
1080	0
1	0
0	7
0	0
36	0
1773	0
0	1
5	18
0	13
0	14
1	0
2	10
3	17
0	0
529	0
119	0
8	158
22	158
0	0
0	0
0	0
186	240
0	240
0	0
44	0
7	0
1	0
0	2
6	2
1705	0
321	0
42	0
41	0
58	58
0	63
0	22
0	2
3	1
2	0
96	0
0	53
5	53
121	0
4	0
1	26
5	0
0	0
277	26
1096	0
1203	755
0	755
0	1
1	0
7	520
0	445
0	520
0	382
0	0
484	0
0	1
0	0
0	0
211	0
1105	0
445	0
2	0
263	0
0	0
9	8
44	35
0	35
0	0
3	8
41	13
5	0
0	44
48	44
1	0
0	0
521	0
546	0
283	762
0	762
0	0
0	0
303	0
0	0
552	0
1481	0
0	0
369	0
6	7
0	7
1032	0
0	0
0	35
2	35
185	0
4	1
0	1
0	0
0	0
549	0
304	0
1	0
118	0
74	0
235	0
328	0
87	0
0	0
157	0
570	0
41	0
0	0
290	0
0	0
1738	0
701	0
3667	0
66	100
0	100
0	0
0	0
0	0
0	0
3	0
1439	0
0	0
4	0
3	0
453	0
26	73
1	73
133	0
1	1
0	1
0	0
2	0
0	32
75	32
0	0
1	0
1	0
1	0
0	0
155	0
453	0
0	0
0	1
741	0
80	469
0	469
5	15
264	15
2	2
0	0
0	0
346	0
0	0
0	34
0	34
0	25
63	73
1	73
1	0
0	0
0	0
0	0
0	0
0	0
0	0
0	0
30	0
0	0
0	0
0	0
0	0
0	0
0	0
0	0
0	0
0	0
0	0
0	0
0	0
37	0
7	0
0	0
0	1
0	1
0	0
0	0
0	0
0	1
1	0
0	4
0	0
1	0
0	0
1	2
0	0
71	42
0	166
0	0
0	0
0	0
0	0
0	0
0	1
1	34
1	36
0	0
0	49
0	0
0	0
0	0
0	0
0	14
1	16
0	14
0	0
159	49
121	101
0	0
3	77
0	39
0	8
0	8
0	0
11	84
0	0
0	0
8	82
0	0
10	84
0	0
1	0
31	0
438	0
0	0
0	0
129	0
142	312
1	312
911	0
9	0
169	0
2247	0
0	0
0	0
0	0
258	0
0	0
0	0
0	0
0	0
25198	0
105	228
9	219
0	113
1	0
0	0
9	0
17	0
0	0
153	0
0	4
0	0
1	63
1	63
4	0
143	0
627	0
0	0
0	0
25	0
0	0
474	0
1447	0
155	0
79	375
1	375
4	0
6	299
0	299
176	18
215	18
23	119
0	119
0	119
0	0
0	0
0	0
0	0
272	0
0	0
3	0
25	4
0	0
0	4
0	4
0	225
0	195
1	142
0	0
0	0
0	0
0	0
0	0
0	0
0	0
22	268
19	268
9	0
24	0
0	0
54	0
358	0
0	0
0	0
0	0
0	16
4	16
2	13
0	11
0	0
0	0
0	8
0	8
0	0
0	0
0	0
0	1
0	0
4	0
0	0
13	0
0	0
0	0
0	0
0	0
0	1
5	0
116	1
17	0
3	0
202	0
0	0
857	0
106	0
131	0
1157	0
2	0
27	0
0	0
0	0
0	0
0	0
0	0
24339	0
3	0
0	0
4	0
0	0
0	0
5	1
9	0
0	0
0	0
9	0
0	0
0	0
2	0
259	1
0	0
16	1
0	0
4	0
1	0
0	0
10	0
6	371
41	371
5	53
0	53
2	12
0	12
0	0
20	10
1	4
1	0
22	3
0	0
7	0
0	0
3	0
0	0
55	0
218	0
0	0
0	0
0	0
0	2
0	2
1	0
7493	313
4	0
1	313
0	0
0	0
0	0
13	0
234	0
212	1
52	6
0	0
2	0
0	0
0	0
0	0
0	0
69	1
1	6
0	0
175	0
1	0
0	0
20	0
0	0
0	20
0	20
5	0
174	0
1	0
0	0
186	0
135	0
28	0
0	6
0	6
0	0
0	2
57	0
1	5
0	6
4	0
3	0
0	33
3	33
205	0
38	0
564	116
186	116
0	0
0	0
8	0
18	0
0	0
4	0
14	0
4	0
18	39
1	39
0	14
0	18
21	0
0	0
3838	1622
9	493
10	449
0	1394
917	0
0	0
0	1
0	0
0	0
0	0
255	0
203	0
97	0
0	0
1	2
0	0
326	15
0	124
0	0
4	1
1	0
0	0
0	0
0	0
0	0
1721	0
0	0
21	0
275	0
0	0
112	0
76	0
32	94
0	94
0	0
903	0
38	0
49	0
101	30
0	30
127	0
0	1
1	0
345	0
1	0
1	0
0	0
0	0
1	0
2	0
0	0
0	0
83	119
1	162
3871	0
3	0
0	0
331	0
48	0
0	0
0	0
0	0
37	353
3	356
2	0
1	0
0	0
1	2
0	0
16	0
0	0
2	0
57	0
5	0
0	0
0	0
0	0
0	0
2	0
31	0
2129	0
25	27
2	35
1	0
0	0
0	0
0	0
0	0
1	0
0	1
3	2
708	0
0	2
257	0
2	3
0	2
0	0
0	0
2	0
0	0
859	0
76	0
0	0
50	76
1	74
1	0
0	0
2	0
0	0
0	0
0	1
0	0
1	0
4	0
1	0
1560	0
2	0
0	0
485	0
4	31
2	0
0	0
747	0
444	0
6	0
416	0
1	0
1	0
0	0
251	0
897	0
1433	0
680	248
0	248
0	0
75	0
109	0
0	0
0	0
0	0
175	28
4	28
4	0
273	0
0	0
0	1
0	1
0	0
0	0
35	0
315	0
48	0
0	0
0	0
8	0
0	0
0	0
0	0
0	0
178	0
962	0
472	0
4	280
15	280
352	0
5	5
3	0
284	0
11	0
868	0
1	224
1	4
0	221
166	0
310	416
0	416
3	0
9	0
2	4
2	4
1774	0
0	0
194	0
669	0
0	0
2	2
1	53
0	0
131	1
0	0
0	0
63	0
0	0
1	0
0	0
0	0
0	7
0	7
2082	0
1	0
0	0
0	0
1	0
6	0
588	2
17	0
0	0
1	0
297	0
0	3030
1061	3030
0	2
0	13
0	14
338	0
0	0
0	0
234	0
22	16
0	16
421	0
0	0
0	0
7	4
0	3
0	1
226	0
5	0
0	0
871	0
0	0
23	0
2	1
0	1
3	0
1	0
0	0
147	0
733	0
1	3
49	0
0	0
116	0
3966	0
270	0
0	0
1	5
0	5
111	0
35	0
237	0
1	0
54	0
294	0
0	91
4	149
10	104
2	127
2	65
0	70
0	48
0	102
0	99
0	70
0	0
54	79
418	5
20	0
0	0
0	0
8	0
1319	0
2	0
214	0
0	0
0	0
0	0
0	0
0	0
0	0
109	0
0	0
4	5
0	0
0	5
0	5
1	0
0	1
0	0
205	0
1	0
5	0
0	0
1110	0
1	173
4	173
255	0
143	0
186	0
0	0
6	7
2	7
1457	0
12	0
7	0
41	0
0	0
0	0
4	0
0	0
0	0
38	0
0	0
0	0
0	0
308	0
0	0
0	0
4	2
0	2
49	0
3	0
0	0
1	0
1	0
52	243
5	243
0	243
19	0
0	0
8	198
0	3
818	198
769	3
0	0
0	0
0	0
3217	0
1127	181
1614	0
0	0
0	2
0	0
483	0
3	549
3	549
0	4
0	4
587	0
80	0
0	0
158	0
11	0
0	0
1	0
14	21
32	21
0	0
0	0
0	0
1646	0
30	0
163	0
0	0
5387	0
7	0
944	0
3	0
257	310
0	310
2	0
0	4
30	4
1	0
282	0
164	0
3	0
0	0
0	0
0	0
0	0
0	0
0	3
0	3
0	0
4431	0
136	0
214	0
0	0
500	0
1	0
0	0
0	0
2	0
2	0
3	1
0	1
329	0
0	0
117	0
13	0
363	11
0	0
450	359
7	151
3	5
0	0
0	0
356	0
1464	5
19	20
0	0
0	0
0	0
0	0
2	0
7	0
0	2
0	2
357	0
0	0
403	0
0	0
0	0
95	0
0	0
1	0
19	314
0	314
157	405
0	405
2245	0
398	0
1	0
1	0
46	0
1	0
4	0
214	0
251	0
681	0
304	852
0	852
267	207
109	207
13	0
212	0
422	0
0	0
2	0
208	0
101	0
328	823
0	823
0	0
949	0
0	0
523	0
653	0
3	0
0	0
930	1
0	0
288	106
506	0
0	1
0	0
2046	1599
0	0
2	13
11	13
9	11
0	11
0	0
0	0
0	0
73	49
2	175
0	0
0	0
0	3
0	9
0	6
2	9
2	0
0	9
0	10
100	209
0	185
0	4
0	4
0	0
0	0
1	0
1	3
0	3
4	0
0	45
0	65
0	5
0	5
0	5
6	1579
3	1
0	7
0	4
1	17
0	9
0	0
0	0
0	0
0	0
0	6
1	6
5	6
0	0
0	0
0	0
0	0
0	0
0	0
6	21
0	0
11	44
3	0
127	426
4	159
240	207
0	0
0	8
1	13
0	0
7	1
1	0
1	3
0	1
0	0
0	0
0	80
0	68
0	69
33	212
0	26
0	29
414	248
0	155
1	157
0	1
0	3
0	0
0	0
15	223
0	231
2	224
73	238
0	3
0	0
0	0
0	5
0	0
0	350
0	19
0	183
9	167
0	3
0	0
0	0
0	9
7	330
0	273
0	22
0	16
2	160
0	0
33	130
0	99
0	1
0	1
0	0
0	0
329	0
0	0
1348	0
3	200
20	200
249	31
1071	0
1	0
1	0
0	0
0	0
1	3
0	6
0	2
0	0
0	0
1	0
0	0
0	0
139	0
68	0
195	2037
2	2037
343	0
493	0
26	541
80	541
0	0
39	0
1518	2898
2	2898
0	0
0	0
0	0
0	0
9	207
86	293
132	281
0	218
271	65
0	0
0	0
1	0
0	28
0	28
605	2
205	1159
0	1159
11588	0
0	0
0	356
38	356
78	0
841	0
1066	0
336	0
20	131
2	131
0	485
296	484
1082	0
0	223
10	223
192	0
0	0
24	0
342	0
287	0
58	550
2	550
23	0
231	0
13	36
0	36
172	17
8	17
607	0
30	0
0	0
5	0
0	133
0	133
965	0
181	0
1	0
5	7
4	7
882	0
0	0
0	0
0	0
0	0
1	0
0	0
0	0
0	0
0	0
0	0
0	0
0	0
0	0
0	0
260	0
12	0
85	0
30	0
97	0
456	69
60	69
0	0
102	0
57	89
2	202
589	0
0	0
2	0
2	0
0	0
0	0
0	0
1	0
20690	0
584	0
0	0
0	0
0	0
371	1201
0	1201
196	0
86	0
22	0
254	0
0	0
31	0
15	5
6	122
2	122
97	0
0	0
0	0
14	0
2619	0
22	4
3	4
3	0
0	0
53	82
0	82
63	0
1	75
21	75
4	0
0	0
63	0
0	0
2	4
0	4
710	0
0	0
0	0
296	5
91	0
426	0
5	0
117	107
0	107
11	0
486	0
645	0
1061	0
364	0
1077	0
0	0
438	0
696	0
0	0
0	0
1	0
16	291
1	294
217	0
11	0
0	0
64	0
119	58
82	0
82	0
0	0
404	0
6	1
4	18
3	17
64	0
51	1
0	0
33	0
14	0
0	0
433	0
5	0
0	0
0	0
306	0
1	0
1	0
0	0
1	0
0	1
59	1
24	0
905	0
38	0
140	0
309	0
7	0
6	0
6	0
876	0
0	0
1435	0
0	587
154	587
1	0
0	0
688	0
329	0
5	0
1302	0
920	0
243	0
92	425
0	425
13	0
31	2
11	2
13	0
15	0
0	0
104	175
0	175
810	0
49	0
0	0
3097	0
0	0
0	0
305	0
153	101
0	101
0	0
341	0
331	0
1367	0
18	0
45	0
1606	0
3	3
0	2
1	0
243	416
1	416
0	0
0	2
1	2
0	0
5	0
99	0
7	0
67	0
437	0
0	0
24	0
11	0
0	0
0	0
0	0
0	0
3951	0
4	0
880	49
513	0
1	0
0	0
1	0
0	0
455	0
1	10
0	10
231	1
1	1
0	0
0	0
994	0
2233	0
647	0
3	0
4	0
65	0
341	0
0	3
0	3
0	2
1	5
7902	0
77	0
14	0
59	0
24	119
2	119
1	0
1099	0
36	0
764	0
293	0
0	113
1	113
9	0
10	0
0	0
0	0
273	0
124	0
229	256
9	260
0	0
620	0
1328	0
50	0
34	149
0	151
62	8
62	0
1123	0
187	617
1	617
40	0
127	0
0	0
258	0
717	690
2	687
1326	0
0	0
92	0
256	0
67	0
62	159
1	159
2	6
0	6
1180	0
193	883
1	883
43	40
11	40
0	0
0	0
0	0
342	0
0	0
0	0
258	0
572	0
4	8
39	0
326	0
0	0
0	0
3462	5918
0	5918
0	0
2	0
0	0
0	0
0	0
0	0
97	124
0	124
4	0
176	0
0	0
0	0
3	22
4	22
0	0
0	0
0	0
0	0
0	0
3837	0
131	0
514	0
3	97
0	97
0	2
0	0
104	0
732	0
143	0
78	294
0	294
351	0
32	172
90	172
0	45
3	45
52	0
0	0
400	0
233	0
29	0
0	0
1	0
85	0
29	0
249	0
0	1
1	0
257	0
395	0
1	0
18	24
0	0
1736	0
25	0
96	0
725	0
61	0
500	0
452	0
717	0
234	0
0	0
0	0
298	0
0	0
0	0
489	88
68	88
0	0
5	0
0	0
986	0
442	0
0	0
0	0
379	0
6781	0
102	276
0	276
239	0
0	0
3	10
0	4
0	0
0	0
31	20
0	0
0	1
0	0
7	6
0	0
0	0
0	0
2	0
2	0
0	0
0	0
0	0
28	0
154	0
0	0
36	201
0	201
82	0
41	0
8	0
0	0
1	0
0	0
507	0
0	0
1	0
0	0
160	0
6	1
0	0
37	571
8	571
260	0
71	0
1724	0
0	0
0	0
0	0
30	110
341	110
3311	0
21	0
281	0
432	0
5	0
87	0
0	0
2	0
423	0
19	0
0	0
74	98
17	121
0	0
0	0
383	0
233	0
45	0
24	0
50	0
1	0
42	127
0	127
0	0
0	0
1	0
0	0
606	0
4	0
46	30
113	0
18	30
285	0
6	0
1	0
2	0
0	0
495	0
0	0
0	0
5	0
48	0
58	1
0	21
0	10
0	10
4	6
0	10
24	13
0	9
53	24
66	51
0	51
14	0
212	0
18	0
1	0
208	0
0	0
2645	116
9	436
2	436
1	0
608	0
0	0
4	0
293	0
0	0
0	0
0	0
0	0
0	0
0	0
0	0
0	0
0	3
0	36
280	33
0	0
1	0
0	12
0	18
0	11
0	2
86	0
18	0
0	0
0	0
0	0
146	0
0	0
30	0
0	0
0	0
88	72
0	72
243	0
0	0
0	2488
1052	2488
0	0
87	346
0	346
506	0
95	18
5	0
1115	0
5	0
0	0
443	487
0	487
3	2
492	1238
0	1238
1	1
0	1
426	0
1	0
0	0
0	0
0	0
177	0
9	0
507	0
3	26
4335	156
0	160
6	160
1968	0
0	0
0	0
13	3
0	0
0	1
0	0
3	0
0	0
0	0
0	1
8	1
0	0
2	0
2	0
11	35
0	3
0	3
0	0
0	1
0	3
2	0
0	0
0	0
74	54
0	1
0	0
0	0
0	0
1	0
11	0
32	22
28	45
0	0
1	0
0	0
126	9
0	9
2	4
0	4
0	0
53	40
0	40
1008	0
1015	0
7	0
0	2
0	2
0	0
113	0
3	0
3	0
308	0
1	0
3	0
1327	2
1134	0
6626	23362
0	19889
268	0
411	0
404	146
21	0
54	0
30	0
1163	41
190	0
347	0
268	0
274	0
0	0
509	0
143	0
5	0
0	0
697	0
0	0
252	0
67	0
2	0
92	0
6	0
340	0
2	6
0	6
126	0
5	0
389	0
2	0
268	0
12	0
3685	0
1122	0
0	1
0	1
0	5
2	5
662	2
21	17
0	12
0	0
1	2
219	2
5	585
2	585
1	1
1613	0
0	0
0	0
0	0
0	0
2	0
298	1155
1	1155
0	0
637	0
0	0
38	0
30	0
1	4
0	4
0	2
13	0
477	100
0	0
0	0
10	0
4	1
0	1
1319	23
0	0
0	0
0	0
0	0
0	0
0	0
0	0
0	0
0	0
0	3
2	4
0	1
1	0
0	0
6	0
27	1066
49	1314
0	0
79	1015
2	1005
0	1
0	10
0	10
0	65
0	0
2	9
0	9
3	0
3	0
2	0
0	0
663	0
297	0
0	0
0	0
0	0
0	0
31	0
7	0
0	0
0	0
31	0
0	0
0	0
158	48
0	0
521	48
301	0
0	0
0	0
0	0
854	0
0	0
1879	0
14	0
4	4
0	4
0	0
0	0
0	0
0	0
0	0
0	0
83	65
290	158
9	0
6	0
4	28
0	25
0	12
0	8
0	9
2	1
0	1
2	0
0	0
18	0
503	199
145	735
9	698
43	338
0	295
0	0
93	0
0	0
0	0
41	0
0	0
105	61
0	61
184	0
56	0
0	0
0	0
1	0
0	0
897	0
0	0
54	0
0	0
0	2
0	2
0	0
1	1
0	5
30	56
0	0
0	1
0	0
0	0
34	34
0	0
0	0
0	2
0	0
9	77
6	80
1	10
0	0
1	0
0	0
0	0
0	0
0	0
141	106
0	85
1	79
0	56
6	0
0	0
2	0
0	22
2	6
751	0
0	5
0	0
1	1
0	0
0	1
0	1
202	0
1333	0
932	0
3476	0
0	0
24	0
4	0
10	0
18	0
0	0
0	0
1386	0
18	0
0	0
8	182
0	95
0	0
44	493
0	457
42	237
0	8
0	8
33	436
0	429
193	8
0	0
0	0
23	1040
37	1040
12	0
0	0
1810	0
0	0
0	1
0	1
0	0
0	0
77	1669
30	1669
435	0
2	0
1	0
852	0
0	0
0	0
0	0
0	1
0	1
324	1582
0	1580
0	0
1	0
0	0
8	0
1104	0
1	5
0	5
38	0
2	0
0	0
0	0
0	0
100	109
0	109
1363	0
1	0
25	0
137	0
3	2
0	0
352	1
19	0
133	0
111	0
0	0
1	0
10	0
7	6
0	6
16	0
8	0
90	0
0	0
0	0
14	358
0	358
0	0
0	1
622	0
5	0
0	0
0	0
0	0
328	7
612	0
0	0
120	0
0	0
0	0
596	0
1283	0
131	0
0	8
0	8
2	2
0	0
2	0
0	0
0	99
0	2
0	0
0	10
2	10
57	3
1799	0
1	4
0	0
0	1
0	0
0	0
11	0
26	0
34	0
57	0
401	0
541	0
0	0
1	0
5408	0
3	0
126	225
0	225
87	0
695	0
20	38
1	38
0	2
0	0
385	411
0	411
82	0
3	0
0	23
0	23
0	0
12	0
0	1
248	0
15	228
1	228
7	0
38	0
51	0
386	0
131	1
1	0
0	0
0	0
0	0
0	0
0	0
86	0
55	2
0	1
0	0
0	0
0	0
0	0
0	0
0	0
185	0
1	0
142	0
0	0
0	0
0	0
0	0
0	0
0	7
0	7
0	0
330	7
158	0
0	0
9	0
0	0
607	0
0	0
0	0
0	0
16	0
0	0
16	0
1	0
0	0
96	0
0	0
0	0
0	1
0	0
0	0
0	0
0	0
0	0
0	2
0	2
0	2
176	0
0	0
322	0
18	0
156	0
0	2
0	0
160	0
3	0
599	0
161	0
0	0
0	0
0	0
0	0
1276	179
0	0
0	0
3	0
0	0
0	0
0	0
0	0
0	1
0	1
0	0
2	0
0	0
0	0
0	0
0	0
0	0
0	0
0	0
0	0
0	0
0	0
0	0
0	0
0	0
0	0
47	0
0	0
76	247
0	0
0	0
0	0
4	2
3	6
0	0
7	32
0	2
0	0
0	0
0	0
0	0
1	2
0	0
0	0
0	0
0	0
0	0
0	0
0	0
0	0
2	1
0	0
0	0
0	0
0	0
0	0
337	0
0	0
0	0
0	0
0	0
0	0
0	0
0	0
0	0
368	0
1	0
0	8
0	8
71	0
33	12
0	0
0	0
19	12
0	8
0	0
0	0
0	0
0	29
0	29
16	45
0	45
1	0
0	0
36	12
2	0
0	0
0	0
11	2
0	0
0	0
0	0
4	41
0	38
0	38
0	0
0	1
2	19
16	7
0	0
0	0
0	0
0	0
0	0
0	0
237	0
1964	0
254	0
11	0
0	0
2	2
0	0
1	0
0	0
1	0
157	0
3	1
12	0
0	0
0	0
0	0
0	0
0	0
0	0
143	0
1	3
0	0
0	0
1	157
117	157
0	1
0	1
3	0
0	0
1	0
3	0
451	0
107	0
0	0
2	0
0	0
0	0
2	0
5	0
0	0
0	0
0	0
0	0
2	0
0	3
0	0
14	0
239	258
0	258
0	0
0	0
0	0
0	1
0	1
0	0
18	115
0	115
0	0
1387	0
79	0
1	0
0	0
90	345
65	345
17	0
2076	0
0	0
274	0
0	1
2	4
0	0
0	0
0	0
0	0
0	2
0	0
0	0
0	0
0	0
0	0
0	0
0	0
320	641
1	641
3	0
1	1
0	0
0	0
0	0
0	0
1	1
0	11
2	0
375	0
0	0
212	0
983	0
0	0
0	2
0	0
0	0
1	0
0	0
0	0
0	0
487	0
2	1
0	1
0	19
0	25
1	11
0	0
0	0
0	0
0	0
586	0
0	0
0	0
0	0
0	0
0	0
0	0
0	0
0	0
0	0
0	0
0	0
1	0
0	0
0	0
0	0
0	0
0	0
0	0
0	0
0	0
0	1
0	0
0	0
0	0
0	0
0	0
1	0
0	0
0	0
2	0
0	0
0	0
0	0
0	6
0	0
0	0
0	0
2	38
0	20
2	11
0	0
0	0
0	0
0	0
0	0
0	1
0	13
4	23
1	13
1	0
0	0
1	0
0	0
0	0
0	0
0	0
0	0
0	0
1	0
0	0
0	8
0	6
0	0
0	0
0	0
0	0
0	0
0	0
0	0
0	6
0	0
0	2
0	0
0	2
0	0
0	0
0	0
0	7
0	0
378	0
0	0
1	0
0	0
0	0
0	0
0	0
6	1
0	1
1	0
0	0
477	0
0	1
3349	0
1077	846
0	846
0	0
41	11
2	11
0	3
0	1
0	0
1	0
4	7
0	1
1	0
0	0
0	0
0	0
28	7
29	0
0	0
0	0
0	0
0	0
0	0
0	0
2058	0
4197	0
0	0
0	3
0	1
0	0
0	0
227	0
0	0
0	1
0	0
0	0
0	0
0	0
16	435
20	435
3	0
22	0
58	0
0	7
0	1
246	0
0	0
11	0
0	0
77	0
12	0
0	0
251	117
1	117
1	15
0	0
0	0
0	0
1	0
0	0
0	0
0	0
0	0
0	0
0	0
0	0
6	0
0	0
0	0
177	0
0	0
2043	0
7	0
1124	0
0	0
0	0
0	0
1	0
364	0
0	0
2	0
0	0
0	0
0	0
1893	7
0	0
0	0
7563	0
0	0
0	0
8	7
1	7
0	0
0	0
0	0
143	0
3	0
0	0
0	3
0	3
0	0
0	0
0	0
8	0
385	0
91	0
0	0
33	25
0	25
0	0
0	0
3760	0
1	2
0	2
642	0
7	0
0	0
0	1
247	0
1	0
3	3
6	3
0	0
0	0
0	0
331	0
0	0
14	0
339	0
0	0
0	0
0	2
0	0
0	0
0	0
0	0
0	0
0	0
0	1
287	21
2	0
1	1
0	0
0	0
0	0
0	0
0	0
0	0
0	0
7	21
0	0
8	0
1	0
0	0
79	0
35	0
187	0
2	0
140	0
0	0
0	0
0	0
0	0
0	0
0	0
1	0
2	3
0	3
14	39
0	39
0	84
1	118
0	7
0	0
44	12
157	110
2	2
0	0
0	0
0	0
0	0
0	0
0	0
5	0
0	3
0	1
0	1
0	1
0	0
0	29
0	26
1	30
0	0
0	0
0	2
0	2
0	4
0	0
0	2
1	0
0	14
0	14
0	13
0	9
0	8
0	3
0	2
0	0
1	0
0	0
0	0
2	3
1	10
5	0
6	1
2	1
0	1
1	2
0	0
0	2
3	18
0	18
0	0
0	0
0	0
2	0
0	0
0	0
0	18
0	99
0	99
0	0
0	0
0	0
1	0
0	0
0	0
0	0
0	0
0	0
0	0
0	0
6	2
0	5
28	31
0	27
0	0
0	0
1	0
0	4
0	0
0	0
0	1
0	0
102	34
0	34
0	34
30	200
1	200
5	0
0	0
0	0
0	0
0	0
0	0
0	0
0	0
0	0
0	0
0	0
0	0
0	0
0	5
0	4
4	1
0	0
0	0
0	1
394	0
1	391
11	391
3	3
0	2
1	0
784	258
39	35
0	0
0	0
0	0
0	1
0	1
0	0
0	0
0	0
0	2
0	1
0	0
24	0
65	0
2	0
10	177
1	177
0	0
0	4
1220	357
0	361
1	0
0	0
0	0
0	0
0	0
64	0
0	0
121	0
0	0
0	0
76	0
0	0
0	0
0	0
0	0
0	0
3	63
7	63
260	0
0	0
336	0
0	0
3	9
2	9
2	2
58	122
1	129
1	0
0	0
0	0
730	678
10	679
1	3
0	0
0	0
176	0
1	0
0	0
0	0
0	0
2	0
1	0
0	0
1	0
0	0
165	68
53	18
76	36
0	3
0	3
0	1
0	0
0	0
0	0
0	0
1	0
34	49
0	46
0	0
18	0
2	214
3	0
1	0
0	1
184	10
3	3
0	1
0	2
0	2
46	26
0	19
0	1
3	3
0	0
1	36
0	55
0	0
0	0
0	0
4	17
7	21
0	21
6	2
0	0
0	0
0	0
11	0
0	8
0	0
0	1
0	3
0	2
3	2
2	0
7	15
5	15
0	2
0	0
31	0
4	0
0	0
77	267
0	267
0	0
0	0
6	0
25	0
0	0
0	0
0	0
0	0
0	0
0	0
0	0
0	0
0	0
0	0
0	0
0	0
265	0
45	449
1	449
703	759
1	759
0	0
1	0
0	2
9	0
0	0
13	0
56	0
17	862
6	862
0	13
467	0
407	0
0	0
138	0
663	0
4	0
0	5
0	0
0	5
9	5
0	0
0	1
1	0
0	1
0	1
0	0
0	0
0	0
0	1
0	1
0	0
0	0
0	2
0	0
202	12
37	13
0	0
0	0
1	2
0	0
0	0
5	137
0	126
0	0
0	0
0	2
0	0
0	0
0	6
0	0
0	0
3	2
0	0
0	0
119	0
0	0
0	0
0	0
3	55
0	0
0	0
1	0
0	0
0	0
0	0
0	0
0	0
6	0
0	0
2	0
0	0
0	0
279	12
155	12
0	0
342	0
0	0
0	0
0	0
0	0
152	0
300	0
0	1
0	1
0	0
0	0
0	0
0	0
225	0
0	0
345	0
1	4
161	0
961	0
1	0
179	0
1	1
1	0
0	0
189	0
675	0
0	0
0	0
296	0
0	0
0	0
0	0
317	0
441	0
15	0
188	48
0	10
2735	35
2	3
0	0
2	0
33	0
143	0
1	0
0	0
22	40
0	40
464	665
3	673
93	0
0	519
43	519
0	0
9	0
3	1
204	0
389	0
0	0
0	0
23	0
0	0
0	0
0	0
190	0
0	0
26	0
0	0
0	0
399	0
605	624
0	624
0	0
85	2
76	0
40	35
0	35
192	0
1	0
7	0
0	0
929	0
611	0
0	0
0	0
214	0
4	0
0	0
3	5
1	2
0	0
1	0
0	0
12004	0
1	0
92	0
25	0
184	0
0	0
0	0
0	0
0	0
0	0
0	0
0	0
69	0
1	0
220	0
0	0
0	3
0	25
45	130
8	127
582	25
3	0
3	0
1	6
0	1
0	7
0	0
0	0
0	0
962	145
149	120
0	120
1	0
0	0
0	0
0	0
102	0
160	55
3	55
3	0
43	2
2	2
0	0
0	2
0	2
2	1
0	0
0	0
0	0
0	12
4	5
0	0
0	0
0	0
9	30
0	3
7	23
0	0
0	0
25	0
2	123
0	123
7	0
98	12
3	12
0	0
0	2
0	2
5	0
191	0
1	2
153	0
0	0
0	0
0	1
0	1
0	0
0	0
0	0
0	1
0	1
191	0
1	0
0	0
0	0
0	0
60	2369
5	2369
5	1
783	0
0	0
0	0
1	10
0	0
0	1
0	1
14	594
1	594
1	1
175	0
0	0
0	0
52	0
12	0
0	0
0	0
0	77
2	78
0	0
33	0
0	0
258	2
0	2
0	0
2	27
3	27
89	0
253	0
1	0
1	0
0	0
9	115
0	115
0	0
0	1
0	6
0	6
0	0
0	0
3	0
0	0
0	0
0	0
0	0
0	0
1	0
0	0
0	0
0	0
0	0
0	0
0	32
0	16
0	0
0	0
0	0
0	0
0	0
0	0
0	0
0	0
0	0
0	7
0	0
0	2
0	0
6	1
0	0
2	0
0	0
0	6
1	13
0	2
0	0
0	0
0	0
0	0
0	3
0	0
0	0
0	0
2	1
0	0
0	0
0	0
0	0
31	1
0	0
0	0
2	5
0	0
0	0
47	34
1	0
0	1
0	0
0	0
2	0
0	0
0	0
0	0
0	0
1	6
0	0
0	0
1	0
0	0
61	8
0	2
0	2
16	0
82	0
172	0
194	0
0	0
1091	0
2	5
304	0
147	0
829	0
605	0
0	0
0	4
0	0
0	0
1	0
988	0
1	0
165	43
0	0
0	0
57	43
0	0
290	0
533	0
1	0
299	0
6	101
0	101
50	17
1	25
0	6
1	0
922	0
220	681
0	681
36	0
68	0
0	0
385	0
131	0
0	0
3	0
0	0
0	0
0	0
0	0
0	0
126	0
13	50
0	50
0	0
0	0
69	36
84	36
132	0
113	0
0	0
56	0
121	0
66	0
83	0
1148	0
10	0
0	29
0	19
0	5
1	1
1	1
0	1
0	1
0	0
4	8
0	2
0	2
0	2
1	0
0	0
0	0
0	0
0	2
0	0
0	0
118	71
0	0
348	0
0	0
783	0
892	1272
77	581
614	3400
0	2513
4	14
0	5
0	12
3	0
0	1
0	1
0	0
0	0
40	71
355	581
1	0
0	1
0	1
0	1
0	0
0	0
0	0
2	0
38	61
0	61
0	0
2	0
83	0
0	0
1289	0
29	121
1	121
42	494
0	494
1	0
515	0
0	0
105	51
0	51
0	0
0	0
1	0
224	0
1	0
0	0
0	0
6	0
0	0
0	7
0	6
2	0
0	3
3	3
49	4
0	1
0	1
3	15
0	0
0	0
1	0
62	24
7	0
0	0
8	58
0	0
0	0
0	0
0	0
0	0
7	0
1	1
0	0
0	0
0	0
2	0
0	0
0	0
0	0
2	4
0	4
0	0
8	0
0	0
0	0
0	0
0	0
0	0
0	0
27	9
5	0
0	0
0	0
0	0
0	0
0	0
0	0
0	0
0	0
0	0
9	9
1	0
0	0
0	0
0	0
0	0
0	0
0	0
0	0
0	7
0	6
0	0
0	0
0	0
0	35
0	31
0	31
0	30
0	0
0	0
0	24
0	24
0	0
4	6
0	0
0	0
0	10
0	7
12	59
0	2
0	2
0	0
0	0
0	0
20	20
0	0
0	0
0	0
0	0
2	13
0	10
1	8
0	7
0	2
0	21
3	0
28	97
0	93
0	84
0	0
5	134
1	135
0	0
398	0
33	0
15	0
292	590
0	448
148	352
1	229
50	170
0	171
1241	0
906	2254
0	2255
91	508
0	508
322	0
828	0
2362	1200
0	1200
0	1
0	0
0	0
0	0
14	141
1	145
0	0
214	0
0	0
0	0
0	0
0	0
0	0
5	0
29	38
0	23
0	39
20	0
0	0
0	0
0	80
17	80
1	0
19	3
12	3
0	0
1	14
1	14
0	1
0	0
3	1
0	1
129	0
0	0
0	0
79	0
116	367
5	367
79	0
199	368
3	368
0	0
383	0
280	0
59	0
105	0
148	0
1	0
442	0
0	1
0	0
0	0
0	0
0	0
244	0
0	1
0	1
2	0
31	0
3	0
10	3
0	3
2	0
0	0
1	0
0	0
0	0
2	0
13	3
0	3
7	1
0	0
0	0
0	0
0	9
0	9
1	1
0	0
0	0
532	0
0	0
0	0
0	0
0	0
0	0
2	11
159	11
50	71
0	71
0	0
321	0
51	163
0	163
38	52
13	52
323	0
0	0
0	0
0	0
412	0
19	122
9	122
7	5
89	5
64	13
8	13
0	0
9	230
1	232
2	1
1	0
318	0
92	301
0	301
243	320
0	320
0	0
2	84
181	0
72	265
0	265
203	0
0	0
0	0
0	0
67	0
0	0
0	0
20	0
0	622
119	622
14	8
0	8
20	2
0	3
0	2
0	2
0	0
5	8
0	1
3	0
0	0
0	0
0	2
414	432
0	0
0	0
0	0
1	0
0	1
0	0
1	4
0	5
0	4
3	37
0	0
0	1
14	0
0	0
1	2
0	1
0	2
0	1
0	0
0	0
1228	0
1	0
341	180
0	180
2	0
2229	0
436	0
7	0
0	1
0	1
0	0
0	3
27	3
497	0
467	0
4	0
1	0
153	447
0	447
6254	1
3	0
99	0
0	1
0	1
710	0
304	0
435	0
273	0
421	0
282	0
3	0
0	140
0	139
0	0
0	0
2	1
0	37
52	0
759	0
7	0
10	0
13	0
0	0
0	0
0	0
0	0
0	0
0	0
0	0
0	0
221	342
0	342
0	0
372	819
0	819
12	0
12	0
434	0
1297	0
24	0
0	0
0	0
0	0
15	0
1018	0
10	0
0	4
0	3
0	4
533	558
1	558
3	4
0	4
258	0
0	1
0	1
731	5
0	0
4	0
0	0
0	0
0	0
0	0
675	0
0	17
0	17
63	91
10	91
0	0
39	3
0	3
363	948
0	0
0	0
167	0
0	0
255	0
2280	1
267	0
78	0
22	0
4	8
0	8
0	0
0	0
1	0
0	0
144	0
91	0
120	0
244	107
0	107
539	0
0	0
262	0
1	0
104	4862
77	4862
0	0
1	0
297	0
196	542
2	542
3452	0
138	92
0	95
0	0
2285	0
2033	0
39	0
0	0
0	0
354	0
0	0
410	0
11	23
0	23
32	0
0	0
0	0
1	2
0	0
0	0
0	1
0	1
0	0
0	0
0	0
0	0
1	64
0	61
0	1
0	1054
27	55
0	53
2	4107
0	9
0	235
14	0
0	0
0	0
0	0
0	0
0	0
0	0
0	0
0	0
0	0
1	0
95	1752
1	1752
3	0
81	0
0	0
2498	0
0	0
2	0
50	238
0	238
0	0
0	0
742	0
0	3
165	0
1	0
3	0
821	0
6	0
561	0
0	0
0	0
7	9
0	22
1	22
120	1
141	170
0	170
3	0
0	449
0	449
133	6
7	6
3201	11
3	0
96	0
1	0
4193	0
112	0
309	0
0	1
0	1
38	0
0	0
0	0
0	1
0	0
0	0
0	0
0	0
0	0
0	0
0	1
0	0
0	0
1	1
0	0
0	0
0	0
1	0
2885	184
0	0
0	0
1	1
1	1
232	0
80	43
0	43
1	0
0	0
227	0
1	0
146	0
2151	0
530	0
176	0
2272	0
374	0
1	129
0	142
0	67
3438	0
5113	0
0	3
7	3
1283	0
0	0
1	0
24	151
0	152
1	154
16	0
121	0
210	0
26	0
75	0
10	0
36	0
423	0
111	429
236	429
518	0
64	0
3	2
2	3
45	0
1	0
97	0
47	0
7	0
84	157
0	157
226	452
2	452
13	173
1	173
46	0
0	0
0	0
2	0
27	176
0	179
0	177
1	0
0	504
42	505
0	0
0	0
0	0
0	0
99	0
48	0
0	0
0	0
0	0
0	1
0	97
15	97
1	5
0	5
0	0
1534	0
428	0
3	0
138	0
1083	0
25	0
1293	0
919	0
0	0
66	0
17	0
83	0
131	2
384	0
482	0
0	0
15	0
0	0
68	0
15	0
1035	0
3466	0
37	0
3	0
0	1
0	1
2	22
0	0
3	0
1	0
0	0
0	0
0	0
1	0
41	0
2	0
0	3
0	3
50	0
1	0
17	1
1501	23
55	0
49	0
73	1
94	0
31	0
42	0
750	0
1	0
435	0
6	18
0	0
154	1000
0	1000
0	2
1	2
0	0
1	1
0	1
91	0
89	0
52	0
0	0
0	0
0	0
10	0
0	0
48	0
2925	0
0	0
0	0
0	0
0	0
0	0
0	0
0	0
0	0
189	0
0	0
0	0
162	0
2	0
0	0
92	0
257	0
277	0
892	0
113	0
0	25
4	25
0	0
0	0
311	0
679	0
146	0
41	21
14	21
0	0
0	0
13	0
0	0
0	0
0	0
0	0
17	0
2	263
0	263
0	0
0	0
1	0
1	0
0	0
0	0
0	0
1	2
0	0
0	0
1	4
0	4
1	2
64	4
1	18
0	18
0	0
17	0
4	1
3463	0
35	0
262	0
0	0
577	0
92	0
0	9
0	0
7	0
2	0
2	0
0	0
0	1
0	0
0	1
2	1
3	1
0	0
3	1
0	2
1	2
0	1
8	1
0	0
2	158
3	158
167	0
293	0
522	0
1	0
0	0
182	0
25	0
8	0
0	0
43	0
162	0
0	0
14	0
7	0
1	0
305	0
1	0
5	0
2	0
2	1
8	90
1	90
0	0
103	0
273	266
0	266
0	0
0	0
161	0
2186	0
47	0
1	0
45	0
0	0
0	0
9	5
0	5
241	259
0	259
313	0
1	0
498	74
0	1
0	1054
0	15
0	40
0	4107
0	9
0	235
1	0
0	1
0	1
0	1
0	0
0	0
0	0
0	0
0	0
0	0
0	0
0	2
0	0
2	2
708	0
0	0
239	0
262	133
0	0
0	0
0	0
3	2
0	2
1	0
0	0
0	0
105	0
101	0
1030	355
188	0
10	0
596	0
3	0
244	0
16	11
1	11
396	0
5	23
29	23
221	0
111	0
315	0
0	2
0	2
173	0
0	0
317	0
386	0
0	0
32	0
5	0
1	1
0	1
0	0
0	0
0	0
0	0
1	0
3	10
0	10
538	0
2202	0
0	0
0	0
0	0
0	0
0	0
0	0
0	0
0	0
0	0
0	0
0	0
0	0
0	0
0	59
0	59
1	0
5	0
4	0
0	0
368	62
1326	3015
1	3013
40	0
623	0
6	290
5	290
117	0
2	0
0	0
9	0
285	61
1	0
161	135
0	133
0	0
33	0
0	19
0	19
206	0
0	0
0	1
1	0
0	0
34	94
0	94
0	0
0	0
3	0
8	12
0	0
795	12
0	0
1	0
347	0
1	0
0	0
13	0
9	2
0	2
0	0
0	0
1	0
216	0
0	0
4	3
499	0
534	0
280	0
319	0
8	0
0	0
45	324
0	324
0	1
0	1
0	8
0	8
777	0
66	0
404	0
68	150
10	150
7	2
0	0
0	0
17	198
0	198
8	151
0	0
1	0
0	0
229	614
9	614
42	0
8	0
0	0
363	0
621	0
134	458
0	458
1	0
44	0
3	0
715	0
1160	0
12797	0
43	0
340	0
112	0
1187	0
315	0
1940	0
420	1
25	43
2	43
15	51
0	51
57	316
0	316
0	0
46	92
0	92
0	0
0	0
102	0
368	0
1414	0
229	0
0	0
0	0
0	2
1080	7
0	5
0	0
0	38
75	38
355	0
52	0
149	0
0	0
0	8
0	13
0	13
298	0
41	0
1	0
0	0
989	0
497	0
142	80
4	80
2428	0
0	48
0	0
315	0
420	674
1	674
1612	0
0	0
58	0
11096	17797
0	0
0	0
0	0
738	0
68	0
30	0
0	0
33777	17796
645	0
0	0
0	0
66	0
0	0
0	0
465	0
22	0
218	0
0	0
0	0
0	0
106	470
0	470
5	0
0	0
295	0
0	0
0	19
0	0
0	0
59	0
4	0
0	0
476	0
0	0
28	55
20	55
19	38
0	38
672	0
48	0
250	329
0	329
3	0
124	0
70	0
123	0
300	2
437	0
0	0
9	2
209	0
0	0
0	0
0	0
34	230
4	230
0	18
0	0
5	1
0	11
0	0
0	0
36	11
0	0
546	0
4868	10564
2	10564
4	969
2	969
151	0
0	0
0	0
0	0
82	0
7	0
0	0
3	0
145	0
0	0
0	2
0	2
12	2
0	2
2	0
7	0
10	0
75	0
10	0
194	0
90	0
140	0
366	1052
1	1052
334	0
0	0
0	0
0	0
1385	0
516	0
0	0
115	0
0	110
29	110
0	0
0	0
0	0
0	0
21	1
86	0
0	0
0	0
402	0
391	0
0	0
0	0
0	0
0	0
110	1
1	0
0	0
0	0
1	1
0	29
0	29
12	77
0	77
380	0
965	0
20	20
0	20
415	0
1	0
0	0
0	0
0	0
2	0
463	0
0	0
0	0
0	0
0	0
402	0
244	0
134	0
0	1
11	0
5	0
651	845
0	845
2	0
0	0
0	0
8	0
8	41
0	41
66	1
4167	0
63	0
0	40
0	40
503	0
62	3
0	3
0	0
0	5
1	5
22	0
278	0
1	0
2	11
0	11
80	0
152	0
2	0
154	0
0	0
43	0
182	0
920	0
18	0
3	0
0	0
0	0
429	0
659	0
789	0
0	0
0	0
0	0
0	0
0	0
0	0
0	0
64	0
0	0
416	0
0	0
1592	1801
1	1801
36	0
868	0
1	0
1	0
0	0
0	0
0	2
0	0
100	300
77	281
2	0
150	109
2	4
0	0
581	0
0	0
166	0
2	1
268	0
0	0
97	0
2	0
991	0
1	0
892	0
0	0
86	399
1	399
614	0
0	0
0	5
1	5
817	0
4268	0
188	0
0	0
345	0
147	0
0	0
9608	0
0	0
147	0
0	0
519	0
113	0
1106	0
1	28
0	28
7	0
449	0
967	0
21	0
181	0
0	0
0	0
307	0
140	0
108	0
11298	0
4387	1734
43612	1734
0	0
1	1
2	78
0	78
1505	0
1	0
620	0
1177	0
3	0
15	0
155	0
0	0
14	0
225	0
1	0
1590	0
302	0
10	0
2	1
0	0
0	0
0	0
0	0
0	0
2	4
2	6
0	0
0	0
117	109
0	116
0	3
0	0
0	0
174	0
124	310
1	310
0	0
511	0
0	0
1	43
1	43
266	0
2256	0
467	0
202	0
260	0
0	0
242	0
0	0
2	0
201	0
0	0
0	0
0	0
2280	0
1036	0
93	0
1	0
0	0
0	0
0	0
2	0
0	0
0	0
1	0
0	0
0	0
0	0
0	0
1	0
0	0
567	0
512	0
0	0
0	406
477	406
0	0
0	0
182	0
0	0
31	0
4	0
2	0
3	89
7	89
945	0
17	0
98	0
408	3094
0	3177
0	3000
156	0
6	0
1073	0
614	0
1418	0
26	0
0	0
0	0
0	0
182	0
8	1
0	0
0	0
4	0
0	1010
4	564
1	0
2182	1545
140	394
0	89
0	2
0	2
5	1
251	1240
6	284
1	246
38	459
0	0
485	468
0	0
0	0
0	0
858	0
191	0
1	0
1074	0
403	0
32	0
0	26
1	38
351	0
495	0
2	0
4	28
1	28
888	0
302	0
0	0
0	0
0	0
0	2
0	2
0	0
0	0
0	0
0	0
0	0
0	0
0	0
0	0
0	0
0	0
0	0
140	0
0	0
267	0
118	0
48	0
2	0
5096	1
0	0
9	0
0	0
402	1
213	22
0	0
0	0
0	0
0	0
15	0
0	0
1	0
1363	0
78	0
81	328
1	328
9	0
0	0
10	334
0	334
245	0
2	0
86	0
81	0
0	0
149	0
75	0
119	114
6	114
6	0
2	0
334	0
1193	0
473	0
144	0
110	0
1	0
112	0
390	0
840	0
0	0
1	2
0	1
0	0
0	0
331	0
0	0
0	0
0	0
0	0
503	0
3400	0
896	0
1	19
2	0
41	3
0	3
189	0
311	0
254	0
8	0
0	0
0	0
199	0
215	0
0	0
154	0
1502	0
727	0
0	0
0	0
0	0
0	0
0	0
630	0
0	0
0	0
0	367
81	367
465	0
1	0
987	0
141	0
7	0
1	0
4	0
0	0
0	0
13	0
48	63
0	63
133	0
5	152
12	152
1	5
0	0
0	0
0	0
67	123
0	123
9	0
0	0
0	0
0	0
245	0
381	0
990	0
0	0
0	16
1	16
1	0
77	0
2	0
2	0
0	0
0	0
41	0
1	0
146	0
3	0
0	0
42	0
0	0
55	212
7	212
784	0
61	0
155	0
170	0
63	0
0	0
0	0
0	0
20	85
0	85
0	0
6	0
0	0
0	0
205	0
432	0
0	0
5114	0
439	0
89	0
1220	0
0	0
32	0
1	0
688	0
45	0
1	7
0	7
27	382
0	382
0	0
2415	0
14	538
1	538
1	1
0	1
0	0
0	0
6	0
26	138
0	138
168	12
1	0
724	0
142	0
3	0
0	0
0	0
0	0
61	0
295	0
0	0
0	0
191	0
89	0
50	0
3065	0
95	381
0	381
2602	0
10	0
3	0
17	0
1	0
204	0
1	0
2	0
460	0
211	0
3	62
1	62
651	0
0	0
308	64
55	105
0	105
0	0
0	0
0	0
1	0
0	0
351	0
78	0
8	0
0	0
0	0
0	0
176	0
2467	0
207	0
214	57
0	57
0	0
0	0
966	0
7	0
156	0
0	3
1272	0
1871	0
136	0
0	0
828	1968
0	1968
0	2
0	2
162	0
1	0
26	22
0	22
0	1
0	1
0	0
0	0
0	0
52	220
3	220
4	0
3	0
0	0
0	0
0	0
0	3
11	25
0	25
0	0
394	366
0	366
0	7
3	7
1	3
7	2
0	1
1	0
0	0
4	0
0	0
3	1
22	13
1	0
1	0
1	1
92	0
89	0
387	0
794	0
2	0
168	0
0	0
0	0
0	3
0	3
182	0
2	0
8	1
0	1
307	0
0	0
0	0
0	0
607	0
734	0
0	0
0	0
0	0
0	0
0	0
0	0
0	0
0	0
1	0
3	0
274	0
10	0
374	0
0	0
1	1
0	1
0	0
209	0
118	0
0	137
0	0
0	2
0	3
0	0
5	199
0	158
0	0
0	36
0	0
0	0
23	0
0	0
0	0
7	0
106	0
645	0
0	0
242	0
14222	0
25	59
0	59
79	0
120	579
0	579
0	0
22	0
151	0
788	0
0	0
0	0
0	0
0	0
0	0
14	0
4	0
52	0
2	0
62	0
14	0
577	0
43	0
39	0
0	83
48	83
9	0
29	48
0	48
1394	0
368	0
4	0
12	0
0	0
1	8
0	8
132	0
425	0
2812	0
0	0
0	0
409	0
11	0
322	61
15	66
0	0
0	0
0	0
0	0
0	0
4	7
0	0
2	0
47	54
0	4
0	0
1	0
0	0
0	0
0	0
426	0
0	0
85	0
187	0
0	0
0	58
0	58
6	0
13	98
2	98
8	0
0	0
2559	0
0	0
193	90
0	90
280	1085
1	1085
585	868
0	868
0	0
0	0
0	0
177	311
0	311
4221	0
374	0
0	0
1755	0
2	3
1	0
786	3
1	0
0	0
1	1
0	0
0	0
0	0
214	24
7613	0
9	0
996	0
214	0
260	0
0	0
219	0
0	0
0	41
1	41
160	0
1	0
74	0
176	0
0	0
60	551
20	551
0	0
0	0
0	5
237	235
21	235
5	5
0	5
97	0
146	0
1704	3354
0	3354
0	0
0	0
0	0
0	198
3	198
0	0
1	0
0	0
0	0
0	1
0	1
1	1
0	0
0	0
0	0
0	0
0	0
0	0
0	0
0	0
0	0
0	0
0	0
0	1
0	0
0	0
4	1
0	0
1	0
0	0
0	0
0	0
0	0
0	0
0	26
0	0
0	0
0	0
0	0
0	0
0	0
0	0
0	0
0	0
1	15
0	9
0	0
0	1
0	2
3	9
15	19
0	0
5	33
9	0
15	0
3	0
15	4
0	9
0	1
0	0
0	2
0	0
0	0
0	25
1	1
0	0
0	0
0	4
0	0
0	0
1	0
1	0
1	1
1	3
10	0
0	47
11	47
56	68
0	0
0	4
0	4
0	4
0	0
0	0
0	0
0	0
0	0
0	0
0	0
0	0
0	0
0	0
0	0
0	1
37	72
0	0
0	7
0	0
0	1
384	571
0	571
0	3
0	0
0	0
136	0
7	0
58	0
0	0
457	0
1004	3
314	0
2	0
3	12
0	0
488	0
0	0
0	0
0	0
5	0
0	0
0	0
0	0
4	84
3	84
0	0
0	0
0	0
0	0
0	0
0	0
0	0
3	2
0	0
9	0
0	0
0	0
0	0
0	0
1224	0
0	1
0	0
0	0
0	4
0	4
0	0
0	0
251	0
4	0
21	0
0	0
0	0
0	1
0	0
0	0
0	0
0	0
0	0
0	0
0	0
1	1
0	0
0	0
0	0
0	0
0	1
0	0
162	0
0	0
0	0
0	0
0	0
0	0
0	0
22	0
17	0
169	0
559	0
0	0
0	0
0	0
184	2
0	0
1	0
0	0
0	0
0	0
0	0
2013	0
28	0
608	0
0	2
1	2
0	0
0	0
0	0
0	1
0	0
0	0
0	0
0	0
82	830
24	830
2	0
153	0
0	0
367	0
0	0
0	0
0	0
2	0
0	0
0	0
0	0
2	1
0	1
6	0
764	0
2	0
4	0
1	0
0	0
0	0
0	0
1	0
0	0
0	0
0	0
24	28
0	28
25	0
0	0
932	184
1	184
0	0
0	0
0	0
4	0
355	0
0	0
503	0
0	0
0	1
289	0
0	0
248	0
63	0
499	0
0	0
0	0
95	0
3336	25
5	0
0	0
26	0
0	0
15	0
5	0
3	0
0	0
0	0
0	0
398	0
1	0
682	0
0	0
1741	0
0	2
0	2
818	0
0	0
0	1
1072	0
0	0
69	0
0	0
0	0
0	0
0	0
0	0
0	0
0	0
0	0
0	0
0	0
408	20
7	20
8	64
0	65
5	12
4	62
0	60
6	5
0	1
492	0
0	0
0	0
254	0
0	0
0	0
0	0
14	61
0	7
0	61
0	0
0	1
0	0
198	0
0	0
0	0
0	0
1	0
0	0
2	0
133	21
2	21
0	0
0	0
86	291
0	291
389	0
7	1
0	0
0	0
0	0
0	0
659	0
0	0
7	0
5	20
0	20
862	0
1	0
0	0
0	0
3	0
1	2
0	2
338	0
6	0
176	0
1	8
17	0
266	0
0	1
0	1
0	0
369	0
0	0
0	0
100	0
1	0
0	0
1	0
0	0
130	0
261	0
175	0
2	0
0	0
216	0
607	0
4	1
0	1
0	0
0	0
93	0
0	0
0	0
1342	0
0	0
659	3
0	0
90	117
1	0
0	117
0	0
153	16
0	16
0	0
2	0
0	0
0	0
38	0
3	0
2859	4285
79	4285
845	0
0	0
216	0
0	1
0	0
0	0
0	0
0	0
0	0
0	0
0	0
0	0
0	0
7	0
8306	0
0	1
0	0
1344	0
12	2
120	91
0	0
0	0
0	0
0	0
60	239
0	239
0	0
113	0
86	0
0	0
0	1
7	0
54	91
0	11
0	12
0	0
0	0
0	0
0	0
0	0
0	0
0	0
0	0
59	53
0	54
0	0
0	0
1	0
34	0
2220	3
0	0
0	18
0	18
12	3
0	1
0	0
0	0
1	8
0	0
0	0
0	0
0	0
222	0
0	0
0	0
452	0
570	0
9	19
32	299
23	299
6	0
1113	0
504	0
1	0
11	0
0	3
0	0
0	0
0	0
108	0
1	0
64	0
1	0
1	2
0	0
0	0
3938	0
0	0
1	0
0	0
1	0
0	0
0	0
0	0
2	0
0	0
26	101
0	101
0	0
0	0
0	0
0	0
0	0
0	0
45	0
101	0
0	0
1	0
0	0
0	0
29	0
404	0
0	2
0	2
0	0
0	0
0	0
0	0
0	1
0	0
0	5
586	0
15	0
269	0
332	0
521	0
0	0
1	0
0	0
0	0
1	0
0	0
0	4
0	0
8	0
251	1
0	0
1	1
0	0
112	147
0	147
95	15
8	17
0	0
0	0
0	0
0	0
0	0
7	125
0	125
0	78
4	78
1	10
18	0
17	0
0	0
1	0
6	0
0	3
1	3
468	1
325	0
0	0
0	497
665	597
0	0
1	0
0	0
0	0
0	0
0	0
80	1060
0	6
0	0
0	7
3	0
7	0
0	0
0	0
0	0
0	0
0	0
0	0
0	524
46	945
0	7
13	7
2	0
0	0
2	3
0	0
0	0
0	0
0	1000
25	936
0	5
7	12
0	0
0	0
0	0
0	3
0	0
0	0
2	896
0	4
0	3
5	2
4	0
0	0
0	0
3	161
0	0
8	238
0	0
0	0
0	0
0	0
0	0
0	0
0	0
0	564
1	0
0	0
12	567
0	3
0	2
0	6
13	594
0	3
0	3
22	252
0	253
0	114
0	0
0	0
0	0
0	0
0	7
0	0
18	371
0	9
0	0
0	1
0	1
0	1
0	0
0	0
2	0
6	1
0	0
0	0
111	0
0	0
60	0
0	0
48	0
2	0
103	0
0	0
1535	0
764	0
0	4
11	4
0	0
2	0
59	1
0	0
0	18
0	18
792	0
103	0
170	0
1	0
0	0
0	0
0	0
0	0
0	0
0	0
3	0
4	0
118	0
0	0
0	0
70	0
5	324
57	324
281	0
898	0
1	0
0	0
5	0
0	0
2	0
0	0
8	0
1121	0
193	0
1	0
3	0
126	0
1	0
0	0
0	0
0	0
12	0
0	0
318	0
0	0
0	0
0	0
77	0
134	0
0	0
0	0
0	0
114	0
134	0
463	0
599	0
47	0
31	0
2	2
0	2
0	0
0	0
0	0
0	0
0	0
0	0
0	0
0	0
0	0
0	0
803	0
532	1
23	0
3	1
1	2
1	1
0	0
127	0
17	273
3	273
1	0
38	0
277	0
706	0
3	0
296	0
48	0
335	0
140	0
8	5
0	1
283	0
12	0
28	0
0	0
66	112
0	112
0	2
0	68
0	0
0	2
0	0
10	13
0	13
959	0
0	0
3	0
12	0
17	0
1	0
1	1
43	0
36	0
0	0
0	0
64	76
0	76
0	0
0	0
0	0
0	0
661	0
169	0
0	0
0	0
0	0
0	0
0	0
0	0
4362	0
0	0
193	0
0	0
4	0
5	0
2	0
120	0
0	0
0	0
0	0
0	61
9	61
0	0
3	0
0	0
380	0
97	0
0	0
0	0
165	0
0	0
0	0
4781	0
0	0
155	0
0	0
0	0
2995	0
0	0
0	0
0	0
2	0
4	0
0	0
1165	0
24	1196
78	1196
1	0
0	0
384	0
43	131
6	0
0	0
0	0
64	0
46	9
1	12
0	12
728	0
57	0
0	0
228	0
2	15
0	15
1	0
64	0
0	0
131	0
22	0
0	1
214	777
0	777
0	0
0	0
0	0
91	75
359	0
104	26
0	42
0	0
0	0
0	0
0	0
0	0
1	1
43	0
892	0
0	0
2	0
15423	0
168	0
1049	0
17	0
363	0
1	0
1284	0
107	0
4	0
518	671
0	671
88	0
4	0
156	5
0	0
0	5
0	5
34	0
205	0
2	0
0	0
0	0
112	0
652	0
0	0
0	0
0	0
2	0
1	0
1	0
912	12
0	0
1	0
0	8
1	8
0	0
0	8
0	8
0	0
0	0
4	0
0	0
3	0
1	96
1	96
1	96
0	0
491	0
1808	0
7	125
0	58
0	39
0	28
0	28
184	0
0	0
1	10
0	13
285	0
0	0
7	28
13	28
4	0
0	0
0	0
0	0
3	12
1	12
1	8
36	8
0	0
3141	197
108	0
0	5
607	0
351	701
1	701
0	0
0	0
0	0
0	0
351	9
35	76
0	76
0	0
0	0
0	0
0	0
1	0
6	0
26	0
2723	0
996	2457
0	2300
0	2308
934	0
424	0
0	0
0	0
151	0
470	0
531	0
0	0
0	0
93	144
18	144
160	0
25	0
57	0
0	0
2640	0
5	0
0	0
117	0
0	3
1	0
0	0
0	0
287	0
17	0
0	0
130	0
13	0
0	4
3	4
0	4
11	10
18	8
148	1
0	0
213	8
147	0
261	0
69	0
0	0
0	0
104	0
77	199
0	199
0	4
0	1
1	0
0	1
0	1
3648	0
12	42
4	42
0	0
0	0
0	0
0	0
0	0
0	0
75	87
0	87
0	0
21	0
51	127
4	127
0	0
0	0
0	0
0	5
0	1
0	1
0	1
3	0
9	0
1	0
0	0
0	0
0	0
2	2
1	2
0	0
187	0
0	0
0	0
0	0
22	0
0	0
0	0
0	0
6	0
415	0
3	0
2282	0
1665	584
1	584
6	0
0	0
0	0
0	0
367	0
54	0
9	0
368	0
0	0
0	0
126	0
0	8
4	8
0	0
0	0
0	1
0	0
26	0
599	0
465	0
0	0
0	0
558	0
0	0
7	4
0	4
38	0
0	0
0	0
197	0
81	69
2456	69
1212	0
0	2
1067	0
291	0
236	0
53	25
2	25
1028	0
0	0
0	0
1	0
0	0
0	0
4	0
0	0
297	0
0	0
39	183
0	0
0	0
1089	0
1814	0
363	0
0	0
181	544
0	544
116	0
40	0
1	0
9	0
0	0
0	0
0	0
0	0
21	0
0	0
7	0
0	0
0	0
0	0
0	0
0	0
0	0
57	0
59	0
0	0
0	0
0	0
0	0
0	0
0	0
0	0
11	1725
58	1725
158	0
0	0
1164	0
0	10
0	0
1	0
137	0
20	23
0	23
632	0
8	0
527	0
0	0
0	0
0	0
207	0
0	0
0	0
0	0
186	755
0	755
120	0
1	0
0	0
0	0
0	0
1	0
0	0
0	0
33	42
0	42
0	0
188	148
0	150
192	0
158	0
0	0
16	0
2006	0
74	0
122	646
0	646
49	0
115	685
2	682
0	1
1	0
0	0
0	0
0	0
1	0
47	0
0	1
1	1
12	0
1200	0
0	0
0	0
0	0
475	0
0	0
0	0
0	0
29	0
0	0
203	0
52	0
62	0
0	0
0	1
0	0
334	0
0	0
0	0
0	0
0	2
0	1
8	0
0	0
169	187
0	187
10	15
0	15
0	0
0	0
1	0
0	0
0	0
4360	0
1368	0
165	0
169	0
18	33
4	2
25	16
0	451
0	82
66	43195
0	3962
0	1
0	1
0	2
0	2
581	43
2	43
0	0
0	0
0	0
0	0
6	0
1	0
0	0
0	0
0	0
0	0
0	0
1	0
101	3
0	0
0	3
17	0
12	241
0	241
40	48
0	48
2	155
2	155
311	0
5	1
0	1
2	0
36	0
1	0
0	0
0	0
3	0
0	0
0	0
0	0
0	0
0	0
0	0
0	0
0	0
1685	0
2458	0
44	0
331	0
228	0
0	0
1	0
96	0
559	0
0	0
608	0
6	162
0	162
3647	0
0	0
5	0
0	0
0	0
0	0
0	0
0	0
0	0
0	0
3	0
0	0
0	8
0	0
0	8
1	0
1	0
60	28
0	8
0	0
3	20
1	26
0	7
0	0
0	0
0	0
0	10
0	1
185	0
430	0
156	0
237	0
36	0
245	0
1884	0
1	0
400	0
275	0
607	737
0	737
229	0
316	0
10	0
262	0
0	0
0	0
237	0
87	170
1	152
6	170
11	0
1	0
0	0
2	0
0	28
10	0
0	0
0	1
0	0
0	1
3	4
1	0
6	0
0	0
3337	0
169	0
24	0
0	0
0	0
0	0
247	0
0	0
1876	0
854	0
4	0
5	0
244	0
5	0
7	0
116	9
18	9
1	0
0	0
0	0
0	0
0	0
1	0
0	0
0	0
30	0
719	0
0	0
71	0
0	0
1	0
0	0
11	0
177	0
0	0
0	43
28	43
0	0
25	0
1166	23
0	0
176	0
0	9
0	9
0	0
13	0
0	1
0	1
0	0
4	2
0	2
5	1
0	0
7	8
0	7
0	5
0	5
0	2
0	0
0	15
0	15
0	0
0	0
0	16
2	16
2	8
0	7
0	7
3	6
0	0
1	2
0	3
0	8
0	1
0	0
0	10
0	10
0	9
0	1
0	1
0	1
0	3
1	8
0	2
1	8
0	7
0	2
2	4
0	0
622	0
14	93
0	93
87	0
173	0
0	0
0	0
533	21
228	0
0	50
0	9
2	24
3916	57
0	0
9	321
0	321
412	668
73	668
8	1
29	293
2	293
143	398
0	398
145	0
0	0
7	0
112	0
84	0
8	0
11	0
0	1
0	1
229	0
88	211
0	211
0	0
1758	0
3	0
0	0
1	0
14	0
16	8
17	8
249	0
25	0
2	0
379	0
1957	0
1094	0
128	0
0	2
0	2
115	0
2213	0
419	0
878	0
1	0
396	0
0	0
0	0
0	5
0	0
0	0
97	0
91	0
329	0
0	0
13	280
16	280
2	0
402	0
129	0
0	1
1	0
0	0
0	0
0	0
0	0
1	0
3	0
170	0
0	0
0	0
0	0
0	0
6	0
1	231
1	231
0	0
96	157
1	157
0	0
0	0
0	0
6	0
3	98
95	98
0	67
0	29
7	0
189	0
222	0
907	0
0	0
0	0
0	43
0	43
118	0
81	0
0	0
243	477
0	477
16	0
18	0
92	24
35	70
72	49
743	0
20	424
0	424
14	0
139	0
1	0
0	0
0	0
27	0
4	0
50	0
98	276
0	276
1896	0
0	0
391	0
123	240
1	240
0	0
0	0
39	0
1	0
413	0
219	0
0	221
34	221
92	160
17	160
0	0
5382	0
1001	0
1	6
0	3
0	6
494	0
0	0
0	0
641	0
0	0
25	0
7	309
1	309
86	0
6	0
493	0
0	206
2	206
1	8
1222	11101
78	11101
83	0
951	0
520	0
120	0
840	0
497	4
0	0
12	0
943	0
28	0
5	0
385	0
941	0
5	0
0	0
200	0
155	0
95	0
216	0
301	0
413	0
0	0
85	0
35	0
0	0
2	0
0	0
7	1
0	1
0	0
416	0
242	0
120	0
122	238
1	226
593	0
81	0
0	0
28	0
0	0
0	0
100	399
0	399
1	0
63	455
12	455
1	0
18	0
8	459
14	459
59	0
1	0
0	0
0	0
188	0
0	0
0	0
18	0
31	0
0	0
45	0
320	0
0	2
1	3
0	1
0	0
8	0
11	0
6	6
0	6
518	0
33	47
0	47
0	0
198	0
294	0
83	198
1	198
847	0
1	23
0	0
32	0
3	0
0	0
73	0
34	39
0	39
293	0
0	3
2	3
0	0
0	1
0	1
22	0
1	0
0	0
0	0
15	151
0	151
1500	0
0	0
7	0
28	2
13	0
8	0
137	0
1387	0
2219	0
0	0
7	1
0	1
1103	25
6	0
0	2
0	2
228	0
0	0
0	1
0	1
796	0
1	0
202	0
0	0
0	0
664	0
161	0
0	0
38	0
733	0
1	0
4	142
0	142
152	0
70	0
333	0
116	0
349	0
1	0
0	0
0	0
48	0
8	61
0	61
0	0
71	0
6	3
29	3
25	0
89	1
55	28
1	28
29	1
0	0
180	0
16	112
0	112
0	0
0	0
348	0
516	0
160	0
33	0
169	0
37	0
1	0
22	0
0	0
0	0
11	0
4	0
0	0
0	63
0	0
0	13
0	4
13	3
0	41
2	25
0	265
0	27
4391	305
0	10
0	1
12	51
11	51
1	0
0	0
2	0
0	0
0	0
232	0
0	0
777	0
2276	566
4	566
214	0
988	0
0	1
0	1
0	0
1838	1203
21	0
499	1203
277	13
101	0
637	0
1049	0
0	0
250	0
1	0
212	0
5	0
245	0
136	0
1	0
361	0
32	66
1	66
0	0
337	0
938	0
0	0
472	1044
1	1054
0	0
20	47
3	47
89	0
0	136
78	136
491	0
2309	0
6	0
104	0
344	0
51	0
0	0
625	28
277	28
423	0
32	567
139	567
42	379
0	379
1	0
0	0
96	0
0	0
0	0
0	0
0	8
1	8
0	0
0	0
0	0
316	0
580	0
183	186
1	186
148	0
230	0
0	0
320	455
303	455
291	0
0	1
0	1
250	0
175	0
0	0
0	115
49	124
25	0
1	13
0	0
0	0
0	2
0	2
516	0
13	0
290	0
962	0
13	0
110	0
533	0
0	0
0	5
0	5
105	0
444	0
0	0
321	0
249	0
443	0
20	745
0	745
247	0
0	0
0	0
0	0
2721	0
0	0
0	0
44	0
2461	0
0	0
0	0
0	0
436	0
10	0
0	0
0	0
0	0
0	0
493	0
0	61
0	61
4995	0
562	0
266	0
17	0
1027	0
16	26
0	26
199	0
0	0
1	4
1	0
0	0
51	373
2	373
261	0
75	0
1	0
29	65
15	65
194	0
54	0
0	0
0	0
45	0
0	0
16	47
0	47
0	0
0	0
0	0
0	0
0	511
0	511
0	0
11	0
0	0
10	0
0	0
31	0
1191	0
0	0
0	0
0	0
239	0
0	0
3	0
3	0
17	0
90	0
4	0
40	465
0	465
59	221
0	221
213	0
62	0
606	0
0	0
700	0
251	0
0	0
0	0
0	0
47	0
1400	0
0	7
1	3
0	3
120	0
28	0
7	0
120	0
880	0
537	0
503	0
2	3
0	3
144	0
0	0
0	0
0	0
0	0
776	0
111	0
316	0
213	0
36	0
308	545
0	545
297	0
0	0
45	565
26	565
1	0
175	0
75	0
268	0
3	0
0	0
0	0
0	0
6	4
126	4
1028	1
297	0
1	0
0	2
0	2
0	0
0	0
177	461
0	461
0	0
0	0
0	1
752	0
30	0
0	4
102	0
0	1
1	0
863	0
887	0
0	0
602	244
585	244
16	0
0	0
0	0
2	0
48	0
0	0
225	1
52	215
0	215
46	358
0	358
4	0
0	0
0	0
103	0
29	0
0	0
809	0
10	0
205	0
254	0
845	0
270	0
80	0
90	0
2	1
0	0
2	4
2	0
66	0
1	1
0	1
0	1
25	4
0	0
0	0
0	0
3	0
1	0
423	0
189	188
30	188
2	0
1	2
0	0
0	0
50	0
986	2037
1	2037
538	148
308	0
0	1
9	1
3	0
265	0
176	0
96	0
1	0
526	0
0	401
162	389
0	400
230	0
0	59
0	59
98	0
0	0
0	4
0	54
0	36
0	0
2548	0
2403	0
0	0
0	0
0	0
1	0
571	0
554	0
84	0
6358	0
803	2484
0	2484
0	0
0	0
0	0
0	0
3381	0
20	0
535	0
140	0
154	0
420	0
0	0
0	0
0	0
0	0
0	0
0	1
0	0
0	0
611	0
0	0
0	0
1	1
38	0
1	0
21	0
390	0
17	64
5	64
0	0
856	0
7	320
12	320
126	0
419	115
160	115
1495	0
10	0
92	176
0	176
237	0
11	0
96	0
0	3
5	3
29	0
444	0
17	0
0	0
0	0
0	0
134	0
0	7
0	7
314	0
102	0
17	4
6	20
0	0
1925	0
776	0
297	0
1	0
179	0
0	0
0	0
0	0
0	0
95	0
7	50
0	49
0	1
15	0
0	40
0	40
0	0
0	0
1	0
0	0
47	26
2	26
0	0
75	0
0	0
1	0
8	18
97	18
17	0
63	0
60	0
0	0
0	0
220	0
0	0
0	0
0	2
6	5
0	0
0	0
0	0
1	0
3658	0
0	0
130	10
0	0
16	10
0	0
0	0
0	0
0	0
3	0
0	0
0	0
0	0
0	0
0	0
0	0
0	0
0	0
0	0
0	0
0	0
0	0
0	0
0	0
0	0
0	0
0	0
0	0
0	0
0	0
1	6
0	0
0	0
0	0
0	0
150	0
129	0
0	0
28	42
2	43
0	0
0	0
0	0
0	0
0	0
516	437
0	433
55	4
1	0
0	2
0	2
5	0
69	0
0	0
0	0
530	0
155	0
0	0
1	0
3	0
261	0
0	0
0	0
7	0
229	0
123	0
6	0
0	0
0	0
1	1
0	0
0	0
0	0
82	0
2	0
7	0
1	0
1	0
0	0
0	0
0	0
1	0
164	802
8	12
0	0
0	0
0	0
0	2
3	0
0	0
665	1043
0	1043
3	0
63	0
180	0
17	0
4167	3544
3710	3544
0	0
0	2
24	0
172	0
243	0
0	0
0	0
0	0
0	0
1	0
72	483
0	654
0	81
31	84
0	0
0	0
0	0
0	0
0	0
1	0
0	0
535	0
0	0
130	95
4	95
0	0
1	0
0	0
0	0
159	0
1	0
336	0
0	0
254	0
351	0
0	0
10	235
0	235
1	235
1	0
146	0
225	0
0	1347
0	1347
1	0
880	0
0	0
119	0
243	0
147	0
0	0
0	0
0	0
646	0
411	0
20	161
9	171
0	2
2	123
0	123
0	0
0	0
0	0
0	0
0	0
0	0
0	0
0	0
0	0
0	3
116	376
1	376
1	0
0	0
587	0
980	0
128	0
24	0
13	0
0	0
119	6
234	11
0	0
19	1
23	1
25	0
4	0
5	22
37	22
5	0
26	0
40	0
31	1
0	0
5	0
0	6
74	7
333	0
69	0
0	1
1	1
0	2
6	0
475	0
0	10
0	10
0	0
0	0
0	0
6	22
0	22
0	1
167	0
1	0
2	0
999	0
0	0
16	0
36	9
0	6
0	0
3	3
0	0
0	0
0	0
0	0
0	0
0	0
0	0
1	0
0	0
470	0
388	0
228	0
84	0
8	0
0	0
3236	0
138	0
84	137
0	137
2	0
0	0
47	0
521	0
235	46
0	46
4	86
0	86
0	0
6	0
2	0
0	0
0	0
5	949
135	949
0	0
1020	0
12	0
0	7
0	7
0	2
0	2
0	1
0	0
234	0
75	0
98	0
2	0
0	0
1	0
7	73
1	73
2	0
133	0
228	0
11	0
317	0
17	0
1041	0
0	0
345	83
0	0
0	0
25	305
0	305
0	0
0	428
61	428
28	3
1	3
0	1
0	5
1	0
0	0
1	0
1	0
0	0
7	0
0	0
0	0
452	84
1	0
119	235
2	236
0	1
0	1
150	0
3320	0
14	0
144	253
2	240
0	13
161	0
2	0
0	0
0	48
0	21
2	36
3	17
1	0
0	0
0	2
438	0
380	0
1	0
0	0
1814	2
26	92
0	92
0	0
6	3
471	10
0	0
0	0
0	0
1	0
21	0
1	38
7	39
0	0
0	0
0	0
0	0
0	0
0	0
3	0
147	126
5	126
0	0
1	0
2	0
0	0
4	0
58	0
0	2
0	2
2147	0
0	0
25	53
1	53
0	53
0	0
4	1406
3	1406
273	0
4	5
0	0
0	0
0	0
76	0
0	0
817	0
0	36
0	3
27	59
3	59
0	0
0	0
1	0
0	0
0	0
0	0
969	0
1	0
0	0
2	0
0	0
1	0
0	0
1	0
5	0
4	0
0	0
0	0
0	1
0	0
1	2
0	1
0	0
0	0
0	7
0	1
0	9
2	0
0	0
0	1
0	0
0	0
0	3
0	0
0	1
0	0
0	0
0	2
0	0
0	3
3	3
0	3
0	0
0	38
0	6
87	0
0	1
533	2052
0	2052
1	0
0	0
0	0
0	2
3	3
1	1
0	0
0	1
0	0
0	0
1	0
1	0
0	0
74	225
0	38
0	0
0	0
0	0
0	0
0	0
0	18
0	0
0	0
0	0
0	0
0	2
0	0
0	1
0	0
0	0
73	0
126	0
24	0
0	0
0	48
3	0
234	0
6	0
1	0
0	0
2	0
0	0
2	110
0	0
195	0
148	0
247	0
1	0
0	0
0	319
241	319
35	271
2	271
101	0
0	0
3	0
0	0
0	0
0	0
0	0
0	0
3	0
0	0
0	0
0	0
0	0
0	0
0	0
0	0
0	0
2	8
2	0
0	0
39	0
3158	0
0	0
381	0
534	0
0	0
0	0
0	0
0	0
0	0
0	0
0	0
0	0
0	0
0	0
0	0
0	0
0	0
1	0
0	0
0	0
0	0
0	0
0	0
128	0
0	0
0	0
0	0
0	0
2	0
0	0
0	0
1	26
0	0
1	0
5	4
0	4
4	4
1	0
0	0
2	0
2	0
0	0
0	0
0	0
36	21
4	45
0	0
1525	0
0	2
0	0
82	2
0	0
169	0
17	0
58	2
0	0
0	0
0	0
0	0
0	0
0	0
0	10
0	9
0	0
0	0
0	0
0	0
0	0
2157	0
0	0
0	0
33	0
36	0
0	1
4	1
1	0
0	0
0	0
1	0
68	0
0	0
0	0
230	0
5	500
12	497
2	0
0	0
1240	0
0	17
907	0
0	0
0	0
0	0
0	0
1	101
0	57
231	0
0	0
0	0
1	0
0	5
129	5
0	0
0	0
0	0
1	2
0	2
3094	0
26	0
0	0
0	0
0	0
19	42
15	6
2	1
1	0
0	0
0	0
0	4
141	44
0	0
0	7
0	0
0	0
0	0
0	0
54	0
2	0
12	0
0	0
0	0
0	0
0	0
0	0
1	0
0	0
0	0
0	0
6	101
127	0
0	0
1	0
56	0
0	0
0	212
0	212
1	0
1	0
0	0
85	0
0	15
2	7
0	5
0	0
0	0
0	0
1	8
0	3
2	0
0	0
0	31
0	7
0	7
0	7
0	16
0	0
0	0
0	0
0	0
0	0
0	0
0	0
0	0
0	1
0	0
0	0
0	0
0	0
0	0
0	6
0	0
0	0
0	0
0	0
1	0
0	0
0	0
0	0
2	10
0	11
0	11
481	0
5	1
0	0
0	0
5	8
219	0
0	0
105	190
8	197
518	0
0	0
59	134
0	122
1	0
0	0
0	141
0	141
0	0
0	18
0	17
0	13
0	11
0	0
0	1
0	1
0	0
0	0
5	4
0	1
0	0
0	0
2	3
0	1
0	0
0	0
0	0
0	0
0	0
0	0
0	0
0	0
0	18
0	18
5	0
0	0
374	65
0	3
0	0
1	0
2	0
1	0
0	0
0	0
0	0
0	0
0	0
0	0
0	0
0	0
0	0
0	0
0	1
0	0
0	0
42	43
0	0
0	0
0	0
0	2
11	9
0	7
0	0
0	0
0	0
0	0
1	37
0	28
0	18
0	0
1	50
0	1
0	0
0	0
0	5
0	0
0	58
1	49
29	0
17	35
0	11
0	4
0	0
0	1
0	0
0	0
0	0
0	0
0	0
0	0
38	86
0	73
0	1
17	24
0	44
1	47
0	0
0	0
2	1
0	1
0	0
0	0
1	0
7	125
5	126
0	0
11	81
0	13
0	13
0	0
0	0
0	0
0	0
0	0
0	0
0	0
2	0
0	0
0	0
0	0
0	0
0	0
0	0
1	1
5	1
2	1
51	0
226	0
0	0
0	3
0	0
1	0
0	0
0	0
4	0
0	0
7	0
0	5
0	2
0	0
1	0
1	0
0	0
0	1
0	0
0	0
0	0
0	0
0	0
179	0
157	71
0	71
0	0
0	7
0	19
0	19
0	28
0	1
0	1
0	0
0	0
133	0
0	0
0	0
503	323
0	293
0	0
1	0
0	0
0	0
0	0
3	0
0	0
1	0
0	0
598	130
4	158
16	158
1	0
0	4
0	0
0	0
0	0
1	9
0	0
1	0
262	0
0	1
0	0
0	0
18	301
4	301
0	0
0	0
0	0
0	0
0	0
0	0
0	1
0	6
0	0
1	0
96	8
0	0
280	188
0	181
0	0
0	0
0	0
712	0
1	0
2	0
1	0
0	0
0	0
0	0
489	0
3	0
0	1
1	0
4	0
1267	0
0	0
30	0
89	51
111	53
4	7
0	7
0	0
38	3
0	3
1	0
0	0
0	0
0	0
0	0
0	0
158	0
99	44
1	44
3	0
423	0
0	0
0	0
15	17
0	17
407	0
0	0
4	2
0	2
0	0
0	0
0	19
0	0
0	0
0	0
0	0
0	0
0	0
0	0
0	2
0	0
0	0
0	0
0	0
0	0
0	0
0	0
0	0
0	0
11	0
0	0
0	0
0	0
0	0
2	8
0	0
22	55
1	0
27	150
0	4
0	0
0	0
3	1
0	81
0	0
0	8
0	0
0	0
0	0
7	40
0	13
0	14
0	1
0	105
0	95
0	1
4	5
7	80
0	68
82	175
0	8
2	0
0	0
0	7
0	7
0	119
0	11
0	65
8	2
24	0
1	0
0	0
0	0
0	0
0	0
0	0
0	0
0	0
0	0
0	0
0	0
5	47
2	47
0	29
0	3
0	0
0	0
17	14
0	14
0	7
1	6
11	19
18	38
0	0
0	0
3	5
0	5
0	1
33	71
0	47
0	29
0	0
306	270
0	0
0	0
996	0
614	1062
2	1057
308	0
41	0
97	0
16	6
0	0
0	0
0	0
0	0
0	1
0	0
0	0
0	0
0	0
233	92
0	0
8	10
1	16
0	0
0	0
1	21
0	77
0	77
0	0
0	0
0	0
581	0
154	0
0	0
0	0
0	0
0	0
0	0
0	0
0	0
0	0
0	0
396	4
12	0
0	0
189	0
0	0
0	0
145	5
0	0
0	0
52	215
6	0
0	0
0	0
0	0
0	0
1	5
138	215
0	0
6	125
2	125
53	0
0	0
0	0
2027	0
0	0
0	0
0	0
0	0
2250	0
8426	0
1614	0
0	2
0	0
269	0
0	0
31	2
0	0
0	0
0	0
366	0
0	0
24	0
5	884
32	884
0	0
0	6
9	17
0	0
0	0
0	0
0	0
2	0
1	0
0	0
0	0
0	0
0	0
18	66
0	18
0	8
0	3
1	5
22	209
0	16
2	9
0	4
0	4
0	6
0	0
0	0
0	0
0	0
0	0
0	0
56	202
0	10
0	4
0	11
0	7
1	12
0	0
154	160
0	6
0	12
1	0
5	0
0	0
9	4
0	0
0	0
3	10
1	1
0	0
0	5
0	9
24	8
9	1
0	0
0	0
0	0
29	1
1293	408
405	350
0	0
296	285
0	0
0	0
2	7
0	7
0	0
0	0
0	0
11	0
0	0
1	0
12	248
96	248
4	0
1	1
69	8
14	0
0	0
0	0
0	0
1049	0
56	3
1	2
252	0
241	0
45	0
632	0
0	0
0	0
5	0
1993	0
81	0
65	0
0	0
0	0
1	0
0	0
0	1
1444	0
27	0
2	0
0	1
0	0
0	1
0	0
1	0
0	0
373	416
1	416
0	0
412	0
473	0
0	0
86	315
0	315
0	0
0	0
182	0
257	0
535	0
88	368
2	368
199	0
169	0
221	5
0	0
0	0
0	0
40	0
2068	0
5	0
0	4
7	0
355	0
52	0
435	0
0	0
10	0
0	0
0	0
2	54
0	42
97	0
0	0
0	0
0	0
47	0
0	0
0	0
0	0
0	0
0	17
0	17
781	0
7	0
521	128
1	0
0	73
8	110
15	73
0	1
0	1
0	0
0	0
0	0
0	3
0	1
0	0
435	0
1718	0
17	0
22	34
0	34
87	0
46	50
18	58
0	0
1	0
0	0
0	0
73	0
0	0
0	0
0	0
0	0
5	0
0	2
0	0
0	0
0	0
0	0
0	35
0	1
0	1
1	0
0	0
2	1
0	1
13	2
6	0
0	0
7	0
0	0
0	0
0	0
0	0
0	0
0	0
3	0
2	0
0	0
0	0
0	0
0	0
0	0
0	0
0	0
0	0
0	0
0	63
0	3
0	3
0	0
2	0
0	0
0	0
0	0
0	0
0	0
0	0
0	0
0	0
0	0
0	0
0	0
0	0
0	0
0	0
0	0
0	0
0	0
0	0
3	0
0	0
11	0
0	0
129	271
3	1
4	0
4	4
0	0
27	17
9	1
0	3
0	1
0	0
89	274
0	1
0	0
8	6
1	0
0	31
0	32
1	13
0	0
0	0
61	41
0	41
2	0
157	0
55	101
0	101
38	97
0	97
79	0
167	166
0	166
0	0
0	0
0	0
0	0
2	0
0	0
1	3
13	14
1	13
0	0
0	0
1	0
0	0
0	0
0	0
1459	0
20	0
4	0
0	0
3209	0
398	0
2	0
0	0
1	0
0	0
378	20
0	1
0	1
0	0
54	0
3	0
43	0
2	0
0	1
0	0
785	0
1	1
0	0
286	0
994	0
274	44
57	44
837	0
0	3
0	0
1189	0
0	0
20	0
57	1
2244	0
1	0
618	1250
0	1250
3	28
3	116
2	106
0	15
219	0
121	304
0	304
112	24
0	44
1	2
0	0
133	0
166	233
0	233
0	0
301	485
3	487
2	0
1	0
154	317
0	318
3	8
0	8
0	0
181	28
0	0
1	3
0	3
673	86
22	340
21	340
106	0
2	0
692	0
101	20
2	11
19	0
200	12
2	12
0	0
0	0
0	0
0	0
0	0
0	0
1	0
0	0
0	1
0	1
360	0
1	0
0	0
399	0
1	0
717	0
0	51
29	40
291	0
0	0
0	0
543	0
0	0
1101	0
47	24
1	24
846	0
138	0
58	298
0	298
93	0
989	0
240	0
387	0
1440	0
1	0
0	0
154	0
401	0
1	0
131	12
0	12
0	0
0	0
1	2
496	0
100	0
8	144
1	144
0	60
0	60
0	0
0	0
31	0
0	0
27	0
17	0
46	0
6	0
6558	0
388	0
398	0
1	0
909	0
376	0
160	235
0	235
146	0
1	0
1	0
230	27
1	2
283	0
0	51
0	51
0	2
0	0
0	0
4	0
294	0
0	0
0	0
0	0
0	0
0	0
0	0
0	0
0	0
2	61
1	61
355	0
42	0
8	0
16	0
0	1
2	0
158	0
7	0
18	0
0	37
0	36
0	2
0	2
0	3
0	3
0	0
0	0
216	0
0	0
0	0
0	14
0	14
0	1
37	10
557	2
289	0
0	0
0	0
0	0
35	0
11	0
0	0
0	0
30	0
152	0
146	43
4	0
2	98
0	98
0	131
16	130
0	0
0	0
0	143
12	143
246	0
317	0
2	0
861	0
1	0
168	0
33	0
0	0
0	0
1	2
0	2
0	2
0	0
379	0
525	0
6	0
1	0
0	0
0	0
0	0
0	0
0	0
20	0
0	0
0	0
233	0
543	0
359	0
0	0
647	0
1	10
0	0
70	0
0	0
0	0
2	246
1	246
0	0
0	0
346	0
237	82
0	116
0	35
0	0
32	32
16	0
4969	0
0	0
0	0
1	0
113	0
85	0
12	0
0	0
766	0
197	0
0	0
0	0
1410	0
0	0
0	0
62	0
0	0
0	0
1	0
0	0
164	0
148	0
342	167
4	167
360	0
903	0
1	0
859	0
3330	0
177	318
0	318
1016	0
1	0
172	0
0	345
0	345
6	0
1	0
2	4
16	0
279	0
9	5
106	0
224	719
0	719
1	0
228	0
489	0
60	0
1	0
2	0
3	1
0	0
0	0
0	0
0	0
198	277
6	277
5	0
5	0
1669	0
0	0
0	0
0	0
22	68
0	66
0	0
0	0
0	52
0	0
0	0
0	0
36	24
0	0
0	0
0	0
0	0
205	393
0	0
1	0
91	66
21	1503
1	1503
322	66
25	0
677	0
0	16
0	0
0	0
122	0
402	0
2	0
1	0
199	0
4	0
778	0
0	0
14	3
26	3
156	0
0	0
0	0
0	0
1421	0
614	481
36	0
35	481
0	0
0	0
4	3
2	70
1	0
0	0
0	0
0	3
0	2
0	0
0	6
151	70
548	0
524	0
1066	0
238	318
0	318
2801	0
2990	0
64	0
98	0
2084	2797
224	2797
1	0
1	33
169	33
0	0
0	0
2	0
15	0
0	0
3	0
2336	0
0	0
0	0
1	0
0	0
0	0
0	0
0	109
125	109
1	1
399	0
0	0
2	0
164	0
116	0
7	0
0	121
0	121
144	0
0	0
46	0
57	0
25	0
595	0
0	0
507	0
0	0
114	0
324	0
0	0
0	0
35	0
3	9
0	9
226	0
61	0
0	0
0	0
499	0
0	0
0	0
0	0
0	0
720	0
2	122
3	122
856	0
0	0
0	0
0	31
0	31
0	91
61	91
1	0
0	0
1122	0
240	0
110	0
3	0
0	0
1	0
6	0
3	0
0	0
2	196
1	196
145	494
2	494
127	0
8	0
388	0
3528	0
8	305
17	165
0	0
9	0
194	0
2	14
0	14
126	223
0	223
185	0
109	0
576	0
36	415
1	415
0	1
1	1
134	0
83	205
0	205
342	0
26	0
161	0
5	0
0	0
504	0
0	6
129	6
42	25
0	30
1	30
0	0
0	0
3	7
0	7
116	0
9	0
241	0
1	0
81	0
75	184
1	184
8	101
0	101
0	0
107	0
3056	286
110	286
21	260
1	0
0	0
642	260
0	0
0	0
0	0
0	0
0	0
702	0
0	0
0	0
0	0
1	0
0	0
0	0
0	0
2	0
0	0
0	0
0	0
487	0
250	71
6	77
0	44
0	0
71	592
0	592
97	0
0	62
0	62
0	0
141	0
945	0
1280	0
2	0
4	0
135	0
598	0
0	0
0	0
586	0
25	0
453	0
0	0
752	0
6062	0
1	0
0	0
2	0
7	69
37	69
0	0
0	0
61	0
6560	0
465	0
0	90
168	90
0	0
0	0
0	0
2	3
0	0
121	276
7	283
0	1
32	54
1	54
146	0
7	0
5	0
0	0
0	0
0	0
0	2
0	2
0	0
0	0
99	0
3	3
0	3
1	0
2082	0
0	0
1	724
0	724
0	35
0	35
99	5
8	5
1143	0
2	0
66	0
2	4
0	4
1593	0
672	0
5	0
12	0
1	0
0	0
1	0
0	0
0	0
3	0
3	0
0	0
0	0
3276	0
0	0
0	2
97	0
0	0
0	0
580	0
827	0
0	0
0	0
989	0
721	0
4	0
0	0
40	0
89	1167
1	1167
1	0
276	0
0	0
0	0
0	0
0	0
0	0
0	0
0	0
5	7
0	4
26	0
62	0
8	0
77	223
0	223
52	150
1	150
0	0
79	0
0	0
23	0
140	0
0	0
0	3
0	0
297	0
64	0
0	2
0	2
5	0
0	0
0	0
4	12
0	12
3	0
448	0
0	0
33	0
0	0
2	0
4	0
0	0
884	0
194	0
0	0
81	0
15	0
2	0
34	0
0	0
583	0
885	0
17	0
0	0
0	0
0	0
863	0
0	0
21	81
1	81
591	0
2503	0
1213	0
1007	0
34	237
68	237
159	0
142	0
849	104
5	104
0	17
0	17
0	2
0	0
186	0
110	0
434	0
430	0
196	0
44	101
7	101
6	0
3380	0
1251	0
0	0
736	0
128	0
231	0
0	0
173	0
0	17
311	17
33	0
2	0
0	0
22	0
273	0
0	0
0	0
0	0
1074	0
0	0
21	0
416	36
0	12
0	155
0	155
0	1
783	124
0	0
0	683
182	683
0	0
0	0
0	0
0	42
3	42
24	0
28	0
26	0
237	0
0	0
1814	1
471	0
2	0
47	668
3	668
69	0
0	0
0	8
0	8
0	0
54	0
58	27
51	27
21	0
1575	0
13	17
0	17
1	0
9	0
45	0
0	0
0	4
0	0
61	0
592	0
0	0
3722	0
0	1
0	1
4	0
166	621
23	621
446	0
1232	0
269	0
0	0
0	0
161	1
0	0
21	0
206	416
4	427
1	0
0	0
0	0
1088	115
1	0
0	0
0	0
0	0
0	14
19	54
0	10
0	0
1	0
42	120
0	0
0	0
0	0
0	5
3	5
0	5
0	0
0	1
0	1
143	0
184	27
19	24
95	351
0	341
4	2
0	2
24	3
3	0
207	212
1690	0
10	29
0	29
398	0
0	0
0	0
111	12
34	67
131	57
1	0
105	0
110	151
0	151
0	0
0	0
454	0
0	0
555	0
275	0
200	0
17	0
0	0
2	49
10	49
37	0
371	0
347	117
11	118
0	0
1	0
30	0
0	0
354	0
12	0
6969	0
607	0
0	0
239	0
175	0
145	300
4	300
183	0
301	0
4	1126
18	1126
2150	0
204	0
0	0
237	0
778	0
1023	0
0	0
1082	0
341	0
101	0
183	0
99	0
0	0
3	0
0	0
0	0
1	0
0	0
59	0
0	0
0	0
0	0
4	0
0	0
0	0
49	0
219	0
189	0
119	0
0	0
0	0
0	0
0	0
0	0
0	0
0	0
0	0
0	0
0	0
0	0
0	0
716	0
385	0
33	0
619	0
30	2
50	0
0	0
2	0
59	0
2781	0
0	0
0	0
0	8
0	21
0	0
0	0
0	0
297	0
483	965
12	965
128	317
0	317
750	0
51	0
579	766
4	725
0	451
696	0
1498	0
230	0
225	0
0	0
146	0
0	0
10	0
0	0
0	0
1	0
2	0
1316	0
3	156
0	156
2	0
0	4
0	4
32	0
1	0
420	0
273	0
41	560
14	560
0	0
0	0
63	242
5	246
0	0
9	0
265	0
12	0
0	0
0	0
0	0
0	0
0	0
0	0
57	0
0	0
0	0
0	0
0	0
0	0
0	0
0	0
2	0
0	0
0	0
0	0
0	0
28731	0
11	0
1	0
0	0
0	0
8	0
1	4
1	4
1	134
121	631
0	631
0	0
84	336
4	8
0	8
113	336
0	3
0	0
0	2
3	6
64	0
0	0
0	0
0	0
0	0
4	0
0	0
0	0
8	6
1	0
0	0
0	0
69	0
29	0
327	0
263	1045
0	1045
433	0
17	54
0	54
16	0
146	727
5	727
4393	0
82	0
112	0
0	0
0	0
0	0
0	0
0	0
0	129
5	129
2748	0
462	0
59	329
0	329
0	1
1	1
2019	0
11	157
1	157
353	0
0	0
5	0
71	52
0	52
49	0
1	0
0	0
0	0
0	0
0	0
1	0
28	0
0	0
133	250
0	250
1212	821
0	822
0	0
0	0
328	0
47	0
25	0
183	0
508	12
517	0
14	4
0	3
0	0
0	0
0	0
222	0
0	0
57	0
0	0
3	3
0	3
567	0
609	0
19	47
0	47
0	0
138	0
2387	0
5	7
0	7
0	1
0	0
703	0
372	0
853	0
213	0
27	0
14	295
6	295
0	0
1	0
0	0
1024	0
4	0
232	0
0	1
0	1
0	0
0	0
0	0
483	0
2432	0
519	0
229	0
45	0
56	0
0	0
55	109
2	274
169	274
1	275
0	0
0	0
0	0
0	0
418	0
6	0
1568	0
381	0
0	0
0	0
0	0
75	0
0	0
0	0
8	0
0	0
10	293
0	293
18	0
39	0
1315	0
0	0
0	0
0	0
3	0
582	0
1668	0
0	0
60	0
257	0
0	0
7	1
5	1
0	0
557	0
0	0
251	688
2	688
5	680
21	680
241	0
0	25
9	30
8	0
16	0
19	0
0	0
0	0
0	0
998	0
0	0
0	0
0	1
0	1
459	0
643	0
765	0
309	5
267	0
318	2299
0	2299
427	0
0	0
495	0
8117	0
461	0
0	0
456	0
261	0
257	0
66	0
0	0
0	0
0	0
81	0
248	595
0	595
289	0
0	0
0	0
57	0
3	11
408	65
946	42
0	0
1	0
0	0
1	0
0	5
1	1
0	0
0	0
0	39
0	37
3	4
2	6
0	6
430	0
0	0
82	0
78	231
1	231
98	0
215	0
309	0
0	0
0	0
1676	7
405	97
0	97
0	0
341	206
1	206
0	0
147	0
30	4
0	4
0	0
0	0
0	0
0	0
1	1
0	0
16	0
0	0
0	0
470	0
1165	0
0	0
0	0
0	0
130	0
0	0
0	0
0	0
1	0
0	0
303	34
6	52
0	22
7	5
25	0
7	0
4	0
644	0
134	0
0	0
0	0
433	0
0	0
0	0
0	0
0	0
57	0
0	0
418	0
1	0
0	0
0	0
0	0
0	0
421	0
0	0
26	84
0	84
0	0
0	0
0	0
8	129
6	129
0	0
765	0
0	0
0	0
11	0
229	505
0	505
0	0
5	0
67	9
4	0
0	0
0	0
0	0
161	0
0	0
0	0
86	0
48	0
287	0
191	0
0	0
0	0
0	0
4	0
0	0
0	0
0	0
139	0
0	0
1	0
30	32
0	32
0	0
0	0
0	54
11	54
6	1
0	0
1	0
1	0
5	0
0	1
20	61
64	1
11	27
0	27
0	72
0	73
0	0
1	0
45	59
469	0
0	0
5	0
222	0
20	0
0	0
18	0
0	282
11	27
0	27
0	0
432	0
986	0
0	0
0	352
17	352
1	0
0	0
2	0
124	0
5	13
0	13
0	0
678	0
16	0
0	0
0	0
6	0
158	3
2	3
0	0
10	142
1	142
0	0
6	0
214	0
1	3
253	31
0	0
72	0
2	0
170	435
1	440
3	0
0	8
0	8
617	0
1242	0
675	0
0	0
0	0
1	0
0	56
24	56
99	0
27	77
0	77
0	0
0	0
102	526
0	526
0	0
0	0
1	0
22	133
0	133
1	11
66	0
0	0
194	0
195	0
0	0
1536	0
179	0
270	0
15	0
0	0
0	0
1434	0
3	0
13	808
447	808
339	0
79	0
160	0
1	0
335	0
0	0
4	0
32	145
1	145
0	133
176	308
101	308
0	0
0	0
65	36
59	36
0	0
0	0
0	0
800	0
0	0
469	255
2	0
0	0
121	255
474	888
1	903
0	1
1	0
128	0
0	0
0	0
0	0
0	0
0	0
0	0
0	0
20	1
23	172
0	172
104	452
1	452
0	0
1067	0
548	0
0	0
0	0
0	0
0	0
0	0
0	0
0	0
0	0
95	0
0	0
0	0
0	0
231	313
3	313
1372	0
0	0
0	0
0	0
261	11
0	0
314	0
3	3
0	3
1	0
433	0
4	0
0	0
0	0
0	0
297	0
68	0
2	0
0	0
0	0
0	0
0	0
714	0
1	0
0	0
2	11
0	7
0	0
0	0
8	5
0	5
25	112
0	112
0	0
0	0
0	0
271	0
0	0
0	1
432	0
615	0
309	0
5	0
0	0
0	0
72	0
896	0
592	0
0	0
345	1
2168	0
5911	0
33	0
0	0
214	0
477	0
0	0
0	0
1	169
80	169
2	0
193	0
0	0
236	0
35	0
292	380
0	380
350	0
0	62
3	62
0	0
5	1
0	1
0	0
0	0
0	1
0	0
0	0
0	0
19	0
528	0
6	1
0	0
0	0
0	0
576	0
637	0
504	0
0	0
2	54
0	104
3	0
977	0
1	0
592	58
1	58
266	0
0	0
0	0
0	2
0	0
0	0
0	0
7	0
138	99
1	99
61	0
0	0
707	0
0	17
0	17
597	0
19	20
0	20
3	1
0	1
6	0
54	81
3	0
0	0
0	0
1631	0
231	503
0	504
720	372
1	372
2	0
608	0
95	737
0	737
78	0
2	0
0	0
0	0
0	0
0	0
308	23
0	147
3	2
0	0
1	0
0	0
0	2
1	0
66	0
0	0
256	0
3	0
2	0
140	0
1075	0
0	0
1	0
57	0
0	0
65	0
6	0
0	0
6	0
0	4
0	4
0	0
0	0
0	0
0	0
630	0
2	0
0	0
0	0
2	0
109	160
0	160
1	0
66	130
0	363
210	376
0	0
6	0
0	0
0	39
0	33
88	0
0	0
25	69
0	69
0	0
0	0
1	0
0	0
0	0
176	50
0	0
0	0
0	0
1	0
1	0
262	0
0	0
0	0
0	0
0	0
7	0
19	0
0	0
0	0
650	0
69	0
374	0
0	0
191	0
0	4
10	0
1	0
17	0
0	2
0	0
59	0
37	0
244	0
0	0
0	3
155	0
0	0
200	0
0	0
68	0
134	0
118	0
709	0
0	0
0	0
0	0
2	0
0	0
0	0
0	0
1	0
0	0
0	0
0	2
0	0
0	0
86	0
0	0
1	0
0	0
110	0
0	0
0	0
0	0
0	0
0	0
0	0
0	0
0	0
0	0
26	0
0	0
3	0
188	0
3	0
0	0
0	0
0	0
265	0
2	0
19	0
0	0
2	138
1	138
0	0
0	0
9650	0
0	0
0	0
0	0
0	0
5672	0
0	0
0	0
432	0
0	0
0	0
1443	1
4	0
4	0
1	0
0	0
0	0
142	0
215	0
0	0
1	0
0	0
0	0
91	0
0	0
0	0
215	0
3	0
920	0
2	0
0	0
0	0
0	2
88	0
0	0
0	0
0	0
130	0
235	0
25	0
0	0
144	568
0	568
0	0
2	3
2	0
1	0
0	13
56	106
0	104
0	0
0	0
0	0
0	1
0	1
5	12
3	36
7	37
164	14
1	0
8	2
0	5
2	5
1	0
0	0
0	0
0	0
0	0
2	3
0	3
1	0
1	0
2	0
348	0
340	514
0	514
27	0
1717	0
94	45
2	45
1	0
1	0
30	7
0	7
0	0
1	0
0	0
0	0
92	0
0	0
0	42
0	5
1	4
2	9
0	10
0	58
0	66
0	1
3	0
0	0
173	0
0	1
993	0
2	0
0	0
0	682
10	682
6	1791
30	1791
0	0
0	0
0	0
0	0
0	0
2	2
0	2
0	0
0	0
0	28
0	5
193	0
0	0
8	0
271	0
39	42
1	42
0	0
0	0
0	0
1	0
0	0
23	0
1263	0
365	0
0	0
0	0
1	0
0	0
10	0
0	0
0	0
272	0
0	0
270	96
2	0
24	0
288	0
0	0
2	0
26	0
0	0
498	0
0	0
149	0
8	0
978	1
0	0
1	1
203	0
0	0
6	4
3	4
100	141
0	141
0	1
0	0
0	0
626	0
0	0
1	0
241	0
0	0
0	0
0	1
17	22
1149	2
0	0
0	0
0	2
0	0
0	0
4688	0
0	0
26	741
89	741
1	0
0	0
0	0
1492	0
2	8
0	0
145	0
0	1
0	0
0	0
0	0
0	0
225	0
3	0
0	0
0	0
0	0
0	0
1	0
0	0
0	0
0	0
562	376
1	374
0	2
1	0
0	0
1	0
0	8
0	0
3262	0
0	0
81	0
548	0
0	0
0	3
0	3
0	0
0	0
1	0
5	0
0	0
176	0
1	0
2	1
0	0
0	0
0	0
1	1
68	1158
443	1158
2	0
0	0
0	0
0	2
0	0
0	0
0	0
284	0
0	0
0	0
0	0
323	0
0	0
0	0
0	0
0	0
279	2
256	0
0	0
8	0
0	0
0	0
0	0
0	0
0	0
0	1
0	0
177	0
0	0
16	0
0	0
0	1
0	1
233	0
1	0
0	0
0	0
0	0
1	0
0	0
0	0
0	0
0	0
0	0
0	0
0	0
0	0
0	0
0	0
0	0
0	0
0	2
0	0
0	0
0	0
0	1
0	0
0	0
0	2
0	0
0	0
0	0
0	0
0	0
0	0
0	0
0	34
0	2
0	1
0	1
0	0
0	1
0	3
0	2
0	0
0	0
0	0
15	18
10	4
0	19
0	0
0	0
0	0
0	0
0	0
6	3
2	2
0	0
0	0
0	0
0	0
1	0
0	0
0	0
0	0
0	0
0	0
0	0
0	0
0	0
0	0
0	0
0	0
0	0
87	15
0	0
0	0
0	0
0	0
0	0
0	0
1	0
0	0
0	0
0	0
0	0
0	0
0	0
0	0
0	4
1	6
0	0
0	0
0	3
0	0
0	0
5	40
19	40
0	0
2	0
104	0
4841	0
0	0
2	0
2	0
662	0
603	0
153	0
1	0
450	0
497	0
7	0
127	0
220	0
0	0
0	0
404	0
5	0
0	0
335	482
0	482
0	0
0	0
0	0
1173	0
0	0
2	0
790	272
119	0
1	0
12	0
457	0
0	0
13	33
482	27
219	0
0	0
111	0
0	0
0	0
1	0
1	22
18	22
0	0
20	132
2	132
347	0
0	0
0	0
0	7
0	7
0	0
0	0
240	141
0	0
0	0
0	0
114	0
839	0
0	0
0	1
0	0
0	0
671	0
0	0
0	0
0	0
0	0
0	2
0	4
94	0
1531	0
3	0
1372	0
359	0
0	0
0	2
304	0
4021	0
124	0
0	0
0	0
80	28
4	1
1	1
1	3
0	0
3	3
0	0
0	0
0	0
8	1
0	3
2	3
0	1
2	0
0	0
0	0
0	0
0	14
0	0
0	0
0	4
0	0
22	0
0	0
0	0
0	0
0	0
0	0
0	0
20	14
3	0
5	0
0	0
2499	0
20	0
11	70
0	70
0	0
39	0
126	0
0	0
0	0
0	0
0	0
11	0
0	0
0	0
204	355
2	355
61	0
0	0
0	0
0	0
0	0
0	0
0	0
705	0
0	0
0	0
0	0
264	0
139	3
10	0
0	0
0	0
0	0
0	0
0	0
0	1
0	3
0	0
0	0
1	0
0	0
0	0
0	0
0	0
0	0
1	0
0	0
1110	0
1	0
59	0
5	0
0	19
0	1
0	0
28	0
0	0
746	0
3	0
4040	0
1	0
0	0
4	1
1	14
0	11
0	0
0	23
0	23
0	21
0	18
0	0
94	0
1612	0
0	0
39	0
0	0
0	0
0	0
12	0
0	0
0	51
0	0
549	0
30	0
18	12
1	15
0	0
0	0
59	0
1	0
2	1
0	0
0	0
0	0
0	0
22	0
490	0
15	0
795	0
3669	0
0	3
50	62
0	62
0	1
0	0
0	0
0	1
46	34
0	34
141	0
177	733
6	733
0	0
0	0
0	3
0	0
6	0
192	0
171	0
20	0
55	0
0	0
0	0
0	3473
20	18
562	15
0	0
540	0
7	13
1	13
538	1
0	2
0	2
0	0
12	0
0	0
0	0
308	2
0	2
0	0
1294	0
0	0
10	6
0	6
11	0
0	3
0	3
5	2
1	0
0	1
2	146
1243	146
793	0
187	404
0	404
0	0
132	224
41	224
20	3
51	3
220	0
23	0
0	0
444	289
38	289
0	183
0	183
18	0
0	0
0	0
38	0
58	0
7	0
28	55
0	55
20	103
157	103
59	0
6	4062
667	4062
0	3
2	3
548	4
0	0
476	0
0	0
22	0
86	385
0	385
220	0
0	0
0	0
0	0
0	0
0	0
49	0
0	4
0	4
0	0
0	0
596	0
430	97
0	97
0	0
0	0
0	0
0	0
3	0
336	0
98	292
0	292
0	1
0	0
0	0
1803	4277
15	4277
7	0
0	0
10959	7147
14	7147
0	0
1	0
11	0
41	0
0	0
0	0
176	0
222	0
204	0
32	0
4	0
249	0
111	0
851	0
3015	0
61	0
629	89
0	0
0	0
32	0
214	0
0	0
457	0
1	0
0	0
12	0
242	0
1	0
334	0
306	0
89	78
0	25
220	92
36	1414
1	1414
226	226
0	226
3636	0
207	0
126	0
567	0
0	0
0	1
450	0
1	0
0	1
0	0
0	92
0	92
2	0
218	0
2	0
0	0
0	0
15	81
0	81
216	0
0	0
0	0
0	0
102	0
5	0
94	0
123	0
0	0
23	0
1371	0
195	0
338	0
117	0
0	0
0	0
109	805
0	805
120	0
2	0
397	0
0	0
4788	0
96	0
1	0
2105	0
0	0
0	0
0	0
0	0
0	0
0	155
10	155
581	0
311	99
3	17
3	2
0	1
0	1
1992	0
5	0
3004	0
31	48
2	48
71	0
116	0
26	138
0	138
0	4
0	4
1802	18
200	0
615	0
1	0
0	0
0	0
0	0
196	0
997	0
825	0
128	835
0	835
218	0
464	0
1	12
0	0
0	0
120	528
0	528
70	0
139	0
52	0
70	2
0	179
11	179
11	0
0	0
0	0
0	0
0	0
561	0
1772	0
812	0
3	6
0	6
84	0
0	0
0	0
33	0
1	0
0	0
99	0
70	0
0	0
2	0
0	0
0	0
1	0
2	0
4	1
0	0
659	0
0	0
0	0
3722	0
226	0
0	89
0	89
0	0
39	0
0	0
0	0
0	0
534	0
0	0
2426	0
0	0
411	0
0	0
0	0
0	0
0	0
3	0
0	0
192	0
91	0
0	0
0	2
0	2
28	622
1	27
1	2
3	1
0	26
0	0
0	1
0	2
0	2
2	593
1	11
0	10
1	1
0	13
0	13
0	1
20	560
2	6
0	0
174	0
83	0
6	0
0	0
0	0
0	223
0	238
0	147
0	0
563	0
0	0
0	0
4	2
12	22
0	22
31	0
0	0
687	0
199	0
250	0
442	0
18	0
212	112
0	114
0	0
0	0
0	1
1	0
1	0
1	8
0	0
0	0
1	1
0	1
4	0
0	0
1	0
3	0
0	1
0	1
0	1
153	0
2	0
0	0
0	0
2760	0
0	0
143	0
1	0
0	1
1	0
0	0
0	9
0	9
1	0
22	0
68	0
1017	0
222	0
0	1
0	1
1	0
0	0
3	0
2	0
0	0
1	0
0	0
428	140
0	159
0	3
0	0
0	2
40	2
9	0
0	0
2	0
410	0
20	0
7701	0
0	0
0	0
32	2
26	2
3	0
27	0
0	12
0	12
33	0
0	0
204	0
164	0
244	94
0	94
0	0
118	0
65	0
0	0
1	0
314	0
569	575
0	575
1	0
0	0
0	0
355	27
0	0
19	0
9	0
0	0
2	0
1084	0
814	0
170	0
0	4
1586	1
0	0
3	9
0	10
0	10
220	0
1498	0
0	13
0	13
3	0
0	0
0	2
1	2
3	0
0	0
119	0
88	0
0	0
0	0
2	168
24	168
0	0
289	0
6	0
2312	0
0	6
1559	0
0	0
0	0
38	0
232	495
0	495
1213	0
1	0
0	0
0	0
0	0
1	0
10	41
0	41
0	0
0	0
0	0
0	0
21	0
1363	0
0	0
103	0
10	290
1	290
46	0
0	0
0	0
0	0
0	0
0	0
0	0
0	0
13	15
0	9
0	0
0	0
0	0
0	0
0	0
0	0
0	0
0	0
0	0
0	0
0	0
0	8
0	1
0	0
12	0
291	0
7	13
0	13
0	0
2	0
406	290
2	290
841	0
3	0
409	0
34	0
3	0
0	0
158	0
155	0
2962	0
0	0
0	1
0	0
0	1
90	54
0	54
12	0
23	0
158	0
0	0
0	0
0	0
1	1
235	0
314	0
1	0
206	0
1	0
2	0
8501	2
126	0
927	0
0	59
2	0
3	59
2	0
1044	0
9	0
95	0
43	177
38	170
4369	0
18	0
1	0
53	0
547	0
1	2932
1621	2932
3496	0
368	0
170	429
39	429
0	0
0	0
557	0
1	0
0	0
0	0
0	0
0	0
0	0
0	0
0	0
0	0
17	0
0	0
3	0
277	0
0	0
30	0
2	0
750	0
803	0
3	0
0	0
0	0
598	0
1	0
0	0
3	0
0	0
479	0
0	0
1	0
158	0
0	0
0	0
67	0
1043	0
261	0
5	0
0	0
16	0
404	0
1123	0
346	0
20	0
20	13
0	13
14	17
0	96
0	0
0	0
20	210
2	210
279	0
298	0
179	0
1	12
0	12
14	404
0	404
10	5
2	5
2	0
70	0
0	0
0	1
0	1
1	0
0	8
0	8
0	0
1	211
94	211
6	13
0	13
97	0
38	0
6	0
47	0
6	0
26	0
323	0
3	0
7	220
10	220
528	262
11	2
344	0
2	0
1035	0
0	0
0	0
0	2
0	2
0	531
3	575
3	0
0	0
0	0
19	0
0	0
0	0
100	154
25	154
602	0
1346	0
0	0
17	7
22	7
3	0
0	0
42	0
3618	0
136	0
1	0
677	0
2	0
2	0
2	6
0	6
0	0
371	0
0	0
0	0
62	0
295	0
11	10
23	10
5	556
0	556
81	0
3	0
273	0
1827	0
590	0
143	0
1	0
452	0
8	0
5293	0
38	0
0	0
0	0
0	0
441	0
9	0
475	0
0	2
0	0
0	2
0	2
2097	0
0	0
29	0
129	0
297	0
1623	457
0	457
1	0
98	0
297	0
79	33
0	33
456	0
1	0
3	0
0	0
0	0
150	0
5010	0
6957	0
1075	0
1	0
53	0
99	0
0	16
0	16
1	0
100	0
1015	0
678	0
6	19
0	19
13	0
2	0
7	0
17	32
1	27
0	27
0	10
57	8
1	0
132	0
178	227
0	227
12	0
0	9
0	9
0	0
4039	0
10	4
118	0
92	0
773	0
0	0
4	1
0	1
1087	8
250	0
0	0
155	0
0	2
176	0
456	0
138	579
0	579
336	0
17	92
0	94
2	88
1114	0
285	0
2000	0
1594	0
92	92
0	92
13	36
0	36
6	3
0	3
0	0
23	1
2	1
27	456
44	456
94	0
0	0
0	0
0	0
0	0
16	17
6	2
4	17
395	0
29	0
340	0
2	0
110	455
0	455
363	0
824	0
5	32
3	32
0	0
0	0
134	0
225	0
644	0
0	0
239	0
0	0
16	0
8	0
443	2205
0	2205
0	0
0	0
0	0
0	0
0	0
4	6
0	6
0	0
0	0
211	526
0	526
752	0
8	0
0	0
0	0
0	0
297	0
248	0
0	0
0	74
14	73
590	16
1	0
437	15
15	0
0	0
0	0
0	0
0	0
2	0
0	0
246	0
0	0
1	0
0	0
0	0
0	2
1	2
852	0
1	0
212	15
0	0
0	3
3	3
0	5
0	0
0	2
0	2
0	0
1	10
3	25
0	22
0	0
1	0
0	0
132	0
0	0
0	0
0	0
2	0
0	0
134	0
560	0
0	0
1048	0
82	0
3	0
354	0
1	0
0	0
0	0
0	0
0	0
505	0
4051	0
0	0
147	0
1	0
0	0
126	0
0	1
0	1
8	4
0	4
0	2
13	0
215	0
1600	0
674	0
1	0
1	0
0	0
1	0
0	0
121	0
6	0
271	0
107	0
391	0
384	0
293	0
164	6
3	0
72	0
618	0
0	73
5	73
22	0
78	0
0	0
102	0
2	0
352	0
2336	0
229	0
94	167
0	167
154	0
0	0
0	0
42	0
1130	0
1142	0
118	0
151	0
788	0
298	0
122	0
199	0
34	93
0	93
641	0
0	0
144	0
0	0
954	0
3	0
1	0
67	617
1	620
155	0
12	0
0	20
0	20
0	0
0	0
118	0
0	0
42	0
0	0
0	0
3	1
0	1
3	8
1	8
3	18
0	18
0	0
66	0
1162	0
0	0
78	0
172	0
6	0
366	0
1363	2
3	0
0	0
0	0
0	0
0	0
115	0
326	0
0	0
7	325
0	0
0	0
0	0
1	325
0	284
0	0
0	0
0	0
0	0
0	0
383	0
100	0
0	11
0	11
0	0
0	0
0	0
0	0
0	0
0	928
8	928
0	0
0	0
13	0
0	0
1	0
326	0
519	0
0	0
138	0
0	0
18	28
0	28
289	0
129	0
6982	0
512	1016
0	1016
61	440
72	440
66	0
44	0
0	0
111	0
1	0
74	1
0	0
7	0
1073	362
2	362
0	0
0	0
1	0
0	0
0	112
0	112
384	0
1444	0
90	0
1	0
0	0
509	0
123	203
0	203
27	0
0	0
1	0
0	0
0	0
0	0
4644	0
0	0
109	0
0	0
0	0
33	0
91	0
141	202
1	221
4	0
0	0
0	0
0	2
0	0
0	0
0	0
0	0
334	9
0	0
427	9
2	14
0	0
0	4
0	0
0	0
2	0
3119	0
1	1
0	1
12	0
0	0
3819	0
99	0
67	0
41	0
10	0
101	0
0	0
0	0
449	0
3730	0
233	0
23	0
248	0
104	0
4	0
0	0
0	0
1	0
1	0
0	0
0	0
0	0
19	0
0	0
0	0
0	0
0	0
41	16
2	16
318	1374
0	1374
0	0
27	3
0	3
11	53
0	53
155	0
68	0
0	0
8	0
0	0
89	0
2	27
0	27
0	0
240	0
6	0
145	0
152	107
0	114
1	23
0	0
0	0
0	0
35	0
329	0
645	0
16	48
0	48
1	0
0	241
321	241
0	0
0	0
0	0
17	0
1067	0
29	0
0	3
1	3
11	0
523	0
57	0
502	923
1	923
379	1
5	1
0	0
0	0
4	2
13	2
0	0
29	1
0	0
1106	0
2	0
0	0
670	0
55	0
33	0
592	0
1	0
36	40
33	42
0	47
0	0
192	0
412	0
14	0
365	0
0	0
887	0
173	431
0	431
0	0
79	0
54	0
51	0
0	0
243	0
80	135
0	135
11	75
10	75
53	0
0	2903
232	2903
953	0
906	0
5	37
1	37
8	0
1038	0
368	0
0	0
0	0
183	0
0	0
1	0
23	0
1145	0
0	0
8	0
44	0
219	0
4	5
0	5
0	0
792	0
0	0
0	0
0	0
12	0
738	0
0	1
0	1
0	1
1	0
5	1
0	3
173	0
10	0
72	0
237	0
2	0
801	3858
0	3858
3289	0
295	0
151	0
1	4
0	4
0	0
0	0
0	0
8	0
0	0
1	0
55	409
16	409
85	0
217	0
169	0
0	0
477	0
193	0
0	0
883	0
26	0
1291	0
11	59
0	58
0	1
0	0
14	0
0	0
0	0
0	0
189	0
0	0
12067	0
1	4
0	4
897	0
36	0
7	0
0	0
535	0
2	288
23	288
350	0
50	84
0	84
249	0
0	0
0	0
0	0
597	20
0	12
3	8
499	0
1077	0
1731	0
11086	21
335	0
50	0
598	0
5	0
0	0
0	0
134	0
0	0
77	0
0	0
0	0
0	0
0	0
0	0
0	0
0	0
0	0
0	0
0	0
0	0
0	0
0	0
0	0
0	0
83	0
0	0
0	0
779	0
177	0
1920	0
1510	1132
120	1132
0	0
24	366
0	366
1	3
1	3
3773	0
180	0
0	0
459	0
0	0
0	0
0	16
0	16
153	253
6	261
1	0
2	4
21	0
0	48
0	48
25	453
3	463
10	0
274	0
0	0
4	0
725	0
359	0
169	69
0	69
0	0
147	873
7	82
0	0
18	617
2	153
1	0
278	983
0	0
0	0
187	0
612	0
2	0
0	0
10	0
91	0
225	0
771	0
259	0
0	0
107	0
4	0
124	0
17	0
1	0
17	0
49	0
0	0
38	0
5	0
557	1
59	0
2	11
0	0
1	0
0	0
20	0
62	226
0	226
3	0
274	0
8	0
557	0
49	617
3	434
0	183
2	6
2	0
8	0
0	0
0	0
0	0
2	0
0	0
0	0
11	0
2	0
41	0
308	0
435	0
23	0
1487	0
0	0
0	0
226	0
1805	0
0	0
0	0
1	0
93	0
0	0
158	0
246	0
0	0
0	0
22	0
473	0
0	0
0	0
122	0
335	0
174	489
0	489
8	74
3	73
0	0
0	63
0	39
3	1
0	0
152	0
73	0
37	0
316	0
67	0
0	383
0	383
92	0
264	0
0	1
0	6
7	0
165	0
0	0
0	0
0	0
0	0
0	0
0	0
1932	0
217	366
0	366
0	0
0	0
50	521
25	521
331	0
1	2
2	2
286	0
0	0
0	0
521	0
55	0
0	0
0	0
0	0
0	0
0	0
12	0
416	0
91	0
40	0
35	90
0	86
0	90
0	14
19	14
4	17
0	17
126	0
76	0
194	0
494	0
0	0
1	0
4	0
24	0
3	0
0	0
191	69
18	0
232	0
12	0
3168	0
27	0
717	0
1	0
60	0
447	0
239	0
372	0
1	0
0	13
0	131
43	139
1	1
4	15
0	15
0	0
1	0
0	0
109	13
0	24
3	24
41	0
55	0
1899	0
984	205
951	183
0	0
213	388
78	0
131	0
14	0
0	0
246	0
37	0
0	2
0	2
1	0
1	0
0	0
6	1
1	1
0	1
4	44
0	44
469	1
0	1
0	1
0	0
0	0
0	0
0	0
3	0
9	0
0	0
0	0
0	0
0	0
380	0
402	0
870	0
21	98
125	126
0	28
1	0
5	0
0	0
292	0
0	0
0	3
5	59
0	0
7	0
38	0
773	0
166	0
15	14
0	14
0	0
0	0
0	0
0	0
0	0
0	1
0	1
112	0
635	0
56	0
2	0
4	0
156	0
130	3
1	3
0	10
179	0
0	0
263	0
0	119
2	119
20	0
0	1
0	1
244	0
163	0
11	2
120	52
0	3
0	3
0	58
0	53
454	201
0	1
0	80
1	0
1	0
0	1
37	21
0	51
3	22
16	201
3	1
0	68
49	21
8	0
1	0
1	1
0	0
12	2
0	11
0	0
1	0
32	0
3	0
0	0
0	0
0	0
49	3
2978	0
2	0
2094	0
2	0
4	36
1	36
0	0
26	614
6	623
449	0
1	0
10	21
0	21
654	1013
0	1013
269	0
1	12
0	12
33	0
55	0
330	0
0	0
22	0
219	0
0	34
1	34
2	0
1	0
2	0
8	35
0	35
1	0
0	5
0	3
321	0
26	0
0	0
500	0
69	175
0	175
74	0
147	719
0	719
781	0
1	21
0	21
0	0
0	0
0	0
1	0
5403	0
6	0
19	0
0	0
1851	0
90	0
4	0
141	0
565	0
99	0
95	0
1	0
175	0
0	0
0	0
0	0
0	0
0	0
0	0
0	0
0	0
59	0
0	0
513	0
501	0
341	0
0	0
0	0
0	0
2	39
0	39
0	55
10	55
1656	0
56	0
138	0
184	0
0	0
78	0
345	0
238	0
217	0
0	0
0	0
0	0
6	33
0	33
0	0
0	0
907	0
640	0
0	0
5	0
0	0
3	0
186	0
3245	0
0	5
0	5
16	0
0	0
212	26
0	0
42	26
0	14
1	0
0	0
637	0
2010	0
1204	0
149	0
41	0
0	0
476	0
106	0
527	0
0	0
697	0
1	0
16	0
0	0
76	0
880	0
457	0
0	0
89	0
161	0
189	0
17	0
1969	0
3	7
0	7
252	3
2164	1312
2944	1313
1171	2727
0	2727
0	52
467	52
2008	0
3	0
1	0
637	0
73	259
0	259
1636	0
440	0
0	0
1850	0
156	0
0	299
152	299
4	0
0	0
354	0
154	0
364	0
6	335
0	335
15	0
29	2351
381	2351
502	0
2097	0
119	0
43	0
0	566
50	566
1896	0
31	0
51	0
14	0
105	0
5	0
161	0
156	0
144	0
341	0
379	0
1017	0
98	2
0	2
77	120
0	120
202	0
169	24
245	24
0	0
0	0
2002	0
3	66
0	66
1	0
37	0
199	616
0	616
44	0
6816	0
1224	0
529	0
0	0
10	0
0	0
8330	0
66	0
10	1
0	0
0	0
0	0
0	0
0	0
0	0
0	0
2	0
0	0
17	0
2	0
0	1
312	0
0	28
0	28
0	0
92	93
0	93
244	0
1063	0
0	0
11	0
251	0
0	0
0	0
1983	0
0	0
0	0
47	0
1	5
0	5
1971	0
149	0
37	229
1	225
0	4
23	0
34	84
144	84
30	0
49	0
23	0
0	0
0	92
0	92
0	58
0	58
605	0
63	0
1	0
2	0
0	0
0	0
3	0
0	0
102	340
2	340
363	0
0	0
0	0
963	0
0	38
22	38
689	0
115	0
12	6
3	6
176	0
1578	0
233	0
0	24
0	24
420	0
1371	0
226	0
2	0
0	0
56	611
41	611
1144	0
11	0
1119	0
340	0
379	926
1	926
450	1779
0	1779
7	13
0	13
12	0
2	0
15	0
0	0
216	0
5079	0
10	0
388	0
0	1376
0	1376
29	0
183	0
0	0
454	0
28	0
0	0
0	0
109	0
0	0
0	0
0	0
0	0
0	0
7	0
190	0
0	0
256	284
0	202
0	0
805	85
0	0
5	0
13	0
16	0
0	0
0	0
88	0
0	0
491	0
3204	0
448	0
150	0
0	265
12	312
268	312
0	0
22	1
9	0
1	0
14	8
3	1
0	8
0	0
199	0
18	5
2	5
1	2
147	0
0	0
0	0
2095	0
19	0
123	0
43	0
351	0
1	0
288	0
42	0
19	0
0	0
0	0
0	5
0	5
96	0
0	0
0	0
0	0
13	0
0	0
3	0
1	0
264	371
0	371
15	9
0	9
343	0
0	0
0	0
46	0
0	330
9	330
3	0
171	18
0	18
609	0
220	0
320	0
297	0
124	0
158	0
134	0
132	868
4	868
427	0
419	0
0	0
1309	0
0	0
10	0
0	0
0	0
1710	0
155	0
2	2
400	0
2	0
0	0
0	0
0	0
2	41
185	41
0	0
0	0
0	0
0	0
66	0
93	0
26	48
0	170
0	87
35	0
0	0
33	0
0	0
0	0
402	0
0	1
5895	33
0	0
981	0
1793	0
0	0
107	0
620	5
0	0
52	140
0	145
18	0
8	0
0	7
2	7
267	611
49	611
0	0
4	123
0	123
0	0
1	6
0	0
3	27
0	27
341	0
866	0
1300	0
71	0
37	527
0	527
290	0
0	0
1	0
0	0
493	0
0	0
1	1
0	0
0	0
13	0
171	239
1	239
79	0
0	0
5799	0
0	0
0	0
0	0
46	0
0	0
0	0
2	0
0	0
0	0
646	0
831	0
1719	0
1	0
0	0
749	0
5667	0
234	0
1356	0
283	0
313	0
23	44
0	44
1	0
61	830
19	830
201	0
0	0
0	0
94	0
150	0
931	0
0	1
0	1
12	0
683	0
568	0
711	0
7	0
0	0
1502	2
2	284
0	284
2	255
5	255
0	0
0	0
63	389
1	390
0	29
0	29
232	0
1139	1
347	0
0	0
334	0
1103	0
279	0
0	12
0	12
0	23
1	23
748	0
571	0
1723	0
1	220
1	220
0	0
0	0
0	0
0	0
81	592
50	592
0	0
0	0
0	1
146	3
98	0
3612	0
296	0
3	0
496	0
31	0
242	0
1	0
346	0
0	60
1	60
8	0
2	243
1	243
0	0
3	54
0	0
2281	0
424	0
7	0
0	46
0	46
164	0
3	0
0	0
0	0
0	0
0	0
0	0
0	0
0	0
0	0
0	0
0	6
0	6
0	0
0	0
0	0
1	1
0	0
0	0
0	0
1	0
0	0
0	0
0	0
0	1
0	0
24	0
2	0
0	0
0	0
0	0
1	0
0	0
0	0
3	0
0	0
68	0
0	0
0	0
0	0
39	0
281	0
292	0
0	0
38	0
434	0
217	0
130	0
0	0
0	0
16	0
6202	0
180	0
11	0
289	765
6	765
523	0
56	12
0	12
2	0
2	0
65	0
5	0
656	0
31	0
1	0
612	0
415	0
0	0
103	0
123	0
706	0
0	418
45	418
9	284
0	284
4132	0
327	0
255	0
1	0
337	406
1	406
8	0
0	0
0	0
219	0
0	0
0	0
0	0
14	0
0	0
117	0
561	0
1	229
1	229
2165	0
1643	0
4258	0
324	0
0	6
0	6
0	0
2	1
1	0
267	770
0	770
0	1
0	1
144	0
12	0
9	0
547	0
316	0
0	70
11	70
4	0
75	0
123	0
450	754
1	788
0	1
0	0
0	0
15	0
0	3
0	3
0	0
0	20
0	20
4	85
0	78
10	6
2	0
0	0
0	0
7	0
0	0
0	0
0	1
0	1
4	27
0	27
838	0
12	0
329	0
0	0
146	279
0	279
72	117
0	117
6421	0
76	0
2587	0
114	447
0	447
0	0
13	7
0	0
7	13
2	7
33	13
0	1321
732	1321
0	0
11	0
0	0
0	10
3	10
254	0
247	0
305	0
10	0
0	0
0	0
193	0
305	163
0	163
752	0
0	0
284	0
0	0
298	0
52	0
0	1258
422	1258
48	252
430	252
13	40
0	40
0	4
0	4
382	0
6	17
1	17
821	0
212	0
518	27
1	10
1210	49
0	467
2	467
161	6
46	6
617	0
289	0
1	0
0	0
146	0
1289	0
0	80
52	80
236	0
821	0
178	329
0	329
255	0
3976	0
2	0
414	0
3	2
1	0
3509	0
0	2
0	4
0	3
9	177
0	177
925	0
0	1
0	0
0	589
28	589
0	0
0	0
0	0
29	0
0	119
0	119
228	0
0	160
6	160
41	0
0	0
0	0
0	0
0	0
0	0
0	0
26	0
0	0
472	1
0	0
0	0
0	0
0	0
0	0
0	0
0	0
0	0
0	155
8	155
0	13
0	0
0	0
0	0
0	0
17	3
0	0
377	0
1	0
635	0
12	1
0	0
4	0
4	0
3	0
1	5
0	5
0	0
0	0
0	1
6	0
0	0
0	2
0	0
0	0
0	0
0	0
0	57
0	59
0	0
3	0
6	35
0	35
2720	0
0	0
0	0
0	0
403	0
0	8
0	4
0	4
103	12
642	84
0	26
0	26
0	0
0	0
98	0
0	0
2402	47
0	0
68	4
0	3
3	1
3	6
0	0
1	0
0	0
0	47
121	43
0	12
3	3
0	19
16	98
0	97
0	0
54	0
10	0
224	0
2469	0
18	0
117	222
0	222
73	27
0	27
372	0
0	0
915	0
618	0
14	0
152	0
1	0
392	0
0	0
0	0
4	0
48	42
1	42
0	0
10	90
0	90
0	0
514	515
153	515
1	44
7	123
0	0
0	0
0	0
2	0
0	60
0	61
0	0
3	0
0	0
1899	0
0	0
45	119
7	0
0	0
101	0
576	0
787	0
0	0
0	0
0	0
0	0
436	0
5	0
0	0
0	0
212	0
13	70
0	70
1	0
5	0
59	2
0	18
2	22
0	0
21	0
5	2
0	0
0	0
0	0
277	10
119	6
363	0
0	0
0	0
0	0
1	2
0	2
10	0
0	0
1131	0
0	0
44	0
5	0
52	56
10	23
0	0
199	8
1124	0
203	0
23	59
0	59
15504	0
0	0
0	0
0	1
0	1
21	79
0	79
11	0
8	0
315	0
96	0
1091	0
0	0
0	0
160	0
86	0
1	0
322	0
911	0
16	0
155	0
20	0
1	0
1	321
0	331
7	331
0	1
0	1
134	0
0	0
0	0
0	0
0	0
419	0
1508	0
189	0
6593	0
302	0
0	0
1602	0
5	0
6	0
1	0
0	0
0	0
1	0
0	0
93	0
87	0
6	0
0	0
0	0
2574	0
1	0
1995	0
0	0
695	0
623	0
3	0
5	0
5	5
0	4
0	0
1085	0
5	0
1	3
0	3
0	0
11	0
39	0
127	529
0	529
1128	1029
1	1029
0	4
5	4
81	0
2	0
165	0
0	0
0	1
0	1
848	0
2	0
107	0
217	0
0	0
0	2792
12	2792
0	0
0	0
0	0
1	0
0	0
0	0
0	0
0	0
0	0
11	0
94	0
121	0
915	0
897	0
195	0
8	8
0	8
117	0
0	3
0	3
0	0
0	0
54	8
1	37
4134	0
8	0
448	0
0	0
0	0
0	0
0	1
0	1
0	0
326	0
177	84
0	84
34	76
1	76
12	4
64	4
0	0
0	0
0	0
0	0
0	0
0	0
0	0
0	0
0	0
0	0
0	0
281	2159
16	2159
698	0
156	0
0	0
0	0
393	101
1	101
456	0
0	0
0	0
0	0
450	0
0	0
30	30
0	0
25	32
0	6
4	22
0	209
25	186
0	0
37	24
89	32
15	43
0	0
0	0
0	0
0	0
0	0
0	0
98	45
0	19
7	182
9	2
52	43
5	9
3	0
0	0
4	0
29	0
0	7
0	7
1	210
3	210
1208	220
0	0
149	0
155	47
2	47
1082	364
2	492
4	3
281	172
5	155
0	0
0	0
0	0
0	0
0	0
0	0
0	0
553	0
1148	0
462	0
0	0
8220	0
1	0
1	0
176	0
8	29
47	21
1	1
0	5
103	0
0	45
0	45
522	0
2	3
340	0
0	0
7	0
14	0
0	0
0	0
1	0
383	0
5	0
0	0
0	1
0	1
0	0
0	0
0	1
0	1
386	0
0	0
0	0
93	0
0	110
0	117
1	43
0	1
0	3
8	95
3	52
0	52
0	0
3	91
0	0
0	0
0	1
0	1
18	49
0	5
0	5
1	45
0	62
0	72
0	72
0	11
13	70
3162	126
0	0
2	0
0	0
0	0
0	0
0	0
321	0
0	0
0	0
0	4
0	3
2	0
161	0
1	0
14	0
13	0
337	0
570	0
0	0
0	0
0	1
2	0
0	0
1168	1
1203	0
393	0
0	0
1	0
0	0
8	0
0	1
0	0
639	426
0	427
906	0
467	0
0	1
0	1
2	0
0	0
182	0
0	0
5	0
0	0
20	0
0	0
0	0
0	0
0	0
0	0
0	0
19	15
0	0
36	15
0	0
61	0
22	0
2456	0
2404	0
0	0
0	0
5	5
0	0
2	0
0	0
286	0
0	0
33	0
1227	0
1	0
1	149
10	149
0	0
93	0
2	1
0	0
533	0
1	0
121	6
0	0
2	0
0	0
3	0
612	0
0	0
238	0
0	234
103	234
0	0
0	0
24	0
0	0
3	3
1	8
0	0
3	7
0	0
0	77
0	0
0	73
2	145
7	9
0	0
0	0
0	0
11	17
21	83
0	82
0	0
0	0
1	1
0	0
0	2
0	2
1	1
1	2
0	0
0	100
9	100
0	95
5	0
0	0
342	229
3	228
0	0
30	0
156	0
1	0
0	0
100	0
24	0
0	0
0	0
450	0
1	0
0	0
67	90
1	90
1	0
261	0
65	0
23	0
0	0
0	0
0	0
0	0
0	0
0	0
39	0
10	0
0	0
0	0
0	0
0	0
0	0
510	0
0	0
0	0
10	0
1	0
184	0
2	0
24	0
0	0
0	0
0	0
5	0
10	0
934	0
160	0
0	0
0	0
1	0
0	0
0	0
0	0
0	0
909	0
1	0
920	0
65	1
0	0
1	0
0	0
1178	0
0	0
192	0
14882	0
212	0
13	532
339	532
1	0
2	0
19	0
53	0
0	0
50	0
0	0
2	0
968	0
22	0
69	0
0	0
0	0
0	0
926	0
42	0
0	0
1	0
0	0
5	0
0	11
1	21
0	0
255	0
0	0
0	0
0	0
45	0
92	0
157	0
21	0
249	546
0	547
0	0
0	0
1071	0
1858	0
0	0
0	6
0	6
0	0
8	0
44	509
0	509
409	445
0	445
3	0
1	0
144	0
0	0
41	115
1	116
0	0
0	4
0	4
0	0
348	0
52	0
2	0
0	0
0	0
0	1
0	0
0	1
0	0
0	0
0	0
182	296
0	296
4	0
1	0
5	159
0	159
0	0
0	0
1	0
112	0
5	0
0	0
125	0
0	10
0	10
71	0
7	101
0	101
169	0
1	0
0	120
0	120
79	0
0	6
0	0
0	0
0	0
0	0
1	0
0	0
0	0
0	0
73	0
21	0
164	295
0	291
0	0
0	0
0	0
1	0
0	0
0	0
417	0
0	0
0	0
2	1
9	12
0	2
0	0
0	0
0	1
0	0
0	0
0	0
0	0
0	0
2	0
5	34
0	25
0	0
0	0
0	0
4	151
1	136
79	154
0	1
0	0
3	32
0	27
0	10
0	0
0	0
0	0
0	0
0	0
1	17
0	15
1	1
0	0
0	0
0	0
0	0
0	0
0	47
0	0
0	4
0	14
0	12
0	0
0	0
0	0
0	0
0	1
0	1
1	4
0	11
0	12
1	0
0	0
0	0
0	0
0	0
0	0
1	1
0	0
0	0
0	0
0	0
0	0
84	88
0	30
2	10
0	1
0	2
0	0
0	0
0	0
0	0
0	0
0	0
0	8
0	32
0	29
0	0
0	0
0	2
0	0
0	0
383	154
23	75
1	75
0	0
1508	1944
52	190
1	174
77	18
0	0
0	0
0	0
0	0
0	0
0	1
0	0
0	0
184	1351
0	0
60	35
21	1566
23	35
0	357
0	320
0	261
5	0
0	1
0	0
0	0
0	0
0	0
0	0
0	0
12	22
14	28
1	0
0	0
0	0
0	4
0	0
2	0
0	0
0	0
0	0
0	0
0	0
143	0
1192	0
245	0
3	0
504	0
237	0
0	0
244	0
71	260
0	263
0	26
4	6
34	58
0	29
0	41
0	0
0	0
0	0
2	4
0	0
19	27
0	3
0	0
0	0
0	0
0	69
0	69
10	24
16	19
0	1
3	1
0	4
0	0
0	0
51	52
0	2
1	0
5	1
0	0
634	0
0	1
0	1
553	0
1	0
1	0
2	3
0	3
0	0
2	1
31	60
36	27
15	3
0	0
0	0
0	0
0	0
0	0
0	1
0	1
0	0
2	0
0	0
0	0
0	0
4	1
0	1
9	461
0	174
0	1
0	1
0	0
0	0
3	0
0	0
0	0
5	0
972	461
0	0
0	0
0	0
0	0
101	0
1041	0
410	0
0	0
15	18
0	18
0	0
0	0
0	0
364	175
1661	175
0	6
26	126
0	0
0	0
28	0
0	0
0	0
160	0
0	0
0	0
0	0
0	0
2	3
0	3
0	0
0	0
0	0
0	0
3	0
0	0
0	3
1	2
0	0
0	0
0	0
1	0
26	0
3	5
0	0
101	0
0	0
725	0
0	0
108	1
0	0
0	0
0	0
3	1
0	0
0	0
13	1
1	2
0	0
2	1
0	0
0	0
0	0
5	1
0	0
0	0
0	0
0	0
0	0
0	5
0	0
0	0
0	1
0	1
0	1
1	0
14	6
0	0
1	0
0	0
0	0
21	0
0	0
0	0
0	0
0	0
0	0
0	0
0	0
0	0
0	0
21	17
0	36
36	21
0	0
0	0
0	0
0	0
0	0
0	0
0	0
1	0
0	0
0	1
0	3
302	0
353	0
219	0
130	0
2	0
0	0
2	0
0	7
0	0
1	0
0	0
0	0
11	0
0	53
0	0
0	0
0	0
1	0
124	0
4	0
0	0
0	0
115	0
0	0
0	0
8	3
0	0
4	0
123	6
0	8
0	0
0	0
0	0
1	0
0	0
0	0
0	0
0	0
0	0
0	1
0	0
0	0
0	0
0	0
0	0
0	0
0	2
1	0
3	2
0	4
0	0
0	1
1	2
1	1
0	0
0	0
104	0
0	0
663	9
0	0
0	0
2	0
21	19
0	0
0	9
0	0
2	7
0	0
0	10
2	0
6	4
1	0
0	1
2	3
0	0
0	0
0	11
4	11
0	0
0	0
1	0
2	3
0	0
7	4
44	1
0	0
0	0
0	0
0	19
0	26
0	5
0	0
0	0
478	246
26	0
0	0
0	0
3	39
0	25
0	42
1	0
0	0
0	0
0	0
0	0
0	2
6	2
0	0
0	0
0	0
0	11
0	3
0	0
0	0
0	0
0	0
1	2
0	0
0	0
0	0
18	0
0	0
0	1
6	3
0	3
0	2
0	0
3	7
0	5
0	0
0	1
0	0
0	0
0	0
0	1
0	0
0	1
0	1
7	0
0	0
0	0
0	0
0	0
0	3
0	0
0	0
0	0
0	0
1	2
0	4
0	0
0	0
0	0
1	2
0	2
0	0
0	0
0	0
0	0
0	0
0	0
0	0
0	0
0	0
0	0
0	3
3	0
0	0
0	0
0	0
0	0
0	0
0	0
0	0
0	0
0	0
0	0
0	0
0	1
2	9
0	0
0	1
0	0
0	0
0	0
44	18
0	0
0	1
0	0
0	0
0	0
1	1
0	0
0	1
1	8
0	0
5	0
0	0
0	0
0	0
0	0
0	0
0	0
0	0
0	2
0	0
0	0
0	0
0	0
0	0
0	0
0	0
1	0
0	6
0	2
0	1
0	2
0	0
0	0
0	0
0	0
0	0
0	0
0	0
0	0
0	0
0	0
0	0
0	3
0	6
0	0
0	0
0	0
1	3
0	0
0	0
0	0
2	6
0	0
0	0
0	0
0	0
0	4
0	1
0	0
0	11
0	1
0	0
0	6
0	0
0	0
0	0
0	0
0	0
0	0
0	0
0	0
0	0
0	0
0	0
0	0
3	8
0	0
0	0
0	3
0	1
0	4
0	0
3	0
10	1
0	8
0	0
0	0
0	0
0	0
0	0
0	0
0	0
540	0
0	0
335	715
0	715
506	2
0	2
7	0
0	0
8	0
20	0
6	0
2	0
0	0
0	0
0	0
0	0
116	74
317	0
3	0
678	0
662	0
0	0
0	0
673	0
0	0
378	0
0	0
0	11
3	3
0	1
0	0
609	0
55	74
0	0
5	0
0	0
293	0
0	0
163	131
0	0
0	0
0	0
3	27
0	33
26	4
15	3
0	0
0	1
659	0
665	815
18	823
0	0
0	0
0	0
1	3
0	193
0	193
118	67
0	210
0	0
1	0
0	20
0	20
1	0
358	0
0	1
0	0
508	0
1	0
0	0
1	0
0	0
311	50
0	51
1	0
0	0
0	0
0	0
0	0
0	0
0	1
6	5
11	5
2	12
0	6
0	1
0	1
0	1
22	0
0	0
0	0
2	0
10	0
1	0
281	627
0	0
1	0
3	0
0	0
1	0
9	5
3	1
8	15
3	1
1	0
0	0
2	17
0	0
0	1
0	0
0	0
0	2
115	2
2	0
0	0
0	0
0	0
0	0
2	0
0	0
0	0
0	0
0	0
0	0
0	0
0	0
1	0
5	1
0	4
0	5
0	0
0	0
37	37
0	16
0	21
6	0
0	0
0	0
0	3
0	0
0	0
0	0
0	0
0	15
0	24
0	4
0	4
0	0
1	19
0	16
1	1
0	0
0	2
0	0
0	9
0	0
1	1
0	0
24	0
1	2
5	33
0	1
0	0
2	7
0	6
0	0
0	1
0	0
0	3
0	0
0	1
0	0
1	0
0	0
0	0
0	0
0	0
0	0
0	0
0	0
0	0
0	0
0	0
0	0
0	0
0	0
0	0
0	0
0	0
0	0
0	1
0	0
0	0
5	1
0	0
2	0
0	0
0	0
0	0
0	0
0	3
1	0
0	0
1	0
0	0
1	0
30	0
0	0
0	0
0	0
0	0
26	13
0	0
0	0
0	2
0	1
0	0
0	0
0	0
0	0
0	0
0	0
0	0
0	0
0	0
0	0
0	0
0	0
0	0
0	2
0	2
0	0
0	0
0	7
0	0
0	0
10	0
0	0
0	0
0	1
0	0
0	0
0	0
0	0
1	1
5	0
14	0
20	0
0	0
0	0
0	0
0	0
2	0
193	0
93	0
32	0
0	5
91	0
0	1
0	1
0	0
143	1
1	106
1	0
0	11
0	1
0	0
1	0
0	0
0	0
0	0
0	0
1	3
0	0
0	0
0	0
0	0
0	0
0	0
0	0
0	0
0	0
0	0
7	7
11	7
0	0
0	2
1	2
0	0
107	19
0	19
1	0
0	0
0	0
2	0
9	0
31	20
1	0
0	0
0	0
0	0
0	0
4	0
0	0
0	0
0	0
0	0
0	0
0	1
0	0
0	0
0	0
4	0
0	0
0	0
142	0
0	0
167	0
11	0
0	0
17	0
0	0
283	0
0	37
2	32
0	0
0	0
80	36
2	0
113	21
0	0
1025	0
0	0
0	0
2	0
0	0
55	0
0	0
0	0
3	84
0	0
0	0
0	66
0	66
14	57
0	0
17	7
1	70
0	1
0	1
6	1
0	0
0	58
0	58
17	7
0	0
1	0
0	34
0	14
0	0
0	0
0	0
0	0
0	0
0	0
0	3
0	3
0	1
0	0
0	0
0	1
0	2
0	0
0	1
0	0
0	0
0	0
0	0
0	0
3	6
0	0
0	0
0	0
0	0
0	0
0	0
0	0
0	0
0	0
0	7
0	2
1	0
0	0
43	5
0	0
0	0
4	0
0	0
0	3
0	0
0	0
0	0
0	0
0	1
2	4
0	0
0	0
1031	0
1	0
0	5
0	5
0	0
0	0
0	0
1	1
0	0
0	1
0	0
0	0
0	3
0	1
1	1
0	0
0	0
0	0
0	0
41	0
408	0
0	0
0	0
0	0
825	0
62	0
497	0
0	0
0	0
0	0
429	0
18	90
7	90
0	0
0	0
3	59
1	0
54	0
0	0
0	0
0	0
0	0
0	10
0	10
72	0
0	0
0	0
117	139
13	139
59	0
0	0
224	0
5110	0
0	0
0	0
0	0
0	0
0	0
3	4
0	7
0	0
0	0
0	0
358	0
105	0
0	0
0	0
117	355
1	356
3	81
0	70
268	0
452	0
0	0
3	0
13	85
0	85
2	0
146	21
0	21
0	499
1	499
29	514
25	514
8	0
362	0
473	5
0	0
5	12
0	4
42	63
0	63
74	0
0	0
0	0
0	0
0	0
0	0
25	47
498	0
5	0
0	0
0	0
0	12
0	0
0	0
1	0
101	0
0	0
0	0
248	299
0	299
0	0
0	0
0	0
0	0
0	0
3731	0
513	0
8	0
2	0
633	0
1550	0
923	41
124	0
70	0
298	0
0	0
1	0
1	0
0	0
0	0
0	0
0	0
105	0
2	0
2	0
2	0
0	0
0	0
4	0
0	0
0	0
0	0
0	0
0	0
7	8
0	0
0	0
0	0
0	0
0	0
0	0
8	0
0	0
0	0
142	0
0	0
0	0
0	0
0	0
0	0
2088	0
658	123
0	120
9	3
0	0
1	0
4	0
0	0
0	0
3	0
0	0
0	0
11	19
580	1335
0	0
1	0
0	0
0	0
0	0
0	3
1	0
5	0
1	9
0	9
0	0
18	98
0	0
6	22
2	0
0	0
0	0
1	0
0	0
0	0
0	0
0	0
0	0
3	834
0	697
0	0
0	0
0	0
0	0
0	0
0	3
17	28
1	1
1	1
0	0
0	0
0	0
0	0
0	0
0	0
0	856
0	1173
2	0
0	0
0	5
2	113
1	110
0	1
0	0
0	0
0	0
4	13
5	1
18	0
0	0
129	0
345	94
0	0
0	0
0	106
4	133
0	0
0	0
0	0
0	0
0	0
0	0
0	0
0	0
0	0
0	0
0	0
0	0
10	96
0	25
0	0
0	4
0	1
1	0
0	0
0	1
27	61
1	5
477	350
3	350
1	0
1	0
154	0
0	0
0	0
0	0
0	12
0	0
537	0
0	14
137	0
0	5
0	0
1	0
0	0
0	0
0	0
0	1
0	0
0	0
0	0
0	0
0	0
0	2
0	0
0	0
0	0
92	0
0	0
0	0
1	0
0	0
0	10
0	0
0	0
4	0
0	0
0	0
0	0
1	0
0	0
0	0
0	0
0	0
0	0
0	0
0	0
0	0
0	0
0	0
0	0
0	0
0	0
0	0
0	0
0	0
0	0
0	0
0	0
1	0
0	0
0	0
0	0
0	0
0	0
12	392
11	392
52	0
7	140
1	140
0	1
0	0
5	0
0	0
8	10
0	13
0	9
0	0
1	0
145	0
0	1387
284	1387
98	0
0	0
0	0
96	0
0	0
0	0
0	0
1	0
155	0
22	89
1	89
113	0
27	71
1	71
114	444
2	452
317	0
70	149
28	149
0	0
0	0
0	0
0	0
1	0
0	0
1995	0
15	0
0	0
0	0
1085	0
1577	0
46	0
3	0
0	0
0	0
168	0
1	0
15	268
0	268
0	0
6	0
0	0
104	0
3	378
59	378
0	0
6	0
0	0
1774	0
88	0
6	0
17	15
10	11
0	13
1	0
0	0
126	326
1	356
0	11
3	110
21	20
0	0
0	63
0	107
0	0
0	0
0	0
0	0
93	1
0	37
0	16
0	0
0	0
0	0
0	0
2306	319
105	0
27	93
0	0
0	0
0	0
0	0
0	21
0	31
0	0
0	0
0	0
1	2
0	5
1	0
0	0
0	0
0	26
0	27
0	63
1	63
0	109
0	126
0	13
0	2
0	0
0	0
0	0
0	56
0	33
0	88
0	2
0	0
0	0
0	56
0	1
2	222
0	221
0	0
22	108
1	0
0	5
18	1
0	0
11	0
347	0
227	586
3	586
154	2
323	0
0	0
0	0
12	1
1	0
0	0
0	0
0	0
5	5
0	5
32	6
0	6
0	0
0	0
8	84
0	81
0	0
0	0
3	3
0	12
2	12
0	0
0	0
0	0
143	0
245	0
418	0
543	0
67	0
0	0
3	0
0	0
1	0
0	0
0	0
1	0
0	0
84	29
6	0
217	0
0	1
126	0
1	4
0	0
1117	0
0	0
0	0
0	0
0	4
31	150
0	4543
0	82
0	0
30	56
1	9369
0	1661
0	7
1	16
0	95
0	1
0	51
0	37
0	30
0	3
2	1
0	296
0	1428
1	38
0	24
19	8
0	8
1	4
0	4
5	0
0	0
0	0
0	0
1	0
0	0
0	0
0	0
0	11
0	10
0	2
84	0
0	0
2	0
19	0
1	0
10	0
0	26
0	26
3	0
24	70
0	70
0	2
0	2
0	161
0	161
227	0
4	0
107	0
0	0
1572	0
337	0
4	0
84	0
79	0
39	0
801	0
206	0
601	0
18	0
0	0
2	0
0	0
36	0
0	0
3	0
310	0
0	0
0	0
259	386
165	386
9	0
39	0
1	0
0	0
1	0
189	0
281	0
13	0
0	1
0	1
244	0
135	0
5	0
19	26
0	26
8	59
0	59
1	59
18	0
1499	0
0	0
9	0
186	2
1	0
71	0
33	0
9	0
0	754
0	754
0	0
1	7
38	7
0	0
0	0
0	0
0	0
0	0
0	0
0	0
0	0
0	0
0	0
0	0
7	0
0	0
46	0
13000	0
0	0
2	0
0	1
1	1
291	0
0	0
0	0
0	0
0	0
0	0
0	0
0	0
0	0
0	0
0	0
0	0
1715	0
0	0
0	0
1374	0
3	0
2	0
0	0
0	0
0	0
14	0
0	0
0	0
0	0
0	0
2	4
0	0
0	0
902	0
133	0
186	0
0	0
0	0
0	25
0	25
23	0
2	0
0	0
66	0
0	0
0	0
89	0
123	0
337	0
35	2
0	2
0	0
0	0
4	0
151	0
2	0
34	0
12	0
156	0
86	0
0	0
39	0
7	0
782	0
0	0
0	656
25	656
3	179
0	179
0	0
0	0
255	0
307	55
5	61
5	1
23850	0
3	3
0	3
561	0
1821	0
96	272
2	272
11	0
209	199
0	199
0	0
2	1
0	0
0	0
0	0
10	1
0	0
0	0
0	0
759	0
4	0
0	0
70	0
2	875
0	875
0	0
0	0
0	0
0	0
256	0
41	0
0	0
15	0
1	1
4	1
628	0
134	0
196	0
1857	0
0	0
1	0
49	0
4	0
495	0
324	0
24	0
599	0
2	0
132	0
331	0
462	3
0	0
0	0
0	0
0	0
2054	0
0	0
0	0
0	0
0	1
141	143
0	0
0	2
0	288
4	276
8	43
0	145
0	133
0	9
1	0
1	4
0	0
0	0
0	0
11	1
62	126
5	28
0	189
3	198
0	17
0	0
14	181
0	168
0	0
0	0
0	0
0	0
6	0
0	0
0	0
10	425
21	425
4	1
0	0
4002	0
20	36
0	36
409	759
0	759
2	0
45	417
0	417
164	0
193	0
136	0
1	0
0	0
0	0
276	0
0	1
0	1
0	1
0	0
0	0
27	0
0	0
13	0
204	14
399	0
5	0
0	0
68	0
7	0
572	0
36	0
0	0
925	0
171	142
0	142
73	0
1	0
3	0
7	0
105	0
319	0
0	0
1	0
1187	0
842	0
0	0
2594	0
102	0
514	0
1	0
0	0
244	0
1	0
0	0
143	0
304	0
28	0
308	0
192	0
0	1
0	1
11	0
1462	0
0	0
0	0
13937	10706
9	10706
531	0
2	0
2	0
2	0
7	0
1416	0
9	0
488	0
0	0
822	42
1380	1
320	2534
0	2534
0	0
1230	1918
0	1923
1	42
0	0
48	0
468	6
0	13
0	0
0	0
0	1
0	1
0	0
4	0
1474	0
0	0
417	0
1	0
1	1
0	1
1	1
0	1
162	0
155	268
0	268
8345	0
19	458
31	458
305	0
0	0
0	0
0	0
19	0
0	235
1	257
2	257
0	0
181	0
216	0
120	0
0	0
355	0
46	86
0	86
1	0
331	0
0	0
0	0
0	0
49	0
95	0
1	9
0	0
239	0
0	0
0	0
7	187
0	187
0	0
66	74
0	1
0	8
1	7
0	2
0	0
0	0
0	64
0	78
26	21
5	181
146	168
18	43
1	0
15	0
0	0
0	0
0	0
1	38
0	66
0	29
1	1
0	0
38	0
15	4
0	43
21	49
17	91
0	4
0	0
0	0
0	0
0	0
0	0
204	33
0	0
0	0
0	0
0	0
19	1503
1	1503
59	161
0	161
0	0
818	0
116	0
1	0
207	0
10	21
0	21
0	0
8	382
19	382
2	0
17	0
12	0
147	0
1622	0
297	0
46	0
0	0
1380	107
3	3
0	0
6	3
36	2
3	0
1	0
0	6
0	396
0	367
0	3
0	9
365	374
0	67
0	0
665	23
1	0
705	0
100	0
876	0
0	0
0	0
3	0
0	0
218	0
184	0
0	0
423	0
1	3
0	3
0	0
136	0
17	0
33	8
1	8
19	4
11	10
0	10
2	4
6	42
19	40
4	34
1	3
1	0
0	2
0	0
219	0
140	0
32	0
17	0
2	0
22	0
0	0
119	27
0	27
4	228
0	228
1	0
276	0
248	0
47	0
5590	0
55	27
18	27
748	0
1074	0
0	0
0	0
3	0
0	0
0	0
0	0
142	42
2	117
0	107
0	41
2	41
0	1
0	1
0	1
0	0
0	0
0	0
0	0
24	203
0	203
1152	0
902	0
1	4
43	0
2481	0
47	0
46	1
219	0
256	0
4	237
0	237
184	0
3	0
0	0
841	0
9	0
302	0
395	228
0	228
1	0
0	0
0	0
0	0
0	0
4	8
2	5
35	1
0	0
0	0
0	0
0	0
0	0
2	7
0	1
0	1
1	4
0	0
4	2
7	0
0	0
0	0
0	0
0	0
0	0
0	0
0	0
1	0
0	2
0	2
0	0
0	0
0	0
0	0
0	0
0	0
1	0
0	0
0	0
0	0
0	0
0	5
0	5
0	1
0	1
2	0
0	0
0	0
0	0
0	0
0	0
0	0
0	5
0	5
0	2
0	0
0	0
0	0
0	0
0	0
0	0
2	11
0	11
0	0
0	0
29	0
0	0
0	0
8	54
0	54
2595	0
48	0
6548	0
1	0
0	0
0	0
0	1
0	1
1224	0
59	463
0	463
19	0
1673	0
2	0
0	0
0	0
0	0
9	0
0	0
0	0
826	0
1	0
91	0
0	0
0	0
1169	0
1	0
30	0
323	0
1	5
0	0
0	0
0	0
0	0
0	0
0	3
0	2
0	3
0	0
0	0
0	0
0	0
0	0
0	0
0	19
0	0
0	0
0	6
0	0
0	0
1	0
0	0
2	0
0	0
0	0
2	6
0	0
0	0
1	0
0	3
0	0
0	4
0	0
0	4
0	4
1	26
1	26
8	11
0	44
0	41
13	11
0	0
0	50
2	0
0	0
234	0
0	0
905	0
487	0
55	0
6	43
0	6
43	43
466	0
0	0
0	3
0	0
0	0
0	0
0	14
0	17
0	13
0	0
0	0
0	0
4	45
0	7
0	13
1	42
8	83
0	86
0	36
0	0
0	0
0	7
0	7
0	1
0	4
0	28
0	49
0	0
0	4
0	12
0	30
7	18
0	0
57	47
661	854
17	834
13	0
277	0
0	0
8	0
0	5
0	4
2	0
0	1
1	11
0	0
154	0
279	0
0	0
4	55
0	55
0	6
0	1
0	1
0	12
3	12
18	65
0	56
0	0
0	0
285	128
0	89
2	0
63	17
2	58
15	58
3	28
0	25
5	6
40	0
1	0
99	11
1	3
1	0
0	0
5	73
12	73
612	988
1	988
531	0
4	108
0	108
0	0
1	1
5	3
20	0
27	113
0	113
2379	0
0	0
0	0
0	0
0	0
0	50
6	50
13	0
0	0
20	138
0	138
1	3
0	0
0	0
5	0
14	0
0	49
0	51
0	50
433	0
138	0
2338	0
0	0
0	0
0	0
0	0
0	0
0	0
0	0
0	0
0	0
0	0
0	0
290	0
370	5
0	5
0	0
412	0
0	0
334	3
0	0
5	19
0	19
142	0
252	7
0	7
0	1
8	3
87	102
0	0
0	102
0	0
90	0
507	0
98	0
0	10
148	0
0	0
636	0
143	0
89	103
1	103
99	0
1	0
593	0
88	0
394	0
0	0
806	0
359	0
133	0
0	0
18	55
1	71
1071	0
44	0
74	428
172	439
0	2
0	0
0	0
1	0
313	0
109	0
5	0
4	7
2	7
0	0
1	0
207	0
240	0
6	0
1336	6
111	87
6	100
12	0
46	0
219	0
438	12
10	337
0	337
36	0
68	0
0	0
333	481
4	481
0	0
21	0
0	0
446	0
193	0
0	1
0	1
0	1
0	0
0	0
0	0
0	1
0	1
0	0
53	0
11	0
1	0
0	0
67	0
537	0
0	0
1986	0
0	0
0	0
0	0
0	0
261	0
0	34
4	34
101	3838
17	142
2	4
0	0
0	0
2441	3979
1560	0
1042	0
0	0
39	0
0	0
1	1
1516	0
305	0
163	0
789	0
413	2
288	2
435	0
229	0
1	0
0	0
378	0
0	155
3	155
526	0
2	290
20	290
50	0
160	534
0	534
1	0
1728	0
183	0
916	30
416	0
0	0
0	0
188	0
114	0
508	0
42	0
12	0
64	789
12	789
1252	0
78	0
6	26
0	26
0	0
0	0
0	0
26	0
0	0
338	0
2	0
0	86
30	86
8	0
148	0
198	116
0	16
0	0
0	0
4	0
2	0
41	0
36	0
332	0
362	0
153	0
339	0
0	0
1383	0
0	0
0	0
1	1
4	1
0	0
0	0
286	0
17	3
167	85
0	85
1	0
22	3
451	0
0	0
65	0
0	0
999	0
0	0
1	0
0	0
38	0
262	0
17	0
274	0
163	0
8	0
0	0
1000	0
0	0
30	0
97	0
248	0
246	0
1	0
243	0
1	0
0	0
0	0
0	0
2	206
22	206
3955	0
51	5
0	5
11	0
39	0
590	0
84	0
0	0
169	0
0	0
189	0
7	0
94	0
4	0
1	0
173	0
461	0
140	0
8	0
48	0
473	0
40	0
96	0
0	0
214	0
2725	0
487	0
593	1309
0	1309
3	2
2	2
8	0
0	0
249	0
3	10
0	10
2	86
1	86
763	0
1	0
44	0
11	37
0	37
0	0
0	0
27	0
587	0
3	0
10	11
2	11
2	0
0	0
66	0
0	0
968	0
1208	0
156	0
2304	0
68	0
20	0
25	0
20	0
32	0
1	0
44	0
1	0
0	376
0	376
75	0
69	126
0	126
4	0
1	0
0	0
124	1
801	0
2	0
1	4
2	0
0	0
1	1
0	0
0	0
1	0
0	0
0	0
0	0
0	0
0	0
0	0
0	0
0	0
0	0
0	0
0	0
0	0
0	0
0	1
2	21
0	21
44	0
147	0
2	0
0	0
0	0
0	0
0	0
0	0
231	0
1	0
97	0
9	74
0	74
763	0
33	0
57	0
0	0
0	0
0	0
0	0
0	3
0	0
0	0
0	0
0	0
0	0
0	0
0	0
0	0
0	0
0	0
0	0
0	0
0	1
0	0
0	0
0	0
0	0
8	0
0	0
10	0
247	0
4559	0
2417	0
9	2
10	78
74	0
0	0
4	0
0	0
1	0
1	1
0	1
0	0
11	0
377	0
263	0
1	0
46	0
84	211
0	211
2	0
1	0
11	0
78	0
10	0
7	0
22	0
3	2
3	2
32	0
0	0
2	277
2	277
37	0
10	13
0	13
0	11
4	0
0	0
2	3
0	3
209	0
37	0
890	2192
0	2192
0	0
1	0
100	421
0	421
196	272
7	272
0	0
95	229
1	229
0	0
717	0
371	0
0	0
0	0
1	0
0	0
0	0
1	0
2	0
0	0
0	3
1	2
0	14
0	14
4	0
0	8997
2148	8997
67	239
1	239
3	9
0	9
332	0
0	0
35	0
0	0
10	0
293	0
866	0
227	0
31	0
19	0
0	0
0	0
4303	0
376	0
58	49
0	49
1	1
0	0
0	0
1931	3092
1	3092
49	7
13	0
91	0
294	0
0	131
0	136
0	91
4	5
0	5
13	0
2	0
0	0
0	0
4	0
0	0
138	0
762	0
0	0
2	0
3	15
0	15
141	500
0	500
27	0
1	0
3	0
0	0
0	0
0	0
1	0
330	0
3	0
110	0
0	0
204	0
259	56
0	56
0	0
156	0
0	0
0	0
0	0
0	0
0	0
250	0
0	0
0	0
8	0
2	0
47	0
0	0
0	0
173	0
0	0
101	0
147	0
135	0
2	0
401	0
87	0
0	5
67	1
5	1
54	46
0	0
0	0
0	0
0	0
0	0
80	0
480	62
0	0
0	0
7	65
1	65
0	3
0	54
0	51
0	0
0	0
0	0
666	3
6	0
1	0
37	0
3	107
6	107
280	0
4	8
0	8
0	0
247	0
2	0
2	19
0	0
0	0
20	0
0	270
147	270
150	426
0	426
0	0
3775	0
0	0
0	0
0	0
0	0
428	0
3	0
16	0
200	0
0	0
1	9
48	9
2	0
0	15
0	0
0	0
0	0
0	0
0	0
0	0
0	0
0	0
0	0
0	0
0	1
8	2
0	0
9	0
5	7
0	7
1	9
103	0
504	0
0	64
20	64
3	36
1	2
0	2
0	0
4	0
9	187
6	187
703	0
0	0
0	0
0	0
0	0
0	0
0	0
0	0
0	0
0	0
0	0
0	0
0	0
0	0
0	0
0	0
1	3
0	0
0	0
0	0
0	0
0	0
0	0
0	0
0	0
0	0
0	0
0	0
0	0
0	0
0	0
1	2
0	2
0	1
0	0
56	0
0	0
298	0
32	3
0	0
2	1
2	1
0	0
0	0
11	29
0	29
0	0
0	0
6	0
2	7
0	7
0	7
0	0
0	17
0	16
0	0
0	3
15	16
0	16
9	0
0	0
0	0
0	0
0	0
0	0
0	0
0	0
0	0
2	513
177	357
0	0
0	0
1	0
76	1699
45	1699
113	0
0	0
7	0
46	0
1	0
5443	0
53	234
0	234
335	332
0	332
0	2
0	2
602	0
189	0
54	0
5	0
158	0
4	0
1	0
3	0
0	0
0	0
481	0
14	14
0	14
0	0
46	0
1	0
0	0
580	0
399	0
411	791
0	791
197	0
628	0
609	1363
0	1363
175	0
12	0
42	89
0	89
43	0
0	0
0	0
2	0
0	14
0	14
74	0
0	0
16	0
314	0
0	0
0	0
0	0
0	0
1	1
3	7
0	0
18776	5869
18176	5869
83	0
10	0
0	0
0	0
0	0
713	0
20	0
110	0
28	30
2	26
0	4
0	0
0	0
0	0
0	0
0	0
0	2
0	2
3	0
4	2
0	0
1	0
0	0
0	0
133	20
0	20
0	0
0	0
0	1
961	0
69	0
80	0
4	0
27	133
0	133
1	0
2222	0
4	0
0	0
850	808
0	0
0	0
2028	808
370	0
33	0
530	1047
0	1047
67	0
76	944
29	944
0	0
0	0
0	29
7	115
0	0
1289	0
183	223
0	223
4	0
0	0
4	6
176	6
9	150
0	150
0	0
0	0
20	0
904	0
143	0
0	0
47	0
13	24
28	0
0	0
0	0
43	0
0	1
0	0
0	0
24	0
0	0
26	0
7	0
1	20
53	20
4	3
0	3
89	0
0	0
69	0
0	0
0	0
3	3
0	4
1	1
0	0
0	0
1	0
0	0
0	0
0	0
0	0
0	1
5	0
458	0
0	0
0	0
1371	0
0	0
0	1
0	0
0	0
0	0
0	2
0	2
0	6
0	0
0	0
0	0
0	1
0	0
0	0
0	1
0	3
0	2
0	0
3	1
5	1
3	4
0	0
0	4
0	5
0	4
2	3
0	3
0	3
4	0
5	0
0	0
943	0
3	0
2	0
6	2
1	0
0	0
374	0
341	0
0	0
353	0
0	0
0	0
0	0
0	0
0	0
0	0
0	0
1	0
0	0
0	0
0	0
44	183
0	176
0	176
70	1
16	6
0	1
2	2
0	0
105	0
3	6
0	6
0	1
0	1
0	0
0	0
10	3
0	3
1231	0
10	0
0	0
0	0
4	0
31	77
0	1
0	1
57	77
0	1
0	1
0	1
682	0
966	0
0	0
7	0
0	0
985	0
922	0
0	1
118	230
0	230
0	0
3	21
11	22
619	0
0	0
0	0
0	0
72	160
0	160
76	0
0	0
1	8
0	8
143	0
0	0
129	0
0	1
0	1
0	0
0	0
36	0
115	0
0	0
0	0
0	0
3	6
0	2
2497	0
0	0
1070	0
0	0
406	0
160	0
28	0
25	0
0	183
175	183
1	0
0	0
274	0
0	0
544	14
0	0
102	112
2	226
0	0
0	0
0	0
1	1
0	0
485	0
0	0
0	0
5841	0
0	0
0	0
0	0
0	0
0	2
0	2
0	0
8	2
257	0
2	0
1	0
0	2
0	0
0	0
0	0
0	0
0	0
0	0
0	0
0	0
0	0
0	0
201	286
1	286
1	0
1	0
0	0
453	0
6	6
3	6
1	0
176	0
0	0
7	0
0	0
0	14
0	14
4	6
0	0
9	0
2395	0
0	0
963	0
0	0
1	0
0	23
0	0
0	0
204	0
5	0
0	0
2894	0
0	1
1	1
0	0
0	1
0	0
0	0
0	0
0	2
5	30
0	30
0	0
0	0
0	0
0	0
44	1
0	101
0	0
485	0
470	0
0	0
171	15
23	15
13	82
0	82
0	0
37	0
0	0
0	0
0	0
0	0
201	0
0	0
1	2
0	0
0	0
0	0
0	0
1	0
26	172
0	172
15	1
0	0
827	593
2	762
2	0
0	0
0	0
1	0
0	0
0	0
0	0
0	0
0	0
0	0
477	0
0	0
244	0
0	0
0	0
0	0
132	0
586	0
0	0
166	91
82	91
2	0
182	0
0	0
418	0
0	1
577	10
0	0
0	0
0	0
2	8
0	0
12	0
2	20
0	0
2	9
0	4
2	0
1	0
1	0
1	7
0	3
0	0
0	0
0	7
0	6
258	10
0	0
0	0
5	11
0	4
0	3
0	0
0	0
1	1
0	0
0	4
0	4
0	0
1	1
943	0
1	1
1	0
0	0
0	0
153	0
0	0
89	0
0	0
4	19
0	19
32	0
99	19
1	0
0	0
0	1
11	12
147	0
107	0
37	473
8	473
1	0
1830	0
0	0
141	0
48	59
0	59
0	5
329	14
0	2
5	0
0	15
0	15
0	0
10	14
0	5
6	14
0	0
0	0
0	0
0	0
0	5
0	0
0	0
0	0
1	4
4	0
1	0
0	10
0	29
88	0
0	0
1	6
19	57
0	4
0	0
1	4
0	0
12	1
0	1
0	0
0	1
0	1
0	0
0	0
0	0
0	0
0	0
0	1
0	0
0	2
0	0
0	0
0	0
0	0
0	0
0	0
0	0
182	0
2	3
0	3
0	0
0	0
1	1
0	1
9	0
0	0
0	0
0	0
0	0
0	0
0	0
0	0
3423	0
0	2
0	0
318	0
4	0
0	0
0	0
0	0
0	0
0	0
0	0
6	0
0	9
0	9
760	0
0	0
0	0
0	0
0	0
0	0
335	0
6	29
0	0
2	1
63	29
0	0
215	0
199	0
139	130
0	127
0	0
0	0
0	0
0	0
0	0
0	47
0	0
0	0
1	1
0	0
0	0
0	10
0	10
0	14
0	0
0	0
1	0
0	0
15	0
76	61
0	0
0	1
0	0
0	0
1813	0
0	0
130	0
0	0
152	0
58	0
0	0
0	0
7	0
28	0
0	0
0	0
23	0
538	0
0	0
8	1
0	5
24	4
0	0
0	0
119	0
0	0
0	0
0	0
69	0
0	0
0	0
12	0
0	8
0	0
1	0
0	0
1	0
442	0
0	14
0	0
51	111
0	111
278	0
0	0
0	0
0	0
0	0
16	0
0	0
0	0
0	0
0	0
0	0
0	0
0	2
0	0
0	0
0	0
0	67
16	67
6	0
1	0
0	0
1	0
0	11
0	0
483	0
4	0
0	0
0	2
0	0
0	0
43	0
0	0
0	0
0	0
66	0
0	0
0	0
0	0
0	0
0	0
0	0
0	0
3	0
0	0
0	0
0	0
0	0
146	0
0	0
0	0
138	0
4	0
589	157
1	157
0	0
2	0
0	0
113	16
0	46
14	48
2	0
0	0
0	0
0	0
62	0
0	0
0	0
0	0
2	1
2	1
3	3
0	3
0	0
0	0
0	0
0	0
3	2
393	14
0	26
0	0
0	0
1	4
0	0
0	0
13	14
0	14
0	0
0	0
0	0
33	0
6	1
0	1
0	0
0	0
0	0
0	0
0	0
0	0
0	0
0	0
0	0
0	0
0	0
0	0
0	0
0	0
0	0
0	0
0	2
0	0
0	0
0	0
0	0
0	0
0	0
0	1
0	1
0	0
0	108
0	108
0	0
0	0
97	0
0	0
0	0
0	0
0	0
0	0
0	0
0	0
0	0
0	0
0	0
654	0
0	0
0	1
1	0
0	0
0	0
0	0
0	0
0	0
0	0
0	0
81	10
0	0
0	0
0	7
0	0
0	0
0	37
0	378
0	0
0	18
1	93
0	0
0	0
1	0
0	0
0	0
0	0
0	0
0	0
0	0
0	2
0	0
0	6
1	0
0	0
1	1
0	0
0	0
0	19
0	36
0	0
0	4
0	4
0	0
0	0
4	0
0	0
0	0
0	0
0	0
0	6
0	0
0	35
0	14
0	0
0	0
3	0
0	0
0	0
1	0
0	0
0	0
0	0
2	173
0	0
0	0
0	0
0	2
1	0
0	0
0	1
0	0
0	0
0	0
0	0
0	0
0	0
1	0
0	0
0	0
0	0
0	0
0	0
0	6
0	0
0	58
0	27
0	0
0	1
0	0
4	13
0	0
0	0
1	0
0	3
0	3
0	1
0	1
0	1
0	0
0	1
0	0
0	1
0	1
0	0
0	12
1	6
0	15
0	258
0	4
2	0
0	2
0	1
0	0
1	0
0	0
0	0
26	0
0	0
4	12
0	0
14	95
0	19
43	15
2	0
0	0
0	0
0	0
0	0
0	1
0	0
12	11
0	0
0	0
0	3
44	97
0	22
0	16
0	0
0	0
0	1
2	1
0	1
0	0
4	7
0	0
0	0
0	0
1	0
0	0
0	14
4	12
0	13
68	93
0	1
0	0
1	0
0	0
0	0
3	1
0	0
1	468
25	45
0	1
0	0
25	0
0	22
0	0
0	0
0	0
0	35
0	36
0	0
0	17
0	59
0	13
0	0
0	0
0	0
6	2988
0	9
0	1
0	1
0	0
0	55
1	0
0	5
0	1
0	6
2	255
1	994
2	0
1	0
3	0
38	15
14	3
0	0
30	144
0	0
0	0
0	0
0	0
0	0
0	1
0	0
0	4
0	0
0	0
2059	93
1412	414
0	0
2	0
0	0
0	10
1	10
0	0
0	3
16	38
0	10
2	1
0	0
0	0
0	0
0	0
6	0
1	1
0	0
0	0
0	0
2	0
133	0
0	0
0	0
0	0
0	0
0	0
98	0
65	0
1	0
15	0
0	1
3	4
0	0
1	0
0	0
0	0
30	2
1	0
0	0
0	18
55	18
0	0
1	0
0	0
0	0
0	0
0	0
188	0
0	0
376	0
0	0
4836	0
26	4
1	4
30	2
0	1
0	1
0	0
0	0
4	13
0	1
0	0
0	0
0	0
0	0
224	0
0	0
0	0
0	0
0	2
0	0
42	0
0	0
1	0
222	0
1	0
0	4
0	0
0	0
0	0
0	0
0	0
0	0
0	0
0	0
0	0
0	0
0	0
0	0
0	0
0	0
0	0
0	0
0	0
0	0
0	3
0	3
0	0
0	0
0	0
0	1
0	0
0	41
0	39
0	39
0	0
0	0
2	0
0	0
1	0
0	0
0	0
0	0
0	0
0	0
0	0
0	0
1	0
0	0
0	0
0	0
0	0
0	1
0	1
1	0
0	1
0	1
0	0
0	0
0	0
0	3
0	2
0	0
0	36
0	10
0	0
95	48
0	0
0	0
0	0
0	0
0	0
0	0
0	0
0	0
0	0
0	0
0	0
0	0
0	0
0	3
0	5
0	0
0	0
0	0
0	15
0	0
1	0
0	0
13	67
0	56
0	62
8	7
0	0
0	0
0	0
1	0
0	0
0	0
1	0
0	0
0	0
1	0
0	3
0	0
0	0
0	0
0	0
0	0
0	0
0	0
0	0
0	0
0	0
0	31
0	0
2	1
0	50
40	131
2	21
0	0
0	3
1	1
1	2
0	15
5	0
4	29
4	26
26	197
0	0
0	0
21	19
0	0
0	0
1	58
0	36
0	0
0	2
0	0
0	0
0	1
0	0
0	0
0	0
0	0
0	0
0	0
1	1
0	0
0	0
0	0
0	0
0	0
0	1
0	1
15	16
0	0
0	0
0	0
0	0
0	0
1	56
23	56
1	0
0	1
1	0
1	0
0	0
2	38
0	38
0	0
701	0
16	0
0	0
992	35
0	0
0	0
0	0
0	0
0	0
5	0
131	0
0	0
1	0
182	89
11	0
0	409
10	411
0	0
0	0
0	0
121	0
116	216
0	216
0	0
0	0
0	0
0	0
0	0
0	0
0	0
0	0
0	0
0	0
544	0
0	0
102	0
0	0
13	40
0	1
0	5
3	0
0	0
174	0
2	0
1	0
0	0
0	0
2	0
5	45
0	39
0	0
0	0
0	0
0	0
0	0
0	0
0	0
0	0
0	0
0	16
1	1
45	0
0	0
9	0
419	0
0	1
0	0
0	0
0	0
0	0
0	0
0	0
0	0
0	0
0	0
0	0
0	0
0	0
0	0
0	0
0	0
0	0
0	0
0	0
0	0
0	0
0	0
0	0
0	0
0	0
0	0
0	0
2	0
0	0
0	0
1	0
1366	86
0	0
0	0
0	1
0	0
0	1
0	0
0	0
0	0
0	0
0	0
0	0
0	0
1	1
0	0
1	0
11	0
0	0
0	0
0	0
0	1
0	1
0	0
0	0
0	0
0	1
0	0
0	0
0	0
0	0
0	0
0	0
0	0
0	0
0	0
0	0
371	575
21	575
41	0
37	0
32	0
1	0
2	0
0	0
0	0
14	0
0	0
0	0
0	0
0	0
0	0
0	0
0	0
0	0
0	0
12	7
0	0
89	178
0	161
9	11
0	0
10	34
0	0
2	2
0	0
10	0
0	0
2	0
17	15
0	1
0	48
0	44
0	1
0	0
0	1
4	1
0	1
0	0
1	1
28	9
0	9
3	5
77	20
0	0
6	14
0	1
3	111
175	36
0	2
75	46
6	46
0	0
1120	0
11	13
0	13
0	0
433	0
0	0
0	0
175	0
0	0
0	0
0	0
0	0
0	0
0	0
0	0
4	5
0	5
18	0
2	0
0	0
56	0
0	0
0	1
0	1
35	0
2	0
0	0
1824	0
6	495
6	462
0	447
0	0
0	0
0	0
0	2
0	0
0	0
0	0
0	0
0	0
0	0
0	0
0	0
3	1
0	0
0	0
0	1
0	0
0	0
1	0
0	0
14	3
0	3
0	0
0	0
0	0
0	0
0	0
0	0
0	0
0	0
0	0
0	0
0	0
1	1
0	5
0	11
0	0
53	21
0	5
0	0
0	0
0	0
0	0
0	0
0	0
10	9
0	0
171	12
75	407
3	406
0	407
0	1
0	1
0	0
0	0
245	0
2	0
0	0
0	0
0	0
0	0
42	0
1	0
89	0
419	0
75	0
5	12
0	12
198	5
0	3
1	4
1	0
2	23
0	20
0	0
0	17
0	0
0	0
0	0
0	3
1	28
0	21
0	4
0	4
1	27
0	22
0	3
0	3
38	0
0	0
0	92
0	92
0	0
0	0
0	0
0	90
0	101
28	75
0	0
0	0
0	0
0	0
0	0
7	8
6	0
3	20
0	20
0	0
5	0
0	1
0	0
0	0
0	1
0	1
1	85
0	76
0	1
0	0
0	1
1	1
18	240
5	232
0	0
25	17
0	17
0	12
6	12
1	107
51	0
0	0
0	0
0	0
1	0
0	0
0	0
264	0
156	0
144	0
1	6
1	2
0	0
242	0
0	0
130	0
0	2
0	2
626	0
154	0
0	0
0	0
575	1421
0	0
0	0
0	0
0	1
780	1441
2	481
3	0
15	0
151	0
69	0
1	1
0	0
0	0
0	0
339	11
0	0
0	0
0	0
0	0
910	0
1	0
0	1
78	64
0	64
0	0
0	0
129	0
98	0
0	0
0	0
404	0
105	0
536	0
525	0
1	0
0	0
0	0
0	0
0	0
0	0
0	0
0	0
0	0
780	0
0	0
14	0
0	0
0	0
0	0
0	0
290	0
45	0
0	0
0	0
152	0
0	0
0	0
545	0
592	0
4	0
452	0
4	0
0	1
0	1
13	0
0	0
0	0
0	0
0	0
1	20
0	251
0	267
0	0
6	316
3	319
15	37
3	37
17	0
842	0
1	0
0	1
0	1
0	0
1	0
1027	119
1	120
0	0
4	1
0	0
1	9
0	0
20	0
0	260
28	260
0	0
0	0
0	0
0	0
0	1
3	3
0	0
0	0
0	0
47	0
0	0
262	0
987	0
443	0
121	0
1	0
0	0
121	0
12	0
441	0
2	297
1	297
351	0
11	348
0	348
15	0
375	0
12	0
770	0
0	0
424	0
1268	43
18	0
0	0
15683	0
103	0
74	0
20	0
0	1
0	1
4	0
104	0
0	0
0	0
0	10
0	4
207	7
644	0
0	0
2	0
207	0
997	4961
0	4961
463	0
0	0
172	0
0	0
107	0
194	0
1603	0
2	6
0	6
12	0
0	0
0	0
3119	0
1497	0
242	0
461	0
38	92
0	92
12	0
8	4
192	0
4	40
0	40
371	0
23	0
1	0
1	0
0	0
36	343
0	343
428	0
12	1119
0	1119
174	617
639	617
24	99
2	99
0	92
2	0
18	0
0	0
1	0
44	0
1618	0
111	0
199	0
1	0
5	0
2	7
0	7
738	0
924	0
0	0
6	10
1	0
0	1
0	1
381	18
2	17
3	0
4	0
0	0
8894	0
9	49
0	49
25	170
0	170
273	0
635	0
0	0
109	0
50	0
10	242
4	242
9	5
22	0
140	0
448	0
431	0
6	0
0	0
1029	0
1510	0
905	0
3	0
692	0
2	1
30	290
0	290
62	0
5	24
0	19
0	20
5	16
0	0
123	0
27	0
131	0
205	0
775	0
1	0
30	23
0	23
1014	0
81	0
1556	0
18	0
11	0
56	0
1752	0
10	58
134	58
82	0
107	0
0	313
0	313
0	0
352	1
0	0
0	10
0	10
4	1
4	3
3	3
62	17
0	0
0	0
0	0
0	0
0	1
0	0
0	0
0	0
0	3
0	3
0	0
0	0
0	0
6	2
0	0
0	0
2	9
0	8
1	12
0	3
0	3
1	11
252	2
523	0
366	0
197	0
242	0
12	0
0	0
0	210
0	210
178	104
0	104
11	0
3	186
55	186
1308	311
138	0
317	0
56	0
116	0
406	0
181	0
0	0
0	0
0	0
892	0
14	46
0	46
0	0
0	0
456	0
0	0
0	0
253	0
456	0
215	0
307	0
4238	0
566	0
0	0
118	0
2	0
991	0
0	0
6	0
199	0
281	0
8	0
49	0
140	0
0	0
111	0
2455	0
195	0
0	0
0	0
0	0
637	6
211	6
3	0
165	0
437	0
55	0
384	0
0	5
0	5
1365	0
102	155
0	155
0	178
2	0
52	123
0	127
604	187
0	187
1625	0
2	0
75	0
1	8
1	8
0	286
3	286
0	0
0	0
0	0
1	16
7	40
10	31
0	0
165	0
78	0
4	70
0	70
297	0
744	0
194	0
4	0
469	0
0	0
58	0
55	0
77	0
240	0
71	0
361	0
4	22
5	22
18	0
0	0
0	0
244	0
11	0
0	0
29	0
0	0
152	0
303	0
624	0
594	0
91	0
67	0
81	0
479	0
17	3
0	1
14	3
23	0
147	0
422	0
751	0
549	0
554	0
0	0
416	0
311	0
2	0
0	0
1	0
0	0
1	0
265	0
0	105
6	105
213	0
365	1795
0	1795
0	1
0	0
0	0
129	0
2343	311
0	0
6	0
126	0
1	0
2028	0
3	0
0	0
0	0
0	0
5	0
114	0
0	4
0	4
0	0
2023	0
184	0
6	0
1	2
0	4
25	37
4	0
1	0
175	0
0	13
2	148
0	148
349	0
0	0
1040	0
25	0
1628	0
0	36
1	36
1124	14
474	0
374	0
29	0
0	0
2	0
0	0
2	0
2579	0
0	0
693	0
11	0
86	0
925	1719
0	1719
945	0
0	0
333	0
673	0
133	0
7	0
0	0
24	0
198	0
3329	0
16	0
3	0
1160	0
619	0
0	0
0	0
0	0
164	0
171	233
0	233
454	0
0	75
0	75
11	0
0	0
459	0
16	263
0	263
2	0
0	0
0	0
206	0
3605	0
7	451
7	451
0	0
436	0
187	0
0	0
1	0
127	0
20	0
0	0
38	0
376	0
1195	0
762	31
121	0
0	0
6	0
0	0
0	0
0	0
220	0
0	0
18	222
0	222
941	0
153	0
212	0
92	0
9	1267
109	1267
0	1
0	1
720	0
650	0
138	0
3	0
0	0
465	551
1	551
133	0
1	0
6	0
0	0
0	0
340	0
699	0
378	0
694	0
4473	52
70	0
469	0
204	0
0	156
26	156
0	0
2	21958
8494	21958
175	1543
11	1543
298	0
793	0
7	224
71	224
2	0
47	0
498	0
0	62
31	62
2	0
72	0
2174	0
1	0
27	0
0	0
71	0
0	0
637	0
2	0
0	0
43	0
0	0
0	0
0	0
0	0
0	0
7	0
195	0
15	396
0	396
49	0
0	54
6	54
37	323
0	323
833	0
398	0
156	0
313	0
1	0
1	0
10	0
0	0
1	0
46	0
0	0
255	818
0	818
3	0
84	0
3	0
4	0
257	0
128	0
4	0
1432	0
442	3
0	3
241	291
0	291
0	0
4	0
38	0
874	0
5	0
328	0
2998	0
1	50
0	50
0	0
0	0
3	0
778	0
4	0
1	0
0	0
8	0
327	0
0	0
0	29
0	10
489	0
0	0
0	0
2016	0
0	0
0	0
20	0
289	0
0	0
0	0
0	0
0	0
147	0
1679	0
6	223
2	223
39	168
1	168
2	0
0	0
145	0
1	0
0	0
0	0
1	0
685	0
88	60
1	2
94	60
0	49
0	49
20	174
0	143
1	0
0	95
0	95
0	0
20	0
9	0
0	0
20	101
0	0
0	101
43	0
193	0
0	0
0	0
0	0
17	0
0	0
1179	0
0	0
826	0
186	986
0	986
0	0
0	0
0	0
0	0
1	2
360	40
1	40
0	0
0	0
0	0
1230	0
214	0
8	740
1	740
206	0
178	0
571	0
345	0
137	0
0	0
417	0
1	0
16	0
2	17
0	17
0	0
112	0
304	121
3	122
2	0
1	14
0	14
0	14
1124	0
0	0
13	0
395	0
80	0
73	0
58	172
2	172
614	0
225	0
44	29
0	29
1	222
171	222
0	0
29	0
229	0
387	0
5	0
0	0
0	0
4728	0
40	0
1	0
786	0
82	0
0	0
668	0
7	0
1301	0
1	26
1753	0
1410	0
0	0
0	0
1	0
0	0
0	0
4	0
127	0
30	15
0	15
63	0
340	0
0	0
1038	0
0	0
0	0
898	0
213	0
0	16
0	16
1	0
0	0
292	0
333	0
60	0
0	0
139	0
0	0
94	0
348	1
170	0
0	0
255	0
85	0
436	284
0	284
33	0
648	0
0	0
1	4
0	3
0	3
829	4
157	0
30	57
0	57
958	0
5	0
26	0
2	0
1935	0
515	0
17	0
28	0
377	0
0	0
0	6
0	29
0	1
0	0
0	0
0	0
0	0
159	0
92	0
416	0
0	0
1	0
0	0
0	0
6	0
854	0
0	0
0	1
200	0
0	0
26	0
0	0
21	0
0	126
50	126
1	0
4	0
0	0
105	0
274	337
0	337
7	0
969	0
24	0
280	0
0	19
0	15
46	0
0	0
0	0
0	0
216	633
0	633
44	209
2	210
0	0
236	0
71	0
511	0
138	0
106	0
268	0
1	0
0	0
463	0
100	0
0	0
1	0
467	0
0	2
0	0
1	0
0	0
250	0
264	0
422	0
47	0
7	0
0	0
0	0
0	1
0	1
0	0
0	0
0	0
0	0
350	1435
13	1437
27	0
0	0
0	0
0	0
0	0
29	0
1006	15
50	0
8	0
3	0
0	0
768	0
2	56
26	56
0	813
0	818
2	818
5	0
21	9
222	1
0	0
0	0
0	0
1	0
0	0
9429	0
85	0
0	0
0	1
0	0
0	0
1	0
1	0
0	0
0	0
0	0
12	0
118	0
4	8
0	0
394	0
183	11
9	13
0	0
1	0
1	0
0	0
0	0
0	0
0	0
0	0
0	0
0	0
0	0
0	0
0	2
0	1
0	0
0	0
0	0
0	8
1	0
0	0
0	0
0	0
0	0
15	1
0	0
0	0
1	0
0	0
0	0
7	0
1	6
0	0
0	0
0	0
0	11
1	11
0	0
0	0
0	0
125	0
23	11
0	11
0	0
2	0
0	0
1258	0
0	0
436	0
154	0
588	0
228	387
1	393
1	2
225	0
160	0
148	137
0	137
0	97
0	97
2	0
0	0
53	0
3	0
64	0
0	0
90	0
2117	0
3	0
127	0
0	0
0	0
0	0
976	0
0	0
0	0
0	0
0	0
63	140
16	140
4	13
104	0
0	0
0	0
0	0
1	0
4	168
5	168
697	0
676	0
706	0
1	0
21	0
36	398
2	398
190	0
43	0
0	0
0	6
0	6
1	0
87	0
0	1093
0	1093
19	0
1	0
2214	0
0	0
145	0
77	0
31	0
0	0
142	0
0	0
630	0
1049	2049
0	2024
0	0
812	0
0	0
157	0
68	0
617	0
596	0
0	0
11	0
1375	5711
674	5711
31	1274
38	1274
31	0
1914	0
312	0
3	0
326	1
49	0
524	3178
115	3178
0	0
0	0
0	0
112	0
0	0
0	0
0	0
210	0
350	0
2	106
0	105
2006	0
145	0
1561	4
0	4
1238	0
374	0
0	1
0	0
0	0
0	0
1624	174
2	178
0	0
2	0
2	0
0	0
1	0
0	1
1	2
0	0
5	1
10	2
0	0
1	0
1	0
1	0
4	0
0	0
168	0
0	0
205	127
0	131
1	0
0	0
0	0
1	0
1	0
0	0
0	0
0	0
0	0
29	0
5	98
0	98
25	79
1	79
0	0
0	0
41	0
1	10
0	10
1	0
0	0
18	13
0	13
0	0
0	0
0	0
0	0
0	0
899	318
1	318
0	0
0	0
2	279
8	279
3	0
4	0
2	0
175	5
24	0
0	0
0	0
0	0
1	7
0	0
0	0
1	0
112	0
146	0
161	0
386	0
802	0
0	1
0	0
0	0
0	0
1	0
1124	0
6698	0
1510	0
1	0
0	5
0	5
27	0
117	142
19	0
77	3
12	0
686	235
24	34
0	30
2	1
9	2
1	0
31	0
31	0
89	102
210	0
1786	0
18	0
9	0
0	2
0	2
0	0
0	3
0	3
0	0
0	0
4	1
0	1
140	0
308	0
318	0
0	0
2	2
0	0
0	0
0	0
486	0
52	271
1	0
0	0
291	3
0	0
0	0
9362	0
44	81
0	81
2	0
4	0
1	0
6	92
35	92
3	0
1	0
9	271
10	271
684	0
0	0
1047	0
0	0
0	0
3788	9
517	0
0	0
259	0
785	0
726	0
474	0
248	0
94	0
0	0
0	0
822	1060
0	1060
406	0
1807	0
1262	0
1	0
1	0
0	4
0	12
76	88
0	88
0	0
16	5
0	1
166	6
1	0
158	0
1456	0
0	0
0	0
56	0
536	0
370	0
0	0
1	0
0	0
0	0
0	0
0	0
0	0
0	0
0	0
380	0
125	430
0	430
645	0
0	0
672	0
56	0
101	0
50	0
25	0
0	0
0	0
2502	0
0	0
0	0
2258	0
729	0
318	0
10	0
148	0
593	0
18	43
0	43
0	0
0	0
0	0
0	0
0	5
225	0
1	0
29	0
0	0
0	0
0	8
0	8
0	9
144	0
0	0
0	0
0	0
0	0
0	203
1	138
0	0
0	0
1	0
0	0
0	0
0	0
0	0
1	0
0	0
0	0
0	0
0	2
4	0
0	0
0	0
0	0
0	0
0	0
0	0
0	0
0	0
0	1
0	0
0	0
0	0
0	0
0	0
0	0
1	1
0	0
0	0
294	0
1	1
1095	1
3	0
261	0
0	0
0	0
0	0
0	0
0	0
0	0
0	6
0	5
0	0
0	1
0	0
71	3
0	0
0	0
0	1
0	1
1256	0
0	0
157	0
20	0
0	0
0	0
0	0
0	0
699	0
1	0
518	0
1	3
0	3
2	1
0	1
0	0
0	0
0	0
0	0
0	0
0	0
0	0
0	0
112	0
0	8
0	3
0	0
0	0
5	10
0	10
977	0
166	0
1567	0
77	0
140	0
0	0
1	0
1	0
10	0
531	0
64	0
0	0
0	0
0	0
0	0
1	0
0	0
1186	0
0	0
0	0
0	0
51	0
0	0
1	1
0	0
199	0
0	5
3	4
1	1
0	0
0	0
162	0
1	0
0	0
0	0
0	0
0	0
487	239
0	239
0	0
1	0
3	0
8945	0
0	0
0	0
0	0
0	0
0	0
0	0
0	0
2	0
1182	0
155	46
0	46
0	0
0	0
0	0
2	0
0	0
0	0
0	0
0	0
45	0
118	0
0	0
0	0
0	0
0	0
0	2
0	2
0	0
0	1
0	1
0	0
29	60
3	62
2	0
2	1
0	0
3	0
0	9
4	9
0	0
0	0
0	0
0	0
0	0
0	0
10	4
0	0
0	0
0	0
0	0
7	0
0	0
0	0
211	0
0	0
2	0
0	29
0	0
0	0
0	0
54	0
449	0
0	77
0	77
43	211
4	29
0	0
0	0
0	3
5	0
38	508
0	0
0	0
0	0
0	0
0	0
2	0
0	0
0	0
0	0
0	9
0	0
0	12
0	22
0	1
0	9
0	0
0	0
0	0
1854	547
0	0
0	0
1156	0
393	0
0	0
0	72
1	72
0	0
1026	0
1	0
153	0
0	0
3	0
0	0
0	0
0	0
0	0
0	0
0	0
0	0
0	0
944	0
0	0
10	0
0	0
1	0
0	0
0	0
0	0
1165	3
1327	0
295	0
2	2
0	2
31	2
322	445
0	477
0	0
0	0
828	0
21	0
0	8
0	8
8	1
0	1
0	0
0	0
0	0
141	225
0	226
11	1
12	0
393	0
0	0
713	0
0	0
0	0
0	0
0	0
0	0
1	0
0	0
0	0
0	0
0	0
0	0
0	0
0	1
1	2
0	2
0	8
0	8
0	0
4	2
1	1
0	0
0	1
0	3
0	1
4	5
0	1
0	0
0	0
0	0
0	0
0	0
0	9
1	10
1	0
0	0
0	0
1178	0
74	74
0	55
6	7
0	0
5	11
1	0
1	0
0	0
3	4
0	4
1	0
0	0
0	10
2	12
480	0
5	0
0	0
1	0
2	0
0	0
0	0
0	0
0	0
0	0
0	0
0	19
0	15
0	0
0	0
1	0
0	0
0	0
125	0
0	0
0	0
0	0
0	0
0	0
0	0
0	0
0	0
0	0
0	0
0	0
0	0
0	0
0	0
0	0
0	0
0	2
0	0
0	1
0	0
0	0
0	0
1	0
2	0
100	46
0	46
1	31
320	30
0	26
0	26
0	0
0	0
0	0
1	0
0	0
1	0
0	0
0	0
0	0
0	0
217	0
1	0
1	0
0	0
1	0
0	0
0	0
0	0
0	0
0	0
0	0
2	0
236	387
0	0
0	0
974	0
2	3
0	0
0	0
0	0
2	1
5	17
4	127
0	8
12	13
81	114
0	0
0	0
2	0
425	241
0	0
2	210
1	210
0	0
0	0
2	5
90	42
15	15
0	1
0	0
11	17
3	1
3	0
1	1
34	114
1	0
0	1
0	1
0	0
1	0
0	3
0	0
2	0
0	0
30	0
0	1
0	0
0	0
0	0
0	0
0	1
1	0
10	1
0	0
0	0
0	0
0	0
0	0
0	0
0	0
0	0
0	1
0	0
0	2
0	0
0	3
0	5
0	0
0	1
0	0
0	0
0	0
0	4
0	1
0	0
0	2
0	0
0	0
0	0
4	1
0	0
0	0
0	0
0	0
70	0
0	0
0	0
0	0
0	0
0	1
0	0
0	0
0	0
0	0
0	0
0	31
763	0
1116	0
0	0
0	0
4	2
458	0
0	0
0	0
1	0
0	0
0	0
1	2
0	0
0	0
10	0
0	0
446	0
0	0
1	0
5	1
1	0
0	0
894	0
0	0
0	0
0	0
0	5
0	2
0	0
0	0
1	1
0	0
0	0
0	0
0	0
0	0
0	0
0	0
0	0
0	0
50	0
6	0
0	0
0	0
0	0
0	0
0	0
0	0
0	0
0	0
374	82
0	0
0	0
0	0
0	0
0	0
0	0
0	0
1	2
0	1
0	0
0	0
0	0
0	99
26	99
2	0
0	0
62	0
3138	0
149	2
0	0
0	0
119	173
2	173
0	0
415	0
174	0
41	0
5	92
0	90
0	0
0	0
15	0
0	0
0	0
0	0
0	0
149	0
0	0
0	0
0	0
0	0
0	0
128	140
0	0
611	140
0	0
0	0
2	0
0	0
0	0
0	1
4	0
1	0
0	0
0	0
0	1
1	3
0	0
0	0
0	0
0	0
0	0
0	0
0	0
0	0
0	0
89	142
0	142
0	0
0	0
0	0
25	0
0	27
4	27
141	0
323	1197
1	1197
0	1
11	75
20	62
0	13
0	0
0	0
493	0
241	218
0	218
1	125
0	0
1	0
2	0
116	63
0	63
3	0
1357	0
141	0
28	50
1	50
0	0
3	0
0	0
0	10
6	14
0	0
0	0
0	0
0	0
0	0
16	31
0	31
1862	0
1309	0
157	0
0	0
0	0
0	0
0	0
0	0
0	0
10	99
7	99
294	0
37	31
0	31
207	336
0	336
11	2
0	0
0	0
1	2
0	2
21	0
162	0
37	0
2	0
0	0
174	0
198	0
0	0
0	0
5	4
0	0
1	0
9	7
187	0
132	0
1	0
1	1
0	0
0	0
96	113
147	113
0	0
0	1
0	1
0	1
0	0
0	0
22	159
6	133
17	47
0	0
43	0
0	0
10	0
1	0
6052	0
1	2
0	0
0	0
55	2
197	2
0	0
0	0
0	0
0	0
1	0
0	0
0	0
919	0
1	38
1	38
0	0
3	0
0	0
0	0
0	0
0	0
1	0
0	0
0	0
0	0
5	0
0	0
9	0
0	0
0	0
6	0
1	0
1	0
1	1
0	1
0	0
0	0
4	0
481	0
5	4
0	18
5	18
0	0
383	0
0	0
0	0
5	0
166	0
450	0
0	0
0	0
0	0
141	30
3	30
2	45
0	45
19	0
1	0
0	0
268	292
0	292
576	0
15	0
11	0
0	0
0	0
0	3
4	3
5	0
340	0
142	34
0	34
1	0
0	0
2	0
0	0
0	0
0	2
9	2
436	0
0	0
0	0
0	1
0	1
103	1
0	0
57	247
0	247
0	0
0	0
0	0
209	0
40	0
59	0
1	0
1285	0
0	0
0	0
451	786
20	786
412	0
1	0
0	0
0	40
1	40
248	0
1	6
0	0
1	0
2	0
3	0
0	6
301	5
0	0
2	0
0	0
1	0
0	0
81	0
91	0
0	0
1053	0
0	5
32	0
94	0
0	0
327	0
6	0
4544	0
0	0
319	0
2	0
0	0
0	0
0	0
3	0
3	0
381	0
109	23
13	31
2	0
0	0
0	0
1	0
842	0
2571	0
747	0
0	0
0	0
0	0
0	0
0	0
0	0
555	0
0	0
0	0
1	0
0	0
0	0
1	0
3	2
0	0
0	0
0	0
1	2
2725	0
3	0
986	0
386	0
0	0
0	0
0	0
0	0
2	0
0	0
0	0
0	0
1	0
0	4
0	4
3	0
0	0
0	2
6	0
7	0
0	0
0	0
4068	0
77	8
7	5
6	6
16	7
0	5
2	7
0	1
0	1
0	0
0	0
42	0
1	0
856	2
19	610
6	610
146	0
0	3
0	1
0	4
85	288
4	289
0	0
0	0
1	0
0	0
0	0
0	0
0	0
0	0
326	0
0	0
0	0
0	36
48	91
0	0
0	4
0	4
3	124
4	0
516	169
77	10
1	0
0	0
0	0
0	0
11	1
0	0
0	0
2	0
0	0
6	1
0	0
0	0
0	0
0	0
0	0
492	0
0	0
228	0
1	0
3	0
1	11
0	11
2434	0
0	5
535	1699
24	1699
598	0
1	0
0	2
1	2
2	0
0	0
13	9
2	46
21	9
0	0
1	9
0	0
985	0
20	0
0	0
62	0
92	0
327	251
3	271
0	3
0	8
0	0
1	0
0	0
0	0
0	0
0	0
0	0
283	44
1	44
0	0
503	40
0	43
1	0
0	0
1	0
1	0
0	0
0	0
1	0
4	0
0	0
3	1
0	0
2	8
2	8
0	0
0	0
623	0
5	0
7	54
3	54
1	0
370	1228
0	1228
568	257
6	258
0	1
0	0
104	0
1	0
0	0
0	0
0	0
0	0
0	0
208	0
0	0
0	0
31	0
0	0
0	0
0	0
0	0
89	395
0	395
0	0
0	0
0	0
1531	1794
327	1794
2	0
29	0
316	884
15	884
3	44
7	14
0	44
29	0
0	0
0	0
5	0
110	0
0	0
0	0
5	0
0	0
170	0
1	0
0	0
29	355
0	355
28	0
0	0
0	0
1142	0
154	0
0	0
0	0
776	0
1	0
38	853
37	853
302	0
2	0
0	0
0	1
0	0
0	0
0	1
2	0
2	8
0	0
0	0
0	0
183	0
36	0
19	0
4	0
71	0
1	0
0	0
72	129
2	128
2	0
3	2
32	0
103	0
1	1
0	0
1	68
54	67
0	0
1	0
45	23
0	23
2	0
96	0
225	0
2234	0
0	0
1754	0
0	0
223	0
0	0
4	0
160	0
0	0
1	0
0	0
8	0
268	0
1	1
0	0
561	0
1	0
0	0
0	0
0	0
52	0
50	0
1	0
15	0
10	0
0	0
0	0
451	0
77	281
0	280
68	0
260	0
77	3
1	0
0	0
0	936
0	936
54	10
0	0
0	0
0	0
0	0
0	0
1055	0
3	0
0	0
0	3
0	0
0	0
0	0
23	0
932	0
0	2
0	2
10	0
0	0
0	0
145	0
0	0
1	1
0	1
52	0
0	0
0	13
0	13
33	25
0	22
0	22
206	0
815	0
0	0
0	0
1	2
5948	0
867	0
0	0
2	0
563	0
299	742
0	742
714	1320
0	1320
299	0
164	0
78	0
1	0
0	13
0	13
8	0
57	0
497	0
0	0
974	0
9	0
210	0
2	0
78	0
0	0
3	1
0	1
10	0
0	0
0	0
0	0
441	0
197	152
0	152
387	0
1154	0
0	0
0	0
0	5
0	0
0	5
1	6
0	0
98	489
42	489
54	161
0	161
0	0
73	160
0	160
0	0
272	0
0	0
1	0
3	0
41	0
47	373
6	373
595	0
148	0
24	83
0	75
2	27
13	35
0	1
0	1
0	0
0	0
0	1
0	0
0	0
0	3
0	1
0	0
0	0
1	0
0	0
0	0
0	0
0	0
0	0
0	0
239	0
4	0
1	0
93	0
0	3
0	3
0	0
92	0
960	0
34	0
2	0
186	0
0	0
1	0
82	23
6	0
4	0
28	0
3	0
264	0
623	0
0	0
0	0
0	0
14	0
734	1313
6	1313
3	0
0	0
223	0
1894	0
191	0
3	1
1	1
0	0
0	5
0	9
0	0
1	3
0	3
0	0
5	0
0	0
0	1
1	1
1	0
1	1
0	1
0	0
2	34
0	34
0	0
0	0
0	43
0	0
0	1
0	0
0	0
0	0
10	0
1	1
0	0
248	27
244	0
230	0
1436	0
2	0
6	0
2	924
835	924
0	0
2	0
0	1
0	0
0	1
0	1
87	70
0	70
1	0
5	6
0	0
4	0
1	0
0	0
0	0
0	0
0	0
0	0
534	0
142	0
647	0
184	0
54	83
0	83
0	0
1	707
6	707
91	0
10917	0
0	0
0	0
9	0
77	0
0	29
0	29
612	563
0	563
0	0
0	0
0	0
0	0
42	0
0	0
0	0
0	0
0	0
0	0
0	5
0	0
11	0
0	0
0	0
6777	0
88	0
0	0
83	156
0	156
0	0
588	0
516	0
0	14
0	14
12	0
128	0
1	0
60	0
1	0
0	0
0	83
2	23
0	22
0	0
0	0
0	0
471	377
9	381
0	0
326	0
7	0
0	0
205	0
0	0
152	0
0	0
0	0
6	0
911	0
0	0
5	0
471	0
0	0
0	0
1	1
0	0
0	1
0	0
2	37
0	37
0	0
38	594
0	594
515	0
0	0
7	0
3	0
23	0
0	0
294	0
0	0
0	0
85	0
243	0
608	0
711	108
0	0
0	0
0	0
202	0
0	0
31	2
0	1
0	0
0	0
0	0
0	0
12	11
1	2
0	0
0	1
0	0
0	2
0	0
0	0
0	0
1	0
0	0
2	0
0	0
0	0
0	0
0	0
0	0
229	381
0	381
0	0
0	0
0	0
0	0
0	0
0	0
0	0
0	0
0	0
61	0
0	3
35	0
104	0
20	0
347	0
3	0
0	0
0	0
43	0
1003	0
0	0
0	1
0	0
851	0
472	0
0	0
11	0
243	0
2103	0
198	0
71	574
1	574
192	0
840	20
34	0
488	6
204	11
1	0
268	29
0	0
1	19
0	18
0	0
0	0
186	0
420	0
1	0
2	4
0	0
0	1
0	5
0	0
0	0
8	0
1361	0
25	0
17	273
14	273
705	0
0	1
7	0
431	0
2	1
6213	38
0	0
127	177
2	181
4	0
132	7
73	0
151	0
1	0
0	0
60	64
13	64
0	0
1	0
0	0
12	0
1	0
449	0
0	0
0	0
0	0
0	0
9	0
640	0
44	64
3	64
0	0
0	25
0	0
0	1
0	0
100	258
6	247
0	33
41	0
402	0
730	0
21	0
1166	0
0	0
70	0
795	0
0	0
0	0
0	0
1	0
0	0
1	0
0	0
1	0
0	2
2	9
0	7
4	0
0	0
1	0
1	0
0	13
0	0
0	0
0	0
554	0
0	0
0	0
813	0
302	0
1	0
4	0
687	0
62	0
0	0
0	0
0	0
0	0
276	0
783	0
36	0
0	0
236	0
0	0
2	0
6	178
28	178
59	0
99	0
0	0
146	11
21	1574
0	1574
45	0
116	0
47	0
0	308
0	308
0	0
0	0
0	0
0	0
1	0
0	0
13	4
0	0
23	193
0	1
0	2
0	0
0	1
0	0
0	0
0	0
0	0
49	365
0	0
6	109
0	0
0	20
0	20
3	111
0	106
0	5
0	5
4	78
0	77
41	171
1	0
73	0
250	426
0	426
186	0
173	16
0	0
53	102
0	0
342	102
14	0
1	0
0	0
194	0
928	0
766	0
0	0
96	0
262	0
0	0
376	21
0	7
0	0
0	1
0	0
0	3
0	0
2	8
0	4
1	2
0	2
0	21
1	5
0	0
0	0
0	2
0	0
0	0
0	0
0	0
3	0
450	0
0	0
0	0
0	0
0	0
0	0
8	0
0	0
1	0
0	0
0	0
2	0
242	0
7	150
0	150
223	0
24	0
2662	85
108	0
12880	0
53	0
1	0
4	286
0	286
114	0
0	0
654	0
0	0
0	0
0	0
760	0
5	0
107	1
0	0
0	0
0	1
0	0
242	0
0	0
0	0
7	0
0	0
0	0
0	0
122	0
349	0
264	0
6	0
7	0
114	0
789	0
0	0
0	0
0	0
0	0
0	0
0	0
0	0
0	0
13	0
0	0
44	0
2221	0
1	0
0	9
1	9
0	1
0	1
0	3
4	3
0	1
0	0
0	0
0	0
0	0
70	36
1	0
0	1
0	1
0	1
0	1
2	59
0	56
0	0
0	0
0	0
0	0
0	0
0	0
0	0
1	9
0	4
0	0
1	1
0	0
340	0
578	0
1217	0
1609	0
10	0
38	0
152	0
0	0
356	0
0	0
106	244
0	244
3	0
78	0
130	0
221	0
426	0
389	461
0	461
2	28
0	28
472	0
20	0
0	0
326	198
199	2892
0	2892
924	0
282	0
121	0
0	0
14	0
0	0
0	0
77	0
207	0
166	0
1641	0
1960	0
0	0
113	0
64	17
12	0
293	0
34	0
0	0
0	0
6	139
2	139
84	0
473	0
1036	0
94	101
0	97
0	0
83	26
33	74
31	78
4	1
28	57
0	0
0	0
0	0
126	46
0	1
0	0
3	0
1575	0
168	0
22	0
1474	0
0	0
0	0
1430	0
129	0
0	0
0	0
0	0
42	976
0	976
4	0
343	0
120	0
141	0
0	0
197	0
945	0
6	0
11	0
4	0
0	0
0	2
0	2
0	0
2	83
0	83
197	40
0	0
1	0
541	40
657	0
283	0
0	0
0	1
6	4
0	0
3	4
0	4
691	0
22	0
3134	0
8	0
9	18
0	18
51	0
0	0
0	0
38	0
12	6
30	14
0	0
0	0
0	0
155	0
39	0
426	0
1534	0
80	0
10	0
3	0
0	0
241	0
266	0
1	0
231	0
3	12
0	12
86	0
57	0
1	0
444	0
0	0
0	0
0	0
168	0
0	0
4	0
11	1
6	1
0	0
6	0
81	0
0	0
0	0
4	0
508	0
0	0
0	0
5	16
0	15
138	67
0	0
0	2
0	66
1	47
0	53
3	0
526	0
1	0
930	0
139	0
214	0
145	0
267	0
126	0
457	0
1	0
2	0
10	22
0	22
1	0
0	0
1491	0
1356	0
43	0
0	0
0	0
0	0
0	0
0	0
0	0
10	0
131	8
302	0
380	0
202	0
1084	42
29	0
101	0
0	0
0	5
6	5
0	5
22	0
18	0
6	0
0	0
0	0
0	0
0	0
0	0
0	0
0	0
0	0
0	0
0	0
0	0
0	0
1	0
566	0
77	0
0	0
18	0
0	10
0	10
0	0
0	0
0	0
0	0
0	42
1	42
0	0
0	0
0	0
0	0
31	0
4	0
505	0
348	0
43	0
0	0
3	0
0	0
0	0
0	0
0	0
0	0
1944	0
1	0
0	0
0	0
0	0
0	0
0	0
0	0
0	2
0	1
0	0
0	0
0	0
0	0
0	0
0	0
0	0
283	0
435	0
0	0
31	0
0	0
0	0
1	0
78	0
23	0
0	0
0	0
0	0
0	0
0	0
0	0
0	0
220	0
5	0
5	51
4	49
1	20
0	0
0	0
0	6
0	6
27	60
0	13
0	17
0	0
0	1
0	0
0	15
0	0
0	13
0	14
0	0
0	0
1	9
2	1
0	1
1	1
0	0
0	0
0	0
0	0
1	14
6	14
2	74
0	77
23	0
173	0
134	0
560	0
913	0
0	0
0	0
0	133
0	133
22	0
2	0
0	0
0	0
2	0
9	0
27	0
884	0
0	0
0	0
0	0
40	0
1192	0
0	0
0	0
556	128
1	0
1	167
0	167
0	0
4	0
450	0
0	1
3	0
0	0
7	0
749	0
203	1052
24	1052
40	14
0	14
0	0
743	0
454	149
187	5
141	52
471	226
1645	266
49	1034
0	0
36	178
0	0
0	1
34	1879
0	0
0	0
0	0
0	0
357	1754
0	0
0	0
0	0
821	769
983	12
1103	0
0	0
237	0
5	3356
0	3356
670	0
0	0
11	0
3	0
977	0
0	1
0	0
0	0
4	4
0	0
0	0
3	0
0	0
0	0
5	0
167	0
1	4
0	4
0	0
0	0
1	3
0	0
0	1
1	33
3	76
0	1
152	33
108	332
0	332
1	0
148	0
0	0
0	0
23	97
0	97
0	0
50	0
60	137
0	137
175	0
6	0
35	0
0	0
0	0
0	0
1	0
0	0
0	355
54	355
0	208
0	208
0	0
0	7
0	4
0	0
380	4
210	0
0	3
2	3
0	0
0	0
0	0
0	226
4	226
0	0
0	320
344	320
0	1
0	0
0	0
0	0
1348	93
302	0
0	0
0	8
0	8
0	3
0	3
0	0
0	0
0	0
0	0
0	0
0	0
0	0
0	0
0	0
5	7
0	7
0	0
0	0
8292	0
8	0
14	11
0	11
355	0
49	1992
2	1992
1321	0
72	0
10	0
93	0
2	0
1	0
31	0
1	0
2	0
7	0
12	0
3	0
0	0
1	3
0	0
0	0
10	0
0	0
0	17
0	6
0	0
0	0
3	10
0	0
0	0
0	0
0	0
0	0
0	0
406	259
3	259
0	0
5	0
77	0
159	0
0	0
220	0
0	0
405	0
37	0
62	0
31	0
109	180
0	180
0	0
159	0
27	0
17	0
16	0
209	0
0	0
0	0
2972	0
66	0
0	0
0	0
4	45
64	45
59	0
204	0
0	0
0	0
0	0
177	4
0	12
0	12
4	0
1	0
0	0
0	0
0	0
0	0
7	0
61	10
0	0
0	1
9	10
28	0
0	0
0	0
0	0
0	0
783	2944
0	2944
53	855
24	855
513	0
49	172
2	172
53	0
905	0
29	246
0	240
3404	0
0	0
516	0
623	0
0	1
0	1
81	0
1544	0
128	0
129	258
0	258
348	0
59	0
36	0
383	0
180	0
3	0
64	0
0	0
1	0
10	0
426	0
2	0
28	0
36	0
0	0
575	0
3566	0
14	44
0	44
0	0
0	0
0	0
66	281
0	281
11	0
0	0
0	0
2	1
0	0
0	0
0	1
0	0
0	1
515	0
164	0
0	0
64	0
0	0
0	0
0	0
0	0
0	0
0	0
0	0
0	0
0	0
0	0
0	0
0	0
0	0
0	0
0	0
0	0
0	2
0	3
0	0
0	0
0	0
0	0
0	11
0	0
0	0
0	0
0	0
0	0
0	0
0	0
0	0
0	0
0	0
0	0
0	0
0	0
0	0
14	15
0	0
0	0
1	2
0	0
0	0
0	0
1	0
0	0
0	0
0	0
0	0
0	1
0	0
0	1
0	0
0	0
44	54
12	0
0	0
0	0
0	0
15	0
0	0
0	0
0	0
0	0
1	0
0	0
0	167
160	167
0	0
0	0
237	0
0	0
0	0
1	0
0	0
0	0
164	10
135	2
0	10
29	2
0	0
0	0
0	5
0	0
0	0
2	14
0	302
8	273
121	234
0	0
0	0
0	0
0	16
0	16
0	0
0	0
0	0
0	0
0	2
0	2
1	1
0	0
0	0
1	0
0	0
0	0
4	3
27	17
0	0
0	0
0	0
0	0
0	0
0	1
0	0
0	0
0	0
0	0
0	0
0	0
0	0
0	0
0	0
0	0
0	0
806	0
386	0
0	1
1	0
0	0
0	0
0	0
623	0
1	0
0	0
0	0
1	0
0	0
0	1
0	0
2	0
0	0
496	271
1	271
109	46
0	46
636	0
0	0
0	0
292	0
11	2
0	0
525	0
1	0
0	0
0	9
0	2
1761	1
7	17
0	17
0	0
0	0
0	0
0	21
0	17
0	0
1	0
0	0
0	0
11	32
0	0
0	0
2	27
2	14
1	8
0	0
0	0
0	76
0	0
0	0
1	1
0	4
152	95
0	0
555	1186
0	1186
0	0
0	0
4	1
0	0
0	0
761	0
124	0
3	2
16	0
0	0
0	0
0	0
0	0
3	9
0	9
0	0
0	0
0	0
0	14
0	14
0	0
0	0
0	0
0	0
0	0
0	0
0	0
0	0
0	0
0	0
0	0
2	0
0	0
11	0
0	0
0	0
0	0
1	0
0	4
0	0
0	0
0	0
21	104
6	26
0	0
0	0
0	3
0	3
0	0
0	0
0	1
0	0
3	0
0	0
12	80
1	0
37	30
9	5
0	0
0	0
0	6
0	0
1	5
0	0
0	0
0	0
0	0
0	0
0	0
1	3
0	0
0	0
1	0
0	0
0	0
0	0
0	0
0	19
0	19
0	0
2	62
0	49
1	3
0	0
0	18
0	0
0	0
0	0
0	0
1	19
0	0
0	31
0	0
0	1
0	0
4	1
0	0
0	0
0	1
0	0
0	0
0	54
0	58
2	66
2	26
0	0
0	0
0	1
5	19
0	0
0	1
0	27
0	0
0	0
0	1
0	0
0	0
0	0
0	1
0	0
0	0
3	11
0	1
17	66
0	18
126	281
0	283
0	0
0	0
2	0
0	0
0	0
82	3
0	0
0	4
0	0
0	0
0	0
63	0
187	0
0	0
0	0
1	3
4928	0
349	0
0	0
0	0
385	0
2	0
8	6
0	0
1	2
2	0
7	6
0	0
0	0
0	0
1	0
0	0
0	0
0	0
0	0
334	77
0	0
0	0
6	0
0	0
1	2
0	2
0	0
0	0
0	0
0	0
378	0
274	124
0	124
2	0
0	0
82	0
0	0
3	0
0	0
0	0
0	0
0	0
0	0
0	44
0	45
0	36
28	81
1	81
1	0
3	0
29	0
0	0
0	0
540	0
4	7
0	0
0	197
11	200
0	0
118	0
0	33
0	33
0	1
1	1
479	81
1	82
1	0
0	0
0	0
0	0
0	0
0	0
1	0
0	0
1	0
0	0
693	312
0	312
0	0
0	0
3	31
83	35
2	0
4	0
0	0
0	0
0	0
1	0
0	0
0	0
7	3
0	0
0	126
0	139
16	120
2	540
0	515
0	0
0	0
3	75
0	55
0	0
0	0
68	150
0	0
0	0
0	0
0	0
0	0
0	0
0	0
0	0
1	0
1	0
0	0
338	0
82	0
689	0
621	0
0	452
108	452
247	1
5	0
0	0
137	203
0	204
0	40
0	0
0	0
0	1
0	1
365	0
1	0
0	0
0	0
911	0
13	623
29	623
0	0
0	0
117	0
0	3
0	3
0	0
23	15
9	15
1	0
0	0
72	50
38	50
0	2
0	0
0	0
0	21
0	0
0	0
0	0
0	0
0	0
0	0
9	1
0	0
0	0
0	0
0	0
0	2
2	0
0	0
0	0
0	2
0	2
0	1
0	1
0	0
0	0
0	1
0	0
2	6
0	1
0	0
2	15
0	0
0	0
0	0
0	0
0	0
3	11
0	11
0	9
12	3
0	0
0	0
4	0
0	1
0	0
0	0
0	0
0	0
0	0
0	0
0	0
0	0
0	0
24	17
3	11
37	20
0	0
84	380
0	80
0	39
0	0
1	0
0	0
0	0
0	0
0	0
0	0
0	0
0	0
0	0
595	14
0	0
0	0
0	0
2	2
9	2
3	0
0	94
0	0
0	0
1	4
0	4
0	13
0	13
0	1
0	0
0	0
0	0
2	200
0	0
0	0
5	1
0	0
7	40
1	3
0	0
0	0
1	0
0	0
0	0
0	0
1	0
0	0
0	0
0	0
0	0
1	0
0	6
0	0
0	0
0	0
0	0
0	0
0	0
11	0
0	0
0	0
3	0
0	0
0	26
56	25
3	35
2	52
0	3
2	7
0	0
0	0
0	0
0	0
0	1
0	1
5	4
0	0
13	3
0	0
1	11
0	11
1	57
0	23
3	0
0	15
0	15
0	0
0	0
0	0
0	0
0	0
0	0
1	0
0	0
0	0
0	3
0	0
0	0
9	7
15	3
20	55
0	1
0	0
0	0
1	0
0	0
0	0
109	54
1	0
7	1
13	3
0	0
1	230
0	230
66	58
0	0
391	0
216	10
21	26
1	26
1	0
0	0
30	11
1	11
0	0
0	0
1	0
23	0
0	0
374	0
0	0
10	2
0	0
0	0
0	0
587	0
129	0
0	0
0	0
221	0
12	6
51	0
0	0
0	0
0	0
1	685
1045	685
0	0
0	0
0	0
0	0
9	0
0	0
255	0
194	0
1	14
1	10
314	0
119	0
0	0
0	0
0	0
12	0
0	0
31	0
0	0
0	1
6	1
0	1
0	0
5	9
0	0
1	0
0	0
0	0
0	0
0	0
0	0
0	55
0	53
7	0
869	141
2	153
0	0
0	59
2	40
11	0
0	0
0	0
4	0
13	1
2	1
0	0
178	0
55	0
8	0
827	0
0	0
6	0
0	0
0	7
0	6
2	0
1	0
34	15
138	13
9	8
0	0
0	0
0	0
0	0
3	0
1	0
0	0
0	0
0	0
0	0
0	0
0	0
0	0
0	0
0	0
0	0
1	1
1	0
0	33
6	35
1	0
3	0
0	0
22	26
0	7
0	5
0	2
0	12
2	7
1	2
3	3
65	25
0	0
0	0
0	0
310	85
0	38
3687	0
94	0
44	1137
234	1137
0	0
38	0
61	457
0	457
1	19
0	0
0	0
54	0
41	0
0	1
0	1
0	0
1	0
0	0
15	0
0	0
2977	0
160	88
4	13
0	97
0	81
12	43
0	68
0	52
0	1
3	29
0	127
21	127
0	0
0	0
0	0
0	0
124	0
0	0
22	0
3	0
3	6
0	6
1	0
0	0
0	0
0	0
0	0
0	0
0	0
0	0
0	2
0	0
0	0
0	0
0	0
2	11
0	0
0	0
0	0
0	0
496	0
0	5
0	0
0	0
0	0
0	0
501	0
198	0
0	0
2	186
1	186
2	0
0	0
2	0
0	0
1	0
0	0
90	8
0	0
0	0
56	104
0	104
562	5
1	6
0	0
0	0
0	0
2	3
0	0
0	0
0	1
1	0
942	0
0	3
0	3
161	20
8	2
2	0
0	2
0	0
4	7
0	0
0	0
1	7
0	0
323	289
2	0
1	5
1	5
291	0
0	14
0	0
0	0
1000	0
34	5
0	4
0	4
0	0
4	1
0	1
1	1
0	0
0	0
0	0
0	0
0	0
0	0
0	0
0	0
25	1
12	1
0	0
34	5
0	3
7	5
0	5
0	0
117	0
0	0
0	0
0	0
24	0
0	0
855	0
0	0
0	0
60	144
0	4
0	0
0	0
381	149
119	235
0	0
0	0
0	5
0	5
2	0
3	11
5	223
0	210
4	3
0	2
7	7
0	0
0	0
0	0
0	0
0	0
0	0
0	8
0	2
0	1
0	10
1	25
1	5
0	5
0	0
0	0
3	2
0	0
0	0
0	0
1	1
308	60
5	0
0	0
0	0
0	0
0	0
0	0
2	10
259	590
0	590
10	0
9	0
3	25
0	32
5128	0
1096	0
0	0
0	0
0	0
0	0
0	0
18	24
0	13
1470	0
95	0
5	107
760	356
28	298
0	0
0	0
0	0
0	0
0	0
0	0
0	0
302	6
91	0
258	4
37	4
0	1
11	3
93	50
0	45
5	131
0	130
118	6
8	3
0	0
6	73
2	21
26	52
0	0
0	0
0	0
3	0
0	0
0	5
17	5
1	0
0	0
0	1
0	0
0	0
0	0
0	0
0	0
0	0
0	0
0	0
0	1
0	0
0	0
0	0
0	0
0	0
0	0
284	0
0	0
469	0
0	0
0	0
1	0
0	0
155	157
0	167
0	0
14	0
38	482
0	482
228	0
28	0
858	0
89	0
37	18
26	18
122	0
541	0
420	0
1	0
26	67
12	64
9	0
0	0
243	3
5	10
0	0
0	6
0	0
0	0
0	3
2	2
0	0
0	0
0	0
1	0
1	1
0	0
0	1
133	0
4	92
3	92
763	0
88	0
12	3
51	3
3220	0
0	0
197	0
0	0
0	0
0	0
167	0
453	0
2	0
0	1
11	1
221	0
61	0
0	0
275	925
0	925
0	0
153	0
0	0
1	0
2351	0
0	0
62	0
285	0
1	0
47	0
0	0
0	0
15	0
1202	500
0	504
0	1
3	0
0	0
0	0
92	0
280	45
0	26
1	0
2	0
328	0
177	0
0	0
5	383
764	383
1	0
951	0
36	1240
0	1240
14	1120
0	1120
0	0
2	6
0	6
327	0
847	0
0	0
704	0
633	0
1	0
4	0
0	2
0	2
1	0
0	0
0	1375
159	1384
0	0
0	0
0	0
2	159
0	159
3	0
18	2
0	0
119	0
0	0
2	5
0	5
0	0
0	0
0	0
2	42
0	42
0	0
3	0
0	0
0	0
0	0
0	0
0	0
0	0
0	0
4	0
171	0
12	0
116	0
203	0
31	104
2	104
39	0
2	6
1	6
191	47
1	47
0	12
4	1
0	0
0	0
0	0
35	11
0	11
0	0
1	0
0	0
0	1
0	0
0	105
0	105
0	22
13	22
100	14
0	1
1	0
0	1
0	1
1	0
0	0
1	140
0	125
0	125
0	0
1	0
0	2
2	3
0	2
1	3
0	0
1	0
0	0
0	13
0	1
0	0
0	1
1	0
2	0
0	3
0	0
0	0
0	0
5	0
0	0
0	0
0	0
1	0
0	9
0	8
0	0
4	3
293	41
0	0
36	0
30	8
0	0
0	0
1	0
64	11
0	0
49	214
7	214
5	2
1	2
25	0
150	740
2	741
2	0
133	0
0	0
18	15
0	4
0	15
0	0
0	1
1	0
180	0
7	58
0	58
26	0
55	1312
61	1312
40	185
0	185
630	0
164	277
1	306
0	4
0	0
995	0
0	2
0	2
292	21
236	0
0	0
6	3
0	0
0	0
0	0
0	0
0	0
208	31
4	31
25	0
2	0
892	0
2	0
2	3
1657	0
277	954
0	954
1	3
88	4
826	0
269	0
145	0
15	0
844	0
67	0
1	0
0	0
12	0
3	3
1	2
0	0
0	0
210	0
49	0
56	27
0	27
0	0
456	0
62	0
0	0
2	0
1	77
2080	77
0	1
0	1
256	429
1	429
0	0
22	580
0	580
0	0
0	1
0	2
0	2
0	0
0	0
1284	0
4776	0
44	0
181	416
0	2
0	1
110	416
1	4
1058	27
15	13
0	13
0	0
0	0
97	0
0	30
1	0
580	0
716	0
265	1413
4	1413
2	53
39	53
272	0
96	0
308	0
384	0
1335	0
256	0
375	0
268	0
7	0
488	0
3283	1
211	0
5	0
170	0
6	135
6	135
124	0
117	0
6	38
0	36
6	18
0	9
300	0
0	0
0	1
0	0
0	0
0	0
2064	0
161	0
398	0
524	569
7	569
70	12
2	11
8	0
937	4041
47	4041
675	0
129	0
0	0
168	0
135	0
0	0
0	199
29	199
17	34
0	33
0	0
0	0
0	5
0	5
0	0
0	0
0	0
0	0
58	0
14	0
41	0
2	36
0	36
6	0
0	0
139	0
221	0
24	0
2065	0
256	0
76	0
269	0
475	0
885	0
984	0
2	0
0	0
11	0
178	391
0	391
42	0
176	0
396	11
415	0
0	0
0	0
0	0
0	0
0	0
0	84
1	84
0	0
0	0
77	0
6	0
0	0
0	0
58	0
2181	0
231	0
354	0
123	0
0	0
4455	0
0	1
0	0
0	0
0	1
4	0
0	0
0	0
0	0
29	0
9	0
60	0
58	107
0	107
5	1070
0	1070
1	6
0	6
118	0
0	0
120	169
0	173
0	1
0	0
0	0
3	0
0	0
656	0
2	16
0	0
26	19
0	0
0	0
0	0
0	0
15	12
115	0
1	0
0	27
0	27
1	26
12	0
5	112
0	112
408	0
1	0
747	0
3	42
0	42
136	0
0	250
15	250
0	0
0	0
1	0
562	3
0	468
123	468
2742	0
1	2
3	1
3	1
0	0
233	0
185	0
121	0
0	0
132	0
3	0
0	0
415	0
49	0
70	41
0	41
172	0
357	0
2	0
13	0
1	0
374	0
3	0
526	0
4	0
0	0
105	0
35	0
0	0
2900	0
12	0
0	0
430	0
324	0
1511	0
374	0
983	0
779	0
0	32
41	32
518	0
17	0
47	0
238	0
14	1
8	0
17	1
0	1
31	0
10	0
0	4
312	4
159	0
702	0
290	0
676	0
3331	0
388	0
6	246
0	246
221	0
3	0
45	0
42	0
1850	0
3	0
56	0
1987	0
2	96
0	96
6	0
2	8
1	8
3444	1
229	0
0	0
0	0
0	0
0	0
0	0
0	0
0	0
0	0
0	0
0	0
0	1
0	17
0	0
0	0
0	0
0	0
0	0
559	1557
0	1557
9	9
0	9
90	0
138	0
205	0
1003	0
80	0
709	0
0	1
0	1
0	3378
0	3378
0	0
0	0
93	0
350	0
253	0
1	8
110	0
1	0
543	0
0	0
62	0
1	1
0	1
13	0
961	0
0	657
0	657
0	4
4	5
1	0
7	0
46	0
25	90
0	90
577	0
33	0
0	0
43	202
1	202
443	0
127	0
70	0
224	0
0	0
0	0
313	0
265	0
0	0
938	0
0	196
0	196
359	0
75	0
0	0
2	0
0	0
0	1
0	1
0	0
1	0
1	0
137	0
433	0
1099	0
177	0
361	104
0	106
1	4
0	0
1	0
0	0
4	172
2	172
233	0
9	5
11	0
66	0
0	0
812	0
0	0
0	0
1349	0
78	124
1	124
1191	0
24	503
0	503
144	266
5	284
1	0
0	0
17	0
2	2
8	0
262	0
120	0
20	53
0	0
0	0
0	0
43	333
0	333
0	0
0	610
383	624
11	7
0	0
0	0
957	0
1513	0
673	0
1	0
0	0
0	738
9	738
0	0
0	0
1367	0
17	0
21	19
5	19
3	0
2185	2903
0	2903
0	0
264	0
497	0
0	0
0	0
0	0
95	0
1689	0
22	10
0	13
0	14
0	0
2	1
0	1
0	0
3	0
321	0
0	0
277	0
32	821
11	821
430	0
0	0
49	43
0	0
0	1
0	0
8	43
12	16
0	6
0	0
0	1
0	1
16	0
5	0
0	0
10	2
0	0
0	1
0	1
0	0
0	1
0	1
1	2
0	0
1	9
0	9
188	0
13	0
3253	0
149	0
363	0
0	0
2	1
0	1
15	1
713	0
1	0
195	2
30	2
7	0
0	0
0	67
8	74
2	0
14	4
1	4
2	8
0	8
120	0
14	0
8	0
20	0
0	0
1	0
4	0
0	436
0	436
0	0
2	0
1909	0
1842	0
1043	2366
0	2366
0	3
0	3
3475	0
19	0
162	0
303	0
1	0
7	29
2	29
6	0
179	0
0	0
33	9
27	9
0	60
3	64
9	0
142	0
0	13
26	0
48	0
9	21
0	21
242	0
2297	8
136	150
0	150
307	0
678	0
481	0
0	0
11	0
0	6
0	6
201	0
0	0
0	0
36	0
275	365
0	0
886	0
133	0
12	0
46	0
6692	0
538	0
14	110
0	110
1	1
0	0
0	0
0	0
0	0
0	0
0	0
445	0
108	0
240	0
445	0
28	0
682	8
3	8
3	0
0	0
0	0
0	108
2	104
0	0
0	0
0	0
0	0
0	0
0	0
0	0
1	0
1	0
0	0
0	0
0	0
0	0
57	0
10534	1
26	47
0	49
243	0
149	0
3	0
433	0
0	0
0	0
0	3
0	94
0	13
0	15
40	631
0	631
0	6
59	169
0	169
2	1
100	0
30	48
0	48
505	0
0	0
22	0
0	0
0	0
1	2
0	2
0	0
51	0
0	18
1	11
0	17
570	0
0	0
437	0
0	0
0	0
0	0
1	0
1	0
0	0
0	0
0	0
26	0
27	0
583	110
1	110
2	0
28	2
0	0
19	5
8	0
348	15
1	1
0	1
1134	0
735	0
11	0
1026	0
0	0
101	0
0	0
2	48
0	48
832	0
37	0
977	0
0	0
0	0
0	0
1	0
0	0
2	0
137	0
8	0
0	0
28	182
0	182
636	46
10	2
7	2
44	0
0	0
365	0
1595	0
68	125
0	125
507	0
354	0
181	0
381	0
0	0
0	0
400	0
0	0
173	0
318	0
15525	0
125	0
343	0
0	0
2065	0
904	0
132	0
251	0
188	0
71	0
323	0
4	166
1	166
10	208
69	208
10	0
3	0
0	0
0	0
0	0
0	0
0	0
0	0
313	188
1	0
1	1
0	0
2	1
0	0
0	0
0	0
61	197
126	29
26	0
13	0
4	4
0	0
176	1
0	0
0	0
0	0
0	0
0	0
0	0
0	0
0	0
0	0
0	0
0	0
0	0
1	0
0	0
0	1562
120	6
600	0
25	0
0	0
3	0
168	0
14	0
41	0
2	0
242	0
0	0
0	0
444	0
277	6
19	322
105	401
0	0
913	1053
0	0
0	0
15	30
1	58
8	194
202	345
965	1055
0	0
0	6
0	0
0	0
0	0
0	0
0	0
0	0
0	24
26	53
0	0
0	0
4	62
0	0
0	0
361	366
0	4
0	4
0	0
0	0
0	0
0	0
0	103
0	0
45	60
0	0
756	366
0	0
0	1
0	0
11	14
16	50
0	0
0	0
0	0
131	2
20	196
0	196
142	75
2	91
1	3
0	0
8	86
0	85
0	87
0	0
129	75
0	0
0	0
1	0
5590	0
14	0
521	0
39	0
0	0
2	0
0	0
0	0
0	0
1	0
225	0
0	0
182	0
20	357
104	357
132	0
0	0
285	1362
0	1362
243	0
1367	0
5	0
39	168
0	168
0	0
1	0
425	0
492	0
0	0
0	0
1784	0
0	0
2	0
268	59
2	59
0	0
0	0
1210	0
854	0
282	350
31	350
779	0
1	0
0	0
1	0
0	0
0	0
132	0
3	0
99	0
0	0
0	0
0	0
797	0
45	0
722	0
2	0
0	0
0	0
0	0
0	0
0	0
0	0
0	0
0	0
159	299
0	299
2	274
0	6
2	0
1	0
0	0
0	0
0	0
0	0
0	3
0	3
483	0
3	0
0	0
44	0
1	70
97	70
0	0
3	6
0	6
1	0
1009	0
51	0
1538	0
473	0
38	0
206	49
4	56
299	0
57	5
1	5
0	2
0	2
0	0
0	0
0	0
0	0
0	0
0	0
0	0
0	0
0	0
0	0
1	0
0	0
0	0
0	0
0	0
3	0
0	0
0	0
5	0
0	0
0	0
0	0
0	3
2108	0
490	0
29	84
5	84
138	0
0	0
62	137
1	143
11	0
0	3211
1166	3211
0	0
338	0
252	0
351	56
1	66
2460	1
17	0
0	0
514	0
79	89
0	89
741	0
0	0
0	0
0	0
0	0
452	0
3	0
439	0
1	0
6	0
35	0
0	0
0	0
712	0
377	223
13	226
5	5
0	5
165	633
0	633
240	0
0	0
0	0
3941	0
4	0
0	0
0	0
0	0
0	0
0	0
5	0
29	106
0	106
2	0
1206	0
1	0
749	0
20	1
0	1
5	19
1	19
1778	0
538	0
12	0
394	0
4	0
91	20
0	20
5	0
4	0
10774	0
0	0
1	0
0	0
0	0
1067	0
408	0
0	2
0	0
93	0
628	0
304	0
1	10
97	72
2	72
179	385
0	385
353	0
683	0
20	3
1	19
0	0
1	0
603	0
43	0
86	0
1	0
105	0
57	0
0	0
2	0
0	0
584	0
1348	1710
0	0
0	0
0	0
2	0
0	0
0	0
637	1710
11	119
1	119
4	0
6	126
0	126
5	0
1517	0
0	0
1	0
32	0
0	0
130	0
9	179
0	179
105	0
1	110
1	110
2	6
27	38
1	32
0	0
0	0
1	0
0	0
0	3
64	0
416	2
45	0
0	0
0	0
170	540
0	540
105	0
0	0
0	0
0	0
8	0
0	0
245	254
0	254
0	0
0	0
399	0
274	137
4	137
1	0
3	9
0	0
0	0
43	179
0	179
997	0
221	0
238	0
0	0
0	0
1037	0
2	0
0	0
0	0
0	0
0	0
217	0
0	0
3	0
138	0
78	0
0	0
4	0
93	0
0	0
1	0
1632	0
167	0
241	0
175	355
3	371
0	0
0	0
0	0
0	0
0	0
0	0
0	0
137	0
592	0
2	0
2	6
0	0
0	0
0	2
0	0
0	0
4	2
14	359
128	359
0	0
234	0
14	0
198	0
1	0
30	196
4	196
3143	0
0	0
0	0
6	0
1	0
0	0
0	0
0	0
0	0
144	0
219	54
5	55
0	0
0	0
0	2
0	0
0	0
0	0
2	0
0	0
1	0
0	0
0	0
1	4
0	0
8	0
0	0
0	0
1	28
4	28
156	0
3	156
1	156
346	903
0	903
0	0
3	0
944	0
29	0
0	0
0	0
0	0
0	0
0	0
0	0
0	0
356	0
12	0
7	0
1	0
0	0
32	0
0	0
2	0
2	0
614	0
112	191
0	191
0	0
0	0
0	0
0	0
496	0
132	0
0	0
0	0
0	0
0	0
0	0
2	0
0	0
0	0
1	5
0	5
0	0
0	0
209	1015
0	1015
0	0
222	0
1	117
0	117
981	0
0	0
290	0
1	0
115	0
160	0
0	0
0	0
0	0
0	0
0	0
0	0
0	0
2	0
453	0
8	0
488	0
0	4
15	0
287	746
5	755
335	0
0	0
0	0
72	73
0	73
0	0
4	0
2	0
1	0
0	0
0	0
0	0
1	103
52	103
0	0
0	0
0	0
391	284
0	284
0	0
1	4
0	3
0	0
0	50
0	0
0	26
0	0
23	50
0	0
129	0
0	0
0	0
0	0
0	0
251	108
2	108
2	0
1	0
0	0
0	0
209	35
4	0
0	0
1	0
0	1
0	1
0	0
0	1
0	0
0	0
0	0
73	0
3	0
2	0
0	0
1001	0
105	0
0	0
13	0
4	0
93	0
331	0
0	0
0	0
0	0
87	92
0	92
0	0
0	11
372	11
156	0
0	0
0	0
0	16
7	0
0	0
0	2
0	0
0	0
0	0
0	0
0	0
0	0
115	31
0	17
0	0
0	0
2	1
0	10
0	4
0	0
0	1
0	1
0	1
0	19
0	0
0	2
27	0
0	0
0	0
0	0
8	0
0	0
0	0
0	0
330	0
0	0
120	0
0	0
0	0
0	0
0	0
0	0
223	0
1	0
2	5
42	0
440	0
179	264
0	0
1	0
0	0
0	0
0	0
0	0
3	79
0	0
0	5
147	1078
0	1066
3	0
196	217
0	0
0	0
0	0
1	0
0	41
272	0
0	0
296	0
1487	0
14	0
1	0
1	0
276	0
19	0
29	1189
1	1189
0	0
0	0
0	0
1	0
0	0
34	0
0	0
0	0
0	10
0	31
1	1
0	0
0	9
0	0
0	1
1	0
0	0
0	0
211	0
0	0
104	1
0	0
13	3
0	0
0	0
0	0
5	2
22	0
4	2
0	0
0	0
0	0
0	0
1	1
0	0
0	1
0	0
0	0
0	0
0	0
0	1
0	0
899	0
0	0
0	0
0	0
0	1
233	0
8	0
0	0
0	0
0	0
0	0
0	0
0	0
0	1
0	0
0	0
0	0
0	0
0	0
0	0
0	0
0	0
0	0
0	1
0	0
39	12
27	3
0	0
0	0
0	0
0	0
3	24
0	24
149	73
0	0
0	0
0	0
1	3
0	0
2	0
0	1
0	0
0	0
0	0
21	0
0	0
0	0
0	0
0	0
388	13
40	0
1	0
0	0
0	4
0	0
0	2
0	0
0	0
1109	0
0	0
0	0
0	0
0	0
0	9
0	1
0	0
191	0
1	0
0	0
419	0
3	0
415	0
0	0
0	0
0	0
0	0
0	0
0	0
0	0
0	0
0	0
0	0
0	0
0	0
1	0
136	0
0	15
1	15
0	0
43	0
295	0
0	0
0	0
120	0
1	0
1	0
0	0
0	0
0	714
0	0
0	0
315	0
661	0
7	0
0	0
0	1
0	4
0	4
3	91
0	86
0	0
12	17
0	0
100	0
242	742
2	742
26	96
0	96
36	0
0	0
250	0
0	0
21	0
946	476
28	60
1	13
0	0
0	0
1	11
316	11
0	0
0	0
704	668
10	235
0	0
203	0
1	0
1	29
0	29
0	17
0	0
0	0
0	0
0	0
0	0
6	749
734	749
0	10
0	0
0	0
0	0
0	0
0	0
0	0
0	0
0	0
13	37
0	52
0	34
1	0
0	2
0	0
0	0
0	0
0	0
0	0
0	0
0	0
0	0
0	20
7	15
16	224
0	0
0	0
185	0
0	0
0	0
139	0
0	0
0	3
0	0
0	0
0	0
0	0
0	0
514	0
265	0
0	0
0	0
0	0
0	0
0	0
0	0
0	0
0	0
1	2
0	0
504	0
0	0
0	0
0	37
0	151
0	151
0	3
1	0
0	1
0	2
0	0
0	1
1	0
0	0
0	0
0	0
0	20
0	25
0	1
0	0
0	0
0	0
0	0
0	58
0	0
0	0
0	0
0	6
24	0
0	0
0	0
0	0
0	0
9	22
1	0
0	0
57	0
0	2
26	235
0	58
30	10136
6	5047
0	170
0	0
0	0
0	0
1	0
6	1
0	1
0	0
0	0
0	0
0	0
0	0
264	360
0	288
0	4
0	0
0	1
0	0
320	0
0	0
0	0
0	0
627	0
0	0
0	0
4	0
0	0
1	1
0	0
0	0
0	0
0	0
0	0
0	0
2	0
3	2
0	5
0	0
0	0
0	0
0	0
0	0
0	0
0	3
0	0
0	0
0	0
0	0
53	0
2	0
0	0
0	0
1	0
4328	0
7	0
67	0
0	135
0	136
1	9
128	0
143	0
0	0
430	46
15	46
0	0
1963	0
1	1
0	1
0	0
1	173
0	116
0	0
6	17
4	5
1	9
0	0
0	0
0	0
0	0
0	0
0	0
27	15
86	0
223	430
0	435
0	0
0	0
0	0
0	5
0	0
0	0
0	0
0	0
2	0
4	18
0	18
0	0
0	0
0	0
270	0
0	0
30	11
0	0
0	0
0	0
0	10
0	11
0	0
0	0
0	0
0	0
0	0
1	2
0	3
0	0
8	32
0	24
0	0
0	0
0	0
17	57
20	56
0	1
4	0
6	0
0	0
0	5
0	15
0	0
2	0
0	0
21	0
167	0
0	0
0	0
0	0
0	0
0	1
20166	0
476	0
1	0
0	0
1	1
0	1
0	2
0	448
37	0
1404	0
5	0
244	0
159	229
8	239
288	0
0	0
7	65
0	65
5	7
1	0
1	0
1	0
0	0
0	0
0	9
1	9
40	0
1	0
64	0
0	0
0	0
0	0
1114	355
0	0
30	0
8	0
6	6
0	0
0	0
25	0
0	0
0	0
1219	0
156	443
0	443
0	0
1	4
0	4
0	0
344	39
0	0
0	0
0	0
46	26
0	2
147	89
0	0
0	0
0	0
0	0
0	0
0	0
0	1
59	3
0	0
0	0
0	0
121	350
0	345
0	0
0	0
0	183
0	175
0	0
0	0
22	4
2	0
0	0
0	0
2	6
0	0
10	4
0	0
10	6
4	0
310	37
0	59
1	59
196	493
4	493
279	0
0	0
1	0
0	0
2	4
0	0
0	0
3	1
0	0
835	0
0	0
0	1
49	3
0	3
0	0
4	0
0	0
0	0
0	0
0	0
0	0
0	0
0	0
0	0
0	0
0	0
0	0
0	0
0	0
0	0
0	0
0	0
2	0
0	0
0	0
0	0
0	0
0	0
7	0
0	0
0	0
3858	0
9	11
1	4
2	2
0	4
3	0
64	175
0	175
0	0
0	0
114	238
0	238
121	0
0	0
164	50
0	50
0	1
1	1
0	4
0	4
0	0
4	5
0	5
0	0
205	0
0	0
0	0
0	0
0	0
0	0
0	0
1	1
0	0
0	10
0	0
0	2
0	0
1	0
0	0
0	0
0	0
0	0
0	2
0	3
0	0
0	0
235	87
36	0
0	0
0	1
1	0
7	0
1	0
0	0
55	0
0	0
2	0
0	0
0	0
0	0
0	0
299	0
0	0
0	0
6	0
1	4
0	0
0	0
0	3
0	3
0	0
150	0
0	0
0	0
0	0
0	0
120	305
0	3
0	3
0	0
0	0
7	2
4	1
0	0
178	83
13	60
11	18
0	10
0	0
2	0
0	0
1	0
0	0
12	4
0	0
0	17
0	4
0	0
0	23
0	24
0	0
0	2
0	5
0	0
0	28
23	72
19	57
0	13
0	0
0	0
0	0
0	0
0	0
0	0
7	8
0	24
0	16
0	16
0	21
0	0
0	0
0	0
0	0
2	8
0	0
0	0
0	0
1	41
2	20
0	0
0	0
0	0
0	0
3	0
0	0
0	0
0	0
0	0
0	43
0	43
6	45
0	0
0	0
1	5
56	272
0	0
0	1
12	11
0	0
0	0
2	165
0	154
136	138
2	7
0	0
0	0
0	0
0	0
29	59
0	0
0	0
2	7
0	1
13	6
0	0
0	0
0	0
0	0
0	0
0	0
7	0
5	207
0	10
0	0
0	0
0	0
0	0
0	0
0	0
0	1
68	214
0	214
322	0
8	24
4	24
421	0
0	0
0	0
0	0
0	0
1	0
1	1
0	0
1	0
0	0
2437	0
0	0
0	120
0	120
38	0
920	0
297	0
0	0
0	0
0	0
1	0
0	0
0	0
0	0
0	0
0	0
0	0
0	0
1304	41
75	281
23	281
89	396
0	396
0	1
0	1
0	0
0	0
0	0
0	2
4	2
0	15
4	15
0	0
0	3
2	10
1	0
0	0
0	0
13	1
180	0
1	0
0	0
2	0
3	0
0	0
1	0
374	110
1	111
0	0
0	1
0	0
6	0
1	0
0	0
56	21
0	0
0	0
55	0
1	0
122	0
0	0
0	0
0	72
0	83
0	1
0	0
0	0
0	0
101	312
2	164
5	157
0	157
0	165
5	161
1	0
2	0
0	0
3	40
0	0
0	0
0	0
3	169
8	300
154	315
19	167
17	186
4	173
47	27
0	12
66	0
0	1
0	111
0	0
1	0
1	0
74	105
4	29
0	0
0	0
9	94
0	76
1	1
1	12
2	4
16	178
2	1
3	0
610	1282
0	0
3	23
0	0
1	41
26	73
1	149
0	138
0	1
0	89
0	0
106	434
0	254
16	73
51	153
9	177
0	0
0	0
0	0
0	641
3	817
0	74
0	82
1	102
0	1
0	0
0	0
0	0
1	0
0	0
3107	0
0	0
0	0
0	0
0	0
0	0
0	0
107	262
0	262
0	0
0	0
0	0
0	0
0	0
0	0
0	0
0	2
0	2
0	8
0	6
0	3
5	11
0	0
3	9
0	19
0	20
1	6
4	9
9	10
0	0
1	17
0	6
13	28
0	0
0	1
0	29
5	26
0	0
0	0
0	0
0	31
0	45
0	0
0	0
0	8
0	8
0	0
0	0
0	0
0	2
0	0
1	10
0	2
0	0
0	1
2	6
0	0
0	0
0	22
0	5
0	5
0	8
0	1
0	0
2	1
0	1
0	0
0	3
0	27
0	27
0	2
0	10
44	18
0	0
0	0
62	2
0	0
0	0
301	0
843	0
1	0
25	29
1	29
0	0
54	0
444	0
0	0
0	6
0	0
0	0
0	0
53	0
0	0
525	0
1	0
101	0
0	0
0	0
0	0
0	0
0	0
7	0
0	0
138	0
257	0
210	0
0	0
1	0
6	0
2	6
0	36
0	0
0	0
1	0
60	0
0	0
0	0
0	0
0	0
0	0
0	6
0	8
1450	0
0	0
0	0
0	0
0	0
0	0
0	0
9	172
2	165
0	1
0	1
0	0
0	0
0	0
0	0
0	0
107	49
170	495
0	0
0	5
0	0
0	0
0	0
0	0
141	61
25	40
0	68
0	0
0	50
0	50
80	51
14	0
4	1
5	1
0	0
21	0
0	56
0	56
42	94
75	152
53	431
0	95
1	0
0	67
0	0
0	0
0	0
1	0
0	0
0	0
0	0
0	0
0	0
0	0
0	0
0	0
0	0
0	0
0	1738
0	1738
0	0
8	0
0	0
0	0
251	0
0	0
0	0
7	0
768	0
483	0
626	0
0	0
0	0
194	0
730	0
914	0
1	0
0	0
0	0
0	0
147	124
0	115
13	80
4	0
1	1
0	1
3	0
0	0
0	0
2	2
86	32
0	32
0	0
1	6
100	41
0	41
0	0
0	0
1	1
0	1
700	0
2	0
0	0
209	0
116	43
0	43
0	0
234	0
0	0
103	118
0	0
0	0
0	0
0	0
0	0
0	0
0	0
45	118
1	0
0	0
0	6
0	0
0	0
6	0
1	0
12	554
4	554
165	0
0	0
0	0
239	0
0	0
678	0
0	0
0	0
0	0
338	0
0	0
1	0
0	0
1	0
0	0
0	0
0	0
0	0
560	0
0	0
0	0
0	0
232	0
93	0
380	0
0	0
3	1
0	0
0	0
858	37
0	0
0	0
0	0
0	0
90	40
0	0
7	3
2	0
0	0
0	0
24	1
0	1
7	0
3	0
0	1
0	0
0	1
0	1
0	1
238	727
22	727
0	0
0	0
0	0
0	0
0	0
0	0
0	0
0	0
0	0
0	0
0	0
0	0
0	0
0	0
0	0
0	0
0	0
0	2
0	0
0	0
2	3
0	3
0	0
79	0
484	0
4	37
105	253
0	253
36	3
18	0
1	2
0	2
0	0
843	0
398	0
0	0
0	0
0	0
3	42
0	0
183	112
1	63
80	73
1	0
0	0
0	0
0	0
0	0
16	105
10	4
4	0
0	1
32	30
5	15
6	1
1	0
3	0
0	0
0	0
0	0
0	0
3	1
1	0
0	34
11	6
8	81
1	1
539	9
0	0
3	0
0	0
0	0
10	7
0	7
318	0
794	0
651	178
8	5
0	3
0	3
0	5
1	0
0	0
0	1
1	1
0	0
14	178
0	0
12	4
1	3
2	15
12	15
4	0
0	0
0	0
0	0
0	0
0	0
0	0
0	0
0	0
346	0
322	1
0	0
1	24
0	24
9	1
0	48
0	48
22	6
30	7
0	7
0	0
7	53
0	52
49	26
293	772
0	772
0	0
0	0
3	1
3	0
0	0
0	0
0	3
6	8
0	1
0	0
0	0
0	0
0	0
0	0
0	0
0	2
0	9
0	0
0	0
0	0
0	0
0	0
0	5
0	1
0	0
0	0
0	0
1	8
1	9
0	0
0	0
0	0
0	0
0	1
0	0
0	0
2	9
0	1
0	0
0	0
15	32
0	1
0	3
1	6
0	6
0	0
1	0
0	0
0	6
0	6
0	0
0	0
0	0
0	11
2	19
0	0
0	0
0	0
0	1
0	0
0	7
1	12
0	3
0	0
0	0
0	2
0	0
0	0
0	3
0	0
0	0
0	0
1	0
0	0
0	0
0	0
0	0
0	0
1	0
0	0
0	0
0	0
0	0
0	0
0	3
0	0
3	29
0	19
0	0
0	0
0	0
0	5
0	4
0	0
0	0
0	0
0	0
0	0
0	0
0	0
0	0
3	13
0	7
0	2
1	0
0	0
0	0
0	8
0	7
0	0
0	1
20	3
0	0
0	0
0	0
0	0
0	0
1	8
0	0
0	0
5	7
0	1
0	1
0	0
0	0
0	0
0	4
0	2
0	0
0	0
0	0
0	0
13	10
3	0
0	0
0	4
6	1
5	0
0	0
0	0
43	95
0	95
321	0
1889	0
0	0
0	0
107	26
0	0
0	0
0	0
0	0
0	0
136	0
282	50
0	0
0	0
0	1
0	7
494	0
9	140
0	20
0	145
0	134
49	28
0	0
17	2
0	0
45	19
0	0
0	0
0	0
3	0
0	0
144	10
1	10
0	0
0	0
0	0
28	0
74	0
0	0
0	0
0	0
0	0
0	0
0	0
0	0
0	0
0	0
0	0
0	0
0	7
1	0
1	9
0	0
0	0
0	15
0	0
0	0
55	0
0	0
0	0
0	0
0	0
2	2
1886	0
52	0
471	0
679	0
63	0
36	0
36	0
2	0
15	34
0	34
298	0
0	0
0	51
1	52
42	12
0	0
0	0
0	35
3	36
14	23
4	13
0	3
30	51
19	15
138	104
41	10
93	2
0	41
0	41
311	58
0	54
1	55
44	13
108	0
33	51
0	51
0	0
20	0
0	0
0	0
0	0
0	0
0	0
466	0
6	836
14	836
0	0
13	0
0	0
0	0
227	0
151	23
1	26
1	0
3	0
41	0
0	0
131	0
4	0
8	4
6	4
309	157
0	157
0	0
0	0
0	2
0	8
0	6
0	0
3	0
24	9
0	0
7	0
0	2
17	75
0	75
12	2
0	1
0	2
3	0
2	0
98	0
0	10
9	9
2	1
67	0
1844	0
6	0
2	74
0	84
0	41
0	0
67	0
79	0
672	2
0	2
0	0
0	0
0	0
0	0
0	0
0	0
0	1
0	1
0	1
0	35
0	34
0	24
40	65
0	65
1063	0
2	0
947	0
493	0
6	0
662	0
0	0
5	0
1	0
0	0
64	5
120	18
0	17
0	2
2	2
0	0
18	8
0	8
0	7
2	0
0	0
0	3
4	0
0	0
0	1
0	1
17	0
1	0
0	0
0	0
7	0
1	0
0	0
19	0
16	0
249	753
0	753
563	0
51	39
1	39
1	0
45	0
207	2
0	0
126	149
20	13
0	0
0	0
0	10
0	0
0	0
0	0
0	0
0	0
0	0
0	0
269	221
70	9
35	2
551	259
177	20
0	14
0	14
0	12
5	0
0	6
0	6
121	254
0	154
1	74
2	42
10	36
0	23
0	23
4	0
0	0
2	0
0	0
0	0
3	17
147	6
3	169
13	169
10	110
0	110
0	0
193	0
155	0
45	0
16	116
0	115
0	0
14	18
37	213
0	207
1	0
0	0
0	0
0	0
0	0
1	22
1	0
34	79
0	0
0	0
117	0
124	680
1	680
144	0
5236	0
12	0
1	0
15	0
0	0
0	0
1	1
0	0
1	4
0	4
0	1
1	0
0	0
0	0
1	1
0	1
1	1
0	0
0	0
1	0
0	2
0	2
4	0
0	2
1	2
63	0
761	0
1	0
44	0
759	0
166	0
0	0
1	0
3	0
0	0
0	4
9	4
0	0
9	151
1	151
204	0
154	0
1	0
0	0
4469	18
191	0
0	0
0	4
0	0
0	1
0	0
0	0
310	0
0	0
147	356
1	358
0	0
6	0
1	0
0	0
0	2
0	0
0	0
0	0
0	1
6	49
4	46
93	0
1	1
1	1488
0	1555
66	0
0	1
63	25
0	0
0	0
0	5
1	5
11	4
10	8
107	16
16	4049
33	4117
0	0
1	0
0	0
227	0
114	203
0	203
157	142
2	148
1055	1818
0	1818
6941	0
24	0
1	0
363	0
0	0
2	0
20	0
7	0
2080	0
0	0
0	0
1	15
0	15
13	0
6	0
0	0
24	0
1151	3246
1	3246
1	0
40	0
331	0
252	352
42	352
3	31
0	31
12	23
0	14
2	91
2	2
0	0
0	0
0	0
0	0
0	0
0	0
96	0
1	7
1	0
202	0
2	0
0	0
156	0
0	0
303	1
1673	0
3	0
0	0
1280	0
254	222
1	222
5404	0
15	0
2112	2368
0	2368
88	0
442	1494
0	1494
299	0
80	0
1	0
10	0
0	0
0	0
114	0
83	0
46	0
517	390
2	384
2	0
710	0
0	0
0	0
0	0
66	0
0	27
4	27
2880	0
0	0
0	0
734	0
0	0
3	0
799	0
2	0
0	0
0	0
0	0
0	0
0	0
0	0
0	0
0	0
1	0
0	0
0	0
0	0
0	0
73	0
0	0
304	5
0	0
0	41
0	5
0	5
90	0
0	8
0	0
0	1
0	0
0	0
0	0
0	0
0	0
0	0
0	0
0	2
122	78
0	0
0	0
0	0
0	0
0	0
0	14
0	72
4	0
18	0
6	0
3	10
7	10
1	0
9	4
0	4
0	0
0	0
0	0
0	0
0	0
0	1
6	3
0	9
1	5
0	5
5	11
1	11
0	6
0	0
3	23
0	0
0	0
0	2
0	3
2	75
0	42
1	0
133	73
0	562
144	562
0	0
1	2
0	2
11	0
0	0
0	0
0	0
0	0
0	0
1	32
2	68
4	4
0	4
267	98
0	0
71	9
118	15
1	13
0	0
3	0
0	1
0	0
0	0
0	0
4	0
13	7
0	0
0	0
5	84
0	84
1	0
0	0
88	0
8	77
2	73
0	0
1	0
135	21
796	42
18	35
1	0
0	0
26	58
0	53
19	2
7	0
2	14
32	14
0	0
0	0
1	0
311	0
129	0
258	0
43	0
302	0
1	0
0	100
39	100
103	0
418	0
191	0
1	0
8	0
3	0
0	0
921	0
739	0
0	0
0	0
0	0
0	0
0	0
0	0
0	0
0	0
0	0
173	0
112	69
1	69
1375	0
0	0
16	54
0	54
0	0
0	0
0	0
0	0
20	0
220	0
3	0
752	0
162	0
222	0
126	314
0	314
623	0
426	454
2	464
0	0
0	0
0	0
22	0
510	0
0	0
1	0
1	0
1	0
23	0
0	5
0	5
0	0
13	0
0	0
90	0
399	0
0	0
0	0
0	0
12	0
3	0
0	67
0	67
0	1
0	1
9	137
0	12
0	26
0	2
0	3
4	0
3	0
0	0
0	7
1	0
1	0
0	0
1	7
1	6
1	0
62	0
1055	0
1	0
0	0
17	65
0	65
0	136
233	136
0	0
9	29
3	29
179	0
1082	0
318	0
2	0
42	16
1	16
3	0
328	0
0	0
671	0
13	0
0	2
911	0
320	55
0	55
0	0
10	1177
1	14
0	1173
6	0
36	74
3	0
10	0
0	0
10	14
0	14
93	189
0	189
97	0
171	0
0	10
0	10
0	0
1	4
1483	0
51	175
0	175
117	0
60	0
10	2
2	2
22	0
6	434
0	434
49	0
34	454
94	454
207	0
3	8
0	8
1220	0
0	0
0	0
0	0
0	0
14911	0
1	0
0	0
0	0
0	0
0	0
3545	0
0	1
0	1
27	0
923	0
343	0
0	0
4769	0
51	0
0	0
0	0
2	0
726	1720
17	1720
29	321
0	321
2	36
0	36
4	24
0	20
0	13
15	0
115	0
0	15952
0	15952
0	0
673	0
0	0
0	0
257	0
0	0
1	20
0	0
114	131
10	83
0	0
2	4
0	4
2	3
7	3
37	68
0	0
803	0
781	0
124	0
85	11
11	11
233	0
14	0
11	0
2256	0
136	0
78	0
668	0
25	0
29	0
0	0
0	0
183	0
93	0
887	0
0	0
387	0
0	0
72	0
7	0
0	16
2	16
1	0
0	0
0	0
0	1
1	0
118	0
149	0
0	0
75	598
1	598
0	0
0	21
3	21
122	0
885	39
276	0
0	0
138	698
0	698
47	464
0	464
0	0
18	0
534	0
6	0
0	0
0	0
1	1
0	1
577	0
269	0
15	0
264	0
1	0
2	0
259	0
161	0
11	48
0	48
71	0
6719	0
6979	1
252	486
42	1157
23	1129
7	8
0	0
870	771
0	764
0	0
0	0
5	0
5	0
369	0
1212	2383
0	2383
79	8
127	0
586	0
17	48
2	48
91	0
136	0
0	143
0	143
0	0
0	0
0	0
0	0
160	0
937	0
13	0
45	0
276	0
1025	551
0	551
193	0
0	0
13	42
0	42
230	1504
1	1504
0	0
245	13
2148	0
0	0
0	0
24	0
636	0
0	0
743	0
20	30
2	30
351	0
4712	0
224	0
290	0
454	0
0	0
12	0
7	0
0	1
2	9
3	8
0	19
0	19
1	11
46	0
5	0
34	0
1	29
77	42
13	37
0	0
1	0
0	0
0	0
7	0
21	461
2421	461
28	0
0	0
3	0
0	0
482	0
0	0
64	0
131	0
81	0
0	0
110	0
0	0
0	0
551	0
48	0
104	0
0	0
1	0
1214	0
1	0
0	0
0	0
206	0
17	0
0	0
2039	0
66	0
2284	0
8	0
0	0
0	0
737	0
442	0
0	0
1	0
0	0
63	82
2	82
0	0
172	0
109	0
396	243
0	243
782	0
0	0
73	203
0	203
1	0
0	0
1683	0
256	0
29	1312
16	1312
195	88
3	88
0	0
0	0
32	0
1294	0
0	0
3	0
104	0
214	0
102	0
1	29
0	29
1	4
7	1147
229	1225
63	0
110	0
1	0
688	0
45	0
193	0
1136	0
631	0
21	0
207	0
0	0
2	0
0	0
0	0
1	19
0	19
27	57
33	1
0	0
189	57
0	6
33	13
0	13
0	0
0	0
0	1
0	0
0	1
0	0
0	0
1	0
11	7
0	0
0	0
0	0
0	0
0	0
0	0
0	0
18	5
29	0
18	7
25	2
0	0
0	0
27	29
0	29
1	0
0	0
0	0
0	0
0	0
12	24
2	24
134	0
0	0
0	0
0	0
0	0
0	0
438	3
0	0
0	0
0	0
0	0
0	0
0	1
0	0
0	0
0	0
0	0
0	0
0	0
0	0
0	11
44	8
0	0
0	0
0	0
0	0
0	0
0	0
0	0
89	94
0	83
785	0
71	0
0	0
0	0
0	0
106	0
29	104
2	105
13	0
0	0
19	35
86	35
429	0
693	0
0	0
120	7
0	0
100	1
109	0
1059	0
0	0
8	0
7	0
0	1
0	0
0	3
0	0
1	4
0	0
0	1
0	1
3	0
0	0
0	1
0	1
0	1
1	1
0	0
0	0
3	1
1	0
0	0
0	4
0	2
0	1
0	0
1	1
0	0
0	0
0	0
56	15
43	19
16	13
106	0
1085	0
234	0
12	0
2	0
20	0
31	0
0	0
0	0
6	0
568	268
30	270
0	0
2	0
371	0
0	0
284	0
0	0
2	0
1094	0
146	0
5	421
1	421
0	0
0	0
605	0
682	0
1	94
18	94
1	0
0	0
113	0
0	13
0	13
1	9
1	9
1	0
0	0
25	0
814	0
88	0
0	0
240	0
1166	0
267	0
0	0
2692	0
149	0
0	0
4	0
84	9
0	0
34	0
15	0
118	0
6	0
0	0
1847	0
18	140
29	140
0	0
0	0
6	1
0	0
0	0
0	0
0	0
269	731
11	731
0	1
0	1
0	0
53	0
2	5
0	5
455	0
0	0
0	0
0	0
1	0
0	0
1	0
0	0
0	0
65	0
627	0
69	86
6	69
0	17
5	1
2	0
1	0
1	0
0	0
0	0
2	0
0	0
26	0
350	0
13	0
4	0
0	0
0	0
8	0
0	0
0	0
1	0
0	0
0	52
0	0
0	2
0	2
238	377
0	377
13	0
1	15
0	15
1	6
0	0
0	0
0	0
6	0
90	0
83	0
0	0
0	0
13	0
2	0
31	0
0	0
0	0
0	0
26	13
0	2
2	0
0	1
0	1
161	450
14	450
56	92
7	85
1	0
0	0
0	0
0	0
0	0
37	13
1	0
0	0
70	162
1	162
13	28
0	21
1	28
39	0
4	0
0	0
0	0
0	0
0	0
0	0
91	242
0	242
0	0
758	0
15	0
0	0
7	38
12	0
238	333
15	333
406	0
0	39
3	39
6	0
10	0
0	0
7	0
28	73
1	73
191	9
0	9
0	1
199	0
1	0
0	1
0	1
0	0
0	81
0	78
2	75
37	86
0	85
1	0
0	0
0	0
0	0
5	25
0	23
0	19
1	18
0	18
0	0
0	0
0	14
0	0
0	14
0	14
3	11
0	15
0	13
0	11
99	11
0	0
182	0
0	0
402	0
0	0
40	223
0	223
26	0
25	66
4	66
42	0
1	4
0	4
508	0
187	472
10	472
0	10
1	10
67	0
0	35
169	35
2	0
0	0
1945	0
1281	0
5	0
0	4
0	0
16	0
277	3079
17	3014
8	0
35	139
34	110
0	3
0	0
0	1
0	0
0	0
0	1
0	0
0	0
0	0
0	0
0	0
1	0
0	0
6	26
4	26
10	2
7	2
0	5
0	0
0	1136
1	1663
215	80
67	11
45	54
0	0
0	0
0	0
3	0
2	0
11	1
27	0
3	103
29	105
4	0
0	0
0	0
0	0
0	0
0	0
13	6
3	6
4	0
1	0
2	0
0	0
1	0
0	0
0	0
0	0
0	0
12	1
2	7
2	9
10	17
0	0
0	0
0	0
0	0
275	1383
0	749
1	0
147	46
0	0
12	0
0	4
9	2
0	0
0	6
0	5
0	0
0	64
11	67
12056	0
15395	0
2	0
617	0
398	0
0	0
3	1
0	0
0	0
435	0
2697	0
14	0
240	0
0	0
0	0
29	0
527	17
6	18
3	15
143	0
1	7
0	236
46	236
0	0
0	0
0	0
3	0
187	0
170	4
30	12
47	41
0	41
0	0
0	0
0	0
0	0
0	1
0	4
8	3
0	0
0	0
678	0
1	0
0	0
0	0
345	0
0	0
358	29
0	0
188	601
0	7
0	7
4	53
1	0
2	1
25	42
0	0
0	0
1	1
18	11
2	66
211	42
0	0
1	0
0	0
196	0
0	0
0	0
0	0
2096	0
0	0
0	0
140	111
3	124
0	0
1	0
0	0
0	0
0	0
0	2
0	0
1	4
0	0
1	0
0	0
0	0
0	0
1	7
151	0
541	0
214	0
0	0
4805	0
1	0
0	0
591	0
1	0
248	0
771	0
416	521
0	521
0	0
0	0
0	0
0	0
70	0
57	0
0	0
1	1316
241	1316
1	0
482	0
6	0
0	0
0	0
0	0
189	2
7	8
70	10
929	0
139	0
2792	5763
2	5713
615	102
1	102
0	0
0	0
443	0
252	0
1718	0
146	0
30	0
2	0
0	0
636	0
336	0
125	370
1	373
2	2
0	0
0	0
0	0
165	0
104	0
0	0
21	22
302	378
3	11
0	2
3	0
243	378
0	0
13	14
0	0
0	1
0	0
4	11
0	0
0	0
3	0
0	0
0	0
0	0
0	0
18	0
6	0
62	0
0	0
0	0
0	0
0	0
0	0
991	0
0	0
8531	0
298	0
0	8
0	0
0	7
43	164
0	164
14	0
331	1
632	0
46	80
0	80
1	0
0	0
0	0
0	0
11	5
4	5
2	0
1	3
5	3
11	0
0	0
58	0
311	0
437	0
3602	0
3	0
68	0
0	0
2033	0
81	0
0	0
1270	0
36	61
0	61
84	0
2	0
5	0
0	0
0	0
0	0
0	0
5	0
160	120
2	120
0	1
0	0
0	0
0	0
0	0
0	0
1	0
0	0
0	0
1	6
0	6
0	4
2	0
122	178
1	161
3	17
0	0
0	0
0	0
0	0
0	0
1	11
0	10
0	0
0	0
177	0
0	0
0	0
0	0
0	10
2	10
0	0
5	0
0	0
0	0
0	0
0	1
0	1
265	0
2	0
106	0
0	0
0	11
0	11
0	11
0	0
0	0
13	93
0	0
0	5
13	148
2	76
0	1
0	0
0	0
7	33
0	0
0	34
0	34
24	136
275	858
0	782
4	0
0	0
352	0
0	0
0	0
2	0
0	0
0	0
0	0
0	0
0	0
0	3
2	3
1	0
0	0
1057	2705
3	2705
31	32
0	32
2	0
1	0
0	0
0	0
882	0
0	0
0	0
0	3
22	0
0	0
73	0
0	0
0	0
0	0
0	0
188	0
0	0
0	3
0	0
99	71
4	71
0	0
0	0
172	89
0	89
14	0
1	0
311	0
640	0
0	1
0	2
0	0
0	1
0	0
132	0
0	0
0	0
0	0
4	0
1	0
196	0
16	0
111	469
0	469
472	0
99	195
0	195
3	0
0	0
0	0
0	0
0	0
0	0
0	0
0	0
0	0
0	0
0	0
0	0
1	0
2	0
0	0
0	0
0	0
183	0
0	2
0	2
0	0
0	2
0	2
133	254
0	0
0	0
13	20
1	0
21	20
0	34
0	0
0	0
0	580
0	562
0	0
0	0
0	0
0	0
0	0
35	139
0	0
0	0
0	1
0	0
10	15
23	75
16	30
0	0
0	0
1	0
0	1
13	89
2	2
0	0
0	0
0	0
0	0
0	0
0	2
0	90
1	0
0	0
0	0
1	0
0	0
1	0
0	1
0	124
22	237
0	0
0	0
17	15
231	81
0	65
961	30
3	1
0	0
0	0
1	1
0	0
0	0
195	0
0	0
0	0
0	0
0	0
106	0
8	2
0	0
0	0
303	0
0	0
0	0
0	0
0	0
0	0
0	0
0	0
0	0
26	37
2	37
235	0
0	0
22	91
0	91
0	0
0	0
0	0
0	0
0	0
0	0
0	0
0	0
0	0
0	0
0	0
319	278
0	278
2	0
806	0
0	0
0	0
0	0
0	0
0	0
52	0
0	0
0	0
0	0
390	0
0	0
2	0
0	0
0	0
0	0
0	0
0	0
0	0
213	6
0	1
201	0
0	0
0	0
2	0
0	0
0	0
0	0
0	0
0	0
0	0
0	0
0	0
0	0
0	0
22	0
69	0
24	64
0	64
0	1
587	0
0	1
0	0
0	0
0	0
0	0
1	0
0	0
0	0
73	53
0	0
0	77
189	0
0	0
0	4
0	0
0	2
0	0
0	0
0	0
0	0
0	0
0	0
0	50
0	0
0	7
0	0
0	0
0	0
0	0
5	170
21	169
0	0
1	0
0	0
4	0
6	0
0	0
1500	1056
0	0
0	0
1536	19
0	0
0	0
212	28
0	0
96	484
1	355
164	61
0	40
3	0
2	0
1	0
2	89
0	0
23	0
0	0
3011	1077
617	0
0	0
0	0
0	0
0	0
0	0
950	0
0	0
0	0
13	49
0	47
4	1
2	0
0	0
67	76
35	78
0	0
0	0
0	0
0	0
0	0
0	0
0	0
1	2
0	0
1	32
0	22
0	33
0	0
0	0
0	0
1	2
1	2
0	0
0	4
0	0
0	0
0	0
0	188
0	0
0	0
0	0
0	0
4	22
0	16
7	4
0	0
0	0
1	11
18	12
90	5
0	1
0	0
0	0
0	0
0	0
3	1
0	1
0	0
0	0
58	0
0	0
0	0
0	0
16	0
0	1
239	0
0	0
0	0
376	0
0	0
3	2
0	0
0	0
0	0
1	16
0	27
0	54
3	0
0	0
0	0
1	0
151	31
0	0
0	1
2	1
0	0
0	0
0	0
0	0
0	0
1	1
0	0
0	0
0	19
0	11
0	8
0	0
1	0
0	0
0	0
0	0
0	0
0	0
0	0
8	13
0	4
0	0
0	0
100	1
0	77
0	78
0	0
25	0
109	0
0	0
0	0
0	0
1	0
0	90
2	90
0	0
0	0
0	2
0	0
0	0
0	0
2	0
0	0
17	0
0	7
0	48
0	6
0	3
0	0
0	0
0	0
0	0
1825	0
0	0
0	0
0	10
0	0
0	0
391	33
0	34
0	1
0	0
0	0
2	142
3	142
0	0
2	2
0	2
0	1
0	0
0	1
0	0
0	0
0	0
0	16
0	0
0	0
1	27
28	44
1	54
0	2
0	0
108	87
1	87
0	0
3	18
0	0
2	0
0	0
51	0
0	0
0	0
0	0
0	0
0	0
0	8
0	0
0	0
0	7
0	24
0	3
0	0
184	0
0	0
2	0
0	2
4	2
1	0
0	1
1	0
0	0
1	0
0	0
0	0
0	0
0	0
1	0
1	0
0	0
1	0
0	0
0	0
1	0
164	44
2	44
0	0
1	0
1516	0
0	0
180	0
0	0
0	0
24	0
0	0
0	0
0	0
1	0
0	0
0	0
0	0
0	1
0	0
0	0
0	0
0	0
6	3
0	0
0	0
0	17
4	0
6	0
0	1
0	0
0	0
0	0
0	0
0	0
0	0
0	0
0	0
1	2
0	0
0	0
0	0
0	1
0	1
3	0
2359	0
0	0
1	1
0	0
0	0
0	0
0	0
262	0
0	0
0	0
78	0
137	0
20	108
0	0
0	0
0	0
673	0
8	0
1	0
5	147
1	147
0	0
0	0
1	12
213	0
0	0
0	0
0	0
0	0
0	0
0	0
0	0
0	0
0	0
265	0
125	0
0	0
0	1
0	2
0	1
8	0
0	0
0	0
0	0
0	0
0	52
0	44
471	0
72	87
0	87
5	0
0	0
3	8
1	57
0	0
13	5
2	5
0	0
0	0
2	0
0	0
0	1
0	0
0	0
0	0
0	0
0	0
0	0
0	0
0	0
239	174
6	217
4	0
2	0
0	0
0	0
1	2
0	0
0	0
0	2
0	1
150	0
0	0
1	0
0	0
0	0
0	0
16	18
2	18
0	0
0	0
0	12
0	9
0	4
0	1
0	4
0	0
0	0
0	0
0	0
0	0
0	4
0	0
0	0
0	0
0	0
0	0
0	0
0	0
0	1
0	0
0	41
0	44
0	1
0	0
0	0
0	0
0	1
3	0
0	3
0	3
14	0
0	0
0	0
358	0
3	0
941	0
0	0
166	0
0	0
139	0
7	0
315	22
2	22
0	0
0	0
0	0
0	0
1	0
0	17
0	17
0	0
0	0
0	0
0	0
0	0
0	0
0	0
0	0
302	0
0	0
1	1
0	0
0	0
907	0
0	0
0	0
0	0
83	0
1	0
4	0
0	0
4	0
281	0
0	0
14	0
0	0
0	1
432	0
1	0
0	0
0	0
0	0
0	0
158	19
3	288
17	288
2	0
0	0
0	0
2	0
0	0
3	2
0	0
0	0
0	0
0	2
0	0
0	0
0	0
0	0
0	0
0	0
0	0
2	14
0	0
0	0
193	0
5	11
0	0
0	0
0	0
0	0
12	11
0	0
0	0
0	0
0	0
0	0
400	0
3	0
4	4
0	4
819	0
0	0
1	0
0	0
0	0
0	0
3	0
38	0
0	0
0	0
1	228
4	228
2	0
0	0
0	0
0	0
86	0
529	100
1	100
3	0
0	0
1	0
1	0
224	0
0	0
0	0
0	0
101	0
2	0
2	1
17	1
0	0
0	0
0	0
0	0
0	0
0	0
0	0
1	2
0	0
0	1
0	0
0	0
0	0
208	1
0	0
2	0
18	111
2	41
9	31
1	0
0	0
0	0
0	0
0	0
1287	0
5	0
1292	0
59	0
44	0
0	0
0	0
1078	0
1357	0
0	0
0	1
0	0
0	0
0	1
0	0
0	0
0	0
0	0
1063	0
0	0
18	0
0	0
0	0
1	0
0	0
0	0
0	0
0	0
0	0
0	0
0	0
0	0
97	0
0	0
103	0
0	0
0	0
0	11
0	0
0	0
0	1
0	0
0	0
70	0
0	0
51	0
6	77
10	77
1	1
2	0
0	2
1	4
0	0
52	0
0	0
95	99
0	99
0	0
1051	0
0	0
0	0
3	0
0	0
39	54
0	63
0	0
2	0
0	0
0	0
102	0
0	0
0	0
0	386
260	386
0	0
0	0
619	969
0	1
0	969
0	0
27	0
0	0
0	0
0	12
0	1
0	0
0	0
0	0
0	0
0	0
0	0
0	0
0	0
0	0
5	0
0	0
9	0
48	0
0	0
0	0
0	0
0	0
1353	0
120	0
396	0
0	0
0	2
0	3
0	3
0	0
0	14
2	14
467	0
209	1
322	290
0	0
0	0
0	0
308	227
447	109
0	0
0	0
53	0
38	138
12	138
1	1
41	0
0	0
5	0
408	0
3	0
6	1
0	0
0	0
1	0
2	0
0	0
1	0
0	1
0	0
1	0
0	0
0	0
0	0
1	0
0	0
0	0
0	0
0	0
0	0
0	1
0	1
0	0
0	6
1	6
0	0
3	1
0	0
93	0
0	0
368	0
0	0
2	0
0	0
13	0
1300	0
3	0
0	0
45	71
2	71
18	0
45	1018
0	1018
9	0
0	9
4	10
0	0
1	7
0	0
10	0
0	0
0	0
0	0
0	0
0	0
2	0
107	0
134	0
1498	0
772	1383
0	1383
70	0
2	0
0	0
14	0
0	0
7	63
0	63
56	0
199	0
0	25
12	25
296	0
0	0
501	540
1	540
87	0
0	0
0	0
0	0
0	2
0	3
0	1
0	0
0	0
0	0
178	1010
0	1010
2	617
110	617
0	3
0	0
769	0
0	0
1	0
284	86
1	86
0	0
0	0
0	0
7	2
1	9
0	9
0	1
0	1
0	0
0	0
1276	0
0	0
0	0
0	0
0	0
0	0
0	0
0	0
0	0
233	0
312	4
2	0
0	0
0	0
0	0
0	0
4	0
0	0
20	28
2	28
9	0
0	0
0	2
0	2
8	0
1	0
0	0
3	116
443	0
0	0
0	0
0	0
0	0
0	0
0	0
0	0
1	3
0	0
0	0
0	0
1303	0
0	0
98	0
3150	0
831	0
2	0
41	277
21	277
0	0
0	0
0	0
0	0
0	0
1171	0
0	0
0	0
0	0
0	0
4	0
148	13
0	0
873	0
0	16
106	16
1	0
1	0
2	6
2	0
2317	0
476	0
0	0
15	0
0	0
0	0
0	0
1485	0
635	0
0	0
0	0
239	268
0	268
0	0
0	0
0	0
0	0
0	0
0	0
0	0
43	0
0	0
0	0
2	4
342	0
10	51
0	52
0	52
4	0
367	5031
4	5031
0	0
214	0
610	0
8	379
16	379
116	0
88	0
1	0
0	0
0	0
0	0
0	0
269	0
24	0
0	0
0	0
1	0
0	0
0	1
0	1
0	12
1	0
0	1
1	16
484	0
12	0
0	0
0	0
0	0
0	0
0	0
0	0
35	14
1	3
0	0
20	0
918	0
0	0
2	0
0	2
1	2
4	0
2	0
3	0
1	0
64	0
0	0
0	0
178	0
175	0
0	0
29	0
0	0
3880	0
280	0
0	0
200	0
0	0
0	0
0	0
957	0
392	0
0	0
0	0
661	276
40	276
2	0
0	0
0	0
4	0
3	0
0	0
0	0
1	0
0	0
0	0
0	0
0	0
635	0
0	1
0	0
23	0
0	0
0	0
127	0
0	0
0	0
10	0
164	0
0	0
3679	0
349	0
2	5
179	0
7	266
0	266
63	0
55	0
175	0
0	0
0	0
0	0
0	0
7	0
32	0
187	0
0	0
33	3
0	3
125	0
5	1
0	0
116	0
0	0
0	0
0	0
0	0
81	232
0	232
0	0
89	0
0	0
207	0
10	1193
55	1193
1076	2437
0	2437
0	0
0	0
1	16
153	39
0	17
0	6
0	0
1	0
93	8
0	8
7	0
77	4
0	3
0	3
248	0
237	0
0	0
618	0
131	154
0	154
0	323
11	323
0	0
242	472
11	472
2	0
0	0
0	0
6	0
0	0
1	0
0	0
3	0
0	0
0	0
0	2
0	2
0	0
454	0
1117	0
1569	0
0	4
2	4
50	0
254	0
2	0
1	7
5	79
0	9
1	0
129	0
424	0
0	0
0	0
111	11
2	38
0	0
4	1
0	9
0	9
26	189
1	189
2	5
0	12
352	110
145	15
1200	0
171	0
974	0
2	25
0	25
302	0
0	0
2	15
0	0
1	5
29	98
369	0
452	326
42	326
9	73
0	0
0	0
0	0
48	76
133	0
444	99
78	101
0	0
0	0
60	0
0	53
0	38
0	15
423	0
0	0
0	0
1	1
0	1
0	0
0	0
1	0
0	0
752	0
1556	0
8	294
0	294
664	0
60	0
0	0
15	0
26	0
1	0
1	0
210	0
268	0
47	0
0	0
0	0
419	0
3	0
95	0
1	0
9	0
1	0
170	0
0	0
0	0
193	0
11	0
0	7
3	1
136	0
75	0
0	0
34	624
5	624
0	0
0	0
0	0
14	6
0	0
9	1
18	1
792	8
25	0
69	0
0	0
424	0
766	77
2	75
5	1
2	0
1	0
1	0
0	0
2	4
0	0
0	0
0	0
1	0
1	0
0	0
0	0
0	0
0	0
0	0
16	0
3	0
423	0
2	17
0	4
236	0
0	0
1	1
0	1
0	0
0	0
0	0
0	0
3	1
1064	0
0	1
2	0
307	0
5	0
0	0
3022	0
0	119
0	119
128	0
0	42
2	42
0	3
883	0
44	0
49	0
372	17
8	0
1	0
2	47
0	47
336	0
2	0
351	0
867	218
1	220
3	2
1	0
58	0
0	0
0	0
0	0
466	672
0	672
6	63
1	63
1767	0
0	0
342	0
0	0
0	0
183	276
0	276
203	0
49	0
364	0
1341	87
500	87
261	0
71	0
0	0
0	0
0	0
0	0
0	0
0	0
0	0
108	0
35	0
778	51
105	109
0	108
0	76
52	0
459	0
0	0
3	0
155	0
0	45
0	45
0	0
554	0
0	0
0	0
1	0
158	0
677	0
698	0
504	0
0	0
76	0
213	0
3	0
6	0
358	0
54	219
0	219
123	0
44	0
0	0
0	0
0	0
2	0
0	0
300	0
108	0
5	0
11	0
8	0
1072	0
1159	0
0	0
54	0
174	0
0	0
0	0
2001	6
304	341
0	341
0	0
0	0
0	0
0	0
8	0
1528	12
2	0
181	0
114	0
10	0
0	0
0	0
0	0
0	0
282	0
0	0
211	0
0	0
0	0
191	0
104	170
1	165
0	125
9	125
33	0
1	4
0	4
255	0
0	0
693	0
139	0
0	8
0	8
1726	0
36	0
2	121
0	122
0	114
226	0
193	0
0	0
0	0
572	211
0	211
0	0
0	0
2	0
0	0
1150	0
269	0
1416	0
315	1
0	0
1	0
11	0
369	0
1	0
0	0
0	5
638	0
0	3
993	0
0	11
23	2
0	9
153	52
6	53
0	0
0	0
0	0
0	0
0	0
113	0
0	0
0	0
7	0
0	0
11	0
2	0
0	0
8	0
0	0
0	0
0	0
2	0
0	0
1	0
0	0
2	0
0	0
0	0
4	1
6	1
7	0
1	0
0	0
11	0
19	0
23	0
0	0
2255	119
237	119
0	0
0	0
56	0
582	0
782	0
843	0
1213	0
97	0
0	0
0	78
77	78
15	0
2	0
0	21
0	21
0	21
100	260
0	260
967	0
2770	0
324	321
0	321
86	0
3	6
3	6
14	0
1837	0
21	0
195	0
479	0
11	36
0	36
0	0
0	0
333	0
1	0
0	0
0	0
0	0
0	0
0	0
75	1
0	4
0	4
14	10
0	0
0	10
1	0
0	3
0	0
0	0
0	1
1	1
0	0
2	95
0	1
0	0
0	0
42	295
0	0
0	0
0	0
0	0
37	255
0	0
0	1
0	0
8	158
0	1
2	21
0	0
0	0
0	0
0	13
0	0
0	0
0	0
3	1
0	210
0	155
0	0
0	0
2	169
0	1
0	0
9	194
0	149
0	1
0	0
0	0
2	21
0	0
0	9
0	0
0	0
0	1
496	0
197	0
10	0
2826	0
7	0
1	0
229	383
1	383
40	0
6	0
750	0
921	0
68	0
0	0
0	0
0	0
461	0
0	56
10	56
273	0
166	0
22	0
0	0
248	0
623	0
867	0
385	0
0	0
125	0
288	0
207	0
0	0
824	0
3	0
118	0
2	0
1	0
151	15
69	15
226	0
685	0
159	0
49	0
383	1
0	157
16	157
557	0
0	0
359	0
416	1
0	0
67	0
1	0
0	0
2813	0
14	804
73	804
221	177
0	177
2	0
313	0
7	8
0	0
5	1
4	0
234	0
0	0
0	0
3	2
3	2
8	0
78	0
16	0
10	0
185	0
0	0
165	0
25	0
50	0
303	0
1000	12
1	12
304	0
2	0
1091	0
1	0
23	0
313	0
0	0
295	4
239	0
19	0
0	0
0	0
532	0
24	0
0	1
0	1
180	0
2	0
1	0
99	0
321	0
0	0
2	10
0	10
0	55
0	0
0	0
0	0
0	0
0	0
18	7
2	25
0	81
0	0
0	1
0	0
0	254
0	0
0	0
0	0
394	287
0	0
36	0
527	0
43	0
0	0
1	22
0	22
1	0
0	0
589	0
350	0
92	181
0	181
1830	0
0	0
0	0
2	0
457	0
143	0
0	0
539	0
0	0
319	0
417	0
499	0
227	0
0	0
33	0
817	0
90	0
124	0
30	37
0	37
714	0
0	5
1	5
303	0
288	0
339	1239
14	1239
22	0
10	0
15	5
5	4
0	0
1	0
1	0
1	0
2336	0
298	0
50	0
0	273
27	273
445	0
0	0
6	0
7	2
2	0
0	0
0	0
0	0
0	2
0	0
0	1
0	11
1	1
2	0
1	0
3	0
1	0
11	0
2	80
2	80
2151	0
518	0
85	333
0	333
0	0
0	0
8	0
2	0
467	3300
9	3300
0	0
0	0
0	0
532	0
0	0
188	0
29	27
0	27
0	0
0	0
4	0
0	0
0	0
145	0
227	0
0	0
1	0
7	2
276	0
0	0
3	0
0	4
0	4
16	85
0	85
0	0
0	0
0	0
2	0
0	0
1	0
0	1
0	1
704	0
484	0
64	0
3	0
217	0
0	0
109	0
413	0
1	0
14	124
4	124
1	0
0	0
1	0
0	0
0	0
0	0
113	0
0	0
0	0
96	0
2	0
1	0
0	0
0	0
575	0
3512	0
36	25
120	25
199	0
47	128
0	128
0	7
0	7
0	0
0	0
7	1048
4	1048
210	0
51	243
0	243
554	0
2	2
0	2
135	0
0	0
593	914
0	914
3	0
402	0
0	0
924	0
1	8
1	13
4	0
583	0
384	0
2	0
82	0
128	0
1605	0
537	0
11	0
12	0
134	0
4	10
0	10
83	0
4	0
143	0
15	94
0	94
0	0
6	0
64	0
0	0
14	0
299	0
343	0
4428	0
4516	0
117	0
0	0
179	0
7	3
0	0
49	282
13	282
210	0
340	0
0	0
0	0
57	0
408	0
164	0
626	0
39	0
0	0
0	0
7	3
31	3
0	0
0	0
0	0
568	0
1	0
0	0
1806	0
173	61
0	61
25	96
0	96
541	4
194	0
0	0
22	43
0	43
93	0
6	0
405	0
321	0
1448	0
1884	0
205	0
0	0
0	0
0	0
28	184
6	184
0	0
0	0
13	0
85	853
39	853
0	1
0	1
0	0
0	0
9	0
0	2
122	157
0	157
239	0
216	73
0	73
51	272
60	272
15	121
0	121
18	0
103	7
0	1
1	1
2	23
25	88
3	371
24	375
0	58
0	185
0	24
3	32
0	33
1	50
18	250
0	250
122	7
0	0
766	0
7	0
24	0
1	0
0	0
61	0
35	288
49	288
398	0
0	0
3	0
0	0
75	151
2	151
292	0
36	163
21	163
9	0
3	0
0	0
0	0
0	0
0	0
24	0
1	0
153	0
0	0
0	0
0	0
61	0
0	0
10	2
1	1
0	0
0	0
0	0
0	2
0	0
0	0
14	0
119	0
5	0
0	0
1	0
303	0
22	0
189	0
143	0
16	0
105	0
331	0
1013	0
1	145
0	145
2	0
12	0
0	0
4	0
0	0
0	0
3	0
888	0
232	0
96	0
1038	0
149	0
818	854
333	0
56	145
0	145
379	0
0	0
332	0
21	0
0	0
16	0
0	0
0	0
0	0
1	0
41	0
9	0
7	14
0	14
12	183
23	183
0	229
0	229
1	169
0	0
0	0
0	0
0	0
1	0
0	0
2503	0
2435	0
0	0
0	0
0	0
139	0
72	0
0	0
0	0
0	0
281	0
335	0
8	26
0	21
24	62
0	0
12	1
0	0
0	0
4	2
0	2
0	0
0	0
0	0
0	0
0	0
0	0
1036	0
11	0
53	0
6	0
1151	0
1	0
1	0
240	0
149	1
2830	0
1223	0
2	0
15	0
0	0
195	0
2348	0
896	0
0	2
0	2
0	2
0	0
0	0
0	0
0	0
0	0
0	0
0	0
14	66
0	65
0	0
0	0
0	0
0	3
0	0
0	0
0	0
0	0
0	0
74	59
0	0
3	2
1	2
1	0
0	0
0	0
0	0
0	0
56	0
82	0
6	23
0	23
225	0
0	0
288	0
196	0
44	70
0	243
0	4
1	0
0	0
0	0
168	0
188	0
22	0
5782	0
44	67
4	68
0	29
33	125
0	125
4	864
0	864
126	0
1000	0
2	2
0	0
0	0
8	15
194	15
13	0
51	0
32	55
1	55
0	0
0	0
4	0
19	0
0	0
0	0
158	56
0	2
0	1
5	56
481	0
1	33
0	32
66	91
0	91
0	0
2	31
321	31
7	0
533	111
949	0
0	0
0	0
5836	0
823	0
0	0
254	0
7203	0
0	0
52	169
0	169
0	0
8	14
0	20
0	0
0	0
1	0
12	1189
23	1189
272	0
0	0
122	0
253	0
18	0
20	0
0	0
7137	0
452	0
751	0
0	0
0	0
0	0
3	0
2	12
0	12
20	0
0	14
4	14
0	0
0	0
0	1
0	1
163	0
0	0
0	0
5	0
352	0
1110	0
71	0
34	0
823	4
18	0
4014	8308
0	8308
572	0
171	0
26	0
7	0
62	0
370	0
0	0
96	0
0	0
0	0
3	0
186	978
0	978
517	0
4	4
3	0
1	145
2	145
20	19
0	19
538	0
0	0
65	0
185	0
4	0
1507	0
907	0
96	0
529	0
316	0
462	0
74	0
661	0
0	0
2786	0
169	165
0	165
680	0
74	205
1	205
533	0
52	0
0	0
0	0
103	0
709	0
411	0
2	262
1	262
5	0
39	0
132	0
1104	0
2	2
0	0
0	0
0	0
0	0
0	0
58	0
0	0
6	0
111	0
2871	0
0	0
13	0
0	0
0	23
2042	0
286	0
0	8
1	8
0	0
456	1
0	0
0	0
0	0
439	767
17	0
1	3
0	238584
0	0
0	0
68	279879
0	0
0	0
4	0
9	0
520	6058
0	6058
248	0
18	0
0	0
0	0
2450	0
0	0
223	0
0	0
0	0
236	0
0	0
0	127
0	0
0	0
0	0
0	1
0	4
0	38
0	0
0	0
1	0
0	0
0	0
0	1
0	0
1	0
0	174
0	0
0	0
376	0
0	0
0	0
0	0
0	0
107	410
0	410
0	0
1	0
1	0
0	0
0	0
4	1
0	0
0	0
0	0
0	0
0	0
0	0
977	0
3	43
1	43
23	0
0	0
0	0
13	0
0	0
0	0
0	0
0	0
0	0
0	0
0	0
1	0
0	0
0	0
1	3
0	0
0	0
1	0
0	0
0	0
0	0
1	5
0	1
6	7
19	16
0	0
0	0
0	0
0	0
0	0
0	0
0	0
0	0
0	0
5	0
0	0
0	0
0	0
0	0
0	0
0	0
0	0
0	0
1	0
0	284
22	284
0	0
440	0
372	0
59	0
0	0
0	0
1	3
0	0
1	0
3	0
0	0
0	0
35	0
154	1034
0	1032
0	2
0	2
0	0
0	0
0	0
0	5
46	0
0	0
0	0
14	10
0	2
0	0
35	1
0	1
0	0
0	0
0	0
0	0
0	0
0	0
0	0
7	0
1	0
0	0
34	0
0	0
454	0
0	0
752	0
2	7
3	1
0	0
109	9
0	0
0	0
411	0
0	0
29	14
0	14
0	0
0	0
101	0
0	0
8	29
0	1
0	75
0	46
0	0
0	0
0	0
9	29
0	29
0	2
0	0
0	0
0	0
133	35
0	0
2	18
0	13
0	10
0	1
0	0
0	0
0	0
0	0
0	0
0	0
5	112
0	112
0	1
0	0
0	0
3	0
0	0
0	0
0	0
0	1
0	0
0	0
3	1
1	0
0	0
0	23
0	0
0	0
84	27
0	27
20	0
97	0
0	0
0	0
2	0
0	91
5	3
0	0
0	0
0	0
0	0
0	0
9	1
0	0
0	0
0	0
9	0
0	0
0	0
0	0
1	0
0	0
0	0
0	0
0	0
0	0
0	0
0	0
0	0
0	0
37	16
6	19
0	37
0	37
0	5
0	0
3	0
0	0
0	1
2	0
1	0
0	0
0	0
0	0
0	0
0	0
0	0
0	0
0	0
0	0
1	1
0	0
0	0
0	0
0	0
0	0
0	0
0	0
11	7
0	0
0	0
0	0
0	0
0	0
0	0
0	0
0	0
0	0
0	0
2	0
1	0
0	3
0	3
0	3
1	0
3	0
2	180
4	9
1	0
0	0
0	0
0	0
0	0
0	0
0	0
0	0
0	0
4	0
3	6
0	3
0	0
0	0
2	0
114	0
0	19
0	0
278	0
376	0
0	18
0	15
0	0
0	0
0	0
11	0
8	1
0	1
0	0
261	0
2	0
226	0
0	0
0	0
2	0
0	0
0	0
0	0
0	0
1	0
0	0
154	0
0	0
0	3
0	0
0	0
174	0
0	0
1	0
0	0
0	0
0	0
95	101
0	0
106	103
0	0
0	0
0	0
0	0
5	1
0	0
1	2
0	6
0	2
0	0
0	3
0	26
0	21
0	0
0	0
0	0
0	0
0	0
0	0
0	0
0	3
0	1
0	1
0	0
137	0
0	0
0	0
2	5
0	5
0	35
0	35
111	0
0	0
0	0
0	0
0	0
0	0
0	4
0	0
0	0
0	0
0	3
0	0
0	0
0	0
0	0
0	24
0	0
0	0
0	2
0	0
0	0
0	0
0	0
0	0
0	0
0	0
0	0
1	3
0	5
0	0
0	0
0	2
0	0
0	0
1	0
0	0
0	0
0	0
0	0
0	0
0	0
0	0
0	0
0	0
0	0
0	0
0	2
0	0
1	0
0	0
0	0
0	0
0	2
0	0
0	0
0	0
0	0
0	0
0	0
0	0
1	11
0	0
0	0
0	0
0	0
0	0
0	0
0	0
0	0
0	0
0	0
0	0
0	0
0	0
0	0
0	0
0	0
0	0
0	0
0	0
0	0
0	0
0	0
0	0
1	0
0	0
0	0
0	0
10	0
0	0
0	0
2	10
0	0
0	0
0	0
198	1
0	0
0	0
0	0
0	0
0	0
0	0
0	0
0	0
1	0
0	0
0	0
0	0
0	0
0	0
1	0
0	2
0	1
0	0
0	0
0	2
0	0
0	0
0	0
0	0
0	0
0	0
0	0
0	0
0	0
0	0
0	0
0	0
8	0
0	0
8	3
0	0
0	0
0	2
0	1
0	1
0	0
0	0
0	0
0	0
0	3
91	0
0	3
1	3
0	0
1	0
0	0
0	0
0	0
0	0
0	0
0	0
15	0
169	0
0	0
0	2
0	0
288	0
0	23
0	23
1	1
144	0
0	0
997	0
6	0
6	10
6	2
11	6
0	6
26	53
0	0
1	15
0	15
0	0
3	25
0	25
1	0
37	0
0	0
0	0
0	0
0	0
4	6
0	0
0	0
0	0
0	0
112	0
0	0
0	0
0	0
0	0
640	0
0	0
162	140
3	6
0	0
0	33
0	13
0	41
0	41
0	0
1	36
51	26
0	0
0	0
0	0
0	0
0	0
0	0
0	2
1	10
2	4
0	0
0	0
1	9
0	8
0	0
4	2
0	0
1	17
0	0
0	0
0	0
0	0
0	0
0	0
0	0
0	0
1	5
0	0
0	17
0	0
0	0
0	0
0	2
0	12
0	0
0	0
0	0
0	1
0	0
0	0
0	0
0	0
1	1
1	12
0	0
0	0
1	0
0	0
0	0
0	11
0	0
0	0
0	0
1524	0
42	0
0	0
0	0
0	0
0	0
0	0
0	0
0	0
22	119
25	119
0	0
0	0
0	0
0	0
0	0
0	0
0	0
0	0
0	0
0	0
0	0
0	0
362	0
2	0
0	0
0	0
0	0
0	0
0	0
588	0
0	0
0	0
0	0
0	24
0	0
0	0
1	0
0	0
0	0
0	0
1	0
0	0
0	0
0	0
0	0
1	0
0	0
82	383
1	371
0	3
0	0
0	6
0	0
8	7
1	3
0	2
3	4
8	8
0	8
0	0
0	0
0	0
61	482
1	477
0	0
0	0
74	10
0	5
0	0
2	34
0	0
0	8
0	8
3	10
0	0
0	0
0	0
0	1
1	2
0	0
0	0
0	0
0	0
0	0
3	11
0	0
1	13
0	7
0	7
0	0
0	0
1	0
0	0
0	0
0	0
0	0
0	0
0	0
0	0
0	0
0	0
0	0
0	1
0	0
0	0
285	0
0	3
0	3
299	178
0	184
0	0
2	3
0	0
0	0
0	0
0	0
0	0
0	0
0	1
0	1
0	0
0	1
0	1
168	0
9	0
0	0
0	0
0	0
12	1
1	9
1	0
0	0
0	0
0	0
0	0
0	0
1	0
0	0
0	0
0	0
0	0
1	0
0	0
0	0
0	0
0	0
0	0
3	0
15	7
0	0
191	63
0	61
0	1
0	1
0	0
0	0
2	0
8	1
0	0
0	2
1	0
0	0
0	0
0	0
0	0
0	0
1	0
0	0
0	0
1	0
0	0
0	0
1	0
0	0
0	0
601	2003
34	2003
0	1
0	1
0	0
170	0
0	6
0	0
0	6
14	0
41	0
0	0
0	0
0	0
0	0
0	0
0	0
1324	0
0	0
0	4
0	0
2	0
0	0
0	0
0	0
0	0
0	0
0	0
0	0
0	0
0	0
0	0
0	0
0	0
0	0
0	0
0	0
0	3
0	4
0	0
0	0
1	3
1	2
3	6
0	0
4	14
0	1
0	4
0	14
0	0
0	8
0	8
2	2
156	0
0	0
1	0
11	47
0	21
24	1
8	0
15	0
203	4
0	0
0	0
0	0
0	0
0	0
0	0
0	0
0	0
0	0
2	1
0	0
0	0
12	0
0	0
719	1949
3	1949
4	0
46	0
1	0
0	0
0	0
0	0
0	0
76	16
3	1826
40	0
0	14
2	0
44	21
0	21
0	0
4	0
0	4
0	4
110	0
0	0
0	0
0	0
1	0
0	8
104	78
0	78
1	2
0	0
356	0
555	0
0	0
8	0
883	0
809	363
0	365
1	0
0	0
3	0
0	0
0	0
0	0
86	0
56	154
0	154
37	0
0	0
0	0
0	0
0	0
0	0
0	0
0	0
4	6
199	0
0	0
0	0
0	0
0	0
153	8
0	0
0	0
0	0
0	0
0	0
237	0
0	0
0	0
0	0
183	0
0	0
0	0
0	2
3	17
0	0
0	0
0	0
0	0
0	0
32	0
0	0
0	0
0	0
3	0
0	0
0	0
1	0
1359	0
0	0
1	0
0	0
4	0
13	72
1	29
0	0
0	0
44	107
1	108
0	0
136	0
1	0
82	0
1479	0
11	0
0	0
4696	0
0	21
188	21
0	1
240	0
1	0
0	0
0	0
1165	1205
0	1205
400	1
3	3
0	0
3	0
2	2
0	0
0	0
0	0
0	0
0	2
0	0
2954	0
109	0
0	0
0	0
552	0
0	57
0	57
2	27
0	0
0	0
0	0
0	0
0	0
3	9
0	0
0	0
1	2
0	0
0	0
0	0
421	0
1	5
0	5
0	0
105	0
0	0
172	0
7	9
77	9
2181	0
1273	0
112	0
576	0
675	0
0	0
0	0
0	0
0	0
3	0
31	0
286	0
0	0
0	0
0	0
4	0
0	0
0	0
0	0
2	0
32	2
2	2
1	0
0	0
0	0
0	0
1	0
8660	0
404	0
393	0
184	0
13	0
0	0
8	0
1	0
5118	0
37	73
2	80
0	0
0	0
0	0
3	0
0	0
0	0
0	0
0	0
0	0
0	0
0	0
0	0
0	0
79	9
0	9
0	0
2	0
0	0
0	5
1	0
0	0
0	0
0	0
0	0
0	0
0	0
1	0
0	0
0	1
0	1
0	1
0	0
0	0
460	0
0	0
0	0
0	0
0	1
0	2
1	0
143	0
0	0
1196	0
199	12
235	317
0	317
0	0
0	0
0	0
0	0
0	0
100	0
354	0
1	0
0	0
0	0
0	0
7	0
0	0
13	12
6	12
3	0
16	0
153	0
0	1
438	0
1	0
0	0
0	0
0	0
0	0
0	0
0	0
0	0
0	0
0	0
0	0
0	0
0	0
0	0
0	0
0	0
166	360
0	360
1	4
1	22
208	0
57	0
5	25
0	25
0	0
200	0
314	0
1552	0
2	0
0	0
0	0
5	233
0	233
32	0
12	133
9	132
35	41
0	0
0	0
0	0
0	0
0	0
0	0
0	0
0	0
0	0
0	0
1	0
0	0
0	0
0	0
0	0
0	0
0	0
167	0
6	0
1	0
0	0
0	0
594	0
0	0
2	0
0	0
0	0
0	1
0	1
0	0
0	0
0	0
0	0
0	0
12	0
0	0
2	0
0	0
1	0
2203	0
34	0
0	0
1	2
0	0
370	588
1	593
4	0
2	4
430	0
85	0
4	2
0	0
0	1
1	1
0	0
0	16
0	16
0	16
0	0
323	0
3	0
414	0
0	0
1350	0
331	6
0	0
0	37
0	37
2	0
0	0
0	0
0	0
0	0
136	117
6	117
2	0
0	0
0	0
3	0
0	0
148	0
162	0
6	0
0	0
2	0
0	2
0	1
0	0
0	0
0	0
0	0
0	0
0	0
0	0
0	0
0	0
0	0
0	0
0	0
0	0
0	0
12	0
0	0
6	0
0	0
0	0
0	0
0	0
1	0
103	4
5	0
6	0
5	6
0	4
1	99
4	99
0	0
5	8
0	4
271	0
52	176
0	176
0	0
44	0
90	2673
1	2673
453	431
3	0
0	0
0	0
330	0
473	0
49	375
1	375
0	0
0	2
0	2
2	0
16	647
0	474
0	0
0	0
0	0
0	0
0	0
5	131
0	131
127	0
0	0
0	0
30	0
10	0
0	0
28	0
6	0
181	0
299	0
2	0
6	0
0	164
0	164
0	35
14	35
159	0
1	0
49	1
59	102
0	101
0	0
0	0
0	0
0	0
1	0
2	5
10	2
28	5
0	5
1	0
0	0
0	0
0	2
0	0
0	0
0	0
2	0
0	0
0	0
14	0
0	0
0	1
0	1
3	6
1	0
0	6
0	0
0	0
0	0
25	3
0	3
3	1
19	0
0	0
1	5
0	3
0	0
0	0
2	57
0	6
0	0
0	0
0	0
6	0
0	0
0	0
0	2
0	2
0	2
0	0
0	0
0	0
0	0
16	57
0	0
5	3
0	0
0	0
8	0
5	0
0	0
1	0
1	36
0	36
0	0
0	0
0	0
0	1
0	1
2	0
0	0
0	0
0	0
0	8
0	0
0	3
0	0
0	0
0	0
0	0
0	0
0	2
0	1
0	4
0	33
1	0
0	2
0	2
0	0
0	231
61	231
273	0
5	69
0	69
506	0
1	2
0	9
190	484
0	484
97	113
1	0
43	113
13	0
127	0
134	3
1	0
0	0
18	0
228	3
722	273
45	412
0	380
0	381
0	0
0	0
18441	0
0	0
52	0
115	0
88	255
0	255
222	0
0	24
0	24
1146	0
0	0
221	118
0	0
0	317
46	317
1	0
14	0
0	0
7	0
14	0
46	0
0	0
75	0
233	0
0	0
13	360
8	360
116	0
0	0
0	0
0	2
13	0
0	0
0	0
0	0
0	0
673	0
2	0
40	0
8	0
114	0
0	0
0	0
0	0
0	0
1144	0
2954	0
2	0
52	0
9	12
0	12
0	0
565	0
0	0
0	0
0	0
307	0
0	0
0	0
880	0
0	0
450	0
0	0
52	0
1590	0
3	0
0	0
0	0
20	0
8	0
0	0
174	0
10	4
0	4
0	0
13	5
2	5
2	0
17	0
524	0
1	0
1	0
0	0
977	78
2	0
260	0
101	0
37	52
3	52
458	0
0	0
2	0
9	9
6	3
0	0
0	0
0	0
14	3
19	0
0	0
291	0
0	0
0	0
0	0
0	0
270	0
43	0
3	0
0	0
4	0
2	0
18	0
381	0
153	145
0	145
2	0
0	0
1	0
0	0
65	141
0	141
72	0
737	0
0	0
0	0
0	0
0	0
0	0
0	0
134	0
6	47
0	47
1	0
116	278
8	278
0	0
0	0
0	0
0	0
19	0
80	0
822	0
3	0
1748	0
1	0
0	0
81	193
4	193
926	0
0	0
22	36
8	23
568	56
0	0
212	0
1950	183
1	186
97	162
54	162
0	0
3	3
0	3
2	0
0	0
0	0
0	0
0	0
3	1
3	0
0	0
1	0
0	0
0	0
4	0
0	0
0	0
4	0
0	0
0	0
0	0
0	0
0	0
1	0
0	0
22	127
1627	176
160	9
17	2
19	12
0	49
730	7
0	0
0	2
379	0
0	10
0	10
0	2
0	2
1	0
0	0
48	0
0	0
230	0
0	4
0	4
0	0
81	0
0	0
3475	0
200	0
0	1
1	1
244	0
16	0
11	0
411	0
0	0
0	5
0	0
16	6
0	22
22	21
14	0
13	90
1	90
756	0
4	0
0	356
184	472
0	486
490	1
1610	0
0	0
257	0
210	0
1	0
33	0
0	0
0	0
0	0
0	0
0	0
932	0
262	850
1	850
0	0
265	310
0	310
252	0
1	0
6	0
803	0
2	3
7	0
0	0
1	0
0	0
0	0
0	0
4	0
150	0
127	0
191	0
193	0
1	2
0	2
0	0
0	0
0	0
222	0
0	0
0	0
0	0
0	0
1	0
333	739
1	739
0	8
1	0
2	0
32	0
59	0
86	0
7	598
0	598
198	0
0	0
0	0
321	389
347	389
22	0
35	268
0	268
614	592
2	592
349	0
52	88
0	88
215	211
1	210
13	120
2	120
81	0
129	22
0	22
33	39
0	39
0	2
0	2
0	0
0	0
0	0
0	0
319	157
128	2
0	0
0	0
17	0
36	305
0	305
1	0
219	0
2	0
69	0
2928	0
0	0
7	0
33	0
0	2
9	6
3	5
130	0
0	0
0	0
0	453
8	453
461	0
20	632
8	632
67	0
3	0
102	0
409	0
0	0
1	0
1206	0
360	0
0	0
0	0
250	951
30	951
29	0
0	0
0	0
67	0
0	0
0	0
14	0
0	0
0	1
0	0
0	0
0	0
124	0
18	0
0	0
704	0
23	0
529	0
0	0
988	23
1162	0
0	0
0	0
1	0
168	0
0	0
580	0
23	1
2	6
0	0
0	0
2	0
0	0
3	45
0	45
491	0
1	0
0	0
0	274
0	274
0	0
0	0
0	0
220	557
0	557
0	11
0	11
5	0
0	0
1	0
0	0
0	0
0	0
22	107
0	107
0	0
0	0
0	0
0	0
0	0
0	0
0	0
0	0
250	0
258	0
71	0
75	0
0	0
0	0
0	0
0	11
0	0
2	30
0	5
0	3
0	1
0	1
8	17
5	14
5	6
0	4
0	0
0	0
0	30
0	6
2	3
4	13
2	1
12	2
0	0
322	0
16	0
121	0
145	168
0	168
0	27
1	27
74	0
141	0
4	0
463	0
696	0
0	0
640	0
1	0
1337	0
4	0
51	0
87	48
0	48
495	0
29	28
3	28
19	1
0	1
274	0
0	0
0	0
1369	2
0	0
261	10
1449	10
185	227
0	227
812	0
401	0
6	0
116	0
3	0
0	0
2411	0
473	0
89	0
351	0
0	0
41	353
2	353
434	0
203	6
0	1
49	45
1	0
0	81
0	81
21	0
80	0
35	0
44	0
6	0
191	0
46	0
4	0
111	0
6	1
0	1
0	1
0	0
0	0
0	0
0	0
0	0
0	1
19	342
0	0
0	13
0	0
0	4
0	0
0	876
31	889
41	108
144	725
0	0
0	62
5	74
0	0
0	0
0	0
0	0
20	0
117	1
0	0
197	0
10	0
214	0
0	1
0	0
0	0
0	0
0	0
0	0
0	0
0	0
0	0
0	0
0	0
0	0
0	1
0	0
0	0
0	0
1	0
1	0
1	1
0	1
0	1
0	0
0	0
0	1
2	0
5	0
29	0
2	0
11	11
0	11
0	0
0	0
0	0
0	3
0	0
0	0
0	0
0	0
1	0
0	0
0	0
4	1
0	0
1	0
0	0
0	0
0	0
0	0
0	0
0	0
0	0
0	0
0	0
0	0
0	0
0	0
0	0
0	0
0	0
0	0
897	0
439	0
2	0
0	0
0	0
0	0
27	0
800	0
121	242
0	236
0	0
0	0
510	0
18	48
2	48
55	233
0	233
1	0
0	0
0	0
0	0
461	0
17	0
127	0
34	100
6	100
1885	0
18	0
344	23
40	0
170	0
0	0
1	0
0	0
109	0
791	17
81	17
273	0
354	0
0	0
52	0
247	0
5	0
0	519
5	519
441	0
0	0
12	0
270	0
3	7
0	7
137	0
0	0
408	0
252	0
0	0
1	0
35	0
27	0
6	0
3203	0
556	0
1	0
119	0
563	0
653	0
181	0
4	0
287	0
3	0
148	0
1803	0
1199	0
0	0
0	0
0	0
0	0
0	0
0	0
0	0
0	0
215	0
1	0
371	0
85	0
43902	24
13	1
0	1
0	0
72	434
0	432
5	10
2	0
0	0
0	0
550	0
115	0
298	0
572	0
743	0
1268	3
0	0
0	0
0	0
0	0
0	0
0	0
0	1
0	1
74	0
0	0
3	0
305	0
4350	0
370	0
930	0
301	0
0	0
112	0
329	0
9	0
118	0
169	0
23	8
3	8
27	0
0	55
44	55
0	0
2	0
155	0
450	0
28	8
0	0
0	0
0	0
0	13
0	13
1	0
2	0
1	0
1915	0
833	0
7	0
9	0
2	0
92	27
20	20
2	7
1892	0
1181	0
347	2445
0	2445
834	0
728	324
2	341
124	0
6	0
51	0
0	0
0	0
0	0
0	0
0	0
0	0
1745	0
100	0
38	270
0	241
0	171
210	0
3	0
421	0
270	0
40	0
89	0
892	0
0	0
0	0
3	0
3033	0
327	0
220	215
0	215
407	0
0	0
378	0
694	0
890	0
1193	0
85	1211
4	1210
0	0
0	0
0	0
84	0
301	0
0	0
0	0
0	0
0	0
0	1
0	0
2183	0
30	0
97	0
594	0
329	398
10742	404
102	0
44	0
42	93
0	93
1950	0
565	0
5	0
153	0
541	29
0	0
2	0
0	0
11	0
0	0
13	0
0	8
0	8
11	0
2	0
560	0
5	0
0	0
0	0
0	0
0	0
0	0
220	0
270	0
247	0
59	0
130	48
0	68
0	55
1	539
0	0
1103	3003
0	3174
1	367
624	0
41	38
115	9
0	0
0	0
0	0
490	49
1	5
0	0
5	49
0	47
0	11
0	11
0	12
69	34
9	0
140	62
1	27
0	27
0	0
0	0
148	0
16	54
127	54
444	0
133	0
0	0
19	896
8	896
385	0
0	0
562	0
483	0
0	0
3	0
0	0
0	0
0	0
0	0
3	0
11	0
2635	0
0	0
0	0
0	0
0	0
0	1
0	0
0	0
41	0
0	0
0	0
0	2
0	1
0	0
10	2
2	0
60	0
1	0
4028	0
2	0
822	24
0	0
1	0
44	6
25	6
0	0
0	0
0	0
16	0
0	0
0	0
0	0
0	2
0	0
0	0
0	0
0	2
0	2
19	2
0	0
0	0
10	0
1130	0
0	466
0	466
42	0
1	0
601	0
22	375
6	375
2	86
0	86
0	8
0	8
0	16
0	0
0	1
0	1
0	0
0	0
1848	0
0	0
0	0
17	0
0	2684
1687	2684
165	510
153	510
3	141
4	141
0	0
21	39
1	32
0	13
2	0
249	0
1	4
0	4
1340	0
452	0
0	0
0	0
0	0
0	0
25	398
12	398
0	0
0	0
360	0
472	61
2	0
4	57
23	116
0	121
1	0
0	0
0	0
765	0
295	0
0	0
0	0
0	0
0	2
0	87
107	0
0	0
0	8
193	0
0	0
1	0
1	0
157	98
0	98
94	4
0	4
1	2
1	0
0	63
0	63
22	55
0	0
0	0
319	0
9	90
17	90
0	0
164	0
50	0
147	0
136	0
276	0
16	0
75	263
0	263
445	0
472	0
0	0
0	0
0	0
0	0
115	0
0	1
807	0
0	290
1	290
16	42
164	0
248	0
147	2
148	0
0	16
37	143
0	143
0	0
7	0
27	4
3	21
0	0
1	34
0	34
13	4
0	0
0	0
0	0
5	12
0	0
85	12
55	11
93	0
5	0
10	20
1	20
0	11
5	0
629	526
475	526
206	0
205	258
17	12
3	12
16	6
0	6
7	0
114	0
78	0
6	3
0	2
0	0
0	0
0	1
0	1
2	0
0	0
0	1
0	0
1	6
8	5
0	10
0	0
0	0
1	2
1	2
0	0
0	0
0	8
0	7
0	10
0	0
0	3
0	2
0	4
134	19
0	0
0	16
0	3
0	7
0	0
0	13
2	6
322	10
0	10
0	0
0	0
0	0
599	0
548	0
219	14
3	22
0	0
2	7
0	0
0	0
8	10
0	10
0	0
0	0
114	0
47	0
372	0
2	901
1	901
602	0
0	0
0	0
59	0
2	0
0	0
8	1
1	0
22	0
832	0
273	1
0	0
0	0
0	1
0	0
0	0
0	0
0	0
0	0
1061	0
131	0
443	1241
0	1255
0	1035
0	0
81	0
0	0
0	0
1	0
1600	0
372	267
1	267
0	0
24	29
757	29
1085	0
245	0
265	0
3	0
0	0
0	0
0	0
0	0
0	0
0	0
0	0
0	0
0	0
1	0
0	0
0	0
0	0
0	0
0	0
0	1
2	2
0	1
0	0
0	0
0	4
0	26
0	0
0	0
0	0
0	0
0	0
0	0
0	0
0	0
642	0
15	0
0	0
0	0
396	27
0	27
308	0
1	0
508	0
0	0
290	0
0	893
219	893
9	0
0	0
1	0
0	0
23	0
0	3
0	3
82	0
0	91
0	0
0	1
0	0
0	0
0	174
0	174
1	0
0	0
0	0
2	66
38	66
0	0
0	0
0	1
0	1
0	0
0	0
0	0
0	0
0	0
0	0
633	0
651	0
0	0
7	0
1657	0
0	0
0	2
0	0
0	0
805	0
0	0
0	0
0	0
2	0
2	1
0	0
1	15
0	15
129	0
478	0
110	0
0	0
3	0
185	0
1	0
384	0
5	437
4	437
0	0
2	0
575	440
1	440
0	0
41	0
4	0
688	0
270	0
1099	0
1	0
0	0
0	0
0	0
492	0
118	0
240	0
0	0
0	0
603	0
0	0
46	118
110	128
5	23
2	24
3	14
45	15
2	1
0	10
0	0
26	0
0	0
1	35
110	35
27	7
94	9
6	0
1	9
0	9
33	0
0	0
0	0
0	0
5	990
3	990
6	0
0	1
1	4
1	0
52	0
255	0
55	0
0	0
7	110
1	110
0	0
8	1
0	0
0	0
370	0
0	0
227	0
3	0
145	0
201	179
0	179
0	0
0	0
0	0
451	0
2859	0
0	0
0	16
8	16
139	0
0	0
0	0
0	0
0	0
0	0
0	0
0	10
0	8
0	0
0	0
0	0
0	0
0	0
0	0
0	0
133	0
0	0
89	128
2	128
0	0
143	16
18	20
4	0
0	0
1	0
0	88
133	86
0	0
0	0
0	0
0	3
206	0
118	0
0	6
0	6
0	0
0	0
77	0
0	0
0	0
13	158
0	6
0	60
13	43
312	150
0	0
231	0
851	0
1	0
0	0
0	0
0	0
0	0
0	0
0	0
0	0
0	0
0	0
0	0
19	0
71	0
0	36
0	0
3	0
1	0
0	0
0	0
0	0
0	0
0	2
0	0
0	0
0	0
1	5
3	0
0	0
0	0
0	0
0	0
1	0
0	0
0	0
3	2
0	0
0	0
0	0
0	0
0	0
0	0
0	0
0	0
0	0
0	324
0	314
0	0
0	0
0	0
0	0
0	0
0	0
49	0
5	2
0	0
0	0
0	0
0	0
0	0
0	0
0	0
0	2
0	0
0	0
0	0
2	7
0	0
4	0
1	0
8	0
0	7
0	7
7	0
1794	0
0	0
1072	0
0	0
0	0
137	0
0	5
0	0
0	0
0	0
249	34
7	0
0	145
0	0
0	0
0	0
1	0
9	0
0	0
0	0
0	0
2	0
8	0
129	0
0	0
79	0
3	0
18	0
0	0
0	0
154	80
1	50
0	0
0	70
2	131
25	0
16	0
16	21
3	0
7	0
0	0
0	0
82	50
0	0
12	63
0	47
25	115
0	96
121	0
0	1
0	0
0	1
3	0
2152	0
0	0
0	0
0	0
0	0
0	2
5	0
3	0
0	0
671	0
1	0
891	0
0	0
0	0
15	0
0	0
60	0
4	0
0	0
0	0
0	0
0	0
0	0
0	0
0	0
0	0
0	0
0	0
0	0
0	0
1	1
0	0
0	0
0	0
0	0
0	0
0	0
0	0
0	0
0	0
0	0
0	0
0	0
0	0
0	0
0	0
0	0
0	0
1	0
0	0
0	0
0	0
1	0
0	0
378	0
0	0
0	0
0	0
0	0
0	0
0	0
0	0
0	3
0	0
0	0
0	0
0	0
118	0
43	5
0	0
0	0
7	10
26	30
1	31
12	35
16	14
6	34
15	44
20	15
0	0
21	0
0	0
0	0
18	48
3	43
0	34
3	59
0	58
17	17
2	0
46	9
0	0
3	7
0	0
0	0
9	4
0	0
156	0
0	0
0	0
253	0
0	0
0	0
0	3
0	0
1	0
2	0
0	0
0	0
0	0
0	0
0	0
0	0
0	0
0	0
0	0
0	0
18	12
0	4
0	1
0	0
0	0
0	0
0	0
2	1
0	0
0	0
7	2
0	0
0	0
0	0
0	0
0	0
0	0
0	0
0	0
1	1
0	0
0	0
0	4
0	2
0	0
5	2
0	0
1	49
1	43
0	0
0	0
0	0
0	0
0	0
0	0
1	2
2	0
0	0
0	0
0	47
0	28
0	0
0	0
0	0
59	49
0	0
0	15
0	15
0	0
0	0
0	0
0	0
0	0
0	0
0	0
0	0
0	0
5	3
0	2
3	37
3	2
0	0
6	54
0	1
0	0
0	0
0	0
0	0
0	0
0	0
0	0
385	0
209	0
0	0
0	0
1	0
0	0
0	0
0	0
0	0
0	0
0	0
0	0
0	0
86	253
0	287
273	1
0	0
0	0
0	0
0	0
125	95
0	95
970	0
0	0
0	0
0	0
0	0
0	0
0	0
0	0
0	0
0	0
0	2
5	2
0	0
0	0
0	0
89	145
1	116
0	0
0	0
2	0
0	0
1	0
0	0
0	29
0	0
208	0
0	0
0	0
0	0
0	0
0	0
0	0
0	0
0	0
0	0
0	0
0	0
0	0
155	0
0	0
324	0
0	0
13	1
0	0
0	13
0	13
2	0
1	0
0	0
0	0
0	0
0	0
0	0
22	1
0	0
0	0
0	0
0	0
0	0
0	1
0	0
0	0
1	0
327	0
0	0
0	0
0	85
18	85
0	0
1	0
0	0
0	0
0	0
0	1
0	0
0	1
0	0
0	0
0	0
593	0
44	0
0	0
0	0
0	0
2	2
0	0
0	0
0	0
0	0
0	0
4	0
119	82
2	82
0	0
0	0
0	0
0	0
1	0
0	0
0	0
45	0
0	0
0	350
72	350
0	0
116	0
1	39
0	38
1	3
0	0
414	0
0	0
0	0
0	0
0	0
0	0
0	0
0	0
0	0
1	0
0	0
0	0
0	0
0	0
0	0
0	0
0	0
0	5
0	36
3	120
0	0
0	0
0	0
0	4
0	11
1	11
0	0
0	0
1	36
0	0
0	0
0	0
0	0
0	0
0	0
0	0
0	0
0	0
0	0
0	0
0	0
0	0
0	0
0	0
0	0
0	0
0	0
0	0
0	0
0	0
0	0
0	0
0	0
0	0
0	0
0	0
0	0
0	0
0	0
0	1
0	0
0	46
0	25
0	0
0	0
0	0
0	0
0	0
0	1
0	0
0	0
0	0
0	0
0	0
0	0
0	0
0	0
0	0
0	0
0	0
0	0
1	0
2	1
0	0
2	1
29	38
1	28
0	2
0	0
0	0
0	1
2	8
0	0
0	0
0	0
0	0
0	0
0	0
0	0
0	0
0	0
0	0
0	0
0	2
0	2
0	0
0	0
0	2
0	2
0	0
0	0
0	0
3	0
0	0
0	0
0	0
0	0
0	1
871	0
0	0
0	0
0	0
0	0
0	0
0	0
0	0
0	0
173	229
1	0
29	57
0	0
4	0
0	0
0	0
0	0
0	0
0	0
0	0
0	0
0	0
0	29
0	56
2	74
0	48
0	1
0	28
3	403
2	1
126	802
2	736
0	713
0	0
319	640
1	135
0	47
1	1
1	2
0	2
0	1
25	8
5	0
9	471
0	38
0	0
39	229
0	0
14	71
1	84
0	0
0	0
3	0
0	0
6	0
9	86
0	0
0	0
0	0
0	5
7	6
0	0
464	0
0	0
54	104
0	0
6	12
0	0
0	1
25	296
2	19
0	0
128	98
17	240
0	218
14	107
0	0
0	0
0	5
0	0
0	0
12	215
0	0
0	1
1	11
0	0
39	244
56	178
398	240
1	5
0	5
0	0
0	0
0	1
0	0
0	2
29	1
0	0
83	48
1	0
4	1
1	0
0	0
0	0
0	0
1	0
1	2
2	2
0	0
4	1
5	6
0	35
7	41
0	0
0	0
0	0
0	0
2	5
0	2
43	37
0	0
0	1
0	0
0	0
0	0
0	0
0	0
0	0
0	0
0	0
0	0
0	1
0	0
0	0
134	0
0	0
153	0
1	0
0	0
0	0
0	0
0	0
0	0
0	0
0	4
0	0
33	4
2	0
0	0
0	0
0	0
0	0
0	0
0	30
1	18
0	0
0	0
0	0
0	0
0	0
0	1
0	1
0	0
0	0
0	0
8	0
193	397
0	397
10	1
40	0
401	0
112	401
0	402
3	3
0	3
0	0
0	0
0	0
0	1
2	0
5173	0
0	0
0	0
0	0
329	0
0	0
0	0
0	0
0	0
0	2
0	0
0	0
0	0
1	0
1	0
0	0
0	0
0	0
0	0
0	0
0	0
0	0
0	0
0	0
1	0
0	0
0	0
0	0
0	0
10	18
54	0
0	0
0	0
0	0
575	0
1	0
0	0
0	0
0	0
0	0
0	0
91	0
1372	0
216	222
0	222
0	0
0	0
0	0
25931	0
66	0
13	0
0	3
0	0
0	0
13	0
91	0
0	1
283	0
1	0
1	0
0	0
0	0
0	0
0	0
0	0
0	1
0	1
0	1
0	1
738	0
1	15
0	0
0	0
0	0
0	0
513	0
36	25
0	124
58	198
0	0
0	0
0	0
6	0
2401	0
0	0
0	0
0	0
27	0
243	0
0	0
0	1
0	4
0	4
0	0
3	3
0	0
0	0
0	0
0	0
0	0
0	0
0	0
0	0
0	0
0	0
1	3
0	0
0	0
1	1
0	5
0	5
0	0
0	0
0	0
0	0
8	132
0	64
0	0
0	1
0	0
37	156
0	77
0	1
0	0
0	0
0	0
37	0
2	0
1	0
0	0
0	0
5	10
0	10
27	0
0	0
0	24
5	24
0	0
0	0
0	0
0	0
0	0
0	0
166	0
1	0
1	0
0	12
85	0
0	0
0	0
0	0
295	0
4201	0
2504	0
0	0
6263	0
0	5
0	0
0	0
0	0
0	0
0	1
0	0
0	0
0	0
0	0
0	11
0	0
0	0
0	0
295	0
0	0
0	0
996	0
3	0
3	7
14	0
0	0
0	0
3	3
0	3
0	0
2	0
1	0
0	0
2	41
0	41
0	3
1	3
34	0
0	0
0	0
0	0
340	0
0	1
0	1
265	0
0	0
0	357
264	357
1	0
0	0
0	0
2849	0
14	0
35	0
0	0
0	0
327	0
1	0
87	0
44	0
0	0
39	281
1	281
612	0
0	0
0	44
134	0
0	0
0	0
2	0
1	0
0	0
0	0
0	0
0	0
0	0
1	0
40	0
0	0
216	1
1	0
0	21
0	0
269	0
0	0
0	0
0	0
1	0
10	0
89	0
0	0
20	0
3	0
1	0
116	312
45	312
0	0
0	0
99	239
0	239
547	0
0	0
385	0
2	0
1405	0
7123	0
324	0
15	0
0	0
3	0
3	1
0	1
0	0
0	0
0	0
0	0
0	0
0	0
103	0
0	0
0	0
0	0
2799	0
1	0
0	0
221	0
0	0
0	0
0	0
0	0
0	0
0	0
0	0
0	0
0	0
0	0
0	0
435	0
1	0
0	0
0	0
15	0
269	0
94	0
0	0
238	0
0	0
0	0
0	0
99	1
2	0
0	11
0	2
0	1
0	26
0	25
1	0
0	0
0	0
0	0
0	0
0	0
0	0
0	0
1	4
0	0
0	0
0	0
0	0
0	0
0	0
0	0
0	0
0	0
0	3
0	0
0	0
0	0
3	1
2	23
0	0
0	11
0	4
0	0
0	0
0	0
0	0
0	0
0	0
0	0
0	0
0	0
0	0
0	0
0	0
0	0
0	0
0	0
2	3
0	0
0	6
1	6
0	0
0	0
4	0
0	0
1	1
0	25
0	24
0	0
0	1
0	1
0	0
0	0
0	0
0	0
0	0
0	0
0	0
0	0
0	0
0	0
0	0
0	0
0	0
0	0
0	0
0	0
0	0
17	0
117	0
0	0
0	0
43	0
16	5
0	0
0	2
5	3
0	0
49	0
14	0
24274	0
1789	0
118	0
0	0
0	0
0	0
0	0
4	3
439	28
15	24
0	24
405	585
0	585
126	0
264	0
2	0
1268	0
0	0
1	0
42	0
0	0
7	0
41	0
0	0
0	0
0	0
0	0
0	0
0	0
66	1003
16	1015
0	1009
4	0
317	0
6	0
0	45
31	45
1217	0
575	0
953	0
1129	5
9	0
1	0
0	0
0	0
13	0
0	0
0	0
0	130
0	136
0	0
0	0
1	0
10	0
0	0
0	0
498	0
0	0
816	1462
3	1462
0	1
95	1
38	0
0	0
499	0
1	0
9	0
0	0
125	0
0	0
136	0
0	0
9	0
0	0
0	0
0	0
0	0
0	0
0	0
0	3
1	4
0	2
1	0
0	0
0	3
0	0
0	2
0	0
1	0
0	0
0	3
1	4
0	2
0	7
0	2
0	7
0	2
1	7
0	1
0	1
0	1
0	1
0	5
0	3
1	0
0	3
0	0
0	0
0	0
0	0
1	3
0	0
0	0
0	0
1	0
15	2
3	1
0	0
0	1
5	1
1	1
0	0
0	5
0	0
0	1
0	0
0	1
0	4
0	0
4	1
1	6
0	1
0	3
137	0
0	0
7	0
1	0
411	912
1	912
28	7
0	7
752	0
0	0
1	0
435	0
2724	0
854	0
109	0
10	0
0	0
79	17
10	1
0	3
0	12
0	2
0	16
0	3
3	6
0	0
0	7
0	6
0	4
4	4
6	12
3	1
2	3
0	23
0	23
1	24
0	24
3	2
2	11
0	0
0	2
0	16
3	23
2	15
0	14
227	0
0	0
1	1
1	0
30	0
2	0
10	0
0	0
0	0
2	0
3375	0
832	0
181	0
0	18
0	18
0	17
0	0
0	0
48	0
5	0
0	0
57	846
3	846
0	0
8	0
142	133
22	9
0	0
0	0
5	140
0	136
1	9
0	1
0	1
0	0
105	0
113	0
0	0
0	1
0	0
0	0
0	2
1	4
0	4
1	2
0	25
0	94
0	0
0	0
0	0
0	0
0	0
0	0
19	119
0	85
0	3
0	0
1620	196
263	0
1	1
12	3
5	5
2	4
0	0
13	0
1	0
0	0
176	0
0	0
0	0
0	0
0	0
9	0
0	0
1695	0
1	0
0	0
0	0
8	0
0	0
0	0
0	0
19	0
639	0
222	0
0	0
0	0
123	490
1	490
4041	0
199	0
194	0
0	0
0	0
79	1
0	0
958	0
0	0
0	0
20	0
410	0
483	1
40	144
2	144
160	0
0	90
2	90
1	0
2	0
25	3
0	3
2	10
38	11
63	0
8	132
10	132
74	0
201	0
430	0
0	0
51	0
412	0
2205	0
1	3
0	3
0	0
2523	51
28	146
48	51
1969	0
74	9
4	6
146	21
1	1
0	14
245	33
0	0
671	0
0	0
0	9
422	0
601	0
4	5
0	5
0	1
1	14
0	14
122	0
95	0
113	0
402	0
357	295
0	295
186	0
31	0
0	0
768	0
0	0
59	0
0	0
2	0
0	0
0	0
0	0
0	0
225	0
800	0
0	2243
0	2243
66	0
402	0
0	142
0	142
2	0
0	0
0	0
752	172
1	0
435	952
0	834
1144	139
14	0
1	33
0	23
0	0
0	0
1	0
0	0
43	7
0	16
0	16
0	16
0	2
0	2
0	0
0	0
17	0
0	0
11	15
0	0
0	0
0	0
0	0
0	0
0	0
0	0
1	0
56	0
22	0
109	0
196	0
841	0
278	0
1	0
0	0
0	0
0	0
1260	0
21	0
2798	140
0	0
0	0
0	0
8	9
1	3
5	3
54	13
355	14
1	0
1	12
1	0
13	19
171	33
75	33
1	8
0	7
23	0
5	0
691	0
0	0
0	2
0	2
9	0
1	0
0	0
8	0
0	0
0	0
0	0
0	0
69	0
18	139
1	139
1	0
0	0
0	0
0	0
0	0
0	0
0	0
0	0
0	0
0	0
0	0
18	0
0	0
135	0
0	24
0	24
174	13
6	3288
0	3288
39	0
50	0
201	0
1	11
0	8
0	0
5	7
0	0
0	96
4	120
0	9
0	9
0	10
2	12
1	0
2	6
0	0
1	3
0	3
0	0
1	0
0	0
93	74
2	0
0	5
78	91
126	0
0	0
982	0
42	218
2	218
15	0
0	0
0	0
0	0
0	0
0	0
0	0
0	0
0	0
0	0
0	0
0	0
1	0
27	0
33	264
0	264
2	1
0	1
0	0
6	3
0	13
0	13
15	0
1370	0
245	0
8	0
0	0
0	0
0	0
0	6
0	6
0	0
2960	0
3	1
1	0
19	0
1	1
66	0
0	0
0	0
199	0
0	0
3	0
126	0
0	167
0	167
0	3
331	0
45	623
3	623
990	0
37	37
0	37
0	0
0	0
0	0
0	0
0	0
166	0
22	0
0	0
4868	0
365	0
38	0
6	37
0	37
634	0
0	326
15	326
0	0
0	0
0	0
1788	0
0	0
0	170
19	170
0	0
3	0
332	0
2	0
16	0
0	0
10	0
1057	0
1229	0
0	0
2	153
0	153
70	0
7	8
0	8
106	136
0	136
0	0
27	0
260	0
120	551
1	551
201	363
0	363
1	0
496	0
417	0
31	0
3	12
0	1
0	4
1	5
0	12
0	12
0	0
0	9
0	5
0	12
1	7
0	0
0	0
0	21
0	74
0	0
0	0
0	17
0	5
0	3
0	48
0	0
0	0
1	57
0	0
0	24
0	0
0	0
0	0
0	1
0	1
0	2
0	0
0	0
0	0
0	0
56	58
126	114
0	0
2	0
0	22
0	9
0	1
0	1
0	0
0	2
1	4
0	12
0	0
0	0
0	0
0	1
0	5
1	1
0	24
0	0
0	0
3	0
0	0
0	0
0	0
9	0
0	0
0	0
0	0
0	7
0	2
1	84
0	79
5	7
0	0
2	2
0	2
1	4
0	80
0	5
1	1
0	1
5	8
0	11
0	0
0	10
0	8
0	19
0	43
1	106
2	4
0	0
0	5
0	22
0	2
1	53
2	0
2	0
0	0
0	0
1	0
0	0
0	0
0	1
0	2
1	0
1	15
0	11
0	10
5	90
0	85
0	0
0	49
1	74
0	0
0	17
0	17
3	8
0	1
9	57
0	0
0	0
0	0
0	0
0	40
0	2
4	84
1	3
0	24
0	8
0	0
0	0
0	0
0	1
4	2
0	4
0	8
0	0
0	0
0	0
0	0
0	46
0	73
0	5
0	1
0	1
1	0
0	6
0	6
1	0
0	0
0	2
0	0
0	33
0	32
0	0
0	0
0	0
0	0
0	39
11	105
0	1
0	0
0	0
0	31
0	31
0	0
0	0
1	14
0	14
0	0
22	0
0	0
0	3
0	0
1	12
0	8
0	37
1	35
0	37
2	46
0	2
0	0
0	0
0	0
0	0
0	26
0	10
18	108
2	0
0	0
0	1
0	0
1	0
0	0
1	0
200	9
324	25
0	0
0	0
0	0
0	0
0	0
0	0
0	0
0	0
0	0
0	0
69	0
122	0
13	0
28	0
4	0
0	0
0	0
1	40
0	40
10	0
0	0
0	0
260	0
290	0
18	0
3750	141
0	0
119	0
4	0
121	343
0	351
295	0
498	0
0	0
0	0
0	0
0	0
0	0
0	0
0	0
0	0
0	0
88	18
0	0
76	0
0	0
3	0
1145	0
0	0
0	0
14	0
44	0
124	0
69	93
0	93
0	0
0	0
0	0
0	0
0	0
26	32
0	0
0	0
0	0
0	0
0	0
0	0
0	0
0	0
668	32
0	10
0	0
0	0
151	0
0	0
1793	0
0	1
3	8
12	7
69	0
0	0
424	0
827	765
0	765
445	0
0	0
4	206
0	206
11	0
1487	0
132	0
41	16
38	16
0	0
89	0
3	0
274	0
1309	0
4246	0
0	0
3	0
40	0
0	531
115	531
59	0
0	0
0	0
0	0
0	0
0	1
0	1
207	80
0	0
1	0
0	0
8	0
1047	0
0	0
1	0
788	0
0	0
480	80
9	101
0	101
0	0
0	0
457	0
4	0
15	0
0	0
0	0
3	340
0	340
100	0
150	0
1	0
0	25
0	0
563	0
8	10
1	2
0	0
7	12
33	0
29	0
131	0
30	0
0	0
80	0
0	0
440	1581
214	1581
35	0
1230	0
54	4
7	4
0	0
0	0
10	26
0	26
26	0
419	0
2	81
0	81
182	0
407	0
1	0
5	1008
0	1008
236	0
55	0
0	0
0	0
0	0
0	0
5	15
0	0
230	0
128	0
4183	0
1679	0
0	0
0	0
245	387
0	387
2	0
1855	0
108	0
263	0
0	0
0	0
637	0
46	0
357	0
441	0
2344	0
121	0
347	0
0	0
1	0
1	0
240	0
14	0
3	0
73	0
442	0
27	0
152	0
5	0
178	0
28	0
204	0
222	0
0	0
0	0
4	0
0	0
3	1
0	1
108	0
816	0
304	0
15	0
0	0
7	0
3	0
191	548
1	548
1799	0
0	0
314	0
291	14
0	1935
1	1935
0	0
0	0
0	0
1	2
0	2
26	263
0	263
490	0
183	0
148	0
411	0
765	0
0	150
33	150
0	278
14	278
1	0
9	10
2	10
227	0
574	0
256	0
314	0
47	0
0	0
1	61
18	61
693	0
916	0
460	0
406	0
0	0
486	0
169	110
0	110
1021	0
582	0
2255	0
0	0
32	0
0	0
3	0
0	2
0	0
0	0
39	12
0	0
8	0
1580	0
2037	0
0	0
1395	0
289	0
0	0
0	0
0	1
0	1
0	0
0	1
0	0
0	0
0	1
0	0
5	213
1	213
45	131
0	131
4	94
0	94
6	40
46	40
67	0
501	0
50	261
126	261
268	0
3	114
50	114
30	0
0	6
1	0
0	0
0	0
0	0
1332	0
5	0
3	11
0	0
1	0
2	34
0	22
1	0
1	0
0	0
405	94
6	94
1	0
2	108
0	108
4	692
4	692
45	0
46	0
633	0
1057	0
731	0
0	0
0	0
1	0
1360	0
33	0
3331	0
144	0
32	0
653	0
0	0
1546	0
0	0
0	0
2	0
199	0
2	0
277	0
0	0
120	165
0	165
106	0
0	0
1887	0
1381	0
0	0
1	0
315	4
0	0
0	8
0	8
438	0
671	0
1	0
140	12
37	12
162	0
0	0
1	0
0	0
269	0
4	0
0	0
0	0
0	0
1328	275
2	0
582	300
99	27
1	0
209	0
185	0
241	0
4	0
0	0
0	0
214	0
1	61
2	61
77	0
189	0
0	0
0	0
213	0
125	0
887	0
0	0
55	85
2	93
0	0
0	0
0	0
0	0
0	0
0	0
0	0
20	0
0	0
519	0
4	3262
0	3262
169	0
15	0
0	0
0	0
15	0
0	0
17	35
0	40
26	40
0	6
177	0
4	0
0	0
0	0
0	0
5503	0
200	0
1056	0
0	0
60	0
50	0
0	0
0	1
80	0
0	66
1	66
0	0
89	0
526	0
0	19
0	19
20	31
0	31
27	0
0	0
819	0
361	0
27	0
0	0
287	0
0	0
28	0
0	0
211	0
514	0
4	0
44	0
15	0
6	32
0	32
0	0
4	0
35	0
9	0
8	0
278	0
45	166
147	166
190	133
0	37
82	133
86	37
32	0
154	0
762	0
0	0
23	0
2898	0
206	261
0	261
192	0
217	0
0	0
0	1535
423	1535
172	0
1178	3326
0	3326
17	2697
11	2697
569	0
0	0
0	0
0	0
0	0
0	0
35	0
0	33
0	33
216	0
58	0
6	326
0	326
16	0
143	0
0	1607
1	1607
0	0
229	0
1727	0
733	0
794	0
0	0
1	14
0	14
0	9
0	4
0	4
1284	0
0	3
0	0
299	0
0	0
45	0
423	488
50	488
0	0
1	0
25	0
308	290
0	290
1	0
232	218
0	227
217	0
396	0
2	0
0	0
0	0
0	0
111	0
4	0
6139	0
9	2
223	0
17	137
0	137
0	0
1	0
0	0
0	0
0	0
0	0
1066	0
5	0
117	0
0	0
10	9
51	0
0	0
349	126
0	126
1	0
1472	0
154	0
38	79
1	79
11	0
0	0
62	0
135	0
22	0
5	1
15	11
1	11
2	0
57	0
312	0
1	0
200	0
89	0
1	0
204	0
228	0
30	85
0	85
0	0
0	0
4	0
257	200
4	201
2	1
0	0
4	4
1	0
560	0
475	335
0	335
34	0
194	0
951	0
171	0
626	0
0	0
0	0
0	11
0	12
335	0
36	66
0	66
1	0
1	0
119	0
0	0
0	0
0	0
0	0
0	0
155	81
0	81
0	0
0	0
0	0
0	0
0	0
0	0
0	5
0	5
16	4
1	0
0	37
0	37
0	0
7	0
477	0
0	0
5	0
313	0
0	0
1	1
241	0
207	0
30	0
0	0
0	0
0	0
0	0
0	0
1	0
0	0
0	0
0	1
4827	0
0	0
4042	0
0	0
0	0
57	0
1	0
485	0
4	5
0	437
1	437
59	0
211	0
770	0
70	0
367	3
55	0
55	0
349	0
0	0
0	0
0	0
0	0
0	0
0	0
1	0
0	0
79	0
58	0
783	0
65	0
0	0
51	0
78	0
4331	0
0	0
224	111
43	8
0	391
1	405
0	0
0	0
0	146
0	135
3	111
7	16
347	0
439	0
2524	0
0	0
0	0
67	0
0	0
0	0
0	0
3822	0
31	55
0	55
2	2
0	108
1	2
323	108
63	173
0	173
0	0
0	0
2	0
415	166
53	166
0	0
0	0
0	0
25	0
114	0
0	1
0	0
150	0
2	6
0	4
0	0
0	0
1110	0
3	1
0	0
4	0
0	13
0	13
0	1
0	1
2	1
0	0
11	6
19	14
82	14
2	14
0	0
206	0
3	0
0	7
2	10
0	0
403	0
41	132
3	132
0	0
0	0
0	0
0	0
0	0
0	0
1	0
11	0
3	0
1	0
72	0
18	0
491	0
97	78
27	85
37	0
530	0
347	0
1	0
28	0
74	0
64	255
9	255
3191	0
3	25
0	25
0	1
228	0
0	0
0	0
0	0
0	0
4923	0
0	0
0	4
1	4
44	0
0	0
0	0
0	0
1	0
4	0
0	0
1	0
0	0
0	0
0	0
0	0
2	0
1	0
0	0
0	0
2	0
1	0
0	0
0	0
0	2
0	5
0	0
142	0
131	0
0	0
13	5
22	0
3	0
1	0
0	0
187	0
720	0
0	0
1	1
158	0
3	0
103	0
886	1869
0	1869
1	0
0	18
0	18
1	0
492	397
3	397
9	0
387	0
2	0
0	0
1	0
0	0
1	0
0	0
216	0
23	336
2	336
7	0
1149	0
0	0
38	0
0	19
0	9
125	19
0	0
0	0
2	0
0	0
104	0
1662	2035
0	2035
13338	0
2	7
0	7
0	7
171	41
0	41
2191	0
4	3
1489	0
69	0
87	0
303	0
0	0
1	0
0	0
165	0
309	0
0	0
0	0
876	0
780	0
0	0
0	0
3	0
14	0
73	0
318	0
0	0
0	0
1958	539
0	493
6	1
592	0
1	0
3	0
0	0
55	303
0	242
1	0
0	0
355	270
0	0
0	0
0	0
0	5
0	0
0	0
1	0
0	0
5	0
529	0
0	0
0	0
28	0
547	0
68	0
1141	0
262	162
18	169
0	0
0	0
0	0
0	0
291	0
4	53
0	57
0	18
69	48
0	48
3	0
0	5
0	1
0	0
536	15
1	0
30	4
0	4
12	37
0	37
45	16
0	16
0	0
0	0
48	0
0	0
378	0
0	0
184	0
191	134
0	134
4	0
0	0
0	0
594	0
0	169
33	169
6	0
0	0
126	0
0	0
1	7
2	0
3	0
0	0
0	0
0	0
0	0
1	0
0	0
301	0
0	0
1	0
1	0
27	0
12	30
1	30
0	0
0	0
179	310
0	310
2	152
0	152
28	0
28	0
76	0
0	0
98	326
350	0
0	0
71	326
2	15
1	15
0	0
1	0
44	0
397	0
8	0
1	0
56	0
0	0
0	0
0	0
0	0
0	0
0	0
0	0
0	0
6	0
0	0
0	0
0	0
0	0
3	0
1	0
0	4
0	20
238	0
130	0
1	0
3	0
0	0
0	0
18	54
0	54
26	0
21	0
3	0
37	0
0	600
67	600
378	0
506	0
0	0
277	0
311	0
5	41
0	41
2	0
1	0
0	0
0	0
0	0
0	0
0	0
0	0
157	75
0	75
514	168
3	174
0	1
0	0
714	0
188	0
986	0
940	0
2	0
38	174
0	174
0	0
256	0
0	0
0	0
0	1
0	0
1	0
0	0
0	0
0	0
0	0
0	0
38	0
119	0
0	0
0	0
316	35
0	35
8	0
0	0
0	0
0	0
120	0
0	0
90	0
845	0
224	0
286	401
0	401
758	0
0	7
0	7
0	0
149	0
0	0
741	0
30	81
0	81
278	0
0	0
3	0
573	0
91	84
0	84
488	0
0	0
0	0
0	0
0	0
0	2
0	1
0	0
0	0
0	1
23	0
35	24
4	65
0	43
0	0
30	24
93	65
0	48
2	58
2	61
0	0
0	0
0	0
0	0
0	0
0	0
0	0
0	0
0	0
12	8
0	8
1	0
203	0
0	1
94	0
1705	0
5	0
107	0
47	0
651	929
552	928
0	2
0	2
0	54
4	56
0	22
0	22
3041	0
97	0
0	0
204	0
59	134
0	110
524	0
557	0
16	0
48	0
0	75
4	75
164	2104
3	2104
531	0
0	0
17	0
2	189
2	189
0	0
658	0
17	0
200	184
0	184
2	0
0	300
6	297
0	120
407	0
563	0
1	0
0	0
0	0
2	0
0	4
0	0
1	5
0	5
0	1
32	43
0	43
3	46
0	1
132	34
8	0
282	0
211	0
2	9
0	9
389	0
25	0
119	0
0	0
331	0
0	0
285	0
0	0
2	2
317	2
181	0
188	0
410	0
0	0
614	0
410	0
693	5
213	202
0	202
3	0
1	0
2814	0
431	0
70	0
10	0
1	0
0	0
0	0
0	0
0	0
0	0
62	0
45	0
0	0
0	0
66	0
0	0
46	0
55	0
18	0
3727	0
65	0
650	0
0	0
0	0
0	0
921	0
0	3
0	3
0	0
2	0
80	0
21	0
23	2
51	2
0	0
2	0
107	0
6	485
9	567
53	129
7	0
4	8
73	0
0	0
0	0
306	0
262	0
1	756
14	756
1	0
1480	0
46	0
23	1016
63	1016
664	0
4	0
399	0
12	0
4	0
402	0
0	79
13	79
16	1
0	1
2	0
224	8
0	118
20	118
0	0
0	0
0	0
0	0
0	0
54	0
1455	0
6	3
0	3
1214	0
34	0
0	0
4	357
8	357
106	0
0	0
1589	0
2	0
1027	0
1	0
6	0
189	0
0	0
6	0
10	0
6	0
0	1
0	0
10	1
0	0
0	0
0	0
0	0
0	0
0	2
0	2
0	0
0	0
3	17
0	0
8	0
235	0
695	0
246	0
9	0
58	0
728	0
223	0
2	0
0	3
0	3
1140	0
1	0
13	0
473	0
1	0
0	0
1160	0
0	8
0	8
0	0
3	0
64	0
2	10
210	0
48	0
0	0
98	0
0	306
0	314
0	193
5515	0
429	0
0	0
0	0
13	0
1	0
2	0
0	0
0	0
0	0
5410	0
5	0
0	668
0	0
0	668
1	0
806	0
57	0
296	0
0	0
0	0
574	0
0	0
1126	0
322	0
956	0
257	0
12	0
6	0
0	0
8	0
294	0
0	0
0	0
0	0
0	0
1	0
0	0
1	0
0	0
1	5
2	0
221	0
0	296
328	295
506	0
47	0
1	0
0	0
0	0
64	195
0	195
0	0
0	0
55	0
10	328
0	328
0	0
0	0
0	0
48	63
0	63
0	0
86	0
9000	0
1298	0
4	0
3	122
4	122
0	0
0	0
0	0
0	7
0	0
4	7
0	0
0	0
4	47
0	0
0	0
2	0
0	0
0	0
3	25
0	22
4	10
1	5
3	114
1	114
0	0
329	0
97	0
48	0
14	0
0	0
272	0
0	0
11	0
0	1
0	0
0	1
1	21
0	21
0	0
69	1
598	0
20	0
5	15
0	0
0	0
462	0
24	0
3	0
175	0
155	0
480	0
0	0
0	0
0	0
140	13
1825	0
139	107
16	0
0	3
0	0
0	0
10	0
0	3
0	3
257	0
115	198
2	198
135	0
0	0
1145	0
5202	0
0	0
168	449
3	388
0	0
0	29
85	116
0	7
0	1
0	0
28	121
1	3
0	1
0	4
0	4
1	5
1	2
0	0
0	1
1	8
0	1
1	1
0	0
0	0
0	0
3	0
1	0
0	0
0	0
476	419
0	419
5	82
0	86
0	0
21	46
0	0
1	0
5	0
0	0
0	0
47	343
0	343
1	0
823	326
1	43
0	0
0	0
0	0
9541	0
0	0
627	909
0	0
102	909
0	0
0	7
591	0
0	0
0	0
22	0
0	0
2745	0
0	57
5	57
581	0
10	0
1880	0
293	0
108	0
3380	0
179	0
102	0
132	0
0	0
0	1
1	0
12	6
8	1
7	1
1	0
26	36
0	0
0	0
0	0
1	11
0	35
0	35
1	1
0	0
0	0
26	9
0	0
21	71
34	260
0	255
35	17
0	10
0	17
0	0
236	0
88	0
0	0
95	0
82	0
0	1
799	52
4	0
293	0
149	210
0	219
0	0
0	0
0	0
14	0
303	0
0	0
1	0
193	0
0	0
538	0
2	0
259	0
2285	0
0	0
34	0
1	12
0	12
1864	0
2231	6
0	6
0	0
0	0
0	0
17	0
117	87
0	46
4	6
0	41
0	0
725	0
3	37
2	37
0	0
0	0
22	0
0	0
737	0
224	0
4	7
0	0
0	7
9	0
1	0
243	0
0	0
0	0
0	0
0	0
417	0
613	0
111	0
689	0
1028	0
12	0
3	0
709	0
5615	0
4	0
0	0
162	0
319	40
129	0
137	0
409	0
245	0
0	0
0	0
0	0
0	0
342	0
0	0
0	0
453	305
0	305
1	0
12	0
224	0
170	0
1078	0
333	0
97	0
16	0
0	0
0	0
0	0
1	0
1	2
5444	0
0	0
24	0
54	0
0	0
0	0
11	0
3	0
1	0
0	0
503	0
4	0
16	0
970	0
3	0
6	0
57	0
278	0
627	0
748	0
167	0
1382	0
4	0
20	0
111	0
0	0
0	0
264	0
0	0
0	0
0	1
0	0
0	1
14	0
152	0
942	0
0	0
0	0
1016	0
1	0
42	20
0	2
0	0
6	1
3	1
0	0
0	0
62	0
310	0
2	0
151	0
258	0
165	479
0	485
0	3
525	0
431	0
0	0
552	0
261	0
0	0
0	0
260	0
0	90
1	90
105	0
253	0
274	0
80	0
13	0
484	0
1029	0
3	649
0	649
53	0
0	1
0	0
0	0
23	1
0	0
4	3
0	0
1	0
0	0
0	0
20	74
1	75
0	0
1	6
6	0
0	0
0	0
0	0
203	0
0	0
19	0
118	0
0	0
75	50
0	50
1	0
176	248
0	248
0	462
0	462
2	0
0	0
1	0
54	0
333	0
1	0
0	0
381	0
0	63
81	63
134	0
243	0
37	37
0	37
0	0
0	0
0	0
1089	0
484	0
0	0
3	10
0	10
0	0
0	0
683	0
501	0
200	0
155	0
45	0
54	149
4	158
10	22
0	0
0	1
28	0
0	0
0	0
85	0
9	0
3	0
24	0
0	0
0	0
52	0
300	0
85	86
0	86
22	16
476	0
273	0
0	0
0	0
0	0
1362	0
96	485
8	485
0	3
0	0
0	0
18	0
0	0
0	0
2	0
185	0
0	0
0	0
356	0
318	0
1	0
4	0
259	612
34	120
668	0
0	0
0	0
51	0
225	0
5520	0
2	0
22	0
164	0
26	0
6	0
45	0
0	4
0	4
0	0
0	0
1	0
0	5
0	0
301	0
767	0
0	0
81	109
0	109
32	334
23	334
0	0
370	0
86	0
0	0
0	0
0	0
0	0
0	0
0	1
0	1
0	0
2	14
7	0
43	0
155	0
0	0
1003	0
0	0
1	0
0	0
0	0
0	0
0	0
0	0
0	0
2	0
0	0
0	0
0	0
0	0
153	0
157	0
1	0
4	0
0	0
0	0
363	0
6	0
12	0
0	0
0	0
0	0
0	0
0	0
41	123
2	123
842	0
696	0
0	9
0	0
0	9
0	0
0	0
0	0
1	0
187	0
0	0
8	17
0	17
1	0
0	0
0	0
0	0
768	0
1	0
0	0
27	46
0	46
7	0
0	0
0	0
0	0
0	0
0	0
10	0
1394	0
168	0
293	0
1	0
0	0
7	0
0	0
3	16
3295	0
227	0
0	0
0	1
60	0
1386	0
189	0
0	0
78	0
242	0
9	88
0	0
0	1
0	0
4	2
0	0
156	0
225	0
859	0
7	0
0	0
0	0
0	0
0	0
1369	0
0	0
0	0
1	0
0	0
0	0
0	0
0	0
1	0
0	3
2	0
175	177
0	177
0	0
503	0
159	0
0	0
0	0
0	0
0	2
20	0
2	0
36	0
3	0
19	0
0	0
0	0
2	0
429	0
0	0
1	0
109	0
22	0
507	0
0	1
0	1
1	0
0	0
233	0
93	0
1716	0
151	294
0	256
0	256
15	0
40	180
0	180
0	0
0	0
0	0
0	0
0	0
0	0
0	0
1	0
0	5
0	0
15	0
0	1
0	0
8	0
22526	0
0	1
0	0
0	0
0	0
0	0
0	0
0	0
0	0
0	0
0	0
0	0
0	0
0	0
0	0
24	0
52	0
0	0
1	0
2	1
0	0
0	0
0	109
0	109
0	1
0	0
0	0
0	109
0	1
0	3
0	3
0	0
0	0
0	0
8	5
0	1
3	3
9	66
0	73
0	3
0	0
0	0
0	0
0	0
0	0
0	1
0	0
0	0
0	0
0	2
0	0
61	0
1	0
0	0
0	1
0	0
0	0
0	0
0	0
2	0
0	0
4608	0
0	0
0	0
0	0
18	13
1	13
1	0
0	0
0	0
0	0
2	0
0	0
0	0
0	0
283	0
0	0
0	0
0	0
3928	0
55	0
14	0
52	10
0	8
114	2
0	0
1	0
0	0
0	0
0	0
0	0
0	1
0	0
2	0
0	4
0	18
0	0
2	13
0	5
0	0
1	1
0	0
0	0
0	18
0	0
2	3
0	0
0	1
0	0
0	0
0	0
0	0
0	0
0	0
8	10
0	0
0	0
0	0
0	1
0	0
118	0
0	0
2148	2
1	1
17	623
5	623
0	0
137	0
0	0
0	0
0	0
0	0
0	0
0	0
0	0
316	0
65	0
0	0
0	0
0	0
0	24
0	22
0	24
0	0
0	0
4	15
0	0
19	11
0	0
7	0
0	0
123	58
0	166
0	0
0	0
0	0
0	0
407	19
0	26
1	1
1	0
0	0
0	0
0	0
0	0
1	0
0	0
0	0
1	0
16	0
1	0
0	0
0	31
0	0
0	1
1	0
0	0
6	26
0	0
0	0
0	0
0	0
0	0
0	0
0	0
0	2
0	0
0	2
0	2
0	2
0	0
0	0
0	1
0	1
0	0
0	0
0	0
0	0
0	0
0	1
0	0
0	0
43	272
7	0
0	1
221	0
0	0
1	0
2	0
475	0
0	0
0	0
1122	0
1	0
0	0
0	0
1	0
3	2
160	302
2	0
0	0
0	4
305	0
3	0
2	0
595	0
0	0
8	0
304	272
0	0
25	0
0	0
63	0
0	0
0	0
0	0
0	0
0	0
8	7
0	7
0	0
0	0
9	25
0	0
0	0
0	0
0	0
4	0
0	0
0	1
0	0
0	0
0	0
0	0
0	0
1	0
0	3
0	0
0	0
2	0
0	0
0	2
0	0
0	0
3	0
13	3
0	0
11	57
0	57
239	0
0	1
0	1
1	0
0	0
4329	0
68	0
0	0
0	0
0	0
0	0
0	0
0	0
0	0
0	2
0	0
0	0
0	0
0	0
0	11
0	7
21	0
1445	1228
14	157
0	157
74	0
0	0
17	0
0	0
127	12
2	12
1	0
0	0
0	0
0	0
0	0
65	50
0	50
0	0
0	0
22	28
0	28
0	0
0	0
0	0
0	0
71	30
0	1
0	1
0	0
0	10
0	1
0	0
0	0
0	0
0	0
0	0
0	0
0	2
0	0
0	0
91	32
0	1
1	0
2	0
0	0
0	1
0	0
0	0
0	0
0	0
0	0
1	6
0	6
0	0
0	0
0	0
0	0
0	2
0	0
2	3
0	0
14	68
0	0
0	0
0	0
29	26
0	26
2	0
2	15
2	15
0	0
1130	2
0	0
0	0
0	0
0	0
1	0
0	0
0	0
0	0
0	0
0	0
0	0
0	0
0	0
0	0
0	0
0	5
0	0
812	36
0	0
0	0
0	0
0	0
0	0
2	0
0	1
0	0
0	7
0	7
0	0
0	0
0	0
0	0
1	0
0	208927
0	581992
0	7
0	3
7	0
196	0
0	0
3	0
0	0
0	0
0	0
0	0
37	797
0	797
1	0
90	0
448	0
0	0
0	0
1	0
2	0
2	0
218	0
0	0
1	0
1130	0
882	0
794	0
0	0
104	0
508	0
0	0
235	0
175	0
4	33
0	25
103	438
0	438
160	0
2402	0
52	0
135	159
0	159
1943	0
8	0
0	0
2	0
0	0
0	0
1000	0
0	0
1	0
60	424
2	424
119	0
0	0
0	0
1573	0
38	0
504	0
1	0
249	0
1704	0
12	0
4597	0
0	0
0	0
97	25
32	0
324	0
2	2
0	7
0	0
24	0
0	0
110	0
65	1003
1	1003
291	0
0	46
15	46
0	0
0	3
0	3
0	0
2	0
551	0
236	0
16	114
0	114
637	0
516	0
20	0
0	0
1	0
32	0
5	0
1	0
188	0
174	0
146	0
40	975
0	0
430	975
5	0
477	0
12	2
0	0
1495	0
185	0
462	15
227	0
228	1107
0	1107
11	23
3	23
1	0
93	0
0	0
539	0
0	0
2743	0
127	0
0	0
2860	0
159	0
407	0
165	0
276	0
582	0
51	0
228	0
868	0
24	0
0	11
0	11
3	0
572	0
91	32
0	1
11	32
3950	0
38	0
25	21
0	21
236	0
1	0
4	0
2	45
0	44
22	3
64	454
0	454
0	0
2	0
0	0
1	0
1	0
55	0
0	0
1111	0
321	0
257	0
681	0
50	0
81	0
265	0
0	8
0	8
405	0
0	0
0	15
0	0
0	0
0	0
0	0
0	0
1	0
0	1
0	0
19	0
90	102
0	102
1403	0
46	72
0	72
314	0
200	0
51	193
0	203
920	0
358	0
0	1
0	1
6	0
0	36
0	1
551	0
447	0
1464	0
0	0
0	0
2	0
1517	0
0	0
21	0
1366	0
0	0
0	0
0	0
1	0
176	0
19135	0
0	0
0	17
8	17
0	0
597	0
110	186
0	186
0	0
45	0
1180	0
47	1687
1	1687
3	532
278	532
97	126
0	126
0	0
496	0
16	0
1	0
0	0
1	0
137	0
12	0
239	0
117	0
620	0
15	16
0	16
0	0
1	0
0	0
103	0
334	0
160	0
2	0
32	130
0	130
0	0
0	0
0	0
0	0
3	4
0	4
459	0
2951	0
108	0
0	0
6	0
0	0
595	0
316	0
0	0
0	0
18	1
0	1
0	0
0	0
0	0
0	0
0	0
0	0
0	0
0	0
0	1
0	0
34	1
1245	0
154	0
96	0
79	0
230	0
0	0
0	0
133	0
27	0
114	11
0	11
0	10
227	0
1	936
14	936
1189	0
0	0
0	0
27	0
15	0
332	2
2472	0
0	0
0	114
28	114
349	0
4562	0
17	0
0	1
0	1
863	0
2	0
0	0
127	8
0	0
0	1
10	46
1	0
28	8
0	0
0	0
0	0
0	0
0	0
397	1595
0	1595
1	0
0	0
5	0
0	0
6	28
0	28
16	0
11	0
56	20
0	16
1	0
45	11
0	0
1	0
0	0
0	0
0	0
0	0
0	0
0	0
0	0
0	0
7	0
1	0
0	0
0	0
2	0
4	0
1	0
0	0
0	14
0	14
0	13
0	13
0	0
0	0
0	0
0	0
5	0
0	0
0	1
0	1
34	0
0	0
0	0
0	0
1	0
5	0
0	0
1	0
0	0
0	0
1	0
191	342
20	342
0	0
0	0
0	0
0	0
67	71
0	71
291	0
354	0
1	1
0	0
17	638
2	638
29	0
30	0
112	636
10	636
0	0
35	64
0	64
173	0
0	0
281	0
0	0
94	0
130	407
3	407
0	0
35	112
0	112
666	0
0	0
0	0
0	0
271	0
0	12
1	0
0	0
158	78
2	62
52	0
13	0
374	0
0	0
1	26
85	31
1	0
418	0
7	14
0	14
975	0
12	0
0	0
182	0
11	0
0	0
0	0
1	0
0	0
278	0
0	0
1	3
0	0
38	104
5	105
1	1
0	1
2	12
12	12
0	0
1	0
0	0
0	0
0	0
0	802
592	802
0	1
0	1
9	0
673	0
0	0
550	4
286	0
0	0
1	0
10	111
2	112
0	0
0	0
0	0
87	271
4	271
0	0
51	532
0	532
0	0
451	1514
53	1514
55	0
3801	0
287	0
2095	0
263	0
1169	137
474	0
168	0
1656	0
37	732
2	732
123	0
428	0
195	0
118	0
2848	0
358	0
0	16
0	0
5	18
0	0
8	0
441	0
20	0
422	0
0	0
1	0
163	0
527	0
12	0
71	0
351	0
0	0
216	1
0	1
3	0
5	0
536	0
337	0
0	1
0	1
0	0
181	0
0	0
0	0
2	0
146	0
164	187
0	187
3	0
2557	942
143	0
0	0
0	0
6	0
396	0
0	6
0	6
0	2
0	1
106	0
643	0
1	0
430	0
29	0
0	2
0	0
398	0
34	0
65	0
0	0
0	0
2439	0
2	0
0	0
0	0
0	0
3	0
0	23
0	23
0	89
0	89
206	0
65	0
4	0
0	0
1113	0
78	0
1481	0
2	29
508	29
13	0
8	4
0	4
539	2
0	66
2	66
140	26
0	177
4	2
759	0
0	0
134	521
0	521
694	0
1	0
0	0
0	0
350	0
32	1
168	0
4	0
85	0
0	0
198	0
434	0
0	0
210	0
0	0
0	0
0	0
715	0
1	0
415	0
725	0
8	0
154	0
181	0
4841	0
76	102
0	102
7	0
95	0
1	0
0	0
11	0
54	44
4	44
674	0
69	333
3	333
2	0
1	119
0	119
99	0
87	0
14	0
0	0
0	486
163	486
46	0
353	0
150	0
23	0
385	0
159	0
0	9
0	9
5	0
0	0
58	0
761	0
55	0
176	0
0	0
0	0
0	0
0	0
173	59
424	59
451	0
0	0
88	0
0	0
0	0
0	0
0	0
0	0
157	5
0	173
0	173
3	61
2	61
90	67
49	67
108	0
4	0
0	0
0	0
24	74
0	74
1661	1
0	0
1362	0
137	0
5583	0
46	0
195	0
4	207
0	207
146	0
46	0
2138	0
487	2911
60	2911
0	0
1158	0
605	0
16	0
1	0
63	0
37	0
35	2
38	0
29	0
89	0
29	0
219	0
436	0
1	1
10049	0
434	763
0	763
152	0
7	0
7	64
13	64
0	0
0	0
10	1
0	1
103	0
0	0
1	132
18	132
0	0
54	0
1	0
184	417
0	417
115	0
51	21
0	21
223	0
1122	2265
0	2265
555	0
226	1
1	0
0	0
1	0
3078	0
234	0
1561	0
1	18
0	6
1	6
1	0
0	0
0	0
308	0
0	0
0	1
0	0
0	7
0	2
0	0
147	0
31	0
4	2
0	0
0	0
0	0
0	0
5	13
0	0
2	33
0	0
48	174
0	160
4	0
0	1
0	0
0	1
1	0
1	0
0	0
5	0
45	0
1	0
12	13
0	0
0	63
0	52
121	322
0	322
103	0
1	0
2465	0
518	0
3309	0
0	0
410	0
0	0
0	0
4166	0
57	0
12	0
549	0
473	0
1	0
0	0
368	0
0	2
0	2
509	0
54	14
1	16
0	0
0	1
0	15
0	0
40	217
1	343
68	249
109	249
0	201
4	0
2	0
0	0
0	0
1419	0
106	0
131	0
25	0
504	0
0	0
0	4
0	4
0	0
0	0
24	14
0	14
15	0
15	1
455	0
0	0
1	0
0	0
0	0
87	0
0	0
0	0
24	0
0	0
23	52
0	52
6	0
0	0
7	2
0	2
0	0
29	50
23	65
0	0
182	68
197	151
7	0
51	13
0	15
1	4
0	14
0	3
71	0
12	0
193	335
0	335
90	0
84	0
2	0
0	0
1	0
0	0
868	0
570	0
817	0
761	0
0	0
44	0
581	0
13	0
1	0
6	0
2	0
0	0
2	0
482	0
475	58
1	77
0	0
1	0
0	0
1	0
0	0
1	1
1079	0
0	0
0	0
93	0
1199	0
4977	0
105	41
6	52
39	11
1401	0
621	0
587	0
17	0
0	0
47	0
0	0
0	0
0	0
0	0
481	0
230	0
0	0
1041	0
0	0
155	0
0	0
5	0
1	0
4	0
94	0
0	43
1	43
1	0
105	0
69	0
95	0
0	0
0	0
177	380
1	380
229	0
1	0
397	0
0	0
14	0
31	0
0	0
2	0
0	0
9	30
0	30
5	0
2	20
0	263
110	263
363	1
2	0
0	0
2	111
1	111
209	161
2	161
49	0
99	0
187	0
202	0
313	0
528	26
25	26
2	469
3	469
6	304
0	0
0	0
6	0
248	0
0	0
0	0
174	122
5	122
0	0
0	0
1	0
0	2
3	0
510	0
0	1
0	0
1	0
0	0
0	0
0	0
56	99
0	99
72	0
228	0
243	0
20	169
5	169
2	11
0	13
0	13
3093	0
10	0
0	0
0	0
7	0
0	0
0	0
0	0
496	0
31	0
0	71
6	71
0	233
90	233
40	0
4	0
6	0
0	0
4	4
0	254
0	254
1	0
1	0
39	0
0	0
1	0
0	0
2	0
0	0
0	0
0	0
1	0
0	0
158	0
1	0
0	0
4	0
0	0
0	0
0	0
0	0
0	0
1317	0
56	0
589	0
2407	126
19	284
1	284
1	0
494	0
0	0
0	0
13	0
1	0
0	0
0	0
0	0
28	0
0	0
3096	3620
0	3619
0	0
1471	38
1305	0
911	0
0	0
0	102
57	101
3	0
0	0
270	0
3	1
0	1
1	0
7	18
42	18
0	0
1	0
51	102
0	102
4	1
0	0
0	0
375	0
0	0
0	0
763	0
295	0
0	0
0	15
0	15
0	0
14022	3
186	802
10	802
0	0
724	0
400	0
720	0
390	0
27	0
13	893
52	893
707	0
70	95
0	95
112	121
0	121
0	0
31	0
274	0
0	0
6	0
83	0
477	0
1176	15
0	0
0	0
2	3
0	0
2	3
2	16
0	14
1	0
10	0
127	0
48	0
18	41
0	39
0	0
1	0
101	0
227	0
2608	0
15	0
45	0
0	0
0	0
154	251
0	251
143	0
0	0
0	1
0	1
94	0
7	69
654	0
182	0
58	0
0	0
3	0
0	0
762	0
20	0
0	7
0	7
18	0
0	0
0	0
10	0
219	0
15	0
1	0
2	7
89	0
14	0
0	0
0	0
0	81
4	81
226	0
0	0
180	21
0	21
40	0
5	0
75	0
13	0
428	0
0	0
1	253
2	253
0	0
0	0
543	0
15	0
0	0
441	0
0	0
0	0
640	0
17	0
225	1
0	0
0	0
52	0
23	0
1	0
0	0
63	574
0	574
0	0
0	0
111	307
0	307
1	0
1	0
8	0
20	6
1	6
0	0
0	0
161	0
447	0
133	255
1	255
41	0
103	206
0	206
316	17
0	6
0	177
1	177
0	0
0	0
243	0
12	52
0	52
1	0
0	0
372	0
1533	0
0	0
0	0
465	0
2	0
0	0
0	0
0	441
4	441
411	0
1	0
0	0
379	0
0	0
726	0
119	0
0	0
47	0
0	0
0	0
139	0
1	2
0	0
0	0
0	0
3222	0
14	0
449	0
125	365
0	365
0	6
0	6
2928	0
8	0
74	369
0	344
6	0
1	0
9444	0
65	205
0	205
158	0
535	0
0	0
2028	0
266	9
41	0
5188	0
9	0
210	29
1	29
9391	0
515	0
39	0
287	0
261	4
0	0
1	0
1005	4
0	0
27	1095
13	1095
0	0
0	0
11	0
0	0
0	0
142	1
0	0
31	0
0	0
0	0
1	1
0	1
5	0
1	0
1	0
0	0
0	0
549	0
1	0
0	0
701	0
0	0
0	0
0	0
35	0
0	0
1050	0
0	0
0	0
0	0
0	2
0	2
1	0
6	0
0	0
0	0
1	0
0	0
82	0
0	0
0	0
0	3
1	8
51	79
0	0
0	6
0	0
11	78
0	1
0	1
5	1
2	41
0	0
0	13
0	0
698	0
0	0
1	0
1	0
0	0
4	3
0	0
0	6
0	6
0	0
0	0
1	0
85	0
0	0
823	0
2	1
184	0
201	0
0	0
0	19
530	0
636	0
0	0
15	0
3901	0
0	0
82	0
398	0
15	29
0	29
0	0
495	0
217	171
0	171
0	0
1	356
4	356
786	0
1	0
0	0
0	0
0	0
98	0
0	213
0	213
0	0
8	151
0	151
0	0
41	0
4147	1299
0	0
0	0
0	110
0	0
0	0
354	1278
0	3
0	0
0	0
0	264
0	0
0	0
0	0
1	0
0	0
1	6
0	0
122	0
19	0
1012	0
0	10
0	10
0	3
2	0
0	0
0	0
3	0
53	214
6	214
0	0
1	0
0	0
36	0
0	0
11	0
620	0
32	245
2	245
2	0
181	0
0	0
9	0
33	83
0	83
163	0
264	607
0	607
645	0
0	0
0	0
41	278
0	278
0	0
0	0
0	0
18	286
0	286
13	0
43	0
0	0
198	0
66	0
325	0
17	0
1	27
172	27
407	0
52	0
161	0
0	0
50	0
8	2
5	7
1	7
5	0
0	0
0	0
0	0
0	0
24	0
3	2
38	0
1	0
378	0
0	0
0	0
0	0
351	0
409	0
1	0
235	0
366	0
4	0
133	0
38	0
11	0
1092	0
193	0
107	0
1342	0
0	0
0	1
0	1
109	385
0	385
0	9
0	0
0	0
0	0
0	0
0	0
0	0
0	0
0	0
0	0
0	0
0	3
0	0
0	0
0	3
0	0
0	0
0	0
0	0
0	0
0	0
1	5
0	0
0	0
45	0
1	0
151	0
0	0
0	0
1	180
125	149
0	0
1	0
0	0
0	0
2	0
318	0
373	0
19	0
1	0
499	0
19	0
382	200
0	200
607	0
0	0
515	0
77	0
0	0
0	0
0	0
118	0
0	0
4	0
13	0
119	208
0	208
0	0
35	0
669	0
983	0
790	0
0	1
0	1
1035	0
0	0
55	0
319	0
0	0
383	0
0	0
356	0
0	0
0	0
0	0
83	54
0	54
501	0
318	0
3	0
0	0
0	0
0	0
7	30
0	0
0	0
0	0
11	89
0	88
0	0
0	0
0	0
0	0
0	15
0	15
0	0
7	14
0	0
0	0
0	0
0	0
0	0
0	0
0	3
0	0
0	0
3	0
24	379
15	379
179	0
333	0
34	0
71	0
2	94
8	94
0	0
0	0
5	36
0	36
4	0
3	0
4	0
135	0
1140	0
1	0
0	0
0	0
708	0
0	0
471	0
44	0
476	0
335	0
126	0
33	111
0	111
0	0
1	0
9	0
0	0
374	0
52	0
129	0
1	10
18	10
0	158
5	158
0	0
58	0
16	0
8	0
3	0
7	0
6	0
551	0
0	30
0	30
0	0
0	0
5	0
0	0
21	0
256	0
9	4
0	4
2818	0
1165	0
0	127
93	127
189	0
0	0
339	0
29	0
0	0
2	0
0	0
44	0
13	403
74	403
470	0
4	0
388	0
505	0
536	1
0	0
799	0
16	35
38	110
0	109
114	10
0	0
119	12
1	21
0	0
52	51
1	50
1	0
55	172
0	172
0	1312
901	1312
585	10
0	6
157	0
262	0
52	0
228	0
1	0
1	0
12	0
0	0
54	0
0	0
4	0
3	0
490	0
927	0
417	68
384	513
5	515
99	0
251	69
3	69
21	0
0	0
45	7
0	2
1	5
0	2
0	2
1	11
0	0
405	0
415	0
15	0
32	0
318	0
634	0
879	0
133	0
73	193
2	193
13	712
2	712
229	0
0	0
9	76
3	76
55	129
1	129
1	0
356	0
3	0
1109	0
153	251
0	251
2	0
0	0
0	0
1	0
1	0
0	0
1	0
1	0
0	0
0	0
0	0
0	0
0	0
0	0
13	0
237	0
165	0
265	0
0	0
1636	0
0	0
0	0
372	0
1	0
844	0
2888	0
1295	109
1541	0
384	0
410	0
0	6
0	6
0	0
0	0
1139	0
0	0
0	0
0	0
0	0
0	0
0	0
0	0
788	0
99	0
287	146
1	0
1	8
0	8
0	0
0	0
22	0
1	0
44	254
0	239
4	9
2	10
7	15
1	3
0	2
0	0
73	197
1	197
2	0
0	1
0	1
51	86
10	86
485	0
0	0
0	740
2	740
0	0
26	0
23	55
1	55
0	0
0	0
0	0
8	0
0	635
72	635
0	0
308	535
0	535
0	0
1110	0
840	0
25	0
392	0
98	123
14	123
20	0
1	0
397	0
443	9
0	0
0	0
0	0
309	0
23	0
332	0
34	28
0	28
4	0
0	0
0	0
0	0
309	7
63	8
4077	0
3	32
0	32
111	0
8362	0
69	2421
3188	2421
391	0
35	151
0	151
154	134
0	134
0	0
1	6
0	9
1	6
20	0
0	0
222	3
10	0
61	0
496	0
0	0
14	0
437	0
0	0
2	0
1	0
810	0
7	0
4	0
0	0
8	0
42	0
0	0
0	0
14	0
0	0
521	0
0	0
8	13
0	13
163	0
1	0
24	1
0	1
54	0
0	0
2	0
417	0
248	0
0	0
340	0
1	4
0	4
4	0
0	0
0	0
326	0
0	0
0	0
4172	0
19	125
0	125
1	0
0	0
0	0
0	0
45	68
0	68
0	0
1	0
0	0
0	0
0	0
2	0
924	0
0	0
0	0
271	0
402	0
0	1
0	1
486	0
0	0
0	0
0	0
161	3
4	0
0	0
0	0
0	0
0	0
0	0
0	0
0	0
1901	0
467	0
162	0
261	0
17	49
0	53
37	53
0	0
50	272
0	272
289	0
15	0
345	0
0	0
14	14
0	14
0	0
0	0
1566	0
0	0
3	2
0	2
2	0
0	1
0	1
458	0
0	0
0	0
0	0
0	0
0	0
89	203
0	203
7	0
1444	0
0	0
0	0
0	0
69	0
1	119
0	119
142	0
429	0
517	0
11	0
120	0
219	0
0	0
0	1
1	1
0	2
1	0
0	0
1	0
0	0
0	0
0	1
23	0
1	0
0	0
92	0
1	0
16	0
1298	0
166	186
2	186
609	4
0	0
22257	0
13	0
0	0
0	0
1	58
4	58
2073	0
58	0
76	0
2	4
0	4
2	0
0	0
0	0
0	0
1	5
0	5
10547	1
503	0
0	0
32	0
10	0
18116	0
429	0
0	0
0	0
3	1
0	0
1	0
0	0
1	2
0	0
0	0
608	0
0	0
0	0
856	0
120	0
223	0
0	0
14	0
838	4366
0	4366
174	0
212	266
0	266
1061	0
313	0
304	0
0	0
0	0
0	0
5	16
1	49
0	0
0	0
0	0
131	0
13	2
1449	0
0	0
0	0
82	0
117	0
118	0
1013	0
606	0
0	0
85	0
349	0
0	0
418	0
0	0
1305	0
1	0
0	0
9	28
0	28
0	1
1	3
0	0
8	3
369	11
0	7
6	4
0	1
0	1
0	0
167	0
145	0
257	1764
1795	1764
0	0
0	0
6	0
177	0
0	0
2	0
480	0
2	0
230	0
1	0
178	0
13	0
550	0
10	4
6	4
706	0
1	6
0	6
1	0
206	1284
0	1284
3	1234
122	1234
9	0
84	144
0	145
2	0
472	0
0	0
0	0
0	0
0	5
0	5
0	2
0	1
0	0
0	0
0	2
0	1
0	0
609	0
2	3
0	0
0	0
67	0
25	0
1	1
0	0
2	1
0	0
0	0
0	0
0	0
0	0
0	0
0	0
0	0
0	0
0	0
13	0
1	0
0	5
0	5
0	0
0	2
0	0
0	0
361	0
0	5
0	0
196	0
147	0
226	0
819	6
64	0
0	0
3	0
6	0
111	0
0	0
163	0
345	0
0	0
102	541
1	541
9089	0
15	0
0	0
0	0
0	0
0	0
0	1
822	0
0	0
0	0
219	19
16	0
28	50
16	50
4	0
0	1
11	8
5	98
3	98
1	0
6	0
36	0
36	0
541	0
179	0
187	241
2	241
0	0
0	0
0	0
0	0
410	0
112	0
154	0
50	0
11	0
263	0
0	0
29	0
151	0
38	0
0	0
2	0
4	1
0	1
1	1
0	0
0	0
0	1
0	0
0	0
0	0
0	0
0	4
0	0
0	1
0	0
0	0
0	0
0	0
0	0
0	0
0	0
0	0
0	0
0	0
0	0
0	0
1	1
0	1
0	0
0	0
0	0
1	0
0	0
0	0
0	0
1	0
0	0
0	0
0	32
0	32
1	1
0	1
219	0
0	0
0	0
0	0
1	0
0	0
0	0
18	0
703	709
0	709
29	0
1	0
0	0
0	0
91	418
0	418
0	0
0	0
0	0
0	0
0	48
26	48
0	0
0	0
6	1825
0	1825
97	265
1	1
0	0
3	14
9	39
0	1
1	0
83	70
1	70
4	0
0	0
0	0
5	0
0	0
0	0
87	405
1	405
0	0
12	2
181	2
24	114
0	19
653	4
0	0
0	0
3283	3721
6	3735
4	14
108	0
0	0
0	0
0	8
1	8
142	207
1	207
0	0
9	0
1164	0
0	0
0	0
170	191
0	191
0	70
0	41
779	0
964	0
6	2
0	0
0	0
0	0
126	0
1	38
0	0
0	0
0	0
0	0
0	0
0	0
0	0
0	0
0	0
0	0
0	0
0	0
0	0
0	0
0	0
0	0
0	1
0	0
0	0
0	1
0	0
0	0
0	0
0	1
0	0
0	0
0	0
0	0
62	334
0	0
3	10
0	0
0	0
0	0
0	0
0	0
0	0
0	0
0	0
0	0
1	0
0	0
1	0
0	0
0	0
0	29
0	0
0	0
0	11
0	0
1	19
0	23
0	6
0	7
0	0
0	15
0	29
0	0
0	0
0	0
0	0
0	0
11	7
1	0
0	0
0	0
0	0
0	0
0	0
0	1
0	0
0	0
0	0
0	0
0	0
0	0
0	0
0	0
0	0
5	5
1	5
0	0
0	0
0	0
0	0
0	29
20	29
0	0
0	0
1	0
1	0
21	0
0	0
332	0
0	0
0	0
0	0
334	12
0	0
0	4
0	0
0	0
0	0
0	4
0	0
0	0
2	13
2	1
0	0
0	0
0	0
0	0
0	0
3	0
1	0
0	0
5	11
0	0
1	29
15	68
0	0
0	0
5	9
4	1
0	1
0	0
0	0
0	0
0	0
0	0
0	0
0	4
0	0
0	0
0	0
0	13
1	2
0	20
10	2
0	1
1	0
0	0
0	0
0	0
165	0
0	0
6	0
466	0
0	0
0	0
683	6
0	0
0	0
2	1
545	0
0	0
0	0
756	0
0	0
0	1
0	0
0	0
0	0
0	0
826	0
0	0
0	0
0	0
0	0
1756	0
0	0
0	0
0	0
0	0
0	1
0	0
0	0
0	0
0	0
0	0
0	2
0	4
1	3
0	0
0	0
1	0
0	3
0	0
0	0
0	0
0	2
0	2
9	6
0	0
0	0
0	1
0	0
0	0
0	0
0	0
0	0
0	0
0	0
0	0
0	3
0	0
0	0
0	0
0	0
11	1
0	0
0	0
0	0
2	1
0	1
0	1
0	0
0	0
0	0
0	0
0	0
0	0
0	30
0	0
0	0
0	0
0	0
0	0
0	0
0	0
0	0
0	0
0	0
1	0
431	0
0	0
0	0
2	1
0	0
0	0
0	0
0	0
0	0
3	1
0	1
0	1
0	0
0	0
2	3
0	0
0	0
0	0
0	0
0	0
0	0
0	0
0	0
0	1
0	0
0	0
0	0
0	0
0	0
1	0
0	0
0	0
0	0
0	0
0	0
0	0
0	0
0	0
0	0
0	0
2	4
1	12
0	0
0	0
0	0
0	5
0	0
0	0
1	1
0	0
0	0
0	0
0	0
19	73
0	0
0	0
0	0
0	0
0	0
0	1
0	0
0	0
0	0
0	0
0	0
0	0
0	0
0	0
0	0
0	0
0	6
0	1
0	0
0	0
0	0
0	0
0	0
0	0
0	0
0	1
0	1
0	0
0	0
0	0
0	0
0	0
0	0
2	0
4	0
4	1
0	0
0	1
0	1
0	0
4	1
0	0
0	0
0	0
0	0
0	0
0	1
0	0
0	0
0	0
0	0
0	0
0	0
0	0
0	0
6	9
0	0
0	0
0	0
0	0
0	0
0	0
0	0
0	0
0	0
0	0
0	0
0	0
0	0
9	1
0	0
1	2
3	2
0	0
0	1
0	0
3785	2
3	5
0	4
0	0
0	0
0	0
0	0
0	0
1	0
0	0
0	0
0	0
1	28
72	68
3	66
0	0
0	0
0	0
1	0
0	1
62	0
74	108
0	108
0	0
1	0
1	0
607	0
127	0
2	0
0	1
12	0
0	0
0	508
194	508
431	0
7	13
17	11
0	0
0	0
0	0
1	0
412	0
0	0
0	0
0	0
83	0
2	0
0	0
0	0
0	0
0	1
103	0
0	4
0	4
0	4
0	0
2	0
64	0
0	2
0	0
0	0
0	0
0	0
0	0
0	0
0	0
0	0
212	0
0	0
137	0
0	0
63	0
365	0
1	0
70	0
0	0
1	0
101	0
0	0
0	0
0	0
0	0
33	0
0	0
0	0
0	0
0	0
0	0
139	446
0	446
178	0
596	0
0	0
0	0
33	182
0	182
1	0
2	0
2	0
19	0
0	0
0	0
0	0
0	12
0	8
280	0
0	0
0	0
0	0
147	61
3	64
0	1
1	1
0	0
0	6
0	0
0	0
0	0
4	0
20	1731
0	1731
2	0
1	3
0	3
0	9
4	44
0	10
0	0
0	0
0	859
1	859
466	1
330	0
1038	0
326	0
7	10
0	10
0	0
101	0
0	0
302	0
0	0
105	0
1	0
0	0
28	91
0	91
1	4
0	4
0	0
0	0
1	26
0	26
0	0
0	0
12	0
0	0
229	0
0	0
1	0
0	0
0	0
0	0
0	0
0	0
0	0
48	0
0	0
0	0
3	0
33	0
1	0
24	15
0	15
0	8
0	0
0	0
196	0
100	683
42	716
0	580
0	0
16	439
2	439
1331	5074
0	5074
1	1
6	2
0	2
0	0
0	13
1	13
779	0
0	0
65070	0
65	0
287	0
274	0
2	0
0	0
0	0
0	0
60	236
0	232
0	7
3	0
386	497
0	497
310	0
10	0
7	0
27	0
0	0
0	11
0	11
6	0
0	315
10	315
64	0
0	0
0	0
17	78
0	0
0	0
0	0
1	0
34	0
36	0
59	0
22	0
897	0
35	25
21	25
1	0
0	0
0	0
0	0
818	0
1	1
0	1
404	0
644	0
1423	0
0	0
0	6
392	1
3	0
0	0
0	0
0	0
0	0
977	65
5	67
0	0
1	0
0	0
1	0
0	0
0	0
2	0
156	0
4	65
2	65
938	520
0	520
168	0
35	0
261	0
0	0
0	0
129	0
49	146
0	146
53	0
68	0
1	1
0	9
0	7
82	370
0	370
449	0
0	0
0	0
0	0
0	3
2	0
108	0
4	0
418	0
0	0
0	0
0	0
1	4
0	0
3	6
0	6
61	1
408	0
0	0
37	0
0	0
590	0
1	0
718	0
0	0
172	4
0	0
1	0
0	0
348	0
0	0
2	0
407	0
0	0
0	0
0	3
0	0
2	3
0	0
0	3
0	0
0	0
427	602
0	602
2	0
243	0
78	0
0	0
0	0
0	0
174	0
655	0
254	0
0	0
0	0
0	0
0	0
0	0
0	0
0	0
83	0
0	0
0	0
2	0
0	0
0	0
0	0
1	0
0	0
0	0
11	1
0	1
2	3
3	5
1	0
5	0
5	0
2	1
0	0
0	0
0	0
0	0
0	0
4	2
0	0
10	2
1	4
0	3
0	0
0	0
0	1
0	1
0	0
228	0
0	0
0	0
0	0
55	0
3	1
0	0
0	0
122	0
0	0
0	0
1105	0
504	0
3	0
0	0
0	0
0	0
0	0
0	0
0	14
961	0
2	0
0	0
43	0
0	0
12	0
0	0
0	0
0	0
0	0
0	0
1	13
0	9
0	10
2	10
0	10
0	0
0	0
0	0
0	0
18	43
0	43
0	1
0	1
1	0
0	0
0	0
0	1
0	0
0	0
0	0
0	1
0	2
1	1
0	0
0	0
0	0
0	0
0	0
0	0
0	0
0	0
0	8
0	0
0	11
0	10
0	0
0	0
5	15
1	14
0	0
0	0
0	0
0	85
0	84
0	0
0	0
0	0
4	7
0	0
0	0
0	0
99	0
0	0
0	0
0	0
1	0
26	0
0	0
1	0
7	0
1	1
0	0
0	0
0	0
0	0
0	0
0	2
0	0
0	4
0	0
0	4
0	0
0	0
0	4
0	0
0	0
0	0
0	0
0	0
0	0
0	0
0	0
0	0
0	1
0	0
0	0
0	0
0	0
0	0
0	0
0	0
0	0
0	0
0	0
3	18
0	2
0	2
2	2
0	0
0	0
0	0
0	17
0	0
0	0
0	0
0	0
6	3
0	0
2	79
0	90
0	5
2	0
0	0
3	0
0	0
197	0
0	0
0	0
1	0
0	0
0	0
0	0
0	0
0	0
0	0
0	0
0	1
0	0
0	0
1	1
0	0
0	0
2	0
0	0
0	0
1	0
0	0
0	0
0	0
28	31
0	0
0	0
0	0
0	0
0	0
0	0
0	0
0	0
0	0
0	0
0	0
0	0
0	0
0	0
0	0
0	0
0	0
2	0
0	0
0	0
0	0
0	0
0	0
0	0
0	0
0	0
0	0
0	0
0	0
0	0
0	0
0	0
0	0
0	0
0	1
0	0
0	0
0	0
0	0
0	0
0	0
0	2
0	0
0	0
0	0
0	0
0	0
0	0
0	0
1	0
8	0
0	1
1	1
0	0
0	2
0	2
14	107
0	87
1	20
0	0
0	0
0	0
122	0
0	0
0	0
0	0
0	0
0	0
296	0
0	0
1428	0
7	0
0	0
0	3
0	3
0	3
0	2
0	3
0	3
4	3
8	0
0	0
36	45
0	45
2	0
2	9
4	9
68	0
458	0
4	0
7	0
176	0
0	0
25	0
12	0
80	0
0	0
709	0
0	0
0	0
0	0
0	0
11	0
0	0
0	0
0	0
0	0
1	0
0	0
0	0
0	0
0	0
0	0
1419	0
0	0
0	0
1	0
0	0
0	0
0	0
0	0
64	0
9	2
1	2
0	1
2	3
2	0
0	1
0	1
1	1
2	0
1	0
0	0
0	0
0	0
5	0
0	0
0	0
2	0
0	0
0	0
0	1
0	0
0	0
0	1
0	2
0	0
0	1
1	1
0	0
0	0
0	1
0	0
0	0
0	1
0	0
0	1
2	1
0	0
3	0
0	0
0	0
0	0
0	0
1	0
0	0
0	1
0	1
0	0
0	0
0	0
0	7
2	7
0	0
0	0
0	0
0	0
0	0
0	0
0	0
0	0
755	0
0	0
1	0
0	1
0	1
0	0
0	0
2	19
0	19
7	0
0	0
1	4
0	0
0	0
0	0
0	0
0	1
0	3
0	4
0	7
0	0
0	2
0	2
0	4
0	2
0	0
0	0
0	8
0	0
0	2
0	0
0	0
0	8
0	3
0	0
0	0
0	0
0	3
0	13
3	1
0	9
0	0
0	0
0	0
0	0
26	0
261	0
0	0
0	0
24	0
0	0
0	0
0	0
0	0
0	12
0	0
0	0
1	0
0	0
2	0
97	13
1	0
0	0
16	1
57	13
0	0
2	2
0	0
0	0
117	0
239	0
0	0
2	0
3	0
0	0
0	0
0	0
6	0
24	0
72	24
0	0
0	1
35	0
3	31
0	0
0	8
1	23
55	332
1	41
2	2
0	0
0	0
0	0
88	35
8	39
2	0
17	41
0	0
2	11
0	2
0	0
0	0
0	0
0	0
0	0
0	58
0	58
150	0
6	8
0	8
1312	0
72	0
2	0
50	0
0	0
0	0
0	0
14	4
115	0
0	0
763	0
0	0
121	15
0	0
0	0
0	0
29	217
0	217
0	0
0	0
0	0
0	0
0	0
696	244
7530	0
2	1
0	7
14	21
0	0
2	1
0	0
0	0
13	2
2	0
219	13
7	0
5	13
0	0
1	0
0	0
0	0
0	0
128	0
0	1
0	1
0	4
0	4
0	4
30	0
0	0
2	1
0	1
23	28
0	0
0	0
0	0
0	14
1	0
81	28
0	0
0	0
0	764
71	764
2	24
1	24
42	5
38	0
5	138
67	138
5	0
0	0
0	0
1	1
9	0
25	0
773	0
2	0
0	0
0	1
0	1
0	7
0	0
0	0
0	0
8	13
32	79
3	0
0	10
0	0
0	0
0	0
0	0
0	0
0	0
0	1
0	1
0	2
0	0
0	0
2	0
0	9
1	10
6	93
0	0
1	13
1	0
0	0
0	0
0	0
0	1
0	1
1	3
0	5
0	2
0	8
1	96
0	88
14	14
0	10
0	0
0	0
0	3
0	7
0	7
0	0
0	1
0	0
0	0
9	0
0	0
0	0
0	0
0	0
0	0
0	0
0	0
0	0
0	0
1	0
0	0
0	0
0	0
0	0
0	0
1	4
0	0
260	0
1061	0
0	0
0	0
0	0
0	0
0	0
0	0
0	0
181	0
1	0
0	0
499	0
24	0
17	0
5	1
23	92
0	84
14	75
0	72
0	0
2439	0
14	629
0	629
1	0
0	2
0	1
0	0
0	3
8	6
0	0
7	2
0	0
17	68
0	66
1	0
0	0
0	0
15	6
3	22
0	0
0	0
0	0
0	0
7	15
0	13
1	12
0	1
0	0
0	0
0	0
0	0
0	0
0	7
0	0
8	29
0	0
3	10
1	0
0	4
0	9
9	14
7	2
11	6
0	0
0	7
1	8
3	3
1	0
1	0
0	0
0	0
0	0
0	0
0	3
15	3
5	0
0	0
0	0
0	0
318	0
0	0
0	0
0	0
0	0
0	0
0	0
0	0
0	0
0	0
0	0
0	0
0	12
0	0
0	0
0	0
1	0
0	0
0	0
1	0
0	2
0	0
0	0
0	0
0	0
0	0
32	210
3	210
0	0
329	0
1	0
455	0
517	2102
0	2102
0	0
0	32
26	71
78	0
0	1
98	257
1	257
123	93
1	93
2062	1548
0	1548
8	2
6	2
0	0
0	0
0	0
0	1
0	4
0	8
0	15
1	3
0	2
0	0
0	0
1	0
0	0
0	0
0	1
0	1
0	0
1	0
0	0
0	0
0	0
6	8
7	76
20	83
0	0
0	0
0	0
0	0
0	0
0	3
0	5
1	0
1	0
0	0
0	0
0	0
0	0
0	1
0	0
0	0
0	1
0	0
0	0
0	0
0	0
0	0
0	0
1	2
0	15
1	9
0	0
0	1
0	1
0	6
0	1
0	1
0	6
0	2
75	8
0	0
0	0
451	0
533	0
10	0
0	0
0	0
0	0
405	0
0	0
96	5
6	5
9	2
5	2
476	0
11	0
6	4
0	5
0	0
0	0
0	4
12	10
0	8
19	2
0	1
0	0
11	0
0	0
0	0
2	0
2	0
0	0
1	0
0	0
0	0
0	0
0	0
0	0
2	21
0	21
0	19
0	0
1	0
13	1
0	0
0	0
0	0
0	0
0	0
0	1
0	0
0	0
0	0
0	0
0	0
0	0
0	9
0	8
0	1
3	1
0	0
0	0
10	0
74	24
0	0
0	1
0	0
21	141
0	133
0	0
0	0
0	0
0	0
0	0
0	0
0	0
8	1
0	15
0	20
0	0
0	2
0	1
0	0
0	0
1097	1
0	0
0	0
0	0
60	0
67	0
0	0
0	0
0	0
26	0
139	0
4	0
0	0
0	0
308	35
0	4
0	4
0	0
3	0
12	0
1	0
0	0
220	172
1	0
104	15
30	27
3	1
0	0
0	0
0	0
0	0
0	0
0	0
0	1
0	0
2	29
0	42
1	0
0	0
0	2
0	0
19	0
16	7
0	0
13	13
0	2
0	0
0	0
2	1
0	1
0	0
0	1
0	0
0	0
0	0
0	0
0	7
1	6
0	0
1	1
0	1
0	0
0	1
0	0
0	0
4	1
1	0
4	0
14	134
0	134
0	0
0	0
1	120
0	120
0	7
2	15
0	1
0	1
0	0
0	0
1	0
8	2
0	0
0	0
30	63
0	101
11	124
11	3
2	0
0	0
0	0
0	0
19	14
0	0
215	2
0	262
4	262
495	0
24	37
0	37
179	0
50	0
1	0
0	0
22	0
175	0
73	103
0	103
28	0
1007	0
2	0
369	0
0	0
3	0
490	0
0	0
279	10
0	0
0	0
0	0
1	0
749	0
319	0
0	0
0	0
0	0
0	0
0	0
0	0
0	0
0	0
0	0
0	0
0	0
0	0
0	0
0	0
0	0
0	0
0	2
0	2
0	0
0	12
0	0
1	0
0	0
0	0
0	0
0	0
0	0
0	1
0	0
0	0
0	0
6	5
0	2
0	2
3	0
0	0
0	1
0	1
0	0
0	0
10	74
1	5
0	7
0	0
0	0
0	0
0	0
0	7
3	9
0	8
1	1
0	0
0	0
0	0
0	1
0	0
0	0
2	3
0	0
0	0
0	0
0	0
0	0
0	0
1	0
0	0
0	0
0	0
0	0
0	0
1	0
0	0
0	2
0	1
0	0
0	0
0	0
0	0
0	0
0	0
0	0
0	0
0	0
0	0
0	0
0	0
0	0
1	1
0	0
0	0
0	0
0	0
0	0
0	0
14	0
51	0
0	0
0	0
0	0
0	0
0	0
0	0
0	0
0	0
0	0
67	88
0	83
81	88
26	0
0	0
733	0
0	0
0	0
0	0
0	0
36	67
0	67
3	0
0	0
0	0
0	0
0	0
0	0
0	0
111	9
117	0
1	0
2	0
1138	0
0	0
6	0
639	0
1919	0
0	201
2	201
0	0
0	0
369	0
1	10
0	10
75	7
426	0
68	18
0	1
0	0
1	0
0	0
0	0
0	0
0	0
2	3
5	5
0	0
0	0
0	0
0	3
32	165
6	169
1	0
0	0
16	14
0	0
0	0
0	0
2	0
0	0
0	0
0	0
1	0
0	0
10	0
3	0
197	0
2	28
0	9
44	3
0	0
4	110
2	110
1	0
463	0
1	8
1	7
0	1
11	1
0	0
18	107
5	101
0	0
926	4
337	0
23	0
0	0
0	0
67	0
0	0
0	0
55	10
27	3
1	0
0	0
1	0
0	0
0	0
6	0
0	0
0	0
5	0
2	0
0	0
0	0
0	0
0	0
167	0
27	51
5	49
9	0
0	0
2	0
7	23
168	0
0	0
10	0
1	0
5	3
2	0
0	0
0	0
0	0
0	2
0	2
0	0
0	0
0	0
0	0
0	0
0	0
112	318
20	237
1	226
0	0
19	0
2	0
451	0
22	51
2	51
0	0
0	0
14	16
5	2
28	74
7	124
0	123
0	16
0	16
1	6
0	0
1	1
1	1
2	2
0	0
0	0
0	0
0	3
0	0
1	2
0	0
1	3
1	0
0	0
0	0
0	0
0	0
0	0
0	0
13	18
0	0
0	12
0	0
0	0
0	13
0	1
0	1
3	0
0	0
0	0
1	0
19	0
359	0
189	0
0	0
0	0
0	31
5	22
0	3
243	0
0	0
464	430
0	410
21	1152
36	1152
1	0
100	0
0	0
0	0
0	0
1	2
0	2
0	0
35	0
2	37
10	43
0	0
1	0
2	69
0	61
1	12
8	0
0	41
9	44
0	0
0	0
235	0
8	0
110	0
16	0
2	70
12	70
67	0
0	0
0	0
6	67
47	67
2	0
67	180
12	180
0	4
0	4
0	0
0	0
0	0
0	0
0	0
16	0
1	0
0	0
0	0
0	0
0	1
4	0
0	0
0	0
736	4766
0	4766
452	0
3	109
9	109
5	0
0	0
107	691
1	691
331	0
629	0
0	13
41	0
650	0
20	0
0	0
4	12
0	2
0	0
0	0
2	0
225	0
0	0
0	0
1	0
5	0
0	0
22	0
1	0
0	0
0	0
3	0
6	1
0	1
1	5
29	36
3	26
0	0
4	7
250	0
0	1
6	0
171	0
0	0
0	0
0	27
0	456
83	240
2	240
141	0
0	0
313	0
1	0
0	0
220	0
2	0
260	0
53	0
163	0
0	0
87	0
0	0
83	136
0	136
0	0
0	0
0	0
0	0
0	0
0	0
1	0
1339	0
498	0
472	0
0	0
0	0
3	0
4	0
91	0
0	0
12	677
2	677
1	0
239	0
0	0
6	0
0	0
0	9
0	0
0	0
0	2
0	13
0	13
0	0
0	0
87	0
24	0
92	0
0	1410
480	1410
346	0
0	1
0	1
0	1
0	0
399	0
23	0
1	2
0	2
251	0
1	0
16	0
253	0
0	0
0	0
0	0
0	1
2	51
0	34
251	0
12	0
0	0
35	0
0	1
2	0
374	0
101	15
0	0
0	0
21	97
0	0
22	38
2	37
19	167
1	149
0	0
0	53
4	58
0	25
0	0
21	125
0	126
12	48
8	43
0	45
0	1
2	1
707	0
0	0
292	0
2	1
10	1
0	0
5	18
0	20
6	21
0	21
36	304
2	303
0	1
0	52
0	0
2	0
0	1
0	0
6	37
1	20
0	0
10	70
0	69
0	0
0	2
364	178
0	10
196	190
0	162
1	163
0	0
15	0
0	0
0	0
1	1
57	11
0	11
1	0
15	0
0	0
0	0
298	0
440	0
0	0
218	58
8	67
0	0
0	0
0	2
0	0
0	0
15	149
0	140
2	0
3	0
74	0
3	9
0	8
0	9
11	0
1	0
483	0
1	0
0	0
129	0
53	0
1998	0
65	0
0	0
350	0
19	462
3	462
1693	87
1	0
56	0
4	0
0	0
0	0
0	0
0	0
0	0
0	0
0	0
0	1
0	0
0	0
0	0
2	0
0	0
0	0
0	0
0	0
0	0
0	1
0	1
12	0
1	12
0	12
0	0
1	1
1	0
0	0
0	0
0	0
0	1
1265	0
71	0
0	1
20	0
298	0
222	0
0	0
1	0
0	0
16	0
1490	0
255	0
33	7
36	0
15	339
58	339
56	77
0	77
94	0
172	0
0	0
305	0
259	0
7	3
0	3
1	5121
0	5121
3	0
0	4
0	3
6	0
1236	0
0	0
424	0
1148	2186
5	2186
42	0
0	0
1137	0
0	0
0	0
1547	113
2	113
266	0
288	0
0	0
1	0
622	0
1138	0
6	0
122	0
2	0
944	0
15	45
0	45
4	0
0	0
0	0
1498	0
1	226
2	226
1	0
0	0
0	0
0	0
82	1
1	0
1	0
362	0
2	0
76	0
0	0
0	0
205	0
0	0
12	0
111	0
2	7
0	7
0	0
0	0
2445	327
0	0
1	0
0	0
0	0
3	327
0	1
0	1
0	0
0	0
0	0
0	0
0	0
0	1
0	1
126	0
139	64
0	72
1	1
0	0
2	0
1	0
34	299
0	299
7	146
0	146
5	0
2	0
0	0
0	0
0	1008
3	1298
0	0
0	0
389	17
0	183
0	183
1	0
497	0
243	0
105	0
777	0
445	0
6	0
188	0
1066	0
311	0
6	0
1	0
0	0
0	0
0	0
0	0
0	0
0	0
2	0
0	0
0	0
2	1
0	1
0	1
6	2
0	0
0	0
0	1
0	0
0	0
1	2
0	0
184	1
83	0
75	34
2	34
0	1
0	0
0	0
41	0
2	0
0	0
17	0
0	0
175	0
52	0
1	0
24	0
0	0
1	0
327	0
0	0
43	0
373	0
277	0
0	0
61	0
0	0
433	0
5	3
0	6
35	0
3	9
316	0
269	0
13	0
890	0
107	0
28	119
0	119
205	0
1440	0
0	0
0	0
0	0
0	0
0	0
0	0
0	0
91	0
50	0
0	0
801	0
4	0
20	250
82	224
0	0
21	2
1064	0
144	0
10	0
0	0
0	0
0	0
1	9
0	0
0	0
0	0
0	0
0	0
0	9
0	0
0	0
0	0
1	0
0	0
0	0
45	0
0	0
697	1474
2	1474
115	0
301	0
897	118
360	0
402	0
1	0
562	0
137	66
25	66
3165	0
188	794
0	794
697	0
0	1
8	17
0	17
0	0
419	0
0	0
0	0
54	0
0	0
0	0
0	0
213	0
148	0
0	0
767	0
2	3
0	3
757	727
0	0
23	888
1	721
1377	1
1	0
0	0
1	0
340	0
3	0
181	0
0	0
263	10
0	0
21	0
25	4
2	0
2	0
2	0
0	0
0	0
2	10
0	0
1	0
80	202
0	202
0	0
439	0
187	558
0	558
359	0
0	0
0	14
9	13
0	1
1	0
0	0
0	0
0	0
0	0
0	0
0	0
0	0
0	0
0	0
0	0
0	0
0	0
4	3
3	3
125	0
6	4
0	0
108	578
1	578
10	0
0	0
63	51
0	48
3	0
1595	0
0	0
369	0
2981	0
365	0
0	0
25	0
2182	0
531	0
0	0
0	0
0	890
0	890
1480	0
520	0
0	0
2	0
0	0
0	0
0	0
156	0
0	0
0	0
884	0
971	1730
0	1730
160	0
4	0
0	0
688	123
1	1
4	0
0	0
427	0
129	0
17	0
0	0
0	0
1235	0
6	0
1	2
33	0
0	0
1	0
2	0
0	0
0	0
3	1
0	1
14	400
0	400
222	0
133	0
385	259
0	259
1189	0
0	0
164	0
288	0
0	0
8	5
0	5
1	6
0	6
2	0
0	0
0	0
8	0
24	12
0	12
0	0
2	0
86	1
55	671
0	671
1	0
2940	0
41	0
6	84
2	84
0	0
0	0
0	0
651	0
0	0
143	0
463	0
5	0
51	16
18	16
124	99
0	286
11	31
0	31
15	0
0	0
0	0
1	0
6	0
3	0
5	0
0	0
3	4
0	4
1202	169
0	0
1	0
0	1
1	2
0	0
0	0
0	0
0	0
0	0
0	2
0	0
0	0
0	0
0	0
0	0
0	0
0	5
0	2
0	0
0	2
0	1
0	0
3	253
0	63
0	35
0	71
0	0
346	389
0	25
2	0
0	217
7	217
0	0
14	0
11	18
0	18
402	0
3	0
0	0
29	12
0	0
0	23
0	0
0	0
0	0
0	0
0	6
0	3
2	6
0	1
0	6
0	6
0	0
0	0
0	12
0	12
0	0
0	0
9	119
0	23
1	4
0	0
0	0
1	30
0	35
5	8
0	6
0	0
2	197
1	129
1	3
0	14
0	0
1	298
7	300
11	34
0	0
0	0
0	0
0	0
0	1
0	1
0	1
0	0
0	0
0	2
0	1
0	0
1	0
0	0
0	0
0	0
0	0
0	60
0	60
0	0
0	0
0	0
5	0
0	0
16	9
262	8
80	19
1	12
0	0
2	0
0	0
2	32
0	32
0	30
0	0
0	0
0	0
1	0
0	0
0	3
0	0
3	0
0	1
0	1
182	1
0	2
0	0
0	4
0	0
0	0
0	2
0	2
0	0
0	5
0	5
0	0
0	0
0	0
0	0
0	0
13	0
0	0
2	0
0	0
1	8
0	51
0	51
0	6
0	0
27	7
0	0
4	1
0	0
0	43
0	43
0	0
18	1
46	44
0	44
0	0
1055	0
0	0
184	0
0	0
0	0
0	0
0	0
0	0
74	0
0	0
42	0
0	0
429	0
1	0
0	0
99	0
1970	0
97	161
0	161
4	2
1	1
3	1
1182	0
390	0
173	0
214	114
10	114
0	0
0	0
0	0
0	0
0	0
1	0
10	75
0	50
0	50
0	0
0	0
0	0
0	0
1408	0
2	0
0	1
0	0
152	12
0	6
0	6
0	0
0	0
15	11
0	0
314	0
108	0
0	458
17	458
100	668
2	668
46	0
0	0
1	0
1156	0
1	0
1	100
0	100
171	0
4	0
0	0
1	91
0	91
25	0
1901	0
58	0
1	0
53	0
16	0
0	0
0	0
2	0
97	0
1	0
5	23
0	21
789	111
8	111
0	15
7	3
411	0
82	204
0	204
49	0
105	0
1	0
0	0
0	0
167	30
0	0
0	0
0	0
0	0
0	0
3	0
1568	0
0	16
48	0
11	0
0	0
0	0
0	0
0	4
5	31
7	0
0	0
0	0
0	0
8	0
1	0
0	0
43	0
0	0
210	0
0	0
0	1
0	0
4	0
14	0
0	0
28	0
4390	19645
0	19645
0	0
0	0
0	0
0	0
0	0
14438	1024
1	0
0	0
0	0
2734	2685
0	2685
1	0
1	0
0	0
4505	0
0	0
345	0
3	0
70	108
0	108
46	148
0	148
432	0
358	0
10	0
0	0
0	0
0	0
0	1
0	1
232	0
0	45
136	170
277	1
0	0
0	0
0	1
0	1
0	0
3628	0
1060	0
0	0
211	0
0	0
0	0
499	0
3	0
15	0
0	0
799	0
0	0
0	0
0	0
0	0
0	0
8	29
0	22
0	0
0	0
427	29
0	1
0	1
2	0
1289	0
47	0
96	180
0	180
1	57
1	57
0	1
0	0
20	54
0	0
0	0
514	31
0	0
64	0
0	0
0	0
0	0
3	4
0	4
465	0
5	0
0	0
60	0
31	0
1006	0
36	0
6	0
164	0
0	0
0	0
1	1
671	1344
0	1344
36	156
2	214
134	0
264	0
0	0
0	2
0	0
25	0
2	2
0	0
0	2
412	0
79	0
9	0
79	0
0	255
82	255
981	0
5	27
0	27
4252	0
1589	0
0	0
0	0
3296	0
198	0
149	0
2453	0
155	0
0	0
26	0
107	0
3	0
0	0
1	4
0	4
0	0
183	0
672	0
156	0
871	0
0	0
3	0
5	0
573	0
31	0
0	1
0	1
206	0
3	5
0	7
0	7
0	1
0	1
1	0
398	0
5	0
4	0
411	0
0	0
264	0
0	0
0	0
0	0
1	0
0	0
0	0
0	1
11	7
0	6
206	0
14	0
973	0
32	0
100	831
4	831
310	0
0	0
3	0
0	0
0	0
5	0
185	0
45	19
0	23
0	0
423	0
0	0
0	0
2	0
0	0
170	0
0	0
1	0
145	0
0	0
0	0
1	0
1	0
686	0
96566	0
2	0
415	0
123	0
46	0
15	0
0	1
54	0
1141	1
1	0
36	0
747	0
0	0
0	0
81	0
3	0
13	15
0	15
1	0
18	412
20	412
1	0
188	0
216	0
86	0
0	0
2158	0
156	0
6	0
18	113
0	113
1	0
253	0
656	468
0	468
0	0
275	490
0	490
142	0
457	0
319	0
297	77
0	0
0	0
520	77
0	0
0	0
646	0
1263	0
0	2
15	14
0	12
33	0
0	0
3	0
10	0
4	0
518	0
397	0
221	362
0	362
2022	0
0	0
0	0
0	0
0	0
1260	0
0	0
0	0
103	0
1	0
244	0
0	0
0	0
95	0
32	0
0	0
36	0
6360	12
8	109
0	109
5	0
630	0
34	0
189	512
1	512
0	0
0	0
29	0
151	167
0	167
0	0
51	0
100	0
0	0
1	0
27	0
0	0
153	0
0	0
0	0
1570	0
2	5
0	5
973	0
5	80
0	80
222	0
17	0
0	0
0	0
5	0
551	0
265	0
5	0
0	0
0	0
0	0
143	0
14	0
6	0
34	275
264	1621
0	0
0	46
0	1883
0	1520
0	0
0	92
21	2004
0	34
0	114
0	89
0	0
0	0
0	0
0	0
0	0
0	0
8	0
0	0
2	0
0	0
1	0
0	0
328	0
0	0
11	0
0	0
535	0
0	0
324	0
171	0
1	0
0	0
0	0
242	0
35	63
2	164
617	210
26	0
64	0
10	0
2	0
9	7
1	7
313	0
0	0
105	0
0	0
0	0
0	0
0	0
0	0
0	24
308	0
193	0
7	0
587	0
10	0
0	0
0	0
1475	0
126	154
0	154
394	0
124	0
0	0
1	0
45	368
0	371
1	0
0	0
0	0
0	0
53	0
105	0
3	0
116	0
414	1231
0	1231
0	0
518	0
87	0
0	0
0	0
0	1
0	0
0	0
259	502
1	499
6	17
0	17
19	0
0	0
0	0
45	0
106	0
44	0
1626	0
0	0
799	0
549	0
119	0
244	0
0	0
0	0
603	0
55	0
404	0
293	0
480	0
212	0
0	21
0	12
1	0
0	0
4	428
0	4
814	0
0	0
17	8
0	0
8	8
0	0
0	0
0	0
0	0
0	0
1	0
0	0
0	0
0	0
31	0
753	0
1199	0
298	19
2	0
81	0
0	0
0	0
887	0
2054	0
489	0
953	0
0	0
4	2
7	2
22	0
1	1
0	1
67	223
76	223
0	0
4	191
1	191
0	163
1297	0
8649	3
28	0
311	0
0	0
170	0
56	0
0	0
0	0
1	74
2	74
0	67
0	0
140	402
0	402
3	0
0	0
0	0
0	6
0	0
2326	0
0	0
13	167
19	167
508	0
156	0
15	0
372	0
0	0
2	0
0	0
2249	0
0	32
1	0
1	50
4	0
34	0
46	3
0	3
46	80
1	80
0	1
0	0
0	0
154	0
133	0
0	0
0	0
38	0
0	0
242	0
447	5
0	0
0	0
251	0
253	0
805	0
338	0
0	0
0	0
0	0
226	0
16	0
12	0
6	0
0	0
1	0
0	0
0	0
0	0
0	0
0	0
0	0
0	0
0	0
0	0
0	1
0	9
0	0
0	0
1	0
0	0
0	0
0	0
0	0
3	2
0	0
0	0
0	0
0	0
119	188
0	0
11	95
0	77
0	2
0	0
0	26
0	15
0	2
2	0
0	0
0	0
0	0
0	0
0	0
0	0
0	0
0	0
0	0
0	0
0	0
9	63
0	0
0	0
1	74
75	233
5	0
0	0
0	0
0	35
0	42
4	0
0	2
0	0
0	0
52	95
0	0
1	5
0	0
0	0
16	108
21	78
0	0
0	0
92	106
0	20
0	20
95	0
0	3
0	0
0	1
0	0
0	0
0	0
0	0
0	0
0	0
0	3
2	0
302	0
24	0
178	0
272	0
2781	0
0	0
16	187
15	187
4	0
391	0
27	0
71	0
454	0
1	0
54	930
11	930
21	483
0	483
1	3
519	0
238	0
23	0
56	0
338	0
0	0
0	0
626	0
0	0
0	0
0	3
0	0
0	0
0	0
0	0
0	0
0	0
0	5
0	0
0	0
0	0
0	0
0	0
0	0
0	6
0	6
440	0
0	0
0	0
0	0
2	0
3	0
0	5
0	5
0	0
0	0
0	0
0	0
0	0
1	0
0	1
0	1
0	0
0	0
0	0
0	0
0	0
0	0
0	0
0	0
0	0
0	1
0	2
1	1
0	0
0	0
14	0
0	0
68	47
0	0
0	1
0	0
0	0
0	0
0	5
4	187
0	184
0	0
4	47
0	0
0	0
0	0
0	0
0	0
0	0
0	0
0	0
0	68
0	69
0	0
0	0
0	0
0	0
0	0
0	0
0	1
2	1
4	1
0	0
0	0
0	0
0	0
0	0
0	0
2	7
10	11
3	1
0	2
0	4
0	0
0	0
0	0
0	0
0	0
0	0
0	0
0	0
0	0
11	1
5	16
0	0
0	4
0	9
0	0
0	6
0	0
0	0
0	0
40	197
0	15
2	1
0	0
54	353
0	324
0	0
0	0
0	0
0	0
0	0
0	0
0	2
0	0
0	0
0	0
0	0
0	0
1	1
0	0
54	92
0	1
0	3
0	2
0	0
1	1
7	7
0	0
2271	361
0	0
0	0
0	0
0	0
0	0
0	1
0	0
0	0
0	0
0	6
0	0
0	0
0	0
0	3
0	0
0	0
0	0
0	0
0	0
218	1879
0	0
0	0
35	98
134	331
15	38
0	26
0	25
0	2
0	0
0	13
0	13
0	0
0	0
0	0
0	0
0	0
254	171
63	277
1	0
24	433
1	12
0	8
0	3
0	0
0	0
0	0
1	624
0	0
0	47
0	10
14	59
0	0
0	15
0	10
0	0
0	0
0	0
0	0
0	0
0	0
0	0
0	4
0	0
0	0
0	0
0	0
0	0
0	0
0	0
0	0
0	0
0	0
0	0
0	0
5	2001
0	0
0	0
0	0
1	98
1	1
0	47
0	10
0	3
0	0
0	0
0	0
0	0
0	0
0	7
1	0
0	0
196	68
0	0
0	1
50	273
0	16
0	73
3	2
2	7
1	0
0	0
0	0
0	25
0	22
0	0
0	272
4	265
18	25
0	22
0	0
0	0
0	0
0	0
0	0
0	0
0	0
1	4
1	0
364	310
0	0
0	0
0	0
0	0
1306	389
0	0
0	3
0	0
0	0
0	44
0	0
0	0
0	0
0	0
0	0
0	0
0	0
0	0
0	0
0	0
631	0
0	0
0	0
0	0
0	0
0	0
0	0
653	0
1	0
0	0
0	0
1	0
0	0
228	447
0	447
0	0
0	0
0	137
0	0
0	0
0	0
0	0
0	0
0	0
0	0
0	0
0	0
0	0
0	0
0	0
0	0
0	0
0	0
0	0
0	0
1107	0
14	0
0	0
0	0
0	0
0	0
0	154
0	155
0	145
0	0
1	10
0	10
0	0
0	0
0	0
1	0
0	1
0	0
0	0
0	0
0	0
0	0
1	0
0	0
0	1
0	0
0	1
0	0
0	0
0	0
0	0
0	5
0	0
0	0
0	0
0	0
1	1
25	3
0	1
0	0
7	0
3	0
0	0
0	58
14	0
222	0
386	0
5	0
0	0
0	0
0	0
0	0
290	0
0	0
0	0
511	0
0	0
0	0
0	0
0	0
0	16
0	0
0	0
1	0
0	15
0	18
0	0
0	0
0	0
0	1
0	1
0	0
0	4
0	0
1	8
0	0
0	0
0	0
0	1
0	0
0	2
0	1
0	0
0	0
0	0
0	0
3	2
3	5
0	159
0	189
0	17
0	0
0	0
0	0
0	0
0	0
3	0
0	0
0	0
368	0
0	0
0	0
0	7
0	7
0	0
0	0
0	0
0	0
0	0
0	0
0	0
0	0
0	1
4	0
0	0
0	0
0	0
0	0
0	0
0	0
0	0
376	0
0	1
0	1
0	0
1	0
0	0
19	0
352	0
0	0
0	0
0	0
0	0
242	0
0	0
1	1
0	0
1	0
0	0
0	0
0	0
497	16
0	16
263	0
5	0
54	0
0	0
0	0
1	0
76	0
0	0
0	0
4	0
0	2
0	0
153	1
0	0
0	0
0	0
0	0
1	0
0	0
0	0
0	0
0	0
0	0
0	0
0	0
0	0
179	27
0	0
0	0
0	0
0	0
0	0
0	0
0	0
0	0
0	0
0	0
0	0
0	0
0	0
87	27
0	0
0	0
0	0
0	4
0	0
0	0
0	0
0	0
0	0
1628	85
0	0
0	0
0	0
0	0
0	0
0	0
0	0
1220	249
0	0
0	0
1	17
0	8
0	0
17	169
0	0
2	2
72	1171
0	835
85	388
0	0
1	43
0	0
0	0
0	0
0	0
0	0
0	0
0	0
0	0
1	5
0	2
1	0
0	1
20	72
0	54
0	0
0	1
0	0
0	0
0	0
0	0
0	0
0	0
0	0
0	0
0	0
0	0
0	0
0	1
0	0
29	0
4	8
0	1
0	0
5	0
0	0
0	0
0	0
0	0
0	0
0	0
0	0
16	7
0	2
0	3
0	0
0	2
0	1
2	6
0	2
0	0
5	17
0	0
1	0
0	0
1	0
0	0
0	0
0	0
0	0
0	0
0	0
0	2
0	2
0	0
2	0
0	0
0	0
105	2
1	23
3	23
0	0
1088	0
0	0
1	0
0	0
0	0
2	0
0	24
0	0
0	0
1	3
0	0
0	0
0	0
0	0
0	0
0	0
5819	0
32	0
0	0
0	0
95	0
28	0
3	137
12	137
0	0
0	0
0	0
0	0
0	0
0	0
0	5
0	0
7	0
1	0
1	0
1	4
0	4
0	0
0	22
29	28
1	0
66	0
5	15
5	15
0	0
296	0
42	113
2	119
0	0
0	0
47	128
1	167
55	125
1	125
0	0
0	0
1	0
2	0
0	0
1	0
0	0
0	0
0	0
1	1
1	1
0	0
1	0
23	0
0	0
191	249
0	249
0	0
0	0
130	0
2273	0
360	0
0	0
0	8
125	20
1	20
0	0
0	0
0	0
0	0
700	3
148	0
1	0
108	0
0	0
0	0
0	0
0	0
2	0
0	0
35	125
2	127
0	0
9	3
0	0
0	0
0	13
0	0
6	0
759	0
0	0
0	0
8	181
5	181
0	0
0	0
0	0
0	0
0	0
0	0
0	1
0	4
0	0
0	0
0	0
0	0
0	0
0	0
0	0
0	0
0	0
1	0
0	0
0	0
0	0
0	0
0	11
118	0
4	0
3	0
887	0
0	0
109	0
10	37
0	37
10042	0
0	0
423	1220
1	1221
0	0
3	0
72	0
0	0
0	0
0	0
0	0
723	0
0	0
0	0
0	0
53	21
0	20
0	0
0	2
0	17
0	0
0	0
0	0
0	0
0	0
0	0
0	0
1	0
2	0
0	0
2	0
3	0
5	0
0	0
0	0
0	0
0	2
0	3
48	0
12	0
0	0
2	0
3	0
2	0
5	3
0	2
0	0
3	2
0	1
37	5
0	0
0	0
0	0
0	0
0	0
0	0
0	1
0	1
1	1
3	18
9	19
11	5
0	1
35	200
0	200
0	75
24	0
0	0
0	5
0	12
0	0
0	0
1	0
0	0
1	0
0	0
1	0
2	1
0	2
0	0
0	6
0	8
405	0
48	0
370	141
1	0
0	0
0	0
0	0
0	0
0	0
124	0
1	0
0	1
0	0
0	0
0	0
0	0
0	0
0	0
0	0
1	0
14	16
42	22
1	0
0	0
0	0
0	0
0	1
0	0
1	0
0	0
0	58
25	68
0	0
13	0
10	0
0	0
2	2
0	0
0	0
1	0
1	0
7	12
4	99
0	0
18	90
0	73
1	0
0	0
3	4
0	3
0	0
0	0
0	0
0	0
0	27
0	32
0	0
1	0
0	0
0	0
0	0
0	0
13	121
1	5
44	134
0	3
0	2
0	0
1	0
10	4
0	4
0	3
0	0
0	0
0	0
0	0
0	0
0	0
7	9
0	6
0	0
0	1
0	1
0	0
0	0
4	10
0	9
0	0
0	0
0	0
0	0
0	0
0	0
0	0
0	0
0	3
0	1
0	0
0	1
1	1
0	0
0	0
0	0
0	0
0	6
0	8
6	40
0	25
0	0
2	0
0	1
0	0
0	0
0	1
0	0
0	0
0	0
0	0
0	0
0	0
0	0
0	0
0	0
547	320
0	320
0	0
0	0
0	0
0	0
0	0
0	0
0	0
0	0
0	0
0	0
0	0
0	0
23	0
0	0
0	0
0	0
0	0
0	0
0	0
0	0
0	0
2	14
0	14
0	0
0	0
0	0
0	0
299	0
0	0
2	241
0	241
583	0
236	0
16	0
18	2
7	1
0	0
0	0
3	4
9	3
2	0
0	4
0	0
70	0
0	0
95	0
0	0
0	0
1	2
0	2
0	0
0	0
0	0
0	0
0	1
0	1
1004	0
0	0
41	153
0	0
0	0
0	1
3	0
126	271
1	0
0	0
0	0
22	140
0	176
33	37
0	37
204	0
80	0
1376	0
0	0
6	0
0	0
1	0
0	0
0	0
4	204
2	204
0	33
0	0
3	1
0	0
0	4
0	3
0	0
0	1
0	0
0	0
0	0
0	0
0	0
59	3
0	3
2	0
2	0
0	0
21	2
1	2
8	1
15	1
1	3
0	3
1448	0
609	0
0	0
26	0
0	0
0	0
161	0
0	0
6008	0
0	0
0	0
0	0
0	0
0	0
2061	0
0	0
0	111
0	111
85	0
2	0
5	1
1	0
4	13
8	13
3	0
0	0
8	0
0	0
17	0
13	7
7	7
10	0
0	0
194	62
55	49
25	49
1	0
408	0
0	0
95	493
0	493
8	14
0	14
0	0
0	0
0	0
504	0
0	2
0	2
0	0
0	1
0	1
466	1044
5	1044
0	0
139	0
0	0
0	0
176	0
4	1
0	1
0	0
0	0
0	0
0	23
0	0
0	0
0	0
0	0
366	0
491	157
67	226
92	226
0	0
11	3
0	0
0	0
0	0
0	0
0	0
1	0
0	3
36	0
0	351
0	351
28	209
2	209
2	11
112	0
721	0
719	0
2	0
22	0
0	0
7318	0
4	101
3	101
6	0
29	0
0	0
0	0
10	22
59	22
0	0
0	0
1	0
2	4
0	4
7	8
0	3
816	0
0	13
14	535
8	535
1	20
224	177
2	178
1	0
3	0
2	0
0	0
2697	0
4	0
697	0
160	1
0	1
0	0
1	2
12	10
3	2
966	0
0	0
23	533
9	533
38	0
119	0
95	82
0	82
0	0
765	0
69	0
1	0
253	428
1	428
1	1
133	0
0	1
0	0
0	1
0	0
382	0
0	0
0	0
0	0
0	114
