TermID	TermName	OfficialID	OfficialName	Namespace	Official_is_obsolete	Grapedia_label_says_obsolete	Status	Association_pairs
GO:0000003	GO_BP:obsolete reproduction	GO:0000003	obsolete reproduction	biological_process	TRUE	TRUE	obsolete_by_ontology	64
GO:0000014	GO_MF:single-stranded DNA endodeoxyribonuclease activity	GO:0000014	single-stranded DNA endonuclease activity	molecular_function	FALSE	FALSE	live_primary_id	1
GO:0000027	GO_BP:ribosomal large subunit assembly	GO:0000027	ribosomal large subunit assembly	biological_process	FALSE	FALSE	live_primary_id	1
GO:0000030	GO_MF:mannosyltransferase activity	GO:0000030	mannosyltransferase activity	molecular_function	FALSE	FALSE	live_primary_id	1
GO:0000035	GO_MF:acyl binding	GO:0000035	acyl binding	molecular_function	FALSE	FALSE	live_primary_id	1
GO:0000036	GO_MF:acyl carrier activity	GO:0000036	acyl carrier activity	molecular_function	FALSE	FALSE	live_primary_id	1
GO:0000041	GO_BP:transition metal ion transport	GO:0000041	transition metal ion transport	biological_process	FALSE	FALSE	live_primary_id	10
GO:0000045	GO_BP:autophagosome assembly	GO:0000045	autophagosome assembly	biological_process	FALSE	FALSE	live_primary_id	1
GO:0000062	GO_MF:fatty-acyl-CoA binding	GO:0000062	fatty-acyl-CoA binding	molecular_function	FALSE	FALSE	live_primary_id	1
GO:0000064	GO_MF:L-ornithine transmembrane transporter activity	GO:0000064	L-ornithine transmembrane transporter activity	molecular_function	FALSE	FALSE	live_primary_id	1
GO:0000075	GO_BP:cell cycle checkpoint signaling	GO:0000075	cell cycle checkpoint signaling	biological_process	FALSE	FALSE	live_primary_id	1
GO:0000077	GO_BP:DNA damage checkpoint signaling	GO:0000077	DNA damage checkpoint signaling	biological_process	FALSE	FALSE	live_primary_id	1
GO:0000095	GO_MF:S-adenosyl-L-methionine transmembrane transporter activity	GO:0000095	S-adenosyl-L-methionine transmembrane transporter activity	molecular_function	FALSE	FALSE	live_primary_id	1
GO:0000096	GO_BP:sulfur amino acid metabolic process	GO:0000096	sulfur amino acid metabolic process	biological_process	FALSE	FALSE	live_primary_id	1
GO:0000122	GO_BP:negative regulation of transcription by RNA polymerase II	GO:0000122	negative regulation of transcription by RNA polymerase II	biological_process	FALSE	FALSE	live_primary_id	1
GO:0000139	GO_CC:Golgi membrane	GO:0000139	Golgi membrane	cellular_component	FALSE	FALSE	live_primary_id	4
GO:0000145	GO_CC:exocyst	GO:0000145	exocyst	cellular_component	FALSE	FALSE	live_primary_id	1
GO:0000151	GO_CC:ubiquitin ligase complex	GO:0000151	ubiquitin ligase complex	cellular_component	FALSE	FALSE	live_primary_id	3
GO:0000154	GO_BP:rRNA modification	GO:0000154	rRNA modification	biological_process	FALSE	FALSE	live_primary_id	1
GO:0000156	GO_MF:phosphorelay response regulator activity	GO:0000156	phosphorelay response regulator activity	molecular_function	FALSE	FALSE	live_primary_id	2
GO:0000160	GO_BP:phosphorelay signal transduction system	GO:0000160	phosphorelay signal transduction system	biological_process	FALSE	FALSE	live_primary_id	7
GO:0000166	GO_MF:nucleotide binding	GO:0000166	nucleotide binding	molecular_function	FALSE	FALSE	live_primary_id	9
GO:0000184	GO_BP:nuclear-transcribed mRNA catabolic process, nonsense-mediated decay	GO:0000184	nuclear-transcribed mRNA catabolic process, nonsense-mediated decay	biological_process	FALSE	FALSE	live_primary_id	1
GO:0000209	GO_BP:protein polyubiquitination	GO:0000209	protein polyubiquitination	biological_process	FALSE	FALSE	live_primary_id	2
GO:0000226	GO_BP:microtubule cytoskeleton organization	GO:0000226	microtubule cytoskeleton organization	biological_process	FALSE	FALSE	live_primary_id	4
GO:0000228	GO_CC:nuclear chromosome	GO:0000228	nuclear chromosome	cellular_component	FALSE	FALSE	live_primary_id	2
GO:0000257	GO_MF:nitrilase activity	GO:0000257	nitrilase activity	molecular_function	FALSE	FALSE	live_primary_id	1
GO:0000271	GO_BP:polysaccharide biosynthetic process	GO:0000271	polysaccharide biosynthetic process	biological_process	FALSE	FALSE	live_primary_id	15
GO:0000272	GO_BP:polysaccharide catabolic process	GO:0000272	polysaccharide catabolic process	biological_process	FALSE	FALSE	live_primary_id	5
GO:0000278	GO_BP:mitotic cell cycle	GO:0000278	mitotic cell cycle	biological_process	FALSE	FALSE	live_primary_id	8
GO:0000281	GO_BP:mitotic cytokinesis	GO:0000281	mitotic cytokinesis	biological_process	FALSE	FALSE	live_primary_id	7
GO:0000287	GO_MF:magnesium ion binding	GO:0000287	magnesium ion binding	molecular_function	FALSE	FALSE	live_primary_id	4
GO:0000293	GO_MF:ferric-chelate reductase activity	GO:0000293	ferric-chelate reductase activity	molecular_function	FALSE	FALSE	live_primary_id	1
GO:0000295	GO_MF:adenine nucleotide transmembrane transporter activity	GO:0000295	adenine nucleotide transmembrane transporter activity	molecular_function	FALSE	FALSE	live_primary_id	1
GO:0000302	GO_BP:response to reactive oxygen species	GO:0000302	response to reactive oxygen species	biological_process	FALSE	FALSE	live_primary_id	25
GO:0000303	GO_BP:response to superoxide	GO:0000303	response to superoxide	biological_process	FALSE	FALSE	live_primary_id	4
GO:0000305	GO_BP:response to oxygen radical	GO:0000305	response to oxygen radical	biological_process	FALSE	FALSE	live_primary_id	4
GO:0000311	GO_CC:plastid large ribosomal subunit	GO:0000311	plastid large ribosomal subunit	cellular_component	FALSE	FALSE	live_primary_id	1
GO:0000312	GO_CC:plastid small ribosomal subunit	GO:0000312	plastid small ribosomal subunit	cellular_component	FALSE	FALSE	live_primary_id	1
GO:0000313	GO_CC:organellar ribosome	GO:0000313	organellar ribosome	cellular_component	FALSE	FALSE	live_primary_id	2
GO:0000314	GO_CC:organellar small ribosomal subunit	GO:0000314	organellar small ribosomal subunit	cellular_component	FALSE	FALSE	live_primary_id	1
GO:0000315	GO_CC:organellar large ribosomal subunit	GO:0000315	organellar large ribosomal subunit	cellular_component	FALSE	FALSE	live_primary_id	1
GO:0000322	GO_CC:storage vacuole	GO:0000322	storage vacuole	cellular_component	FALSE	FALSE	live_primary_id	2
GO:0000323	GO_CC:lytic vacuole	GO:0000323	lytic vacuole	cellular_component	FALSE	FALSE	live_primary_id	5
GO:0000325	GO_CC:plant-type vacuole	GO:0000325	plant-type vacuole	cellular_component	FALSE	FALSE	live_primary_id	18
GO:0000326	GO_CC:protein storage vacuole	GO:0000326	protein storage vacuole	cellular_component	FALSE	FALSE	live_primary_id	2
GO:0000375	GO_BP:RNA splicing, via transesterification reactions	GO:0000375	RNA splicing, via transesterification reactions	biological_process	FALSE	FALSE	live_primary_id	1
GO:0000377	GO_BP:RNA splicing, via transesterification reactions with bulged adenosine as nucleophile	GO:0000377	RNA splicing, via transesterification reactions with bulged adenosine as nucleophile	biological_process	FALSE	FALSE	live_primary_id	1
GO:0000381	GO_BP:regulation of alternative mRNA splicing, via spliceosome	GO:0000381	regulation of alternative mRNA splicing, via spliceosome	biological_process	FALSE	FALSE	live_primary_id	1
GO:0000398	GO_BP:mRNA splicing, via spliceosome	GO:0000398	mRNA splicing, via spliceosome	biological_process	FALSE	FALSE	live_primary_id	1
GO:0000413	GO_BP:protein peptidyl-prolyl isomerization	GO:0000413	protein peptidyl-prolyl isomerization	biological_process	FALSE	FALSE	live_primary_id	2
GO:0000427	GO_CC:plastid-encoded plastid RNA polymerase complex	GO:0000427	plastid-encoded plastid RNA polymerase complex	cellular_component	FALSE	FALSE	live_primary_id	1
GO:0000428	GO_CC:DNA-directed RNA polymerase complex	GO:0000428	DNA-directed RNA polymerase complex	cellular_component	FALSE	FALSE	live_primary_id	1
GO:0000462	GO_BP:maturation of SSU-rRNA from tricistronic rRNA transcript (SSU-rRNA, 5.8S rRNA, LSU-rRNA)	GO:0000462	maturation of SSU-rRNA from tricistronic rRNA transcript (SSU-rRNA, 5.8S rRNA, LSU-rRNA)	biological_process	FALSE	FALSE	live_primary_id	1
GO:0000723	GO_BP:telomere maintenance	GO:0000723	telomere maintenance	biological_process	FALSE	FALSE	live_primary_id	1
GO:0000724	GO_BP:double-strand break repair via homologous recombination	GO:0000724	double-strand break repair via homologous recombination	biological_process	FALSE	FALSE	live_primary_id	1
GO:0000725	GO_BP:recombinational repair	GO:0000725	recombinational repair	biological_process	FALSE	FALSE	live_primary_id	1
GO:0000738	GO_BP:obsolete DNA catabolic process, exonucleolytic	GO:0000738	obsolete DNA catabolic process, exonucleolytic	biological_process	TRUE	TRUE	obsolete_by_ontology	1
GO:0000781	GO_CC:chromosome, telomeric region	GO:0000781	chromosome, telomeric region	cellular_component	FALSE	FALSE	live_primary_id	1
GO:0000785	GO_CC:chromatin	GO:0000785	chromatin	cellular_component	FALSE	FALSE	live_primary_id	3
GO:0000791	GO_CC:euchromatin	GO:0000791	euchromatin	cellular_component	FALSE	FALSE	live_primary_id	1
GO:0000902	GO_BP:cell morphogenesis	GO:0000902	cell morphogenesis	biological_process	FALSE	FALSE	live_primary_id	18
GO:0000904	GO_BP:obsolete cell morphogenesis involved in differentiation	GO:0000904	obsolete cell morphogenesis involved in differentiation	biological_process	TRUE	TRUE	obsolete_by_ontology	10
GO:0000910	GO_BP:cytokinesis	GO:0000910	cytokinesis	biological_process	FALSE	FALSE	live_primary_id	7
GO:0000911	GO_BP:cytokinesis by cell plate formation	GO:0000911	cytokinesis by cell plate formation	biological_process	FALSE	FALSE	live_primary_id	2
GO:0000922	GO_CC:spindle pole	GO:0000922	spindle pole	cellular_component	FALSE	FALSE	live_primary_id	1
GO:0000956	GO_BP:nuclear-transcribed mRNA catabolic process	GO:0000956	nuclear-transcribed mRNA catabolic process	biological_process	FALSE	FALSE	live_primary_id	1
GO:0000976	GO_MF:transcription cis-regulatory region binding	GO:0000976	transcription cis-regulatory region binding	molecular_function	FALSE	FALSE	live_primary_id	7
GO:0000977	GO_MF:RNA polymerase II transcription regulatory region sequence-specific DNA binding	GO:0000977	RNA polymerase II transcription regulatory region sequence-specific DNA binding	molecular_function	FALSE	FALSE	live_primary_id	5
GO:0000978	GO_MF:RNA polymerase II cis-regulatory region sequence-specific DNA binding	GO:0000978	RNA polymerase II cis-regulatory region sequence-specific DNA binding	molecular_function	FALSE	FALSE	live_primary_id	1
GO:0000981	GO_MF:DNA-binding transcription factor activity, RNA polymerase II-specific	GO:0000981	DNA-binding transcription factor activity, RNA polymerase II-specific	molecular_function	FALSE	FALSE	live_primary_id	17
GO:0000987	GO_MF:cis-regulatory region sequence-specific DNA binding	GO:0000987	cis-regulatory region sequence-specific DNA binding	molecular_function	FALSE	FALSE	live_primary_id	2
GO:0000988	GO_MF:obsolete transcription factor activity, protein binding	GO:0000988	obsolete transcription factor activity, protein binding	molecular_function	TRUE	TRUE	obsolete_by_ontology	13
GO:0000989	GO_MF:obsolete transcription factor activity, transcription factor binding	GO:0000989	obsolete transcription factor activity, transcription factor binding	molecular_function	TRUE	TRUE	obsolete_by_ontology	13
GO:0001046	GO_MF:core promoter sequence-specific DNA binding	GO:0001046	core promoter sequence-specific DNA binding	molecular_function	FALSE	FALSE	live_primary_id	1
GO:0001067	GO_MF:transcription regulatory region nucleic acid binding	GO:0001067	transcription regulatory region nucleic acid binding	molecular_function	FALSE	FALSE	live_primary_id	24
GO:0001076	GO_MF:obsolete transcription factor activity, RNA polymerase II transcription factor binding	GO:0001076	obsolete transcription factor activity, RNA polymerase II transcription factor binding	molecular_function	TRUE	TRUE	obsolete_by_ontology	12
GO:0001101	GO_BP:response to acid chemical	GO:0001101	response to acid chemical	biological_process	FALSE	FALSE	live_primary_id	80
GO:0001134	GO_MF:obsolete transcription regulator recruiting activity	GO:0001134	obsolete transcription regulator recruiting activity	molecular_function	TRUE	TRUE	obsolete_by_ontology	12
GO:0001135	GO_MF:obsolete RNA polymerase II transcription regulator recruiting activity	GO:0001135	obsolete RNA polymerase II transcription regulator recruiting activity	molecular_function	TRUE	TRUE	obsolete_by_ontology	12
GO:0001228	GO_MF:DNA-binding transcription activator activity, RNA polymerase II-specific	GO:0001228	DNA-binding transcription activator activity, RNA polymerase II-specific	molecular_function	FALSE	FALSE	live_primary_id	5
GO:0001501	GO_BP:skeletal system development	GO:0001501	skeletal system development	biological_process	FALSE	FALSE	live_primary_id	1
GO:0001504	GO_BP:neurotransmitter uptake	GO:0001504	neurotransmitter uptake	biological_process	FALSE	FALSE	live_primary_id	1
GO:0001505	GO_BP:obsolete regulation of neurotransmitter levels	GO:0001505	obsolete regulation of neurotransmitter levels	biological_process	TRUE	TRUE	obsolete_by_ontology	4
GO:0001510	GO_BP:RNA methylation	GO:0001510	RNA methylation	biological_process	FALSE	FALSE	live_primary_id	1
GO:0001523	GO_BP:retinoid metabolic process	GO:0001523	retinoid metabolic process	biological_process	FALSE	FALSE	live_primary_id	1
GO:0001558	GO_BP:regulation of cell growth	GO:0001558	regulation of cell growth	biological_process	FALSE	FALSE	live_primary_id	6
GO:0001568	GO_BP:blood vessel development	GO:0001568	blood vessel development	biological_process	FALSE	FALSE	live_primary_id	1
GO:0001653	GO_MF:peptide receptor activity	GO:0001653	peptide receptor activity	molecular_function	FALSE	FALSE	live_primary_id	1
GO:0001654	GO_BP:eye development	GO:0001654	eye development	biological_process	FALSE	FALSE	live_primary_id	1
GO:0001655	GO_BP:urogenital system development	GO:0001655	urogenital system development	biological_process	FALSE	FALSE	live_primary_id	1
GO:0001666	GO_BP:response to hypoxia	GO:0001666	response to hypoxia	biological_process	FALSE	FALSE	live_primary_id	5
GO:0001676	GO_BP:long-chain fatty acid metabolic process	GO:0001676	long-chain fatty acid metabolic process	biological_process	FALSE	FALSE	live_primary_id	5
GO:0001678	GO_BP:intracellular glucose homeostasis	GO:0001678	intracellular glucose homeostasis	biological_process	FALSE	FALSE	live_primary_id	1
GO:0001708	GO_BP:cell fate specification	GO:0001708	cell fate specification	biological_process	FALSE	FALSE	live_primary_id	3
GO:0001736	GO_BP:establishment of planar polarity	GO:0001736	establishment of planar polarity	biological_process	FALSE	FALSE	live_primary_id	1
GO:0001738	GO_BP:morphogenesis of a polarized epithelium	GO:0001738	morphogenesis of a polarized epithelium	biological_process	FALSE	FALSE	live_primary_id	1
GO:0001756	GO_BP:somitogenesis	GO:0001756	somitogenesis	biological_process	FALSE	FALSE	live_primary_id	2
GO:0001758	GO_MF:retinal dehydrogenase activity	GO:0001758	retinal dehydrogenase (NAD+) activity	molecular_function	FALSE	FALSE	live_primary_id	1
GO:0001822	GO_BP:kidney development	GO:0001822	kidney development	biological_process	FALSE	FALSE	live_primary_id	1
GO:0001871	GO_MF:obsolete pattern binding	GO:0001871	obsolete pattern binding	molecular_function	TRUE	TRUE	obsolete_by_ontology	5
GO:0001882	GO_MF:nucleoside binding	GO:0001882	nucleoside binding	molecular_function	FALSE	FALSE	live_primary_id	1
GO:0001883	GO_MF:purine nucleoside binding	GO:0001883	purine nucleoside binding	molecular_function	FALSE	FALSE	live_primary_id	1
GO:0001889	GO_BP:liver development	GO:0001889	liver development	biological_process	FALSE	FALSE	live_primary_id	1
GO:0001932	GO_BP:regulation of protein phosphorylation	GO:0001932	regulation of protein phosphorylation	biological_process	FALSE	FALSE	live_primary_id	1
GO:0001934	GO_BP:positive regulation of protein phosphorylation	GO:0001934	positive regulation of protein phosphorylation	biological_process	FALSE	FALSE	live_primary_id	1
GO:0001936	GO_BP:regulation of endothelial cell proliferation	GO:0001936	regulation of endothelial cell proliferation	biological_process	FALSE	FALSE	live_primary_id	1
GO:0001944	GO_BP:vasculature development	GO:0001944	vasculature development	biological_process	FALSE	FALSE	live_primary_id	1
GO:0001947	GO_BP:heart looping	GO:0001947	heart looping	biological_process	FALSE	FALSE	live_primary_id	2
GO:0002009	GO_BP:morphogenesis of an epithelium	GO:0002009	morphogenesis of an epithelium	biological_process	FALSE	FALSE	live_primary_id	3
GO:0002020	GO_MF:protease binding	GO:0002020	protease binding	molecular_function	FALSE	FALSE	live_primary_id	2
GO:0002072	GO_BP:optic cup morphogenesis involved in camera-type eye development	GO:0002072	optic cup morphogenesis involved in camera-type eye development	biological_process	FALSE	FALSE	live_primary_id	1
GO:0002084	GO_BP:protein depalmitoylation	GO:0002084	protein depalmitoylation	biological_process	FALSE	FALSE	live_primary_id	1
GO:0002138	GO_BP:retinoic acid biosynthetic process	GO:0002138	retinoic acid biosynthetic process	biological_process	FALSE	FALSE	live_primary_id	1
GO:0002181	GO_BP:cytoplasmic translation	GO:0002181	cytoplasmic translation	biological_process	FALSE	FALSE	live_primary_id	2
GO:0002215	GO_BP:defense response to nematode	GO:0002215	defense response to nematode	biological_process	FALSE	FALSE	live_primary_id	1
GO:0002218	GO_BP:activation of innate immune response	GO:0002218	activation of innate immune response	biological_process	FALSE	FALSE	live_primary_id	6
GO:0002230	GO_BP:positive regulation of defense response to virus by host	GO:0002230	positive regulation of defense response to virus by host	biological_process	FALSE	FALSE	live_primary_id	1
GO:0002237	GO_BP:response to molecule of bacterial origin	GO:0002237	response to molecule of bacterial origin	biological_process	FALSE	FALSE	live_primary_id	3
GO:0002239	GO_BP:response to oomycetes	GO:0002239	response to oomycetes	biological_process	FALSE	FALSE	live_primary_id	4
GO:0002252	GO_BP:immune effector process	GO:0002252	immune effector process	biological_process	FALSE	FALSE	live_primary_id	8
GO:0002253	GO_BP:activation of immune response	GO:0002253	activation of immune response	biological_process	FALSE	FALSE	live_primary_id	6
GO:0002376	GO_BP:immune system process	GO:0002376	immune system process	biological_process	FALSE	FALSE	live_primary_id	25
GO:0002532	GO_BP:production of molecular mediator involved in inflammatory response	GO:0002532	production of molecular mediator involved in inflammatory response	biological_process	FALSE	FALSE	live_primary_id	1
GO:0002538	GO_BP:arachidonic acid metabolite production involved in inflammatory response	GO:0002538	arachidonate metabolite production involved in inflammatory response	biological_process	FALSE	FALSE	live_primary_id	1
GO:0002539	GO_BP:prostaglandin production involved in inflammatory response	GO:0002539	prostaglandin production involved in inflammatory response	biological_process	FALSE	FALSE	live_primary_id	1
GO:0002682	GO_BP:regulation of immune system process	GO:0002682	regulation of immune system process	biological_process	FALSE	FALSE	live_primary_id	11
GO:0002683	GO_BP:negative regulation of immune system process	GO:0002683	negative regulation of immune system process	biological_process	FALSE	FALSE	live_primary_id	1
GO:0002684	GO_BP:positive regulation of immune system process	GO:0002684	positive regulation of immune system process	biological_process	FALSE	FALSE	live_primary_id	7
GO:0002697	GO_BP:regulation of immune effector process	GO:0002697	regulation of immune effector process	biological_process	FALSE	FALSE	live_primary_id	1
GO:0002764	GO_BP:immune response-regulating signaling pathway	GO:0002764	immune response-regulating signaling pathway	biological_process	FALSE	FALSE	live_primary_id	1
GO:0002791	GO_BP:regulation of peptide secretion	GO:0002791	regulation of peptide secretion	biological_process	FALSE	FALSE	live_primary_id	1
GO:0002792	GO_BP:negative regulation of peptide secretion	GO:0002792	negative regulation of peptide secretion	biological_process	FALSE	FALSE	live_primary_id	1
GO:0002831	GO_BP:regulation of response to biotic stimulus	GO:0002831	regulation of response to biotic stimulus	biological_process	FALSE	FALSE	live_primary_id	2
GO:0002833	GO_BP:positive regulation of response to biotic stimulus	GO:0002833	positive regulation of response to biotic stimulus	biological_process	FALSE	FALSE	live_primary_id	1
GO:0003002	GO_BP:regionalization	GO:0003002	regionalization	biological_process	FALSE	FALSE	live_primary_id	7
GO:0003006	GO_BP:developmental process involved in reproduction	GO:0003006	developmental process involved in reproduction	biological_process	FALSE	FALSE	live_primary_id	60
GO:0003007	GO_BP:heart morphogenesis	GO:0003007	heart morphogenesis	biological_process	FALSE	FALSE	live_primary_id	2
GO:0003008	GO_BP:system process	GO:0003008	system process	biological_process	FALSE	FALSE	live_primary_id	4
GO:0003013	GO_BP:circulatory system process	GO:0003013	circulatory system process	biological_process	FALSE	FALSE	live_primary_id	2
GO:0003018	GO_BP:vascular process in circulatory system	GO:0003018	vascular process in circulatory system	biological_process	FALSE	FALSE	live_primary_id	1
GO:0003143	GO_BP:embryonic heart tube morphogenesis	GO:0003143	embryonic heart tube morphogenesis	biological_process	FALSE	FALSE	live_primary_id	2
GO:0003228	GO_BP:atrial cardiac muscle tissue development	GO:0003228	atrial cardiac muscle tissue development	biological_process	FALSE	FALSE	live_primary_id	1
GO:0003333	GO_BP:amino acid transmembrane transport	GO:0003333	amino acid transmembrane transport	biological_process	FALSE	FALSE	live_primary_id	11
GO:0003674	GO_MF:molecular_function	GO:0003674	molecular_function	molecular_function	FALSE	FALSE	live_primary_id	519
GO:0003676	GO_MF:nucleic acid binding	GO:0003676	nucleic acid binding	molecular_function	FALSE	FALSE	live_primary_id	64
GO:0003677	GO_MF:DNA binding	GO:0003677	DNA binding	molecular_function	FALSE	FALSE	live_primary_id	48
GO:0003680	GO_MF:minor groove of adenine-thymine-rich DNA binding	GO:0003680	minor groove of adenine-thymine-rich DNA binding	molecular_function	FALSE	FALSE	live_primary_id	1
GO:0003682	GO_MF:chromatin binding	GO:0003682	chromatin binding	molecular_function	FALSE	FALSE	live_primary_id	7
GO:0003690	GO_MF:double-stranded DNA binding	GO:0003690	double-stranded DNA binding	molecular_function	FALSE	FALSE	live_primary_id	8
GO:0003697	GO_MF:single-stranded DNA binding	GO:0003697	single-stranded DNA binding	molecular_function	FALSE	FALSE	live_primary_id	1
GO:0003700	GO_MF:DNA-binding transcription factor activity	GO:0003700	DNA-binding transcription factor activity	molecular_function	FALSE	FALSE	live_primary_id	65
GO:0003712	GO_MF:transcription coregulator activity	GO:0003712	transcription coregulator activity	molecular_function	FALSE	FALSE	live_primary_id	3
GO:0003713	GO_MF:transcription coactivator activity	GO:0003713	transcription coactivator activity	molecular_function	FALSE	FALSE	live_primary_id	1
GO:0003714	GO_MF:transcription corepressor activity	GO:0003714	transcription corepressor activity	molecular_function	FALSE	FALSE	live_primary_id	1
GO:0003723	GO_MF:RNA binding	GO:0003723	RNA binding	molecular_function	FALSE	FALSE	live_primary_id	18
GO:0003725	GO_MF:double-stranded RNA binding	GO:0003725	double-stranded RNA binding	molecular_function	FALSE	FALSE	live_primary_id	1
GO:0003727	GO_MF:single-stranded RNA binding	GO:0003727	single-stranded RNA binding	molecular_function	FALSE	FALSE	live_primary_id	4
GO:0003729	GO_MF:mRNA binding	GO:0003729	mRNA binding	molecular_function	FALSE	FALSE	live_primary_id	6
GO:0003730	GO_MF:mRNA 3-UTR binding	GO:0003730	mRNA 3'-UTR binding	molecular_function	FALSE	FALSE	live_primary_id	1
GO:0003735	GO_MF:structural constituent of ribosome	GO:0003735	structural constituent of ribosome	molecular_function	FALSE	FALSE	live_primary_id	5
GO:0003747	GO_MF:translation release factor activity	GO:0003747	translation release factor activity	molecular_function	FALSE	FALSE	live_primary_id	1
GO:0003755	GO_MF:peptidyl-prolyl cis-trans isomerase activity	GO:0003755	peptidyl-prolyl cis-trans isomerase activity	molecular_function	FALSE	FALSE	live_primary_id	2
GO:0003774	GO_MF:cytoskeletal motor activity	GO:0003774	cytoskeletal motor activity	molecular_function	FALSE	FALSE	live_primary_id	2
GO:0003777	GO_MF:microtubule motor activity	GO:0003777	microtubule motor activity	molecular_function	FALSE	FALSE	live_primary_id	2
GO:0003779	GO_MF:actin binding	GO:0003779	actin binding	molecular_function	FALSE	FALSE	live_primary_id	2
GO:0003785	GO_MF:actin monomer binding	GO:0003785	actin monomer binding	molecular_function	FALSE	FALSE	live_primary_id	1
GO:0003824	GO_MF:catalytic activity	GO:0003824	catalytic activity	molecular_function	FALSE	FALSE	live_primary_id	297
GO:0003838	GO_MF:sterol 24-C-methyltransferase activity	GO:0003838	sterol 24-C-methyltransferase activity	molecular_function	FALSE	FALSE	live_primary_id	1
GO:0003924	GO_MF:GTPase activity	GO:0003924	GTPase activity	molecular_function	FALSE	FALSE	live_primary_id	1
GO:0003933	GO_MF:GTP cyclohydrolase activity	GO:0003933	GTP cyclohydrolase activity	molecular_function	FALSE	FALSE	live_primary_id	1
GO:0003935	GO_MF:GTP cyclohydrolase II activity	GO:0003935	GTP cyclohydrolase II activity	molecular_function	FALSE	FALSE	live_primary_id	1
GO:0003954	GO_MF:NADH dehydrogenase activity	GO:0003954	NADH dehydrogenase activity	molecular_function	FALSE	FALSE	live_primary_id	1
GO:0003959	GO_MF:NADPH dehydrogenase activity	GO:0003959	NADPH dehydrogenase activity	molecular_function	FALSE	FALSE	live_primary_id	1
GO:0003973	GO_MF:(S)-2-hydroxy-acid oxidase activity	GO:0003973	(S)-2-hydroxy-acid oxidase activity	molecular_function	FALSE	FALSE	live_primary_id	2
GO:0003993	GO_MF:acid phosphatase activity	GO:0003993	acid phosphatase activity	molecular_function	FALSE	FALSE	live_primary_id	3
GO:0004021	GO_MF:L-alanine:2-oxoglutarate aminotransferase activity	GO:0004021	L-alanine:2-oxoglutarate transaminase activity	molecular_function	FALSE	FALSE	live_primary_id	1
GO:0004022	GO_MF:alcohol dehydrogenase (NAD+) activity	GO:0004022	alcohol dehydrogenase (NAD+) activity	molecular_function	FALSE	FALSE	live_primary_id	1
GO:0004028	GO_MF:3-chloroallyl aldehyde dehydrogenase activity	GO:0004028	3-chloroallyl aldehyde dehydrogenase activity	molecular_function	FALSE	FALSE	live_primary_id	2
GO:0004029	GO_MF:aldehyde dehydrogenase (NAD+) activity	GO:0004029	aldehyde dehydrogenase (NAD+) activity	molecular_function	FALSE	FALSE	live_primary_id	3
GO:0004030	GO_MF:aldehyde dehydrogenase [NAD(P)+] activity	GO:0004030	aldehyde dehydrogenase [NAD(P)+] activity	molecular_function	FALSE	FALSE	live_primary_id	1
GO:0004033	GO_MF:aldo-keto reductase (NADPH) activity	GO:0004033	obsolete aldo-keto reductase (NADPH) activity	molecular_function	TRUE	FALSE	obsolete_by_ontology	3
GO:0004040	GO_MF:amidase activity	GO:0004040	amidase activity	molecular_function	FALSE	FALSE	live_primary_id	1
GO:0004066	GO_MF:asparagine synthase (glutamine-hydrolyzing) activity	GO:0004066	asparagine synthase (glutamine-hydrolyzing) activity	molecular_function	FALSE	FALSE	live_primary_id	1
GO:0004106	GO_MF:chorismate mutase activity	GO:0004106	chorismate mutase activity	molecular_function	FALSE	FALSE	live_primary_id	1
GO:0004130	GO_MF:cytochrome-c peroxidase activity	GO:0004130	cytochrome-c peroxidase activity	molecular_function	FALSE	FALSE	live_primary_id	2
GO:0004144	GO_MF:diacylglycerol O-acyltransferase activity	GO:0004144	diacylglycerol O-acyltransferase activity	molecular_function	FALSE	FALSE	live_primary_id	2
GO:0004175	GO_MF:endopeptidase activity	GO:0004175	endopeptidase activity	molecular_function	FALSE	FALSE	live_primary_id	10
GO:0004180	GO_MF:carboxypeptidase activity	GO:0004180	carboxypeptidase activity	molecular_function	FALSE	FALSE	live_primary_id	1
GO:0004185	GO_MF:serine-type carboxypeptidase activity	GO:0004185	serine-type carboxypeptidase activity	molecular_function	FALSE	FALSE	live_primary_id	1
GO:0004190	GO_MF:aspartic-type endopeptidase activity	GO:0004190	aspartic-type endopeptidase activity	molecular_function	FALSE	FALSE	live_primary_id	3
GO:0004197	GO_MF:cysteine-type endopeptidase activity	GO:0004197	cysteine-type endopeptidase activity	molecular_function	FALSE	FALSE	live_primary_id	4
GO:0004252	GO_MF:serine-type endopeptidase activity	GO:0004252	serine-type endopeptidase activity	molecular_function	FALSE	FALSE	live_primary_id	3
GO:0004301	GO_MF:epoxide hydrolase activity	GO:0004301	epoxide hydrolase activity	molecular_function	FALSE	FALSE	live_primary_id	2
GO:0004310	GO_MF:farnesyl-diphosphate farnesyltransferase activity	GO:0004310	obsolete farnesyl-diphosphate farnesyltransferase activity	molecular_function	TRUE	FALSE	obsolete_by_ontology	1
GO:0004311	GO_MF:farnesyltranstransferase activity	GO:0004311	geranylgeranyl diphosphate synthase activity	molecular_function	FALSE	FALSE	live_primary_id	1
GO:0004329	GO_MF:formate-tetrahydrofolate ligase activity	GO:0004329	formate-tetrahydrofolate ligase activity	molecular_function	FALSE	FALSE	live_primary_id	1
GO:0004334	GO_MF:fumarylacetoacetase activity	GO:0004334	fumarylacetoacetase activity	molecular_function	FALSE	FALSE	live_primary_id	1
GO:0004345	GO_MF:glucose-6-phosphate dehydrogenase activity	GO:0004345	glucose-6-phosphate dehydrogenase activity	molecular_function	FALSE	FALSE	live_primary_id	1
GO:0004353	GO_MF:glutamate dehydrogenase [NAD(P)+] activity	GO:0004353	L-glutamate dehydrogenase [NAD(P)+] activity	molecular_function	FALSE	FALSE	live_primary_id	1
GO:0004356	GO_MF:glutamine synthetase activity	GO:0004356	glutamine synthetase activity	molecular_function	FALSE	FALSE	live_primary_id	1
GO:0004364	GO_MF:glutathione transferase activity	GO:0004364	glutathione transferase activity	molecular_function	FALSE	FALSE	live_primary_id	10
GO:0004392	GO_MF:heme oxygenase (decyclizing) activity	GO:0004392	heme oxygenase (decyclizing) activity	molecular_function	FALSE	FALSE	live_primary_id	1
GO:0004396	GO_MF:hexokinase activity	GO:0004396	hexokinase activity	molecular_function	FALSE	FALSE	live_primary_id	1
GO:0004411	GO_MF:homogentisate 1,2-dioxygenase activity	GO:0004411	homogentisate 1,2-dioxygenase activity	molecular_function	FALSE	FALSE	live_primary_id	1
GO:0004420	GO_MF:hydroxymethylglutaryl-CoA reductase (NADPH) activity	GO:0004420	hydroxymethylglutaryl-CoA reductase (NADPH) activity	molecular_function	FALSE	FALSE	live_primary_id	2
GO:0004451	GO_MF:isocitrate lyase activity	GO:0004451	isocitrate lyase activity	molecular_function	FALSE	FALSE	live_primary_id	1
GO:0004467	GO_MF:long-chain fatty acid-CoA ligase activity	GO:0004467	long-chain fatty acid-CoA ligase activity	molecular_function	FALSE	FALSE	live_primary_id	2
GO:0004470	GO_MF:malic enzyme activity	GO:0004470	malic enzyme activity	molecular_function	FALSE	FALSE	live_primary_id	1
GO:0004473	GO_MF:malate dehydrogenase (decarboxylating) (NADP+) activity	GO:0004473	malate dehydrogenase (decarboxylating) (NADP+) activity	molecular_function	FALSE	FALSE	live_primary_id	1
GO:0004475	GO_MF:mannose-1-phosphate guanylyltransferase (GTP) activity	GO:0004475	mannose-1-phosphate guanylyltransferase (GTP) activity	molecular_function	FALSE	FALSE	live_primary_id	1
GO:0004477	GO_MF:methenyltetrahydrofolate cyclohydrolase activity	GO:0004477	methenyltetrahydrofolate cyclohydrolase activity	molecular_function	FALSE	FALSE	live_primary_id	1
GO:0004478	GO_MF:methionine adenosyltransferase activity	GO:0004478	methionine adenosyltransferase activity	molecular_function	FALSE	FALSE	live_primary_id	1
GO:0004488	GO_MF:methylenetetrahydrofolate dehydrogenase (NADP+) activity	GO:0004488	methylenetetrahydrofolate dehydrogenase (NADP+) activity	molecular_function	FALSE	FALSE	live_primary_id	1
GO:0004497	GO_MF:monooxygenase activity	GO:0004497	monooxygenase activity	molecular_function	FALSE	FALSE	live_primary_id	20
GO:0004512	GO_MF:inositol-3-phosphate synthase activity	GO:0004512	inositol-3-phosphate synthase activity	molecular_function	FALSE	FALSE	live_primary_id	1
GO:0004518	GO_MF:nuclease activity	GO:0004518	nuclease activity	molecular_function	FALSE	FALSE	live_primary_id	4
GO:0004519	GO_MF:endonuclease activity	GO:0004519	endonuclease activity	molecular_function	FALSE	FALSE	live_primary_id	3
GO:0004520	GO_MF:DNA endonuclease activity	GO:0004520	DNA endonuclease activity	molecular_function	FALSE	FALSE	live_primary_id	1
GO:0004521	GO_MF:RNA endonuclease activity	GO:0004521	RNA endonuclease activity	molecular_function	FALSE	FALSE	live_primary_id	3
GO:0004525	GO_MF:ribonuclease III activity	GO:0004525	ribonuclease III activity	molecular_function	FALSE	FALSE	live_primary_id	2
GO:0004527	GO_MF:exonuclease activity	GO:0004527	exonuclease activity	molecular_function	FALSE	FALSE	live_primary_id	1
GO:0004536	GO_MF:DNA nuclease activity	GO:0004536	DNA nuclease activity	molecular_function	FALSE	FALSE	live_primary_id	1
GO:0004540	GO_MF:RNA nuclease activity	GO:0004540	RNA nuclease activity	molecular_function	FALSE	FALSE	live_primary_id	3
GO:0004553	GO_MF:hydrolase activity, hydrolyzing O-glycosyl compounds	GO:0004553	hydrolase activity, hydrolyzing O-glycosyl compounds	molecular_function	FALSE	FALSE	live_primary_id	12
GO:0004557	GO_MF:alpha-galactosidase activity	GO:0004557	alpha-galactosidase activity	molecular_function	FALSE	FALSE	live_primary_id	1
GO:0004559	GO_MF:alpha-mannosidase activity	GO:0004559	alpha-mannosidase activity	molecular_function	FALSE	FALSE	live_primary_id	1
GO:0004565	GO_MF:beta-galactosidase activity	GO:0004565	beta-galactosidase activity	molecular_function	FALSE	FALSE	live_primary_id	2
GO:0004567	GO_MF:beta-mannosidase activity	GO:0004567	beta-mannosidase activity	molecular_function	FALSE	FALSE	live_primary_id	2
GO:0004576	GO_MF:oligosaccharyl transferase activity	GO:0004576	oligosaccharyl transferase activity	molecular_function	FALSE	FALSE	live_primary_id	1
GO:0004579	GO_MF:dolichyl-diphosphooligosaccharide-protein glycotransferase activity	GO:0004579	dolichyl-diphosphooligosaccharide-protein glycotransferase activity	molecular_function	FALSE	FALSE	live_primary_id	1
GO:0004601	GO_MF:peroxidase activity	GO:0004601	peroxidase activity	molecular_function	FALSE	FALSE	live_primary_id	9
GO:0004602	GO_MF:glutathione peroxidase activity	GO:0004602	glutathione peroxidase activity	molecular_function	FALSE	FALSE	live_primary_id	2
GO:0004611	GO_MF:phosphoenolpyruvate carboxykinase activity	GO:0004611	phosphoenolpyruvate carboxykinase activity	molecular_function	FALSE	FALSE	live_primary_id	2
GO:0004615	GO_MF:phosphomannomutase activity	GO:0004615	phosphomannomutase activity	molecular_function	FALSE	FALSE	live_primary_id	1
GO:0004620	GO_MF:phospholipase activity	GO:0004620	glycerophospholipase activity	molecular_function	FALSE	FALSE	live_primary_id	1
GO:0004630	GO_MF:phospholipase D activity	GO:0004630	D-type glycerophospholipase activity	molecular_function	FALSE	FALSE	live_primary_id	1
GO:0004645	GO_MF:1,4-alpha-oligoglucan phosphorylase activity	GO:0004645	1,4-alpha-oligoglucan phosphorylase activity	molecular_function	FALSE	FALSE	live_primary_id	1
GO:0004650	GO_MF:polygalacturonase activity	GO:0004650	polygalacturonase activity	molecular_function	FALSE	FALSE	live_primary_id	1
GO:0004659	GO_MF:prenyltransferase activity	GO:0004659	prenyltransferase activity	molecular_function	FALSE	FALSE	live_primary_id	1
GO:0004672	GO_MF:protein kinase activity	GO:0004672	protein kinase activity	molecular_function	FALSE	FALSE	live_primary_id	43
GO:0004674	GO_MF:protein serine/threonine kinase activity	GO:0004674	protein serine/threonine kinase activity	molecular_function	FALSE	FALSE	live_primary_id	36
GO:0004675	GO_MF:transmembrane receptor protein serine/threonine kinase activity	GO:0004675	transmembrane receptor protein serine/threonine kinase activity	molecular_function	FALSE	FALSE	live_primary_id	14
GO:0004683	GO_MF:calmodulin-dependent protein kinase activity	GO:0004683	calcium/calmodulin-dependent protein kinase activity	molecular_function	FALSE	FALSE	live_primary_id	1
GO:0004712	GO_MF:protein serine/threonine/tyrosine kinase activity	GO:0004712	protein serine/threonine/tyrosine kinase activity	molecular_function	FALSE	FALSE	live_primary_id	1
GO:0004721	GO_MF:phosphoprotein phosphatase activity	GO:0004721	phosphoprotein phosphatase activity	molecular_function	FALSE	FALSE	live_primary_id	2
GO:0004722	GO_MF:protein serine/threonine phosphatase activity	GO:0004722	protein serine/threonine phosphatase activity	molecular_function	FALSE	FALSE	live_primary_id	1
GO:0004725	GO_MF:protein tyrosine phosphatase activity	GO:0004725	protein tyrosine phosphatase activity	molecular_function	FALSE	FALSE	live_primary_id	1
GO:0004743	GO_MF:pyruvate kinase activity	GO:0004743	pyruvate kinase activity	molecular_function	FALSE	FALSE	live_primary_id	2
GO:0004745	GO_MF:all-trans-retinol dehydrogenase (NAD+) activity	GO:0004745	all-trans-retinol dehydrogenase (NAD+) activity	molecular_function	FALSE	FALSE	live_primary_id	1
GO:0004777	GO_MF:succinate-semialdehyde dehydrogenase (NAD+) activity	GO:0004777	succinate-semialdehyde dehydrogenase (NAD+) activity	molecular_function	FALSE	FALSE	live_primary_id	1
GO:0004791	GO_MF:thioredoxin-disulfide reductase (NADPH) activity	GO:0004791	thioredoxin-disulfide reductase (NADPH) activity	molecular_function	FALSE	FALSE	live_primary_id	5
GO:0004805	GO_MF:trehalose-phosphatase activity	GO:0004805	trehalose-phosphatase activity	molecular_function	FALSE	FALSE	live_primary_id	1
GO:0004812	GO_MF:aminoacyl-tRNA ligase activity	GO:0004812	aminoacyl-tRNA ligase activity	molecular_function	FALSE	FALSE	live_primary_id	1
GO:0004817	GO_MF:cysteine-tRNA ligase activity	GO:0004817	cysteine-tRNA ligase activity	molecular_function	FALSE	FALSE	live_primary_id	1
GO:0004838	GO_MF:L-tyrosine:2-oxoglutarate aminotransferase activity	GO:0004838	L-tyrosine:2-oxoglutarate transaminase activity	molecular_function	FALSE	FALSE	live_primary_id	2
GO:0004842	GO_MF:ubiquitin-protein transferase activity	GO:0004842	ubiquitin-protein transferase activity	molecular_function	FALSE	FALSE	live_primary_id	8
GO:0004843	GO_MF:cysteine-type deubiquitinase activity	GO:0004843	cysteine-type deubiquitinase activity	molecular_function	FALSE	FALSE	live_primary_id	1
GO:0004852	GO_MF:uroporphyrinogen-III synthase activity	GO:0004852	uroporphyrinogen-III synthase activity	molecular_function	FALSE	FALSE	live_primary_id	1
GO:0004857	GO_MF:enzyme inhibitor activity	GO:0004857	enzyme inhibitor activity	molecular_function	FALSE	FALSE	live_primary_id	15
GO:0004864	GO_MF:protein phosphatase inhibitor activity	GO:0004864	protein phosphatase inhibitor activity	molecular_function	FALSE	FALSE	live_primary_id	1
GO:0004866	GO_MF:endopeptidase inhibitor activity	GO:0004866	endopeptidase inhibitor activity	molecular_function	FALSE	FALSE	live_primary_id	2
GO:0004869	GO_MF:cysteine-type endopeptidase inhibitor activity	GO:0004869	cysteine-type endopeptidase inhibitor activity	molecular_function	FALSE	FALSE	live_primary_id	2
GO:0004888	GO_MF:transmembrane signaling receptor activity	GO:0004888	transmembrane signaling receptor activity	molecular_function	FALSE	FALSE	live_primary_id	18
GO:0005085	GO_MF:guanyl-nucleotide exchange factor activity	GO:0005085	guanyl-nucleotide exchange factor activity	molecular_function	FALSE	FALSE	live_primary_id	1
GO:0005096	GO_MF:GTPase activator activity	GO:0005096	GTPase activator activity	molecular_function	FALSE	FALSE	live_primary_id	1
GO:0005102	GO_MF:signaling receptor binding	GO:0005102	signaling receptor binding	molecular_function	FALSE	FALSE	live_primary_id	5
GO:0005198	GO_MF:structural molecule activity	GO:0005198	structural molecule activity	molecular_function	FALSE	FALSE	live_primary_id	8
GO:0005199	GO_MF:structural constituent of cell wall	GO:0005199	structural constituent of cell wall	molecular_function	FALSE	FALSE	live_primary_id	1
GO:0005200	GO_MF:structural constituent of cytoskeleton	GO:0005200	structural constituent of cytoskeleton	molecular_function	FALSE	FALSE	live_primary_id	1
GO:0005215	GO_MF:transporter activity	GO:0005215	transporter activity	molecular_function	FALSE	FALSE	live_primary_id	93
GO:0005216	GO_MF:monoatomic ion channel activity	GO:0005216	monoatomic ion channel activity	molecular_function	FALSE	FALSE	live_primary_id	5
GO:0005217	GO_MF:intracellularly ligand-gated monoatomic ion channel activity	GO:0005217	intracellularly ligand-gated monoatomic ion channel activity	molecular_function	FALSE	FALSE	live_primary_id	1
GO:0005221	GO_MF:intracellularly cyclic nucleotide-activated monoatomic cation channel activity	GO:0005221	intracellularly cyclic nucleotide-activated monoatomic cation channel activity	molecular_function	FALSE	FALSE	live_primary_id	1
GO:0005222	GO_MF:intracellularly cAMP-activated cation channel activity	GO:0005222	intracellularly cAMP-activated cation channel activity	molecular_function	FALSE	FALSE	live_primary_id	1
GO:0005242	GO_MF:inward rectifier potassium channel activity	GO:0005242	inward rectifier potassium channel activity	molecular_function	FALSE	FALSE	live_primary_id	1
GO:0005244	GO_MF:voltage-gated monoatomic ion channel activity	GO:0005244	voltage-gated monoatomic ion channel activity	molecular_function	FALSE	FALSE	live_primary_id	3
GO:0005247	GO_MF:voltage-gated chloride channel activity	GO:0005247	voltage-gated chloride channel activity	molecular_function	FALSE	FALSE	live_primary_id	1
GO:0005249	GO_MF:voltage-gated potassium channel activity	GO:0005249	voltage-gated potassium channel activity	molecular_function	FALSE	FALSE	live_primary_id	2
GO:0005253	GO_MF:monoatomic anion channel activity	GO:0005253	monoatomic anion channel activity	molecular_function	FALSE	FALSE	live_primary_id	1
GO:0005254	GO_MF:chloride channel activity	GO:0005254	chloride channel activity	molecular_function	FALSE	FALSE	live_primary_id	1
GO:0005261	GO_MF:monoatomic cation channel activity	GO:0005261	monoatomic cation channel activity	molecular_function	FALSE	FALSE	live_primary_id	4
GO:0005262	GO_MF:calcium channel activity	GO:0005262	calcium channel activity	molecular_function	FALSE	FALSE	live_primary_id	3
GO:0005267	GO_MF:potassium channel activity	GO:0005267	potassium channel activity	molecular_function	FALSE	FALSE	live_primary_id	2
GO:0005287	GO_MF:high-affinity basic amino acid transmembrane transporter activity	GO:0005287	high-affinity basic amino acid transmembrane transporter activity	molecular_function	FALSE	FALSE	live_primary_id	1
GO:0005289	GO_MF:high-affinity L-arginine transmembrane transporter activity	GO:0005289	high-affinity L-arginine transmembrane transporter activity	molecular_function	FALSE	FALSE	live_primary_id	1
GO:0005290	GO_MF:L-histidine transmembrane transporter activity	GO:0005290	L-histidine transmembrane transporter activity	molecular_function	FALSE	FALSE	live_primary_id	1
GO:0005292	GO_MF:high-affinity lysine transmembrane transporter activity	GO:0005292	high-affinity lysine transmembrane transporter activity	molecular_function	FALSE	FALSE	live_primary_id	1
GO:0005310	GO_MF:dicarboxylic acid transmembrane transporter activity	GO:0005310	dicarboxylic acid transmembrane transporter activity	molecular_function	FALSE	FALSE	live_primary_id	3
GO:0005313	GO_MF:L-glutamate transmembrane transporter activity	GO:0005313	L-glutamate transmembrane transporter activity	molecular_function	FALSE	FALSE	live_primary_id	2
GO:0005315	GO_MF:phosphate transmembrane transporter activity	GO:0005315	phosphate transmembrane transporter activity	molecular_function	FALSE	FALSE	live_primary_id	2
GO:0005326	GO_MF:neurotransmitter transmembrane transporter activity	GO:0005326	neurotransmitter transmembrane transporter activity	molecular_function	FALSE	FALSE	live_primary_id	3
GO:0005342	GO_MF:organic acid transmembrane transporter activity	GO:0005342	obsolete organic acid transmembrane transporter activity	molecular_function	TRUE	FALSE	obsolete_by_ontology	15
GO:0005345	GO_MF:purine nucleobase transmembrane transporter activity	GO:0005345	purine nucleobase transmembrane transporter activity	molecular_function	FALSE	FALSE	live_primary_id	1
GO:0005346	GO_MF:purine ribonucleotide transmembrane transporter activity	GO:0005346	purine ribonucleotide transmembrane transporter activity	molecular_function	FALSE	FALSE	live_primary_id	1
GO:0005347	GO_MF:ATP transmembrane transporter activity	GO:0005347	ATP transmembrane transporter activity	molecular_function	FALSE	FALSE	live_primary_id	1
GO:0005350	GO_MF:pyrimidine nucleobase transmembrane transporter activity	GO:0005350	pyrimidine nucleobase transmembrane transporter activity	molecular_function	FALSE	FALSE	live_primary_id	1
GO:0005351	GO_MF:carbohydrate:proton symporter activity	GO:0005351	carbohydrate:proton symporter activity	molecular_function	FALSE	FALSE	live_primary_id	6
GO:0005353	GO_MF:fructose transmembrane transporter activity	GO:0005353	fructose transmembrane transporter activity	molecular_function	FALSE	FALSE	live_primary_id	1
GO:0005354	GO_MF:galactose transmembrane transporter activity	GO:0005354	galactose transmembrane transporter activity	molecular_function	FALSE	FALSE	live_primary_id	1
GO:0005355	GO_MF:glucose transmembrane transporter activity	GO:0005355	obsolete glucose transmembrane transporter activity	molecular_function	TRUE	FALSE	obsolete_by_ontology	7
GO:0005356	GO_MF:glucose:proton symporter activity	GO:0005356	D-glucose:proton symporter activity	molecular_function	FALSE	FALSE	live_primary_id	1
GO:0005358	GO_MF:high-affinity glucose:proton symporter activity	GO:0005358	high-affinity D-glucose:proton symporter activity	molecular_function	FALSE	FALSE	live_primary_id	1
GO:0005365	GO_MF:myo-inositol transmembrane transporter activity	GO:0005365	myo-inositol transmembrane transporter activity	molecular_function	FALSE	FALSE	live_primary_id	1
GO:0005372	GO_MF:water transmembrane transporter activity	GO:0005372	water transmembrane transporter activity	molecular_function	FALSE	FALSE	live_primary_id	10
GO:0005375	GO_MF:copper ion transmembrane transporter activity	GO:0005375	copper ion transmembrane transporter activity	molecular_function	FALSE	FALSE	live_primary_id	1
GO:0005381	GO_MF:iron ion transmembrane transporter activity	GO:0005381	iron ion transmembrane transporter activity	molecular_function	FALSE	FALSE	live_primary_id	4
GO:0005384	GO_MF:manganese ion transmembrane transporter activity	GO:0005384	manganese ion transmembrane transporter activity	molecular_function	FALSE	FALSE	live_primary_id	2
GO:0005385	GO_MF:zinc ion transmembrane transporter activity	GO:0005385	zinc ion transmembrane transporter activity	molecular_function	FALSE	FALSE	live_primary_id	1
GO:0005388	GO_MF:P-type calcium transporter activity	GO:0005388	P-type calcium transporter activity	molecular_function	FALSE	FALSE	live_primary_id	1
GO:0005402	GO_MF:carbohydrate:monoatomic cation symporter activity	GO:0005402	carbohydrate:monoatomic cation symporter activity	molecular_function	FALSE	FALSE	live_primary_id	6
GO:0005471	GO_MF:ATP:ADP antiporter activity	GO:0005471	ATP:ADP antiporter activity	molecular_function	FALSE	FALSE	live_primary_id	1
GO:0005488	GO_MF:binding	GO:0005488	binding	molecular_function	FALSE	FALSE	live_primary_id	171
GO:0005497	GO_MF:androgen binding	GO:0005497	androgen binding	molecular_function	FALSE	FALSE	live_primary_id	1
GO:0005501	GO_MF:retinoid binding	GO:0005501	retinoid binding	molecular_function	FALSE	FALSE	live_primary_id	1
GO:0005506	GO_MF:iron ion binding	GO:0005506	iron ion binding	molecular_function	FALSE	FALSE	live_primary_id	4
GO:0005507	GO_MF:copper ion binding	GO:0005507	copper ion binding	molecular_function	FALSE	FALSE	live_primary_id	5
GO:0005509	GO_MF:calcium ion binding	GO:0005509	calcium ion binding	molecular_function	FALSE	FALSE	live_primary_id	3
GO:0005515	GO_MF:protein binding	GO:0005515	protein binding	molecular_function	FALSE	FALSE	live_primary_id	76
GO:0005516	GO_MF:calmodulin binding	GO:0005516	calmodulin binding	molecular_function	FALSE	FALSE	live_primary_id	9
GO:0005524	GO_MF:ATP binding	GO:0005524	ATP binding	molecular_function	FALSE	FALSE	live_primary_id	2
GO:0005525	GO_MF:GTP binding	GO:0005525	GTP binding	molecular_function	FALSE	FALSE	live_primary_id	1
GO:0005527	GO_MF:macrolide binding	GO:0005527	macrolide binding	molecular_function	FALSE	FALSE	live_primary_id	2
GO:0005528	GO_MF:FK506 binding	GO:0005528	FK506 binding	molecular_function	FALSE	FALSE	live_primary_id	2
GO:0005543	GO_MF:phospholipid binding	GO:0005543	phospholipid binding	molecular_function	FALSE	FALSE	live_primary_id	3
GO:0005546	GO_MF:phosphatidylinositol-4,5-bisphosphate binding	GO:0005546	phosphatidylinositol-4,5-bisphosphate binding	molecular_function	FALSE	FALSE	live_primary_id	1
GO:0005575	GO_CC:cellular_component	GO:0005575	cellular_component	cellular_component	FALSE	FALSE	live_primary_id	519
GO:0005576	GO_CC:extracellular region	GO:0005576	extracellular region	cellular_component	FALSE	FALSE	live_primary_id	48
GO:0005615	GO_CC:extracellular space	GO:0005615	obsolete extracellular space	cellular_component	TRUE	FALSE	obsolete_by_ontology	6
GO:0005618	GO_CC:cell wall	GO:0005618	cell wall	cellular_component	FALSE	FALSE	live_primary_id	38
GO:0005622	GO_CC:intracellular anatomical structure	GO:0005622	intracellular anatomical structure	cellular_component	FALSE	FALSE	live_primary_id	399
GO:0005623	GO_CC:obsolete cell	GO:0005623	obsolete cell	cellular_component	TRUE	TRUE	obsolete_by_ontology	491
GO:0005634	GO_CC:nucleus	GO:0005634	nucleus	cellular_component	FALSE	FALSE	live_primary_id	123
GO:0005654	GO_CC:nucleoplasm	GO:0005654	nucleoplasm	cellular_component	FALSE	FALSE	live_primary_id	7
GO:0005657	GO_CC:replication fork	GO:0005657	replication fork	cellular_component	FALSE	FALSE	live_primary_id	1
GO:0005662	GO_CC:DNA replication factor A complex	GO:0005662	DNA replication factor A complex	cellular_component	FALSE	FALSE	live_primary_id	1
GO:0005667	GO_CC:transcription regulator complex	GO:0005667	transcription regulator complex	cellular_component	FALSE	FALSE	live_primary_id	4
GO:0005694	GO_CC:chromosome	GO:0005694	chromosome	cellular_component	FALSE	FALSE	live_primary_id	3
GO:0005730	GO_CC:nucleolus	GO:0005730	nucleolus	cellular_component	FALSE	FALSE	live_primary_id	10
GO:0005737	GO_CC:cytoplasm	GO:0005737	cytoplasm	cellular_component	FALSE	FALSE	live_primary_id	321
GO:0005739	GO_CC:mitochondrion	GO:0005739	mitochondrion	cellular_component	FALSE	FALSE	live_primary_id	27
GO:0005740	GO_CC:mitochondrial envelope	GO:0005740	mitochondrial envelope	cellular_component	FALSE	FALSE	live_primary_id	5
GO:0005743	GO_CC:mitochondrial inner membrane	GO:0005743	mitochondrial inner membrane	cellular_component	FALSE	FALSE	live_primary_id	4
GO:0005744	GO_CC:TIM23 mitochondrial import inner membrane translocase complex	GO:0005744	TIM23 mitochondrial import inner membrane translocase complex	cellular_component	FALSE	FALSE	live_primary_id	1
GO:0005758	GO_CC:mitochondrial intermembrane space	GO:0005758	mitochondrial intermembrane space	cellular_component	FALSE	FALSE	live_primary_id	1
GO:0005759	GO_CC:mitochondrial matrix	GO:0005759	mitochondrial matrix	cellular_component	FALSE	FALSE	live_primary_id	3
GO:0005764	GO_CC:lysosome	GO:0005764	lysosome	cellular_component	FALSE	FALSE	live_primary_id	5
GO:0005768	GO_CC:endosome	GO:0005768	endosome	cellular_component	FALSE	FALSE	live_primary_id	13
GO:0005769	GO_CC:early endosome	GO:0005769	early endosome	cellular_component	FALSE	FALSE	live_primary_id	2
GO:0005770	GO_CC:late endosome	GO:0005770	late endosome	cellular_component	FALSE	FALSE	live_primary_id	1
GO:0005773	GO_CC:vacuole	GO:0005773	vacuole	cellular_component	FALSE	FALSE	live_primary_id	65
GO:0005774	GO_CC:vacuolar membrane	GO:0005774	vacuolar membrane	cellular_component	FALSE	FALSE	live_primary_id	35
GO:0005777	GO_CC:peroxisome	GO:0005777	peroxisome	cellular_component	FALSE	FALSE	live_primary_id	10
GO:0005778	GO_CC:peroxisomal membrane	GO:0005778	peroxisomal membrane	cellular_component	FALSE	FALSE	live_primary_id	2
GO:0005782	GO_CC:peroxisomal matrix	GO:0005782	peroxisomal matrix	cellular_component	FALSE	FALSE	live_primary_id	1
GO:0005783	GO_CC:endoplasmic reticulum	GO:0005783	endoplasmic reticulum	cellular_component	FALSE	FALSE	live_primary_id	33
GO:0005788	GO_CC:endoplasmic reticulum lumen	GO:0005788	endoplasmic reticulum lumen	cellular_component	FALSE	FALSE	live_primary_id	2
GO:0005789	GO_CC:endoplasmic reticulum membrane	GO:0005789	endoplasmic reticulum membrane	cellular_component	FALSE	FALSE	live_primary_id	12
GO:0005791	GO_CC:rough endoplasmic reticulum	GO:0005791	rough endoplasmic reticulum	cellular_component	FALSE	FALSE	live_primary_id	1
GO:0005794	GO_CC:Golgi apparatus	GO:0005794	Golgi apparatus	cellular_component	FALSE	FALSE	live_primary_id	37
GO:0005795	GO_CC:Golgi stack	GO:0005795	Golgi stack	cellular_component	FALSE	FALSE	live_primary_id	1
GO:0005802	GO_CC:trans-Golgi network	GO:0005802	trans-Golgi network	cellular_component	FALSE	FALSE	live_primary_id	8
GO:0005811	GO_CC:lipid droplet	GO:0005811	lipid droplet	cellular_component	FALSE	FALSE	live_primary_id	2
GO:0005813	GO_CC:centrosome	GO:0005813	centrosome	cellular_component	FALSE	FALSE	live_primary_id	1
GO:0005815	GO_CC:microtubule organizing center	GO:0005815	microtubule organizing center	cellular_component	FALSE	FALSE	live_primary_id	1
GO:0005819	GO_CC:spindle	GO:0005819	spindle	cellular_component	FALSE	FALSE	live_primary_id	2
GO:0005829	GO_CC:cytosol	GO:0005829	cytosol	cellular_component	FALSE	FALSE	live_primary_id	85
GO:0005840	GO_CC:ribosome	GO:0005840	ribosome	cellular_component	FALSE	FALSE	live_primary_id	9
GO:0005844	GO_CC:obsolete polysome	GO:0005844	obsolete polysome	cellular_component	TRUE	TRUE	obsolete_by_ontology	1
GO:0005856	GO_CC:cytoskeleton	GO:0005856	cytoskeleton	cellular_component	FALSE	FALSE	live_primary_id	7
GO:0005871	GO_CC:kinesin complex	GO:0005871	kinesin complex	cellular_component	FALSE	FALSE	live_primary_id	2
GO:0005874	GO_CC:microtubule	GO:0005874	microtubule	cellular_component	FALSE	FALSE	live_primary_id	3
GO:0005875	GO_CC:microtubule associated complex	GO:0005875	microtubule associated complex	cellular_component	FALSE	FALSE	live_primary_id	2
GO:0005881	GO_CC:cytoplasmic microtubule	GO:0005881	cytoplasmic microtubule	cellular_component	FALSE	FALSE	live_primary_id	2
GO:0005886	GO_CC:plasma membrane	GO:0005886	plasma membrane	cellular_component	FALSE	FALSE	live_primary_id	150
GO:0005911	GO_CC:cell-cell junction	GO:0005911	cell-cell junction	cellular_component	FALSE	FALSE	live_primary_id	53
GO:0005912	GO_CC:adherens junction	GO:0005912	adherens junction	cellular_component	FALSE	FALSE	live_primary_id	1
GO:0005915	GO_CC:zonula adherens	GO:0005915	zonula adherens	cellular_component	FALSE	FALSE	live_primary_id	1
GO:0005938	GO_CC:cell cortex	GO:0005938	cell cortex	cellular_component	FALSE	FALSE	live_primary_id	8
GO:0005975	GO_BP:carbohydrate metabolic process	GO:0005975	carbohydrate metabolic process	biological_process	FALSE	FALSE	live_primary_id	42
GO:0005976	GO_BP:polysaccharide metabolic process	GO:0005976	polysaccharide metabolic process	biological_process	FALSE	FALSE	live_primary_id	25
GO:0005977	GO_BP:glycogen metabolic process	GO:0005977	glycogen metabolic process	biological_process	FALSE	FALSE	live_primary_id	1
GO:0005978	GO_BP:glycogen biosynthetic process	GO:0005978	glycogen biosynthetic process	biological_process	FALSE	FALSE	live_primary_id	1
GO:0005982	GO_BP:starch metabolic process	GO:0005982	starch metabolic process	biological_process	FALSE	FALSE	live_primary_id	4
GO:0005983	GO_BP:starch catabolic process	GO:0005983	starch catabolic process	biological_process	FALSE	FALSE	live_primary_id	1
GO:0005984	GO_BP:disaccharide metabolic process	GO:0005984	disaccharide metabolic process	biological_process	FALSE	FALSE	live_primary_id	5
GO:0005985	GO_BP:sucrose metabolic process	GO:0005985	sucrose metabolic process	biological_process	FALSE	FALSE	live_primary_id	3
GO:0005986	GO_BP:sucrose biosynthetic process	GO:0005986	sucrose biosynthetic process	biological_process	FALSE	FALSE	live_primary_id	2
GO:0005991	GO_BP:trehalose metabolic process	GO:0005991	trehalose metabolic process	biological_process	FALSE	FALSE	live_primary_id	2
GO:0005992	GO_BP:trehalose biosynthetic process	GO:0005992	trehalose biosynthetic process	biological_process	FALSE	FALSE	live_primary_id	2
GO:0005996	GO_BP:monosaccharide metabolic process	GO:0005996	monosaccharide metabolic process	biological_process	FALSE	FALSE	live_primary_id	12
GO:0006000	GO_BP:fructose metabolic process	GO:0006000	fructose metabolic process	biological_process	FALSE	FALSE	live_primary_id	4
GO:0006001	GO_BP:fructose catabolic process	GO:0006001	fructose catabolic process	biological_process	FALSE	FALSE	live_primary_id	1
GO:0006002	GO_BP:fructose 6-phosphate metabolic process	GO:0006002	fructose 6-phosphate metabolic process	biological_process	FALSE	FALSE	live_primary_id	2
GO:0006006	GO_BP:glucose metabolic process	GO:0006006	glucose metabolic process	biological_process	FALSE	FALSE	live_primary_id	4
GO:0006012	GO_BP:galactose metabolic process	GO:0006012	galactose metabolic process	biological_process	FALSE	FALSE	live_primary_id	1
GO:0006013	GO_BP:mannose metabolic process	GO:0006013	mannose metabolic process	biological_process	FALSE	FALSE	live_primary_id	2
GO:0006020	GO_BP:inositol metabolic process	GO:0006020	inositol metabolic process	biological_process	FALSE	FALSE	live_primary_id	1
GO:0006021	GO_BP:inositol biosynthetic process	GO:0006021	inositol biosynthetic process	biological_process	FALSE	FALSE	live_primary_id	1
GO:0006066	GO_BP:alcohol metabolic process	GO:0006066	alcohol metabolic process	biological_process	FALSE	FALSE	live_primary_id	4
GO:0006067	GO_BP:ethanol metabolic process	GO:0006067	ethanol metabolic process	biological_process	FALSE	FALSE	live_primary_id	1
GO:0006069	GO_BP:obsolete ethanol oxidation	GO:0006069	obsolete ethanol oxidation	biological_process	TRUE	TRUE	obsolete_by_ontology	1
GO:0006073	GO_BP:obsolete cellular glucan metabolic process	GO:0006073	obsolete cellular glucan metabolic process	biological_process	TRUE	TRUE	obsolete_by_ontology	15
GO:0006081	GO_BP:cellular aldehyde metabolic process	GO:0006081	aldehyde metabolic process	biological_process	FALSE	FALSE	live_primary_id	3
GO:0006082	GO_BP:organic acid metabolic process	GO:0006082	obsolete organic acid metabolic process	biological_process	TRUE	FALSE	obsolete_by_ontology	49
GO:0006090	GO_BP:pyruvate metabolic process	GO:0006090	pyruvate metabolic process	biological_process	FALSE	FALSE	live_primary_id	4
GO:0006091	GO_BP:generation of precursor metabolites and energy	GO:0006091	generation of precursor metabolites and energy	biological_process	FALSE	FALSE	live_primary_id	22
GO:0006094	GO_BP:gluconeogenesis	GO:0006094	gluconeogenesis	biological_process	FALSE	FALSE	live_primary_id	2
GO:0006096	GO_BP:glycolytic process	GO:0006096	glycolytic process	biological_process	FALSE	FALSE	live_primary_id	2
GO:0006097	GO_BP:glyoxylate cycle	GO:0006097	glyoxylate cycle	biological_process	FALSE	FALSE	live_primary_id	1
GO:0006098	GO_BP:pentose-phosphate shunt	GO:0006098	pentose-phosphate shunt	biological_process	FALSE	FALSE	live_primary_id	1
GO:0006099	GO_BP:tricarboxylic acid cycle	GO:0006099	tricarboxylic acid cycle	biological_process	FALSE	FALSE	live_primary_id	1
GO:0006101	GO_BP:citrate metabolic process	GO:0006101	citrate metabolic process	biological_process	FALSE	FALSE	live_primary_id	1
GO:0006105	GO_BP:succinate metabolic process	GO:0006105	succinate metabolic process	biological_process	FALSE	FALSE	live_primary_id	1
GO:0006108	GO_BP:malate metabolic process	GO:0006108	malate metabolic process	biological_process	FALSE	FALSE	live_primary_id	1
GO:0006109	GO_BP:regulation of carbohydrate metabolic process	GO:0006109	regulation of carbohydrate metabolic process	biological_process	FALSE	FALSE	live_primary_id	1
GO:0006112	GO_BP:energy reserve metabolic process	GO:0006112	energy reserve metabolic process	biological_process	FALSE	FALSE	live_primary_id	1
GO:0006116	GO_BP:NADH oxidation	GO:0006116	obsolete NADH oxidation	biological_process	TRUE	FALSE	obsolete_by_ontology	1
GO:0006117	GO_BP:acetaldehyde metabolic process	GO:0006117	acetaldehyde metabolic process	biological_process	FALSE	FALSE	live_primary_id	1
GO:0006119	GO_BP:oxidative phosphorylation	GO:0006119	oxidative phosphorylation	biological_process	FALSE	FALSE	live_primary_id	1
GO:0006124	GO_BP:ferredoxin metabolic process	GO:0006124	ferredoxin metabolic process	biological_process	FALSE	FALSE	live_primary_id	1
GO:0006139	GO_BP:nucleobase-containing compound metabolic process	GO:0006139	nucleobase-containing compound metabolic process	biological_process	FALSE	FALSE	live_primary_id	28
GO:0006144	GO_BP:purine nucleobase metabolic process	GO:0006144	purine nucleobase metabolic process	biological_process	FALSE	FALSE	live_primary_id	1
GO:0006152	GO_BP:purine nucleoside catabolic process	GO:0006152	purine nucleoside catabolic process	biological_process	FALSE	FALSE	live_primary_id	1
GO:0006163	GO_BP:purine nucleotide metabolic process	GO:0006163	purine nucleotide metabolic process	biological_process	FALSE	FALSE	live_primary_id	3
GO:0006164	GO_BP:purine nucleotide biosynthetic process	GO:0006164	purine nucleotide biosynthetic process	biological_process	FALSE	FALSE	live_primary_id	2
GO:0006165	GO_BP:obsolete nucleoside diphosphate phosphorylation	GO:0006165	obsolete nucleoside diphosphate phosphorylation	biological_process	TRUE	TRUE	obsolete_by_ontology	2
GO:0006206	GO_BP:pyrimidine nucleobase metabolic process	GO:0006206	pyrimidine nucleobase metabolic process	biological_process	FALSE	FALSE	live_primary_id	1
GO:0006213	GO_BP:pyrimidine nucleoside metabolic process	GO:0006213	pyrimidine nucleoside metabolic process	biological_process	FALSE	FALSE	live_primary_id	1
GO:0006218	GO_BP:uridine catabolic process	GO:0006218	uridine catabolic process	biological_process	FALSE	FALSE	live_primary_id	1
GO:0006259	GO_BP:DNA metabolic process	GO:0006259	DNA metabolic process	biological_process	FALSE	FALSE	live_primary_id	4
GO:0006260	GO_BP:DNA replication	GO:0006260	DNA replication	biological_process	FALSE	FALSE	live_primary_id	1
GO:0006261	GO_BP:DNA-templated DNA replication	GO:0006261	DNA-templated DNA replication	biological_process	FALSE	FALSE	live_primary_id	1
GO:0006268	GO_BP:DNA unwinding involved in DNA replication	GO:0006268	obsolete DNA unwinding involved in DNA replication	biological_process	TRUE	FALSE	obsolete_by_ontology	1
GO:0006275	GO_BP:regulation of DNA replication	GO:0006275	regulation of DNA replication	biological_process	FALSE	FALSE	live_primary_id	1
GO:0006278	GO_BP:RNA-templated DNA biosynthetic process	GO:0006278	RNA-templated DNA biosynthetic process	biological_process	FALSE	FALSE	live_primary_id	1
GO:0006279	GO_BP:premeiotic DNA replication	GO:0006279	premeiotic DNA replication	biological_process	FALSE	FALSE	live_primary_id	1
GO:0006281	GO_BP:DNA repair	GO:0006281	DNA repair	biological_process	FALSE	FALSE	live_primary_id	1
GO:0006302	GO_BP:double-strand break repair	GO:0006302	double-strand break repair	biological_process	FALSE	FALSE	live_primary_id	1
GO:0006308	GO_BP:DNA catabolic process	GO:0006308	DNA catabolic process	biological_process	FALSE	FALSE	live_primary_id	1
GO:0006310	GO_BP:DNA recombination	GO:0006310	DNA recombination	biological_process	FALSE	FALSE	live_primary_id	1
GO:0006325	GO_BP:chromatin organization	GO:0006325	chromatin organization	biological_process	FALSE	FALSE	live_primary_id	1
GO:0006351	GO_BP:DNA-templated transcription	GO:0006351	DNA-templated transcription	biological_process	FALSE	FALSE	live_primary_id	7
GO:0006354	GO_BP:DNA-templated transcription elongation	GO:0006354	DNA-templated transcription elongation	biological_process	FALSE	FALSE	live_primary_id	1
GO:0006355	GO_BP:regulation of DNA-templated transcription	GO:0006355	regulation of DNA-templated transcription	biological_process	FALSE	FALSE	live_primary_id	74
GO:0006357	GO_BP:regulation of transcription by RNA polymerase II	GO:0006357	regulation of transcription by RNA polymerase II	biological_process	FALSE	FALSE	live_primary_id	19
GO:0006364	GO_BP:rRNA processing	GO:0006364	rRNA processing	biological_process	FALSE	FALSE	live_primary_id	4
GO:0006366	GO_BP:transcription by RNA polymerase II	GO:0006366	transcription by RNA polymerase II	biological_process	FALSE	FALSE	live_primary_id	6
GO:0006368	GO_BP:transcription elongation by RNA polymerase II	GO:0006368	transcription elongation by RNA polymerase II	biological_process	FALSE	FALSE	live_primary_id	1
GO:0006396	GO_BP:RNA processing	GO:0006396	RNA processing	biological_process	FALSE	FALSE	live_primary_id	9
GO:0006397	GO_BP:mRNA processing	GO:0006397	mRNA processing	biological_process	FALSE	FALSE	live_primary_id	2
GO:0006399	GO_BP:tRNA metabolic process	GO:0006399	tRNA metabolic process	biological_process	FALSE	FALSE	live_primary_id	1
GO:0006401	GO_BP:RNA catabolic process	GO:0006401	RNA catabolic process	biological_process	FALSE	FALSE	live_primary_id	1
GO:0006402	GO_BP:mRNA catabolic process	GO:0006402	mRNA catabolic process	biological_process	FALSE	FALSE	live_primary_id	1
GO:0006412	GO_BP:translation	GO:0006412	translation	biological_process	FALSE	FALSE	live_primary_id	9
GO:0006413	GO_BP:translational initiation	GO:0006413	translational initiation	biological_process	FALSE	FALSE	live_primary_id	1
GO:0006415	GO_BP:translational termination	GO:0006415	translational termination	biological_process	FALSE	FALSE	live_primary_id	1
GO:0006417	GO_BP:regulation of translation	GO:0006417	regulation of translation	biological_process	FALSE	FALSE	live_primary_id	4
GO:0006418	GO_BP:tRNA aminoacylation for protein translation	GO:0006418	tRNA aminoacylation for protein translation	biological_process	FALSE	FALSE	live_primary_id	1
GO:0006423	GO_BP:cysteinyl-tRNA aminoacylation	GO:0006423	cysteinyl-tRNA aminoacylation	biological_process	FALSE	FALSE	live_primary_id	1
GO:0006457	GO_BP:protein folding	GO:0006457	protein folding	biological_process	FALSE	FALSE	live_primary_id	3
GO:0006468	GO_BP:protein phosphorylation	GO:0006468	protein phosphorylation	biological_process	FALSE	FALSE	live_primary_id	43
GO:0006470	GO_BP:protein dephosphorylation	GO:0006470	protein dephosphorylation	biological_process	FALSE	FALSE	live_primary_id	2
GO:0006486	GO_BP:protein glycosylation	GO:0006486	obsolete protein glycosylation	biological_process	TRUE	FALSE	obsolete_by_ontology	2
GO:0006487	GO_BP:protein N-linked glycosylation	GO:0006487	protein N-linked glycosylation	biological_process	FALSE	FALSE	live_primary_id	2
GO:0006508	GO_BP:proteolysis	GO:0006508	proteolysis	biological_process	FALSE	FALSE	live_primary_id	20
GO:0006511	GO_BP:ubiquitin-dependent protein catabolic process	GO:0006511	ubiquitin-dependent protein catabolic process	biological_process	FALSE	FALSE	live_primary_id	7
GO:0006515	GO_BP:protein quality control for misfolded or incompletely synthesized proteins	GO:0006515	protein quality control for misfolded or incompletely synthesized proteins	biological_process	FALSE	FALSE	live_primary_id	2
GO:0006517	GO_BP:protein deglycosylation	GO:0006517	protein deglycosylation	biological_process	FALSE	FALSE	live_primary_id	1
GO:0006518	GO_BP:peptide metabolic process	GO:0006518	peptide metabolic process	biological_process	FALSE	FALSE	live_primary_id	19
GO:0006520	GO_BP:amino acid metabolic process	GO:0006520	amino acid metabolic process	biological_process	FALSE	FALSE	live_primary_id	11
GO:0006521	GO_BP:regulation of cellular amino acid metabolic process	GO:0006521	regulation of amino acid metabolic process	biological_process	FALSE	FALSE	live_primary_id	2
GO:0006528	GO_BP:asparagine metabolic process	GO:0006528	obsolete asparagine metabolic process	biological_process	TRUE	FALSE	obsolete_by_ontology	1
GO:0006529	GO_BP:asparagine biosynthetic process	GO:0006529	obsolete asparagine biosynthetic process	biological_process	TRUE	FALSE	obsolete_by_ontology	1
GO:0006536	GO_BP:glutamate metabolic process	GO:0006536	glutamate metabolic process	biological_process	FALSE	FALSE	live_primary_id	2
GO:0006538	GO_BP:glutamate catabolic process	GO:0006538	L-glutamate catabolic process	biological_process	FALSE	FALSE	live_primary_id	1
GO:0006540	GO_BP:glutamate decarboxylation to succinate	GO:0006540	GABA shunt	biological_process	FALSE	FALSE	live_primary_id	1
GO:0006541	GO_BP:glutamine metabolic process	GO:0006541	L-glutamine metabolic process	biological_process	FALSE	FALSE	live_primary_id	1
GO:0006555	GO_BP:methionine metabolic process	GO:0006555	L-methionine metabolic process	biological_process	FALSE	FALSE	live_primary_id	1
GO:0006558	GO_BP:L-phenylalanine metabolic process	GO:0006558	obsolete L-phenylalanine metabolic process	biological_process	TRUE	FALSE	obsolete_by_ontology	1
GO:0006560	GO_BP:proline metabolic process	GO:0006560	L-proline metabolic process	biological_process	FALSE	FALSE	live_primary_id	1
GO:0006561	GO_BP:proline biosynthetic process	GO:0006561	obsolete proline biosynthetic process	biological_process	TRUE	FALSE	obsolete_by_ontology	1
GO:0006568	GO_BP:tryptophan metabolic process	GO:0006568	obsolete L-tryptophan metabolic process	biological_process	TRUE	FALSE	obsolete_by_ontology	1
GO:0006569	GO_BP:tryptophan catabolic process	GO:0006569	L-tryptophan catabolic process	biological_process	FALSE	FALSE	live_primary_id	1
GO:0006570	GO_BP:tyrosine metabolic process	GO:0006570	obsolete tyrosine metabolic process	biological_process	TRUE	FALSE	obsolete_by_ontology	4
GO:0006572	GO_BP:tyrosine catabolic process	GO:0006572	L-tyrosine catabolic process	biological_process	FALSE	FALSE	live_primary_id	3
GO:0006575	GO_BP:cellular modified amino acid metabolic process	GO:0006575	modified amino acid metabolic process	biological_process	FALSE	FALSE	live_primary_id	13
GO:0006576	GO_BP:biogenic amine metabolic process	GO:0006576	biogenic amine metabolic process	biological_process	FALSE	FALSE	live_primary_id	2
GO:0006586	GO_BP:indolalkylamine metabolic process	GO:0006586	obsolete indolalkylamine metabolic process	biological_process	TRUE	FALSE	obsolete_by_ontology	1
GO:0006605	GO_BP:protein targeting	GO:0006605	protein targeting	biological_process	FALSE	FALSE	live_primary_id	5
GO:0006612	GO_BP:protein targeting to membrane	GO:0006612	protein targeting to membrane	biological_process	FALSE	FALSE	live_primary_id	2
GO:0006613	GO_BP:cotranslational protein targeting to membrane	GO:0006613	cotranslational protein targeting to membrane	biological_process	FALSE	FALSE	live_primary_id	1
GO:0006614	GO_BP:SRP-dependent cotranslational protein targeting to membrane	GO:0006614	SRP-dependent cotranslational protein targeting to membrane	biological_process	FALSE	FALSE	live_primary_id	1
GO:0006624	GO_BP:vacuolar protein processing	GO:0006624	vacuolar protein processing	biological_process	FALSE	FALSE	live_primary_id	1
GO:0006625	GO_BP:protein targeting to peroxisome	GO:0006625	protein targeting to peroxisome	biological_process	FALSE	FALSE	live_primary_id	1
GO:0006626	GO_BP:protein targeting to mitochondrion	GO:0006626	obsolete protein targeting to mitochondrion	biological_process	TRUE	FALSE	obsolete_by_ontology	1
GO:0006629	GO_BP:lipid metabolic process	GO:0006629	lipid metabolic process	biological_process	FALSE	FALSE	live_primary_id	34
GO:0006631	GO_BP:fatty acid metabolic process	GO:0006631	fatty acid metabolic process	biological_process	FALSE	FALSE	live_primary_id	12
GO:0006633	GO_BP:fatty acid biosynthetic process	GO:0006633	fatty acid biosynthetic process	biological_process	FALSE	FALSE	live_primary_id	5
GO:0006638	GO_BP:neutral lipid metabolic process	GO:0006638	neutral lipid metabolic process	biological_process	FALSE	FALSE	live_primary_id	2
GO:0006639	GO_BP:acylglycerol metabolic process	GO:0006639	acylglycerol metabolic process	biological_process	FALSE	FALSE	live_primary_id	2
GO:0006641	GO_BP:triglyceride metabolic process	GO:0006641	triglyceride metabolic process	biological_process	FALSE	FALSE	live_primary_id	2
GO:0006643	GO_BP:membrane lipid metabolic process	GO:0006643	obsolete membrane lipid metabolic process	biological_process	TRUE	FALSE	obsolete_by_ontology	1
GO:0006644	GO_BP:phospholipid metabolic process	GO:0006644	phospholipid metabolic process	biological_process	FALSE	FALSE	live_primary_id	6
GO:0006650	GO_BP:glycerophospholipid metabolic process	GO:0006650	glycerophospholipid metabolic process	biological_process	FALSE	FALSE	live_primary_id	3
GO:0006656	GO_BP:phosphatidylcholine biosynthetic process	GO:0006656	phosphatidylcholine biosynthetic process	biological_process	FALSE	FALSE	live_primary_id	1
GO:0006658	GO_BP:phosphatidylserine metabolic process	GO:0006658	phosphatidylserine metabolic process	biological_process	FALSE	FALSE	live_primary_id	1
GO:0006659	GO_BP:phosphatidylserine biosynthetic process	GO:0006659	phosphatidylserine biosynthetic process	biological_process	FALSE	FALSE	live_primary_id	1
GO:0006664	GO_BP:glycolipid metabolic process	GO:0006664	glycolipid metabolic process	biological_process	FALSE	FALSE	live_primary_id	1
GO:0006690	GO_BP:icosanoid metabolic process	GO:0006690	icosanoid metabolic process	biological_process	FALSE	FALSE	live_primary_id	4
GO:0006694	GO_BP:steroid biosynthetic process	GO:0006694	steroid biosynthetic process	biological_process	FALSE	FALSE	live_primary_id	6
GO:0006696	GO_BP:ergosterol biosynthetic process	GO:0006696	ergosterol biosynthetic process	biological_process	FALSE	FALSE	live_primary_id	1
GO:0006714	GO_BP:sesquiterpenoid metabolic process	GO:0006714	sesquiterpenoid metabolic process	biological_process	FALSE	FALSE	live_primary_id	1
GO:0006720	GO_BP:isoprenoid metabolic process	GO:0006720	isoprenoid metabolic process	biological_process	FALSE	FALSE	live_primary_id	11
GO:0006721	GO_BP:terpenoid metabolic process	GO:0006721	terpenoid metabolic process	biological_process	FALSE	FALSE	live_primary_id	9
GO:0006722	GO_BP:triterpenoid metabolic process	GO:0006722	triterpenoid metabolic process	biological_process	FALSE	FALSE	live_primary_id	1
GO:0006725	GO_BP:obsolete cellular aromatic compound metabolic process	GO:0006725	obsolete cellular aromatic compound metabolic process	biological_process	TRUE	TRUE	obsolete_by_ontology	61
GO:0006732	GO_BP:obsolete coenzyme metabolic process	GO:0006732	obsolete coenzyme metabolic process	biological_process	TRUE	TRUE	obsolete_by_ontology	10
GO:0006733	GO_BP:obsolete oxidoreduction coenzyme metabolic process	GO:0006733	obsolete oxidoreduction coenzyme metabolic process	biological_process	TRUE	TRUE	obsolete_by_ontology	4
GO:0006734	GO_BP:NADH metabolic process	GO:0006734	obsolete NADH metabolic process	biological_process	TRUE	FALSE	obsolete_by_ontology	1
GO:0006739	GO_BP:NADP metabolic process	GO:0006739	NADP+ metabolic process	biological_process	FALSE	FALSE	live_primary_id	1
GO:0006749	GO_BP:glutathione metabolic process	GO:0006749	glutathione metabolic process	biological_process	FALSE	FALSE	live_primary_id	10
GO:0006753	GO_BP:nucleoside phosphate metabolic process	GO:0006753	nucleoside phosphate metabolic process	biological_process	FALSE	FALSE	live_primary_id	4
GO:0006754	GO_BP:ATP biosynthetic process	GO:0006754	ATP biosynthetic process	biological_process	FALSE	FALSE	live_primary_id	2
GO:0006757	GO_BP:obsolete ATP generation from ADP	GO:0006757	obsolete ATP generation from ADP	biological_process	TRUE	TRUE	obsolete_by_ontology	2
GO:0006760	GO_BP:folic acid-containing compound metabolic process	GO:0006760	folic acid-containing compound metabolic process	biological_process	FALSE	FALSE	live_primary_id	1
GO:0006766	GO_BP:vitamin metabolic process	GO:0006766	vitamin metabolic process	biological_process	FALSE	FALSE	live_primary_id	11
GO:0006767	GO_BP:water-soluble vitamin metabolic process	GO:0006767	obsolete water-soluble vitamin metabolic process	biological_process	TRUE	FALSE	obsolete_by_ontology	7
GO:0006771	GO_BP:riboflavin metabolic process	GO:0006771	riboflavin metabolic process	biological_process	FALSE	FALSE	live_primary_id	1
GO:0006772	GO_BP:thiamine metabolic process	GO:0006772	thiamine metabolic process	biological_process	FALSE	FALSE	live_primary_id	1
GO:0006775	GO_BP:fat-soluble vitamin metabolic process	GO:0006775	obsolete fat-soluble vitamin metabolic process	biological_process	TRUE	FALSE	obsolete_by_ontology	4
GO:0006776	GO_BP:vitamin A metabolic process	GO:0006776	vitamin A metabolic process	biological_process	FALSE	FALSE	live_primary_id	1
GO:0006778	GO_BP:porphyrin-containing compound metabolic process	GO:0006778	porphyrin-containing compound metabolic process	biological_process	FALSE	FALSE	live_primary_id	5
GO:0006779	GO_BP:porphyrin-containing compound biosynthetic process	GO:0006779	porphyrin-containing compound biosynthetic process	biological_process	FALSE	FALSE	live_primary_id	4
GO:0006780	GO_BP:uroporphyrinogen III biosynthetic process	GO:0006780	uroporphyrinogen III biosynthetic process	biological_process	FALSE	FALSE	live_primary_id	1
GO:0006790	GO_BP:sulfur compound metabolic process	GO:0006790	sulfur compound metabolic process	biological_process	FALSE	FALSE	live_primary_id	16
GO:0006793	GO_BP:phosphorus metabolic process	GO:0006793	phosphorus metabolic process	biological_process	FALSE	FALSE	live_primary_id	70
GO:0006796	GO_BP:phosphate-containing compound metabolic process	GO:0006796	phosphate-containing compound metabolic process	biological_process	FALSE	FALSE	live_primary_id	69
GO:0006801	GO_BP:superoxide metabolic process	GO:0006801	superoxide metabolic process	biological_process	FALSE	FALSE	live_primary_id	4
GO:0006805	GO_BP:xenobiotic metabolic process	GO:0006805	xenobiotic metabolic process	biological_process	FALSE	FALSE	live_primary_id	2
GO:0006807	GO_BP:obsolete nitrogen compound metabolic process	GO:0006807	obsolete nitrogen compound metabolic process	biological_process	TRUE	TRUE	obsolete_by_ontology	150
GO:0006810	GO_BP:transport	GO:0006810	transport	biological_process	FALSE	FALSE	live_primary_id	115
GO:0006811	GO_BP:monoatomic ion transport	GO:0006811	monoatomic ion transport	biological_process	FALSE	FALSE	live_primary_id	71
GO:0006812	GO_BP:monoatomic cation transport	GO:0006812	monoatomic cation transport	biological_process	FALSE	FALSE	live_primary_id	37
GO:0006813	GO_BP:potassium ion transport	GO:0006813	potassium ion transport	biological_process	FALSE	FALSE	live_primary_id	6
GO:0006814	GO_BP:sodium ion transport	GO:0006814	sodium ion transport	biological_process	FALSE	FALSE	live_primary_id	1
GO:0006816	GO_BP:calcium ion transport	GO:0006816	calcium ion transport	biological_process	FALSE	FALSE	live_primary_id	5
GO:0006817	GO_BP:phosphate ion transport	GO:0006817	phosphate ion transport	biological_process	FALSE	FALSE	live_primary_id	1
GO:0006820	GO_BP:monoatomic anion transport	GO:0006820	monoatomic anion transport	biological_process	FALSE	FALSE	live_primary_id	31
GO:0006821	GO_BP:chloride transport	GO:0006821	chloride transport	biological_process	FALSE	FALSE	live_primary_id	1
GO:0006824	GO_BP:cobalt ion transport	GO:0006824	cobalt ion transport	biological_process	FALSE	FALSE	live_primary_id	1
GO:0006825	GO_BP:copper ion transport	GO:0006825	copper ion transport	biological_process	FALSE	FALSE	live_primary_id	2
GO:0006826	GO_BP:iron ion transport	GO:0006826	iron ion transport	biological_process	FALSE	FALSE	live_primary_id	6
GO:0006828	GO_BP:manganese ion transport	GO:0006828	manganese ion transport	biological_process	FALSE	FALSE	live_primary_id	2
GO:0006829	GO_BP:zinc ion transport	GO:0006829	zinc ion transport	biological_process	FALSE	FALSE	live_primary_id	2
GO:0006833	GO_BP:water transport	GO:0006833	water transport	biological_process	FALSE	FALSE	live_primary_id	11
GO:0006835	GO_BP:dicarboxylic acid transport	GO:0006835	dicarboxylic acid transport	biological_process	FALSE	FALSE	live_primary_id	3
GO:0006836	GO_BP:neurotransmitter transport	GO:0006836	neurotransmitter transport	biological_process	FALSE	FALSE	live_primary_id	4
GO:0006839	GO_BP:mitochondrial transport	GO:0006839	mitochondrial transport	biological_process	FALSE	FALSE	live_primary_id	3
GO:0006844	GO_BP:acyl carnitine transport	GO:0006844	obsolete acyl carnitine transport	biological_process	TRUE	FALSE	obsolete_by_ontology	1
GO:0006855	GO_BP:xenobiotic transmembrane transport	GO:0006855	xenobiotic transmembrane transport	biological_process	FALSE	FALSE	live_primary_id	14
GO:0006862	GO_BP:nucleotide transport	GO:0006862	nucleotide transport	biological_process	FALSE	FALSE	live_primary_id	1
GO:0006863	GO_BP:purine nucleobase transport	GO:0006863	purine nucleobase transport	biological_process	FALSE	FALSE	live_primary_id	1
GO:0006865	GO_BP:amino acid transport	GO:0006865	amino acid transport	biological_process	FALSE	FALSE	live_primary_id	11
GO:0006868	GO_BP:glutamine transport	GO:0006868	L-glutamine transport	biological_process	FALSE	FALSE	live_primary_id	1
GO:0006869	GO_BP:lipid transport	GO:0006869	lipid transport	biological_process	FALSE	FALSE	live_primary_id	1
GO:0006873	GO_BP:intracellular monoatomic ion homeostasis	GO:0006873	intracellular monoatomic ion homeostasis	biological_process	FALSE	FALSE	live_primary_id	12
GO:0006874	GO_BP:intracellular calcium ion homeostasis	GO:0006874	intracellular calcium ion homeostasis	biological_process	FALSE	FALSE	live_primary_id	2
GO:0006875	GO_BP:obsolete intracellular metal ion homeostasis	GO:0006875	obsolete intracellular metal ion homeostasis	biological_process	TRUE	TRUE	obsolete_by_ontology	10
GO:0006879	GO_BP:intracellular iron ion homeostasis	GO:0006879	intracellular iron ion homeostasis	biological_process	FALSE	FALSE	live_primary_id	4
GO:0006880	GO_BP:intracellular sequestering of iron ion	GO:0006880	obsolete intracellular sequestering of iron ion	biological_process	TRUE	FALSE	obsolete_by_ontology	3
GO:0006882	GO_BP:intracellular zinc ion homeostasis	GO:0006882	intracellular zinc ion homeostasis	biological_process	FALSE	FALSE	live_primary_id	1
GO:0006885	GO_BP:regulation of pH	GO:0006885	regulation of pH	biological_process	FALSE	FALSE	live_primary_id	2
GO:0006886	GO_BP:intracellular protein transport	GO:0006886	intracellular protein transport	biological_process	FALSE	FALSE	live_primary_id	6
GO:0006887	GO_BP:exocytosis	GO:0006887	exocytosis	biological_process	FALSE	FALSE	live_primary_id	1
GO:0006903	GO_BP:vesicle targeting	GO:0006903	obsolete vesicle targeting	biological_process	TRUE	FALSE	obsolete_by_ontology	1
GO:0006904	GO_BP:vesicle docking involved in exocytosis	GO:0006904	obsolete vesicle docking involved in exocytosis	biological_process	TRUE	FALSE	obsolete_by_ontology	1
GO:0006914	GO_BP:autophagy	GO:0006914	autophagy	biological_process	FALSE	FALSE	live_primary_id	3
GO:0006928	GO_BP:obsolete movement of cell or subcellular component	GO:0006928	obsolete movement of cell or subcellular component	biological_process	TRUE	TRUE	obsolete_by_ontology	5
GO:0006935	GO_BP:chemotaxis	GO:0006935	chemotaxis	biological_process	FALSE	FALSE	live_primary_id	5
GO:0006950	GO_BP:response to stress	GO:0006950	response to stress	biological_process	FALSE	FALSE	live_primary_id	168
GO:0006952	GO_BP:defense response	GO:0006952	defense response	biological_process	FALSE	FALSE	live_primary_id	57
GO:0006954	GO_BP:inflammatory response	GO:0006954	inflammatory response	biological_process	FALSE	FALSE	live_primary_id	2
GO:0006955	GO_BP:immune response	GO:0006955	immune response	biological_process	FALSE	FALSE	live_primary_id	23
GO:0006968	GO_BP:cellular defense response	GO:0006968	cellular defense response	biological_process	FALSE	FALSE	live_primary_id	1
GO:0006970	GO_BP:response to osmotic stress	GO:0006970	response to osmotic stress	biological_process	FALSE	FALSE	live_primary_id	42
GO:0006972	GO_BP:hyperosmotic response	GO:0006972	hyperosmotic response	biological_process	FALSE	FALSE	live_primary_id	6
GO:0006974	GO_BP:DNA damage response	GO:0006974	DNA damage response	biological_process	FALSE	FALSE	live_primary_id	3
GO:0006979	GO_BP:response to oxidative stress	GO:0006979	response to oxidative stress	biological_process	FALSE	FALSE	live_primary_id	40
GO:0006986	GO_BP:response to unfolded protein	GO:0006986	response to unfolded protein	biological_process	FALSE	FALSE	live_primary_id	1
GO:0006995	GO_BP:cellular response to nitrogen starvation	GO:0006995	cellular response to nitrogen starvation	biological_process	FALSE	FALSE	live_primary_id	2
GO:0006996	GO_BP:organelle organization	GO:0006996	organelle organization	biological_process	FALSE	FALSE	live_primary_id	20
GO:0006997	GO_BP:nucleus organization	GO:0006997	nucleus organization	biological_process	FALSE	FALSE	live_primary_id	1
GO:0006998	GO_BP:nuclear envelope organization	GO:0006998	nuclear envelope organization	biological_process	FALSE	FALSE	live_primary_id	1
GO:0007004	GO_BP:telomere maintenance via telomerase	GO:0007004	telomere maintenance via telomerase	biological_process	FALSE	FALSE	live_primary_id	1
GO:0007005	GO_BP:mitochondrion organization	GO:0007005	mitochondrion organization	biological_process	FALSE	FALSE	live_primary_id	1
GO:0007010	GO_BP:cytoskeleton organization	GO:0007010	cytoskeleton organization	biological_process	FALSE	FALSE	live_primary_id	6
GO:0007015	GO_BP:actin filament organization	GO:0007015	actin filament organization	biological_process	FALSE	FALSE	live_primary_id	1
GO:0007017	GO_BP:microtubule-based process	GO:0007017	microtubule-based process	biological_process	FALSE	FALSE	live_primary_id	7
GO:0007018	GO_BP:microtubule-based movement	GO:0007018	microtubule-based movement	biological_process	FALSE	FALSE	live_primary_id	2
GO:0007030	GO_BP:Golgi organization	GO:0007030	Golgi organization	biological_process	FALSE	FALSE	live_primary_id	1
GO:0007031	GO_BP:peroxisome organization	GO:0007031	peroxisome organization	biological_process	FALSE	FALSE	live_primary_id	1
GO:0007033	GO_BP:vacuole organization	GO:0007033	vacuole organization	biological_process	FALSE	FALSE	live_primary_id	2
GO:0007034	GO_BP:vacuolar transport	GO:0007034	vacuolar transport	biological_process	FALSE	FALSE	live_primary_id	2
GO:0007049	GO_BP:cell cycle	GO:0007049	cell cycle	biological_process	FALSE	FALSE	live_primary_id	9
GO:0007063	GO_BP:regulation of sister chromatid cohesion	GO:0007063	regulation of sister chromatid cohesion	biological_process	FALSE	FALSE	live_primary_id	1
GO:0007088	GO_BP:regulation of mitotic nuclear division	GO:0007088	regulation of mitotic nuclear division	biological_process	FALSE	FALSE	live_primary_id	1
GO:0007154	GO_BP:cell communication	GO:0007154	cell communication	biological_process	FALSE	FALSE	live_primary_id	85
GO:0007155	GO_BP:cell adhesion	GO:0007155	cell adhesion	biological_process	FALSE	FALSE	live_primary_id	2
GO:0007164	GO_BP:establishment of tissue polarity	GO:0007164	establishment of tissue polarity	biological_process	FALSE	FALSE	live_primary_id	1
GO:0007165	GO_BP:signal transduction	GO:0007165	signal transduction	biological_process	FALSE	FALSE	live_primary_id	63
GO:0007166	GO_BP:cell surface receptor signaling pathway	GO:0007166	cell surface receptor signaling pathway	biological_process	FALSE	FALSE	live_primary_id	16
GO:0007167	GO_BP:enzyme-linked receptor protein signaling pathway	GO:0007167	enzyme-linked receptor protein signaling pathway	biological_process	FALSE	FALSE	live_primary_id	14
GO:0007178	GO_BP:cell surface receptor protein serine/threonine kinase signaling pathway	GO:0007178	cell surface receptor protein serine/threonine kinase signaling pathway	biological_process	FALSE	FALSE	live_primary_id	14
GO:0007263	GO_BP:nitric oxide mediated signal transduction	GO:0007263	obsolete nitric oxide mediated signal transduction	biological_process	TRUE	FALSE	obsolete_by_ontology	1
GO:0007267	GO_BP:cell-cell signaling	GO:0007267	cell-cell signaling	biological_process	FALSE	FALSE	live_primary_id	4
GO:0007268	GO_BP:chemical synaptic transmission	GO:0007268	chemical synaptic transmission	biological_process	FALSE	FALSE	live_primary_id	1
GO:0007269	GO_BP:neurotransmitter secretion	GO:0007269	neurotransmitter secretion	biological_process	FALSE	FALSE	live_primary_id	1
GO:0007275	GO_BP:multicellular organism development	GO:0007275	multicellular organism development	biological_process	FALSE	FALSE	live_primary_id	91
GO:0007276	GO_BP:gamete generation	GO:0007276	gamete generation	biological_process	FALSE	FALSE	live_primary_id	1
GO:0007346	GO_BP:regulation of mitotic cell cycle	GO:0007346	regulation of mitotic cell cycle	biological_process	FALSE	FALSE	live_primary_id	2
GO:0007368	GO_BP:determination of left/right symmetry	GO:0007368	determination of left/right symmetry	biological_process	FALSE	FALSE	live_primary_id	2
GO:0007389	GO_BP:pattern specification process	GO:0007389	pattern specification process	biological_process	FALSE	FALSE	live_primary_id	8
GO:0007399	GO_BP:nervous system development	GO:0007399	nervous system development	biological_process	FALSE	FALSE	live_primary_id	2
GO:0007409	GO_BP:axonogenesis	GO:0007409	axonogenesis	biological_process	FALSE	FALSE	live_primary_id	1
GO:0007411	GO_BP:axon guidance	GO:0007411	axon guidance	biological_process	FALSE	FALSE	live_primary_id	1
GO:0007417	GO_BP:central nervous system development	GO:0007417	central nervous system development	biological_process	FALSE	FALSE	live_primary_id	1
GO:0007420	GO_BP:brain development	GO:0007420	brain development	biological_process	FALSE	FALSE	live_primary_id	1
GO:0007423	GO_BP:sensory organ development	GO:0007423	sensory organ development	biological_process	FALSE	FALSE	live_primary_id	1
GO:0007494	GO_BP:midgut development	GO:0007494	midgut development	biological_process	FALSE	FALSE	live_primary_id	1
GO:0007507	GO_BP:heart development	GO:0007507	heart development	biological_process	FALSE	FALSE	live_primary_id	2
GO:0007517	GO_BP:muscle organ development	GO:0007517	muscle organ development	biological_process	FALSE	FALSE	live_primary_id	1
GO:0007519	GO_BP:skeletal muscle tissue development	GO:0007519	skeletal muscle tissue development	biological_process	FALSE	FALSE	live_primary_id	1
GO:0007568	GO_BP:obsolete aging	GO:0007568	obsolete aging	biological_process	TRUE	TRUE	obsolete_by_ontology	9
GO:0007569	GO_BP:obsolete cell aging	GO:0007569	obsolete cell aging	biological_process	TRUE	TRUE	obsolete_by_ontology	1
GO:0007584	GO_BP:response to nutrient	GO:0007584	response to nutrient	biological_process	FALSE	FALSE	live_primary_id	2
GO:0007600	GO_BP:sensory perception	GO:0007600	sensory perception	biological_process	FALSE	FALSE	live_primary_id	2
GO:0007601	GO_BP:visual perception	GO:0007601	visual perception	biological_process	FALSE	FALSE	live_primary_id	1
GO:0007610	GO_BP:behavior	GO:0007610	behavior	biological_process	FALSE	FALSE	live_primary_id	1
GO:0007623	GO_BP:circadian rhythm	GO:0007623	circadian rhythm	biological_process	FALSE	FALSE	live_primary_id	10
GO:0007626	GO_BP:locomotory behavior	GO:0007626	locomotory behavior	biological_process	FALSE	FALSE	live_primary_id	1
GO:0008013	GO_MF:beta-catenin binding	GO:0008013	beta-catenin binding	molecular_function	FALSE	FALSE	live_primary_id	1
GO:0008015	GO_BP:blood circulation	GO:0008015	blood circulation	biological_process	FALSE	FALSE	live_primary_id	2
GO:0008017	GO_MF:microtubule binding	GO:0008017	microtubule binding	molecular_function	FALSE	FALSE	live_primary_id	2
GO:0008023	GO_CC:transcription elongation factor complex	GO:0008023	transcription elongation factor complex	cellular_component	FALSE	FALSE	live_primary_id	1
GO:0008028	GO_MF:monocarboxylic acid transmembrane transporter activity	GO:0008028	monocarboxylic acid transmembrane transporter activity	molecular_function	FALSE	FALSE	live_primary_id	4
GO:0008047	GO_MF:enzyme activator activity	GO:0008047	enzyme activator activity	molecular_function	FALSE	FALSE	live_primary_id	1
GO:0008064	GO_BP:regulation of actin polymerization or depolymerization	GO:0008064	regulation of actin polymerization or depolymerization	biological_process	FALSE	FALSE	live_primary_id	2
GO:0008066	GO_MF:glutamate receptor activity	GO:0008066	glutamate receptor activity	molecular_function	FALSE	FALSE	live_primary_id	2
GO:0008079	GO_MF:translation termination factor activity	GO:0008079	translation termination factor activity	molecular_function	FALSE	FALSE	live_primary_id	1
GO:0008081	GO_MF:phosphoric diester hydrolase activity	GO:0008081	phosphoric diester hydrolase activity	molecular_function	FALSE	FALSE	live_primary_id	2
GO:0008092	GO_MF:cytoskeletal protein binding	GO:0008092	cytoskeletal protein binding	molecular_function	FALSE	FALSE	live_primary_id	5
GO:0008104	GO_BP:protein localization	GO:0008104	intracellular protein localization	biological_process	FALSE	FALSE	live_primary_id	10
GO:0008106	GO_MF:alcohol dehydrogenase (NADP+) activity	GO:0008106	alcohol dehydrogenase (NADP+) activity	molecular_function	FALSE	FALSE	live_primary_id	3
GO:0008131	GO_MF:primary amine oxidase activity	GO:0008131	primary methylamine oxidase activity	molecular_function	FALSE	FALSE	live_primary_id	1
GO:0008134	GO_MF:transcription factor binding	GO:0008134	transcription factor binding	molecular_function	FALSE	FALSE	live_primary_id	4
GO:0008135	GO_MF:translation factor activity, RNA binding	GO:0008135	translation factor activity, RNA binding	molecular_function	FALSE	FALSE	live_primary_id	1
GO:0008137	GO_MF:NADH dehydrogenase (ubiquinone) activity	GO:0008137	NADH dehydrogenase (ubiquinone) activity	molecular_function	FALSE	FALSE	live_primary_id	1
GO:0008144	GO_MF:obsolete drug binding	GO:0008144	obsolete drug binding	molecular_function	TRUE	TRUE	obsolete_by_ontology	7
GO:0008150	GO_BP:biological_process	GO:0008150	biological_process	biological_process	FALSE	FALSE	live_primary_id	519
GO:0008152	GO_BP:metabolic process	GO:0008152	metabolic process	biological_process	FALSE	FALSE	live_primary_id	309
GO:0008168	GO_MF:methyltransferase activity	GO:0008168	methyltransferase activity	molecular_function	FALSE	FALSE	live_primary_id	9
GO:0008169	GO_MF:C-methyltransferase activity	GO:0008169	C-methyltransferase activity	molecular_function	FALSE	FALSE	live_primary_id	1
GO:0008170	GO_MF:N-methyltransferase activity	GO:0008170	N-methyltransferase activity	molecular_function	FALSE	FALSE	live_primary_id	2
GO:0008171	GO_MF:O-methyltransferase activity	GO:0008171	O-methyltransferase activity	molecular_function	FALSE	FALSE	live_primary_id	3
GO:0008173	GO_MF:RNA methyltransferase activity	GO:0008173	RNA methyltransferase activity	molecular_function	FALSE	FALSE	live_primary_id	1
GO:0008187	GO_MF:poly-pyrimidine tract binding	GO:0008187	poly-pyrimidine tract binding	molecular_function	FALSE	FALSE	live_primary_id	4
GO:0008194	GO_MF:UDP-glycosyltransferase activity	GO:0008194	UDP-glycosyltransferase activity	molecular_function	FALSE	FALSE	live_primary_id	11
GO:0008195	GO_MF:phosphatidate phosphatase activity	GO:0008195	phosphatidate phosphatase activity	molecular_function	FALSE	FALSE	live_primary_id	1
GO:0008199	GO_MF:ferric iron binding	GO:0008199	ferric iron binding	molecular_function	FALSE	FALSE	live_primary_id	1
GO:0008202	GO_BP:steroid metabolic process	GO:0008202	steroid metabolic process	biological_process	FALSE	FALSE	live_primary_id	7
GO:0008204	GO_BP:ergosterol metabolic process	GO:0008204	ergosterol metabolic process	biological_process	FALSE	FALSE	live_primary_id	1
GO:0008217	GO_BP:regulation of blood pressure	GO:0008217	regulation of blood pressure	biological_process	FALSE	FALSE	live_primary_id	2
GO:0008219	GO_BP:cell death	GO:0008219	cell death	biological_process	FALSE	FALSE	live_primary_id	10
GO:0008233	GO_MF:peptidase activity	GO:0008233	peptidase activity	molecular_function	FALSE	FALSE	live_primary_id	13
GO:0008234	GO_MF:cysteine-type peptidase activity	GO:0008234	cysteine-type peptidase activity	molecular_function	FALSE	FALSE	live_primary_id	6
GO:0008236	GO_MF:serine-type peptidase activity	GO:0008236	serine-type peptidase activity	molecular_function	FALSE	FALSE	live_primary_id	4
GO:0008238	GO_MF:exopeptidase activity	GO:0008238	exopeptidase activity	molecular_function	FALSE	FALSE	live_primary_id	1
GO:0008250	GO_CC:oligosaccharyltransferase complex	GO:0008250	oligosaccharyltransferase complex	cellular_component	FALSE	FALSE	live_primary_id	1
GO:0008266	GO_MF:poly(U) RNA binding	GO:0008266	poly(U) RNA binding	molecular_function	FALSE	FALSE	live_primary_id	4
GO:0008270	GO_MF:zinc ion binding	GO:0008270	zinc ion binding	molecular_function	FALSE	FALSE	live_primary_id	5
GO:0008272	GO_BP:sulfate transport	GO:0008272	obsolete sulfate transport	biological_process	TRUE	FALSE	obsolete_by_ontology	3
GO:0008283	GO_BP:cell population proliferation	GO:0008283	cell population proliferation	biological_process	FALSE	FALSE	live_primary_id	3
GO:0008284	GO_BP:positive regulation of cell population proliferation	GO:0008284	positive regulation of cell population proliferation	biological_process	FALSE	FALSE	live_primary_id	1
GO:0008285	GO_BP:negative regulation of cell population proliferation	GO:0008285	negative regulation of cell population proliferation	biological_process	FALSE	FALSE	live_primary_id	2
GO:0008289	GO_MF:lipid binding	GO:0008289	lipid binding	molecular_function	FALSE	FALSE	live_primary_id	5
GO:0008299	GO_BP:isoprenoid biosynthetic process	GO:0008299	isoprenoid biosynthetic process	biological_process	FALSE	FALSE	live_primary_id	9
GO:0008300	GO_BP:isoprenoid catabolic process	GO:0008300	isoprenoid catabolic process	biological_process	FALSE	FALSE	live_primary_id	1
GO:0008308	GO_MF:voltage-gated monoatomic anion channel activity	GO:0008308	voltage-gated monoatomic anion channel activity	molecular_function	FALSE	FALSE	live_primary_id	1
GO:0008320	GO_MF:protein transmembrane transporter activity	GO:0008320	transmembrane protein transporter activity	molecular_function	FALSE	FALSE	live_primary_id	1
GO:0008324	GO_MF:monoatomic cation transmembrane transporter activity	GO:0008324	monoatomic cation transmembrane transporter activity	molecular_function	FALSE	FALSE	live_primary_id	29
GO:0008356	GO_BP:asymmetric cell division	GO:0008356	asymmetric cell division	biological_process	FALSE	FALSE	live_primary_id	1
GO:0008361	GO_BP:regulation of cell size	GO:0008361	regulation of cell size	biological_process	FALSE	FALSE	live_primary_id	2
GO:0008374	GO_MF:O-acyltransferase activity	GO:0008374	obsolete O-acyltransferase activity	molecular_function	TRUE	FALSE	obsolete_by_ontology	14
GO:0008378	GO_MF:galactosyltransferase activity	GO:0008378	galactosyltransferase activity	molecular_function	FALSE	FALSE	live_primary_id	2
GO:0008380	GO_BP:RNA splicing	GO:0008380	RNA splicing	biological_process	FALSE	FALSE	live_primary_id	1
GO:0008381	GO_MF:mechanosensitive monoatomic ion channel activity	GO:0008381	mechanosensitive monoatomic ion channel activity	molecular_function	FALSE	FALSE	live_primary_id	2
GO:0008398	GO_MF:sterol 14-demethylase activity	GO:0008398	sterol 14-demethylase activity	molecular_function	FALSE	FALSE	live_primary_id	1
GO:0008422	GO_MF:beta-glucosidase activity	GO:0008422	beta-glucosidase activity	molecular_function	FALSE	FALSE	live_primary_id	3
GO:0008453	GO_MF:alanine-glyoxylate transaminase activity	GO:0008453	L-alanine:glyoxylate transaminase activity	molecular_function	FALSE	FALSE	live_primary_id	1
GO:0008465	GO_MF:glycerate dehydrogenase activity	GO:0008465	hydroxypyruvate reductase (NADH) activity	molecular_function	FALSE	FALSE	live_primary_id	1
GO:0008466	GO_MF:glycogenin glucosyltransferase activity	GO:0008466	glycogenin glucosyltransferase activity	molecular_function	FALSE	FALSE	live_primary_id	1
GO:0008474	GO_MF:palmitoyl-(protein) hydrolase activity	GO:0008474	palmitoyl-(protein) hydrolase activity	molecular_function	FALSE	FALSE	live_primary_id	1
GO:0008477	GO_MF:purine nucleosidase activity	GO:0008477	purine nucleosidase activity	molecular_function	FALSE	FALSE	live_primary_id	1
GO:0008483	GO_MF:transaminase activity	GO:0008483	transaminase activity	molecular_function	FALSE	FALSE	live_primary_id	4
GO:0008490	GO_MF:arsenite secondary active transmembrane transporter activity	GO:0008490	arsenite secondary active transmembrane transporter activity	molecular_function	FALSE	FALSE	live_primary_id	1
GO:0008509	GO_MF:monoatomic anion transmembrane transporter activity	GO:0008509	monoatomic anion transmembrane transporter activity	molecular_function	FALSE	FALSE	live_primary_id	28
GO:0008514	GO_MF:organic anion transmembrane transporter activity	GO:0008514	obsolete organic anion transmembrane transporter activity	molecular_function	TRUE	FALSE	obsolete_by_ontology	17
GO:0008515	GO_MF:sucrose transmembrane transporter activity	GO:0008515	sucrose transmembrane transporter activity	molecular_function	FALSE	FALSE	live_primary_id	4
GO:0008519	GO_MF:ammonium transmembrane transporter activity	GO:0008519	ammonium channel activity	molecular_function	FALSE	FALSE	live_primary_id	2
GO:0008565	GO_MF:obsolete protein transporter activity	GO:0008565	obsolete protein transporter activity	molecular_function	TRUE	TRUE	obsolete_by_ontology	1
GO:0008610	GO_BP:lipid biosynthetic process	GO:0008610	lipid biosynthetic process	biological_process	FALSE	FALSE	live_primary_id	22
GO:0008643	GO_BP:carbohydrate transport	GO:0008643	carbohydrate transport	biological_process	FALSE	FALSE	live_primary_id	15
GO:0008645	GO_BP:hexose transmembrane transport	GO:0008645	hexose transmembrane transport	biological_process	FALSE	FALSE	live_primary_id	7
GO:0008649	GO_MF:rRNA methyltransferase activity	GO:0008649	rRNA methyltransferase activity	molecular_function	FALSE	FALSE	live_primary_id	1
GO:0008652	GO_BP:amino acid biosynthetic process	GO:0008652	amino acid biosynthetic process	biological_process	FALSE	FALSE	live_primary_id	3
GO:0008654	GO_BP:phospholipid biosynthetic process	GO:0008654	phospholipid biosynthetic process	biological_process	FALSE	FALSE	live_primary_id	3
GO:0008655	GO_BP:pyrimidine-containing compound salvage	GO:0008655	pyrimidine-containing compound salvage	biological_process	FALSE	FALSE	live_primary_id	1
GO:0008677	GO_MF:2-dehydropantoate 2-reductase activity	GO:0008677	2-dehydropantoate 2-reductase activity	molecular_function	FALSE	FALSE	live_primary_id	1
GO:0008686	GO_MF:3,4-dihydroxy-2-butanone-4-phosphate synthase activity	GO:0008686	3,4-dihydroxy-2-butanone-4-phosphate synthase activity	molecular_function	FALSE	FALSE	live_primary_id	1
GO:0008757	GO_MF:S-adenosylmethionine-dependent methyltransferase activity	GO:0008757	S-adenosylmethionine-dependent methyltransferase activity	molecular_function	FALSE	FALSE	live_primary_id	8
GO:0008774	GO_MF:acetaldehyde dehydrogenase (acetylating) activity	GO:0008774	acetaldehyde dehydrogenase (acetylating, NAD+) activity	molecular_function	FALSE	FALSE	live_primary_id	1
GO:0008793	GO_MF:aromatic-amino-acid:2-oxoglutarate aminotransferase activity	GO:0008793	aromatic-amino-acid:2-oxoglutarate transaminase activity	molecular_function	FALSE	FALSE	live_primary_id	1
GO:0008865	GO_MF:fructokinase activity	GO:0008865	fructokinase activity	molecular_function	FALSE	FALSE	live_primary_id	1
GO:0008878	GO_MF:glucose-1-phosphate adenylyltransferase activity	GO:0008878	glucose-1-phosphate adenylyltransferase activity	molecular_function	FALSE	FALSE	live_primary_id	1
GO:0008889	GO_MF:glycerophosphodiester phosphodiesterase activity	GO:0008889	glycerophosphodiester phosphodiesterase activity	molecular_function	FALSE	FALSE	live_primary_id	1
GO:0008905	GO_MF:obsolete mannose-phosphate guanylyltransferase activity	GO:0008905	obsolete mannose-phosphate guanylyltransferase activity	molecular_function	TRUE	TRUE	obsolete_by_ontology	2
GO:0008928	GO_MF:mannose-1-phosphate guanylyltransferase (GDP) activity	GO:0008928	mannose-1-phosphate guanylyltransferase (GDP) activity	molecular_function	FALSE	FALSE	live_primary_id	1
GO:0008964	GO_MF:phosphoenolpyruvate carboxylase activity	GO:0008964	phosphoenolpyruvate carboxylase activity	molecular_function	FALSE	FALSE	live_primary_id	2
GO:0009044	GO_MF:xylan 1,4-beta-xylosidase activity	GO:0009044	xylan 1,4-beta-xylosidase activity	molecular_function	FALSE	FALSE	live_primary_id	1
GO:0009051	GO_BP:pentose-phosphate shunt, oxidative branch	GO:0009051	pentose-phosphate shunt, oxidative branch	biological_process	FALSE	FALSE	live_primary_id	1
GO:0009055	GO_MF:electron transfer activity	GO:0009055	electron transfer activity	molecular_function	FALSE	FALSE	live_primary_id	6
GO:0009056	GO_BP:catabolic process	GO:0009056	catabolic process	biological_process	FALSE	FALSE	live_primary_id	54
GO:0009057	GO_BP:macromolecule catabolic process	GO:0009057	macromolecule catabolic process	biological_process	FALSE	FALSE	live_primary_id	23
GO:0009058	GO_BP:biosynthetic process	GO:0009058	biosynthetic process	biological_process	FALSE	FALSE	live_primary_id	122
GO:0009059	GO_BP:macromolecule biosynthetic process	GO:0009059	macromolecule biosynthetic process	biological_process	FALSE	FALSE	live_primary_id	37
GO:0009060	GO_BP:aerobic respiration	GO:0009060	aerobic respiration	biological_process	FALSE	FALSE	live_primary_id	1
GO:0009063	GO_BP:amino acid catabolic process	GO:0009063	amino acid catabolic process	biological_process	FALSE	FALSE	live_primary_id	6
GO:0009064	GO_BP:glutamine family amino acid metabolic process	GO:0009064	obsolete glutamine family amino acid metabolic process	biological_process	TRUE	FALSE	obsolete_by_ontology	3
GO:0009065	GO_BP:glutamine family amino acid catabolic process	GO:0009065	obsolete glutamine family amino acid catabolic process	biological_process	TRUE	FALSE	obsolete_by_ontology	1
GO:0009066	GO_BP:aspartate family amino acid metabolic process	GO:0009066	obsolete aspartate family amino acid metabolic process	biological_process	TRUE	FALSE	obsolete_by_ontology	2
GO:0009067	GO_BP:aspartate family amino acid biosynthetic process	GO:0009067	aspartate family amino acid biosynthetic process	biological_process	FALSE	FALSE	live_primary_id	1
GO:0009072	GO_BP:aromatic amino acid metabolic process	GO:0009072	aromatic amino acid metabolic process	biological_process	FALSE	FALSE	live_primary_id	5
GO:0009073	GO_BP:aromatic amino acid family biosynthetic process	GO:0009073	aromatic amino acid biosynthetic process	biological_process	FALSE	FALSE	live_primary_id	1
GO:0009074	GO_BP:aromatic amino acid family catabolic process	GO:0009074	aromatic amino acid catabolic process	biological_process	FALSE	FALSE	live_primary_id	4
GO:0009081	GO_BP:branched-chain amino acid metabolic process	GO:0009081	branched-chain amino acid metabolic process	biological_process	FALSE	FALSE	live_primary_id	1
GO:0009083	GO_BP:branched-chain amino acid catabolic process	GO:0009083	branched-chain amino acid catabolic process	biological_process	FALSE	FALSE	live_primary_id	1
GO:0009084	GO_BP:glutamine family amino acid biosynthetic process	GO:0009084	glutamate family amino acid biosynthetic process	biological_process	FALSE	FALSE	live_primary_id	1
GO:0009100	GO_BP:glycoprotein metabolic process	GO:0009100	glycoprotein metabolic process	biological_process	FALSE	FALSE	live_primary_id	3
GO:0009101	GO_BP:glycoprotein biosynthetic process	GO:0009101	glycoprotein biosynthetic process	biological_process	FALSE	FALSE	live_primary_id	2
GO:0009108	GO_BP:obsolete coenzyme biosynthetic process	GO:0009108	obsolete coenzyme biosynthetic process	biological_process	TRUE	TRUE	obsolete_by_ontology	8
GO:0009110	GO_BP:vitamin biosynthetic process	GO:0009110	vitamin biosynthetic process	biological_process	FALSE	FALSE	live_primary_id	10
GO:0009112	GO_BP:nucleobase metabolic process	GO:0009112	nucleobase metabolic process	biological_process	FALSE	FALSE	live_primary_id	2
GO:0009113	GO_BP:purine nucleobase biosynthetic process	GO:0009113	purine nucleobase biosynthetic process	biological_process	FALSE	FALSE	live_primary_id	1
GO:0009116	GO_BP:nucleoside metabolic process	GO:0009116	nucleoside metabolic process	biological_process	FALSE	FALSE	live_primary_id	1
GO:0009117	GO_BP:nucleotide metabolic process	GO:0009117	nucleotide metabolic process	biological_process	FALSE	FALSE	live_primary_id	4
GO:0009119	GO_BP:ribonucleoside metabolic process	GO:0009119	ribonucleoside metabolic process	biological_process	FALSE	FALSE	live_primary_id	1
GO:0009123	GO_BP:nucleoside monophosphate metabolic process	GO:0009123	nucleoside monophosphate metabolic process	biological_process	FALSE	FALSE	live_primary_id	3
GO:0009124	GO_BP:nucleoside monophosphate biosynthetic process	GO:0009124	nucleoside monophosphate biosynthetic process	biological_process	FALSE	FALSE	live_primary_id	2
GO:0009126	GO_BP:purine nucleoside monophosphate metabolic process	GO:0009126	purine nucleoside monophosphate metabolic process	biological_process	FALSE	FALSE	live_primary_id	3
GO:0009127	GO_BP:purine nucleoside monophosphate biosynthetic process	GO:0009127	purine nucleoside monophosphate biosynthetic process	biological_process	FALSE	FALSE	live_primary_id	2
GO:0009132	GO_BP:nucleoside diphosphate metabolic process	GO:0009132	nucleoside diphosphate metabolic process	biological_process	FALSE	FALSE	live_primary_id	2
GO:0009135	GO_BP:purine nucleoside diphosphate metabolic process	GO:0009135	purine nucleoside diphosphate metabolic process	biological_process	FALSE	FALSE	live_primary_id	2
GO:0009141	GO_BP:nucleoside triphosphate metabolic process	GO:0009141	nucleoside triphosphate metabolic process	biological_process	FALSE	FALSE	live_primary_id	3
GO:0009142	GO_BP:nucleoside triphosphate biosynthetic process	GO:0009142	nucleoside triphosphate biosynthetic process	biological_process	FALSE	FALSE	live_primary_id	2
GO:0009144	GO_BP:purine nucleoside triphosphate metabolic process	GO:0009144	purine nucleoside triphosphate metabolic process	biological_process	FALSE	FALSE	live_primary_id	3
GO:0009145	GO_BP:purine nucleoside triphosphate biosynthetic process	GO:0009145	purine nucleoside triphosphate biosynthetic process	biological_process	FALSE	FALSE	live_primary_id	2
GO:0009150	GO_BP:purine ribonucleotide metabolic process	GO:0009150	purine ribonucleotide metabolic process	biological_process	FALSE	FALSE	live_primary_id	3
GO:0009152	GO_BP:purine ribonucleotide biosynthetic process	GO:0009152	purine ribonucleotide biosynthetic process	biological_process	FALSE	FALSE	live_primary_id	2
GO:0009156	GO_BP:ribonucleoside monophosphate biosynthetic process	GO:0009156	ribonucleoside monophosphate biosynthetic process	biological_process	FALSE	FALSE	live_primary_id	2
GO:0009161	GO_BP:ribonucleoside monophosphate metabolic process	GO:0009161	obsolete ribonucleoside monophosphate metabolic process	biological_process	TRUE	FALSE	obsolete_by_ontology	3
GO:0009164	GO_BP:nucleoside catabolic process	GO:0009164	nucleoside catabolic process	biological_process	FALSE	FALSE	live_primary_id	1
GO:0009165	GO_BP:nucleotide biosynthetic process	GO:0009165	nucleotide biosynthetic process	biological_process	FALSE	FALSE	live_primary_id	2
GO:0009166	GO_BP:nucleotide catabolic process	GO:0009166	nucleotide catabolic process	biological_process	FALSE	FALSE	live_primary_id	2
GO:0009167	GO_BP:purine ribonucleoside monophosphate metabolic process	GO:0009167	purine ribonucleoside monophosphate metabolic process	biological_process	FALSE	FALSE	live_primary_id	3
GO:0009168	GO_BP:purine ribonucleoside monophosphate biosynthetic process	GO:0009168	purine ribonucleoside monophosphate biosynthetic process	biological_process	FALSE	FALSE	live_primary_id	2
GO:0009179	GO_BP:purine ribonucleoside diphosphate metabolic process	GO:0009179	purine ribonucleoside diphosphate metabolic process	biological_process	FALSE	FALSE	live_primary_id	2
GO:0009185	GO_BP:ribonucleoside diphosphate metabolic process	GO:0009185	ribonucleoside diphosphate metabolic process	biological_process	FALSE	FALSE	live_primary_id	2
GO:0009199	GO_BP:ribonucleoside triphosphate metabolic process	GO:0009199	obsolete ribonucleoside triphosphate metabolic process	biological_process	TRUE	FALSE	obsolete_by_ontology	3
GO:0009201	GO_BP:ribonucleoside triphosphate biosynthetic process	GO:0009201	ribonucleoside triphosphate biosynthetic process	biological_process	FALSE	FALSE	live_primary_id	2
GO:0009205	GO_BP:purine ribonucleoside triphosphate metabolic process	GO:0009205	purine ribonucleoside triphosphate metabolic process	biological_process	FALSE	FALSE	live_primary_id	3
GO:0009206	GO_BP:purine ribonucleoside triphosphate biosynthetic process	GO:0009206	purine ribonucleoside triphosphate biosynthetic process	biological_process	FALSE	FALSE	live_primary_id	2
GO:0009228	GO_BP:thiamine biosynthetic process	GO:0009228	thiamine biosynthetic process	biological_process	FALSE	FALSE	live_primary_id	1
GO:0009231	GO_BP:riboflavin biosynthetic process	GO:0009231	riboflavin biosynthetic process	biological_process	FALSE	FALSE	live_primary_id	1
GO:0009245	GO_BP:lipid A biosynthetic process	GO:0009245	lipid A biosynthetic process	biological_process	FALSE	FALSE	live_primary_id	1
GO:0009247	GO_BP:glycolipid biosynthetic process	GO:0009247	glycolipid biosynthetic process	biological_process	FALSE	FALSE	live_primary_id	1
GO:0009250	GO_BP:glucan biosynthetic process	GO:0009250	glucan biosynthetic process	biological_process	FALSE	FALSE	live_primary_id	9
GO:0009251	GO_BP:glucan catabolic process	GO:0009251	glucan catabolic process	biological_process	FALSE	FALSE	live_primary_id	2
GO:0009256	GO_BP:10-formyltetrahydrofolate metabolic process	GO:0009256	10-formyltetrahydrofolate metabolic process	biological_process	FALSE	FALSE	live_primary_id	1
GO:0009257	GO_BP:10-formyltetrahydrofolate biosynthetic process	GO:0009257	10-formyltetrahydrofolate biosynthetic process	biological_process	FALSE	FALSE	live_primary_id	1
GO:0009259	GO_BP:ribonucleotide metabolic process	GO:0009259	ribonucleotide metabolic process	biological_process	FALSE	FALSE	live_primary_id	3
GO:0009260	GO_BP:ribonucleotide biosynthetic process	GO:0009260	ribonucleotide biosynthetic process	biological_process	FALSE	FALSE	live_primary_id	2
GO:0009266	GO_BP:response to temperature stimulus	GO:0009266	response to temperature stimulus	biological_process	FALSE	FALSE	live_primary_id	46
GO:0009267	GO_BP:cellular response to starvation	GO:0009267	cellular response to starvation	biological_process	FALSE	FALSE	live_primary_id	9
GO:0009269	GO_BP:response to desiccation	GO:0009269	response to desiccation	biological_process	FALSE	FALSE	live_primary_id	1
GO:0009308	GO_BP:amine metabolic process	GO:0009308	amine metabolic process	biological_process	FALSE	FALSE	live_primary_id	4
GO:0009309	GO_BP:amine biosynthetic process	GO:0009309	amine biosynthetic process	biological_process	FALSE	FALSE	live_primary_id	1
GO:0009310	GO_BP:amine catabolic process	GO:0009310	amine catabolic process	biological_process	FALSE	FALSE	live_primary_id	1
GO:0009311	GO_BP:oligosaccharide metabolic process	GO:0009311	oligosaccharide metabolic process	biological_process	FALSE	FALSE	live_primary_id	7
GO:0009312	GO_BP:oligosaccharide biosynthetic process	GO:0009312	oligosaccharide biosynthetic process	biological_process	FALSE	FALSE	live_primary_id	5
GO:0009313	GO_BP:oligosaccharide catabolic process	GO:0009313	oligosaccharide catabolic process	biological_process	FALSE	FALSE	live_primary_id	1
GO:0009314	GO_BP:response to radiation	GO:0009314	response to radiation	biological_process	FALSE	FALSE	live_primary_id	57
GO:0009344	GO_CC:nitrite reductase complex [NAD(P)H]	GO:0009344	nitrite reductase complex [NAD(P)H]	cellular_component	FALSE	FALSE	live_primary_id	1
GO:0009396	GO_BP:folic acid-containing compound biosynthetic process	GO:0009396	folic acid-containing compound biosynthetic process	biological_process	FALSE	FALSE	live_primary_id	1
GO:0009403	GO_BP:toxin biosynthetic process	GO:0009403	toxin biosynthetic process	biological_process	FALSE	FALSE	live_primary_id	1
GO:0009404	GO_BP:toxin metabolic process	GO:0009404	toxin metabolic process	biological_process	FALSE	FALSE	live_primary_id	10
GO:0009407	GO_BP:toxin catabolic process	GO:0009407	toxin catabolic process	biological_process	FALSE	FALSE	live_primary_id	9
GO:0009408	GO_BP:response to heat	GO:0009408	response to heat	biological_process	FALSE	FALSE	live_primary_id	17
GO:0009409	GO_BP:response to cold	GO:0009409	response to cold	biological_process	FALSE	FALSE	live_primary_id	32
GO:0009410	GO_BP:response to xenobiotic stimulus	GO:0009410	response to xenobiotic stimulus	biological_process	FALSE	FALSE	live_primary_id	3
GO:0009411	GO_BP:response to UV	GO:0009411	response to UV	biological_process	FALSE	FALSE	live_primary_id	9
GO:0009413	GO_BP:response to flooding	GO:0009413	response to flooding	biological_process	FALSE	FALSE	live_primary_id	1
GO:0009414	GO_BP:response to water deprivation	GO:0009414	response to water deprivation	biological_process	FALSE	FALSE	live_primary_id	34
GO:0009415	GO_BP:response to water	GO:0009415	response to water	biological_process	FALSE	FALSE	live_primary_id	34
GO:0009416	GO_BP:response to light stimulus	GO:0009416	response to light stimulus	biological_process	FALSE	FALSE	live_primary_id	56
GO:0009448	GO_BP:gamma-aminobutyric acid metabolic process	GO:0009448	obsolete GABA metabolic process	biological_process	TRUE	FALSE	obsolete_by_ontology	1
GO:0009450	GO_BP:gamma-aminobutyric acid catabolic process	GO:0009450	GABA catabolic process	biological_process	FALSE	FALSE	live_primary_id	1
GO:0009451	GO_BP:RNA modification	GO:0009451	RNA modification	biological_process	FALSE	FALSE	live_primary_id	1
GO:0009501	GO_CC:amyloplast	GO:0009501	amyloplast	cellular_component	FALSE	FALSE	live_primary_id	1
GO:0009503	GO_CC:thylakoid light-harvesting complex	GO:0009503	thylakoid light-harvesting complex	cellular_component	FALSE	FALSE	live_primary_id	2
GO:0009505	GO_CC:plant-type cell wall	GO:0009505	plant-type cell wall	cellular_component	FALSE	FALSE	live_primary_id	26
GO:0009506	GO_CC:plasmodesma	GO:0009506	plasmodesma	cellular_component	FALSE	FALSE	live_primary_id	52
GO:0009507	GO_CC:chloroplast	GO:0009507	chloroplast	cellular_component	FALSE	FALSE	live_primary_id	97
GO:0009513	GO_CC:etioplast	GO:0009513	etioplast	cellular_component	FALSE	FALSE	live_primary_id	1
GO:0009514	GO_CC:glyoxysome	GO:0009514	glyoxysome	cellular_component	FALSE	FALSE	live_primary_id	1
GO:0009517	GO_CC:PSII associated light-harvesting complex II	GO:0009517	PSII associated light-harvesting complex II	cellular_component	FALSE	FALSE	live_primary_id	2
GO:0009521	GO_CC:photosystem	GO:0009521	photosystem	cellular_component	FALSE	FALSE	live_primary_id	3
GO:0009522	GO_CC:photosystem I	GO:0009522	photosystem I	cellular_component	FALSE	FALSE	live_primary_id	1
GO:0009523	GO_CC:photosystem II	GO:0009523	photosystem II	cellular_component	FALSE	FALSE	live_primary_id	3
GO:0009524	GO_CC:phragmoplast	GO:0009524	phragmoplast	cellular_component	FALSE	FALSE	live_primary_id	2
GO:0009526	GO_CC:plastid envelope	GO:0009526	plastid envelope	cellular_component	FALSE	FALSE	live_primary_id	39
GO:0009527	GO_CC:plastid outer membrane	GO:0009527	plastid outer membrane	cellular_component	FALSE	FALSE	live_primary_id	2
GO:0009528	GO_CC:plastid inner membrane	GO:0009528	plastid inner membrane	cellular_component	FALSE	FALSE	live_primary_id	2
GO:0009532	GO_CC:plastid stroma	GO:0009532	plastid stroma	cellular_component	FALSE	FALSE	live_primary_id	40
GO:0009534	GO_CC:chloroplast thylakoid	GO:0009534	chloroplast thylakoid	cellular_component	FALSE	FALSE	live_primary_id	30
GO:0009535	GO_CC:chloroplast thylakoid membrane	GO:0009535	chloroplast thylakoid membrane	cellular_component	FALSE	FALSE	live_primary_id	25
GO:0009536	GO_CC:plastid	GO:0009536	plastid	cellular_component	FALSE	FALSE	live_primary_id	100
GO:0009543	GO_CC:chloroplast thylakoid lumen	GO:0009543	chloroplast thylakoid lumen	cellular_component	FALSE	FALSE	live_primary_id	2
GO:0009547	GO_CC:plastid ribosome	GO:0009547	plastid ribosome	cellular_component	FALSE	FALSE	live_primary_id	2
GO:0009551	GO_CC:secondary plasmodesma	GO:0009551	secondary plasmodesma	cellular_component	FALSE	FALSE	live_primary_id	1
GO:0009553	GO_BP:embryo sac development	GO:0009553	embryo sac development	biological_process	FALSE	FALSE	live_primary_id	4
GO:0009554	GO_BP:megasporogenesis	GO:0009554	megasporogenesis	biological_process	FALSE	FALSE	live_primary_id	2
GO:0009555	GO_BP:pollen development	GO:0009555	pollen development	biological_process	FALSE	FALSE	live_primary_id	5
GO:0009556	GO_BP:microsporogenesis	GO:0009556	microsporogenesis	biological_process	FALSE	FALSE	live_primary_id	1
GO:0009570	GO_CC:chloroplast stroma	GO:0009570	chloroplast stroma	cellular_component	FALSE	FALSE	live_primary_id	40
GO:0009574	GO_CC:preprophase band	GO:0009574	preprophase band	cellular_component	FALSE	FALSE	live_primary_id	1
GO:0009579	GO_CC:thylakoid	GO:0009579	thylakoid	cellular_component	FALSE	FALSE	live_primary_id	34
GO:0009581	GO_BP:detection of external stimulus	GO:0009581	detection of external stimulus	biological_process	FALSE	FALSE	live_primary_id	2
GO:0009582	GO_BP:detection of abiotic stimulus	GO:0009582	detection of abiotic stimulus	biological_process	FALSE	FALSE	live_primary_id	2
GO:0009595	GO_BP:detection of biotic stimulus	GO:0009595	detection of biotic stimulus	biological_process	FALSE	FALSE	live_primary_id	1
GO:0009605	GO_BP:response to external stimulus	GO:0009605	response to external stimulus	biological_process	FALSE	FALSE	live_primary_id	99
GO:0009606	GO_BP:tropism	GO:0009606	tropism	biological_process	FALSE	FALSE	live_primary_id	8
GO:0009607	GO_BP:response to biotic stimulus	GO:0009607	response to biotic stimulus	biological_process	FALSE	FALSE	live_primary_id	70
GO:0009608	GO_BP:response to symbiont	GO:0009608	response to symbiont	biological_process	FALSE	FALSE	live_primary_id	1
GO:0009610	GO_BP:response to symbiotic fungus	GO:0009610	response to symbiotic fungus	biological_process	FALSE	FALSE	live_primary_id	1
GO:0009611	GO_BP:response to wounding	GO:0009611	response to wounding	biological_process	FALSE	FALSE	live_primary_id	17
GO:0009612	GO_BP:response to mechanical stimulus	GO:0009612	response to mechanical stimulus	biological_process	FALSE	FALSE	live_primary_id	4
GO:0009615	GO_BP:response to virus	GO:0009615	response to virus	biological_process	FALSE	FALSE	live_primary_id	5
GO:0009616	GO_BP:RNAi-mediated antiviral immune response	GO:0009616	RNAi-mediated antiviral immune response	biological_process	FALSE	FALSE	live_primary_id	1
GO:0009617	GO_BP:response to bacterium	GO:0009617	response to bacterium	biological_process	FALSE	FALSE	live_primary_id	33
GO:0009620	GO_BP:response to fungus	GO:0009620	response to fungus	biological_process	FALSE	FALSE	live_primary_id	19
GO:0009624	GO_BP:response to nematode	GO:0009624	response to nematode	biological_process	FALSE	FALSE	live_primary_id	10
GO:0009625	GO_BP:response to insect	GO:0009625	response to insect	biological_process	FALSE	FALSE	live_primary_id	1
GO:0009626	GO_BP:plant-type hypersensitive response	GO:0009626	plant-type hypersensitive response	biological_process	FALSE	FALSE	live_primary_id	5
GO:0009627	GO_BP:systemic acquired resistance	GO:0009627	systemic acquired resistance	biological_process	FALSE	FALSE	live_primary_id	5
GO:0009628	GO_BP:response to abiotic stimulus	GO:0009628	response to abiotic stimulus	biological_process	FALSE	FALSE	live_primary_id	148
GO:0009629	GO_BP:response to gravity	GO:0009629	response to gravity	biological_process	FALSE	FALSE	live_primary_id	9
GO:0009630	GO_BP:gravitropism	GO:0009630	gravitropism	biological_process	FALSE	FALSE	live_primary_id	8
GO:0009631	GO_BP:cold acclimation	GO:0009631	cold acclimation	biological_process	FALSE	FALSE	live_primary_id	1
GO:0009635	GO_BP:response to herbicide	GO:0009635	response to herbicide	biological_process	FALSE	FALSE	live_primary_id	7
GO:0009636	GO_BP:response to toxic substance	GO:0009636	response to toxic substance	biological_process	FALSE	FALSE	live_primary_id	45
GO:0009637	GO_BP:response to blue light	GO:0009637	response to blue light	biological_process	FALSE	FALSE	live_primary_id	8
GO:0009639	GO_BP:response to red or far red light	GO:0009639	response to red or far red light	biological_process	FALSE	FALSE	live_primary_id	13
GO:0009640	GO_BP:photomorphogenesis	GO:0009640	photomorphogenesis	biological_process	FALSE	FALSE	live_primary_id	3
GO:0009641	GO_BP:shade avoidance	GO:0009641	shade avoidance	biological_process	FALSE	FALSE	live_primary_id	3
GO:0009642	GO_BP:response to light intensity	GO:0009642	response to light intensity	biological_process	FALSE	FALSE	live_primary_id	22
GO:0009643	GO_BP:photosynthetic acclimation	GO:0009643	photosynthetic acclimation	biological_process	FALSE	FALSE	live_primary_id	3
GO:0009644	GO_BP:response to high light intensity	GO:0009644	response to high light intensity	biological_process	FALSE	FALSE	live_primary_id	10
GO:0009645	GO_BP:response to low light intensity stimulus	GO:0009645	response to low light intensity stimulus	biological_process	FALSE	FALSE	live_primary_id	2
GO:0009646	GO_BP:response to absence of light	GO:0009646	response to absence of light	biological_process	FALSE	FALSE	live_primary_id	8
GO:0009648	GO_BP:photoperiodism	GO:0009648	photoperiodism	biological_process	FALSE	FALSE	live_primary_id	4
GO:0009649	GO_BP:entrainment of circadian clock	GO:0009649	entrainment of circadian clock	biological_process	FALSE	FALSE	live_primary_id	1
GO:0009651	GO_BP:response to salt stress	GO:0009651	response to salt stress	biological_process	FALSE	FALSE	live_primary_id	34
GO:0009653	GO_BP:anatomical structure morphogenesis	GO:0009653	anatomical structure morphogenesis	biological_process	FALSE	FALSE	live_primary_id	40
GO:0009654	GO_CC:photosystem II oxygen evolving complex	GO:0009654	photosystem II oxygen evolving complex	cellular_component	FALSE	FALSE	live_primary_id	1
GO:0009657	GO_BP:plastid organization	GO:0009657	plastid organization	biological_process	FALSE	FALSE	live_primary_id	6
GO:0009658	GO_BP:chloroplast organization	GO:0009658	chloroplast organization	biological_process	FALSE	FALSE	live_primary_id	4
GO:0009663	GO_BP:plasmodesma organization	GO:0009663	plasmodesma organization	biological_process	FALSE	FALSE	live_primary_id	1
GO:0009664	GO_BP:plant-type cell wall organization	GO:0009664	plant-type cell wall organization	biological_process	FALSE	FALSE	live_primary_id	12
GO:0009671	GO_MF:nitrate:proton symporter activity	GO:0009671	nitrate:proton symporter activity	molecular_function	FALSE	FALSE	live_primary_id	1
GO:0009673	GO_MF:low-affinity phosphate transmembrane transporter activity	GO:0009673	low-affinity phosphate transmembrane transporter activity	molecular_function	FALSE	FALSE	live_primary_id	1
GO:0009679	GO_MF:hexose:proton symporter activity	GO:0009679	hexose:proton symporter activity	molecular_function	FALSE	FALSE	live_primary_id	1
GO:0009682	GO_BP:induced systemic resistance	GO:0009682	induced systemic resistance	biological_process	FALSE	FALSE	live_primary_id	4
GO:0009683	GO_BP:indoleacetic acid metabolic process	GO:0009683	obsolete indoleacetic acid metabolic process	biological_process	TRUE	FALSE	obsolete_by_ontology	4
GO:0009684	GO_BP:indoleacetic acid biosynthetic process	GO:0009684	indoleacetic acid biosynthetic process	biological_process	FALSE	FALSE	live_primary_id	4
GO:0009685	GO_BP:gibberellin metabolic process	GO:0009685	gibberellin metabolic process	biological_process	FALSE	FALSE	live_primary_id	5
GO:0009686	GO_BP:gibberellin biosynthetic process	GO:0009686	gibberellin biosynthetic process	biological_process	FALSE	FALSE	live_primary_id	4
GO:0009687	GO_BP:abscisic acid metabolic process	GO:0009687	abscisic acid metabolic process	biological_process	FALSE	FALSE	live_primary_id	1
GO:0009688	GO_BP:abscisic acid biosynthetic process	GO:0009688	abscisic acid biosynthetic process	biological_process	FALSE	FALSE	live_primary_id	1
GO:0009690	GO_BP:cytokinin metabolic process	GO:0009690	cytokinin metabolic process	biological_process	FALSE	FALSE	live_primary_id	2
GO:0009694	GO_BP:jasmonic acid metabolic process	GO:0009694	jasmonic acid metabolic process	biological_process	FALSE	FALSE	live_primary_id	3
GO:0009695	GO_BP:jasmonic acid biosynthetic process	GO:0009695	jasmonic acid biosynthetic process	biological_process	FALSE	FALSE	live_primary_id	3
GO:0009696	GO_BP:salicylic acid metabolic process	GO:0009696	salicylic acid metabolic process	biological_process	FALSE	FALSE	live_primary_id	1
GO:0009697	GO_BP:salicylic acid biosynthetic process	GO:0009697	salicylic acid biosynthetic process	biological_process	FALSE	FALSE	live_primary_id	1
GO:0009698	GO_BP:phenylpropanoid metabolic process	GO:0009698	phenylpropanoid metabolic process	biological_process	FALSE	FALSE	live_primary_id	8
GO:0009699	GO_BP:phenylpropanoid biosynthetic process	GO:0009699	phenylpropanoid biosynthetic process	biological_process	FALSE	FALSE	live_primary_id	7
GO:0009704	GO_BP:de-etiolation	GO:0009704	de-etiolation	biological_process	FALSE	FALSE	live_primary_id	1
GO:0009705	GO_CC:plant-type vacuole membrane	GO:0009705	plant-type vacuole membrane	cellular_component	FALSE	FALSE	live_primary_id	15
GO:0009706	GO_CC:chloroplast inner membrane	GO:0009706	chloroplast inner membrane	cellular_component	FALSE	FALSE	live_primary_id	2
GO:0009707	GO_CC:chloroplast outer membrane	GO:0009707	chloroplast outer membrane	cellular_component	FALSE	FALSE	live_primary_id	2
GO:0009718	GO_BP:anthocyanin-containing compound biosynthetic process	GO:0009718	anthocyanin-containing compound biosynthetic process	biological_process	FALSE	FALSE	live_primary_id	7
GO:0009719	GO_BP:response to endogenous stimulus	GO:0009719	response to endogenous stimulus	biological_process	FALSE	FALSE	live_primary_id	98
GO:0009723	GO_BP:response to ethylene	GO:0009723	response to ethylene	biological_process	FALSE	FALSE	live_primary_id	19
GO:0009725	GO_BP:response to hormone	GO:0009725	response to hormone	biological_process	FALSE	FALSE	live_primary_id	97
GO:0009733	GO_BP:response to auxin	GO:0009733	response to auxin	biological_process	FALSE	FALSE	live_primary_id	26
GO:0009734	GO_BP:auxin-activated signaling pathway	GO:0009734	auxin-activated signaling pathway	biological_process	FALSE	FALSE	live_primary_id	6
GO:0009735	GO_BP:response to cytokinin	GO:0009735	response to cytokinin	biological_process	FALSE	FALSE	live_primary_id	22
GO:0009736	GO_BP:cytokinin-activated signaling pathway	GO:0009736	cytokinin-activated signaling pathway	biological_process	FALSE	FALSE	live_primary_id	3
GO:0009737	GO_BP:response to abscisic acid	GO:0009737	response to abscisic acid	biological_process	FALSE	FALSE	live_primary_id	27
GO:0009738	GO_BP:abscisic acid-activated signaling pathway	GO:0009738	abscisic acid-activated signaling pathway	biological_process	FALSE	FALSE	live_primary_id	3
GO:0009739	GO_BP:response to gibberellin	GO:0009739	response to gibberellin	biological_process	FALSE	FALSE	live_primary_id	8
GO:0009740	GO_BP:gibberellic acid mediated signaling pathway	GO:0009740	gibberellic acid mediated signaling pathway	biological_process	FALSE	FALSE	live_primary_id	5
GO:0009741	GO_BP:response to brassinosteroid	GO:0009741	response to brassinosteroid	biological_process	FALSE	FALSE	live_primary_id	6
GO:0009742	GO_BP:brassinosteroid mediated signaling pathway	GO:0009742	brassinosteroid mediated signaling pathway	biological_process	FALSE	FALSE	live_primary_id	2
GO:0009743	GO_BP:response to carbohydrate	GO:0009743	response to carbohydrate	biological_process	FALSE	FALSE	live_primary_id	11
GO:0009744	GO_BP:response to sucrose	GO:0009744	response to sucrose	biological_process	FALSE	FALSE	live_primary_id	8
GO:0009745	GO_BP:sucrose mediated signaling	GO:0009745	sucrose mediated signaling	biological_process	FALSE	FALSE	live_primary_id	4
GO:0009746	GO_BP:response to hexose	GO:0009746	response to hexose	biological_process	FALSE	FALSE	live_primary_id	3
GO:0009749	GO_BP:response to glucose	GO:0009749	response to glucose	biological_process	FALSE	FALSE	live_primary_id	3
GO:0009750	GO_BP:response to fructose	GO:0009750	response to fructose	biological_process	FALSE	FALSE	live_primary_id	1
GO:0009751	GO_BP:response to salicylic acid	GO:0009751	response to salicylic acid	biological_process	FALSE	FALSE	live_primary_id	12
GO:0009753	GO_BP:response to jasmonic acid	GO:0009753	response to jasmonic acid	biological_process	FALSE	FALSE	live_primary_id	20
GO:0009755	GO_BP:hormone-mediated signaling pathway	GO:0009755	hormone-mediated signaling pathway	biological_process	FALSE	FALSE	live_primary_id	28
GO:0009756	GO_BP:carbohydrate mediated signaling	GO:0009756	carbohydrate mediated signaling	biological_process	FALSE	FALSE	live_primary_id	6
GO:0009765	GO_BP:photosynthesis, light harvesting	GO:0009765	photosynthesis, light harvesting	biological_process	FALSE	FALSE	live_primary_id	8
GO:0009767	GO_BP:photosynthetic electron transport chain	GO:0009767	photosynthetic electron transport chain	biological_process	FALSE	FALSE	live_primary_id	5
GO:0009768	GO_BP:photosynthesis, light harvesting in photosystem I	GO:0009768	photosynthesis, light harvesting in photosystem I	biological_process	FALSE	FALSE	live_primary_id	7
GO:0009769	GO_BP:photosynthesis, light harvesting in photosystem II	GO:0009769	photosynthesis, light harvesting in photosystem II	biological_process	FALSE	FALSE	live_primary_id	2
GO:0009773	GO_BP:photosynthetic electron transport in photosystem I	GO:0009773	photosynthetic electron transport in photosystem I	biological_process	FALSE	FALSE	live_primary_id	2
GO:0009783	GO_CC:photosystem II antenna complex	GO:0009783	photosystem II antenna complex	cellular_component	FALSE	FALSE	live_primary_id	1
GO:0009785	GO_BP:blue light signaling pathway	GO:0009785	blue light signaling pathway	biological_process	FALSE	FALSE	live_primary_id	1
GO:0009787	GO_BP:regulation of abscisic acid-activated signaling pathway	GO:0009787	regulation of abscisic acid-activated signaling pathway	biological_process	FALSE	FALSE	live_primary_id	6
GO:0009788	GO_BP:negative regulation of abscisic acid-activated signaling pathway	GO:0009788	negative regulation of abscisic acid-activated signaling pathway	biological_process	FALSE	FALSE	live_primary_id	4
GO:0009789	GO_BP:positive regulation of abscisic acid-activated signaling pathway	GO:0009789	positive regulation of abscisic acid-activated signaling pathway	biological_process	FALSE	FALSE	live_primary_id	2
GO:0009790	GO_BP:embryo development	GO:0009790	embryo development	biological_process	FALSE	FALSE	live_primary_id	15
GO:0009791	GO_BP:post-embryonic development	GO:0009791	post-embryonic development	biological_process	FALSE	FALSE	live_primary_id	70
GO:0009792	GO_BP:embryo development ending in birth or egg hatching	GO:0009792	embryo development ending in birth or egg hatching	biological_process	FALSE	FALSE	live_primary_id	2
GO:0009793	GO_BP:embryo development ending in seed dormancy	GO:0009793	embryo development ending in seed dormancy	biological_process	FALSE	FALSE	live_primary_id	13
GO:0009798	GO_BP:axis specification	GO:0009798	axis specification	biological_process	FALSE	FALSE	live_primary_id	4
GO:0009799	GO_BP:specification of symmetry	GO:0009799	specification of symmetry	biological_process	FALSE	FALSE	live_primary_id	3
GO:0009804	GO_BP:coumarin metabolic process	GO:0009804	coumarin metabolic process	biological_process	FALSE	FALSE	live_primary_id	1
GO:0009805	GO_BP:coumarin biosynthetic process	GO:0009805	coumarin biosynthetic process	biological_process	FALSE	FALSE	live_primary_id	1
GO:0009808	GO_BP:lignin metabolic process	GO:0009808	lignin metabolic process	biological_process	FALSE	FALSE	live_primary_id	7
GO:0009809	GO_BP:lignin biosynthetic process	GO:0009809	lignin biosynthetic process	biological_process	FALSE	FALSE	live_primary_id	7
GO:0009810	GO_BP:stilbene metabolic process	GO:0009810	obsolete stilbene metabolic process	biological_process	TRUE	FALSE	obsolete_by_ontology	1
GO:0009812	GO_BP:flavonoid metabolic process	GO:0009812	flavonoid metabolic process	biological_process	FALSE	FALSE	live_primary_id	12
GO:0009813	GO_BP:flavonoid biosynthetic process	GO:0009813	flavonoid biosynthetic process	biological_process	FALSE	FALSE	live_primary_id	10
GO:0009820	GO_BP:alkaloid metabolic process	GO:0009820	alkaloid metabolic process	biological_process	FALSE	FALSE	live_primary_id	1
GO:0009821	GO_BP:alkaloid biosynthetic process	GO:0009821	alkaloid biosynthetic process	biological_process	FALSE	FALSE	live_primary_id	1
GO:0009823	GO_BP:cytokinin catabolic process	GO:0009823	cytokinin catabolic process	biological_process	FALSE	FALSE	live_primary_id	2
GO:0009825	GO_BP:multidimensional cell growth	GO:0009825	multidimensional cell growth	biological_process	FALSE	FALSE	live_primary_id	4
GO:0009826	GO_BP:unidimensional cell growth	GO:0009826	unidimensional cell growth	biological_process	FALSE	FALSE	live_primary_id	15
GO:0009827	GO_BP:plant-type cell wall modification	GO:0009827	plant-type cell wall modification	biological_process	FALSE	FALSE	live_primary_id	3
GO:0009828	GO_BP:plant-type cell wall loosening	GO:0009828	plant-type cell wall loosening	biological_process	FALSE	FALSE	live_primary_id	2
GO:0009830	GO_BP:cell wall modification involved in abscission	GO:0009830	cell wall modification involved in abscission	biological_process	FALSE	FALSE	live_primary_id	1
GO:0009832	GO_BP:plant-type cell wall biogenesis	GO:0009832	plant-type cell wall biogenesis	biological_process	FALSE	FALSE	live_primary_id	8
GO:0009833	GO_BP:plant-type primary cell wall biogenesis	GO:0009833	plant-type primary cell wall biogenesis	biological_process	FALSE	FALSE	live_primary_id	4
GO:0009834	GO_BP:plant-type secondary cell wall biogenesis	GO:0009834	plant-type secondary cell wall biogenesis	biological_process	FALSE	FALSE	live_primary_id	3
GO:0009835	GO_BP:fruit ripening	GO:0009835	fruit ripening	biological_process	FALSE	FALSE	live_primary_id	1
GO:0009838	GO_BP:abscission	GO:0009838	abscission	biological_process	FALSE	FALSE	live_primary_id	1
GO:0009845	GO_BP:seed germination	GO:0009845	seed germination	biological_process	FALSE	FALSE	live_primary_id	8
GO:0009850	GO_BP:auxin metabolic process	GO:0009850	auxin metabolic process	biological_process	FALSE	FALSE	live_primary_id	6
GO:0009851	GO_BP:auxin biosynthetic process	GO:0009851	auxin biosynthetic process	biological_process	FALSE	FALSE	live_primary_id	5
GO:0009853	GO_BP:photorespiration	GO:0009853	photorespiration	biological_process	FALSE	FALSE	live_primary_id	3
GO:0009854	GO_BP:oxidative photosynthetic carbon pathway	GO:0009854	oxidative photosynthetic carbon pathway	biological_process	FALSE	FALSE	live_primary_id	1
GO:0009855	GO_BP:determination of bilateral symmetry	GO:0009855	determination of bilateral symmetry	biological_process	FALSE	FALSE	live_primary_id	3
GO:0009856	GO_BP:pollination	GO:0009856	pollination	biological_process	FALSE	FALSE	live_primary_id	6
GO:0009860	GO_BP:pollen tube growth	GO:0009860	pollen tube growth	biological_process	FALSE	FALSE	live_primary_id	4
GO:0009861	GO_BP:jasmonic acid and ethylene-dependent systemic resistance	GO:0009861	jasmonic acid and ethylene-dependent systemic resistance	biological_process	FALSE	FALSE	live_primary_id	3
GO:0009864	GO_BP:induced systemic resistance, jasmonic acid mediated signaling pathway	GO:0009864	induced systemic resistance, jasmonic acid mediated signaling pathway	biological_process	FALSE	FALSE	live_primary_id	2
GO:0009866	GO_BP:induced systemic resistance, ethylene mediated signaling pathway	GO:0009866	induced systemic resistance, ethylene mediated signaling pathway	biological_process	FALSE	FALSE	live_primary_id	2
GO:0009867	GO_BP:jasmonic acid mediated signaling pathway	GO:0009867	jasmonic acid mediated signaling pathway	biological_process	FALSE	FALSE	live_primary_id	7
GO:0009871	GO_BP:jasmonic acid and ethylene-dependent systemic resistance, ethylene mediated signaling pathway	GO:0009871	jasmonic acid and ethylene-dependent systemic resistance, ethylene mediated signaling pathway	biological_process	FALSE	FALSE	live_primary_id	1
GO:0009873	GO_BP:ethylene-activated signaling pathway	GO:0009873	ethylene-activated signaling pathway	biological_process	FALSE	FALSE	live_primary_id	4
GO:0009877	GO_BP:nodulation	GO:0009877	nodulation	biological_process	FALSE	FALSE	live_primary_id	1
GO:0009880	GO_BP:embryonic pattern specification	GO:0009880	embryonic pattern specification	biological_process	FALSE	FALSE	live_primary_id	1
GO:0009887	GO_BP:animal organ morphogenesis	GO:0009887	animal organ morphogenesis	biological_process	FALSE	FALSE	live_primary_id	2
GO:0009888	GO_BP:tissue development	GO:0009888	tissue development	biological_process	FALSE	FALSE	live_primary_id	27
GO:0009889	GO_BP:regulation of biosynthetic process	GO:0009889	regulation of biosynthetic process	biological_process	FALSE	FALSE	live_primary_id	82
GO:0009890	GO_BP:negative regulation of biosynthetic process	GO:0009890	negative regulation of biosynthetic process	biological_process	FALSE	FALSE	live_primary_id	10
GO:0009891	GO_BP:positive regulation of biosynthetic process	GO:0009891	positive regulation of biosynthetic process	biological_process	FALSE	FALSE	live_primary_id	34
GO:0009892	GO_BP:negative regulation of metabolic process	GO:0009892	negative regulation of metabolic process	biological_process	FALSE	FALSE	live_primary_id	18
GO:0009893	GO_BP:positive regulation of metabolic process	GO:0009893	positive regulation of metabolic process	biological_process	FALSE	FALSE	live_primary_id	43
GO:0009894	GO_BP:regulation of catabolic process	GO:0009894	regulation of catabolic process	biological_process	FALSE	FALSE	live_primary_id	5
GO:0009895	GO_BP:negative regulation of catabolic process	GO:0009895	negative regulation of catabolic process	biological_process	FALSE	FALSE	live_primary_id	1
GO:0009896	GO_BP:positive regulation of catabolic process	GO:0009896	positive regulation of catabolic process	biological_process	FALSE	FALSE	live_primary_id	4
GO:0009897	GO_CC:external side of plasma membrane	GO:0009897	external side of plasma membrane	cellular_component	FALSE	FALSE	live_primary_id	1
GO:0009898	GO_CC:cytoplasmic side of plasma membrane	GO:0009898	cytoplasmic side of plasma membrane	cellular_component	FALSE	FALSE	live_primary_id	1
GO:0009900	GO_BP:dehiscence	GO:0009900	dehiscence	biological_process	FALSE	FALSE	live_primary_id	3
GO:0009901	GO_BP:anther dehiscence	GO:0009901	anther dehiscence	biological_process	FALSE	FALSE	live_primary_id	1
GO:0009905	GO_MF:ent-copalyl diphosphate synthase activity	GO:0009905	ent-copalyl diphosphate synthase activity	molecular_function	FALSE	FALSE	live_primary_id	1
GO:0009908	GO_BP:flower development	GO:0009908	flower development	biological_process	FALSE	FALSE	live_primary_id	21
GO:0009909	GO_BP:regulation of flower development	GO:0009909	regulation of flower development	biological_process	FALSE	FALSE	live_primary_id	7
GO:0009910	GO_BP:negative regulation of flower development	GO:0009910	negative regulation of flower development	biological_process	FALSE	FALSE	live_primary_id	3
GO:0009911	GO_BP:positive regulation of flower development	GO:0009911	positive regulation of flower development	biological_process	FALSE	FALSE	live_primary_id	1
GO:0009914	GO_BP:hormone transport	GO:0009914	hormone transport	biological_process	FALSE	FALSE	live_primary_id	8
GO:0009926	GO_BP:auxin polar transport	GO:0009926	auxin polar transport	biological_process	FALSE	FALSE	live_primary_id	7
GO:0009927	GO_MF:histidine phosphotransfer kinase activity	GO:0009927	histidine phosphotransfer kinase activity	molecular_function	FALSE	FALSE	live_primary_id	1
GO:0009931	GO_MF:calcium-dependent protein serine/threonine kinase activity	GO:0009931	calcium-dependent protein serine/threonine kinase activity	molecular_function	FALSE	FALSE	live_primary_id	1
GO:0009932	GO_BP:cell tip growth	GO:0009932	cell tip growth	biological_process	FALSE	FALSE	live_primary_id	6
GO:0009933	GO_BP:meristem structural organization	GO:0009933	meristem structural organization	biological_process	FALSE	FALSE	live_primary_id	2
GO:0009937	GO_BP:regulation of gibberellic acid mediated signaling pathway	GO:0009937	regulation of gibberellic acid mediated signaling pathway	biological_process	FALSE	FALSE	live_primary_id	1
GO:0009938	GO_BP:negative regulation of gibberellic acid mediated signaling pathway	GO:0009938	negative regulation of gibberellic acid mediated signaling pathway	biological_process	FALSE	FALSE	live_primary_id	1
GO:0009941	GO_CC:chloroplast envelope	GO:0009941	chloroplast envelope	cellular_component	FALSE	FALSE	live_primary_id	37
GO:0009943	GO_BP:adaxial/abaxial axis specification	GO:0009943	adaxial/abaxial axis specification	biological_process	FALSE	FALSE	live_primary_id	3
GO:0009944	GO_BP:polarity specification of adaxial/abaxial axis	GO:0009944	polarity specification of adaxial/abaxial axis	biological_process	FALSE	FALSE	live_primary_id	3
GO:0009952	GO_BP:anterior/posterior pattern specification	GO:0009952	anterior/posterior pattern specification	biological_process	FALSE	FALSE	live_primary_id	2
GO:0009954	GO_BP:proximal/distal pattern formation	GO:0009954	proximal/distal pattern formation	biological_process	FALSE	FALSE	live_primary_id	1
GO:0009955	GO_BP:adaxial/abaxial pattern specification	GO:0009955	adaxial/abaxial pattern specification	biological_process	FALSE	FALSE	live_primary_id	3
GO:0009958	GO_BP:positive gravitropism	GO:0009958	positive gravitropism	biological_process	FALSE	FALSE	live_primary_id	6
GO:0009960	GO_BP:endosperm development	GO:0009960	endosperm development	biological_process	FALSE	FALSE	live_primary_id	2
GO:0009962	GO_BP:regulation of flavonoid biosynthetic process	GO:0009962	regulation of flavonoid biosynthetic process	biological_process	FALSE	FALSE	live_primary_id	7
GO:0009963	GO_BP:positive regulation of flavonoid biosynthetic process	GO:0009963	positive regulation of flavonoid biosynthetic process	biological_process	FALSE	FALSE	live_primary_id	6
GO:0009965	GO_BP:leaf morphogenesis	GO:0009965	leaf morphogenesis	biological_process	FALSE	FALSE	live_primary_id	2
GO:0009966	GO_BP:regulation of signal transduction	GO:0009966	regulation of signal transduction	biological_process	FALSE	FALSE	live_primary_id	18
GO:0009967	GO_BP:positive regulation of signal transduction	GO:0009967	positive regulation of signal transduction	biological_process	FALSE	FALSE	live_primary_id	4
GO:0009968	GO_BP:negative regulation of signal transduction	GO:0009968	negative regulation of signal transduction	biological_process	FALSE	FALSE	live_primary_id	6
GO:0009970	GO_BP:cellular response to sulfate starvation	GO:0009970	cellular response to sulfate starvation	biological_process	FALSE	FALSE	live_primary_id	1
GO:0009975	GO_MF:cyclase activity	GO:0009975	cyclase activity	molecular_function	FALSE	FALSE	live_primary_id	1
GO:0009978	GO_MF:allene oxide synthase activity	GO:0009978	allene oxide synthase activity	molecular_function	FALSE	FALSE	live_primary_id	1
GO:0009986	GO_CC:cell surface	GO:0009986	cell surface	cellular_component	FALSE	FALSE	live_primary_id	2
GO:0009987	GO_BP:cellular process	GO:0009987	cellular process	biological_process	FALSE	FALSE	live_primary_id	373
GO:0009991	GO_BP:obsolete response to extracellular stimulus	GO:0009991	obsolete response to extracellular stimulus	biological_process	TRUE	TRUE	obsolete_by_ontology	21
GO:0010008	GO_CC:endosome membrane	GO:0010008	endosome membrane	cellular_component	FALSE	FALSE	live_primary_id	2
GO:0010011	GO_MF:auxin binding	GO:0010011	auxin binding	molecular_function	FALSE	FALSE	live_primary_id	1
GO:0010014	GO_BP:meristem initiation	GO:0010014	meristem initiation	biological_process	FALSE	FALSE	live_primary_id	1
GO:0010015	GO_BP:root morphogenesis	GO:0010015	root morphogenesis	biological_process	FALSE	FALSE	live_primary_id	13
GO:0010016	GO_BP:shoot system morphogenesis	GO:0010016	shoot system morphogenesis	biological_process	FALSE	FALSE	live_primary_id	6
GO:0010019	GO_BP:chloroplast-nucleus signaling pathway	GO:0010019	chloroplast-nucleus signaling pathway	biological_process	FALSE	FALSE	live_primary_id	1
GO:0010022	GO_BP:meristem determinacy	GO:0010022	meristem determinacy	biological_process	FALSE	FALSE	live_primary_id	1
GO:0010025	GO_BP:wax biosynthetic process	GO:0010025	wax biosynthetic process	biological_process	FALSE	FALSE	live_primary_id	2
GO:0010026	GO_BP:trichome differentiation	GO:0010026	trichome differentiation	biological_process	FALSE	FALSE	live_primary_id	4
GO:0010029	GO_BP:regulation of seed germination	GO:0010029	regulation of seed germination	biological_process	FALSE	FALSE	live_primary_id	5
GO:0010030	GO_BP:positive regulation of seed germination	GO:0010030	positive regulation of seed germination	biological_process	FALSE	FALSE	live_primary_id	3
GO:0010033	GO_BP:response to organic substance	GO:0010033	obsolete response to organic substance	biological_process	TRUE	FALSE	obsolete_by_ontology	109
GO:0010035	GO_BP:response to inorganic substance	GO:0010035	obsolete response to inorganic substance	biological_process	TRUE	FALSE	obsolete_by_ontology	75
GO:0010036	GO_BP:response to boron-containing substance	GO:0010036	response to boron-containing substance	biological_process	FALSE	FALSE	live_primary_id	2
GO:0010038	GO_BP:response to metal ion	GO:0010038	response to metal ion	biological_process	FALSE	FALSE	live_primary_id	32
GO:0010039	GO_BP:response to iron ion	GO:0010039	response to iron ion	biological_process	FALSE	FALSE	live_primary_id	8
GO:0010043	GO_BP:response to zinc ion	GO:0010043	response to zinc ion	biological_process	FALSE	FALSE	live_primary_id	4
GO:0010045	GO_BP:response to nickel cation	GO:0010045	response to nickel cation	biological_process	FALSE	FALSE	live_primary_id	1
GO:0010047	GO_BP:fruit dehiscence	GO:0010047	fruit dehiscence	biological_process	FALSE	FALSE	live_primary_id	3
GO:0010050	GO_BP:vegetative phase change	GO:0010050	vegetative phase change	biological_process	FALSE	FALSE	live_primary_id	2
GO:0010051	GO_BP:xylem and phloem pattern formation	GO:0010051	xylem and phloem pattern formation	biological_process	FALSE	FALSE	live_primary_id	2
GO:0010052	GO_BP:guard cell differentiation	GO:0010052	guard cell differentiation	biological_process	FALSE	FALSE	live_primary_id	2
GO:0010053	GO_BP:root epidermal cell differentiation	GO:0010053	root epidermal cell differentiation	biological_process	FALSE	FALSE	live_primary_id	7
GO:0010054	GO_BP:trichoblast differentiation	GO:0010054	trichoblast differentiation	biological_process	FALSE	FALSE	live_primary_id	5
GO:0010055	GO_BP:atrichoblast differentiation	GO:0010055	atrichoblast differentiation	biological_process	FALSE	FALSE	live_primary_id	1
GO:0010065	GO_BP:primary meristem tissue development	GO:0010065	primary meristem tissue development	biological_process	FALSE	FALSE	live_primary_id	2
GO:0010067	GO_BP:procambium histogenesis	GO:0010067	procambium histogenesis	biological_process	FALSE	FALSE	live_primary_id	2
GO:0010069	GO_BP:zygote asymmetric cytokinesis in embryo sac	GO:0010069	zygote asymmetric cytokinesis in embryo sac	biological_process	FALSE	FALSE	live_primary_id	1
GO:0010070	GO_BP:zygote asymmetric cell division	GO:0010070	zygote asymmetric cell division	biological_process	FALSE	FALSE	live_primary_id	1
GO:0010072	GO_BP:primary shoot apical meristem specification	GO:0010072	primary shoot apical meristem specification	biological_process	FALSE	FALSE	live_primary_id	1
GO:0010073	GO_BP:meristem maintenance	GO:0010073	meristem maintenance	biological_process	FALSE	FALSE	live_primary_id	4
GO:0010074	GO_BP:maintenance of meristem identity	GO:0010074	maintenance of meristem identity	biological_process	FALSE	FALSE	live_primary_id	1
GO:0010075	GO_BP:regulation of meristem growth	GO:0010075	regulation of meristem growth	biological_process	FALSE	FALSE	live_primary_id	1
GO:0010078	GO_BP:maintenance of root meristem identity	GO:0010078	maintenance of root meristem identity	biological_process	FALSE	FALSE	live_primary_id	1
GO:0010087	GO_BP:phloem or xylem histogenesis	GO:0010087	phloem or xylem histogenesis	biological_process	FALSE	FALSE	live_primary_id	7
GO:0010088	GO_BP:phloem development	GO:0010088	phloem development	biological_process	FALSE	FALSE	live_primary_id	2
GO:0010089	GO_BP:xylem development	GO:0010089	xylem development	biological_process	FALSE	FALSE	live_primary_id	3
GO:0010090	GO_BP:trichome morphogenesis	GO:0010090	trichome morphogenesis	biological_process	FALSE	FALSE	live_primary_id	2
GO:0010093	GO_BP:specification of floral organ identity	GO:0010093	specification of floral organ identity	biological_process	FALSE	FALSE	live_primary_id	1
GO:0010099	GO_BP:regulation of photomorphogenesis	GO:0010099	regulation of photomorphogenesis	biological_process	FALSE	FALSE	live_primary_id	1
GO:0010100	GO_BP:negative regulation of photomorphogenesis	GO:0010100	negative regulation of photomorphogenesis	biological_process	FALSE	FALSE	live_primary_id	1
GO:0010101	GO_BP:post-embryonic root morphogenesis	GO:0010101	post-embryonic root morphogenesis	biological_process	FALSE	FALSE	live_primary_id	5
GO:0010102	GO_BP:lateral root morphogenesis	GO:0010102	lateral root morphogenesis	biological_process	FALSE	FALSE	live_primary_id	5
GO:0010103	GO_BP:stomatal complex morphogenesis	GO:0010103	stomatal complex morphogenesis	biological_process	FALSE	FALSE	live_primary_id	3
GO:0010106	GO_BP:cellular response to iron ion starvation	GO:0010106	cellular response to iron ion starvation	biological_process	FALSE	FALSE	live_primary_id	1
GO:0010109	GO_BP:regulation of photosynthesis	GO:0010109	regulation of photosynthesis	biological_process	FALSE	FALSE	live_primary_id	2
GO:0010114	GO_BP:response to red light	GO:0010114	response to red light	biological_process	FALSE	FALSE	live_primary_id	7
GO:0010118	GO_BP:stomatal movement	GO:0010118	stomatal movement	biological_process	FALSE	FALSE	live_primary_id	2
GO:0010119	GO_BP:regulation of stomatal movement	GO:0010119	regulation of stomatal movement	biological_process	FALSE	FALSE	live_primary_id	4
GO:0010143	GO_BP:cutin biosynthetic process	GO:0010143	cutin biosynthetic process	biological_process	FALSE	FALSE	live_primary_id	3
GO:0010148	GO_BP:transpiration	GO:0010148	transpiration	biological_process	FALSE	FALSE	live_primary_id	1
GO:0010150	GO_BP:leaf senescence	GO:0010150	leaf senescence	biological_process	FALSE	FALSE	live_primary_id	7
GO:0010154	GO_BP:fruit development	GO:0010154	fruit development	biological_process	FALSE	FALSE	live_primary_id	32
GO:0010158	GO_BP:abaxial cell fate specification	GO:0010158	abaxial cell fate specification	biological_process	FALSE	FALSE	live_primary_id	3
GO:0010166	GO_BP:wax metabolic process	GO:0010166	wax metabolic process	biological_process	FALSE	FALSE	live_primary_id	2
GO:0010167	GO_BP:response to nitrate	GO:0010167	response to nitrate	biological_process	FALSE	FALSE	live_primary_id	6
GO:0010168	GO_CC:ER body	GO:0010168	ER body	cellular_component	FALSE	FALSE	live_primary_id	1
GO:0010170	GO_CC:glucose-1-phosphate adenylyltransferase complex	GO:0010170	glucose-1-phosphate adenylyltransferase complex	cellular_component	FALSE	FALSE	live_primary_id	1
GO:0010182	GO_BP:sugar mediated signaling pathway	GO:0010182	sugar mediated signaling pathway	biological_process	FALSE	FALSE	live_primary_id	6
GO:0010183	GO_BP:pollen tube guidance	GO:0010183	pollen tube guidance	biological_process	FALSE	FALSE	live_primary_id	4
GO:0010187	GO_BP:negative regulation of seed germination	GO:0010187	negative regulation of seed germination	biological_process	FALSE	FALSE	live_primary_id	1
GO:0010189	GO_BP:vitamin E biosynthetic process	GO:0010189	vitamin E biosynthetic process	biological_process	FALSE	FALSE	live_primary_id	3
GO:0010191	GO_BP:mucilage metabolic process	GO:0010191	obsolete mucilage metabolic process	biological_process	TRUE	FALSE	obsolete_by_ontology	4
GO:0010192	GO_BP:mucilage biosynthetic process	GO:0010192	mucilage biosynthetic process	biological_process	FALSE	FALSE	live_primary_id	3
GO:0010193	GO_BP:response to ozone	GO:0010193	response to ozone	biological_process	FALSE	FALSE	live_primary_id	3
GO:0010196	GO_BP:nonphotochemical quenching	GO:0010196	nonphotochemical quenching	biological_process	FALSE	FALSE	live_primary_id	1
GO:0010200	GO_BP:response to chitin	GO:0010200	response to chitin	biological_process	FALSE	FALSE	live_primary_id	10
GO:0010205	GO_BP:photoinhibition	GO:0010205	photoinhibition	biological_process	FALSE	FALSE	live_primary_id	1
GO:0010206	GO_BP:photosystem II repair	GO:0010206	photosystem II repair	biological_process	FALSE	FALSE	live_primary_id	1
GO:0010207	GO_BP:photosystem II assembly	GO:0010207	photosystem II assembly	biological_process	FALSE	FALSE	live_primary_id	1
GO:0010212	GO_BP:response to ionizing radiation	GO:0010212	response to ionizing radiation	biological_process	FALSE	FALSE	live_primary_id	1
GO:0010214	GO_BP:seed coat development	GO:0010214	seed coat development	biological_process	FALSE	FALSE	live_primary_id	4
GO:0010216	GO_BP:obsolete negative regulation of gene expression via chromosomal DNA cytosine methylation	GO:0010216	obsolete negative regulation of gene expression via chromosomal DNA cytosine methylation	biological_process	TRUE	TRUE	obsolete_by_ontology	1
GO:0010218	GO_BP:response to far red light	GO:0010218	response to far red light	biological_process	FALSE	FALSE	live_primary_id	6
GO:0010224	GO_BP:response to UV-B	GO:0010224	response to UV-B	biological_process	FALSE	FALSE	live_primary_id	5
GO:0010227	GO_BP:floral organ abscission	GO:0010227	floral organ abscission	biological_process	FALSE	FALSE	live_primary_id	1
GO:0010228	GO_BP:vegetative to reproductive phase transition of meristem	GO:0010228	vegetative to reproductive phase transition of meristem	biological_process	FALSE	FALSE	live_primary_id	6
GO:0010229	GO_BP:inflorescence development	GO:0010229	inflorescence development	biological_process	FALSE	FALSE	live_primary_id	2
GO:0010235	GO_BP:guard mother cell cytokinesis	GO:0010235	guard mother cell cytokinesis	biological_process	FALSE	FALSE	live_primary_id	1
GO:0010241	GO_BP:ent-kaurene oxidation to kaurenoic acid	GO:0010241	obsolete ent-kaurene oxidation to kaurenoic acid	biological_process	TRUE	FALSE	obsolete_by_ontology	1
GO:0010243	GO_BP:response to organonitrogen compound	GO:0010243	obsolete response to organonitrogen compound	biological_process	TRUE	FALSE	obsolete_by_ontology	16
GO:0010252	GO_BP:obsolete auxin homeostasis	GO:0010252	obsolete auxin homeostasis	biological_process	TRUE	TRUE	obsolete_by_ontology	4
GO:0010256	GO_BP:endomembrane system organization	GO:0010256	endomembrane system organization	biological_process	FALSE	FALSE	live_primary_id	1
GO:0010264	GO_BP:myo-inositol hexakisphosphate biosynthetic process	GO:0010264	myo-inositol hexakisphosphate biosynthetic process	biological_process	FALSE	FALSE	live_primary_id	1
GO:0010267	GO_BP:ta-siRNA processing	GO:0010267	ta-siRNA processing	biological_process	FALSE	FALSE	live_primary_id	1
GO:0010271	GO_BP:regulation of chlorophyll catabolic process	GO:0010271	regulation of chlorophyll catabolic process	biological_process	FALSE	FALSE	live_primary_id	1
GO:0010276	GO_MF:phytol kinase activity	GO:0010276	phytol kinase activity	molecular_function	FALSE	FALSE	live_primary_id	1
GO:0010279	GO_MF:indole-3-acetic acid amido synthetase activity	GO:0010279	indole-3-acetic acid amido synthetase activity	molecular_function	FALSE	FALSE	live_primary_id	1
GO:0010286	GO_BP:heat acclimation	GO:0010286	heat acclimation	biological_process	FALSE	FALSE	live_primary_id	3
GO:0010287	GO_CC:plastoglobule	GO:0010287	plastoglobule	cellular_component	FALSE	FALSE	live_primary_id	10
GO:0010297	GO_MF:heteropolysaccharide binding	GO:0010297	heteropolysaccharide binding	molecular_function	FALSE	FALSE	live_primary_id	1
GO:0010311	GO_BP:lateral root formation	GO:0010311	lateral root formation	biological_process	FALSE	FALSE	live_primary_id	4
GO:0010315	GO_BP:auxin export across the plasma membrane	GO:0010315	auxin export across the plasma membrane	biological_process	FALSE	FALSE	live_primary_id	4
GO:0010319	GO_CC:stromule	GO:0010319	stromule	cellular_component	FALSE	FALSE	live_primary_id	4
GO:0010326	GO_MF:methionine-oxo-acid transaminase activity	GO:0010326	L-methionine:oxo-acid transaminase activity	molecular_function	FALSE	FALSE	live_primary_id	2
GO:0010328	GO_MF:auxin influx transmembrane transporter activity	GO:0010328	auxin influx transmembrane transporter activity	molecular_function	FALSE	FALSE	live_primary_id	2
GO:0010329	GO_MF:auxin efflux transmembrane transporter activity	GO:0010329	auxin efflux transmembrane transporter activity	molecular_function	FALSE	FALSE	live_primary_id	3
GO:0010332	GO_BP:response to gamma radiation	GO:0010332	response to gamma radiation	biological_process	FALSE	FALSE	live_primary_id	1
GO:0010337	GO_BP:regulation of salicylic acid metabolic process	GO:0010337	regulation of salicylic acid metabolic process	biological_process	FALSE	FALSE	live_primary_id	2
GO:0010344	GO_BP:seed oilbody biogenesis	GO:0010344	seed oilbody biogenesis	biological_process	FALSE	FALSE	live_primary_id	2
GO:0010349	GO_MF:L-galactose dehydrogenase activity	GO:0010349	L-galactose dehydrogenase activity	molecular_function	FALSE	FALSE	live_primary_id	1
GO:0010358	GO_BP:leaf shaping	GO:0010358	leaf shaping	biological_process	FALSE	FALSE	live_primary_id	1
GO:0010359	GO_BP:regulation of anion channel activity	GO:0010359	obsolete regulation of anion channel activity	biological_process	TRUE	FALSE	obsolete_by_ontology	1
GO:0010364	GO_BP:regulation of ethylene biosynthetic process	GO:0010364	regulation of ethylene biosynthetic process	biological_process	FALSE	FALSE	live_primary_id	1
GO:0010366	GO_BP:negative regulation of ethylene biosynthetic process	GO:0010366	negative regulation of ethylene biosynthetic process	biological_process	FALSE	FALSE	live_primary_id	1
GO:0010374	GO_BP:stomatal complex development	GO:0010374	stomatal complex development	biological_process	FALSE	FALSE	live_primary_id	3
GO:0010376	GO_BP:stomatal complex formation	GO:0010376	stomatal complex formation	biological_process	FALSE	FALSE	live_primary_id	1
GO:0010380	GO_BP:regulation of chlorophyll biosynthetic process	GO:0010380	regulation of chlorophyll biosynthetic process	biological_process	FALSE	FALSE	live_primary_id	2
GO:0010383	GO_BP:cell wall polysaccharide metabolic process	GO:0010383	cell wall polysaccharide metabolic process	biological_process	FALSE	FALSE	live_primary_id	8
GO:0010393	GO_BP:galacturonan metabolic process	GO:0010393	galacturonan metabolic process	biological_process	FALSE	FALSE	live_primary_id	2
GO:0010410	GO_BP:hemicellulose metabolic process	GO:0010410	obsolete hemicellulose metabolic process	biological_process	TRUE	FALSE	obsolete_by_ontology	6
GO:0010411	GO_BP:xyloglucan metabolic process	GO:0010411	xyloglucan metabolic process	biological_process	FALSE	FALSE	live_primary_id	3
GO:0010412	GO_BP:mannan metabolic process	GO:0010412	mannan metabolic process	biological_process	FALSE	FALSE	live_primary_id	3
GO:0010413	GO_BP:glucuronoxylan metabolic process	GO:0010413	glucuronoxylan metabolic process	biological_process	FALSE	FALSE	live_primary_id	1
GO:0010417	GO_BP:glucuronoxylan biosynthetic process	GO:0010417	glucuronoxylan biosynthetic process	biological_process	FALSE	FALSE	live_primary_id	1
GO:0010427	GO_MF:abscisic acid binding	GO:0010427	abscisic acid binding	molecular_function	FALSE	FALSE	live_primary_id	1
GO:0010430	GO_BP:fatty acid omega-oxidation	GO:0010430	fatty acid omega-oxidation	biological_process	FALSE	FALSE	live_primary_id	1
GO:0010431	GO_BP:seed maturation	GO:0010431	seed maturation	biological_process	FALSE	FALSE	live_primary_id	7
GO:0010440	GO_BP:stomatal lineage progression	GO:0010440	stomatal lineage progression	biological_process	FALSE	FALSE	live_primary_id	1
GO:0010441	GO_BP:guard cell development	GO:0010441	guard cell development	biological_process	FALSE	FALSE	live_primary_id	1
GO:0010442	GO_BP:guard cell morphogenesis	GO:0010442	guard cell morphogenesis	biological_process	FALSE	FALSE	live_primary_id	1
GO:0010444	GO_BP:guard mother cell differentiation	GO:0010444	guard mother cell differentiation	biological_process	FALSE	FALSE	live_primary_id	1
GO:0010450	GO_BP:inflorescence meristem growth	GO:0010450	inflorescence meristem growth	biological_process	FALSE	FALSE	live_primary_id	1
GO:0010466	GO_BP:negative regulation of peptidase activity	GO:0010466	negative regulation of peptidase activity	biological_process	FALSE	FALSE	live_primary_id	3
GO:0010467	GO_BP:gene expression	GO:0010467	gene expression	biological_process	FALSE	FALSE	live_primary_id	24
GO:0010468	GO_BP:regulation of gene expression	GO:0010468	regulation of gene expression	biological_process	FALSE	FALSE	live_primary_id	82
GO:0010471	GO_MF:GDP-galactose:mannose-1-phosphate guanylyltransferase activity	GO:0010471	GDP-galactose:mannose-1-phosphate guanylyltransferase activity	molecular_function	FALSE	FALSE	live_primary_id	1
GO:0010472	GO_MF:GDP-galactose:glucose-1-phosphate guanylyltransferase activity	GO:0010472	GDP-galactose:glucose-1-phosphate guanylyltransferase activity	molecular_function	FALSE	FALSE	live_primary_id	1
GO:0010473	GO_MF:GDP-galactose:myoinositol-1-phosphate guanylyltransferase activity	GO:0010473	GDP-galactose:myoinositol-1-phosphate guanylyltransferase activity	molecular_function	FALSE	FALSE	live_primary_id	1
GO:0010476	GO_BP:gibberellin mediated signaling pathway	GO:0010476	gibberellin mediated signaling pathway	biological_process	FALSE	FALSE	live_primary_id	5
GO:0010483	GO_BP:pollen tube reception	GO:0010483	pollen tube reception	biological_process	FALSE	FALSE	live_primary_id	1
GO:0010487	GO_MF:thermospermine synthase activity	GO:0010487	thermospermine synthase activity	molecular_function	FALSE	FALSE	live_primary_id	1
GO:0010496	GO_BP:intercellular transport	GO:0010496	intercellular transport	biological_process	FALSE	FALSE	live_primary_id	1
GO:0010497	GO_BP:plasmodesmata-mediated intercellular transport	GO:0010497	plasmodesmata-mediated intercellular transport	biological_process	FALSE	FALSE	live_primary_id	1
GO:0010498	GO_BP:proteasomal protein catabolic process	GO:0010498	proteasomal protein catabolic process	biological_process	FALSE	FALSE	live_primary_id	6
GO:0010506	GO_BP:regulation of autophagy	GO:0010506	regulation of autophagy	biological_process	FALSE	FALSE	live_primary_id	1
GO:0010508	GO_BP:positive regulation of autophagy	GO:0010508	positive regulation of autophagy	biological_process	FALSE	FALSE	live_primary_id	1
GO:0010540	GO_BP:basipetal auxin transport	GO:0010540	basipetal auxin transport	biological_process	FALSE	FALSE	live_primary_id	1
GO:0010541	GO_BP:acropetal auxin transport	GO:0010541	acropetal auxin transport	biological_process	FALSE	FALSE	live_primary_id	1
GO:0010556	GO_BP:regulation of macromolecule biosynthetic process	GO:0010556	regulation of macromolecule biosynthetic process	biological_process	FALSE	FALSE	live_primary_id	78
GO:0010557	GO_BP:positive regulation of macromolecule biosynthetic process	GO:0010557	positive regulation of macromolecule biosynthetic process	biological_process	FALSE	FALSE	live_primary_id	27
GO:0010558	GO_BP:negative regulation of macromolecule biosynthetic process	GO:0010558	negative regulation of macromolecule biosynthetic process	biological_process	FALSE	FALSE	live_primary_id	9
GO:0010562	GO_BP:positive regulation of phosphorus metabolic process	GO:0010562	positive regulation of phosphorus metabolic process	biological_process	FALSE	FALSE	live_primary_id	1
GO:0010563	GO_BP:negative regulation of phosphorus metabolic process	GO:0010563	negative regulation of phosphorus metabolic process	biological_process	FALSE	FALSE	live_primary_id	1
GO:0010564	GO_BP:regulation of cell cycle process	GO:0010564	regulation of cell cycle process	biological_process	FALSE	FALSE	live_primary_id	3
GO:0010565	GO_BP:regulation of cellular ketone metabolic process	GO:0010565	regulation of ketone metabolic process	biological_process	FALSE	FALSE	live_primary_id	4
GO:0010581	GO_BP:regulation of starch biosynthetic process	GO:0010581	regulation of starch biosynthetic process	biological_process	FALSE	FALSE	live_primary_id	1
GO:0010582	GO_BP:floral meristem determinacy	GO:0010582	floral meristem determinacy	biological_process	FALSE	FALSE	live_primary_id	1
GO:0010597	GO_BP:green leaf volatile biosynthetic process	GO:0010597	green leaf volatile biosynthetic process	biological_process	FALSE	FALSE	live_primary_id	2
GO:0010600	GO_BP:regulation of auxin biosynthetic process	GO:0010600	regulation of auxin biosynthetic process	biological_process	FALSE	FALSE	live_primary_id	1
GO:0010604	GO_BP:positive regulation of macromolecule metabolic process	GO:0010604	positive regulation of macromolecule metabolic process	biological_process	FALSE	FALSE	live_primary_id	33
GO:0010605	GO_BP:negative regulation of macromolecule metabolic process	GO:0010605	negative regulation of macromolecule metabolic process	biological_process	FALSE	FALSE	live_primary_id	16
GO:0010608	GO_BP:post-transcriptional regulation of gene expression	GO:0010608	post-transcriptional regulation of gene expression	biological_process	FALSE	FALSE	live_primary_id	6
GO:0010623	GO_BP:programmed cell death involved in cell development	GO:0010623	programmed cell death involved in cell development	biological_process	FALSE	FALSE	live_primary_id	1
GO:0010628	GO_BP:positive regulation of gene expression	GO:0010628	positive regulation of gene expression	biological_process	FALSE	FALSE	live_primary_id	29
GO:0010629	GO_BP:negative regulation of gene expression	GO:0010629	negative regulation of gene expression	biological_process	FALSE	FALSE	live_primary_id	11
GO:0010638	GO_BP:positive regulation of organelle organization	GO:0010638	positive regulation of organelle organization	biological_process	FALSE	FALSE	live_primary_id	4
GO:0010639	GO_BP:negative regulation of organelle organization	GO:0010639	negative regulation of organelle organization	biological_process	FALSE	FALSE	live_primary_id	3
GO:0010646	GO_BP:regulation of cell communication	GO:0010646	regulation of cell communication	biological_process	FALSE	FALSE	live_primary_id	18
GO:0010647	GO_BP:positive regulation of cell communication	GO:0010647	positive regulation of cell communication	biological_process	FALSE	FALSE	live_primary_id	4
GO:0010648	GO_BP:negative regulation of cell communication	GO:0010648	negative regulation of cell communication	biological_process	FALSE	FALSE	live_primary_id	6
GO:0010675	GO_BP:obsolete regulation of cellular carbohydrate metabolic process	GO:0010675	obsolete regulation of cellular carbohydrate metabolic process	biological_process	TRUE	TRUE	obsolete_by_ontology	1
GO:0010683	GO_BP:tricyclic triterpenoid metabolic process	GO:0010683	obsolete tricyclic triterpenoid metabolic process	biological_process	TRUE	FALSE	obsolete_by_ontology	1
GO:0010720	GO_BP:positive regulation of cell development	GO:0010720	positive regulation of cell development	biological_process	FALSE	FALSE	live_primary_id	1
GO:0010731	GO_BP:protein glutathionylation	GO:0010731	protein glutathionylation	biological_process	FALSE	FALSE	live_primary_id	1
GO:0010769	GO_BP:obsolete regulation of cell morphogenesis involved in differentiation	GO:0010769	obsolete regulation of cell morphogenesis involved in differentiation	biological_process	TRUE	TRUE	obsolete_by_ontology	2
GO:0010817	GO_BP:regulation of hormone levels	GO:0010817	regulation of hormone levels	biological_process	FALSE	FALSE	live_primary_id	28
GO:0010830	GO_BP:regulation of myotube differentiation	GO:0010830	regulation of myotube differentiation	biological_process	FALSE	FALSE	live_primary_id	1
GO:0010831	GO_BP:positive regulation of myotube differentiation	GO:0010831	positive regulation of myotube differentiation	biological_process	FALSE	FALSE	live_primary_id	1
GO:0010833	GO_BP:telomere maintenance via telomere lengthening	GO:0010833	telomere maintenance via telomere lengthening	biological_process	FALSE	FALSE	live_primary_id	1
GO:0010857	GO_MF:calcium-dependent protein kinase activity	GO:0010857	obsolete calcium-dependent protein kinase activity	molecular_function	TRUE	FALSE	obsolete_by_ontology	1
GO:0010876	GO_BP:lipid localization	GO:0010876	lipid localization	biological_process	FALSE	FALSE	live_primary_id	3
GO:0010921	GO_BP:regulation of phosphatase activity	GO:0010921	regulation of phosphatase activity	biological_process	FALSE	FALSE	live_primary_id	2
GO:0010923	GO_BP:negative regulation of phosphatase activity	GO:0010923	negative regulation of phosphatase activity	biological_process	FALSE	FALSE	live_primary_id	1
GO:0010928	GO_BP:regulation of auxin mediated signaling pathway	GO:0010928	regulation of auxin mediated signaling pathway	biological_process	FALSE	FALSE	live_primary_id	7
GO:0010929	GO_BP:positive regulation of auxin mediated signaling pathway	GO:0010929	positive regulation of auxin mediated signaling pathway	biological_process	FALSE	FALSE	live_primary_id	1
GO:0010930	GO_BP:negative regulation of auxin mediated signaling pathway	GO:0010930	negative regulation of auxin mediated signaling pathway	biological_process	FALSE	FALSE	live_primary_id	1
GO:0010941	GO_BP:obsolete regulation of cell death	GO:0010941	obsolete regulation of cell death	biological_process	TRUE	TRUE	obsolete_by_ontology	7
GO:0010942	GO_BP:obsolete positive regulation of cell death	GO:0010942	obsolete positive regulation of cell death	biological_process	TRUE	TRUE	obsolete_by_ontology	4
GO:0010948	GO_BP:negative regulation of cell cycle process	GO:0010948	negative regulation of cell cycle process	biological_process	FALSE	FALSE	live_primary_id	1
GO:0010951	GO_BP:negative regulation of endopeptidase activity	GO:0010951	negative regulation of endopeptidase activity	biological_process	FALSE	FALSE	live_primary_id	2
GO:0010959	GO_BP:regulation of metal ion transport	GO:0010959	regulation of metal ion transport	biological_process	FALSE	FALSE	live_primary_id	1
GO:0010962	GO_BP:regulation of glucan biosynthetic process	GO:0010962	regulation of glucan biosynthetic process	biological_process	FALSE	FALSE	live_primary_id	1
GO:0012501	GO_BP:programmed cell death	GO:0012501	programmed cell death	biological_process	FALSE	FALSE	live_primary_id	8
GO:0012502	GO_BP:induction of programmed cell death	GO:0012502	induction of programmed cell death	biological_process	FALSE	FALSE	live_primary_id	1
GO:0012505	GO_CC:endomembrane system	GO:0012505	endomembrane system	cellular_component	FALSE	FALSE	live_primary_id	70
GO:0012506	GO_CC:vesicle membrane	GO:0012506	vesicle membrane	cellular_component	FALSE	FALSE	live_primary_id	1
GO:0012511	GO_CC:monolayer-surrounded lipid storage body	GO:0012511	monolayer-surrounded lipid storage body	cellular_component	FALSE	FALSE	live_primary_id	2
GO:0014031	GO_BP:mesenchymal cell development	GO:0014031	mesenchymal cell development	biological_process	FALSE	FALSE	live_primary_id	1
GO:0014032	GO_BP:neural crest cell development	GO:0014032	neural crest cell development	biological_process	FALSE	FALSE	live_primary_id	1
GO:0014033	GO_BP:neural crest cell differentiation	GO:0014033	neural crest cell differentiation	biological_process	FALSE	FALSE	live_primary_id	1
GO:0014070	GO_BP:response to organic cyclic compound	GO:0014070	obsolete response to organic cyclic compound	biological_process	TRUE	FALSE	obsolete_by_ontology	23
GO:0014074	GO_BP:response to purine-containing compound	GO:0014074	response to purine-containing compound	biological_process	FALSE	FALSE	live_primary_id	1
GO:0014706	GO_BP:striated muscle tissue development	GO:0014706	striated muscle tissue development	biological_process	FALSE	FALSE	live_primary_id	2
GO:0015031	GO_BP:protein transport	GO:0015031	protein transport	biological_process	FALSE	FALSE	live_primary_id	8
GO:0015035	GO_MF:protein-disulfide reductase activity	GO:0015035	protein-disulfide reductase activity	molecular_function	FALSE	FALSE	live_primary_id	3
GO:0015036	GO_MF:disulfide oxidoreductase activity	GO:0015036	disulfide oxidoreductase activity	molecular_function	FALSE	FALSE	live_primary_id	5
GO:0015075	GO_MF:monoatomic ion transmembrane transporter activity	GO:0015075	monoatomic ion transmembrane transporter activity	molecular_function	FALSE	FALSE	live_primary_id	52
GO:0015078	GO_MF:proton transmembrane transporter activity	GO:0015078	proton transmembrane transporter activity	molecular_function	FALSE	FALSE	live_primary_id	8
GO:0015079	GO_MF:potassium ion transmembrane transporter activity	GO:0015079	potassium ion transmembrane transporter activity	molecular_function	FALSE	FALSE	live_primary_id	6
GO:0015085	GO_MF:calcium ion transmembrane transporter activity	GO:0015085	calcium ion transmembrane transporter activity	molecular_function	FALSE	FALSE	live_primary_id	5
GO:0015086	GO_MF:cadmium ion transmembrane transporter activity	GO:0015086	cadmium ion transmembrane transporter activity	molecular_function	FALSE	FALSE	live_primary_id	1
GO:0015087	GO_MF:cobalt ion transmembrane transporter activity	GO:0015087	cobalt ion transmembrane transporter activity	molecular_function	FALSE	FALSE	live_primary_id	1
GO:0015101	GO_MF:organic cation transmembrane transporter activity	GO:0015101	obsolete organic cation transmembrane transporter activity	molecular_function	TRUE	FALSE	obsolete_by_ontology	2
GO:0015103	GO_MF:inorganic anion transmembrane transporter activity	GO:0015103	obsolete inorganic anion transmembrane transporter activity	molecular_function	TRUE	FALSE	obsolete_by_ontology	11
GO:0015105	GO_MF:arsenite transmembrane transporter activity	GO:0015105	arsenite transmembrane transporter activity	molecular_function	FALSE	FALSE	live_primary_id	3
GO:0015108	GO_MF:chloride transmembrane transporter activity	GO:0015108	chloride transmembrane transporter activity	molecular_function	FALSE	FALSE	live_primary_id	1
GO:0015112	GO_MF:nitrate transmembrane transporter activity	GO:0015112	nitrate transmembrane transporter activity	molecular_function	FALSE	FALSE	live_primary_id	4
GO:0015114	GO_MF:obsolete phosphate ion transmembrane transporter activity	GO:0015114	obsolete phosphate ion transmembrane transporter activity	molecular_function	TRUE	TRUE	obsolete_by_ontology	1
GO:0015116	GO_MF:sulfate transmembrane transporter activity	GO:0015116	sulfate transmembrane transporter activity	molecular_function	FALSE	FALSE	live_primary_id	3
GO:0015120	GO_MF:phosphoglycerate transmembrane transporter activity	GO:0015120	phosphoglycerate transmembrane transporter activity	molecular_function	FALSE	FALSE	live_primary_id	2
GO:0015129	GO_MF:lactate transmembrane transporter activity	GO:0015129	lactate transmembrane transporter activity	molecular_function	FALSE	FALSE	live_primary_id	1
GO:0015140	GO_MF:malate transmembrane transporter activity	GO:0015140	malate transmembrane transporter activity	molecular_function	FALSE	FALSE	live_primary_id	1
GO:0015144	GO_MF:carbohydrate transmembrane transporter activity	GO:0015144	carbohydrate transmembrane transporter activity	molecular_function	FALSE	FALSE	live_primary_id	15
GO:0015145	GO_MF:monosaccharide transmembrane transporter activity	GO:0015145	monosaccharide transmembrane transporter activity	molecular_function	FALSE	FALSE	live_primary_id	7
GO:0015146	GO_MF:pentose transmembrane transporter activity	GO:0015146	pentose transmembrane transporter activity	molecular_function	FALSE	FALSE	live_primary_id	1
GO:0015148	GO_MF:D-xylose transmembrane transporter activity	GO:0015148	D-xylose transmembrane transporter activity	molecular_function	FALSE	FALSE	live_primary_id	1
GO:0015149	GO_MF:hexose transmembrane transporter activity	GO:0015149	hexose transmembrane transporter activity	molecular_function	FALSE	FALSE	live_primary_id	7
GO:0015154	GO_MF:disaccharide transmembrane transporter activity	GO:0015154	disaccharide transmembrane transporter activity	molecular_function	FALSE	FALSE	live_primary_id	4
GO:0015157	GO_MF:oligosaccharide transmembrane transporter activity	GO:0015157	oligosaccharide transmembrane transporter activity	molecular_function	FALSE	FALSE	live_primary_id	4
GO:0015166	GO_MF:polyol transmembrane transporter activity	GO:0015166	polyol transmembrane transporter activity	molecular_function	FALSE	FALSE	live_primary_id	1
GO:0015168	GO_MF:glycerol transmembrane transporter activity	GO:0015168	glycerol transmembrane transporter activity	molecular_function	FALSE	FALSE	live_primary_id	1
GO:0015171	GO_MF:amino acid transmembrane transporter activity	GO:0015171	amino acid transmembrane transporter activity	molecular_function	FALSE	FALSE	live_primary_id	11
GO:0015172	GO_MF:acidic amino acid transmembrane transporter activity	GO:0015172	acidic amino acid transmembrane transporter activity	molecular_function	FALSE	FALSE	live_primary_id	3
GO:0015174	GO_MF:basic amino acid transmembrane transporter activity	GO:0015174	basic amino acid transmembrane transporter activity	molecular_function	FALSE	FALSE	live_primary_id	2
GO:0015175	GO_MF:neutral L-amino acid transmembrane transporter activity	GO:0015175	neutral L-amino acid transmembrane transporter activity	molecular_function	FALSE	FALSE	live_primary_id	3
GO:0015179	GO_MF:L-amino acid transmembrane transporter activity	GO:0015179	L-amino acid transmembrane transporter activity	molecular_function	FALSE	FALSE	live_primary_id	3
GO:0015180	GO_MF:L-alanine transmembrane transporter activity	GO:0015180	L-alanine transmembrane transporter activity	molecular_function	FALSE	FALSE	live_primary_id	2
GO:0015185	GO_MF:gamma-aminobutyric acid transmembrane transporter activity	GO:0015185	gamma-aminobutyric acid transmembrane transporter activity	molecular_function	FALSE	FALSE	live_primary_id	1
GO:0015186	GO_MF:L-glutamine transmembrane transporter activity	GO:0015186	L-glutamine transmembrane transporter activity	molecular_function	FALSE	FALSE	live_primary_id	1
GO:0015189	GO_MF:L-lysine transmembrane transporter activity	GO:0015189	L-lysine transmembrane transporter activity	molecular_function	FALSE	FALSE	live_primary_id	2
GO:0015193	GO_MF:L-proline transmembrane transporter activity	GO:0015193	L-proline transmembrane transporter activity	molecular_function	FALSE	FALSE	live_primary_id	1
GO:0015194	GO_MF:L-serine transmembrane transporter activity	GO:0015194	L-serine transmembrane transporter activity	molecular_function	FALSE	FALSE	live_primary_id	1
GO:0015204	GO_MF:urea transmembrane transporter activity	GO:0015204	urea transmembrane transporter activity	molecular_function	FALSE	FALSE	live_primary_id	1
GO:0015205	GO_MF:nucleobase transmembrane transporter activity	GO:0015205	nucleobase transmembrane transporter activity	molecular_function	FALSE	FALSE	live_primary_id	2
GO:0015207	GO_MF:adenine transmembrane transporter activity	GO:0015207	adenine transmembrane transporter activity	molecular_function	FALSE	FALSE	live_primary_id	1
GO:0015208	GO_MF:guanine transmembrane transporter activity	GO:0015208	guanine transmembrane transporter activity	molecular_function	FALSE	FALSE	live_primary_id	1
GO:0015210	GO_MF:uracil transmembrane transporter activity	GO:0015210	uracil transmembrane transporter activity	molecular_function	FALSE	FALSE	live_primary_id	1
GO:0015215	GO_MF:nucleotide transmembrane transporter activity	GO:0015215	nucleotide transmembrane transporter activity	molecular_function	FALSE	FALSE	live_primary_id	1
GO:0015216	GO_MF:purine nucleotide transmembrane transporter activity	GO:0015216	purine nucleotide transmembrane transporter activity	molecular_function	FALSE	FALSE	live_primary_id	1
GO:0015217	GO_MF:ADP transmembrane transporter activity	GO:0015217	ADP transmembrane transporter activity	molecular_function	FALSE	FALSE	live_primary_id	1
GO:0015220	GO_MF:choline transmembrane transporter activity	GO:0015220	choline transmembrane transporter activity	molecular_function	FALSE	FALSE	live_primary_id	1
GO:0015227	GO_MF:acyl carnitine transmembrane transporter activity	GO:0015227	O-acyl-L-carnitine transmembrane transporter activity	molecular_function	FALSE	FALSE	live_primary_id	1
GO:0015250	GO_MF:water channel activity	GO:0015250	water channel activity	molecular_function	FALSE	FALSE	live_primary_id	10
GO:0015267	GO_MF:channel activity	GO:0015267	channel activity	molecular_function	FALSE	FALSE	live_primary_id	17
GO:0015276	GO_MF:ligand-gated monoatomic ion channel activity	GO:0015276	ligand-gated monoatomic ion channel activity	molecular_function	FALSE	FALSE	live_primary_id	1
GO:0015291	GO_MF:secondary active transmembrane transporter activity	GO:0015291	secondary active transmembrane transporter activity	molecular_function	FALSE	FALSE	live_primary_id	15
GO:0015292	GO_MF:uniporter activity	GO:0015292	uniporter activity	molecular_function	FALSE	FALSE	live_primary_id	1
GO:0015293	GO_MF:symporter activity	GO:0015293	symporter activity	molecular_function	FALSE	FALSE	live_primary_id	8
GO:0015294	GO_MF:solute:monoatomic cation symporter activity	GO:0015294	solute:monoatomic cation symporter activity	molecular_function	FALSE	FALSE	live_primary_id	8
GO:0015295	GO_MF:solute:proton symporter activity	GO:0015295	solute:proton symporter activity	molecular_function	FALSE	FALSE	live_primary_id	7
GO:0015296	GO_MF:monoatomic anion:monoatomic cation symporter activity	GO:0015296	monoatomic anion:monoatomic cation symporter activity	molecular_function	FALSE	FALSE	live_primary_id	1
GO:0015297	GO_MF:antiporter activity	GO:0015297	antiporter activity	molecular_function	FALSE	FALSE	live_primary_id	3
GO:0015298	GO_MF:obsolete solute:monoatomic cation antiporter activity	GO:0015298	obsolete solute:monoatomic cation antiporter activity	molecular_function	TRUE	TRUE	obsolete_by_ontology	1
GO:0015299	GO_MF:obsolete solute:proton antiporter activity	GO:0015299	obsolete solute:proton antiporter activity	molecular_function	TRUE	TRUE	obsolete_by_ontology	1
GO:0015301	GO_MF:obsolete anion:anion antiporter activity	GO:0015301	obsolete anion:anion antiporter activity	molecular_function	TRUE	TRUE	obsolete_by_ontology	1
GO:0015318	GO_MF:inorganic molecular entity transmembrane transporter activity	GO:0015318	obsolete inorganic molecular entity transmembrane transporter activity	molecular_function	TRUE	FALSE	obsolete_by_ontology	57
GO:0015368	GO_MF:calcium:monoatomic cation antiporter activity	GO:0015368	calcium:monoatomic cation antiporter activity	molecular_function	FALSE	FALSE	live_primary_id	1
GO:0015369	GO_MF:calcium:proton antiporter activity	GO:0015369	calcium:proton antiporter activity	molecular_function	FALSE	FALSE	live_primary_id	1
GO:0015399	GO_MF:primary active transmembrane transporter activity	GO:0015399	primary active transmembrane transporter activity	molecular_function	FALSE	FALSE	live_primary_id	10
GO:0015446	GO_MF:ATPase-coupled arsenite transmembrane transporter activity	GO:0015446	ATPase-coupled arsenite transmembrane transporter activity	molecular_function	FALSE	FALSE	live_primary_id	1
GO:0015491	GO_MF:obsolete cation:cation antiporter activity	GO:0015491	obsolete cation:cation antiporter activity	molecular_function	TRUE	TRUE	obsolete_by_ontology	1
GO:0015513	GO_MF:high-affinity secondary active nitrite transmembrane transporter activity	GO:0015513	high-affinity secondary active nitrite transmembrane transporter activity	molecular_function	FALSE	FALSE	live_primary_id	1
GO:0015556	GO_MF:C4-dicarboxylate transmembrane transporter activity	GO:0015556	C4-dicarboxylate transmembrane transporter activity	molecular_function	FALSE	FALSE	live_primary_id	1
GO:0015562	GO_MF:efflux transmembrane transporter activity	GO:0015562	efflux transmembrane transporter activity	molecular_function	FALSE	FALSE	live_primary_id	3
GO:0015575	GO_MF:mannitol transmembrane transporter activity	GO:0015575	mannitol transmembrane transporter activity	molecular_function	FALSE	FALSE	live_primary_id	1
GO:0015576	GO_MF:sorbitol transmembrane transporter activity	GO:0015576	sorbitol transmembrane transporter activity	molecular_function	FALSE	FALSE	live_primary_id	1
GO:0015591	GO_MF:D-ribose transmembrane transporter activity	GO:0015591	D-ribose transmembrane transporter activity	molecular_function	FALSE	FALSE	live_primary_id	1
GO:0015605	GO_MF:organophosphate ester transmembrane transporter activity	GO:0015605	organophosphate ester transmembrane transporter activity	molecular_function	FALSE	FALSE	live_primary_id	3
GO:0015629	GO_CC:actin cytoskeleton	GO:0015629	actin cytoskeleton	cellular_component	FALSE	FALSE	live_primary_id	1
GO:0015630	GO_CC:microtubule cytoskeleton	GO:0015630	microtubule cytoskeleton	cellular_component	FALSE	FALSE	live_primary_id	5
GO:0015631	GO_MF:tubulin binding	GO:0015631	tubulin binding	molecular_function	FALSE	FALSE	live_primary_id	2
GO:0015643	GO_MF:toxic substance binding	GO:0015643	toxic substance binding	molecular_function	FALSE	FALSE	live_primary_id	1
GO:0015645	GO_MF:fatty acid ligase activity	GO:0015645	fatty acid ligase activity	molecular_function	FALSE	FALSE	live_primary_id	2
GO:0015651	GO_MF:quaternary ammonium group transmembrane transporter activity	GO:0015651	quaternary ammonium group transmembrane transporter activity	molecular_function	FALSE	FALSE	live_primary_id	1
GO:0015662	GO_MF:P-type ion transporter activity	GO:0015662	P-type ion transporter activity	molecular_function	FALSE	FALSE	live_primary_id	1
GO:0015675	GO_BP:nickel cation transport	GO:0015675	nickel cation transport	biological_process	FALSE	FALSE	live_primary_id	1
GO:0015691	GO_BP:cadmium ion transport	GO:0015691	cadmium ion transport	biological_process	FALSE	FALSE	live_primary_id	1
GO:0015695	GO_BP:organic cation transport	GO:0015695	obsolete organic cation transport	biological_process	TRUE	FALSE	obsolete_by_ontology	2
GO:0015697	GO_BP:quaternary ammonium group transport	GO:0015697	quaternary ammonium group transport	biological_process	FALSE	FALSE	live_primary_id	1
GO:0015698	GO_BP:inorganic anion transport	GO:0015698	inorganic anion transport	biological_process	FALSE	FALSE	live_primary_id	11
GO:0015700	GO_BP:arsenite transport	GO:0015700	arsenite transport	biological_process	FALSE	FALSE	live_primary_id	3
GO:0015706	GO_BP:nitrate transmembrane transport	GO:0015706	nitrate transmembrane transport	biological_process	FALSE	FALSE	live_primary_id	4
GO:0015711	GO_BP:organic anion transport	GO:0015711	obsolete organic anion transport	biological_process	TRUE	FALSE	obsolete_by_ontology	17
GO:0015713	GO_BP:phosphoglycerate transmembrane transport	GO:0015713	phosphoglycerate transmembrane transport	biological_process	FALSE	FALSE	live_primary_id	2
GO:0015717	GO_BP:triose phosphate transport	GO:0015717	triose phosphate transport	biological_process	FALSE	FALSE	live_primary_id	2
GO:0015718	GO_BP:monocarboxylic acid transport	GO:0015718	monocarboxylic acid transport	biological_process	FALSE	FALSE	live_primary_id	4
GO:0015727	GO_BP:lactate transport	GO:0015727	lactate transport	biological_process	FALSE	FALSE	live_primary_id	1
GO:0015740	GO_BP:C4-dicarboxylate transport	GO:0015740	C4-dicarboxylate transport	biological_process	FALSE	FALSE	live_primary_id	2
GO:0015743	GO_BP:malate transport	GO:0015743	malate transport	biological_process	FALSE	FALSE	live_primary_id	1
GO:0015748	GO_BP:organophosphate ester transport	GO:0015748	organophosphate ester transport	biological_process	FALSE	FALSE	live_primary_id	3
GO:0015749	GO_BP:monosaccharide transmembrane transport	GO:0015749	monosaccharide transmembrane transport	biological_process	FALSE	FALSE	live_primary_id	7
GO:0015750	GO_BP:pentose transmembrane transport	GO:0015750	pentose transmembrane transport	biological_process	FALSE	FALSE	live_primary_id	1
GO:0015752	GO_BP:D-ribose transmembrane transport	GO:0015752	D-ribose transmembrane transport	biological_process	FALSE	FALSE	live_primary_id	1
GO:0015753	GO_BP:D-xylose transmembrane transport	GO:0015753	D-xylose transmembrane transport	biological_process	FALSE	FALSE	live_primary_id	1
GO:0015755	GO_BP:fructose transmembrane transport	GO:0015755	fructose transmembrane transport	biological_process	FALSE	FALSE	live_primary_id	1
GO:0015757	GO_BP:galactose transmembrane transport	GO:0015757	galactose transmembrane transport	biological_process	FALSE	FALSE	live_primary_id	1
GO:0015766	GO_BP:disaccharide transport	GO:0015766	disaccharide transport	biological_process	FALSE	FALSE	live_primary_id	4
GO:0015770	GO_BP:sucrose transport	GO:0015770	sucrose transport	biological_process	FALSE	FALSE	live_primary_id	4
GO:0015772	GO_BP:oligosaccharide transport	GO:0015772	oligosaccharide transport	biological_process	FALSE	FALSE	live_primary_id	4
GO:0015791	GO_BP:polyol transmembrane transport	GO:0015791	polyol transmembrane transport	biological_process	FALSE	FALSE	live_primary_id	1
GO:0015793	GO_BP:glycerol transmembrane transport	GO:0015793	glycerol transmembrane transport	biological_process	FALSE	FALSE	live_primary_id	1
GO:0015795	GO_BP:sorbitol transmembrane transport	GO:0015795	sorbitol transmembrane transport	biological_process	FALSE	FALSE	live_primary_id	1
GO:0015797	GO_BP:mannitol transmembrane transport	GO:0015797	mannitol transmembrane transport	biological_process	FALSE	FALSE	live_primary_id	1
GO:0015798	GO_BP:myo-inositol transport	GO:0015798	myo-inositol transport	biological_process	FALSE	FALSE	live_primary_id	1
GO:0015800	GO_BP:acidic amino acid transport	GO:0015800	acidic amino acid transport	biological_process	FALSE	FALSE	live_primary_id	3
GO:0015801	GO_BP:aromatic amino acid transport	GO:0015801	aromatic amino acid transport	biological_process	FALSE	FALSE	live_primary_id	1
GO:0015802	GO_BP:basic amino acid transport	GO:0015802	basic amino acid transport	biological_process	FALSE	FALSE	live_primary_id	2
GO:0015804	GO_BP:neutral amino acid transport	GO:0015804	neutral amino acid transport	biological_process	FALSE	FALSE	live_primary_id	3
GO:0015805	GO_BP:S-adenosyl-L-methionine transport	GO:0015805	S-adenosyl-L-methionine transport	biological_process	FALSE	FALSE	live_primary_id	1
GO:0015807	GO_BP:L-amino acid transport	GO:0015807	L-amino acid transport	biological_process	FALSE	FALSE	live_primary_id	3
GO:0015808	GO_BP:L-alanine transport	GO:0015808	L-alanine transport	biological_process	FALSE	FALSE	live_primary_id	2
GO:0015810	GO_BP:aspartate transmembrane transport	GO:0015810	aspartate transmembrane transport	biological_process	FALSE	FALSE	live_primary_id	1
GO:0015812	GO_BP:gamma-aminobutyric acid transport	GO:0015812	gamma-aminobutyric acid transport	biological_process	FALSE	FALSE	live_primary_id	1
GO:0015813	GO_BP:L-glutamate transmembrane transport	GO:0015813	L-glutamate transmembrane transport	biological_process	FALSE	FALSE	live_primary_id	2
GO:0015822	GO_BP:ornithine transport	GO:0015822	ornithine transport	biological_process	FALSE	FALSE	live_primary_id	1
GO:0015824	GO_BP:proline transport	GO:0015824	proline transport	biological_process	FALSE	FALSE	live_primary_id	1
GO:0015825	GO_BP:L-serine transport	GO:0015825	L-serine transport	biological_process	FALSE	FALSE	live_primary_id	1
GO:0015827	GO_BP:tryptophan transport	GO:0015827	tryptophan transport	biological_process	FALSE	FALSE	live_primary_id	1
GO:0015833	GO_BP:peptide transport	GO:0015833	peptide transport	biological_process	FALSE	FALSE	live_primary_id	8
GO:0015840	GO_BP:urea transport	GO:0015840	urea transport	biological_process	FALSE	FALSE	live_primary_id	2
GO:0015849	GO_BP:organic acid transport	GO:0015849	organic acid transport	biological_process	FALSE	FALSE	live_primary_id	15
GO:0015850	GO_BP:organic hydroxy compound transport	GO:0015850	organic hydroxy compound transport	biological_process	FALSE	FALSE	live_primary_id	2
GO:0015851	GO_BP:nucleobase transport	GO:0015851	nucleobase transport	biological_process	FALSE	FALSE	live_primary_id	2
GO:0015853	GO_BP:adenine transport	GO:0015853	adenine transport	biological_process	FALSE	FALSE	live_primary_id	1
GO:0015854	GO_BP:guanine transport	GO:0015854	guanine transport	biological_process	FALSE	FALSE	live_primary_id	1
GO:0015855	GO_BP:pyrimidine nucleobase transport	GO:0015855	pyrimidine nucleobase transport	biological_process	FALSE	FALSE	live_primary_id	1
GO:0015857	GO_BP:uracil transport	GO:0015857	uracil transport	biological_process	FALSE	FALSE	live_primary_id	1
GO:0015865	GO_BP:purine nucleotide transport	GO:0015865	purine nucleotide transport	biological_process	FALSE	FALSE	live_primary_id	1
GO:0015866	GO_BP:ADP transport	GO:0015866	ADP transport	biological_process	FALSE	FALSE	live_primary_id	1
GO:0015867	GO_BP:ATP transport	GO:0015867	ATP transport	biological_process	FALSE	FALSE	live_primary_id	1
GO:0015868	GO_BP:purine ribonucleotide transport	GO:0015868	purine ribonucleotide transport	biological_process	FALSE	FALSE	live_primary_id	1
GO:0015871	GO_BP:choline transport	GO:0015871	choline transport	biological_process	FALSE	FALSE	live_primary_id	1
GO:0015923	GO_MF:mannosidase activity	GO:0015923	mannosidase activity	molecular_function	FALSE	FALSE	live_primary_id	3
GO:0015925	GO_MF:galactosidase activity	GO:0015925	galactosidase activity	molecular_function	FALSE	FALSE	live_primary_id	3
GO:0015926	GO_MF:glucosidase activity	GO:0015926	glucosidase activity	molecular_function	FALSE	FALSE	live_primary_id	3
GO:0015931	GO_BP:nucleobase-containing compound transport	GO:0015931	nucleobase-containing compound transport	biological_process	FALSE	FALSE	live_primary_id	1
GO:0015932	GO_MF:nucleobase-containing compound transmembrane transporter activity	GO:0015932	nucleobase-containing compound transmembrane transporter activity	molecular_function	FALSE	FALSE	live_primary_id	1
GO:0015934	GO_CC:large ribosomal subunit	GO:0015934	large ribosomal subunit	cellular_component	FALSE	FALSE	live_primary_id	3
GO:0015935	GO_CC:small ribosomal subunit	GO:0015935	small ribosomal subunit	cellular_component	FALSE	FALSE	live_primary_id	2
GO:0015939	GO_BP:pantothenate metabolic process	GO:0015939	pantothenate metabolic process	biological_process	FALSE	FALSE	live_primary_id	1
GO:0015940	GO_BP:pantothenate biosynthetic process	GO:0015940	pantothenate biosynthetic process	biological_process	FALSE	FALSE	live_primary_id	1
GO:0015977	GO_BP:carbon fixation	GO:0015977	carbon fixation	biological_process	FALSE	FALSE	live_primary_id	2
GO:0015979	GO_BP:photosynthesis	GO:0015979	photosynthesis	biological_process	FALSE	FALSE	live_primary_id	17
GO:0015980	GO_BP:energy derivation by oxidation of organic compounds	GO:0015980	energy derivation by oxidation of organic compounds	biological_process	FALSE	FALSE	live_primary_id	3
GO:0015994	GO_BP:chlorophyll metabolic process	GO:0015994	chlorophyll metabolic process	biological_process	FALSE	FALSE	live_primary_id	3
GO:0015995	GO_BP:chlorophyll biosynthetic process	GO:0015995	chlorophyll biosynthetic process	biological_process	FALSE	FALSE	live_primary_id	3
GO:0016020	GO_CC:membrane	GO:0016020	membrane	cellular_component	FALSE	FALSE	live_primary_id	252
GO:0016032	GO_BP:viral process	GO:0016032	viral process	biological_process	FALSE	FALSE	live_primary_id	1
GO:0016036	GO_BP:cellular response to phosphate starvation	GO:0016036	cellular response to phosphate starvation	biological_process	FALSE	FALSE	live_primary_id	3
GO:0016042	GO_BP:lipid catabolic process	GO:0016042	lipid catabolic process	biological_process	FALSE	FALSE	live_primary_id	1
GO:0016043	GO_BP:cellular component organization	GO:0016043	cellular component organization	biological_process	FALSE	FALSE	live_primary_id	67
GO:0016045	GO_BP:detection of bacterium	GO:0016045	detection of bacterium	biological_process	FALSE	FALSE	live_primary_id	1
GO:0016049	GO_BP:cell growth	GO:0016049	cell growth	biological_process	FALSE	FALSE	live_primary_id	21
GO:0016051	GO_BP:carbohydrate biosynthetic process	GO:0016051	carbohydrate biosynthetic process	biological_process	FALSE	FALSE	live_primary_id	23
GO:0016052	GO_BP:carbohydrate catabolic process	GO:0016052	carbohydrate catabolic process	biological_process	FALSE	FALSE	live_primary_id	9
GO:0016053	GO_BP:organic acid biosynthetic process	GO:0016053	obsolete organic acid biosynthetic process	biological_process	TRUE	FALSE	obsolete_by_ontology	31
GO:0016054	GO_BP:organic acid catabolic process	GO:0016054	obsolete organic acid catabolic process	biological_process	TRUE	FALSE	obsolete_by_ontology	7
GO:0016070	GO_BP:RNA metabolic process	GO:0016070	RNA metabolic process	biological_process	FALSE	FALSE	live_primary_id	19
GO:0016071	GO_BP:mRNA metabolic process	GO:0016071	mRNA metabolic process	biological_process	FALSE	FALSE	live_primary_id	3
GO:0016072	GO_BP:rRNA metabolic process	GO:0016072	rRNA metabolic process	biological_process	FALSE	FALSE	live_primary_id	4
GO:0016079	GO_BP:synaptic vesicle exocytosis	GO:0016079	synaptic vesicle exocytosis	biological_process	FALSE	FALSE	live_primary_id	1
GO:0016080	GO_BP:synaptic vesicle targeting	GO:0016080	obsolete synaptic vesicle targeting	biological_process	TRUE	FALSE	obsolete_by_ontology	1
GO:0016081	GO_BP:synaptic vesicle docking	GO:0016081	obsolete synaptic vesicle docking	biological_process	TRUE	FALSE	obsolete_by_ontology	1
GO:0016101	GO_BP:diterpenoid metabolic process	GO:0016101	diterpenoid metabolic process	biological_process	FALSE	FALSE	live_primary_id	6
GO:0016102	GO_BP:diterpenoid biosynthetic process	GO:0016102	diterpenoid biosynthetic process	biological_process	FALSE	FALSE	live_primary_id	5
GO:0016103	GO_BP:diterpenoid catabolic process	GO:0016103	diterpenoid catabolic process	biological_process	FALSE	FALSE	live_primary_id	1
GO:0016106	GO_BP:sesquiterpenoid biosynthetic process	GO:0016106	sesquiterpenoid biosynthetic process	biological_process	FALSE	FALSE	live_primary_id	1
GO:0016108	GO_BP:tetraterpenoid metabolic process	GO:0016108	obsolete tetraterpenoid metabolic process	biological_process	TRUE	FALSE	obsolete_by_ontology	1
GO:0016109	GO_BP:tetraterpenoid biosynthetic process	GO:0016109	tetraterpenoid biosynthetic process	biological_process	FALSE	FALSE	live_primary_id	1
GO:0016114	GO_BP:terpenoid biosynthetic process	GO:0016114	terpenoid biosynthetic process	biological_process	FALSE	FALSE	live_primary_id	6
GO:0016115	GO_BP:terpenoid catabolic process	GO:0016115	terpenoid catabolic process	biological_process	FALSE	FALSE	live_primary_id	1
GO:0016116	GO_BP:carotenoid metabolic process	GO:0016116	carotenoid metabolic process	biological_process	FALSE	FALSE	live_primary_id	1
GO:0016117	GO_BP:carotenoid biosynthetic process	GO:0016117	carotenoid biosynthetic process	biological_process	FALSE	FALSE	live_primary_id	1
GO:0016122	GO_BP:xanthophyll metabolic process	GO:0016122	xanthophyll metabolic process	biological_process	FALSE	FALSE	live_primary_id	1
GO:0016123	GO_BP:xanthophyll biosynthetic process	GO:0016123	xanthophyll biosynthetic process	biological_process	FALSE	FALSE	live_primary_id	1
GO:0016125	GO_BP:sterol metabolic process	GO:0016125	sterol metabolic process	biological_process	FALSE	FALSE	live_primary_id	7
GO:0016126	GO_BP:sterol biosynthetic process	GO:0016126	sterol biosynthetic process	biological_process	FALSE	FALSE	live_primary_id	6
GO:0016128	GO_BP:phytosteroid metabolic process	GO:0016128	obsolete phytosteroid metabolic process	biological_process	TRUE	FALSE	obsolete_by_ontology	1
GO:0016129	GO_BP:phytosteroid biosynthetic process	GO:0016129	phytosteroid biosynthetic process	biological_process	FALSE	FALSE	live_primary_id	1
GO:0016137	GO_BP:glycoside metabolic process	GO:0016137	glycoside metabolic process	biological_process	FALSE	FALSE	live_primary_id	3
GO:0016138	GO_BP:glycoside biosynthetic process	GO:0016138	glycoside biosynthetic process	biological_process	FALSE	FALSE	live_primary_id	2
GO:0016143	GO_BP:S-glycoside metabolic process	GO:0016143	obsolete S-glycoside metabolic process	biological_process	TRUE	FALSE	obsolete_by_ontology	4
GO:0016144	GO_BP:S-glycoside biosynthetic process	GO:0016144	S-glycoside biosynthetic process	biological_process	FALSE	FALSE	live_primary_id	2
GO:0016145	GO_BP:S-glycoside catabolic process	GO:0016145	S-glycoside catabolic process	biological_process	FALSE	FALSE	live_primary_id	1
GO:0016157	GO_MF:sucrose synthase activity	GO:0016157	sucrose synthase activity	molecular_function	FALSE	FALSE	live_primary_id	1
GO:0016160	GO_MF:amylase activity	GO:0016160	amylase activity	molecular_function	FALSE	FALSE	live_primary_id	1
GO:0016161	GO_MF:beta-amylase activity	GO:0016161	beta-amylase activity	molecular_function	FALSE	FALSE	live_primary_id	1
GO:0016165	GO_MF:linoleate 13S-lipoxygenase activity	GO:0016165	linoleate 13S-lipoxygenase activity	molecular_function	FALSE	FALSE	live_primary_id	2
GO:0016166	GO_MF:phytoene dehydrogenase activity	GO:0016166	phytoene dehydrogenase activity	molecular_function	FALSE	FALSE	live_primary_id	1
GO:0016168	GO_MF:chlorophyll binding	GO:0016168	chlorophyll binding	molecular_function	FALSE	FALSE	live_primary_id	8
GO:0016192	GO_BP:vesicle-mediated transport	GO:0016192	vesicle-mediated transport	biological_process	FALSE	FALSE	live_primary_id	3
GO:0016197	GO_BP:endosomal transport	GO:0016197	endosomal transport	biological_process	FALSE	FALSE	live_primary_id	1
GO:0016202	GO_BP:regulation of striated muscle tissue development	GO:0016202	regulation of striated muscle tissue development	biological_process	FALSE	FALSE	live_primary_id	1
GO:0016209	GO_MF:antioxidant activity	GO:0016209	antioxidant activity	molecular_function	FALSE	FALSE	live_primary_id	14
GO:0016211	GO_MF:ammonia ligase activity	GO:0016211	ammonia ligase activity	molecular_function	FALSE	FALSE	live_primary_id	1
GO:0016229	GO_MF:steroid dehydrogenase activity	GO:0016229	steroid dehydrogenase activity	molecular_function	FALSE	FALSE	live_primary_id	1
GO:0016236	GO_BP:macroautophagy	GO:0016236	macroautophagy	biological_process	FALSE	FALSE	live_primary_id	1
GO:0016298	GO_MF:lipase activity	GO:0016298	lipase activity	molecular_function	FALSE	FALSE	live_primary_id	2
GO:0016301	GO_MF:kinase activity	GO:0016301	kinase activity	molecular_function	FALSE	FALSE	live_primary_id	46
GO:0016310	GO_BP:phosphorylation	GO:0016310	phosphorylation	biological_process	FALSE	FALSE	live_primary_id	49
GO:0016311	GO_BP:dephosphorylation	GO:0016311	dephosphorylation	biological_process	FALSE	FALSE	live_primary_id	13
GO:0016328	GO_CC:lateral plasma membrane	GO:0016328	lateral plasma membrane	cellular_component	FALSE	FALSE	live_primary_id	1
GO:0016331	GO_BP:morphogenesis of embryonic epithelium	GO:0016331	morphogenesis of embryonic epithelium	biological_process	FALSE	FALSE	live_primary_id	1
GO:0016405	GO_MF:CoA-ligase activity	GO:0016405	CoA-ligase activity	molecular_function	FALSE	FALSE	live_primary_id	2
GO:0016407	GO_MF:acetyltransferase activity	GO:0016407	acetyltransferase activity	molecular_function	FALSE	FALSE	live_primary_id	10
GO:0016411	GO_MF:acylglycerol O-acyltransferase activity	GO:0016411	acylglycerol O-acyltransferase activity	molecular_function	FALSE	FALSE	live_primary_id	2
GO:0016413	GO_MF:O-acetyltransferase activity	GO:0016413	O-acetyltransferase activity	molecular_function	FALSE	FALSE	live_primary_id	10
GO:0016436	GO_MF:rRNA (uridine) methyltransferase activity	GO:0016436	rRNA (uridine) methyltransferase activity	molecular_function	FALSE	FALSE	live_primary_id	1
GO:0016441	GO_BP:post-transcriptional gene silencing	GO:0016441	post-transcriptional gene silencing	biological_process	FALSE	FALSE	live_primary_id	2
GO:0016442	GO_CC:RISC complex	GO:0016442	RISC complex	cellular_component	FALSE	FALSE	live_primary_id	2
GO:0016458	GO_BP:obsolete gene silencing	GO:0016458	obsolete gene silencing	biological_process	TRUE	TRUE	obsolete_by_ontology	2
GO:0016462	GO_MF:pyrophosphatase activity	GO:0016462	pyrophosphatase activity	molecular_function	FALSE	FALSE	live_primary_id	12
GO:0016477	GO_BP:cell migration	GO:0016477	cell migration	biological_process	FALSE	FALSE	live_primary_id	1
GO:0016485	GO_BP:protein processing	GO:0016485	protein processing	biological_process	FALSE	FALSE	live_primary_id	1
GO:0016491	GO_MF:oxidoreductase activity	GO:0016491	oxidoreductase activity	molecular_function	FALSE	FALSE	live_primary_id	85
GO:0016567	GO_BP:protein ubiquitination	GO:0016567	protein ubiquitination	biological_process	FALSE	FALSE	live_primary_id	8
GO:0016579	GO_BP:protein deubiquitination	GO:0016579	protein deubiquitination	biological_process	FALSE	FALSE	live_primary_id	1
GO:0016604	GO_CC:nuclear body	GO:0016604	nuclear body	cellular_component	FALSE	FALSE	live_primary_id	1
GO:0016607	GO_CC:nuclear speck	GO:0016607	nuclear speck	cellular_component	FALSE	FALSE	live_primary_id	1
GO:0016614	GO_MF:oxidoreductase activity, acting on CH-OH group of donors	GO:0016614	oxidoreductase activity, acting on CH-OH group of donors	molecular_function	FALSE	FALSE	live_primary_id	18
GO:0016615	GO_MF:malate dehydrogenase activity	GO:0016615	malate dehydrogenase activity	molecular_function	FALSE	FALSE	live_primary_id	1
GO:0016616	GO_MF:oxidoreductase activity, acting on the CH-OH group of donors, NAD or NADP as acceptor	GO:0016616	oxidoreductase activity, acting on the CH-OH group of donors, NAD or NADP as acceptor	molecular_function	FALSE	FALSE	live_primary_id	15
GO:0016618	GO_MF:hydroxypyruvate reductase activity	GO:0016618	hydroxypyruvate reductase [NAD(P)H] activity	molecular_function	FALSE	FALSE	live_primary_id	2
GO:0016620	GO_MF:oxidoreductase activity, acting on the aldehyde or oxo group of donors, NAD or NADP as acceptor	GO:0016620	oxidoreductase activity, acting on the aldehyde or oxo group of donors, NAD or NADP as acceptor	molecular_function	FALSE	FALSE	live_primary_id	5
GO:0016621	GO_MF:cinnamoyl-CoA reductase activity	GO:0016621	cinnamoyl-CoA reductase (NADP+) activity	molecular_function	FALSE	FALSE	live_primary_id	1
GO:0016627	GO_MF:oxidoreductase activity, acting on the CH-CH group of donors	GO:0016627	oxidoreductase activity, acting on the CH-CH group of donors	molecular_function	FALSE	FALSE	live_primary_id	3
GO:0016628	GO_MF:oxidoreductase activity, acting on the CH-CH group of donors, NAD or NADP as acceptor	GO:0016628	oxidoreductase activity, acting on the CH-CH group of donors, NAD or NADP as acceptor	molecular_function	FALSE	FALSE	live_primary_id	1
GO:0016638	GO_MF:oxidoreductase activity, acting on the CH-NH2 group of donors	GO:0016638	oxidoreductase activity, acting on the CH-NH2 group of donors	molecular_function	FALSE	FALSE	live_primary_id	2
GO:0016639	GO_MF:oxidoreductase activity, acting on the CH-NH2 group of donors, NAD or NADP as acceptor	GO:0016639	oxidoreductase activity, acting on the CH-NH2 group of donors, NAD or NADP as acceptor	molecular_function	FALSE	FALSE	live_primary_id	1
GO:0016641	GO_MF:oxidoreductase activity, acting on the CH-NH2 group of donors, oxygen as acceptor	GO:0016641	oxidoreductase activity, acting on the CH-NH2 group of donors, oxygen as acceptor	molecular_function	FALSE	FALSE	live_primary_id	1
GO:0016645	GO_MF:oxidoreductase activity, acting on the CH-NH group of donors	GO:0016645	oxidoreductase activity, acting on the CH-NH group of donors	molecular_function	FALSE	FALSE	live_primary_id	4
GO:0016646	GO_MF:oxidoreductase activity, acting on the CH-NH group of donors, NAD or NADP as acceptor	GO:0016646	oxidoreductase activity, acting on the CH-NH group of donors, NAD or NADP as acceptor	molecular_function	FALSE	FALSE	live_primary_id	2
GO:0016651	GO_MF:oxidoreductase activity, acting on NAD(P)H	GO:0016651	oxidoreductase activity, acting on NAD(P)H	molecular_function	FALSE	FALSE	live_primary_id	7
GO:0016655	GO_MF:oxidoreductase activity, acting on NAD(P)H, quinone or similar compound as acceptor	GO:0016655	oxidoreductase activity, acting on NAD(P)H, quinone or similar compound as acceptor	molecular_function	FALSE	FALSE	live_primary_id	1
GO:0016661	GO_MF:oxidoreductase activity, acting on other nitrogenous compounds as donors	GO:0016661	oxidoreductase activity, acting on other nitrogenous compounds as donors	molecular_function	FALSE	FALSE	live_primary_id	1
GO:0016662	GO_MF:oxidoreductase activity, acting on other nitrogenous compounds as donors, cytochrome as acceptor	GO:0016662	oxidoreductase activity, acting on other nitrogenous compounds as donors, cytochrome as acceptor	molecular_function	FALSE	FALSE	live_primary_id	1
GO:0016667	GO_MF:oxidoreductase activity, acting on a sulfur group of donors	GO:0016667	oxidoreductase activity, acting on a sulfur group of donors	molecular_function	FALSE	FALSE	live_primary_id	5
GO:0016668	GO_MF:oxidoreductase activity, acting on a sulfur group of donors, NAD(P) as acceptor	GO:0016668	oxidoreductase activity, acting on a sulfur group of donors, NAD(P) as acceptor	molecular_function	FALSE	FALSE	live_primary_id	5
GO:0016671	GO_MF:oxidoreductase activity, acting on a sulfur group of donors, disulfide as acceptor	GO:0016671	oxidoreductase activity, acting on a sulfur group of donors, disulfide as acceptor	molecular_function	FALSE	FALSE	live_primary_id	3
GO:0016679	GO_MF:oxidoreductase activity, acting on diphenols and related substances as donors	GO:0016679	oxidoreductase activity, acting on diphenols and related substances as donors	molecular_function	FALSE	FALSE	live_primary_id	1
GO:0016682	GO_MF:oxidoreductase activity, acting on diphenols and related substances as donors, oxygen as acceptor	GO:0016682	oxidoreductase activity, acting on diphenols and related substances as donors, oxygen as acceptor	molecular_function	FALSE	FALSE	live_primary_id	1
GO:0016684	GO_MF:oxidoreductase activity, acting on peroxide as acceptor	GO:0016684	oxidoreductase activity, acting on peroxide as acceptor	molecular_function	FALSE	FALSE	live_primary_id	9
GO:0016688	GO_MF:L-ascorbate peroxidase activity	GO:0016688	L-ascorbate peroxidase activity	molecular_function	FALSE	FALSE	live_primary_id	1
GO:0016701	GO_MF:oxidoreductase activity, acting on single donors with incorporation of molecular oxygen	GO:0016701	oxidoreductase activity, acting on single donors with incorporation of molecular oxygen	molecular_function	FALSE	FALSE	live_primary_id	5
GO:0016702	GO_MF:oxidoreductase activity, acting on single donors with incorporation of molecular oxygen, incorporation of two atoms of oxygen	GO:0016702	oxidoreductase activity, acting on single donors with incorporation of molecular oxygen, incorporation of two atoms of oxygen	molecular_function	FALSE	FALSE	live_primary_id	5
GO:0016705	GO_MF:oxidoreductase activity, acting on paired donors, with incorporation or reduction of molecular oxygen	GO:0016705	oxidoreductase activity, acting on paired donors, with incorporation or reduction of molecular oxygen	molecular_function	FALSE	FALSE	live_primary_id	22
GO:0016706	GO_MF:2-oxoglutarate-dependent dioxygenase activity	GO:0016706	2-oxoglutarate-dependent dioxygenase activity	molecular_function	FALSE	FALSE	live_primary_id	3
GO:0016707	GO_MF:gibberellin 3-beta-dioxygenase activity	GO:0016707	gibberellin 3-beta-dioxygenase activity	molecular_function	FALSE	FALSE	live_primary_id	1
GO:0016709	GO_MF:oxidoreductase activity, acting on paired donors, with incorporation or reduction of molecular oxygen, NAD(P)H as one donor, and incorporation of one atom of oxygen	GO:0016709	oxidoreductase activity, acting on paired donors, with incorporation or reduction of molecular oxygen, NAD(P)H as one donor, and incorporation of one atom of oxygen	molecular_function	FALSE	FALSE	live_primary_id	17
GO:0016722	GO_MF:oxidoreductase activity, acting on metal ions	GO:0016722	oxidoreductase activity, acting on metal ions	molecular_function	FALSE	FALSE	live_primary_id	3
GO:0016723	GO_MF:oxidoreductase activity, acting on metal ions, NAD or NADP as acceptor	GO:0016723	oxidoreductase activity, acting on metal ions, NAD or NADP as acceptor	molecular_function	FALSE	FALSE	live_primary_id	1
GO:0016730	GO_MF:oxidoreductase activity, acting on iron-sulfur proteins as donors	GO:0016730	oxidoreductase activity, acting on iron-sulfur proteins as donors	molecular_function	FALSE	FALSE	live_primary_id	1
GO:0016740	GO_MF:transferase activity	GO:0016740	transferase activity	molecular_function	FALSE	FALSE	live_primary_id	119
GO:0016741	GO_MF:transferase activity, transferring one-carbon groups	GO:0016741	transferase activity, transferring one-carbon groups	molecular_function	FALSE	FALSE	live_primary_id	9
GO:0016746	GO_MF:acyltransferase activity	GO:0016746	acyltransferase activity	molecular_function	FALSE	FALSE	live_primary_id	15
GO:0016747	GO_MF:acyltransferase activity, transferring groups other than amino-acyl groups	GO:0016747	acyltransferase activity, transferring groups other than amino-acyl groups	molecular_function	FALSE	FALSE	live_primary_id	15
GO:0016757	GO_MF:glycosyltransferase activity	GO:0016757	glycosyltransferase activity	molecular_function	FALSE	FALSE	live_primary_id	20
GO:0016758	GO_MF:hexosyltransferase activity	GO:0016758	hexosyltransferase activity	molecular_function	FALSE	FALSE	live_primary_id	20
GO:0016759	GO_MF:cellulose synthase activity	GO:0016759	cellulose synthase activity	molecular_function	FALSE	FALSE	live_primary_id	4
GO:0016762	GO_MF:xyloglucan:xyloglucosyl transferase activity	GO:0016762	xyloglucan:xyloglucosyl transferase activity	molecular_function	FALSE	FALSE	live_primary_id	2
GO:0016763	GO_MF:pentosyltransferase activity	GO:0016763	pentosyltransferase activity	molecular_function	FALSE	FALSE	live_primary_id	2
GO:0016765	GO_MF:transferase activity, transferring alkyl or aryl (other than methyl) groups	GO:0016765	transferase activity, transferring alkyl or aryl (other than methyl) groups	molecular_function	FALSE	FALSE	live_primary_id	13
GO:0016768	GO_MF:spermine synthase activity	GO:0016768	spermine synthase activity	molecular_function	FALSE	FALSE	live_primary_id	1
GO:0016769	GO_MF:transferase activity, transferring nitrogenous groups	GO:0016769	transferase activity, transferring nitrogenous groups	molecular_function	FALSE	FALSE	live_primary_id	4
GO:0016772	GO_MF:transferase activity, transferring phosphorus-containing groups	GO:0016772	transferase activity, transferring phosphorus-containing groups	molecular_function	FALSE	FALSE	live_primary_id	52
GO:0016773	GO_MF:phosphotransferase activity, alcohol group as acceptor	GO:0016773	phosphotransferase activity, alcohol group as acceptor	molecular_function	FALSE	FALSE	live_primary_id	46
GO:0016779	GO_MF:nucleotidyltransferase activity	GO:0016779	nucleotidyltransferase activity	molecular_function	FALSE	FALSE	live_primary_id	4
GO:0016787	GO_MF:hydrolase activity	GO:0016787	hydrolase activity	molecular_function	FALSE	FALSE	live_primary_id	78
GO:0016788	GO_MF:hydrolase activity, acting on ester bonds	GO:0016788	hydrolase activity, acting on ester bonds	molecular_function	FALSE	FALSE	live_primary_id	34
GO:0016790	GO_MF:thiolester hydrolase activity	GO:0016790	thiolester hydrolase activity	molecular_function	FALSE	FALSE	live_primary_id	1
GO:0016791	GO_MF:phosphatase activity	GO:0016791	phosphatase activity	molecular_function	FALSE	FALSE	live_primary_id	13
GO:0016798	GO_MF:hydrolase activity, acting on glycosyl bonds	GO:0016798	hydrolase activity, acting on glycosyl bonds	molecular_function	FALSE	FALSE	live_primary_id	13
GO:0016799	GO_MF:hydrolase activity, hydrolyzing N-glycosyl compounds	GO:0016799	hydrolase activity, hydrolyzing N-glycosyl compounds	molecular_function	FALSE	FALSE	live_primary_id	1
GO:0016801	GO_MF:hydrolase activity, acting on ether bonds	GO:0016801	hydrolase activity, acting on ether bonds	molecular_function	FALSE	FALSE	live_primary_id	2
GO:0016803	GO_MF:ether hydrolase activity	GO:0016803	ether hydrolase activity	molecular_function	FALSE	FALSE	live_primary_id	2
GO:0016810	GO_MF:hydrolase activity, acting on carbon-nitrogen (but not peptide) bonds	GO:0016810	hydrolase activity, acting on carbon-nitrogen (but not peptide) bonds	molecular_function	FALSE	FALSE	live_primary_id	5
GO:0016811	GO_MF:hydrolase activity, acting on carbon-nitrogen (but not peptide) bonds, in linear amides	GO:0016811	hydrolase activity, acting on carbon-nitrogen (but not peptide) bonds, in linear amides	molecular_function	FALSE	FALSE	live_primary_id	1
GO:0016814	GO_MF:hydrolase activity, acting on carbon-nitrogen (but not peptide) bonds, in cyclic amidines	GO:0016814	hydrolase activity, acting on carbon-nitrogen (but not peptide) bonds, in cyclic amidines	molecular_function	FALSE	FALSE	live_primary_id	2
GO:0016815	GO_MF:hydrolase activity, acting on carbon-nitrogen (but not peptide) bonds, in nitriles	GO:0016815	hydrolase activity, acting on carbon-nitrogen (but not peptide) bonds, in nitriles	molecular_function	FALSE	FALSE	live_primary_id	1
GO:0016817	GO_MF:hydrolase activity, acting on acid anhydrides	GO:0016817	hydrolase activity, acting on acid anhydrides	molecular_function	FALSE	FALSE	live_primary_id	12
GO:0016818	GO_MF:hydrolase activity, acting on acid anhydrides, in phosphorus-containing anhydrides	GO:0016818	hydrolase activity, acting on acid anhydrides, in phosphorus-containing anhydrides	molecular_function	FALSE	FALSE	live_primary_id	12
GO:0016822	GO_MF:hydrolase activity, acting on acid carbon-carbon bonds	GO:0016822	hydrolase activity, acting on carbon-carbon bonds	molecular_function	FALSE	FALSE	live_primary_id	1
GO:0016823	GO_MF:hydrolase activity, acting on acid carbon-carbon bonds, in ketonic substances	GO:0016823	hydrolase activity, acting on carbon-carbon bonds, in ketonic substances	molecular_function	FALSE	FALSE	live_primary_id	1
GO:0016829	GO_MF:lyase activity	GO:0016829	lyase activity	molecular_function	FALSE	FALSE	live_primary_id	9
GO:0016830	GO_MF:carbon-carbon lyase activity	GO:0016830	carbon-carbon lyase activity	molecular_function	FALSE	FALSE	live_primary_id	5
GO:0016831	GO_MF:carboxy-lyase activity	GO:0016831	carboxy-lyase activity	molecular_function	FALSE	FALSE	live_primary_id	2
GO:0016832	GO_MF:aldehyde-lyase activity	GO:0016832	aldehyde-lyase activity	molecular_function	FALSE	FALSE	live_primary_id	1
GO:0016833	GO_MF:oxo-acid-lyase activity	GO:0016833	oxo-acid-lyase activity	molecular_function	FALSE	FALSE	live_primary_id	1
GO:0016835	GO_MF:carbon-oxygen lyase activity	GO:0016835	carbon-oxygen lyase activity	molecular_function	FALSE	FALSE	live_primary_id	4
GO:0016836	GO_MF:hydro-lyase activity	GO:0016836	hydro-lyase activity	molecular_function	FALSE	FALSE	live_primary_id	3
GO:0016837	GO_MF:carbon-oxygen lyase activity, acting on polysaccharides	GO:0016837	carbon-oxygen lyase activity, acting on polysaccharides	molecular_function	FALSE	FALSE	live_primary_id	1
GO:0016853	GO_MF:isomerase activity	GO:0016853	isomerase activity	molecular_function	FALSE	FALSE	live_primary_id	7
GO:0016859	GO_MF:cis-trans isomerase activity	GO:0016859	cis-trans isomerase activity	molecular_function	FALSE	FALSE	live_primary_id	2
GO:0016860	GO_MF:intramolecular oxidoreductase activity	GO:0016860	intramolecular oxidoreductase activity	molecular_function	FALSE	FALSE	live_primary_id	1
GO:0016866	GO_MF:intramolecular transferase activity	GO:0016866	intramolecular transferase activity	molecular_function	FALSE	FALSE	live_primary_id	2
GO:0016868	GO_MF:intramolecular phosphotransferase activity	GO:0016868	intramolecular phosphotransferase activity	molecular_function	FALSE	FALSE	live_primary_id	1
GO:0016872	GO_MF:intramolecular lyase activity	GO:0016872	intramolecular lyase activity	molecular_function	FALSE	FALSE	live_primary_id	2
GO:0016874	GO_MF:ligase activity	GO:0016874	ligase activity	molecular_function	FALSE	FALSE	live_primary_id	7
GO:0016875	GO_MF:ligase activity, forming carbon-oxygen bonds	GO:0016875	ligase activity, forming carbon-oxygen bonds	molecular_function	FALSE	FALSE	live_primary_id	1
GO:0016877	GO_MF:ligase activity, forming carbon-sulfur bonds	GO:0016877	ligase activity, forming carbon-sulfur bonds	molecular_function	FALSE	FALSE	live_primary_id	2
GO:0016878	GO_MF:acid-thiol ligase activity	GO:0016878	acid-thiol ligase activity	molecular_function	FALSE	FALSE	live_primary_id	2
GO:0016879	GO_MF:ligase activity, forming carbon-nitrogen bonds	GO:0016879	ligase activity, forming carbon-nitrogen bonds	molecular_function	FALSE	FALSE	live_primary_id	4
GO:0016880	GO_MF:acid-ammonia (or amide) ligase activity	GO:0016880	acid-ammonia (or amide) ligase activity	molecular_function	FALSE	FALSE	live_primary_id	1
GO:0016881	GO_MF:acid-amino acid ligase activity	GO:0016881	acid-amino acid ligase activity	molecular_function	FALSE	FALSE	live_primary_id	1
GO:0016884	GO_MF:carbon-nitrogen ligase activity, with glutamine as amido-N-donor	GO:0016884	carbon-nitrogen ligase activity, with glutamine as amido-N-donor	molecular_function	FALSE	FALSE	live_primary_id	1
GO:0016887	GO_MF:ATP hydrolysis activity	GO:0016887	ATP hydrolysis activity	molecular_function	FALSE	FALSE	live_primary_id	11
GO:0016891	GO_MF:RNA endonuclease activity, producing 5-phosphomonoesters	GO:0016891	RNA endonuclease activity producing 5'-phosphomonoesters, hydrolytic mechanism	molecular_function	FALSE	FALSE	live_primary_id	3
GO:0016893	GO_MF:endonuclease activity, active with either ribo- or deoxyribonucleic acids and producing 5-phosphomonoesters	GO:0016893	obsolete endonuclease activity, active with either ribo- or deoxyribonucleic acids and producing 5'-phosphomonoesters	molecular_function	TRUE	FALSE	obsolete_by_ontology	3
GO:0016899	GO_MF:oxidoreductase activity, acting on the CH-OH group of donors, oxygen as acceptor	GO:0016899	oxidoreductase activity, acting on the CH-OH group of donors, oxygen as acceptor	molecular_function	FALSE	FALSE	live_primary_id	3
GO:0016903	GO_MF:oxidoreductase activity, acting on the aldehyde or oxo group of donors	GO:0016903	oxidoreductase activity, acting on the aldehyde or oxo group of donors	molecular_function	FALSE	FALSE	live_primary_id	5
GO:0016918	GO_MF:retinal binding	GO:0016918	retinal binding	molecular_function	FALSE	FALSE	live_primary_id	1
GO:0016985	GO_MF:mannan endo-1,4-beta-mannosidase activity	GO:0016985	mannan endo-1,4-beta-mannosidase activity	molecular_function	FALSE	FALSE	live_primary_id	2
GO:0016998	GO_BP:cell wall macromolecule catabolic process	GO:0016998	cell wall macromolecule catabolic process	biological_process	FALSE	FALSE	live_primary_id	2
GO:0016999	GO_BP:antibiotic metabolic process	GO:0016999	antibiotic metabolic process	biological_process	FALSE	FALSE	live_primary_id	8
GO:0017000	GO_BP:antibiotic biosynthetic process	GO:0017000	antibiotic biosynthetic process	biological_process	FALSE	FALSE	live_primary_id	3
GO:0017001	GO_BP:antibiotic catabolic process	GO:0017001	antibiotic catabolic process	biological_process	FALSE	FALSE	live_primary_id	3
GO:0017022	GO_MF:myosin binding	GO:0017022	myosin binding	molecular_function	FALSE	FALSE	live_primary_id	1
GO:0017038	GO_BP:protein import	GO:0017038	protein import	biological_process	FALSE	FALSE	live_primary_id	2
GO:0017076	GO_MF:purine nucleotide binding	GO:0017076	purine nucleotide binding	molecular_function	FALSE	FALSE	live_primary_id	5
GO:0017086	GO_CC:obsolete 3-methyl-2-oxobutanoate dehydrogenase (lipoamide) complex	GO:0017086	obsolete 3-methyl-2-oxobutanoate dehydrogenase (lipoamide) complex	cellular_component	TRUE	TRUE	obsolete_by_ontology	1
GO:0017096	GO_MF:acetylserotonin O-methyltransferase activity	GO:0017096	acetylserotonin O-methyltransferase activity	molecular_function	FALSE	FALSE	live_primary_id	1
GO:0017111	GO_MF:ribonucleoside triphosphate phosphatase activity	GO:0017111	ribonucleoside triphosphate phosphatase activity	molecular_function	FALSE	FALSE	live_primary_id	12
GO:0017119	GO_CC:Golgi transport complex	GO:0017119	COG complex	cellular_component	FALSE	FALSE	live_primary_id	1
GO:0017148	GO_BP:negative regulation of translation	GO:0017148	negative regulation of translation	biological_process	FALSE	FALSE	live_primary_id	2
GO:0017156	GO_BP:calcium-ion regulated exocytosis	GO:0017156	calcium-ion regulated exocytosis	biological_process	FALSE	FALSE	live_primary_id	1
GO:0017171	GO_MF:serine hydrolase activity	GO:0017171	serine hydrolase activity	molecular_function	FALSE	FALSE	live_primary_id	4
GO:0018105	GO_BP:peptidyl-serine phosphorylation	GO:0018105	peptidyl-serine phosphorylation	biological_process	FALSE	FALSE	live_primary_id	4
GO:0018107	GO_BP:peptidyl-threonine phosphorylation	GO:0018107	peptidyl-threonine phosphorylation	biological_process	FALSE	FALSE	live_primary_id	3
GO:0018130	GO_BP:obsolete heterocycle biosynthetic process	GO:0018130	obsolete heterocycle biosynthetic process	biological_process	TRUE	TRUE	obsolete_by_ontology	29
GO:0018131	GO_BP:oxazole or thiazole biosynthetic process	GO:0018131	obsolete oxazole or thiazole biosynthetic process	biological_process	TRUE	FALSE	obsolete_by_ontology	1
GO:0018193	GO_BP:peptidyl-amino acid modification	GO:0018193	obsolete peptidyl-amino acid modification	biological_process	TRUE	FALSE	obsolete_by_ontology	7
GO:0018196	GO_BP:obsolete peptidyl-asparagine modification	GO:0018196	obsolete peptidyl-asparagine modification	biological_process	TRUE	TRUE	obsolete_by_ontology	1
GO:0018208	GO_BP:peptidyl-proline modification	GO:0018208	peptidyl-proline modification	biological_process	FALSE	FALSE	live_primary_id	2
GO:0018209	GO_BP:peptidyl-serine modification	GO:0018209	obsolete peptidyl-serine modification	biological_process	TRUE	FALSE	obsolete_by_ontology	4
GO:0018210	GO_BP:peptidyl-threonine modification	GO:0018210	obsolete peptidyl-threonine modification	biological_process	TRUE	FALSE	obsolete_by_ontology	3
GO:0018279	GO_BP:protein N-linked glycosylation via asparagine	GO:0018279	obsolete protein N-linked glycosylation via asparagine	biological_process	TRUE	FALSE	obsolete_by_ontology	1
GO:0018479	GO_MF:benzaldehyde dehydrogenase (NAD+) activity	GO:0018479	benzaldehyde dehydrogenase (NAD+) activity	molecular_function	FALSE	FALSE	live_primary_id	1
GO:0018822	GO_MF:nitrile hydratase activity	GO:0018822	nitrile hydratase activity	molecular_function	FALSE	FALSE	live_primary_id	1
GO:0018904	GO_BP:ether metabolic process	GO:0018904	obsolete ether metabolic process	biological_process	TRUE	FALSE	obsolete_by_ontology	1
GO:0018958	GO_BP:phenol-containing compound metabolic process	GO:0018958	phenol-containing compound metabolic process	biological_process	FALSE	FALSE	live_primary_id	3
GO:0018973	GO_BP:trinitrotoluene metabolic process	GO:0018973	obsolete trinitrotoluene metabolic process	biological_process	TRUE	FALSE	obsolete_by_ontology	5
GO:0018974	GO_BP:2,4,6-trinitrotoluene metabolic process	GO:0018974	obsolete 2,4,6-trinitrotoluene metabolic process	biological_process	TRUE	FALSE	obsolete_by_ontology	5
GO:0019001	GO_MF:guanyl nucleotide binding	GO:0019001	guanyl nucleotide binding	molecular_function	FALSE	FALSE	live_primary_id	1
GO:0019003	GO_MF:GDP binding	GO:0019003	GDP binding	molecular_function	FALSE	FALSE	live_primary_id	1
GO:0019005	GO_CC:SCF ubiquitin ligase complex	GO:0019005	SCF ubiquitin ligase complex	cellular_component	FALSE	FALSE	live_primary_id	2
GO:0019048	GO_BP:modulation by virus of host process	GO:0019048	obsolete modulation by virus of host process	biological_process	TRUE	FALSE	obsolete_by_ontology	1
GO:0019139	GO_MF:cytokinin dehydrogenase activity	GO:0019139	cytokinin dehydrogenase activity	molecular_function	FALSE	FALSE	live_primary_id	2
GO:0019187	GO_MF:beta-1,4-mannosyltransferase activity	GO:0019187	beta-1,4-mannosyltransferase activity	molecular_function	FALSE	FALSE	live_primary_id	1
GO:0019199	GO_MF:transmembrane receptor protein kinase activity	GO:0019199	transmembrane receptor protein kinase activity	molecular_function	FALSE	FALSE	live_primary_id	16
GO:0019200	GO_MF:carbohydrate kinase activity	GO:0019200	carbohydrate kinase activity	molecular_function	FALSE	FALSE	live_primary_id	1
GO:0019203	GO_MF:carbohydrate phosphatase activity	GO:0019203	carbohydrate phosphatase activity	molecular_function	FALSE	FALSE	live_primary_id	3
GO:0019208	GO_MF:phosphatase regulator activity	GO:0019208	phosphatase regulator activity	molecular_function	FALSE	FALSE	live_primary_id	2
GO:0019212	GO_MF:phosphatase inhibitor activity	GO:0019212	phosphatase inhibitor activity	molecular_function	FALSE	FALSE	live_primary_id	1
GO:0019216	GO_BP:regulation of lipid metabolic process	GO:0019216	regulation of lipid metabolic process	biological_process	FALSE	FALSE	live_primary_id	2
GO:0019218	GO_BP:regulation of steroid metabolic process	GO:0019218	regulation of steroid metabolic process	biological_process	FALSE	FALSE	live_primary_id	1
GO:0019219	GO_BP:regulation of nucleobase-containing compound metabolic process	GO:0019219	regulation of nucleobase-containing compound metabolic process	biological_process	FALSE	FALSE	live_primary_id	77
GO:0019220	GO_BP:regulation of phosphate metabolic process	GO:0019220	obsolete regulation of phosphate metabolic process	biological_process	TRUE	FALSE	obsolete_by_ontology	3
GO:0019222	GO_BP:regulation of metabolic process	GO:0019222	regulation of metabolic process	biological_process	FALSE	FALSE	live_primary_id	104
GO:0019233	GO_BP:sensory perception of pain	GO:0019233	sensory perception of pain	biological_process	FALSE	FALSE	live_primary_id	1
GO:0019238	GO_MF:cyclohydrolase activity	GO:0019238	cyclohydrolase activity	molecular_function	FALSE	FALSE	live_primary_id	2
GO:0019252	GO_BP:starch biosynthetic process	GO:0019252	starch biosynthetic process	biological_process	FALSE	FALSE	live_primary_id	2
GO:0019253	GO_BP:reductive pentose-phosphate cycle	GO:0019253	reductive pentose-phosphate cycle	biological_process	FALSE	FALSE	live_primary_id	1
GO:0019318	GO_BP:hexose metabolic process	GO:0019318	hexose metabolic process	biological_process	FALSE	FALSE	live_primary_id	9
GO:0019319	GO_BP:hexose biosynthetic process	GO:0019319	hexose biosynthetic process	biological_process	FALSE	FALSE	live_primary_id	2
GO:0019320	GO_BP:hexose catabolic process	GO:0019320	hexose catabolic process	biological_process	FALSE	FALSE	live_primary_id	1
GO:0019326	GO_BP:nitrotoluene metabolic process	GO:0019326	obsolete nitrotoluene metabolic process	biological_process	TRUE	FALSE	obsolete_by_ontology	5
GO:0019336	GO_BP:phenol-containing compound catabolic process	GO:0019336	phenol-containing compound catabolic process	biological_process	FALSE	FALSE	live_primary_id	2
GO:0019359	GO_BP:nicotinamide nucleotide biosynthetic process	GO:0019359	nicotinamide nucleotide biosynthetic process	biological_process	FALSE	FALSE	live_primary_id	2
GO:0019362	GO_BP:pyridine nucleotide metabolic process	GO:0019362	obsolete pyridine nucleotide metabolic process	biological_process	TRUE	FALSE	obsolete_by_ontology	4
GO:0019363	GO_BP:pyridine nucleotide biosynthetic process	GO:0019363	pyridine nucleotide biosynthetic process	biological_process	FALSE	FALSE	live_primary_id	2
GO:0019369	GO_BP:arachidonic acid metabolic process	GO:0019369	arachidonate metabolic process	biological_process	FALSE	FALSE	live_primary_id	2
GO:0019372	GO_BP:lipoxygenase pathway	GO:0019372	lipoxygenase pathway	biological_process	FALSE	FALSE	live_primary_id	2
GO:0019373	GO_BP:epoxygenase P450 pathway	GO:0019373	epoxygenase P450 pathway	biological_process	FALSE	FALSE	live_primary_id	2
GO:0019395	GO_BP:fatty acid oxidation	GO:0019395	fatty acid oxidation	biological_process	FALSE	FALSE	live_primary_id	1
GO:0019430	GO_BP:removal of superoxide radicals	GO:0019430	removal of superoxide radicals	biological_process	FALSE	FALSE	live_primary_id	4
GO:0019432	GO_BP:triglyceride biosynthetic process	GO:0019432	triglyceride biosynthetic process	biological_process	FALSE	FALSE	live_primary_id	2
GO:0019438	GO_BP:obsolete aromatic compound biosynthetic process	GO:0019438	obsolete aromatic compound biosynthetic process	biological_process	TRUE	TRUE	obsolete_by_ontology	32
GO:0019439	GO_BP:obsolete aromatic compound catabolic process	GO:0019439	obsolete aromatic compound catabolic process	biological_process	TRUE	TRUE	obsolete_by_ontology	15
GO:0019499	GO_BP:cyanide metabolic process	GO:0019499	cyanide metabolic process	biological_process	FALSE	FALSE	live_primary_id	1
GO:0019538	GO_BP:protein metabolic process	GO:0019538	protein metabolic process	biological_process	FALSE	FALSE	live_primary_id	86
GO:0019637	GO_BP:organophosphate metabolic process	GO:0019637	organophosphate metabolic process	biological_process	FALSE	FALSE	live_primary_id	13
GO:0019674	GO_BP:NAD metabolic process	GO:0019674	NAD+ metabolic process	biological_process	FALSE	FALSE	live_primary_id	1
GO:0019676	GO_BP:ammonia assimilation cycle	GO:0019676	ammonia assimilation cycle	biological_process	FALSE	FALSE	live_primary_id	1
GO:0019682	GO_BP:glyceraldehyde-3-phosphate metabolic process	GO:0019682	glyceraldehyde-3-phosphate metabolic process	biological_process	FALSE	FALSE	live_primary_id	2
GO:0019684	GO_BP:photosynthesis, light reaction	GO:0019684	photosynthesis, light reaction	biological_process	FALSE	FALSE	live_primary_id	14
GO:0019685	GO_BP:photosynthesis, dark reaction	GO:0019685	photosynthesis, dark reaction	biological_process	FALSE	FALSE	live_primary_id	1
GO:0019693	GO_BP:ribose phosphate metabolic process	GO:0019693	ribose phosphate metabolic process	biological_process	FALSE	FALSE	live_primary_id	4
GO:0019695	GO_BP:choline metabolic process	GO:0019695	choline metabolic process	biological_process	FALSE	FALSE	live_primary_id	1
GO:0019722	GO_BP:calcium-mediated signaling	GO:0019722	calcium-mediated signaling	biological_process	FALSE	FALSE	live_primary_id	2
GO:0019725	GO_BP:cellular homeostasis	GO:0019725	cellular homeostasis	biological_process	FALSE	FALSE	live_primary_id	16
GO:0019740	GO_BP:nitrogen utilization	GO:0019740	nitrogen utilization	biological_process	FALSE	FALSE	live_primary_id	1
GO:0019747	GO_BP:regulation of isoprenoid metabolic process	GO:0019747	regulation of isoprenoid metabolic process	biological_process	FALSE	FALSE	live_primary_id	1
GO:0019748	GO_BP:secondary metabolic process	GO:0019748	secondary metabolic process	biological_process	FALSE	FALSE	live_primary_id	35
GO:0019751	GO_BP:polyol metabolic process	GO:0019751	polyol metabolic process	biological_process	FALSE	FALSE	live_primary_id	1
GO:0019752	GO_BP:carboxylic acid metabolic process	GO:0019752	carboxylic acid metabolic process	biological_process	FALSE	FALSE	live_primary_id	47
GO:0019755	GO_BP:one-carbon compound transport	GO:0019755	one-carbon compound transport	biological_process	FALSE	FALSE	live_primary_id	2
GO:0019756	GO_BP:cyanogenic glycoside biosynthetic process	GO:0019756	cyanogenic glycoside biosynthetic process	biological_process	FALSE	FALSE	live_primary_id	1
GO:0019757	GO_BP:glycosinolate metabolic process	GO:0019757	obsolete glycosinolate metabolic process	biological_process	TRUE	FALSE	obsolete_by_ontology	4
GO:0019758	GO_BP:glycosinolate biosynthetic process	GO:0019758	obsolete glycosinolate biosynthetic process	biological_process	TRUE	FALSE	obsolete_by_ontology	2
GO:0019759	GO_BP:glycosinolate catabolic process	GO:0019759	obsolete glycosinolate catabolic process	biological_process	TRUE	FALSE	obsolete_by_ontology	1
GO:0019760	GO_BP:glucosinolate metabolic process	GO:0019760	glucosinolate metabolic process	biological_process	FALSE	FALSE	live_primary_id	4
GO:0019761	GO_BP:glucosinolate biosynthetic process	GO:0019761	glucosinolate biosynthetic process	biological_process	FALSE	FALSE	live_primary_id	2
GO:0019762	GO_BP:glucosinolate catabolic process	GO:0019762	glucosinolate catabolic process	biological_process	FALSE	FALSE	live_primary_id	1
GO:0019783	GO_MF:ubiquitin-like protein peptidase activity	GO:0019783	ubiquitin-like protein peptidase activity	molecular_function	FALSE	FALSE	live_primary_id	1
GO:0019787	GO_MF:ubiquitin-like protein transferase activity	GO:0019787	ubiquitin-like protein transferase activity	molecular_function	FALSE	FALSE	live_primary_id	8
GO:0019825	GO_MF:oxygen binding	GO:0019825	oxygen binding	molecular_function	FALSE	FALSE	live_primary_id	1
GO:0019827	GO_BP:stem cell population maintenance	GO:0019827	stem cell population maintenance	biological_process	FALSE	FALSE	live_primary_id	2
GO:0019829	GO_MF:ATPase-coupled monoatomic cation transmembrane transporter activity	GO:0019829	ATPase-coupled monoatomic cation transmembrane transporter activity	molecular_function	FALSE	FALSE	live_primary_id	2
GO:0019840	GO_MF:isoprenoid binding	GO:0019840	isoprenoid binding	molecular_function	FALSE	FALSE	live_primary_id	2
GO:0019842	GO_MF:vitamin binding	GO:0019842	vitamin binding	molecular_function	FALSE	FALSE	live_primary_id	4
GO:0019843	GO_MF:rRNA binding	GO:0019843	rRNA binding	molecular_function	FALSE	FALSE	live_primary_id	1
GO:0019852	GO_BP:L-ascorbic acid metabolic process	GO:0019852	L-ascorbic acid metabolic process	biological_process	FALSE	FALSE	live_primary_id	4
GO:0019853	GO_BP:L-ascorbic acid biosynthetic process	GO:0019853	L-ascorbic acid biosynthetic process	biological_process	FALSE	FALSE	live_primary_id	4
GO:0019856	GO_BP:pyrimidine nucleobase biosynthetic process	GO:0019856	pyrimidine nucleobase biosynthetic process	biological_process	FALSE	FALSE	live_primary_id	1
GO:0019866	GO_CC:organelle inner membrane	GO:0019866	organelle inner membrane	cellular_component	FALSE	FALSE	live_primary_id	6
GO:0019867	GO_CC:outer membrane	GO:0019867	outer membrane	cellular_component	FALSE	FALSE	live_primary_id	2
GO:0019888	GO_MF:protein phosphatase regulator activity	GO:0019888	protein phosphatase regulator activity	molecular_function	FALSE	FALSE	live_primary_id	2
GO:0019898	GO_CC:extrinsic component of membrane	GO:0019898	extrinsic component of membrane	cellular_component	FALSE	FALSE	live_primary_id	2
GO:0019899	GO_MF:enzyme binding	GO:0019899	enzyme binding	molecular_function	FALSE	FALSE	live_primary_id	20
GO:0019900	GO_MF:kinase binding	GO:0019900	kinase binding	molecular_function	FALSE	FALSE	live_primary_id	1
GO:0019901	GO_MF:protein kinase binding	GO:0019901	protein kinase binding	molecular_function	FALSE	FALSE	live_primary_id	1
GO:0019904	GO_MF:protein domain specific binding	GO:0019904	protein domain specific binding	molecular_function	FALSE	FALSE	live_primary_id	12
GO:0019915	GO_BP:lipid storage	GO:0019915	lipid storage	biological_process	FALSE	FALSE	live_primary_id	2
GO:0019932	GO_BP:obsolete second-messenger-mediated signaling	GO:0019932	obsolete second-messenger-mediated signaling	biological_process	TRUE	TRUE	obsolete_by_ontology	3
GO:0019941	GO_BP:modification-dependent protein catabolic process	GO:0019941	modification-dependent protein catabolic process	biological_process	FALSE	FALSE	live_primary_id	7
GO:0019953	GO_BP:sexual reproduction	GO:0019953	sexual reproduction	biological_process	FALSE	FALSE	live_primary_id	3
GO:0020037	GO_MF:heme binding	GO:0020037	heme binding	molecular_function	FALSE	FALSE	live_primary_id	1
GO:0021510	GO_BP:spinal cord development	GO:0021510	spinal cord development	biological_process	FALSE	FALSE	live_primary_id	1
GO:0021515	GO_BP:cell differentiation in spinal cord	GO:0021515	cell differentiation in spinal cord	biological_process	FALSE	FALSE	live_primary_id	1
GO:0021517	GO_BP:ventral spinal cord development	GO:0021517	ventral spinal cord development	biological_process	FALSE	FALSE	live_primary_id	1
GO:0021522	GO_BP:spinal cord motor neuron differentiation	GO:0021522	spinal cord motor neuron differentiation	biological_process	FALSE	FALSE	live_primary_id	1
GO:0021536	GO_BP:diencephalon development	GO:0021536	diencephalon development	biological_process	FALSE	FALSE	live_primary_id	1
GO:0021537	GO_BP:telencephalon development	GO:0021537	telencephalon development	biological_process	FALSE	FALSE	live_primary_id	1
GO:0021544	GO_BP:subpallium development	GO:0021544	subpallium development	biological_process	FALSE	FALSE	live_primary_id	1
GO:0021700	GO_BP:developmental maturation	GO:0021700	developmental maturation	biological_process	FALSE	FALSE	live_primary_id	13
GO:0021756	GO_BP:striatum development	GO:0021756	striatum development	biological_process	FALSE	FALSE	live_primary_id	1
GO:0021761	GO_BP:limbic system development	GO:0021761	limbic system development	biological_process	FALSE	FALSE	live_primary_id	1
GO:0021768	GO_BP:nucleus accumbens development	GO:0021768	nucleus accumbens development	biological_process	FALSE	FALSE	live_primary_id	1
GO:0021915	GO_BP:neural tube development	GO:0021915	neural tube development	biological_process	FALSE	FALSE	live_primary_id	1
GO:0021953	GO_BP:central nervous system neuron differentiation	GO:0021953	central nervous system neuron differentiation	biological_process	FALSE	FALSE	live_primary_id	1
GO:0021983	GO_BP:pituitary gland development	GO:0021983	pituitary gland development	biological_process	FALSE	FALSE	live_primary_id	1
GO:0022008	GO_BP:neurogenesis	GO:0022008	neurogenesis	biological_process	FALSE	FALSE	live_primary_id	2
GO:0022402	GO_BP:cell cycle process	GO:0022402	cell cycle process	biological_process	FALSE	FALSE	live_primary_id	9
GO:0022406	GO_BP:membrane docking	GO:0022406	membrane docking	biological_process	FALSE	FALSE	live_primary_id	1
GO:0022411	GO_BP:cellular component disassembly	GO:0022411	cellular component disassembly	biological_process	FALSE	FALSE	live_primary_id	2
GO:0022412	GO_BP:cellular process involved in reproduction in multicellular organism	GO:0022412	cellular process involved in reproduction in multicellular organism	biological_process	FALSE	FALSE	live_primary_id	2
GO:0022414	GO_BP:reproductive process	GO:0022414	reproductive process	biological_process	FALSE	FALSE	live_primary_id	63
GO:0022603	GO_BP:regulation of anatomical structure morphogenesis	GO:0022603	regulation of anatomical structure morphogenesis	biological_process	FALSE	FALSE	live_primary_id	9
GO:0022604	GO_BP:regulation of cell morphogenesis	GO:0022604	regulation of cell morphogenesis	biological_process	FALSE	FALSE	live_primary_id	4
GO:0022607	GO_BP:cellular component assembly	GO:0022607	cellular component assembly	biological_process	FALSE	FALSE	live_primary_id	14
GO:0022610	GO_BP:obsolete biological adhesion	GO:0022610	obsolete biological adhesion	biological_process	TRUE	TRUE	obsolete_by_ontology	2
GO:0022613	GO_BP:ribonucleoprotein complex biogenesis	GO:0022613	ribonucleoprotein complex biogenesis	biological_process	FALSE	FALSE	live_primary_id	5
GO:0022618	GO_BP:protein-RNA complex assembly	GO:0022618	protein-RNA complex assembly	biological_process	FALSE	FALSE	live_primary_id	1
GO:0022622	GO_BP:root system development	GO:0022622	root system development	biological_process	FALSE	FALSE	live_primary_id	28
GO:0022625	GO_CC:cytosolic large ribosomal subunit	GO:0022625	cytosolic large ribosomal subunit	cellular_component	FALSE	FALSE	live_primary_id	2
GO:0022626	GO_CC:cytosolic ribosome	GO:0022626	cytosolic ribosome	cellular_component	FALSE	FALSE	live_primary_id	6
GO:0022627	GO_CC:cytosolic small ribosomal subunit	GO:0022627	cytosolic small ribosomal subunit	cellular_component	FALSE	FALSE	live_primary_id	2
GO:0022803	GO_MF:passive transmembrane transporter activity	GO:0022803	passive transmembrane transporter activity	molecular_function	FALSE	FALSE	live_primary_id	17
GO:0022804	GO_MF:active transmembrane transporter activity	GO:0022804	active transmembrane transporter activity	molecular_function	FALSE	FALSE	live_primary_id	25
GO:0022832	GO_MF:voltage-gated channel activity	GO:0022832	voltage-gated channel activity	molecular_function	FALSE	FALSE	live_primary_id	3
GO:0022834	GO_MF:ligand-gated channel activity	GO:0022834	ligand-gated channel activity	molecular_function	FALSE	FALSE	live_primary_id	1
GO:0022836	GO_MF:gated channel activity	GO:0022836	gated channel activity	molecular_function	FALSE	FALSE	live_primary_id	5
GO:0022839	GO_MF:monoatomic ion-gated channel activity	GO:0022839	monoatomic ion-gated channel activity	molecular_function	FALSE	FALSE	live_primary_id	3
GO:0022843	GO_MF:voltage-gated monoatomic cation channel activity	GO:0022843	voltage-gated monoatomic cation channel activity	molecular_function	FALSE	FALSE	live_primary_id	2
GO:0022853	GO_MF:active monoatomic ion transmembrane transporter activity	GO:0022853	active monoatomic ion transmembrane transporter activity	molecular_function	FALSE	FALSE	live_primary_id	2
GO:0022857	GO_MF:transmembrane transporter activity	GO:0022857	transmembrane transporter activity	molecular_function	FALSE	FALSE	live_primary_id	93
GO:0022858	GO_MF:alanine transmembrane transporter activity	GO:0022858	alanine transmembrane transporter activity	molecular_function	FALSE	FALSE	live_primary_id	2
GO:0022884	GO_MF:macromolecule transmembrane transporter activity	GO:0022884	macromolecule transmembrane transporter activity	molecular_function	FALSE	FALSE	live_primary_id	1
GO:0022889	GO_MF:obsolete serine transmembrane transporter activity	GO:0022889	obsolete serine transmembrane transporter activity	molecular_function	TRUE	TRUE	obsolete_by_ontology	1
GO:0022890	GO_MF:inorganic cation transmembrane transporter activity	GO:0022890	obsolete inorganic cation transmembrane transporter activity	molecular_function	TRUE	FALSE	obsolete_by_ontology	25
GO:0022898	GO_BP:regulation of transmembrane transporter activity	GO:0022898	regulation of transmembrane transporter activity	biological_process	FALSE	FALSE	live_primary_id	1
GO:0022900	GO_BP:electron transport chain	GO:0022900	electron transport chain	biological_process	FALSE	FALSE	live_primary_id	9
GO:0022904	GO_BP:respiratory electron transport chain	GO:0022904	respiratory electron transport chain	biological_process	FALSE	FALSE	live_primary_id	1
GO:0023051	GO_BP:regulation of signaling	GO:0023051	regulation of signaling	biological_process	FALSE	FALSE	live_primary_id	18
GO:0023052	GO_BP:signaling	GO:0023052	signaling	biological_process	FALSE	FALSE	live_primary_id	66
GO:0023056	GO_BP:positive regulation of signaling	GO:0023056	positive regulation of signaling	biological_process	FALSE	FALSE	live_primary_id	4
GO:0023057	GO_BP:negative regulation of signaling	GO:0023057	negative regulation of signaling	biological_process	FALSE	FALSE	live_primary_id	6
GO:0023061	GO_BP:signal release	GO:0023061	signal release	biological_process	FALSE	FALSE	live_primary_id	1
GO:0030001	GO_BP:metal ion transport	GO:0030001	metal ion transport	biological_process	FALSE	FALSE	live_primary_id	25
GO:0030003	GO_BP:intracellular monoatomic cation homeostasis	GO:0030003	intracellular monoatomic cation homeostasis	biological_process	FALSE	FALSE	live_primary_id	12
GO:0030004	GO_BP:obsolete cellular monovalent inorganic cation homeostasis	GO:0030004	obsolete cellular monovalent inorganic cation homeostasis	biological_process	TRUE	TRUE	obsolete_by_ontology	2
GO:0030026	GO_BP:intracellular manganese ion homeostasis	GO:0030026	intracellular manganese ion homeostasis	biological_process	FALSE	FALSE	live_primary_id	2
GO:0030029	GO_BP:actin filament-based process	GO:0030029	actin filament-based process	biological_process	FALSE	FALSE	live_primary_id	1
GO:0030030	GO_BP:cell projection organization	GO:0030030	cell projection organization	biological_process	FALSE	FALSE	live_primary_id	1
GO:0030036	GO_BP:actin cytoskeleton organization	GO:0030036	actin cytoskeleton organization	biological_process	FALSE	FALSE	live_primary_id	1
GO:0030054	GO_CC:cell junction	GO:0030054	cell junction	cellular_component	FALSE	FALSE	live_primary_id	53
GO:0030076	GO_CC:light-harvesting complex	GO:0030076	light-harvesting complex	cellular_component	FALSE	FALSE	live_primary_id	2
GO:0030091	GO_BP:protein repair	GO:0030091	protein repair	biological_process	FALSE	FALSE	live_primary_id	1
GO:0030100	GO_BP:regulation of endocytosis	GO:0030100	regulation of endocytosis	biological_process	FALSE	FALSE	live_primary_id	2
GO:0030104	GO_BP:obsolete water homeostasis	GO:0030104	obsolete water homeostasis	biological_process	TRUE	TRUE	obsolete_by_ontology	3
GO:0030139	GO_CC:endocytic vesicle	GO:0030139	endocytic vesicle	cellular_component	FALSE	FALSE	live_primary_id	1
GO:0030145	GO_MF:manganese ion binding	GO:0030145	manganese ion binding	molecular_function	FALSE	FALSE	live_primary_id	1
GO:0030150	GO_BP:protein import into mitochondrial matrix	GO:0030150	protein import into mitochondrial matrix	biological_process	FALSE	FALSE	live_primary_id	1
GO:0030154	GO_BP:cell differentiation	GO:0030154	cell differentiation	biological_process	FALSE	FALSE	live_primary_id	38
GO:0030155	GO_BP:regulation of cell adhesion	GO:0030155	regulation of cell adhesion	biological_process	FALSE	FALSE	live_primary_id	1
GO:0030162	GO_BP:regulation of proteolysis	GO:0030162	regulation of proteolysis	biological_process	FALSE	FALSE	live_primary_id	7
GO:0030163	GO_BP:protein catabolic process	GO:0030163	protein catabolic process	biological_process	FALSE	FALSE	live_primary_id	16
GO:0030170	GO_MF:pyridoxal phosphate binding	GO:0030170	pyridoxal phosphate binding	molecular_function	FALSE	FALSE	live_primary_id	2
GO:0030176	GO_CC:obsolete integral component of endoplasmic reticulum membrane	GO:0030176	obsolete integral component of endoplasmic reticulum membrane	cellular_component	TRUE	TRUE	obsolete_by_ontology	1
GO:0030182	GO_BP:neuron differentiation	GO:0030182	neuron differentiation	biological_process	FALSE	FALSE	live_primary_id	2
GO:0030186	GO_BP:melatonin metabolic process	GO:0030186	melatonin metabolic process	biological_process	FALSE	FALSE	live_primary_id	1
GO:0030187	GO_BP:melatonin biosynthetic process	GO:0030187	melatonin biosynthetic process	biological_process	FALSE	FALSE	live_primary_id	1
GO:0030234	GO_MF:enzyme regulator activity	GO:0030234	enzyme regulator activity	molecular_function	FALSE	FALSE	live_primary_id	17
GO:0030243	GO_BP:cellulose metabolic process	GO:0030243	cellulose metabolic process	biological_process	FALSE	FALSE	live_primary_id	7
GO:0030244	GO_BP:cellulose biosynthetic process	GO:0030244	cellulose biosynthetic process	biological_process	FALSE	FALSE	live_primary_id	6
GO:0030246	GO_MF:carbohydrate binding	GO:0030246	carbohydrate binding	molecular_function	FALSE	FALSE	live_primary_id	7
GO:0030247	GO_MF:polysaccharide binding	GO:0030247	polysaccharide binding	molecular_function	FALSE	FALSE	live_primary_id	5
GO:0030258	GO_BP:lipid modification	GO:0030258	lipid modification	biological_process	FALSE	FALSE	live_primary_id	5
GO:0030267	GO_MF:glyoxylate reductase (NADPH) activity	GO:0030267	glyoxylate reductase (NADPH) activity	molecular_function	FALSE	FALSE	live_primary_id	2
GO:0030308	GO_BP:negative regulation of cell growth	GO:0030308	negative regulation of cell growth	biological_process	FALSE	FALSE	live_primary_id	2
GO:0030312	GO_CC:external encapsulating structure	GO:0030312	external encapsulating structure	cellular_component	FALSE	FALSE	live_primary_id	38
GO:0030323	GO_BP:respiratory tube development	GO:0030323	respiratory tube development	biological_process	FALSE	FALSE	live_primary_id	1
GO:0030324	GO_BP:lung development	GO:0030324	lung development	biological_process	FALSE	FALSE	live_primary_id	1
GO:0030326	GO_BP:embryonic limb morphogenesis	GO:0030326	embryonic limb morphogenesis	biological_process	FALSE	FALSE	live_primary_id	1
GO:0030388	GO_BP:fructose 1,6-bisphosphate metabolic process	GO:0030388	fructose 1,6-bisphosphate metabolic process	biological_process	FALSE	FALSE	live_primary_id	2
GO:0030414	GO_MF:peptidase inhibitor activity	GO:0030414	peptidase inhibitor activity	molecular_function	FALSE	FALSE	live_primary_id	3
GO:0030422	GO_BP:siRNA processing	GO:0030422	siRNA processing	biological_process	FALSE	FALSE	live_primary_id	2
GO:0030427	GO_CC:site of polarized growth	GO:0030427	site of polarized growth	cellular_component	FALSE	FALSE	live_primary_id	1
GO:0030490	GO_BP:maturation of SSU-rRNA	GO:0030490	maturation of SSU-rRNA	biological_process	FALSE	FALSE	live_primary_id	1
GO:0030515	GO_MF:snoRNA binding	GO:0030515	snoRNA binding	molecular_function	FALSE	FALSE	live_primary_id	1
GO:0030522	GO_BP:intracellular receptor signaling pathway	GO:0030522	intracellular receptor signaling pathway	biological_process	FALSE	FALSE	live_primary_id	2
GO:0030554	GO_MF:adenyl nucleotide binding	GO:0030554	adenyl nucleotide binding	molecular_function	FALSE	FALSE	live_primary_id	4
GO:0030570	GO_MF:pectate lyase activity	GO:0030570	pectate lyase activity	molecular_function	FALSE	FALSE	live_primary_id	1
GO:0030587	GO_BP:sorocarp development	GO:0030587	sorocarp development	biological_process	FALSE	FALSE	live_primary_id	2
GO:0030599	GO_MF:pectinesterase activity	GO:0030599	pectinesterase activity	molecular_function	FALSE	FALSE	live_primary_id	10
GO:0030641	GO_BP:regulation of cellular pH	GO:0030641	obsolete regulation of cellular pH	biological_process	TRUE	FALSE	obsolete_by_ontology	2
GO:0030656	GO_BP:regulation of vitamin metabolic process	GO:0030656	regulation of vitamin metabolic process	biological_process	FALSE	FALSE	live_primary_id	1
GO:0030659	GO_CC:cytoplasmic vesicle membrane	GO:0030659	cytoplasmic vesicle membrane	cellular_component	FALSE	FALSE	live_primary_id	1
GO:0030666	GO_CC:endocytic vesicle membrane	GO:0030666	endocytic vesicle membrane	cellular_component	FALSE	FALSE	live_primary_id	1
GO:0030674	GO_MF:protein-macromolecule adaptor activity	GO:0030674	protein-macromolecule adaptor activity	molecular_function	FALSE	FALSE	live_primary_id	2
GO:0030684	GO_CC:preribosome	GO:0030684	preribosome	cellular_component	FALSE	FALSE	live_primary_id	1
GO:0030686	GO_CC:90S preribosome	GO:0030686	90S preribosome	cellular_component	FALSE	FALSE	live_primary_id	1
GO:0030695	GO_MF:GTPase regulator activity	GO:0030695	GTPase regulator activity	molecular_function	FALSE	FALSE	live_primary_id	1
GO:0030766	GO_MF:11-O-demethyl-17-O-deacetylvindoline O-methyltransferase activity	GO:0030766	11-O-demethyl-17-O-deacetylvindoline O-methyltransferase activity	molecular_function	FALSE	FALSE	live_primary_id	1
GO:0030832	GO_BP:regulation of actin filament length	GO:0030832	regulation of actin filament length	biological_process	FALSE	FALSE	live_primary_id	2
GO:0030833	GO_BP:regulation of actin filament polymerization	GO:0030833	regulation of actin filament polymerization	biological_process	FALSE	FALSE	live_primary_id	2
GO:0030837	GO_BP:negative regulation of actin filament polymerization	GO:0030837	negative regulation of actin filament polymerization	biological_process	FALSE	FALSE	live_primary_id	2
GO:0030863	GO_CC:cortical cytoskeleton	GO:0030863	cortical cytoskeleton	cellular_component	FALSE	FALSE	live_primary_id	2
GO:0030865	GO_BP:cortical cytoskeleton organization	GO:0030865	cortical cytoskeleton organization	biological_process	FALSE	FALSE	live_primary_id	3
GO:0030867	GO_CC:rough endoplasmic reticulum membrane	GO:0030867	rough endoplasmic reticulum membrane	cellular_component	FALSE	FALSE	live_primary_id	1
GO:0030880	GO_CC:RNA polymerase complex	GO:0030880	RNA polymerase complex	cellular_component	FALSE	FALSE	live_primary_id	1
GO:0030894	GO_CC:replisome	GO:0030894	replisome	cellular_component	FALSE	FALSE	live_primary_id	1
GO:0030900	GO_BP:forebrain development	GO:0030900	forebrain development	biological_process	FALSE	FALSE	live_primary_id	1
GO:0030902	GO_BP:hindbrain development	GO:0030902	hindbrain development	biological_process	FALSE	FALSE	live_primary_id	1
GO:0030981	GO_CC:cortical microtubule cytoskeleton	GO:0030981	cortical microtubule cytoskeleton	cellular_component	FALSE	FALSE	live_primary_id	2
GO:0031000	GO_BP:response to caffeine	GO:0031000	response to caffeine	biological_process	FALSE	FALSE	live_primary_id	1
GO:0031016	GO_BP:pancreas development	GO:0031016	pancreas development	biological_process	FALSE	FALSE	live_primary_id	1
GO:0031047	GO_BP:regulatory ncRNA-mediated gene silencing	GO:0031047	regulatory ncRNA-mediated gene silencing	biological_process	FALSE	FALSE	live_primary_id	2
GO:0031056	GO_BP:obsolete regulation of histone modification	GO:0031056	obsolete regulation of histone modification	biological_process	TRUE	TRUE	obsolete_by_ontology	1
GO:0031058	GO_BP:obsolete positive regulation of histone modification	GO:0031058	obsolete positive regulation of histone modification	biological_process	TRUE	TRUE	obsolete_by_ontology	1
GO:0031060	GO_BP:obsolete regulation of histone methylation	GO:0031060	obsolete regulation of histone methylation	biological_process	TRUE	TRUE	obsolete_by_ontology	1
GO:0031062	GO_BP:obsolete positive regulation of histone methylation	GO:0031062	obsolete positive regulation of histone methylation	biological_process	TRUE	TRUE	obsolete_by_ontology	1
GO:0031076	GO_BP:embryonic camera-type eye development	GO:0031076	embryonic camera-type eye development	biological_process	FALSE	FALSE	live_primary_id	1
GO:0031090	GO_CC:organelle membrane	GO:0031090	organelle membrane	cellular_component	FALSE	FALSE	live_primary_id	56
GO:0031098	GO_BP:stress-activated protein kinase signaling cascade	GO:0031098	stress-activated protein kinase signaling cascade	biological_process	FALSE	FALSE	live_primary_id	1
GO:0031109	GO_BP:microtubule polymerization or depolymerization	GO:0031109	microtubule polymerization or depolymerization	biological_process	FALSE	FALSE	live_primary_id	1
GO:0031122	GO_BP:cytoplasmic microtubule organization	GO:0031122	cytoplasmic microtubule organization	biological_process	FALSE	FALSE	live_primary_id	3
GO:0031123	GO_BP:RNA 3-end processing	GO:0031123	RNA 3'-end processing	biological_process	FALSE	FALSE	live_primary_id	1
GO:0031167	GO_BP:rRNA methylation	GO:0031167	rRNA methylation	biological_process	FALSE	FALSE	live_primary_id	1
GO:0031175	GO_BP:neuron projection development	GO:0031175	neuron projection development	biological_process	FALSE	FALSE	live_primary_id	1
GO:0031177	GO_MF:phosphopantetheine binding	GO:0031177	phosphopantetheine binding	molecular_function	FALSE	FALSE	live_primary_id	1
GO:0031210	GO_MF:phosphatidylcholine binding	GO:0031210	phosphatidylcholine binding	molecular_function	FALSE	FALSE	live_primary_id	2
GO:0031224	GO_CC:obsolete intrinsic component of membrane	GO:0031224	obsolete intrinsic component of membrane	cellular_component	TRUE	TRUE	obsolete_by_ontology	53
GO:0031225	GO_CC:obsolete anchored component of membrane	GO:0031225	obsolete anchored component of membrane	cellular_component	TRUE	TRUE	obsolete_by_ontology	6
GO:0031226	GO_CC:obsolete intrinsic component of plasma membrane	GO:0031226	obsolete intrinsic component of plasma membrane	cellular_component	TRUE	TRUE	obsolete_by_ontology	38
GO:0031227	GO_CC:obsolete intrinsic component of endoplasmic reticulum membrane	GO:0031227	obsolete intrinsic component of endoplasmic reticulum membrane	cellular_component	TRUE	TRUE	obsolete_by_ontology	1
GO:0031300	GO_CC:obsolete intrinsic component of organelle membrane	GO:0031300	obsolete intrinsic component of organelle membrane	cellular_component	TRUE	TRUE	obsolete_by_ontology	1
GO:0031301	GO_CC:obsolete integral component of organelle membrane	GO:0031301	obsolete integral component of organelle membrane	cellular_component	TRUE	TRUE	obsolete_by_ontology	1
GO:0031304	GO_CC:obsolete intrinsic component of mitochondrial inner membrane	GO:0031304	obsolete intrinsic component of mitochondrial inner membrane	cellular_component	TRUE	TRUE	obsolete_by_ontology	1
GO:0031305	GO_CC:obsolete integral component of mitochondrial inner membrane	GO:0031305	obsolete integral component of mitochondrial inner membrane	cellular_component	TRUE	TRUE	obsolete_by_ontology	1
GO:0031312	GO_CC:extrinsic component of organelle membrane	GO:0031312	extrinsic component of organelle membrane	cellular_component	FALSE	FALSE	live_primary_id	1
GO:0031323	GO_BP:regulation of cellular metabolic process	GO:0031323	obsolete regulation of cellular metabolic process	biological_process	TRUE	FALSE	obsolete_by_ontology	95
GO:0031324	GO_BP:negative regulation of cellular metabolic process	GO:0031324	obsolete negative regulation of cellular metabolic process	biological_process	TRUE	FALSE	obsolete_by_ontology	15
GO:0031325	GO_BP:positive regulation of cellular metabolic process	GO:0031325	obsolete positive regulation of cellular metabolic process	biological_process	TRUE	FALSE	obsolete_by_ontology	36
GO:0031326	GO_BP:regulation of cellular biosynthetic process	GO:0031326	obsolete regulation of cellular biosynthetic process	biological_process	TRUE	FALSE	obsolete_by_ontology	79
GO:0031327	GO_BP:negative regulation of cellular biosynthetic process	GO:0031327	obsolete negative regulation of cellular biosynthetic process	biological_process	TRUE	FALSE	obsolete_by_ontology	10
GO:0031328	GO_BP:positive regulation of cellular biosynthetic process	GO:0031328	obsolete positive regulation of cellular biosynthetic process	biological_process	TRUE	FALSE	obsolete_by_ontology	28
GO:0031329	GO_BP:regulation of cellular catabolic process	GO:0031329	obsolete regulation of cellular catabolic process	biological_process	TRUE	FALSE	obsolete_by_ontology	5
GO:0031330	GO_BP:negative regulation of cellular catabolic process	GO:0031330	obsolete negative regulation of cellular catabolic process	biological_process	TRUE	FALSE	obsolete_by_ontology	1
GO:0031331	GO_BP:positive regulation of cellular catabolic process	GO:0031331	obsolete positive regulation of cellular catabolic process	biological_process	TRUE	FALSE	obsolete_by_ontology	4
GO:0031332	GO_CC:RNAi effector complex	GO:0031332	RNAi effector complex	cellular_component	FALSE	FALSE	live_primary_id	2
GO:0031333	GO_BP:negative regulation of protein-containing complex assembly	GO:0031333	negative regulation of protein-containing complex assembly	biological_process	FALSE	FALSE	live_primary_id	2
GO:0031335	GO_BP:regulation of sulfur amino acid metabolic process	GO:0031335	obsolete regulation of sulfur amino acid metabolic process	biological_process	TRUE	FALSE	obsolete_by_ontology	1
GO:0031336	GO_BP:negative regulation of sulfur amino acid metabolic process	GO:0031336	obsolete negative regulation of sulfur amino acid metabolic process	biological_process	TRUE	FALSE	obsolete_by_ontology	1
GO:0031347	GO_BP:regulation of defense response	GO:0031347	regulation of defense response	biological_process	FALSE	FALSE	live_primary_id	16
GO:0031348	GO_BP:negative regulation of defense response	GO:0031348	negative regulation of defense response	biological_process	FALSE	FALSE	live_primary_id	1
GO:0031349	GO_BP:positive regulation of defense response	GO:0031349	positive regulation of defense response	biological_process	FALSE	FALSE	live_primary_id	8
GO:0031399	GO_BP:regulation of protein modification process	GO:0031399	regulation of protein modification process	biological_process	FALSE	FALSE	live_primary_id	4
GO:0031400	GO_BP:negative regulation of protein modification process	GO:0031400	negative regulation of protein modification process	biological_process	FALSE	FALSE	live_primary_id	1
GO:0031401	GO_BP:positive regulation of protein modification process	GO:0031401	positive regulation of protein modification process	biological_process	FALSE	FALSE	live_primary_id	2
GO:0031406	GO_MF:carboxylic acid binding	GO:0031406	carboxylic acid binding	molecular_function	FALSE	FALSE	live_primary_id	2
GO:0031407	GO_BP:oxylipin metabolic process	GO:0031407	oxylipin metabolic process	biological_process	FALSE	FALSE	live_primary_id	2
GO:0031408	GO_BP:oxylipin biosynthetic process	GO:0031408	oxylipin biosynthetic process	biological_process	FALSE	FALSE	live_primary_id	1
GO:0031409	GO_MF:pigment binding	GO:0031409	pigment binding	molecular_function	FALSE	FALSE	live_primary_id	7
GO:0031410	GO_CC:cytoplasmic vesicle	GO:0031410	cytoplasmic vesicle	cellular_component	FALSE	FALSE	live_primary_id	17
GO:0031461	GO_CC:cullin-RING ubiquitin ligase complex	GO:0031461	cullin-RING ubiquitin ligase complex	cellular_component	FALSE	FALSE	live_primary_id	2
GO:0031468	GO_BP:nuclear membrane reassembly	GO:0031468	nuclear membrane reassembly	biological_process	FALSE	FALSE	live_primary_id	1
GO:0031491	GO_MF:nucleosome binding	GO:0031491	nucleosome binding	molecular_function	FALSE	FALSE	live_primary_id	1
GO:0031537	GO_BP:regulation of anthocyanin metabolic process	GO:0031537	regulation of anthocyanin metabolic process	biological_process	FALSE	FALSE	live_primary_id	4
GO:0031539	GO_BP:positive regulation of anthocyanin metabolic process	GO:0031539	positive regulation of anthocyanin metabolic process	biological_process	FALSE	FALSE	live_primary_id	4
GO:0031540	GO_BP:regulation of anthocyanin biosynthetic process	GO:0031540	regulation of anthocyanin biosynthetic process	biological_process	FALSE	FALSE	live_primary_id	4
GO:0031542	GO_BP:positive regulation of anthocyanin biosynthetic process	GO:0031542	positive regulation of anthocyanin biosynthetic process	biological_process	FALSE	FALSE	live_primary_id	4
GO:0031570	GO_BP:DNA integrity checkpoint signaling	GO:0031570	DNA integrity checkpoint signaling	biological_process	FALSE	FALSE	live_primary_id	1
GO:0031624	GO_MF:ubiquitin conjugating enzyme binding	GO:0031624	ubiquitin conjugating enzyme binding	molecular_function	FALSE	FALSE	live_primary_id	1
GO:0031625	GO_MF:ubiquitin protein ligase binding	GO:0031625	ubiquitin protein ligase binding	molecular_function	FALSE	FALSE	live_primary_id	4
GO:0031667	GO_BP:response to nutrient levels	GO:0031667	response to nutrient levels	biological_process	FALSE	FALSE	live_primary_id	13
GO:0031668	GO_BP:obsolete cellular response to extracellular stimulus	GO:0031668	obsolete cellular response to extracellular stimulus	biological_process	TRUE	TRUE	obsolete_by_ontology	19
GO:0031669	GO_BP:cellular response to nutrient levels	GO:0031669	cellular response to nutrient levels	biological_process	FALSE	FALSE	live_primary_id	11
GO:0031901	GO_CC:early endosome membrane	GO:0031901	early endosome membrane	cellular_component	FALSE	FALSE	live_primary_id	1
GO:0031903	GO_CC:microbody membrane	GO:0031903	microbody membrane	cellular_component	FALSE	FALSE	live_primary_id	2
GO:0031907	GO_CC:microbody lumen	GO:0031907	microbody lumen	cellular_component	FALSE	FALSE	live_primary_id	1
GO:0031957	GO_MF:very long-chain fatty acid-CoA ligase activity	GO:0031957	very long-chain fatty acid-CoA ligase activity	molecular_function	FALSE	FALSE	live_primary_id	2
GO:0031966	GO_CC:mitochondrial membrane	GO:0031966	mitochondrial membrane	cellular_component	FALSE	FALSE	live_primary_id	5
GO:0031967	GO_CC:organelle envelope	GO:0031967	organelle envelope	cellular_component	FALSE	FALSE	live_primary_id	43
GO:0031968	GO_CC:organelle outer membrane	GO:0031968	organelle outer membrane	cellular_component	FALSE	FALSE	live_primary_id	2
GO:0031969	GO_CC:chloroplast membrane	GO:0031969	chloroplast membrane	cellular_component	FALSE	FALSE	live_primary_id	8
GO:0031970	GO_CC:organelle envelope lumen	GO:0031970	organelle envelope lumen	cellular_component	FALSE	FALSE	live_primary_id	1
GO:0031974	GO_CC:membrane-enclosed lumen	GO:0031974	membrane-enclosed lumen	cellular_component	FALSE	FALSE	live_primary_id	22
GO:0031975	GO_CC:obsolete envelope	GO:0031975	obsolete envelope	cellular_component	TRUE	TRUE	obsolete_by_ontology	43
GO:0031976	GO_CC:plastid thylakoid	GO:0031976	plastid thylakoid	cellular_component	FALSE	FALSE	live_primary_id	30
GO:0031977	GO_CC:thylakoid lumen	GO:0031977	thylakoid lumen	cellular_component	FALSE	FALSE	live_primary_id	7
GO:0031978	GO_CC:plastid thylakoid lumen	GO:0031978	plastid thylakoid lumen	cellular_component	FALSE	FALSE	live_primary_id	2
GO:0031981	GO_CC:nuclear lumen	GO:0031981	nuclear lumen	cellular_component	FALSE	FALSE	live_primary_id	16
GO:0031982	GO_CC:vesicle	GO:0031982	vesicle	cellular_component	FALSE	FALSE	live_primary_id	17
GO:0031984	GO_CC:organelle subcompartment	GO:0031984	organelle subcompartment	cellular_component	FALSE	FALSE	live_primary_id	51
GO:0032040	GO_CC:small-subunit processome	GO:0032040	small-subunit processome	cellular_component	FALSE	FALSE	live_primary_id	1
GO:0032101	GO_BP:regulation of response to external stimulus	GO:0032101	regulation of response to external stimulus	biological_process	FALSE	FALSE	live_primary_id	3
GO:0032103	GO_BP:positive regulation of response to external stimulus	GO:0032103	positive regulation of response to external stimulus	biological_process	FALSE	FALSE	live_primary_id	1
GO:0032104	GO_BP:obsolete regulation of response to extracellular stimulus	GO:0032104	obsolete regulation of response to extracellular stimulus	biological_process	TRUE	TRUE	obsolete_by_ontology	1
GO:0032107	GO_BP:regulation of response to nutrient levels	GO:0032107	regulation of response to nutrient levels	biological_process	FALSE	FALSE	live_primary_id	1
GO:0032147	GO_BP:activation of protein kinase activity	GO:0032147	activation of protein kinase activity	biological_process	FALSE	FALSE	live_primary_id	1
GO:0032182	GO_MF:ubiquitin-like protein binding	GO:0032182	ubiquitin-like protein binding	molecular_function	FALSE	FALSE	live_primary_id	1
GO:0032200	GO_BP:telomere organization	GO:0032200	telomere organization	biological_process	FALSE	FALSE	live_primary_id	1
GO:0032204	GO_BP:regulation of telomere maintenance	GO:0032204	regulation of telomere maintenance	biological_process	FALSE	FALSE	live_primary_id	1
GO:0032206	GO_BP:positive regulation of telomere maintenance	GO:0032206	positive regulation of telomere maintenance	biological_process	FALSE	FALSE	live_primary_id	1
GO:0032210	GO_BP:regulation of telomere maintenance via telomerase	GO:0032210	regulation of telomere maintenance via telomerase	biological_process	FALSE	FALSE	live_primary_id	1
GO:0032212	GO_BP:positive regulation of telomere maintenance via telomerase	GO:0032212	positive regulation of telomere maintenance via telomerase	biological_process	FALSE	FALSE	live_primary_id	1
GO:0032259	GO_BP:methylation	GO:0032259	methylation	biological_process	FALSE	FALSE	live_primary_id	9
GO:0032271	GO_BP:regulation of protein polymerization	GO:0032271	regulation of protein polymerization	biological_process	FALSE	FALSE	live_primary_id	2
GO:0032272	GO_BP:negative regulation of protein polymerization	GO:0032272	negative regulation of protein polymerization	biological_process	FALSE	FALSE	live_primary_id	2
GO:0032296	GO_MF:double-stranded RNA-specific ribonuclease activity	GO:0032296	double-stranded RNA-specific ribonuclease activity	molecular_function	FALSE	FALSE	live_primary_id	2
GO:0032328	GO_BP:alanine transport	GO:0032328	alanine transport	biological_process	FALSE	FALSE	live_primary_id	2
GO:0032329	GO_BP:serine transport	GO:0032329	serine transport	biological_process	FALSE	FALSE	live_primary_id	1
GO:0032350	GO_BP:regulation of hormone metabolic process	GO:0032350	regulation of hormone metabolic process	biological_process	FALSE	FALSE	live_primary_id	4
GO:0032351	GO_BP:negative regulation of hormone metabolic process	GO:0032351	negative regulation of hormone metabolic process	biological_process	FALSE	FALSE	live_primary_id	1
GO:0032352	GO_BP:positive regulation of hormone metabolic process	GO:0032352	positive regulation of hormone metabolic process	biological_process	FALSE	FALSE	live_primary_id	1
GO:0032353	GO_BP:negative regulation of hormone biosynthetic process	GO:0032353	negative regulation of hormone biosynthetic process	biological_process	FALSE	FALSE	live_primary_id	1
GO:0032355	GO_BP:response to estradiol	GO:0032355	response to estradiol	biological_process	FALSE	FALSE	live_primary_id	2
GO:0032392	GO_BP:DNA geometric change	GO:0032392	DNA geometric change	biological_process	FALSE	FALSE	live_primary_id	1
GO:0032409	GO_BP:regulation of transporter activity	GO:0032409	obsolete regulation of transporter activity	biological_process	TRUE	FALSE	obsolete_by_ontology	1
GO:0032412	GO_BP:regulation of monoatomic ion transmembrane transporter activity	GO:0032412	obsolete regulation of monoatomic ion transmembrane transporter activity	biological_process	TRUE	FALSE	obsolete_by_ontology	1
GO:0032434	GO_BP:regulation of proteasomal ubiquitin-dependent protein catabolic process	GO:0032434	regulation of proteasomal ubiquitin-dependent protein catabolic process	biological_process	FALSE	FALSE	live_primary_id	1
GO:0032436	GO_BP:positive regulation of proteasomal ubiquitin-dependent protein catabolic process	GO:0032436	positive regulation of proteasomal ubiquitin-dependent protein catabolic process	biological_process	FALSE	FALSE	live_primary_id	1
GO:0032446	GO_BP:protein modification by small protein conjugation	GO:0032446	protein modification by small protein conjugation	biological_process	FALSE	FALSE	live_primary_id	8
GO:0032451	GO_MF:demethylase activity	GO:0032451	demethylase activity	molecular_function	FALSE	FALSE	live_primary_id	1
GO:0032496	GO_BP:response to lipopolysaccharide	GO:0032496	response to lipopolysaccharide	biological_process	FALSE	FALSE	live_primary_id	1
GO:0032501	GO_BP:multicellular organismal process	GO:0032501	multicellular organismal process	biological_process	FALSE	FALSE	live_primary_id	100
GO:0032502	GO_BP:developmental process	GO:0032502	developmental process	biological_process	FALSE	FALSE	live_primary_id	123
GO:0032504	GO_BP:obsolete multicellular organism reproduction	GO:0032504	obsolete multicellular organism reproduction	biological_process	TRUE	TRUE	obsolete_by_ontology	15
GO:0032506	GO_BP:cytokinetic process	GO:0032506	cytokinetic process	biological_process	FALSE	FALSE	live_primary_id	2
GO:0032507	GO_BP:maintenance of protein location in cell	GO:0032507	maintenance of protein location in cell	biological_process	FALSE	FALSE	live_primary_id	1
GO:0032508	GO_BP:DNA duplex unwinding	GO:0032508	obsolete DNA duplex unwinding	biological_process	TRUE	FALSE	obsolete_by_ontology	1
GO:0032515	GO_BP:negative regulation of phosphoprotein phosphatase activity	GO:0032515	obsolete negative regulation of phosphoprotein phosphatase activity	biological_process	TRUE	FALSE	obsolete_by_ontology	1
GO:0032526	GO_BP:response to retinoic acid	GO:0032526	response to retinoic acid	biological_process	FALSE	FALSE	live_primary_id	1
GO:0032527	GO_BP:protein exit from endoplasmic reticulum	GO:0032527	obsolete protein exit from endoplasmic reticulum	biological_process	TRUE	FALSE	obsolete_by_ontology	1
GO:0032535	GO_BP:regulation of cellular component size	GO:0032535	regulation of cellular component size	biological_process	FALSE	FALSE	live_primary_id	4
GO:0032544	GO_BP:plastid translation	GO:0032544	plastid translation	biological_process	FALSE	FALSE	live_primary_id	3
GO:0032549	GO_MF:ribonucleoside binding	GO:0032549	ribonucleoside binding	molecular_function	FALSE	FALSE	live_primary_id	1
GO:0032550	GO_MF:purine ribonucleoside binding	GO:0032550	purine ribonucleoside binding	molecular_function	FALSE	FALSE	live_primary_id	1
GO:0032553	GO_MF:ribonucleotide binding	GO:0032553	ribonucleotide binding	molecular_function	FALSE	FALSE	live_primary_id	5
GO:0032555	GO_MF:purine ribonucleotide binding	GO:0032555	purine ribonucleotide binding	molecular_function	FALSE	FALSE	live_primary_id	5
GO:0032559	GO_MF:adenyl ribonucleotide binding	GO:0032559	adenyl ribonucleotide binding	molecular_function	FALSE	FALSE	live_primary_id	4
GO:0032561	GO_MF:guanyl ribonucleotide binding	GO:0032561	guanyl ribonucleotide binding	molecular_function	FALSE	FALSE	live_primary_id	1
GO:0032570	GO_BP:response to progesterone	GO:0032570	response to progesterone	biological_process	FALSE	FALSE	live_primary_id	1
GO:0032586	GO_CC:protein storage vacuole membrane	GO:0032586	protein storage vacuole membrane	cellular_component	FALSE	FALSE	live_primary_id	1
GO:0032588	GO_CC:trans-Golgi network membrane	GO:0032588	trans-Golgi network membrane	cellular_component	FALSE	FALSE	live_primary_id	1
GO:0032592	GO_CC:obsolete integral component of mitochondrial membrane	GO:0032592	obsolete integral component of mitochondrial membrane	cellular_component	TRUE	TRUE	obsolete_by_ontology	1
GO:0032774	GO_BP:RNA biosynthetic process	GO:0032774	RNA biosynthetic process	biological_process	FALSE	FALSE	live_primary_id	7
GO:0032784	GO_BP:regulation of DNA-templated transcription elongation	GO:0032784	regulation of DNA-templated transcription elongation	biological_process	FALSE	FALSE	live_primary_id	1
GO:0032786	GO_BP:positive regulation of DNA-templated transcription, elongation	GO:0032786	positive regulation of DNA-templated transcription, elongation	biological_process	FALSE	FALSE	live_primary_id	1
GO:0032787	GO_BP:monocarboxylic acid metabolic process	GO:0032787	monocarboxylic acid metabolic process	biological_process	FALSE	FALSE	live_primary_id	29
GO:0032870	GO_BP:cellular response to hormone stimulus	GO:0032870	cellular response to hormone stimulus	biological_process	FALSE	FALSE	live_primary_id	40
GO:0032875	GO_BP:regulation of DNA endoreduplication	GO:0032875	regulation of DNA endoreduplication	biological_process	FALSE	FALSE	live_primary_id	1
GO:0032879	GO_BP:regulation of localization	GO:0032879	regulation of localization	biological_process	FALSE	FALSE	live_primary_id	6
GO:0032880	GO_BP:regulation of protein localization	GO:0032880	regulation of protein localization	biological_process	FALSE	FALSE	live_primary_id	2
GO:0032881	GO_BP:regulation of polysaccharide metabolic process	GO:0032881	regulation of polysaccharide metabolic process	biological_process	FALSE	FALSE	live_primary_id	1
GO:0032885	GO_BP:regulation of polysaccharide biosynthetic process	GO:0032885	regulation of polysaccharide biosynthetic process	biological_process	FALSE	FALSE	live_primary_id	1
GO:0032940	GO_BP:secretion by cell	GO:0032940	secretion by cell	biological_process	FALSE	FALSE	live_primary_id	2
GO:0032956	GO_BP:regulation of actin cytoskeleton organization	GO:0032956	regulation of actin cytoskeleton organization	biological_process	FALSE	FALSE	live_primary_id	3
GO:0032958	GO_BP:inositol phosphate biosynthetic process	GO:0032958	inositol phosphate biosynthetic process	biological_process	FALSE	FALSE	live_primary_id	1
GO:0032968	GO_BP:positive regulation of transcription elongation by RNA polymerase II	GO:0032968	positive regulation of transcription elongation by RNA polymerase II	biological_process	FALSE	FALSE	live_primary_id	1
GO:0032970	GO_BP:regulation of actin filament-based process	GO:0032970	regulation of actin filament-based process	biological_process	FALSE	FALSE	live_primary_id	3
GO:0032984	GO_BP:protein-containing complex disassembly	GO:0032984	protein-containing complex disassembly	biological_process	FALSE	FALSE	live_primary_id	1
GO:0032989	GO_BP:cellular anatomical entity morphogenesis	GO:0032989	cellular anatomical entity morphogenesis	biological_process	FALSE	FALSE	live_primary_id	18
GO:0032990	GO_BP:obsolete cell part morphogenesis	GO:0032990	obsolete cell part morphogenesis	biological_process	TRUE	TRUE	obsolete_by_ontology	1
GO:0032991	GO_CC:protein-containing complex	GO:0032991	protein-containing complex	cellular_component	FALSE	FALSE	live_primary_id	38
GO:0032993	GO_CC:protein-DNA complex	GO:0032993	protein-DNA complex	cellular_component	FALSE	FALSE	live_primary_id	1
GO:0033013	GO_BP:tetrapyrrole metabolic process	GO:0033013	tetrapyrrole metabolic process	biological_process	FALSE	FALSE	live_primary_id	5
GO:0033014	GO_BP:tetrapyrrole biosynthetic process	GO:0033014	tetrapyrrole biosynthetic process	biological_process	FALSE	FALSE	live_primary_id	4
GO:0033036	GO_BP:macromolecule localization	GO:0033036	macromolecule localization	biological_process	FALSE	FALSE	live_primary_id	15
GO:0033037	GO_BP:polysaccharide localization	GO:0033037	polysaccharide localization	biological_process	FALSE	FALSE	live_primary_id	2
GO:0033043	GO_BP:regulation of organelle organization	GO:0033043	regulation of organelle organization	biological_process	FALSE	FALSE	live_primary_id	7
GO:0033044	GO_BP:regulation of chromosome organization	GO:0033044	regulation of chromosome organization	biological_process	FALSE	FALSE	live_primary_id	2
GO:0033045	GO_BP:regulation of sister chromatid segregation	GO:0033045	regulation of sister chromatid segregation	biological_process	FALSE	FALSE	live_primary_id	1
GO:0033046	GO_BP:negative regulation of sister chromatid segregation	GO:0033046	negative regulation of sister chromatid segregation	biological_process	FALSE	FALSE	live_primary_id	1
GO:0033047	GO_BP:regulation of mitotic sister chromatid segregation	GO:0033047	regulation of mitotic sister chromatid segregation	biological_process	FALSE	FALSE	live_primary_id	1
GO:0033048	GO_BP:negative regulation of mitotic sister chromatid segregation	GO:0033048	negative regulation of mitotic sister chromatid segregation	biological_process	FALSE	FALSE	live_primary_id	1
GO:0033095	GO_CC:aleurone grain	GO:0033095	aleurone grain	cellular_component	FALSE	FALSE	live_primary_id	3
GO:0033189	GO_BP:response to vitamin A	GO:0033189	response to vitamin A	biological_process	FALSE	FALSE	live_primary_id	1
GO:0033218	GO_MF:amide binding	GO:0033218	obsolete amide binding	molecular_function	TRUE	FALSE	obsolete_by_ontology	9
GO:0033231	GO_BP:carbohydrate export	GO:0033231	carbohydrate export	biological_process	FALSE	FALSE	live_primary_id	1
GO:0033238	GO_BP:regulation of amine metabolic process	GO:0033238	regulation of amine metabolic process	biological_process	FALSE	FALSE	live_primary_id	2
GO:0033239	GO_BP:negative regulation of amine metabolic process	GO:0033239	negative regulation of amine metabolic process	biological_process	FALSE	FALSE	live_primary_id	1
GO:0033240	GO_BP:positive regulation of amine metabolic process	GO:0033240	positive regulation of amine metabolic process	biological_process	FALSE	FALSE	live_primary_id	1
GO:0033260	GO_BP:nuclear DNA replication	GO:0033260	nuclear DNA replication	biological_process	FALSE	FALSE	live_primary_id	1
GO:0033273	GO_BP:response to vitamin	GO:0033273	response to vitamin	biological_process	FALSE	FALSE	live_primary_id	2
GO:0033274	GO_BP:response to vitamin B2	GO:0033274	response to vitamin B2	biological_process	FALSE	FALSE	live_primary_id	1
GO:0033293	GO_MF:monocarboxylic acid binding	GO:0033293	monocarboxylic acid binding	molecular_function	FALSE	FALSE	live_primary_id	2
GO:0033302	GO_BP:quercetin O-glucoside metabolic process	GO:0033302	obsolete quercetin O-glucoside metabolic process	biological_process	TRUE	FALSE	obsolete_by_ontology	1
GO:0033303	GO_BP:quercetin O-glucoside biosynthetic process	GO:0033303	quercetin O-glucoside biosynthetic process	biological_process	FALSE	FALSE	live_primary_id	1
GO:0033329	GO_BP:kaempferol O-glucoside metabolic process	GO:0033329	obsolete kaempferol O-glucoside metabolic process	biological_process	TRUE	FALSE	obsolete_by_ontology	1
GO:0033330	GO_BP:kaempferol O-glucoside biosynthetic process	GO:0033330	kaempferol O-glucoside biosynthetic process	biological_process	FALSE	FALSE	live_primary_id	1
GO:0033331	GO_BP:ent-kaurene metabolic process	GO:0033331	ent-kaurene metabolic process	biological_process	FALSE	FALSE	live_primary_id	1
GO:0033365	GO_BP:protein localization to organelle	GO:0033365	protein localization to organelle	biological_process	FALSE	FALSE	live_primary_id	6
GO:0033485	GO_BP:cyanidin 3-O-glucoside biosynthetic process	GO:0033485	cyanidin 3-O-glucoside biosynthetic process	biological_process	FALSE	FALSE	live_primary_id	1
GO:0033500	GO_BP:carbohydrate homeostasis	GO:0033500	carbohydrate homeostasis	biological_process	FALSE	FALSE	live_primary_id	1
GO:0033517	GO_BP:myo-inositol hexakisphosphate metabolic process	GO:0033517	obsolete myo-inositol hexakisphosphate metabolic process	biological_process	TRUE	FALSE	obsolete_by_ontology	1
GO:0033530	GO_BP:raffinose metabolic process	GO:0033530	raffinose metabolic process	biological_process	FALSE	FALSE	live_primary_id	1
GO:0033554	GO_BP:cellular response to stress	GO:0033554	cellular response to stress	biological_process	FALSE	FALSE	live_primary_id	52
GO:0033559	GO_BP:unsaturated fatty acid metabolic process	GO:0033559	unsaturated fatty acid metabolic process	biological_process	FALSE	FALSE	live_primary_id	3
GO:0033574	GO_BP:response to testosterone	GO:0033574	response to testosterone	biological_process	FALSE	FALSE	live_primary_id	1
GO:0033612	GO_MF:receptor serine/threonine kinase binding	GO:0033612	receptor serine/threonine kinase binding	molecular_function	FALSE	FALSE	live_primary_id	4
GO:0033674	GO_BP:positive regulation of kinase activity	GO:0033674	positive regulation of kinase activity	biological_process	FALSE	FALSE	live_primary_id	1
GO:0033692	GO_BP:obsolete cellular polysaccharide biosynthetic process	GO:0033692	obsolete cellular polysaccharide biosynthetic process	biological_process	TRUE	TRUE	obsolete_by_ontology	12
GO:0033721	GO_MF:aldehyde dehydrogenase (NADP+) activity	GO:0033721	aldehyde dehydrogenase (NADP+) activity	molecular_function	FALSE	FALSE	live_primary_id	1
GO:0033799	GO_MF:myricetin 3-O-methyltransferase activity	GO:0033799	myricetin 3'-O-methyltransferase activity	molecular_function	FALSE	FALSE	live_primary_id	1
GO:0033907	GO_MF:beta-D-fucosidase activity	GO:0033907	beta-D-fucosidase activity	molecular_function	FALSE	FALSE	live_primary_id	1
GO:0033993	GO_BP:response to lipid	GO:0033993	response to lipid	biological_process	FALSE	FALSE	live_primary_id	40
GO:0034050	GO_BP:symbiont-induced defense-related programmed cell death	GO:0034050	symbiont-induced defense-related programmed cell death	biological_process	FALSE	FALSE	live_primary_id	5
GO:0034097	GO_BP:response to cytokine	GO:0034097	response to cytokine	biological_process	FALSE	FALSE	live_primary_id	1
GO:0034219	GO_BP:carbohydrate transmembrane transport	GO:0034219	carbohydrate transmembrane transport	biological_process	FALSE	FALSE	live_primary_id	15
GO:0034220	GO_BP:monoatomic ion transmembrane transport	GO:0034220	monoatomic ion transmembrane transport	biological_process	FALSE	FALSE	live_primary_id	61
GO:0034243	GO_BP:regulation of transcription elongation by RNA polymerase II	GO:0034243	regulation of transcription elongation by RNA polymerase II	biological_process	FALSE	FALSE	live_primary_id	1
GO:0034248	GO_BP:regulation of amide metabolic process	GO:0034248	obsolete regulation of amide metabolic process	biological_process	TRUE	FALSE	obsolete_by_ontology	4
GO:0034249	GO_BP:negative regulation of amide metabolic process	GO:0034249	obsolete negative regulation of amide metabolic process	biological_process	TRUE	FALSE	obsolete_by_ontology	2
GO:0034250	GO_BP:positive regulation of amide metabolic process	GO:0034250	obsolete positive regulation of amide metabolic process	biological_process	TRUE	FALSE	obsolete_by_ontology	2
GO:0034284	GO_BP:response to monosaccharide	GO:0034284	response to monosaccharide	biological_process	FALSE	FALSE	live_primary_id	3
GO:0034285	GO_BP:response to disaccharide	GO:0034285	response to disaccharide	biological_process	FALSE	FALSE	live_primary_id	8
GO:0034293	GO_BP:sexual sporulation	GO:0034293	sexual sporulation	biological_process	FALSE	FALSE	live_primary_id	2
GO:0034308	GO_BP:primary alcohol metabolic process	GO:0034308	primary alcohol metabolic process	biological_process	FALSE	FALSE	live_primary_id	1
GO:0034330	GO_BP:cell junction organization	GO:0034330	cell junction organization	biological_process	FALSE	FALSE	live_primary_id	2
GO:0034331	GO_BP:cell junction maintenance	GO:0034331	cell junction maintenance	biological_process	FALSE	FALSE	live_primary_id	1
GO:0034332	GO_BP:adherens junction organization	GO:0034332	adherens junction organization	biological_process	FALSE	FALSE	live_primary_id	1
GO:0034334	GO_BP:adherens junction maintenance	GO:0034334	adherens junction maintenance	biological_process	FALSE	FALSE	live_primary_id	1
GO:0034357	GO_CC:photosynthetic membrane	GO:0034357	photosynthetic membrane	cellular_component	FALSE	FALSE	live_primary_id	26
GO:0034388	GO_CC:Pwp2p-containing subcomplex of 90S preribosome	GO:0034388	Pwp2p-containing subcomplex of 90S preribosome	cellular_component	FALSE	FALSE	live_primary_id	1
GO:0034389	GO_BP:lipid droplet organization	GO:0034389	lipid droplet organization	biological_process	FALSE	FALSE	live_primary_id	1
GO:0034404	GO_BP:nucleobase-containing small molecule biosynthetic process	GO:0034404	nucleobase-containing small molecule biosynthetic process	biological_process	FALSE	FALSE	live_primary_id	2
GO:0034425	GO_CC:etioplast envelope	GO:0034425	etioplast envelope	cellular_component	FALSE	FALSE	live_primary_id	1
GO:0034426	GO_CC:etioplast membrane	GO:0034426	etioplast membrane	cellular_component	FALSE	FALSE	live_primary_id	1
GO:0034440	GO_BP:lipid oxidation	GO:0034440	lipid oxidation	biological_process	FALSE	FALSE	live_primary_id	3
GO:0034470	GO_BP:obsolete ncRNA processing	GO:0034470	obsolete ncRNA processing	biological_process	TRUE	TRUE	obsolete_by_ontology	4
GO:0034484	GO_BP:raffinose catabolic process	GO:0034484	raffinose catabolic process	biological_process	FALSE	FALSE	live_primary_id	1
GO:0034486	GO_BP:vacuolar transmembrane transport	GO:0034486	vacuolar transmembrane transport	biological_process	FALSE	FALSE	live_primary_id	1
GO:0034504	GO_BP:protein localization to nucleus	GO:0034504	protein localization to nucleus	biological_process	FALSE	FALSE	live_primary_id	1
GO:0034599	GO_BP:cellular response to oxidative stress	GO:0034599	cellular response to oxidative stress	biological_process	FALSE	FALSE	live_primary_id	13
GO:0034605	GO_BP:cellular response to heat	GO:0034605	cellular response to heat	biological_process	FALSE	FALSE	live_primary_id	5
GO:0034614	GO_BP:cellular response to reactive oxygen species	GO:0034614	cellular response to reactive oxygen species	biological_process	FALSE	FALSE	live_primary_id	8
GO:0034620	GO_BP:cellular response to unfolded protein	GO:0034620	cellular response to unfolded protein	biological_process	FALSE	FALSE	live_primary_id	1
GO:0034637	GO_BP:obsolete cellular carbohydrate biosynthetic process	GO:0034637	obsolete cellular carbohydrate biosynthetic process	biological_process	TRUE	TRUE	obsolete_by_ontology	16
GO:0034641	GO_BP:obsolete cellular nitrogen compound metabolic process	GO:0034641	obsolete cellular nitrogen compound metabolic process	biological_process	TRUE	TRUE	obsolete_by_ontology	59
GO:0034644	GO_BP:cellular response to UV	GO:0034644	cellular response to UV	biological_process	FALSE	FALSE	live_primary_id	1
GO:0034645	GO_BP:obsolete cellular macromolecule biosynthetic process	GO:0034645	obsolete cellular macromolecule biosynthetic process	biological_process	TRUE	TRUE	obsolete_by_ontology	31
GO:0034654	GO_BP:nucleobase-containing compound biosynthetic process	GO:0034654	nucleobase-containing compound biosynthetic process	biological_process	FALSE	FALSE	live_primary_id	11
GO:0034655	GO_BP:nucleobase-containing compound catabolic process	GO:0034655	nucleobase-containing compound catabolic process	biological_process	FALSE	FALSE	live_primary_id	5
GO:0034656	GO_BP:nucleobase-containing small molecule catabolic process	GO:0034656	nucleobase-containing small molecule catabolic process	biological_process	FALSE	FALSE	live_primary_id	1
GO:0034660	GO_BP:obsolete ncRNA metabolic process	GO:0034660	obsolete ncRNA metabolic process	biological_process	TRUE	TRUE	obsolete_by_ontology	5
GO:0034728	GO_BP:nucleosome organization	GO:0034728	nucleosome organization	biological_process	FALSE	FALSE	live_primary_id	1
GO:0034755	GO_BP:iron ion transmembrane transport	GO:0034755	iron ion transmembrane transport	biological_process	FALSE	FALSE	live_primary_id	4
GO:0034762	GO_BP:regulation of transmembrane transport	GO:0034762	regulation of transmembrane transport	biological_process	FALSE	FALSE	live_primary_id	1
GO:0034765	GO_BP:regulation of monoatomic ion transmembrane transport	GO:0034765	regulation of monoatomic ion transmembrane transport	biological_process	FALSE	FALSE	live_primary_id	1
GO:0034976	GO_BP:response to endoplasmic reticulum stress	GO:0034976	response to endoplasmic reticulum stress	biological_process	FALSE	FALSE	live_primary_id	1
GO:0035050	GO_BP:embryonic heart tube development	GO:0035050	embryonic heart tube development	biological_process	FALSE	FALSE	live_primary_id	2
GO:0035091	GO_MF:phosphatidylinositol binding	GO:0035091	phosphatidylinositol binding	molecular_function	FALSE	FALSE	live_primary_id	1
GO:0035094	GO_BP:response to nicotine	GO:0035094	response to nicotine	biological_process	FALSE	FALSE	live_primary_id	1
GO:0035101	GO_CC:FACT complex	GO:0035101	FACT complex	cellular_component	FALSE	FALSE	live_primary_id	1
GO:0035107	GO_BP:appendage morphogenesis	GO:0035107	appendage morphogenesis	biological_process	FALSE	FALSE	live_primary_id	1
GO:0035108	GO_BP:limb morphogenesis	GO:0035108	limb morphogenesis	biological_process	FALSE	FALSE	live_primary_id	1
GO:0035113	GO_BP:embryonic appendage morphogenesis	GO:0035113	embryonic appendage morphogenesis	biological_process	FALSE	FALSE	live_primary_id	1
GO:0035115	GO_BP:embryonic forelimb morphogenesis	GO:0035115	embryonic forelimb morphogenesis	biological_process	FALSE	FALSE	live_primary_id	1
GO:0035136	GO_BP:forelimb morphogenesis	GO:0035136	forelimb morphogenesis	biological_process	FALSE	FALSE	live_primary_id	1
GO:0035150	GO_BP:regulation of tube size	GO:0035150	regulation of tube size	biological_process	FALSE	FALSE	live_primary_id	1
GO:0035194	GO_BP:regulatory ncRNA-mediated post-transcriptional gene silencing	GO:0035194	regulatory ncRNA-mediated post-transcriptional gene silencing	biological_process	FALSE	FALSE	live_primary_id	2
GO:0035239	GO_BP:tube morphogenesis	GO:0035239	tube morphogenesis	biological_process	FALSE	FALSE	live_primary_id	2
GO:0035250	GO_MF:UDP-galactosyltransferase activity	GO:0035250	UDP-galactosyltransferase activity	molecular_function	FALSE	FALSE	live_primary_id	1
GO:0035251	GO_MF:UDP-glucosyltransferase activity	GO:0035251	UDP-glucosyltransferase activity	molecular_function	FALSE	FALSE	live_primary_id	8
GO:0035252	GO_MF:UDP-xylosyltransferase activity	GO:0035252	UDP-xylosyltransferase activity	molecular_function	FALSE	FALSE	live_primary_id	1
GO:0035266	GO_BP:meristem growth	GO:0035266	meristem growth	biological_process	FALSE	FALSE	live_primary_id	1
GO:0035270	GO_BP:endocrine system development	GO:0035270	endocrine system development	biological_process	FALSE	FALSE	live_primary_id	1
GO:0035282	GO_BP:segmentation	GO:0035282	segmentation	biological_process	FALSE	FALSE	live_primary_id	2
GO:0035295	GO_BP:tube development	GO:0035295	tube development	biological_process	FALSE	FALSE	live_primary_id	2
GO:0035296	GO_BP:regulation of tube diameter	GO:0035296	regulation of tube diameter	biological_process	FALSE	FALSE	live_primary_id	1
GO:0035303	GO_BP:regulation of dephosphorylation	GO:0035303	regulation of dephosphorylation	biological_process	FALSE	FALSE	live_primary_id	2
GO:0035304	GO_BP:regulation of protein dephosphorylation	GO:0035304	obsolete regulation of protein dephosphorylation	biological_process	TRUE	FALSE	obsolete_by_ontology	2
GO:0035305	GO_BP:negative regulation of dephosphorylation	GO:0035305	negative regulation of dephosphorylation	biological_process	FALSE	FALSE	live_primary_id	1
GO:0035308	GO_BP:negative regulation of protein dephosphorylation	GO:0035308	obsolete negative regulation of protein dephosphorylation	biological_process	TRUE	FALSE	obsolete_by_ontology	1
GO:0035335	GO_BP:peptidyl-tyrosine dephosphorylation	GO:0035335	peptidyl-tyrosine dephosphorylation	biological_process	FALSE	FALSE	live_primary_id	1
GO:0035344	GO_BP:hypoxanthine transport	GO:0035344	hypoxanthine transport	biological_process	FALSE	FALSE	live_primary_id	1
GO:0035371	GO_CC:microtubule plus-end	GO:0035371	microtubule plus-end	cellular_component	FALSE	FALSE	live_primary_id	1
GO:0035434	GO_BP:copper ion transmembrane transport	GO:0035434	copper ion transmembrane transport	biological_process	FALSE	FALSE	live_primary_id	1
GO:0035435	GO_BP:phosphate ion transmembrane transport	GO:0035435	phosphate ion transmembrane transport	biological_process	FALSE	FALSE	live_primary_id	1
GO:0035436	GO_BP:triose phosphate transmembrane transport	GO:0035436	triose phosphate transmembrane transport	biological_process	FALSE	FALSE	live_primary_id	2
GO:0035444	GO_BP:nickel cation transmembrane transport	GO:0035444	nickel cation transmembrane transport	biological_process	FALSE	FALSE	live_primary_id	1
GO:0035445	GO_BP:borate transmembrane transport	GO:0035445	borate transmembrane transport	biological_process	FALSE	FALSE	live_primary_id	1
GO:0035524	GO_BP:proline transmembrane transport	GO:0035524	proline transmembrane transport	biological_process	FALSE	FALSE	live_primary_id	1
GO:0035556	GO_BP:intracellular signal transduction	GO:0035556	intracellular signal transduction	biological_process	FALSE	FALSE	live_primary_id	20
GO:0035601	GO_BP:protein deacylation	GO:0035601	protein deacylation	biological_process	FALSE	FALSE	live_primary_id	1
GO:0035639	GO_MF:purine ribonucleoside triphosphate binding	GO:0035639	purine ribonucleoside triphosphate binding	molecular_function	FALSE	FALSE	live_primary_id	3
GO:0035670	GO_BP:plant-type ovary development	GO:0035670	plant-type ovary development	biological_process	FALSE	FALSE	live_primary_id	2
GO:0035671	GO_MF:enone reductase activity	GO:0035671	enone reductase activity	molecular_function	FALSE	FALSE	live_primary_id	1
GO:0035798	GO_MF:2-alkenal reductase (NADPH) activity	GO:0035798	2-alkenal reductase (NADPH) activity	molecular_function	FALSE	FALSE	live_primary_id	1
GO:0035799	GO_BP:ureter maturation	GO:0035799	ureter maturation	biological_process	FALSE	FALSE	live_primary_id	1
GO:0035821	GO_BP:modulation of process of another organism	GO:0035821	modulation of process of another organism	biological_process	FALSE	FALSE	live_primary_id	2
GO:0035861	GO_CC:site of double-strand break	GO:0035861	site of double-strand break	cellular_component	FALSE	FALSE	live_primary_id	1
GO:0035864	GO_BP:response to potassium ion	GO:0035864	response to potassium ion	biological_process	FALSE	FALSE	live_primary_id	1
GO:0035865	GO_BP:cellular response to potassium ion	GO:0035865	cellular response to potassium ion	biological_process	FALSE	FALSE	live_primary_id	1
GO:0035873	GO_BP:lactate transmembrane transport	GO:0035873	lactate transmembrane transport	biological_process	FALSE	FALSE	live_primary_id	1
GO:0035925	GO_MF:mRNA 3-UTR AU-rich region binding	GO:0035925	mRNA 3'-UTR AU-rich region binding	molecular_function	FALSE	FALSE	live_primary_id	1
GO:0035966	GO_BP:response to topologically incorrect protein	GO:0035966	response to topologically incorrect protein	biological_process	FALSE	FALSE	live_primary_id	3
GO:0035967	GO_BP:cellular response to topologically incorrect protein	GO:0035967	cellular response to topologically incorrect protein	biological_process	FALSE	FALSE	live_primary_id	3
GO:0036002	GO_MF:pre-mRNA binding	GO:0036002	pre-mRNA binding	molecular_function	FALSE	FALSE	live_primary_id	1
GO:0036033	GO_MF:mediator complex binding	GO:0036033	mediator complex binding	molecular_function	FALSE	FALSE	live_primary_id	1
GO:0036094	GO_MF:small molecule binding	GO:0036094	small molecule binding	molecular_function	FALSE	FALSE	live_primary_id	15
GO:0036211	GO_BP:protein modification process	GO:0036211	protein modification process	biological_process	FALSE	FALSE	live_primary_id	60
GO:0036270	GO_BP:response to diuretic	GO:0036270	response to diuretic	biological_process	FALSE	FALSE	live_primary_id	1
GO:0036293	GO_BP:response to decreased oxygen levels	GO:0036293	response to decreased oxygen levels	biological_process	FALSE	FALSE	live_primary_id	5
GO:0036294	GO_BP:cellular response to decreased oxygen levels	GO:0036294	cellular response to decreased oxygen levels	biological_process	FALSE	FALSE	live_primary_id	1
GO:0036296	GO_BP:response to increased oxygen levels	GO:0036296	response to increased oxygen levels	biological_process	FALSE	FALSE	live_primary_id	1
GO:0036473	GO_BP:obsolete cell death in response to oxidative stress	GO:0036473	obsolete cell death in response to oxidative stress	biological_process	TRUE	TRUE	obsolete_by_ontology	2
GO:0036503	GO_BP:ERAD pathway	GO:0036503	ERAD pathway	biological_process	FALSE	FALSE	live_primary_id	1
GO:0036513	GO_CC:Derlin-1 retrotranslocation complex	GO:0036513	Derlin-1 retrotranslocation complex	cellular_component	FALSE	FALSE	live_primary_id	1
GO:0038023	GO_MF:signaling receptor activity	GO:0038023	signaling receptor activity	molecular_function	FALSE	FALSE	live_primary_id	20
GO:0040007	GO_BP:growth	GO:0040007	growth	biological_process	FALSE	FALSE	live_primary_id	24
GO:0040008	GO_BP:regulation of growth	GO:0040008	regulation of growth	biological_process	FALSE	FALSE	live_primary_id	10
GO:0040011	GO_BP:locomotion	GO:0040011	locomotion	biological_process	FALSE	FALSE	live_primary_id	7
GO:0040014	GO_BP:regulation of multicellular organism growth	GO:0040014	regulation of multicellular organism growth	biological_process	FALSE	FALSE	live_primary_id	1
GO:0040015	GO_BP:negative regulation of multicellular organism growth	GO:0040015	negative regulation of multicellular organism growth	biological_process	FALSE	FALSE	live_primary_id	1
GO:0040020	GO_BP:regulation of meiotic nuclear division	GO:0040020	regulation of meiotic nuclear division	biological_process	FALSE	FALSE	live_primary_id	1
GO:0040029	GO_BP:epigenetic regulation of gene expression	GO:0040029	epigenetic regulation of gene expression	biological_process	FALSE	FALSE	live_primary_id	2
GO:0040034	GO_BP:regulation of development, heterochronic	GO:0040034	regulation of development, heterochronic	biological_process	FALSE	FALSE	live_primary_id	1
GO:0042044	GO_BP:fluid transport	GO:0042044	fluid transport	biological_process	FALSE	FALSE	live_primary_id	11
GO:0042058	GO_BP:regulation of epidermal growth factor receptor signaling pathway	GO:0042058	regulation of epidermal growth factor receptor signaling pathway	biological_process	FALSE	FALSE	live_primary_id	1
GO:0042127	GO_BP:regulation of cell population proliferation	GO:0042127	regulation of cell population proliferation	biological_process	FALSE	FALSE	live_primary_id	2
GO:0042132	GO_MF:fructose 1,6-bisphosphate 1-phosphatase activity	GO:0042132	fructose 1,6-bisphosphate 1-phosphatase activity	molecular_function	FALSE	FALSE	live_primary_id	2
GO:0042133	GO_BP:obsolete neurotransmitter metabolic process	GO:0042133	obsolete neurotransmitter metabolic process	biological_process	TRUE	TRUE	obsolete_by_ontology	2
GO:0042135	GO_BP:obsolete neurotransmitter catabolic process	GO:0042135	obsolete neurotransmitter catabolic process	biological_process	TRUE	TRUE	obsolete_by_ontology	1
GO:0042136	GO_BP:obsolete neurotransmitter biosynthetic process	GO:0042136	obsolete neurotransmitter biosynthetic process	biological_process	TRUE	TRUE	obsolete_by_ontology	1
GO:0042157	GO_BP:lipoprotein metabolic process	GO:0042157	lipoprotein metabolic process	biological_process	FALSE	FALSE	live_primary_id	1
GO:0042159	GO_BP:lipoprotein catabolic process	GO:0042159	lipoprotein catabolic process	biological_process	FALSE	FALSE	live_primary_id	1
GO:0042162	GO_MF:telomeric DNA binding	GO:0042162	telomeric repeat DNA binding	molecular_function	FALSE	FALSE	live_primary_id	1
GO:0042170	GO_CC:plastid membrane	GO:0042170	plastid membrane	cellular_component	FALSE	FALSE	live_primary_id	9
GO:0042175	GO_CC:nuclear outer membrane-endoplasmic reticulum membrane network	GO:0042175	nuclear outer membrane-endoplasmic reticulum membrane network	cellular_component	FALSE	FALSE	live_primary_id	12
GO:0042176	GO_BP:regulation of protein catabolic process	GO:0042176	regulation of protein catabolic process	biological_process	FALSE	FALSE	live_primary_id	2
GO:0042178	GO_BP:xenobiotic catabolic process	GO:0042178	xenobiotic catabolic process	biological_process	FALSE	FALSE	live_primary_id	1
GO:0042214	GO_BP:terpene metabolic process	GO:0042214	terpene metabolic process	biological_process	FALSE	FALSE	live_primary_id	2
GO:0042221	GO_BP:response to chemical	GO:0042221	response to chemical	biological_process	FALSE	FALSE	live_primary_id	172
GO:0042254	GO_BP:ribosome biogenesis	GO:0042254	ribosome biogenesis	biological_process	FALSE	FALSE	live_primary_id	5
GO:0042255	GO_BP:ribosome assembly	GO:0042255	ribosome assembly	biological_process	FALSE	FALSE	live_primary_id	1
GO:0042273	GO_BP:ribosomal large subunit biogenesis	GO:0042273	ribosomal large subunit biogenesis	biological_process	FALSE	FALSE	live_primary_id	1
GO:0042274	GO_BP:ribosomal small subunit biogenesis	GO:0042274	ribosomal small subunit biogenesis	biological_process	FALSE	FALSE	live_primary_id	1
GO:0042277	GO_MF:peptide binding	GO:0042277	peptide binding	molecular_function	FALSE	FALSE	live_primary_id	7
GO:0042278	GO_BP:purine nucleoside metabolic process	GO:0042278	purine nucleoside metabolic process	biological_process	FALSE	FALSE	live_primary_id	1
GO:0042285	GO_MF:xylosyltransferase activity	GO:0042285	xylosyltransferase activity	molecular_function	FALSE	FALSE	live_primary_id	1
GO:0042325	GO_BP:regulation of phosphorylation	GO:0042325	regulation of phosphorylation	biological_process	FALSE	FALSE	live_primary_id	1
GO:0042327	GO_BP:positive regulation of phosphorylation	GO:0042327	positive regulation of phosphorylation	biological_process	FALSE	FALSE	live_primary_id	1
GO:0042330	GO_BP:taxis	GO:0042330	taxis	biological_process	FALSE	FALSE	live_primary_id	5
GO:0042335	GO_BP:cuticle development	GO:0042335	cuticle development	biological_process	FALSE	FALSE	live_primary_id	1
GO:0042341	GO_BP:cyanogenic glycoside metabolic process	GO:0042341	obsolete cyanogenic glycoside metabolic process	biological_process	TRUE	FALSE	obsolete_by_ontology	1
GO:0042360	GO_BP:vitamin E metabolic process	GO:0042360	vitamin E metabolic process	biological_process	FALSE	FALSE	live_primary_id	3
GO:0042362	GO_BP:fat-soluble vitamin biosynthetic process	GO:0042362	fat-soluble vitamin biosynthetic process	biological_process	FALSE	FALSE	live_primary_id	3
GO:0042364	GO_BP:water-soluble vitamin biosynthetic process	GO:0042364	water-soluble vitamin biosynthetic process	biological_process	FALSE	FALSE	live_primary_id	7
GO:0042389	GO_MF:omega-3 fatty acid desaturase activity	GO:0042389	omega-3 fatty acid desaturase activity	molecular_function	FALSE	FALSE	live_primary_id	1
GO:0042391	GO_BP:regulation of membrane potential	GO:0042391	regulation of membrane potential	biological_process	FALSE	FALSE	live_primary_id	2
GO:0042393	GO_MF:histone binding	GO:0042393	histone binding	molecular_function	FALSE	FALSE	live_primary_id	2
GO:0042398	GO_BP:cellular modified amino acid biosynthetic process	GO:0042398	modified amino acid biosynthetic process	biological_process	FALSE	FALSE	live_primary_id	3
GO:0042401	GO_BP:biogenic amine biosynthetic process	GO:0042401	biogenic amine biosynthetic process	biological_process	FALSE	FALSE	live_primary_id	1
GO:0042402	GO_BP:cellular biogenic amine catabolic process	GO:0042402	biogenic amine catabolic process	biological_process	FALSE	FALSE	live_primary_id	1
GO:0042406	GO_CC:extrinsic component of endoplasmic reticulum membrane	GO:0042406	extrinsic component of endoplasmic reticulum membrane	cellular_component	FALSE	FALSE	live_primary_id	1
GO:0042425	GO_BP:choline biosynthetic process	GO:0042425	choline biosynthetic process	biological_process	FALSE	FALSE	live_primary_id	1
GO:0042430	GO_BP:indole-containing compound metabolic process	GO:0042430	indole-containing compound metabolic process	biological_process	FALSE	FALSE	live_primary_id	6
GO:0042435	GO_BP:indole-containing compound biosynthetic process	GO:0042435	indole-containing compound biosynthetic process	biological_process	FALSE	FALSE	live_primary_id	5
GO:0042436	GO_BP:indole-containing compound catabolic process	GO:0042436	indole-containing compound catabolic process	biological_process	FALSE	FALSE	live_primary_id	1
GO:0042440	GO_BP:pigment metabolic process	GO:0042440	pigment metabolic process	biological_process	FALSE	FALSE	live_primary_id	15
GO:0042445	GO_BP:hormone metabolic process	GO:0042445	hormone metabolic process	biological_process	FALSE	FALSE	live_primary_id	19
GO:0042446	GO_BP:hormone biosynthetic process	GO:0042446	hormone biosynthetic process	biological_process	FALSE	FALSE	live_primary_id	14
GO:0042447	GO_BP:hormone catabolic process	GO:0042447	hormone catabolic process	biological_process	FALSE	FALSE	live_primary_id	3
GO:0042454	GO_BP:ribonucleoside catabolic process	GO:0042454	ribonucleoside catabolic process	biological_process	FALSE	FALSE	live_primary_id	1
GO:0042471	GO_BP:ear morphogenesis	GO:0042471	ear morphogenesis	biological_process	FALSE	FALSE	live_primary_id	1
GO:0042472	GO_BP:inner ear morphogenesis	GO:0042472	inner ear morphogenesis	biological_process	FALSE	FALSE	live_primary_id	1
GO:0042537	GO_BP:benzene-containing compound metabolic process	GO:0042537	benzene-containing compound metabolic process	biological_process	FALSE	FALSE	live_primary_id	6
GO:0042538	GO_BP:hyperosmotic salinity response	GO:0042538	hyperosmotic salinity response	biological_process	FALSE	FALSE	live_primary_id	4
GO:0042542	GO_BP:response to hydrogen peroxide	GO:0042542	response to hydrogen peroxide	biological_process	FALSE	FALSE	live_primary_id	12
GO:0042545	GO_BP:cell wall modification	GO:0042545	cell wall modification	biological_process	FALSE	FALSE	live_primary_id	7
GO:0042546	GO_BP:cell wall biogenesis	GO:0042546	cell wall biogenesis	biological_process	FALSE	FALSE	live_primary_id	11
GO:0042547	GO_BP:cell wall modification involved in multidimensional cell growth	GO:0042547	cell wall modification involved in multidimensional cell growth	biological_process	FALSE	FALSE	live_primary_id	1
GO:0042548	GO_BP:regulation of photosynthesis, light reaction	GO:0042548	regulation of photosynthesis, light reaction	biological_process	FALSE	FALSE	live_primary_id	1
GO:0042558	GO_BP:pteridine-containing compound metabolic process	GO:0042558	pteridine-containing compound metabolic process	biological_process	FALSE	FALSE	live_primary_id	1
GO:0042559	GO_BP:pteridine-containing compound biosynthetic process	GO:0042559	pteridine-containing compound biosynthetic process	biological_process	FALSE	FALSE	live_primary_id	1
GO:0042562	GO_MF:hormone binding	GO:0042562	hormone binding	molecular_function	FALSE	FALSE	live_primary_id	3
GO:0042572	GO_BP:retinol metabolic process	GO:0042572	retinol metabolic process	biological_process	FALSE	FALSE	live_primary_id	1
GO:0042573	GO_BP:retinoic acid metabolic process	GO:0042573	retinoic acid metabolic process	biological_process	FALSE	FALSE	live_primary_id	1
GO:0042574	GO_BP:retinal metabolic process	GO:0042574	retinal metabolic process	biological_process	FALSE	FALSE	live_primary_id	1
GO:0042577	GO_MF:lipid phosphatase activity	GO:0042577	lipid phosphatase activity	molecular_function	FALSE	FALSE	live_primary_id	2
GO:0042578	GO_MF:phosphoric ester hydrolase activity	GO:0042578	phosphoric ester hydrolase activity	molecular_function	FALSE	FALSE	live_primary_id	15
GO:0042579	GO_CC:microbody	GO:0042579	microbody	cellular_component	FALSE	FALSE	live_primary_id	10
GO:0042592	GO_BP:homeostatic process	GO:0042592	homeostatic process	biological_process	FALSE	FALSE	live_primary_id	31
GO:0042593	GO_BP:glucose homeostasis	GO:0042593	glucose homeostasis	biological_process	FALSE	FALSE	live_primary_id	1
GO:0042594	GO_BP:response to starvation	GO:0042594	response to starvation	biological_process	FALSE	FALSE	live_primary_id	9
GO:0042625	GO_MF:ATPase-coupled ion transmembrane transporter activity	GO:0042625	ATPase-coupled ion transmembrane transporter activity	molecular_function	FALSE	FALSE	live_primary_id	2
GO:0042626	GO_MF:ATPase-coupled transmembrane transporter activity	GO:0042626	ATPase-coupled transmembrane transporter activity	molecular_function	FALSE	FALSE	live_primary_id	9
GO:0042631	GO_BP:cellular response to water deprivation	GO:0042631	cellular response to water deprivation	biological_process	FALSE	FALSE	live_primary_id	8
GO:0042632	GO_BP:cholesterol homeostasis	GO:0042632	cholesterol homeostasis	biological_process	FALSE	FALSE	live_primary_id	1
GO:0042651	GO_CC:thylakoid membrane	GO:0042651	thylakoid membrane	cellular_component	FALSE	FALSE	live_primary_id	26
GO:0042698	GO_BP:ovulation cycle	GO:0042698	ovulation cycle	biological_process	FALSE	FALSE	live_primary_id	1
GO:0042723	GO_BP:thiamine-containing compound metabolic process	GO:0042723	thiamine-containing compound metabolic process	biological_process	FALSE	FALSE	live_primary_id	1
GO:0042724	GO_BP:thiamine-containing compound biosynthetic process	GO:0042724	thiamine-containing compound biosynthetic process	biological_process	FALSE	FALSE	live_primary_id	1
GO:0042726	GO_BP:flavin-containing compound metabolic process	GO:0042726	flavin-containing compound metabolic process	biological_process	FALSE	FALSE	live_primary_id	1
GO:0042727	GO_BP:flavin-containing compound biosynthetic process	GO:0042727	flavin-containing compound biosynthetic process	biological_process	FALSE	FALSE	live_primary_id	1
GO:0042742	GO_BP:defense response to bacterium	GO:0042742	defense response to bacterium	biological_process	FALSE	FALSE	live_primary_id	26
GO:0042743	GO_BP:hydrogen peroxide metabolic process	GO:0042743	hydrogen peroxide metabolic process	biological_process	FALSE	FALSE	live_primary_id	4
GO:0042744	GO_BP:hydrogen peroxide catabolic process	GO:0042744	hydrogen peroxide catabolic process	biological_process	FALSE	FALSE	live_primary_id	3
GO:0042752	GO_BP:regulation of circadian rhythm	GO:0042752	regulation of circadian rhythm	biological_process	FALSE	FALSE	live_primary_id	3
GO:0042754	GO_BP:negative regulation of circadian rhythm	GO:0042754	negative regulation of circadian rhythm	biological_process	FALSE	FALSE	live_primary_id	1
GO:0042759	GO_BP:long-chain fatty acid biosynthetic process	GO:0042759	long-chain fatty acid biosynthetic process	biological_process	FALSE	FALSE	live_primary_id	1
GO:0042762	GO_BP:regulation of sulfur metabolic process	GO:0042762	regulation of sulfur metabolic process	biological_process	FALSE	FALSE	live_primary_id	1
GO:0042773	GO_BP:ATP synthesis coupled electron transport	GO:0042773	ATP synthesis coupled electron transport	biological_process	FALSE	FALSE	live_primary_id	1
GO:0042775	GO_BP:mitochondrial ATP synthesis coupled electron transport	GO:0042775	mitochondrial ATP synthesis coupled electron transport	biological_process	FALSE	FALSE	live_primary_id	1
GO:0042788	GO_CC:obsolete polysomal ribosome	GO:0042788	obsolete polysomal ribosome	cellular_component	TRUE	TRUE	obsolete_by_ontology	1
GO:0042802	GO_MF:identical protein binding	GO:0042802	identical protein binding	molecular_function	FALSE	FALSE	live_primary_id	20
GO:0042803	GO_MF:protein homodimerization activity	GO:0042803	protein homodimerization activity	molecular_function	FALSE	FALSE	live_primary_id	12
GO:0042807	GO_CC:central vacuole	GO:0042807	central vacuole	cellular_component	FALSE	FALSE	live_primary_id	2
GO:0042866	GO_BP:pyruvate biosynthetic process	GO:0042866	pyruvate biosynthetic process	biological_process	FALSE	FALSE	live_primary_id	2
GO:0042873	GO_BP:aldonate transmembrane transport	GO:0042873	aldonate transmembrane transport	biological_process	FALSE	FALSE	live_primary_id	2
GO:0042879	GO_MF:aldonate transmembrane transporter activity	GO:0042879	aldonate transmembrane transporter activity	molecular_function	FALSE	FALSE	live_primary_id	2
GO:0042886	GO_BP:amide transport	GO:0042886	obsolete amide transport	biological_process	TRUE	FALSE	obsolete_by_ontology	10
GO:0042887	GO_MF:amide transmembrane transporter activity	GO:0042887	obsolete amide transmembrane transporter activity	molecular_function	TRUE	FALSE	obsolete_by_ontology	2
GO:0042891	GO_BP:obsolete antibiotic transport	GO:0042891	obsolete antibiotic transport	biological_process	TRUE	TRUE	obsolete_by_ontology	2
GO:0042904	GO_BP:9-cis-retinoic acid biosynthetic process	GO:0042904	9-cis-retinoic acid biosynthetic process	biological_process	FALSE	FALSE	live_primary_id	1
GO:0042905	GO_BP:9-cis-retinoic acid metabolic process	GO:0042905	9-cis-retinoic acid metabolic process	biological_process	FALSE	FALSE	live_primary_id	1
GO:0042973	GO_MF:glucan endo-1,3-beta-D-glucosidase activity	GO:0042973	glucan endo-1,3-beta-D-glucosidase activity	molecular_function	FALSE	FALSE	live_primary_id	2
GO:0042981	GO_BP:regulation of apoptotic process	GO:0042981	regulation of apoptotic process	biological_process	FALSE	FALSE	live_primary_id	4
GO:0042989	GO_BP:sequestering of actin monomers	GO:0042989	obsolete sequestering of actin monomers	biological_process	TRUE	FALSE	obsolete_by_ontology	1
GO:0042995	GO_CC:cell projection	GO:0042995	cell projection	cellular_component	FALSE	FALSE	live_primary_id	2
GO:0043009	GO_BP:chordate embryonic development	GO:0043009	chordate embryonic development	biological_process	FALSE	FALSE	live_primary_id	2
GO:0043010	GO_BP:camera-type eye development	GO:0043010	camera-type eye development	biological_process	FALSE	FALSE	live_primary_id	1
GO:0043038	GO_BP:amino acid activation	GO:0043038	amino acid activation	biological_process	FALSE	FALSE	live_primary_id	1
GO:0043039	GO_BP:tRNA aminoacylation	GO:0043039	tRNA aminoacylation	biological_process	FALSE	FALSE	live_primary_id	1
GO:0043043	GO_BP:peptide biosynthetic process	GO:0043043	peptide biosynthetic process	biological_process	FALSE	FALSE	live_primary_id	9
GO:0043047	GO_MF:single-stranded telomeric DNA binding	GO:0043047	single-stranded telomeric DNA binding	molecular_function	FALSE	FALSE	live_primary_id	1
GO:0043065	GO_BP:positive regulation of apoptotic process	GO:0043065	positive regulation of apoptotic process	biological_process	FALSE	FALSE	live_primary_id	2
GO:0043066	GO_BP:negative regulation of apoptotic process	GO:0043066	negative regulation of apoptotic process	biological_process	FALSE	FALSE	live_primary_id	3
GO:0043067	GO_BP:regulation of programmed cell death	GO:0043067	regulation of programmed cell death	biological_process	FALSE	FALSE	live_primary_id	7
GO:0043068	GO_BP:positive regulation of programmed cell death	GO:0043068	positive regulation of programmed cell death	biological_process	FALSE	FALSE	live_primary_id	4
GO:0043069	GO_BP:negative regulation of programmed cell death	GO:0043069	negative regulation of programmed cell death	biological_process	FALSE	FALSE	live_primary_id	3
GO:0043085	GO_BP:positive regulation of catalytic activity	GO:0043085	positive regulation of catalytic activity	biological_process	FALSE	FALSE	live_primary_id	3
GO:0043086	GO_BP:negative regulation of catalytic activity	GO:0043086	negative regulation of catalytic activity	biological_process	FALSE	FALSE	live_primary_id	15
GO:0043087	GO_BP:regulation of GTPase activity	GO:0043087	regulation of GTPase activity	biological_process	FALSE	FALSE	live_primary_id	1
GO:0043090	GO_BP:amino acid import	GO:0043090	amino acid import	biological_process	FALSE	FALSE	live_primary_id	1
GO:0043094	GO_BP:cellular metabolic compound salvage	GO:0043094	metabolic compound salvage	biological_process	FALSE	FALSE	live_primary_id	4
GO:0043100	GO_BP:pyrimidine nucleobase salvage	GO:0043100	pyrimidine nucleobase salvage	biological_process	FALSE	FALSE	live_primary_id	1
GO:0043130	GO_MF:ubiquitin binding	GO:0043130	ubiquitin binding	molecular_function	FALSE	FALSE	live_primary_id	1
GO:0043155	GO_BP:negative regulation of photosynthesis, light reaction	GO:0043155	negative regulation of photosynthesis, light reaction	biological_process	FALSE	FALSE	live_primary_id	1
GO:0043161	GO_BP:proteasome-mediated ubiquitin-dependent protein catabolic process	GO:0043161	proteasome-mediated ubiquitin-dependent protein catabolic process	biological_process	FALSE	FALSE	live_primary_id	6
GO:0043167	GO_MF:ion binding	GO:0043167	ion binding	molecular_function	FALSE	FALSE	live_primary_id	49
GO:0043168	GO_MF:anion binding	GO:0043168	anion binding	molecular_function	FALSE	FALSE	live_primary_id	29
GO:0043169	GO_MF:cation binding	GO:0043169	cation binding	molecular_function	FALSE	FALSE	live_primary_id	25
GO:0043170	GO_BP:macromolecule metabolic process	GO:0043170	macromolecule metabolic process	biological_process	FALSE	FALSE	live_primary_id	131
GO:0043177	GO_MF:organic acid binding	GO:0043177	organic acid binding	molecular_function	FALSE	FALSE	live_primary_id	2
GO:0043178	GO_MF:alcohol binding	GO:0043178	alcohol binding	molecular_function	FALSE	FALSE	live_primary_id	1
GO:0043200	GO_BP:response to amino acid	GO:0043200	response to amino acid	biological_process	FALSE	FALSE	live_primary_id	2
GO:0043207	GO_BP:response to external biotic stimulus	GO:0043207	response to external biotic stimulus	biological_process	FALSE	FALSE	live_primary_id	70
GO:0043225	GO_MF:ATPase-coupled inorganic anion transmembrane transporter activity	GO:0043225	obsolete ATPase-coupled inorganic anion transmembrane transporter activity	molecular_function	TRUE	FALSE	obsolete_by_ontology	1
GO:0043226	GO_CC:organelle	GO:0043226	organelle	cellular_component	FALSE	FALSE	live_primary_id	336
GO:0043227	GO_CC:membrane-bounded organelle	GO:0043227	membrane-bounded organelle	cellular_component	FALSE	FALSE	live_primary_id	330
GO:0043228	GO_CC:non-membrane-bounded organelle	GO:0043228	membraneless organelle	cellular_component	FALSE	FALSE	live_primary_id	27
GO:0043229	GO_CC:intracellular organelle	GO:0043229	intracellular organelle	cellular_component	FALSE	FALSE	live_primary_id	336
GO:0043231	GO_CC:intracellular membrane-bounded organelle	GO:0043231	intracellular membrane-bounded organelle	cellular_component	FALSE	FALSE	live_primary_id	329
GO:0043232	GO_CC:intracellular non-membrane-bounded organelle	GO:0043232	intracellular membraneless organelle	cellular_component	FALSE	FALSE	live_primary_id	27
GO:0043233	GO_CC:organelle lumen	GO:0043233	organelle lumen	cellular_component	FALSE	FALSE	live_primary_id	22
GO:0043254	GO_BP:regulation of protein-containing complex assembly	GO:0043254	regulation of protein-containing complex assembly	biological_process	FALSE	FALSE	live_primary_id	2
GO:0043255	GO_BP:regulation of carbohydrate biosynthetic process	GO:0043255	regulation of carbohydrate biosynthetic process	biological_process	FALSE	FALSE	live_primary_id	1
GO:0043266	GO_BP:regulation of potassium ion transport	GO:0043266	regulation of potassium ion transport	biological_process	FALSE	FALSE	live_primary_id	1
GO:0043269	GO_BP:regulation of monoatomic ion transport	GO:0043269	regulation of monoatomic ion transport	biological_process	FALSE	FALSE	live_primary_id	2
GO:0043279	GO_BP:response to alkaloid	GO:0043279	response to alkaloid	biological_process	FALSE	FALSE	live_primary_id	1
GO:0043288	GO_BP:apocarotenoid metabolic process	GO:0043288	obsolete apocarotenoid metabolic process	biological_process	TRUE	FALSE	obsolete_by_ontology	1
GO:0043289	GO_BP:apocarotenoid biosynthetic process	GO:0043289	apocarotenoid biosynthetic process	biological_process	FALSE	FALSE	live_primary_id	1
GO:0043295	GO_MF:glutathione binding	GO:0043295	glutathione binding	molecular_function	FALSE	FALSE	live_primary_id	6
GO:0043296	GO_CC:apical junction complex	GO:0043296	apical junction complex	cellular_component	FALSE	FALSE	live_primary_id	1
GO:0043331	GO_BP:response to dsRNA	GO:0043331	response to dsRNA	biological_process	FALSE	FALSE	live_primary_id	2
GO:0043401	GO_BP:steroid hormone mediated signaling pathway	GO:0043401	steroid hormone receptor signaling pathway	biological_process	FALSE	FALSE	live_primary_id	2
GO:0043412	GO_BP:macromolecule modification	GO:0043412	macromolecule modification	biological_process	FALSE	FALSE	live_primary_id	62
GO:0043413	GO_BP:macromolecule glycosylation	GO:0043413	obsolete macromolecule glycosylation	biological_process	TRUE	FALSE	obsolete_by_ontology	2
GO:0043414	GO_BP:macromolecule methylation	GO:0043414	macromolecule methylation	biological_process	FALSE	FALSE	live_primary_id	1
GO:0043424	GO_MF:protein histidine kinase binding	GO:0043424	protein histidine kinase binding	molecular_function	FALSE	FALSE	live_primary_id	1
GO:0043433	GO_BP:negative regulation of DNA-binding transcription factor activity	GO:0043433	obsolete negative regulation of DNA-binding transcription factor activity	biological_process	TRUE	FALSE	obsolete_by_ontology	1
GO:0043436	GO_BP:oxoacid metabolic process	GO:0043436	oxoacid metabolic process	biological_process	FALSE	FALSE	live_primary_id	49
GO:0043467	GO_BP:regulation of generation of precursor metabolites and energy	GO:0043467	regulation of generation of precursor metabolites and energy	biological_process	FALSE	FALSE	live_primary_id	1
GO:0043473	GO_BP:pigmentation	GO:0043473	pigmentation	biological_process	FALSE	FALSE	live_primary_id	2
GO:0043476	GO_BP:pigment accumulation	GO:0043476	pigment accumulation	biological_process	FALSE	FALSE	live_primary_id	2
GO:0043478	GO_BP:pigment accumulation in response to UV light	GO:0043478	pigment accumulation in response to UV light	biological_process	FALSE	FALSE	live_primary_id	2
GO:0043479	GO_BP:pigment accumulation in tissues in response to UV light	GO:0043479	pigment accumulation in tissues in response to UV light	biological_process	FALSE	FALSE	live_primary_id	2
GO:0043480	GO_BP:pigment accumulation in tissues	GO:0043480	pigment accumulation in tissues	biological_process	FALSE	FALSE	live_primary_id	2
GO:0043481	GO_BP:anthocyanin accumulation in tissues in response to UV light	GO:0043481	anthocyanin accumulation in tissues in response to UV light	biological_process	FALSE	FALSE	live_primary_id	2
GO:0043484	GO_BP:regulation of RNA splicing	GO:0043484	regulation of RNA splicing	biological_process	FALSE	FALSE	live_primary_id	1
GO:0043487	GO_BP:regulation of RNA stability	GO:0043487	regulation of RNA stability	biological_process	FALSE	FALSE	live_primary_id	1
GO:0043488	GO_BP:regulation of mRNA stability	GO:0043488	regulation of mRNA stability	biological_process	FALSE	FALSE	live_primary_id	1
GO:0043489	GO_BP:RNA stabilization	GO:0043489	RNA stabilization	biological_process	FALSE	FALSE	live_primary_id	1
GO:0043495	GO_MF:protein-membrane adaptor activity	GO:0043495	protein-membrane adaptor activity	molecular_function	FALSE	FALSE	live_primary_id	1
GO:0043531	GO_MF:ADP binding	GO:0043531	ADP binding	molecular_function	FALSE	FALSE	live_primary_id	1
GO:0043547	GO_BP:positive regulation of GTPase activity	GO:0043547	positive regulation of GTPase activity	biological_process	FALSE	FALSE	live_primary_id	1
GO:0043549	GO_BP:regulation of kinase activity	GO:0043549	regulation of kinase activity	biological_process	FALSE	FALSE	live_primary_id	1
GO:0043562	GO_BP:cellular response to nitrogen levels	GO:0043562	cellular response to nitrogen levels	biological_process	FALSE	FALSE	live_primary_id	3
GO:0043565	GO_MF:sequence-specific DNA binding	GO:0043565	sequence-specific DNA binding	molecular_function	FALSE	FALSE	live_primary_id	36
GO:0043574	GO_BP:peroxisomal transport	GO:0043574	peroxisomal transport	biological_process	FALSE	FALSE	live_primary_id	1
GO:0043583	GO_BP:ear development	GO:0043583	ear development	biological_process	FALSE	FALSE	live_primary_id	1
GO:0043584	GO_BP:nose development	GO:0043584	nose development	biological_process	FALSE	FALSE	live_primary_id	1
GO:0043596	GO_CC:nuclear replication fork	GO:0043596	nuclear replication fork	cellular_component	FALSE	FALSE	live_primary_id	1
GO:0043601	GO_CC:nuclear replisome	GO:0043601	nuclear replisome	cellular_component	FALSE	FALSE	live_primary_id	1
GO:0043603	GO_BP:amide metabolic process	GO:0043603	obsolete amide metabolic process	biological_process	TRUE	FALSE	obsolete_by_ontology	23
GO:0043604	GO_BP:amide biosynthetic process	GO:0043604	obsolete amide biosynthetic process	biological_process	TRUE	FALSE	obsolete_by_ontology	13
GO:0043617	GO_BP:cellular response to sucrose starvation	GO:0043617	cellular response to sucrose starvation	biological_process	FALSE	FALSE	live_primary_id	1
GO:0043620	GO_BP:obsolete regulation of DNA-templated transcription in response to stress	GO:0043620	obsolete regulation of DNA-templated transcription in response to stress	biological_process	TRUE	TRUE	obsolete_by_ontology	1
GO:0043621	GO_MF:obsolete protein self-association	GO:0043621	obsolete protein self-association	molecular_function	TRUE	TRUE	obsolete_by_ontology	4
GO:0043622	GO_BP:cortical microtubule organization	GO:0043622	cortical microtubule organization	biological_process	FALSE	FALSE	live_primary_id	3
GO:0043632	GO_BP:modification-dependent macromolecule catabolic process	GO:0043632	modification-dependent macromolecule catabolic process	biological_process	FALSE	FALSE	live_primary_id	7
GO:0043647	GO_BP:inositol phosphate metabolic process	GO:0043647	inositol phosphate metabolic process	biological_process	FALSE	FALSE	live_primary_id	1
GO:0043648	GO_BP:dicarboxylic acid metabolic process	GO:0043648	dicarboxylic acid metabolic process	biological_process	FALSE	FALSE	live_primary_id	4
GO:0043649	GO_BP:dicarboxylic acid catabolic process	GO:0043649	dicarboxylic acid catabolic process	biological_process	FALSE	FALSE	live_primary_id	1
GO:0043650	GO_BP:dicarboxylic acid biosynthetic process	GO:0043650	dicarboxylic acid biosynthetic process	biological_process	FALSE	FALSE	live_primary_id	1
GO:0043651	GO_BP:linoleic acid metabolic process	GO:0043651	linoleic acid metabolic process	biological_process	FALSE	FALSE	live_primary_id	1
GO:0043659	GO_CC:symbiosome	GO:0043659	symbiosome	cellular_component	FALSE	FALSE	live_primary_id	1
GO:0043660	GO_CC:bacteroid-containing symbiosome	GO:0043660	bacteroid-containing symbiosome	cellular_component	FALSE	FALSE	live_primary_id	1
GO:0043661	GO_CC:peribacteroid membrane	GO:0043661	peribacteroid membrane	cellular_component	FALSE	FALSE	live_primary_id	1
GO:0043666	GO_BP:regulation of phosphoprotein phosphatase activity	GO:0043666	obsolete regulation of phosphoprotein phosphatase activity	biological_process	TRUE	FALSE	obsolete_by_ontology	2
GO:0043680	GO_CC:filiform apparatus	GO:0043680	filiform apparatus	cellular_component	FALSE	FALSE	live_primary_id	1
GO:0043687	GO_BP:post-translational protein modification	GO:0043687	post-translational protein modification	biological_process	FALSE	FALSE	live_primary_id	1
GO:0043765	GO_MF:T/G mismatch-specific endonuclease activity	GO:0043765	T/G mismatch-specific endonuclease activity	molecular_function	FALSE	FALSE	live_primary_id	1
GO:0043855	GO_MF:cyclic nucleotide-activated monoatomic ion channel activity	GO:0043855	cyclic nucleotide-activated monoatomic ion channel activity	molecular_function	FALSE	FALSE	live_primary_id	1
GO:0043864	GO_MF:indoleacetamide hydrolase activity	GO:0043864	indoleacetamide hydrolase activity	molecular_function	FALSE	FALSE	live_primary_id	1
GO:0043900	GO_BP:obsolete regulation of multi-organism process	GO:0043900	obsolete regulation of multi-organism process	biological_process	TRUE	TRUE	obsolete_by_ontology	4
GO:0043902	GO_BP:obsolete positive regulation of multi-organism process	GO:0043902	obsolete positive regulation of multi-organism process	biological_process	TRUE	TRUE	obsolete_by_ontology	1
GO:0043933	GO_BP:protein-containing complex organization	GO:0043933	protein-containing complex organization	biological_process	FALSE	FALSE	live_primary_id	14
GO:0043934	GO_BP:sporulation	GO:0043934	sporulation	biological_process	FALSE	FALSE	live_primary_id	2
GO:0043954	GO_BP:cellular component maintenance	GO:0043954	cellular component maintenance	biological_process	FALSE	FALSE	live_primary_id	1
GO:0044003	GO_BP:modulation by symbiont of host process	GO:0044003	symbiont-mediated perturbation of host process	biological_process	FALSE	FALSE	live_primary_id	2
GO:0044036	GO_BP:cell wall macromolecule metabolic process	GO:0044036	cell wall macromolecule metabolic process	biological_process	FALSE	FALSE	live_primary_id	10
GO:0044038	GO_BP:cell wall macromolecule biosynthetic process	GO:0044038	cell wall macromolecule biosynthetic process	biological_process	FALSE	FALSE	live_primary_id	3
GO:0044042	GO_BP:glucan metabolic process	GO:0044042	glucan metabolic process	biological_process	FALSE	FALSE	live_primary_id	16
GO:0044070	GO_BP:regulation of monoatomic anion transport	GO:0044070	regulation of monoatomic anion transport	biological_process	FALSE	FALSE	live_primary_id	1
GO:0044085	GO_BP:cellular component biogenesis	GO:0044085	cellular component biogenesis	biological_process	FALSE	FALSE	live_primary_id	31
GO:0044087	GO_BP:regulation of cellular component biogenesis	GO:0044087	regulation of cellular component biogenesis	biological_process	FALSE	FALSE	live_primary_id	5
GO:0044089	GO_BP:positive regulation of cellular component biogenesis	GO:0044089	positive regulation of cellular component biogenesis	biological_process	FALSE	FALSE	live_primary_id	1
GO:0044092	GO_BP:negative regulation of molecular function	GO:0044092	negative regulation of molecular function	biological_process	FALSE	FALSE	live_primary_id	16
GO:0044093	GO_BP:positive regulation of molecular function	GO:0044093	positive regulation of molecular function	biological_process	FALSE	FALSE	live_primary_id	4
GO:0044107	GO_BP:obsolete cellular alcohol metabolic process	GO:0044107	obsolete cellular alcohol metabolic process	biological_process	TRUE	TRUE	obsolete_by_ontology	1
GO:0044108	GO_BP:obsolete cellular alcohol biosynthetic process	GO:0044108	obsolete cellular alcohol biosynthetic process	biological_process	TRUE	TRUE	obsolete_by_ontology	1
GO:0044237	GO_BP:cellular metabolic process	GO:0044237	obsolete cellular metabolic process	biological_process	TRUE	FALSE	obsolete_by_ontology	249
GO:0044238	GO_BP:primary metabolic process	GO:0044238	primary metabolic process	biological_process	FALSE	FALSE	live_primary_id	188
GO:0044242	GO_BP:cellular lipid catabolic process	GO:0044242	obsolete cellular lipid catabolic process	biological_process	TRUE	FALSE	obsolete_by_ontology	1
GO:0044247	GO_BP:obsolete cellular polysaccharide catabolic process	GO:0044247	obsolete cellular polysaccharide catabolic process	biological_process	TRUE	TRUE	obsolete_by_ontology	3
GO:0044248	GO_BP:cellular catabolic process	GO:0044248	obsolete cellular catabolic process	biological_process	TRUE	FALSE	obsolete_by_ontology	44
GO:0044249	GO_BP:cellular biosynthetic process	GO:0044249	obsolete cellular biosynthetic process	biological_process	TRUE	FALSE	obsolete_by_ontology	96
GO:0044255	GO_BP:cellular lipid metabolic process	GO:0044255	obsolete cellular lipid metabolic process	biological_process	TRUE	FALSE	obsolete_by_ontology	31
GO:0044260	GO_BP:obsolete cellular macromolecule metabolic process	GO:0044260	obsolete cellular macromolecule metabolic process	biological_process	TRUE	TRUE	obsolete_by_ontology	112
GO:0044262	GO_BP:obsolete cellular carbohydrate metabolic process	GO:0044262	obsolete cellular carbohydrate metabolic process	biological_process	TRUE	TRUE	obsolete_by_ontology	26
GO:0044264	GO_BP:obsolete cellular polysaccharide metabolic process	GO:0044264	obsolete cellular polysaccharide metabolic process	biological_process	TRUE	TRUE	obsolete_by_ontology	20
GO:0044265	GO_BP:obsolete cellular macromolecule catabolic process	GO:0044265	obsolete cellular macromolecule catabolic process	biological_process	TRUE	TRUE	obsolete_by_ontology	14
GO:0044270	GO_BP:obsolete cellular nitrogen compound catabolic process	GO:0044270	obsolete cellular nitrogen compound catabolic process	biological_process	TRUE	TRUE	obsolete_by_ontology	6
GO:0044271	GO_BP:obsolete cellular nitrogen compound biosynthetic process	GO:0044271	obsolete cellular nitrogen compound biosynthetic process	biological_process	TRUE	TRUE	obsolete_by_ontology	36
GO:0044272	GO_BP:sulfur compound biosynthetic process	GO:0044272	sulfur compound biosynthetic process	biological_process	FALSE	FALSE	live_primary_id	3
GO:0044273	GO_BP:sulfur compound catabolic process	GO:0044273	sulfur compound catabolic process	biological_process	FALSE	FALSE	live_primary_id	1
GO:0044275	GO_BP:obsolete cellular carbohydrate catabolic process	GO:0044275	obsolete cellular carbohydrate catabolic process	biological_process	TRUE	TRUE	obsolete_by_ontology	3
GO:0044277	GO_BP:cell wall disassembly	GO:0044277	cell wall disassembly	biological_process	FALSE	FALSE	live_primary_id	1
GO:0044281	GO_BP:small molecule metabolic process	GO:0044281	small molecule metabolic process	biological_process	FALSE	FALSE	live_primary_id	65
GO:0044282	GO_BP:small molecule catabolic process	GO:0044282	small molecule catabolic process	biological_process	FALSE	FALSE	live_primary_id	9
GO:0044283	GO_BP:small molecule biosynthetic process	GO:0044283	small molecule biosynthetic process	biological_process	FALSE	FALSE	live_primary_id	40
GO:0044389	GO_MF:ubiquitin-like protein ligase binding	GO:0044389	ubiquitin-like protein ligase binding	molecular_function	FALSE	FALSE	live_primary_id	4
GO:0044390	GO_MF:ubiquitin-like protein conjugating enzyme binding	GO:0044390	ubiquitin-like protein conjugating enzyme binding	molecular_function	FALSE	FALSE	live_primary_id	2
GO:0044391	GO_CC:ribosomal subunit	GO:0044391	ribosomal subunit	cellular_component	FALSE	FALSE	live_primary_id	5
GO:0044403	GO_BP:biological process involved in symbiotic interaction	GO:0044403	biological process involved in symbiotic interaction	biological_process	FALSE	FALSE	live_primary_id	3
GO:0044419	GO_BP:biological process involved in interspecies interaction between organisms	GO:0044419	biological process involved in interspecies interaction between organisms	biological_process	FALSE	FALSE	live_primary_id	3
GO:0044421	GO_CC:obsolete extracellular region part	GO:0044421	obsolete extracellular region part	cellular_component	TRUE	TRUE	obsolete_by_ontology	6
GO:0044422	GO_CC:obsolete organelle part	GO:0044422	obsolete organelle part	cellular_component	TRUE	TRUE	obsolete_by_ontology	141
GO:0044424	GO_CC:obsolete intracellular part	GO:0044424	obsolete intracellular part	cellular_component	TRUE	TRUE	obsolete_by_ontology	397
GO:0044425	GO_CC:obsolete membrane part	GO:0044425	obsolete membrane part	cellular_component	TRUE	TRUE	obsolete_by_ontology	69
GO:0044426	GO_CC:obsolete cell wall part	GO:0044426	obsolete cell wall part	cellular_component	TRUE	TRUE	obsolete_by_ontology	2
GO:0044427	GO_CC:obsolete chromosomal part	GO:0044427	obsolete chromosomal part	cellular_component	TRUE	TRUE	obsolete_by_ontology	3
GO:0044428	GO_CC:obsolete nuclear part	GO:0044428	obsolete nuclear part	cellular_component	TRUE	TRUE	obsolete_by_ontology	16
GO:0044429	GO_CC:obsolete mitochondrial part	GO:0044429	obsolete mitochondrial part	cellular_component	TRUE	TRUE	obsolete_by_ontology	8
GO:0044430	GO_CC:obsolete cytoskeletal part	GO:0044430	obsolete cytoskeletal part	cellular_component	TRUE	TRUE	obsolete_by_ontology	6
GO:0044431	GO_CC:obsolete Golgi apparatus part	GO:0044431	obsolete Golgi apparatus part	cellular_component	TRUE	TRUE	obsolete_by_ontology	12
GO:0044432	GO_CC:obsolete endoplasmic reticulum part	GO:0044432	obsolete endoplasmic reticulum part	cellular_component	TRUE	TRUE	obsolete_by_ontology	14
GO:0044433	GO_CC:obsolete cytoplasmic vesicle part	GO:0044433	obsolete cytoplasmic vesicle part	cellular_component	TRUE	TRUE	obsolete_by_ontology	3
GO:0044434	GO_CC:obsolete chloroplast part	GO:0044434	obsolete chloroplast part	cellular_component	TRUE	TRUE	obsolete_by_ontology	65
GO:0044435	GO_CC:obsolete plastid part	GO:0044435	obsolete plastid part	cellular_component	TRUE	TRUE	obsolete_by_ontology	66
GO:0044436	GO_CC:obsolete thylakoid part	GO:0044436	obsolete thylakoid part	cellular_component	TRUE	TRUE	obsolete_by_ontology	27
GO:0044437	GO_CC:obsolete vacuolar part	GO:0044437	obsolete vacuolar part	cellular_component	TRUE	TRUE	obsolete_by_ontology	35
GO:0044438	GO_CC:obsolete microbody part	GO:0044438	obsolete microbody part	cellular_component	TRUE	TRUE	obsolete_by_ontology	3
GO:0044439	GO_CC:obsolete peroxisomal part	GO:0044439	obsolete peroxisomal part	cellular_component	TRUE	TRUE	obsolete_by_ontology	3
GO:0044440	GO_CC:obsolete endosomal part	GO:0044440	obsolete endosomal part	cellular_component	TRUE	TRUE	obsolete_by_ontology	2
GO:0044444	GO_CC:obsolete cytoplasmic part	GO:0044444	obsolete cytoplasmic part	cellular_component	TRUE	TRUE	obsolete_by_ontology	282
GO:0044445	GO_CC:obsolete cytosolic part	GO:0044445	obsolete cytosolic part	cellular_component	TRUE	TRUE	obsolete_by_ontology	6
GO:0044446	GO_CC:obsolete intracellular organelle part	GO:0044446	obsolete intracellular organelle part	cellular_component	TRUE	TRUE	obsolete_by_ontology	141
GO:0044448	GO_CC:obsolete cell cortex part	GO:0044448	obsolete cell cortex part	cellular_component	TRUE	TRUE	obsolete_by_ontology	3
GO:0044451	GO_CC:obsolete nucleoplasm part	GO:0044451	obsolete nucleoplasm part	cellular_component	TRUE	TRUE	obsolete_by_ontology	2
GO:0044452	GO_CC:obsolete nucleolar part	GO:0044452	obsolete nucleolar part	cellular_component	TRUE	TRUE	obsolete_by_ontology	1
GO:0044454	GO_CC:obsolete nuclear chromosome part	GO:0044454	obsolete nuclear chromosome part	cellular_component	TRUE	TRUE	obsolete_by_ontology	2
GO:0044455	GO_CC:obsolete mitochondrial membrane part	GO:0044455	obsolete mitochondrial membrane part	cellular_component	TRUE	TRUE	obsolete_by_ontology	1
GO:0044459	GO_CC:obsolete plasma membrane part	GO:0044459	obsolete plasma membrane part	cellular_component	TRUE	TRUE	obsolete_by_ontology	39
GO:0044462	GO_CC:obsolete external encapsulating structure part	GO:0044462	obsolete external encapsulating structure part	cellular_component	TRUE	TRUE	obsolete_by_ontology	2
GO:0044464	GO_CC:obsolete cell part	GO:0044464	obsolete cell part	cellular_component	TRUE	TRUE	obsolete_by_ontology	491
GO:0044550	GO_BP:secondary metabolite biosynthetic process	GO:0044550	secondary metabolite biosynthetic process	biological_process	FALSE	FALSE	live_primary_id	22
GO:0044620	GO_MF:ACP phosphopantetheine attachment site binding	GO:0044620	ACP phosphopantetheine attachment site binding	molecular_function	FALSE	FALSE	live_primary_id	1
GO:0044703	GO_BP:multi-organism reproductive process	GO:0044703	multi-organism reproductive process	biological_process	FALSE	FALSE	live_primary_id	4
GO:0044706	GO_BP:multi-multicellular organism process	GO:0044706	multi-multicellular organism process	biological_process	FALSE	FALSE	live_primary_id	6
GO:0044743	GO_BP:protein transmembrane import into intracellular organelle	GO:0044743	protein transmembrane import into intracellular organelle	biological_process	FALSE	FALSE	live_primary_id	2
GO:0044786	GO_BP:cell cycle DNA replication	GO:0044786	cell cycle DNA replication	biological_process	FALSE	FALSE	live_primary_id	1
GO:0044849	GO_BP:estrous cycle	GO:0044849	estrous cycle	biological_process	FALSE	FALSE	live_primary_id	1
GO:0044877	GO_MF:protein-containing complex binding	GO:0044877	protein-containing complex binding	molecular_function	FALSE	FALSE	live_primary_id	3
GO:0045017	GO_BP:glycerolipid biosynthetic process	GO:0045017	glycerolipid biosynthetic process	biological_process	FALSE	FALSE	live_primary_id	4
GO:0045036	GO_BP:protein targeting to chloroplast	GO:0045036	protein targeting to chloroplast	biological_process	FALSE	FALSE	live_primary_id	2
GO:0045037	GO_BP:protein import into chloroplast stroma	GO:0045037	protein import into chloroplast stroma	biological_process	FALSE	FALSE	live_primary_id	1
GO:0045038	GO_BP:protein import into chloroplast thylakoid membrane	GO:0045038	protein import into chloroplast thylakoid membrane	biological_process	FALSE	FALSE	live_primary_id	1
GO:0045047	GO_BP:protein targeting to ER	GO:0045047	protein targeting to ER	biological_process	FALSE	FALSE	live_primary_id	2
GO:0045055	GO_BP:regulated exocytosis	GO:0045055	regulated exocytosis	biological_process	FALSE	FALSE	live_primary_id	1
GO:0045087	GO_BP:innate immune response	GO:0045087	innate immune response	biological_process	FALSE	FALSE	live_primary_id	23
GO:0045088	GO_BP:regulation of innate immune response	GO:0045088	regulation of innate immune response	biological_process	FALSE	FALSE	live_primary_id	9
GO:0045089	GO_BP:positive regulation of innate immune response	GO:0045089	positive regulation of innate immune response	biological_process	FALSE	FALSE	live_primary_id	7
GO:0045117	GO_BP:azole transmembrane transport	GO:0045117	azole transmembrane transport	biological_process	FALSE	FALSE	live_primary_id	1
GO:0045156	GO_MF:electron transporter, transferring electrons within the cyclic electron transport pathway of photosynthesis activity	GO:0045156	obsolete electron transporter, transferring electrons within the cyclic electron transport pathway of photosynthesis activity	molecular_function	TRUE	FALSE	obsolete_by_ontology	2
GO:0045157	GO_MF:electron transporter, transferring electrons within the noncyclic electron transport pathway of photosynthesis activity	GO:0045157	obsolete electron transporter, transferring electrons within the noncyclic electron transport pathway of photosynthesis activity	molecular_function	TRUE	FALSE	obsolete_by_ontology	1
GO:0045159	GO_MF:myosin II binding	GO:0045159	myosin II binding	molecular_function	FALSE	FALSE	live_primary_id	1
GO:0045165	GO_BP:cell fate commitment	GO:0045165	cell fate commitment	biological_process	FALSE	FALSE	live_primary_id	3
GO:0045184	GO_BP:establishment of protein localization	GO:0045184	establishment of protein localization	biological_process	FALSE	FALSE	live_primary_id	8
GO:0045185	GO_BP:maintenance of protein location	GO:0045185	maintenance of protein location	biological_process	FALSE	FALSE	live_primary_id	1
GO:0045216	GO_BP:cell-cell junction organization	GO:0045216	cell-cell junction organization	biological_process	FALSE	FALSE	live_primary_id	2
GO:0045217	GO_BP:cell-cell junction maintenance	GO:0045217	cell-cell junction maintenance	biological_process	FALSE	FALSE	live_primary_id	1
GO:0045218	GO_BP:zonula adherens maintenance	GO:0045218	zonula adherens maintenance	biological_process	FALSE	FALSE	live_primary_id	1
GO:0045229	GO_BP:external encapsulating structure organization	GO:0045229	external encapsulating structure organization	biological_process	FALSE	FALSE	live_primary_id	17
GO:0045290	GO_MF:D-arabinose 1-dehydrogenase [NAD(P)+] activity	GO:0045290	D-arabinose 1-dehydrogenase [NAD(P)+] activity	molecular_function	FALSE	FALSE	live_primary_id	1
GO:0045298	GO_CC:tubulin complex	GO:0045298	tubulin complex	cellular_component	FALSE	FALSE	live_primary_id	1
GO:0045324	GO_BP:late endosome to vacuole transport	GO:0045324	late endosome to vacuole transport	biological_process	FALSE	FALSE	live_primary_id	1
GO:0045333	GO_BP:cellular respiration	GO:0045333	cellular respiration	biological_process	FALSE	FALSE	live_primary_id	2
GO:0045338	GO_BP:farnesyl diphosphate metabolic process	GO:0045338	farnesyl diphosphate metabolic process	biological_process	FALSE	FALSE	live_primary_id	1
GO:0045437	GO_MF:uridine nucleosidase activity	GO:0045437	uridine nucleosidase activity	molecular_function	FALSE	FALSE	live_primary_id	1
GO:0045454	GO_BP:cell redox homeostasis	GO:0045454	cell redox homeostasis	biological_process	FALSE	FALSE	live_primary_id	3
GO:0045471	GO_BP:response to ethanol	GO:0045471	response to ethanol	biological_process	FALSE	FALSE	live_primary_id	1
GO:0045487	GO_BP:gibberellin catabolic process	GO:0045487	gibberellin catabolic process	biological_process	FALSE	FALSE	live_primary_id	1
GO:0045488	GO_BP:pectin metabolic process	GO:0045488	pectin metabolic process	biological_process	FALSE	FALSE	live_primary_id	2
GO:0045489	GO_BP:pectin biosynthetic process	GO:0045489	pectin biosynthetic process	biological_process	FALSE	FALSE	live_primary_id	2
GO:0045491	GO_BP:xylan metabolic process	GO:0045491	xylan metabolic process	biological_process	FALSE	FALSE	live_primary_id	4
GO:0045492	GO_BP:xylan biosynthetic process	GO:0045492	xylan biosynthetic process	biological_process	FALSE	FALSE	live_primary_id	2
GO:0045493	GO_BP:xylan catabolic process	GO:0045493	xylan catabolic process	biological_process	FALSE	FALSE	live_primary_id	1
GO:0045543	GO_MF:gibberellin 2-beta-dioxygenase activity	GO:0045543	gibberellin 2-beta-dioxygenase activity	molecular_function	FALSE	FALSE	live_primary_id	1
GO:0045544	GO_MF:gibberellin 20-oxidase activity	GO:0045544	gibberellin 20-oxidase activity	molecular_function	FALSE	FALSE	live_primary_id	1
GO:0045551	GO_MF:cinnamyl-alcohol dehydrogenase activity	GO:0045551	cinnamyl-alcohol dehydrogenase activity	molecular_function	FALSE	FALSE	live_primary_id	1
GO:0045552	GO_MF:dihydrokaempferol 4-reductase activity	GO:0045552	dihydroflavanol 4-reductase activity	molecular_function	FALSE	FALSE	live_primary_id	1
GO:0045595	GO_BP:regulation of cell differentiation	GO:0045595	regulation of cell differentiation	biological_process	FALSE	FALSE	live_primary_id	3
GO:0045597	GO_BP:positive regulation of cell differentiation	GO:0045597	positive regulation of cell differentiation	biological_process	FALSE	FALSE	live_primary_id	1
GO:0045661	GO_BP:regulation of myoblast differentiation	GO:0045661	regulation of myoblast differentiation	biological_process	FALSE	FALSE	live_primary_id	1
GO:0045663	GO_BP:positive regulation of myoblast differentiation	GO:0045663	positive regulation of myoblast differentiation	biological_process	FALSE	FALSE	live_primary_id	1
GO:0045727	GO_BP:positive regulation of translation	GO:0045727	positive regulation of translation	biological_process	FALSE	FALSE	live_primary_id	2
GO:0045732	GO_BP:positive regulation of protein catabolic process	GO:0045732	positive regulation of protein catabolic process	biological_process	FALSE	FALSE	live_primary_id	1
GO:0045735	GO_MF:nutrient reservoir activity	GO:0045735	nutrient reservoir activity	molecular_function	FALSE	FALSE	live_primary_id	3
GO:0045763	GO_BP:negative regulation of cellular amino acid metabolic process	GO:0045763	negative regulation of amino acid metabolic process	biological_process	FALSE	FALSE	live_primary_id	1
GO:0045764	GO_BP:positive regulation of amino acid metabolic process	GO:0045764	positive regulation of amino acid metabolic process	biological_process	FALSE	FALSE	live_primary_id	1
GO:0045777	GO_BP:positive regulation of blood pressure	GO:0045777	positive regulation of blood pressure	biological_process	FALSE	FALSE	live_primary_id	1
GO:0045786	GO_BP:negative regulation of cell cycle	GO:0045786	negative regulation of cell cycle	biological_process	FALSE	FALSE	live_primary_id	2
GO:0045828	GO_BP:positive regulation of isoprenoid metabolic process	GO:0045828	obsolete positive regulation of isoprenoid metabolic process	biological_process	TRUE	FALSE	obsolete_by_ontology	1
GO:0045834	GO_BP:positive regulation of lipid metabolic process	GO:0045834	positive regulation of lipid metabolic process	biological_process	FALSE	FALSE	live_primary_id	1
GO:0045839	GO_BP:negative regulation of mitotic nuclear division	GO:0045839	negative regulation of mitotic nuclear division	biological_process	FALSE	FALSE	live_primary_id	1
GO:0045844	GO_BP:positive regulation of striated muscle tissue development	GO:0045844	positive regulation of striated muscle tissue development	biological_process	FALSE	FALSE	live_primary_id	1
GO:0045859	GO_BP:regulation of protein kinase activity	GO:0045859	regulation of protein kinase activity	biological_process	FALSE	FALSE	live_primary_id	1
GO:0045860	GO_BP:positive regulation of protein kinase activity	GO:0045860	positive regulation of protein kinase activity	biological_process	FALSE	FALSE	live_primary_id	1
GO:0045861	GO_BP:negative regulation of proteolysis	GO:0045861	negative regulation of proteolysis	biological_process	FALSE	FALSE	live_primary_id	3
GO:0045862	GO_BP:positive regulation of proteolysis	GO:0045862	positive regulation of proteolysis	biological_process	FALSE	FALSE	live_primary_id	1
GO:0045875	GO_BP:negative regulation of sister chromatid cohesion	GO:0045875	negative regulation of sister chromatid cohesion	biological_process	FALSE	FALSE	live_primary_id	1
GO:0045892	GO_BP:negative regulation of DNA-templated transcription	GO:0045892	negative regulation of DNA-templated transcription	biological_process	FALSE	FALSE	live_primary_id	6
GO:0045893	GO_BP:positive regulation of DNA-templated transcription	GO:0045893	positive regulation of DNA-templated transcription	biological_process	FALSE	FALSE	live_primary_id	26
GO:0045926	GO_BP:negative regulation of growth	GO:0045926	negative regulation of growth	biological_process	FALSE	FALSE	live_primary_id	5
GO:0045930	GO_BP:negative regulation of mitotic cell cycle	GO:0045930	negative regulation of mitotic cell cycle	biological_process	FALSE	FALSE	live_primary_id	1
GO:0045934	GO_BP:negative regulation of nucleobase-containing compound metabolic process	GO:0045934	negative regulation of nucleobase-containing compound metabolic process	biological_process	FALSE	FALSE	live_primary_id	8
GO:0045935	GO_BP:positive regulation of nucleobase-containing compound metabolic process	GO:0045935	obsolete positive regulation of nucleobase-containing compound metabolic process	biological_process	TRUE	FALSE	obsolete_by_ontology	28
GO:0045936	GO_BP:negative regulation of phosphate metabolic process	GO:0045936	negative regulation of phosphate metabolic process	biological_process	FALSE	FALSE	live_primary_id	1
GO:0045937	GO_BP:positive regulation of phosphate metabolic process	GO:0045937	positive regulation of phosphate metabolic process	biological_process	FALSE	FALSE	live_primary_id	1
GO:0045944	GO_BP:positive regulation of transcription by RNA polymerase II	GO:0045944	positive regulation of transcription by RNA polymerase II	biological_process	FALSE	FALSE	live_primary_id	6
GO:0046028	GO_MF:electron transporter, transferring electrons from cytochrome b6/f complex of photosystem II activity	GO:0046028	obsolete electron transporter, transferring electrons from cytochrome b6/f complex of photosystem II activity	molecular_function	TRUE	FALSE	obsolete_by_ontology	1
GO:0046031	GO_BP:ADP metabolic process	GO:0046031	ADP metabolic process	biological_process	FALSE	FALSE	live_primary_id	2
GO:0046034	GO_BP:ATP metabolic process	GO:0046034	ATP metabolic process	biological_process	FALSE	FALSE	live_primary_id	3
GO:0046108	GO_BP:uridine metabolic process	GO:0046108	uridine metabolic process	biological_process	FALSE	FALSE	live_primary_id	1
GO:0046112	GO_BP:nucleobase biosynthetic process	GO:0046112	nucleobase biosynthetic process	biological_process	FALSE	FALSE	live_primary_id	2
GO:0046131	GO_BP:pyrimidine ribonucleoside metabolic process	GO:0046131	pyrimidine ribonucleoside metabolic process	biological_process	FALSE	FALSE	live_primary_id	1
GO:0046133	GO_BP:pyrimidine ribonucleoside catabolic process	GO:0046133	pyrimidine ribonucleoside catabolic process	biological_process	FALSE	FALSE	live_primary_id	1
GO:0046135	GO_BP:pyrimidine nucleoside catabolic process	GO:0046135	pyrimidine nucleoside catabolic process	biological_process	FALSE	FALSE	live_primary_id	1
GO:0046136	GO_BP:positive regulation of vitamin metabolic process	GO:0046136	positive regulation of vitamin metabolic process	biological_process	FALSE	FALSE	live_primary_id	1
GO:0046148	GO_BP:pigment biosynthetic process	GO:0046148	pigment biosynthetic process	biological_process	FALSE	FALSE	live_primary_id	13
GO:0046165	GO_BP:alcohol biosynthetic process	GO:0046165	alcohol biosynthetic process	biological_process	FALSE	FALSE	live_primary_id	3
GO:0046173	GO_BP:polyol biosynthetic process	GO:0046173	polyol biosynthetic process	biological_process	FALSE	FALSE	live_primary_id	1
GO:0046189	GO_BP:phenol-containing compound biosynthetic process	GO:0046189	phenol-containing compound biosynthetic process	biological_process	FALSE	FALSE	live_primary_id	1
GO:0046218	GO_BP:obsolete indolalkylamine catabolic process	GO:0046218	obsolete indolalkylamine catabolic process	biological_process	TRUE	TRUE	obsolete_by_ontology	1
GO:0046246	GO_BP:terpene biosynthetic process	GO:0046246	terpene biosynthetic process	biological_process	FALSE	FALSE	live_primary_id	1
GO:0046256	GO_BP:2,4,6-trinitrotoluene catabolic process	GO:0046256	2,4,6-trinitrotoluene catabolic process	biological_process	FALSE	FALSE	live_primary_id	5
GO:0046260	GO_BP:trinitrotoluene catabolic process	GO:0046260	trinitrotoluene catabolic process	biological_process	FALSE	FALSE	live_primary_id	5
GO:0046263	GO_BP:nitrotoluene catabolic process	GO:0046263	nitrotoluene catabolic process	biological_process	FALSE	FALSE	live_primary_id	5
GO:0046272	GO_BP:stilbene catabolic process	GO:0046272	stilbene catabolic process	biological_process	FALSE	FALSE	live_primary_id	1
GO:0046283	GO_BP:anthocyanin-containing compound metabolic process	GO:0046283	anthocyanin-containing compound metabolic process	biological_process	FALSE	FALSE	live_primary_id	8
GO:0046323	GO_BP:glucose import	GO:0046323	obsolete D-glucose import	biological_process	TRUE	FALSE	obsolete_by_ontology	6
GO:0046351	GO_BP:disaccharide biosynthetic process	GO:0046351	disaccharide biosynthetic process	biological_process	FALSE	FALSE	live_primary_id	4
GO:0046355	GO_BP:mannan catabolic process	GO:0046355	mannan catabolic process	biological_process	FALSE	FALSE	live_primary_id	2
GO:0046364	GO_BP:monosaccharide biosynthetic process	GO:0046364	monosaccharide biosynthetic process	biological_process	FALSE	FALSE	live_primary_id	6
GO:0046365	GO_BP:monosaccharide catabolic process	GO:0046365	monosaccharide catabolic process	biological_process	FALSE	FALSE	live_primary_id	1
GO:0046390	GO_BP:ribose phosphate biosynthetic process	GO:0046390	ribose phosphate biosynthetic process	biological_process	FALSE	FALSE	live_primary_id	2
GO:0046394	GO_BP:carboxylic acid biosynthetic process	GO:0046394	carboxylic acid biosynthetic process	biological_process	FALSE	FALSE	live_primary_id	31
GO:0046395	GO_BP:carboxylic acid catabolic process	GO:0046395	carboxylic acid catabolic process	biological_process	FALSE	FALSE	live_primary_id	7
GO:0046409	GO_MF:p-coumarate 3-hydroxylase activity	GO:0046409	p-coumarate 3-hydroxylase activity	molecular_function	FALSE	FALSE	live_primary_id	1
GO:0046423	GO_MF:allene-oxide cyclase activity	GO:0046423	allene-oxide cyclase activity	molecular_function	FALSE	FALSE	live_primary_id	1
GO:0046434	GO_BP:organophosphate catabolic process	GO:0046434	organophosphate catabolic process	biological_process	FALSE	FALSE	live_primary_id	2
GO:0046460	GO_BP:neutral lipid biosynthetic process	GO:0046460	neutral lipid biosynthetic process	biological_process	FALSE	FALSE	live_primary_id	2
GO:0046463	GO_BP:acylglycerol biosynthetic process	GO:0046463	acylglycerol biosynthetic process	biological_process	FALSE	FALSE	live_primary_id	2
GO:0046467	GO_BP:membrane lipid biosynthetic process	GO:0046467	obsolete membrane lipid biosynthetic process	biological_process	TRUE	FALSE	obsolete_by_ontology	1
GO:0046470	GO_BP:phosphatidylcholine metabolic process	GO:0046470	phosphatidylcholine metabolic process	biological_process	FALSE	FALSE	live_primary_id	1
GO:0046473	GO_BP:phosphatidic acid metabolic process	GO:0046473	phosphatidic acid metabolic process	biological_process	FALSE	FALSE	live_primary_id	1
GO:0046474	GO_BP:glycerophospholipid biosynthetic process	GO:0046474	glycerophospholipid biosynthetic process	biological_process	FALSE	FALSE	live_primary_id	2
GO:0046483	GO_BP:obsolete heterocycle metabolic process	GO:0046483	obsolete heterocycle metabolic process	biological_process	TRUE	TRUE	obsolete_by_ontology	50
GO:0046484	GO_BP:oxazole or thiazole metabolic process	GO:0046484	obsolete oxazole or thiazole metabolic process	biological_process	TRUE	FALSE	obsolete_by_ontology	1
GO:0046486	GO_BP:glycerolipid metabolic process	GO:0046486	glycerolipid metabolic process	biological_process	FALSE	FALSE	live_primary_id	5
GO:0046487	GO_BP:glyoxylate metabolic process	GO:0046487	glyoxylate metabolic process	biological_process	FALSE	FALSE	live_primary_id	1
GO:0046493	GO_BP:lipid A metabolic process	GO:0046493	lipid A metabolic process	biological_process	FALSE	FALSE	live_primary_id	1
GO:0046496	GO_BP:nicotinamide nucleotide metabolic process	GO:0046496	nicotinamide nucleotide metabolic process	biological_process	FALSE	FALSE	live_primary_id	4
GO:0046502	GO_BP:uroporphyrinogen III metabolic process	GO:0046502	uroporphyrinogen III metabolic process	biological_process	FALSE	FALSE	live_primary_id	1
GO:0046527	GO_MF:glucosyltransferase activity	GO:0046527	glucosyltransferase activity	molecular_function	FALSE	FALSE	live_primary_id	14
GO:0046556	GO_MF:alpha-L-arabinofuranosidase activity	GO:0046556	alpha-L-arabinofuranosidase activity	molecular_function	FALSE	FALSE	live_primary_id	1
GO:0046593	GO_MF:mandelonitrile lyase activity	GO:0046593	mandelonitrile lyase activity	molecular_function	FALSE	FALSE	live_primary_id	1
GO:0046620	GO_BP:regulation of organ growth	GO:0046620	regulation of organ growth	biological_process	FALSE	FALSE	live_primary_id	1
GO:0046621	GO_BP:negative regulation of organ growth	GO:0046621	negative regulation of organ growth	biological_process	FALSE	FALSE	live_primary_id	1
GO:0046653	GO_BP:tetrahydrofolate metabolic process	GO:0046653	tetrahydrofolate metabolic process	biological_process	FALSE	FALSE	live_primary_id	1
GO:0046654	GO_BP:tetrahydrofolate biosynthetic process	GO:0046654	tetrahydrofolate biosynthetic process	biological_process	FALSE	FALSE	live_primary_id	1
GO:0046658	GO_CC:obsolete anchored component of plasma membrane	GO:0046658	obsolete anchored component of plasma membrane	cellular_component	TRUE	TRUE	obsolete_by_ontology	6
GO:0046677	GO_BP:response to antibiotic	GO:0046677	response to antibiotic	biological_process	FALSE	FALSE	live_primary_id	24
GO:0046685	GO_BP:response to arsenic-containing substance	GO:0046685	response to arsenic-containing substance	biological_process	FALSE	FALSE	live_primary_id	2
GO:0046686	GO_BP:response to cadmium ion	GO:0046686	response to cadmium ion	biological_process	FALSE	FALSE	live_primary_id	20
GO:0046688	GO_BP:response to copper ion	GO:0046688	response to copper ion	biological_process	FALSE	FALSE	live_primary_id	1
GO:0046700	GO_BP:obsolete heterocycle catabolic process	GO:0046700	obsolete heterocycle catabolic process	biological_process	TRUE	TRUE	obsolete_by_ontology	6
GO:0046713	GO_BP:borate transport	GO:0046713	borate transport	biological_process	FALSE	FALSE	live_primary_id	1
GO:0046715	GO_MF:active borate transmembrane transporter activity	GO:0046715	obsolete active borate transmembrane transporter activity	molecular_function	TRUE	FALSE	obsolete_by_ontology	1
GO:0046777	GO_BP:protein autophosphorylation	GO:0046777	protein autophosphorylation	biological_process	FALSE	FALSE	live_primary_id	11
GO:0046785	GO_BP:microtubule polymerization	GO:0046785	microtubule polymerization	biological_process	FALSE	FALSE	live_primary_id	1
GO:0046835	GO_BP:carbohydrate phosphorylation	GO:0046835	carbohydrate phosphorylation	biological_process	FALSE	FALSE	live_primary_id	1
GO:0046839	GO_BP:phospholipid dephosphorylation	GO:0046839	phospholipid dephosphorylation	biological_process	FALSE	FALSE	live_primary_id	2
GO:0046872	GO_MF:metal ion binding	GO:0046872	metal ion binding	molecular_function	FALSE	FALSE	live_primary_id	22
GO:0046873	GO_MF:metal ion transmembrane transporter activity	GO:0046873	metal ion transmembrane transporter activity	molecular_function	FALSE	FALSE	live_primary_id	16
GO:0046885	GO_BP:regulation of hormone biosynthetic process	GO:0046885	regulation of hormone biosynthetic process	biological_process	FALSE	FALSE	live_primary_id	1
GO:0046889	GO_BP:positive regulation of lipid biosynthetic process	GO:0046889	positive regulation of lipid biosynthetic process	biological_process	FALSE	FALSE	live_primary_id	1
GO:0046890	GO_BP:regulation of lipid biosynthetic process	GO:0046890	regulation of lipid biosynthetic process	biological_process	FALSE	FALSE	live_primary_id	1
GO:0046898	GO_BP:response to cycloheximide	GO:0046898	response to cycloheximide	biological_process	FALSE	FALSE	live_primary_id	1
GO:0046903	GO_BP:secretion	GO:0046903	secretion	biological_process	FALSE	FALSE	live_primary_id	2
GO:0046906	GO_MF:tetrapyrrole binding	GO:0046906	tetrapyrrole binding	molecular_function	FALSE	FALSE	live_primary_id	10
GO:0046907	GO_BP:intracellular transport	GO:0046907	intracellular transport	biological_process	FALSE	FALSE	live_primary_id	8
GO:0046910	GO_MF:pectinesterase inhibitor activity	GO:0046910	pectinesterase inhibitor activity	molecular_function	FALSE	FALSE	live_primary_id	10
GO:0046914	GO_MF:transition metal ion binding	GO:0046914	transition metal ion binding	molecular_function	FALSE	FALSE	live_primary_id	15
GO:0046915	GO_MF:transition metal ion transmembrane transporter activity	GO:0046915	transition metal ion transmembrane transporter activity	molecular_function	FALSE	FALSE	live_primary_id	6
GO:0046916	GO_BP:obsolete intracellular transition metal ion homeostasis	GO:0046916	obsolete intracellular transition metal ion homeostasis	biological_process	TRUE	TRUE	obsolete_by_ontology	9
GO:0046939	GO_BP:obsolete nucleotide phosphorylation	GO:0046939	obsolete nucleotide phosphorylation	biological_process	TRUE	TRUE	obsolete_by_ontology	2
GO:0046942	GO_BP:carboxylic acid transport	GO:0046942	carboxylic acid transport	biological_process	FALSE	FALSE	live_primary_id	15
GO:0046943	GO_MF:carboxylic acid transmembrane transporter activity	GO:0046943	carboxylic acid transmembrane transporter activity	molecular_function	FALSE	FALSE	live_primary_id	15
GO:0046982	GO_MF:protein heterodimerization activity	GO:0046982	protein heterodimerization activity	molecular_function	FALSE	FALSE	live_primary_id	2
GO:0046983	GO_MF:protein dimerization activity	GO:0046983	protein dimerization activity	molecular_function	FALSE	FALSE	live_primary_id	15
GO:0047134	GO_MF:protein-disulfide reductase (NAD(P)H) activity	GO:0047134	protein-disulfide reductase [NAD(P)H] activity	molecular_function	FALSE	FALSE	live_primary_id	3
GO:0047172	GO_MF:shikimate O-hydroxycinnamoyltransferase activity	GO:0047172	shikimate O-hydroxycinnamoyltransferase activity	molecular_function	FALSE	FALSE	live_primary_id	1
GO:0047196	GO_MF:long-chain-alcohol O-fatty-acyltransferase activity	GO:0047196	long-chain-alcohol O-fatty-acyltransferase activity	molecular_function	FALSE	FALSE	live_primary_id	1
GO:0047205	GO_MF:quinate O-hydroxycinnamoyltransferase activity	GO:0047205	quinate O-hydroxycinnamoyltransferase activity	molecular_function	FALSE	FALSE	live_primary_id	1
GO:0047213	GO_MF:anthocyanidin 3-O-glucosyltransferase activity	GO:0047213	anthocyanidin 3-O-glucosyltransferase activity	molecular_function	FALSE	FALSE	live_primary_id	1
GO:0047216	GO_MF:inositol 3-alpha-galactosyltransferase activity	GO:0047216	inositol 3-alpha-galactosyltransferase activity	molecular_function	FALSE	FALSE	live_primary_id	1
GO:0047251	GO_MF:thiohydroximate beta-D-glucosyltransferase activity	GO:0047251	thiohydroximate beta-D-glucosyltransferase activity	molecular_function	FALSE	FALSE	live_primary_id	1
GO:0047262	GO_MF:polygalacturonate 4-alpha-galacturonosyltransferase activity	GO:0047262	polygalacturonate 4-alpha-galacturonosyltransferase activity	molecular_function	FALSE	FALSE	live_primary_id	3
GO:0047312	GO_MF:L-phenylalanine:pyruvate aminotransferase activity	GO:0047312	L-phenylalanine:pyruvate transaminase activity	molecular_function	FALSE	FALSE	live_primary_id	1
GO:0047427	GO_MF:cyanoalanine nitrilase activity	GO:0047427	cyanoalanine nitrilase activity	molecular_function	FALSE	FALSE	live_primary_id	1
GO:0047484	GO_BP:regulation of response to osmotic stress	GO:0047484	regulation of response to osmotic stress	biological_process	FALSE	FALSE	live_primary_id	2
GO:0047558	GO_MF:3-cyanoalanine hydratase activity	GO:0047558	3-cyanoalanine hydratase activity	molecular_function	FALSE	FALSE	live_primary_id	1
GO:0047622	GO_MF:adenosine nucleosidase activity	GO:0047622	adenosine nucleosidase activity	molecular_function	FALSE	FALSE	live_primary_id	1
GO:0047635	GO_MF:alanine-oxo-acid transaminase activity	GO:0047635	L-alanine:oxo-acid transaminase activity	molecular_function	FALSE	FALSE	live_primary_id	1
GO:0047724	GO_MF:inosine nucleosidase activity	GO:0047724	inosine nucleosidase activity	molecular_function	FALSE	FALSE	live_primary_id	1
GO:0048024	GO_BP:regulation of mRNA splicing, via spliceosome	GO:0048024	regulation of mRNA splicing, via spliceosome	biological_process	FALSE	FALSE	live_primary_id	1
GO:0048029	GO_MF:monosaccharide binding	GO:0048029	monosaccharide binding	molecular_function	FALSE	FALSE	live_primary_id	1
GO:0048030	GO_MF:disaccharide binding	GO:0048030	disaccharide binding	molecular_function	FALSE	FALSE	live_primary_id	1
GO:0048032	GO_MF:galacturonate binding	GO:0048032	galacturonate binding	molecular_function	FALSE	FALSE	live_primary_id	1
GO:0048037	GO_MF:obsolete cofactor binding	GO:0048037	obsolete cofactor binding	molecular_function	TRUE	TRUE	obsolete_by_ontology	25
GO:0048046	GO_CC:apoplast	GO:0048046	apoplast	cellular_component	FALSE	FALSE	live_primary_id	32
GO:0048048	GO_BP:embryonic eye morphogenesis	GO:0048048	embryonic eye morphogenesis	biological_process	FALSE	FALSE	live_primary_id	1
GO:0048229	GO_BP:gametophyte development	GO:0048229	gametophyte development	biological_process	FALSE	FALSE	live_primary_id	8
GO:0048232	GO_BP:male gamete generation	GO:0048232	male gamete generation	biological_process	FALSE	FALSE	live_primary_id	1
GO:0048235	GO_BP:pollen sperm cell differentiation	GO:0048235	pollen sperm cell differentiation	biological_process	FALSE	FALSE	live_primary_id	1
GO:0048236	GO_BP:plant-type sporogenesis	GO:0048236	plant-type sporogenesis	biological_process	FALSE	FALSE	live_primary_id	2
GO:0048255	GO_BP:mRNA stabilization	GO:0048255	mRNA stabilization	biological_process	FALSE	FALSE	live_primary_id	1
GO:0048278	GO_BP:vesicle docking	GO:0048278	obsolete vesicle docking	biological_process	TRUE	FALSE	obsolete_by_ontology	1
GO:0048281	GO_BP:inflorescence morphogenesis	GO:0048281	inflorescence morphogenesis	biological_process	FALSE	FALSE	live_primary_id	1
GO:0048316	GO_BP:seed development	GO:0048316	seed development	biological_process	FALSE	FALSE	live_primary_id	29
GO:0048354	GO_BP:mucilage biosynthetic process involved in seed coat development	GO:0048354	mucilage biosynthetic process involved in seed coat development	biological_process	FALSE	FALSE	live_primary_id	3
GO:0048359	GO_BP:mucilage metabolic process involved in seed coat development	GO:0048359	obsolete mucilage metabolic process involved in seed coat development	biological_process	TRUE	FALSE	obsolete_by_ontology	4
GO:0048364	GO_BP:root development	GO:0048364	root development	biological_process	FALSE	FALSE	live_primary_id	28
GO:0048366	GO_BP:leaf development	GO:0048366	leaf development	biological_process	FALSE	FALSE	live_primary_id	18
GO:0048367	GO_BP:shoot system development	GO:0048367	shoot system development	biological_process	FALSE	FALSE	live_primary_id	34
GO:0048384	GO_BP:retinoic acid receptor signaling pathway	GO:0048384	retinoic acid receptor signaling pathway	biological_process	FALSE	FALSE	live_primary_id	1
GO:0048385	GO_BP:regulation of retinoic acid receptor signaling pathway	GO:0048385	regulation of retinoic acid receptor signaling pathway	biological_process	FALSE	FALSE	live_primary_id	1
GO:0048386	GO_BP:positive regulation of retinoic acid receptor signaling pathway	GO:0048386	positive regulation of retinoic acid receptor signaling pathway	biological_process	FALSE	FALSE	live_primary_id	1
GO:0048437	GO_BP:floral organ development	GO:0048437	floral organ development	biological_process	FALSE	FALSE	live_primary_id	13
GO:0048438	GO_BP:floral whorl development	GO:0048438	floral whorl development	biological_process	FALSE	FALSE	live_primary_id	11
GO:0048439	GO_BP:flower morphogenesis	GO:0048439	flower morphogenesis	biological_process	FALSE	FALSE	live_primary_id	1
GO:0048440	GO_BP:carpel development	GO:0048440	carpel development	biological_process	FALSE	FALSE	live_primary_id	2
GO:0048441	GO_BP:petal development	GO:0048441	petal development	biological_process	FALSE	FALSE	live_primary_id	1
GO:0048442	GO_BP:sepal development	GO:0048442	sepal development	biological_process	FALSE	FALSE	live_primary_id	1
GO:0048443	GO_BP:stamen development	GO:0048443	stamen development	biological_process	FALSE	FALSE	live_primary_id	7
GO:0048444	GO_BP:floral organ morphogenesis	GO:0048444	floral organ morphogenesis	biological_process	FALSE	FALSE	live_primary_id	2
GO:0048446	GO_BP:petal morphogenesis	GO:0048446	petal morphogenesis	biological_process	FALSE	FALSE	live_primary_id	1
GO:0048449	GO_BP:floral organ formation	GO:0048449	floral organ formation	biological_process	FALSE	FALSE	live_primary_id	1
GO:0048464	GO_BP:flower calyx development	GO:0048464	flower calyx development	biological_process	FALSE	FALSE	live_primary_id	1
GO:0048465	GO_BP:corolla development	GO:0048465	corolla development	biological_process	FALSE	FALSE	live_primary_id	1
GO:0048466	GO_BP:androecium development	GO:0048466	androecium development	biological_process	FALSE	FALSE	live_primary_id	7
GO:0048467	GO_BP:gynoecium development	GO:0048467	gynoecium development	biological_process	FALSE	FALSE	live_primary_id	3
GO:0048468	GO_BP:cell development	GO:0048468	cell development	biological_process	FALSE	FALSE	live_primary_id	16
GO:0048469	GO_BP:cell maturation	GO:0048469	cell maturation	biological_process	FALSE	FALSE	live_primary_id	4
GO:0048471	GO_CC:perinuclear region of cytoplasm	GO:0048471	perinuclear region of cytoplasm	cellular_component	FALSE	FALSE	live_primary_id	1
GO:0048481	GO_BP:plant ovule development	GO:0048481	plant ovule development	biological_process	FALSE	FALSE	live_primary_id	2
GO:0048489	GO_BP:synaptic vesicle transport	GO:0048489	synaptic vesicle transport	biological_process	FALSE	FALSE	live_primary_id	1
GO:0048498	GO_BP:establishment of petal orientation	GO:0048498	establishment of petal orientation	biological_process	FALSE	FALSE	live_primary_id	1
GO:0048506	GO_BP:regulation of timing of meristematic phase transition	GO:0048506	regulation of timing of meristematic phase transition	biological_process	FALSE	FALSE	live_primary_id	1
GO:0048507	GO_BP:meristem development	GO:0048507	meristem development	biological_process	FALSE	FALSE	live_primary_id	8
GO:0048508	GO_BP:embryonic meristem development	GO:0048508	embryonic meristem development	biological_process	FALSE	FALSE	live_primary_id	3
GO:0048509	GO_BP:regulation of meristem development	GO:0048509	regulation of meristem development	biological_process	FALSE	FALSE	live_primary_id	3
GO:0048510	GO_BP:regulation of timing of transition from vegetative to reproductive phase	GO:0048510	regulation of timing of transition from vegetative to reproductive phase	biological_process	FALSE	FALSE	live_primary_id	1
GO:0048511	GO_BP:rhythmic process	GO:0048511	rhythmic process	biological_process	FALSE	FALSE	live_primary_id	11
GO:0048513	GO_BP:animal organ development	GO:0048513	animal organ development	biological_process	FALSE	FALSE	live_primary_id	2
GO:0048518	GO_BP:positive regulation of biological process	GO:0048518	positive regulation of biological process	biological_process	FALSE	FALSE	live_primary_id	60
GO:0048519	GO_BP:negative regulation of biological process	GO:0048519	negative regulation of biological process	biological_process	FALSE	FALSE	live_primary_id	43
GO:0048522	GO_BP:positive regulation of cellular process	GO:0048522	positive regulation of cellular process	biological_process	FALSE	FALSE	live_primary_id	43
GO:0048523	GO_BP:negative regulation of cellular process	GO:0048523	negative regulation of cellular process	biological_process	FALSE	FALSE	live_primary_id	31
GO:0048527	GO_BP:lateral root development	GO:0048527	lateral root development	biological_process	FALSE	FALSE	live_primary_id	11
GO:0048528	GO_BP:post-embryonic root development	GO:0048528	post-embryonic root development	biological_process	FALSE	FALSE	live_primary_id	14
GO:0048529	GO_MF:magnesium-protoporphyrin IX monomethyl ester (oxidative) cyclase activity	GO:0048529	magnesium-protoporphyrin IX monomethyl ester (oxidative) cyclase activity	molecular_function	FALSE	FALSE	live_primary_id	1
GO:0048531	GO_MF:beta-1,3-galactosyltransferase activity	GO:0048531	beta-1,3-galactosyltransferase activity	molecular_function	FALSE	FALSE	live_primary_id	1
GO:0048532	GO_BP:anatomical structure arrangement	GO:0048532	anatomical structure arrangement	biological_process	FALSE	FALSE	live_primary_id	4
GO:0048545	GO_BP:response to steroid hormone	GO:0048545	response to steroid hormone	biological_process	FALSE	FALSE	live_primary_id	3
GO:0048559	GO_BP:establishment of floral organ orientation	GO:0048559	establishment of floral organ orientation	biological_process	FALSE	FALSE	live_primary_id	1
GO:0048560	GO_BP:establishment of anatomical structure orientation	GO:0048560	establishment of anatomical structure orientation	biological_process	FALSE	FALSE	live_primary_id	1
GO:0048562	GO_BP:embryonic organ morphogenesis	GO:0048562	embryonic organ morphogenesis	biological_process	FALSE	FALSE	live_primary_id	2
GO:0048565	GO_BP:digestive tract development	GO:0048565	digestive tract development	biological_process	FALSE	FALSE	live_primary_id	1
GO:0048566	GO_BP:embryonic digestive tract development	GO:0048566	embryonic digestive tract development	biological_process	FALSE	FALSE	live_primary_id	1
GO:0048568	GO_BP:embryonic organ development	GO:0048568	embryonic organ development	biological_process	FALSE	FALSE	live_primary_id	2
GO:0048572	GO_BP:short-day photoperiodism	GO:0048572	short-day photoperiodism	biological_process	FALSE	FALSE	live_primary_id	1
GO:0048573	GO_BP:photoperiodism, flowering	GO:0048573	photoperiodism, flowering	biological_process	FALSE	FALSE	live_primary_id	4
GO:0048575	GO_BP:short-day photoperiodism, flowering	GO:0048575	short-day photoperiodism, flowering	biological_process	FALSE	FALSE	live_primary_id	1
GO:0048580	GO_BP:regulation of post-embryonic development	GO:0048580	regulation of post-embryonic development	biological_process	FALSE	FALSE	live_primary_id	15
GO:0048581	GO_BP:negative regulation of post-embryonic development	GO:0048581	negative regulation of post-embryonic development	biological_process	FALSE	FALSE	live_primary_id	5
GO:0048582	GO_BP:positive regulation of post-embryonic development	GO:0048582	positive regulation of post-embryonic development	biological_process	FALSE	FALSE	live_primary_id	5
GO:0048583	GO_BP:regulation of response to stimulus	GO:0048583	regulation of response to stimulus	biological_process	FALSE	FALSE	live_primary_id	43
GO:0048584	GO_BP:positive regulation of response to stimulus	GO:0048584	positive regulation of response to stimulus	biological_process	FALSE	FALSE	live_primary_id	14
GO:0048585	GO_BP:negative regulation of response to stimulus	GO:0048585	negative regulation of response to stimulus	biological_process	FALSE	FALSE	live_primary_id	9
GO:0048588	GO_BP:developmental cell growth	GO:0048588	developmental cell growth	biological_process	FALSE	FALSE	live_primary_id	6
GO:0048589	GO_BP:developmental growth	GO:0048589	developmental growth	biological_process	FALSE	FALSE	live_primary_id	20
GO:0048592	GO_BP:eye morphogenesis	GO:0048592	eye morphogenesis	biological_process	FALSE	FALSE	live_primary_id	1
GO:0048593	GO_BP:camera-type eye morphogenesis	GO:0048593	camera-type eye morphogenesis	biological_process	FALSE	FALSE	live_primary_id	1
GO:0048596	GO_BP:embryonic camera-type eye morphogenesis	GO:0048596	embryonic camera-type eye morphogenesis	biological_process	FALSE	FALSE	live_primary_id	1
GO:0048598	GO_BP:embryonic morphogenesis	GO:0048598	embryonic morphogenesis	biological_process	FALSE	FALSE	live_primary_id	2
GO:0048608	GO_BP:reproductive structure development	GO:0048608	reproductive structure development	biological_process	FALSE	FALSE	live_primary_id	54
GO:0048609	GO_BP:multicellular organismal reproductive process	GO:0048609	multicellular organismal reproductive process	biological_process	FALSE	FALSE	live_primary_id	13
GO:0048634	GO_BP:regulation of muscle organ development	GO:0048634	regulation of muscle organ development	biological_process	FALSE	FALSE	live_primary_id	1
GO:0048636	GO_BP:positive regulation of muscle organ development	GO:0048636	positive regulation of muscle organ development	biological_process	FALSE	FALSE	live_primary_id	1
GO:0048638	GO_BP:regulation of developmental growth	GO:0048638	regulation of developmental growth	biological_process	FALSE	FALSE	live_primary_id	8
GO:0048640	GO_BP:negative regulation of developmental growth	GO:0048640	negative regulation of developmental growth	biological_process	FALSE	FALSE	live_primary_id	4
GO:0048641	GO_BP:regulation of skeletal muscle tissue development	GO:0048641	regulation of skeletal muscle tissue development	biological_process	FALSE	FALSE	live_primary_id	1
GO:0048643	GO_BP:positive regulation of skeletal muscle tissue development	GO:0048643	positive regulation of skeletal muscle tissue development	biological_process	FALSE	FALSE	live_primary_id	1
GO:0048646	GO_BP:anatomical structure formation involved in morphogenesis	GO:0048646	anatomical structure formation involved in morphogenesis	biological_process	FALSE	FALSE	live_primary_id	9
GO:0048653	GO_BP:anther development	GO:0048653	anther development	biological_process	FALSE	FALSE	live_primary_id	3
GO:0048658	GO_BP:anther wall tapetum development	GO:0048658	anther wall tapetum development	biological_process	FALSE	FALSE	live_primary_id	1
GO:0048666	GO_BP:neuron development	GO:0048666	neuron development	biological_process	FALSE	FALSE	live_primary_id	1
GO:0048667	GO_BP:cell morphogenesis involved in neuron differentiation	GO:0048667	cell morphogenesis involved in neuron differentiation	biological_process	FALSE	FALSE	live_primary_id	1
GO:0048699	GO_BP:generation of neurons	GO:0048699	generation of neurons	biological_process	FALSE	FALSE	live_primary_id	2
GO:0048701	GO_BP:embryonic cranial skeleton morphogenesis	GO:0048701	embryonic cranial skeleton morphogenesis	biological_process	FALSE	FALSE	live_primary_id	1
GO:0048702	GO_BP:embryonic neurocranium morphogenesis	GO:0048702	embryonic neurocranium morphogenesis	biological_process	FALSE	FALSE	live_primary_id	1
GO:0048704	GO_BP:embryonic skeletal system morphogenesis	GO:0048704	embryonic skeletal system morphogenesis	biological_process	FALSE	FALSE	live_primary_id	1
GO:0048705	GO_BP:skeletal system morphogenesis	GO:0048705	skeletal system morphogenesis	biological_process	FALSE	FALSE	live_primary_id	1
GO:0048706	GO_BP:embryonic skeletal system development	GO:0048706	embryonic skeletal system development	biological_process	FALSE	FALSE	live_primary_id	1
GO:0048729	GO_BP:tissue morphogenesis	GO:0048729	tissue morphogenesis	biological_process	FALSE	FALSE	live_primary_id	3
GO:0048731	GO_BP:system development	GO:0048731	system development	biological_process	FALSE	FALSE	live_primary_id	86
GO:0048732	GO_BP:gland development	GO:0048732	gland development	biological_process	FALSE	FALSE	live_primary_id	1
GO:0048736	GO_BP:appendage development	GO:0048736	appendage development	biological_process	FALSE	FALSE	live_primary_id	1
GO:0048738	GO_BP:cardiac muscle tissue development	GO:0048738	cardiac muscle tissue development	biological_process	FALSE	FALSE	live_primary_id	1
GO:0048759	GO_BP:xylem vessel member cell differentiation	GO:0048759	xylem vessel member cell differentiation	biological_process	FALSE	FALSE	live_primary_id	1
GO:0048762	GO_BP:mesenchymal cell differentiation	GO:0048762	mesenchymal cell differentiation	biological_process	FALSE	FALSE	live_primary_id	1
GO:0048764	GO_BP:trichoblast maturation	GO:0048764	trichoblast maturation	biological_process	FALSE	FALSE	live_primary_id	4
GO:0048765	GO_BP:root hair cell differentiation	GO:0048765	root hair cell differentiation	biological_process	FALSE	FALSE	live_primary_id	4
GO:0048767	GO_BP:root hair elongation	GO:0048767	root hair elongation	biological_process	FALSE	FALSE	live_primary_id	2
GO:0048799	GO_BP:animal organ maturation	GO:0048799	animal organ maturation	biological_process	FALSE	FALSE	live_primary_id	1
GO:0048812	GO_BP:neuron projection morphogenesis	GO:0048812	neuron projection morphogenesis	biological_process	FALSE	FALSE	live_primary_id	1
GO:0048827	GO_BP:phyllome development	GO:0048827	phyllome development	biological_process	FALSE	FALSE	live_primary_id	28
GO:0048829	GO_BP:root cap development	GO:0048829	root cap development	biological_process	FALSE	FALSE	live_primary_id	1
GO:0048831	GO_BP:regulation of shoot system development	GO:0048831	regulation of shoot system development	biological_process	FALSE	FALSE	live_primary_id	13
GO:0048839	GO_BP:inner ear development	GO:0048839	inner ear development	biological_process	FALSE	FALSE	live_primary_id	1
GO:0048856	GO_BP:anatomical structure development	GO:0048856	anatomical structure development	biological_process	FALSE	FALSE	live_primary_id	107
GO:0048857	GO_BP:neural nucleus development	GO:0048857	neural nucleus development	biological_process	FALSE	FALSE	live_primary_id	1
GO:0048858	GO_BP:cell projection morphogenesis	GO:0048858	cell projection morphogenesis	biological_process	FALSE	FALSE	live_primary_id	1
GO:0048859	GO_BP:formation of anatomical boundary	GO:0048859	formation of anatomical boundary	biological_process	FALSE	FALSE	live_primary_id	1
GO:0048863	GO_BP:stem cell differentiation	GO:0048863	stem cell differentiation	biological_process	FALSE	FALSE	live_primary_id	1
GO:0048864	GO_BP:stem cell development	GO:0048864	stem cell development	biological_process	FALSE	FALSE	live_primary_id	1
GO:0048868	GO_BP:pollen tube development	GO:0048868	pollen tube development	biological_process	FALSE	FALSE	live_primary_id	5
GO:0048869	GO_BP:cellular developmental process	GO:0048869	cellular developmental process	biological_process	FALSE	FALSE	live_primary_id	48
GO:0048870	GO_BP:cell motility	GO:0048870	cell motility	biological_process	FALSE	FALSE	live_primary_id	2
GO:0048871	GO_BP:multicellular organismal-level homeostasis	GO:0048871	multicellular organismal-level homeostasis	biological_process	FALSE	FALSE	live_primary_id	2
GO:0048878	GO_BP:chemical homeostasis	GO:0048878	chemical homeostasis	biological_process	FALSE	FALSE	live_primary_id	27
GO:0050048	GO_MF:L-leucine:2-oxoglutarate aminotransferase activity	GO:0050048	obsolete L-leucine:2-oxoglutarate aminotransferase activity	molecular_function	TRUE	FALSE	obsolete_by_ontology	1
GO:0050136	GO_MF:NADH:ubiquinone reductase (non-electrogenic) activity	GO:0050136	NADH dehydrogenase (quinone) (non-electrogenic) activity	molecular_function	FALSE	FALSE	live_primary_id	1
GO:0050183	GO_MF:phosphatidylcholine 12-monooxygenase activity	GO:0050183	phosphatidylcholine 12-monooxygenase activity	molecular_function	FALSE	FALSE	live_primary_id	1
GO:0050263	GO_MF:ribosylpyrimidine nucleosidase activity	GO:0050263	ribosylpyrimidine nucleosidase activity	molecular_function	FALSE	FALSE	live_primary_id	1
GO:0050265	GO_MF:RNA uridylyltransferase activity	GO:0050265	RNA uridylyltransferase activity	molecular_function	FALSE	FALSE	live_primary_id	1
GO:0050278	GO_MF:sedoheptulose-bisphosphatase activity	GO:0050278	sedoheptulose-bisphosphatase activity	molecular_function	FALSE	FALSE	live_primary_id	1
GO:0050308	GO_MF:sugar-phosphatase activity	GO:0050308	sugar-phosphatase activity	molecular_function	FALSE	FALSE	live_primary_id	2
GO:0050313	GO_MF:sulfur dioxygenase activity	GO:0050313	sulfur dioxygenase activity	molecular_function	FALSE	FALSE	live_primary_id	1
GO:0050342	GO_MF:tocopherol O-methyltransferase activity	GO:0050342	tocopherol C-methyltransferase activity	molecular_function	FALSE	FALSE	live_primary_id	1
GO:0050362	GO_MF:L-tryptophan:2-oxoglutarate aminotransferase activity	GO:0050362	L-tryptophan:2-oxoglutarate transaminase activity	molecular_function	FALSE	FALSE	live_primary_id	1
GO:0050421	GO_MF:nitrite reductase (NO-forming) activity	GO:0050421	nitrite reductase (NO-forming) activity	molecular_function	FALSE	FALSE	live_primary_id	1
GO:0050660	GO_MF:flavin adenine dinucleotide binding	GO:0050660	flavin adenine dinucleotide binding	molecular_function	FALSE	FALSE	live_primary_id	1
GO:0050661	GO_MF:NADP binding	GO:0050661	NADP binding	molecular_function	FALSE	FALSE	live_primary_id	1
GO:0050662	GO_MF:obsolete coenzyme binding	GO:0050662	obsolete coenzyme binding	molecular_function	TRUE	TRUE	obsolete_by_ontology	7
GO:0050665	GO_BP:hydrogen peroxide biosynthetic process	GO:0050665	hydrogen peroxide biosynthetic process	biological_process	FALSE	FALSE	live_primary_id	1
GO:0050678	GO_BP:regulation of epithelial cell proliferation	GO:0050678	regulation of epithelial cell proliferation	biological_process	FALSE	FALSE	live_primary_id	1
GO:0050684	GO_BP:regulation of mRNA processing	GO:0050684	regulation of mRNA processing	biological_process	FALSE	FALSE	live_primary_id	1
GO:0050688	GO_BP:regulation of defense response to virus	GO:0050688	regulation of defense response to virus	biological_process	FALSE	FALSE	live_primary_id	1
GO:0050691	GO_BP:regulation of defense response to virus by host	GO:0050691	regulation of defense response to virus by host	biological_process	FALSE	FALSE	live_primary_id	1
GO:0050708	GO_BP:regulation of protein secretion	GO:0050708	regulation of protein secretion	biological_process	FALSE	FALSE	live_primary_id	1
GO:0050709	GO_BP:negative regulation of protein secretion	GO:0050709	negative regulation of protein secretion	biological_process	FALSE	FALSE	live_primary_id	1
GO:0050734	GO_MF:hydroxycinnamoyltransferase activity	GO:0050734	hydroxycinnamoyltransferase activity	molecular_function	FALSE	FALSE	live_primary_id	1
GO:0050737	GO_MF:O-hydroxycinnamoyltransferase activity	GO:0050737	O-hydroxycinnamoyltransferase activity	molecular_function	FALSE	FALSE	live_primary_id	1
GO:0050764	GO_BP:regulation of phagocytosis	GO:0050764	regulation of phagocytosis	biological_process	FALSE	FALSE	live_primary_id	1
GO:0050776	GO_BP:regulation of immune response	GO:0050776	regulation of immune response	biological_process	FALSE	FALSE	live_primary_id	10
GO:0050777	GO_BP:negative regulation of immune response	GO:0050777	negative regulation of immune response	biological_process	FALSE	FALSE	live_primary_id	1
GO:0050778	GO_BP:positive regulation of immune response	GO:0050778	positive regulation of immune response	biological_process	FALSE	FALSE	live_primary_id	7
GO:0050779	GO_BP:RNA destabilization	GO:0050779	RNA destabilization	biological_process	FALSE	FALSE	live_primary_id	1
GO:0050789	GO_BP:regulation of biological process	GO:0050789	regulation of biological process	biological_process	FALSE	FALSE	live_primary_id	190
GO:0050790	GO_BP:regulation of catalytic activity	GO:0050790	regulation of catalytic activity	biological_process	FALSE	FALSE	live_primary_id	19
GO:0050793	GO_BP:regulation of developmental process	GO:0050793	regulation of developmental process	biological_process	FALSE	FALSE	live_primary_id	32
GO:0050794	GO_BP:regulation of cellular process	GO:0050794	regulation of cellular process	biological_process	FALSE	FALSE	live_primary_id	164
GO:0050801	GO_BP:monoatomic ion homeostasis	GO:0050801	monoatomic ion homeostasis	biological_process	FALSE	FALSE	live_primary_id	19
GO:0050826	GO_BP:response to freezing	GO:0050826	response to freezing	biological_process	FALSE	FALSE	live_primary_id	4
GO:0050829	GO_BP:defense response to Gram-negative bacterium	GO:0050829	defense response to Gram-negative bacterium	biological_process	FALSE	FALSE	live_primary_id	3
GO:0050832	GO_BP:defense response to fungus	GO:0050832	defense response to fungus	biological_process	FALSE	FALSE	live_primary_id	16
GO:0050877	GO_BP:nervous system process	GO:0050877	nervous system process	biological_process	FALSE	FALSE	live_primary_id	3
GO:0050878	GO_BP:regulation of body fluid levels	GO:0050878	regulation of body fluid levels	biological_process	FALSE	FALSE	live_primary_id	2
GO:0050885	GO_BP:neuromuscular process controlling balance	GO:0050885	neuromuscular process controlling balance	biological_process	FALSE	FALSE	live_primary_id	1
GO:0050891	GO_BP:multicellular organismal-level water homeostasis	GO:0050891	multicellular organismal-level water homeostasis	biological_process	FALSE	FALSE	live_primary_id	2
GO:0050896	GO_BP:response to stimulus	GO:0050896	response to stimulus	biological_process	FALSE	FALSE	live_primary_id	289
GO:0050897	GO_MF:cobalt ion binding	GO:0050897	cobalt ion binding	molecular_function	FALSE	FALSE	live_primary_id	1
GO:0050898	GO_BP:nitrile metabolic process	GO:0050898	nitrile metabolic process	biological_process	FALSE	FALSE	live_primary_id	1
GO:0050905	GO_BP:neuromuscular process	GO:0050905	neuromuscular process	biological_process	FALSE	FALSE	live_primary_id	1
GO:0050918	GO_BP:positive chemotaxis	GO:0050918	positive chemotaxis	biological_process	FALSE	FALSE	live_primary_id	4
GO:0050953	GO_BP:sensory perception of light stimulus	GO:0050953	sensory perception of light stimulus	biological_process	FALSE	FALSE	live_primary_id	1
GO:0050982	GO_BP:detection of mechanical stimulus	GO:0050982	detection of mechanical stimulus	biological_process	FALSE	FALSE	live_primary_id	2
GO:0050997	GO_MF:quaternary ammonium group binding	GO:0050997	quaternary ammonium group binding	molecular_function	FALSE	FALSE	live_primary_id	2
GO:0051015	GO_MF:actin filament binding	GO:0051015	actin filament binding	molecular_function	FALSE	FALSE	live_primary_id	1
GO:0051017	GO_BP:actin filament bundle assembly	GO:0051017	actin filament bundle assembly	biological_process	FALSE	FALSE	live_primary_id	1
GO:0051020	GO_MF:GTPase binding	GO:0051020	GTPase binding	molecular_function	FALSE	FALSE	live_primary_id	3
GO:0051046	GO_BP:regulation of secretion	GO:0051046	regulation of secretion	biological_process	FALSE	FALSE	live_primary_id	1
GO:0051048	GO_BP:negative regulation of secretion	GO:0051048	negative regulation of secretion	biological_process	FALSE	FALSE	live_primary_id	1
GO:0051049	GO_BP:regulation of transport	GO:0051049	regulation of transport	biological_process	FALSE	FALSE	live_primary_id	5
GO:0051051	GO_BP:negative regulation of transport	GO:0051051	negative regulation of transport	biological_process	FALSE	FALSE	live_primary_id	1
GO:0051052	GO_BP:regulation of DNA metabolic process	GO:0051052	regulation of DNA metabolic process	biological_process	FALSE	FALSE	live_primary_id	2
GO:0051054	GO_BP:positive regulation of DNA metabolic process	GO:0051054	positive regulation of DNA metabolic process	biological_process	FALSE	FALSE	live_primary_id	1
GO:0051090	GO_BP:regulation of DNA-binding transcription factor activity	GO:0051090	obsolete regulation of DNA-binding transcription factor activity	biological_process	TRUE	FALSE	obsolete_by_ontology	2
GO:0051091	GO_BP:positive regulation of DNA-binding transcription factor activity	GO:0051091	obsolete positive regulation of DNA-binding transcription factor activity	biological_process	TRUE	FALSE	obsolete_by_ontology	1
GO:0051093	GO_BP:negative regulation of developmental process	GO:0051093	negative regulation of developmental process	biological_process	FALSE	FALSE	live_primary_id	9
GO:0051094	GO_BP:positive regulation of developmental process	GO:0051094	positive regulation of developmental process	biological_process	FALSE	FALSE	live_primary_id	10
GO:0051098	GO_BP:regulation of binding	GO:0051098	regulation of binding	biological_process	FALSE	FALSE	live_primary_id	1
GO:0051101	GO_BP:regulation of DNA binding	GO:0051101	regulation of DNA binding	biological_process	FALSE	FALSE	live_primary_id	1
GO:0051117	GO_MF:ATPase binding	GO:0051117	ATPase binding	molecular_function	FALSE	FALSE	live_primary_id	1
GO:0051119	GO_MF:sugar transmembrane transporter activity	GO:0051119	sugar transmembrane transporter activity	molecular_function	FALSE	FALSE	live_primary_id	13
GO:0051128	GO_BP:regulation of cellular component organization	GO:0051128	regulation of cellular component organization	biological_process	FALSE	FALSE	live_primary_id	13
GO:0051129	GO_BP:negative regulation of cellular component organization	GO:0051129	negative regulation of cellular component organization	biological_process	FALSE	FALSE	live_primary_id	4
GO:0051130	GO_BP:positive regulation of cellular component organization	GO:0051130	positive regulation of cellular component organization	biological_process	FALSE	FALSE	live_primary_id	4
GO:0051131	GO_BP:chaperone-mediated protein complex assembly	GO:0051131	chaperone-mediated protein complex assembly	biological_process	FALSE	FALSE	live_primary_id	1
GO:0051139	GO_MF:metal cation:proton antiporter activity	GO:0051139	metal cation:proton antiporter activity	molecular_function	FALSE	FALSE	live_primary_id	1
GO:0051147	GO_BP:regulation of muscle cell differentiation	GO:0051147	regulation of muscle cell differentiation	biological_process	FALSE	FALSE	live_primary_id	1
GO:0051149	GO_BP:positive regulation of muscle cell differentiation	GO:0051149	positive regulation of muscle cell differentiation	biological_process	FALSE	FALSE	live_primary_id	1
GO:0051153	GO_BP:regulation of striated muscle cell differentiation	GO:0051153	regulation of striated muscle cell differentiation	biological_process	FALSE	FALSE	live_primary_id	1
GO:0051155	GO_BP:positive regulation of striated muscle cell differentiation	GO:0051155	positive regulation of striated muscle cell differentiation	biological_process	FALSE	FALSE	live_primary_id	1
GO:0051156	GO_BP:glucose 6-phosphate metabolic process	GO:0051156	glucose 6-phosphate metabolic process	biological_process	FALSE	FALSE	live_primary_id	1
GO:0051171	GO_BP:obsolete regulation of nitrogen compound metabolic process	GO:0051171	obsolete regulation of nitrogen compound metabolic process	biological_process	TRUE	TRUE	obsolete_by_ontology	90
GO:0051172	GO_BP:obsolete negative regulation of nitrogen compound metabolic process	GO:0051172	obsolete negative regulation of nitrogen compound metabolic process	biological_process	TRUE	TRUE	obsolete_by_ontology	14
GO:0051173	GO_BP:obsolete positive regulation of nitrogen compound metabolic process	GO:0051173	obsolete positive regulation of nitrogen compound metabolic process	biological_process	TRUE	TRUE	obsolete_by_ontology	34
GO:0051174	GO_BP:regulation of phosphorus metabolic process	GO:0051174	regulation of phosphorus metabolic process	biological_process	FALSE	FALSE	live_primary_id	3
GO:0051175	GO_BP:negative regulation of sulfur metabolic process	GO:0051175	obsolete negative regulation of sulfur metabolic process	biological_process	TRUE	FALSE	obsolete_by_ontology	1
GO:0051179	GO_BP:localization	GO:0051179	localization	biological_process	FALSE	FALSE	live_primary_id	123
GO:0051181	GO_BP:obsolete cofactor transport	GO:0051181	obsolete cofactor transport	biological_process	TRUE	TRUE	obsolete_by_ontology	4
GO:0051182	GO_BP:obsolete coenzyme transport	GO:0051182	obsolete coenzyme transport	biological_process	TRUE	TRUE	obsolete_by_ontology	1
GO:0051184	GO_MF:obsolete cofactor transmembrane transporter activity	GO:0051184	obsolete cofactor transmembrane transporter activity	molecular_function	TRUE	TRUE	obsolete_by_ontology	1
GO:0051185	GO_MF:obsolete coenzyme transmembrane transporter activity	GO:0051185	obsolete coenzyme transmembrane transporter activity	molecular_function	TRUE	TRUE	obsolete_by_ontology	1
GO:0051186	GO_BP:obsolete cofactor metabolic process	GO:0051186	obsolete cofactor metabolic process	biological_process	TRUE	TRUE	obsolete_by_ontology	29
GO:0051187	GO_BP:obsolete cofactor catabolic process	GO:0051187	obsolete cofactor catabolic process	biological_process	TRUE	TRUE	obsolete_by_ontology	3
GO:0051188	GO_BP:obsolete cofactor biosynthetic process	GO:0051188	obsolete cofactor biosynthetic process	biological_process	TRUE	TRUE	obsolete_by_ontology	13
GO:0051192	GO_MF:prosthetic group binding	GO:0051192	prosthetic group binding	molecular_function	FALSE	FALSE	live_primary_id	1
GO:0051193	GO_BP:obsolete regulation of cofactor metabolic process	GO:0051193	obsolete regulation of cofactor metabolic process	biological_process	TRUE	TRUE	obsolete_by_ontology	3
GO:0051194	GO_BP:obsolete positive regulation of cofactor metabolic process	GO:0051194	obsolete positive regulation of cofactor metabolic process	biological_process	TRUE	TRUE	obsolete_by_ontology	2
GO:0051213	GO_MF:dioxygenase activity	GO:0051213	dioxygenase activity	molecular_function	FALSE	FALSE	live_primary_id	8
GO:0051214	GO_BP:RNAi-mediated antiviral immunity against RNA virus	GO:0051214	RNAi-mediated antiviral immunity against RNA virus	biological_process	FALSE	FALSE	live_primary_id	1
GO:0051223	GO_BP:regulation of protein transport	GO:0051223	regulation of protein transport	biological_process	FALSE	FALSE	live_primary_id	1
GO:0051224	GO_BP:negative regulation of protein transport	GO:0051224	negative regulation of protein transport	biological_process	FALSE	FALSE	live_primary_id	1
GO:0051234	GO_BP:establishment of localization	GO:0051234	establishment of localization	biological_process	FALSE	FALSE	live_primary_id	115
GO:0051235	GO_BP:maintenance of location	GO:0051235	maintenance of location	biological_process	FALSE	FALSE	live_primary_id	6
GO:0051238	GO_BP:sequestering of metal ion	GO:0051238	obsolete sequestering of metal ion	biological_process	TRUE	FALSE	obsolete_by_ontology	3
GO:0051239	GO_BP:regulation of multicellular organismal process	GO:0051239	regulation of multicellular organismal process	biological_process	FALSE	FALSE	live_primary_id	26
GO:0051240	GO_BP:positive regulation of multicellular organismal process	GO:0051240	positive regulation of multicellular organismal process	biological_process	FALSE	FALSE	live_primary_id	10
GO:0051241	GO_BP:negative regulation of multicellular organismal process	GO:0051241	negative regulation of multicellular organismal process	biological_process	FALSE	FALSE	live_primary_id	7
GO:0051246	GO_BP:regulation of protein metabolic process	GO:0051246	regulation of protein metabolic process	biological_process	FALSE	FALSE	live_primary_id	15
GO:0051247	GO_BP:positive regulation of protein metabolic process	GO:0051247	positive regulation of protein metabolic process	biological_process	FALSE	FALSE	live_primary_id	5
GO:0051248	GO_BP:negative regulation of protein metabolic process	GO:0051248	negative regulation of protein metabolic process	biological_process	FALSE	FALSE	live_primary_id	6
GO:0051252	GO_BP:regulation of RNA metabolic process	GO:0051252	regulation of RNA metabolic process	biological_process	FALSE	FALSE	live_primary_id	76
GO:0051253	GO_BP:negative regulation of RNA metabolic process	GO:0051253	negative regulation of RNA metabolic process	biological_process	FALSE	FALSE	live_primary_id	8
GO:0051254	GO_BP:positive regulation of RNA metabolic process	GO:0051254	positive regulation of RNA metabolic process	biological_process	FALSE	FALSE	live_primary_id	27
GO:0051258	GO_BP:protein polymerization	GO:0051258	protein polymerization	biological_process	FALSE	FALSE	live_primary_id	1
GO:0051259	GO_BP:protein complex oligomerization	GO:0051259	protein complex oligomerization	biological_process	FALSE	FALSE	live_primary_id	8
GO:0051260	GO_BP:protein homooligomerization	GO:0051260	protein homooligomerization	biological_process	FALSE	FALSE	live_primary_id	7
GO:0051262	GO_BP:protein tetramerization	GO:0051262	protein tetramerization	biological_process	FALSE	FALSE	live_primary_id	2
GO:0051273	GO_BP:beta-glucan metabolic process	GO:0051273	beta-glucan metabolic process	biological_process	FALSE	FALSE	live_primary_id	7
GO:0051274	GO_BP:beta-glucan biosynthetic process	GO:0051274	beta-glucan biosynthetic process	biological_process	FALSE	FALSE	live_primary_id	6
GO:0051276	GO_BP:chromosome organization	GO:0051276	chromosome organization	biological_process	FALSE	FALSE	live_primary_id	2
GO:0051287	GO_MF:NAD binding	GO:0051287	NAD binding	molecular_function	FALSE	FALSE	live_primary_id	2
GO:0051289	GO_BP:protein homotetramerization	GO:0051289	protein homotetramerization	biological_process	FALSE	FALSE	live_primary_id	2
GO:0051290	GO_BP:protein heterotetramerization	GO:0051290	protein heterotetramerization	biological_process	FALSE	FALSE	live_primary_id	1
GO:0051291	GO_BP:protein heterooligomerization	GO:0051291	protein heterooligomerization	biological_process	FALSE	FALSE	live_primary_id	2
GO:0051301	GO_BP:cell division	GO:0051301	cell division	biological_process	FALSE	FALSE	live_primary_id	7
GO:0051302	GO_BP:regulation of cell division	GO:0051302	regulation of cell division	biological_process	FALSE	FALSE	live_primary_id	1
GO:0051321	GO_BP:meiotic cell cycle	GO:0051321	meiotic cell cycle	biological_process	FALSE	FALSE	live_primary_id	3
GO:0051336	GO_BP:regulation of hydrolase activity	GO:0051336	regulation of hydrolase activity	biological_process	FALSE	FALSE	live_primary_id	6
GO:0051338	GO_BP:regulation of transferase activity	GO:0051338	regulation of transferase activity	biological_process	FALSE	FALSE	live_primary_id	1
GO:0051345	GO_BP:positive regulation of hydrolase activity	GO:0051345	positive regulation of hydrolase activity	biological_process	FALSE	FALSE	live_primary_id	1
GO:0051346	GO_BP:negative regulation of hydrolase activity	GO:0051346	negative regulation of hydrolase activity	biological_process	FALSE	FALSE	live_primary_id	4
GO:0051347	GO_BP:positive regulation of transferase activity	GO:0051347	obsolete positive regulation of transferase activity	biological_process	TRUE	FALSE	obsolete_by_ontology	1
GO:0051365	GO_BP:cellular response to potassium ion starvation	GO:0051365	cellular response to potassium ion starvation	biological_process	FALSE	FALSE	live_primary_id	1
GO:0051410	GO_BP:detoxification of nitrogen compound	GO:0051410	detoxification of nitrogen compound	biological_process	FALSE	FALSE	live_primary_id	1
GO:0051445	GO_BP:regulation of meiotic cell cycle	GO:0051445	regulation of meiotic cell cycle	biological_process	FALSE	FALSE	live_primary_id	1
GO:0051453	GO_BP:regulation of intracellular pH	GO:0051453	regulation of intracellular pH	biological_process	FALSE	FALSE	live_primary_id	2
GO:0051493	GO_BP:regulation of cytoskeleton organization	GO:0051493	regulation of cytoskeleton organization	biological_process	FALSE	FALSE	live_primary_id	3
GO:0051494	GO_BP:negative regulation of cytoskeleton organization	GO:0051494	negative regulation of cytoskeleton organization	biological_process	FALSE	FALSE	live_primary_id	2
GO:0051495	GO_BP:positive regulation of cytoskeleton organization	GO:0051495	positive regulation of cytoskeleton organization	biological_process	FALSE	FALSE	live_primary_id	1
GO:0051501	GO_BP:diterpene phytoalexin metabolic process	GO:0051501	obsolete diterpene phytoalexin metabolic process	biological_process	TRUE	FALSE	obsolete_by_ontology	1
GO:0051502	GO_BP:diterpene phytoalexin biosynthetic process	GO:0051502	diterpene phytoalexin biosynthetic process	biological_process	FALSE	FALSE	live_primary_id	1
GO:0051503	GO_BP:adenine nucleotide transport	GO:0051503	adenine nucleotide transport	biological_process	FALSE	FALSE	live_primary_id	1
GO:0051510	GO_BP:regulation of unidimensional cell growth	GO:0051510	regulation of unidimensional cell growth	biological_process	FALSE	FALSE	live_primary_id	4
GO:0051511	GO_BP:negative regulation of unidimensional cell growth	GO:0051511	negative regulation of unidimensional cell growth	biological_process	FALSE	FALSE	live_primary_id	1
GO:0051536	GO_MF:iron-sulfur cluster binding	GO:0051536	iron-sulfur cluster binding	molecular_function	FALSE	FALSE	live_primary_id	2
GO:0051537	GO_MF:2 iron, 2 sulfur cluster binding	GO:0051537	2 iron, 2 sulfur cluster binding	molecular_function	FALSE	FALSE	live_primary_id	2
GO:0051540	GO_MF:metal cluster binding	GO:0051540	metal cluster binding	molecular_function	FALSE	FALSE	live_primary_id	2
GO:0051552	GO_BP:flavone metabolic process	GO:0051552	flavone metabolic process	biological_process	FALSE	FALSE	live_primary_id	3
GO:0051553	GO_BP:flavone biosynthetic process	GO:0051553	flavone biosynthetic process	biological_process	FALSE	FALSE	live_primary_id	2
GO:0051554	GO_BP:flavonol metabolic process	GO:0051554	flavonol metabolic process	biological_process	FALSE	FALSE	live_primary_id	3
GO:0051555	GO_BP:flavonol biosynthetic process	GO:0051555	flavonol biosynthetic process	biological_process	FALSE	FALSE	live_primary_id	2
GO:0051592	GO_BP:response to calcium ion	GO:0051592	response to calcium ion	biological_process	FALSE	FALSE	live_primary_id	1
GO:0051603	GO_BP:proteolysis involved in protein catabolic process	GO:0051603	obsolete proteolysis involved in protein catabolic process	biological_process	TRUE	FALSE	obsolete_by_ontology	12
GO:0051604	GO_BP:protein maturation	GO:0051604	protein maturation	biological_process	FALSE	FALSE	live_primary_id	1
GO:0051606	GO_BP:detection of stimulus	GO:0051606	detection of stimulus	biological_process	FALSE	FALSE	live_primary_id	3
GO:0051607	GO_BP:defense response to virus	GO:0051607	defense response to virus	biological_process	FALSE	FALSE	live_primary_id	4
GO:0051640	GO_BP:organelle localization	GO:0051640	organelle localization	biological_process	FALSE	FALSE	live_primary_id	1
GO:0051641	GO_BP:cellular localization	GO:0051641	cellular localization	biological_process	FALSE	FALSE	live_primary_id	15
GO:0051648	GO_BP:vesicle localization	GO:0051648	vesicle localization	biological_process	FALSE	FALSE	live_primary_id	1
GO:0051649	GO_BP:establishment of localization in cell	GO:0051649	establishment of localization in cell	biological_process	FALSE	FALSE	live_primary_id	8
GO:0051650	GO_BP:establishment of vesicle localization	GO:0051650	establishment of vesicle localization	biological_process	FALSE	FALSE	live_primary_id	1
GO:0051651	GO_BP:maintenance of location in cell	GO:0051651	maintenance of location in cell	biological_process	FALSE	FALSE	live_primary_id	4
GO:0051656	GO_BP:establishment of organelle localization	GO:0051656	establishment of organelle localization	biological_process	FALSE	FALSE	live_primary_id	1
GO:0051674	GO_BP:localization of cell	GO:0051674	localization of cell	biological_process	FALSE	FALSE	live_primary_id	2
GO:0051701	GO_BP:biological process involved in interaction with host	GO:0051701	biological process involved in interaction with host	biological_process	FALSE	FALSE	live_primary_id	2
GO:0051703	GO_BP:biological process involved in intraspecies interaction between organisms	GO:0051703	biological process involved in intraspecies interaction between organisms	biological_process	FALSE	FALSE	live_primary_id	3
GO:0051704	GO_BP:obsolete multi-organism process	GO:0051704	obsolete multi-organism process	biological_process	TRUE	TRUE	obsolete_by_ontology	81
GO:0051707	GO_BP:response to other organism	GO:0051707	response to other organism	biological_process	FALSE	FALSE	live_primary_id	70
GO:0051716	GO_BP:cellular response to stimulus	GO:0051716	cellular response to stimulus	biological_process	FALSE	FALSE	live_primary_id	135
GO:0051722	GO_MF:protein C-terminal methylesterase activity	GO:0051722	obsolete protein C-terminal methylesterase activity	molecular_function	TRUE	FALSE	obsolete_by_ontology	1
GO:0051723	GO_MF:protein methylesterase activity	GO:0051723	protein methylesterase activity	molecular_function	FALSE	FALSE	live_primary_id	1
GO:0051726	GO_BP:regulation of cell cycle	GO:0051726	regulation of cell cycle	biological_process	FALSE	FALSE	live_primary_id	4
GO:0051744	GO_MF:3,8-divinyl protochlorophyllide a 8-vinyl reductase activity	GO:0051744	obsolete 3,8-divinyl protochlorophyllide a 8-vinyl-reductase (NADPH) activity	molecular_function	TRUE	FALSE	obsolete_by_ontology	1
GO:0051753	GO_MF:mannan synthase activity	GO:0051753	mannan synthase activity	molecular_function	FALSE	FALSE	live_primary_id	1
GO:0051783	GO_BP:regulation of nuclear division	GO:0051783	regulation of nuclear division	biological_process	FALSE	FALSE	live_primary_id	2
GO:0051784	GO_BP:negative regulation of nuclear division	GO:0051784	negative regulation of nuclear division	biological_process	FALSE	FALSE	live_primary_id	1
GO:0051787	GO_MF:misfolded protein binding	GO:0051787	misfolded protein binding	molecular_function	FALSE	FALSE	live_primary_id	1
GO:0051788	GO_BP:response to misfolded protein	GO:0051788	response to misfolded protein	biological_process	FALSE	FALSE	live_primary_id	2
GO:0051817	GO_BP:obsolete modulation of process of other organism involved in symbiotic interaction	GO:0051817	obsolete modulation of process of other organism involved in symbiotic interaction	biological_process	TRUE	TRUE	obsolete_by_ontology	2
GO:0051865	GO_BP:protein autoubiquitination	GO:0051865	protein autoubiquitination	biological_process	FALSE	FALSE	live_primary_id	1
GO:0051938	GO_BP:L-glutamate import	GO:0051938	L-glutamate import	biological_process	FALSE	FALSE	live_primary_id	1
GO:0051983	GO_BP:regulation of chromosome segregation	GO:0051983	regulation of chromosome segregation	biological_process	FALSE	FALSE	live_primary_id	1
GO:0051985	GO_BP:negative regulation of chromosome segregation	GO:0051985	negative regulation of chromosome segregation	biological_process	FALSE	FALSE	live_primary_id	1
GO:0051996	GO_MF:squalene synthase activity	GO:0051996	squalene synthase [NAD(P)H] activity	molecular_function	FALSE	FALSE	live_primary_id	1
GO:0052018	GO_BP:obsolete modulation by symbiont of RNA levels in host	GO:0052018	obsolete modulation by symbiont of RNA levels in host	biological_process	TRUE	TRUE	obsolete_by_ontology	1
GO:0052249	GO_BP:obsolete modulation of RNA levels in other organism involved in symbiotic interaction	GO:0052249	obsolete modulation of RNA levels in other organism involved in symbiotic interaction	biological_process	TRUE	TRUE	obsolete_by_ontology	1
GO:0052314	GO_BP:phytoalexin metabolic process	GO:0052314	phytoalexin metabolic process	biological_process	FALSE	FALSE	live_primary_id	1
GO:0052315	GO_BP:phytoalexin biosynthetic process	GO:0052315	phytoalexin biosynthetic process	biological_process	FALSE	FALSE	live_primary_id	1
GO:0052325	GO_BP:cell wall pectin biosynthetic process	GO:0052325	cell wall pectin biosynthetic process	biological_process	FALSE	FALSE	live_primary_id	1
GO:0052386	GO_BP:cell wall thickening	GO:0052386	cell wall thickening	biological_process	FALSE	FALSE	live_primary_id	3
GO:0052482	GO_BP:defense response by cell wall thickening	GO:0052482	defense response by cell wall thickening	biological_process	FALSE	FALSE	live_primary_id	2
GO:0052541	GO_BP:plant-type cell wall cellulose metabolic process	GO:0052541	plant-type cell wall cellulose metabolic process	biological_process	FALSE	FALSE	live_primary_id	1
GO:0052542	GO_BP:defense response by callose deposition	GO:0052542	defense response by callose deposition	biological_process	FALSE	FALSE	live_primary_id	2
GO:0052543	GO_BP:callose deposition in cell wall	GO:0052543	callose deposition in cell wall	biological_process	FALSE	FALSE	live_primary_id	2
GO:0052544	GO_BP:defense response by callose deposition in cell wall	GO:0052544	defense response by callose deposition in cell wall	biological_process	FALSE	FALSE	live_primary_id	2
GO:0052545	GO_BP:callose localization	GO:0052545	callose localization	biological_process	FALSE	FALSE	live_primary_id	2
GO:0052546	GO_BP:cell wall pectin metabolic process	GO:0052546	cell wall pectin metabolic process	biological_process	FALSE	FALSE	live_primary_id	1
GO:0052547	GO_BP:regulation of peptidase activity	GO:0052547	regulation of peptidase activity	biological_process	FALSE	FALSE	live_primary_id	3
GO:0052548	GO_BP:regulation of endopeptidase activity	GO:0052548	regulation of endopeptidase activity	biological_process	FALSE	FALSE	live_primary_id	2
GO:0052615	GO_MF:ent-kaurene oxidase activity	GO:0052615	ent-kaurene oxidase activity	molecular_function	FALSE	FALSE	live_primary_id	1
GO:0052634	GO_MF:C-19 gibberellin 2-beta-dioxygenase activity	GO:0052634	obsolete C-19 gibberellin 2-beta-dioxygenase activity	molecular_function	TRUE	FALSE	obsolete_by_ontology	1
GO:0052636	GO_MF:arabinosyltransferase activity	GO:0052636	arabinosyltransferase activity	molecular_function	FALSE	FALSE	live_primary_id	1
GO:0052662	GO_MF:zeaxanthin epoxidase activity	GO:0052662	zeaxanthin epoxidase activity	molecular_function	FALSE	FALSE	live_primary_id	1
GO:0052667	GO_MF:phosphomethylethanolamine N-methyltransferase activity	GO:0052667	obsolete phosphomethylethanolamine N-methyltransferase activity	molecular_function	TRUE	FALSE	obsolete_by_ontology	1
GO:0052689	GO_MF:carboxylic ester hydrolase activity	GO:0052689	carboxylic ester hydrolase activity	molecular_function	FALSE	FALSE	live_primary_id	13
GO:0052692	GO_MF:raffinose alpha-galactosidase activity	GO:0052692	raffinose alpha-galactosidase activity	molecular_function	FALSE	FALSE	live_primary_id	1
GO:0052716	GO_MF:hydroquinone:oxygen oxidoreductase activity	GO:0052716	hydroquinone:oxygen oxidoreductase activity	molecular_function	FALSE	FALSE	live_primary_id	1
GO:0052793	GO_MF:pectin acetylesterase activity	GO:0052793	pectin acetylesterase activity	molecular_function	FALSE	FALSE	live_primary_id	1
GO:0052837	GO_BP:thiazole biosynthetic process	GO:0052837	thiazole biosynthetic process	biological_process	FALSE	FALSE	live_primary_id	1
GO:0052838	GO_BP:thiazole metabolic process	GO:0052838	thiazole metabolic process	biological_process	FALSE	FALSE	live_primary_id	1
GO:0055028	GO_CC:cortical microtubule	GO:0055028	cortical microtubule	cellular_component	FALSE	FALSE	live_primary_id	2
GO:0055035	GO_CC:plastid thylakoid membrane	GO:0055035	plastid thylakoid membrane	cellular_component	FALSE	FALSE	live_primary_id	26
GO:0055044	GO_CC:symplast	GO:0055044	symplast	cellular_component	FALSE	FALSE	live_primary_id	52
GO:0055046	GO_BP:microgametogenesis	GO:0055046	microgametogenesis	biological_process	FALSE	FALSE	live_primary_id	1
GO:0055062	GO_BP:phosphate ion homeostasis	GO:0055062	phosphate ion homeostasis	biological_process	FALSE	FALSE	live_primary_id	1
GO:0055065	GO_BP:obsolete metal ion homeostasis	GO:0055065	obsolete metal ion homeostasis	biological_process	TRUE	TRUE	obsolete_by_ontology	15
GO:0055067	GO_BP:obsolete monovalent inorganic cation homeostasis	GO:0055067	obsolete monovalent inorganic cation homeostasis	biological_process	TRUE	TRUE	obsolete_by_ontology	2
GO:0055068	GO_BP:obsolete cobalt ion homeostasis	GO:0055068	obsolete cobalt ion homeostasis	biological_process	TRUE	TRUE	obsolete_by_ontology	1
GO:0055069	GO_BP:obsolete zinc ion homeostasis	GO:0055069	obsolete zinc ion homeostasis	biological_process	TRUE	TRUE	obsolete_by_ontology	1
GO:0055070	GO_BP:copper ion homeostasis	GO:0055070	copper ion homeostasis	biological_process	FALSE	FALSE	live_primary_id	1
GO:0055071	GO_BP:manganese ion homeostasis	GO:0055071	manganese ion homeostasis	biological_process	FALSE	FALSE	live_primary_id	3
GO:0055072	GO_BP:obsolete iron ion homeostasis	GO:0055072	obsolete iron ion homeostasis	biological_process	TRUE	TRUE	obsolete_by_ontology	6
GO:0055074	GO_BP:calcium ion homeostasis	GO:0055074	calcium ion homeostasis	biological_process	FALSE	FALSE	live_primary_id	2
GO:0055076	GO_BP:obsolete transition metal ion homeostasis	GO:0055076	obsolete transition metal ion homeostasis	biological_process	TRUE	TRUE	obsolete_by_ontology	13
GO:0055080	GO_BP:monoatomic cation homeostasis	GO:0055080	monoatomic cation homeostasis	biological_process	FALSE	FALSE	live_primary_id	17
GO:0055081	GO_BP:monoatomic anion homeostasis	GO:0055081	monoatomic anion homeostasis	biological_process	FALSE	FALSE	live_primary_id	1
GO:0055082	GO_BP:intracellular chemical homeostasis	GO:0055082	intracellular chemical homeostasis	biological_process	FALSE	FALSE	live_primary_id	13
GO:0055083	GO_BP:obsolete monovalent inorganic anion homeostasis	GO:0055083	obsolete monovalent inorganic anion homeostasis	biological_process	TRUE	TRUE	obsolete_by_ontology	1
GO:0055085	GO_BP:transmembrane transport	GO:0055085	transmembrane transport	biological_process	FALSE	FALSE	live_primary_id	96
GO:0055086	GO_BP:nucleobase-containing small molecule metabolic process	GO:0055086	nucleobase-containing small molecule metabolic process	biological_process	FALSE	FALSE	live_primary_id	7
GO:0055088	GO_BP:lipid homeostasis	GO:0055088	lipid homeostasis	biological_process	FALSE	FALSE	live_primary_id	2
GO:0055092	GO_BP:sterol homeostasis	GO:0055092	sterol homeostasis	biological_process	FALSE	FALSE	live_primary_id	1
GO:0055093	GO_BP:response to hyperoxia	GO:0055093	response to hyperoxia	biological_process	FALSE	FALSE	live_primary_id	1
GO:0055114	GO_BP:obsolete oxidation-reduction process	GO:0055114	obsolete oxidation-reduction process	biological_process	TRUE	TRUE	obsolete_by_ontology	89
GO:0055123	GO_BP:digestive system development	GO:0055123	digestive system development	biological_process	FALSE	FALSE	live_primary_id	1
GO:0060004	GO_BP:reflex	GO:0060004	reflex	biological_process	FALSE	FALSE	live_primary_id	1
GO:0060013	GO_BP:righting reflex	GO:0060013	righting reflex	biological_process	FALSE	FALSE	live_primary_id	1
GO:0060089	GO_MF:molecular transducer activity	GO:0060089	molecular transducer activity	molecular_function	FALSE	FALSE	live_primary_id	23
GO:0060090	GO_MF:molecular adaptor activity	GO:0060090	molecular adaptor activity	molecular_function	FALSE	FALSE	live_primary_id	2
GO:0060147	GO_BP:regulation of post-transcriptional gene silencing	GO:0060147	regulation of post-transcriptional gene silencing	biological_process	FALSE	FALSE	live_primary_id	1
GO:0060166	GO_BP:olfactory pit development	GO:0060166	olfactory pit development	biological_process	FALSE	FALSE	live_primary_id	1
GO:0060173	GO_BP:limb development	GO:0060173	limb development	biological_process	FALSE	FALSE	live_primary_id	1
GO:0060249	GO_BP:anatomical structure homeostasis	GO:0060249	anatomical structure homeostasis	biological_process	FALSE	FALSE	live_primary_id	1
GO:0060255	GO_BP:regulation of macromolecule metabolic process	GO:0060255	regulation of macromolecule metabolic process	biological_process	FALSE	FALSE	live_primary_id	92
GO:0060284	GO_BP:regulation of cell development	GO:0060284	regulation of cell development	biological_process	FALSE	FALSE	live_primary_id	3
GO:0060297	GO_BP:regulation of sarcomere organization	GO:0060297	regulation of sarcomere organization	biological_process	FALSE	FALSE	live_primary_id	1
GO:0060298	GO_BP:positive regulation of sarcomere organization	GO:0060298	positive regulation of sarcomere organization	biological_process	FALSE	FALSE	live_primary_id	1
GO:0060322	GO_BP:head development	GO:0060322	head development	biological_process	FALSE	FALSE	live_primary_id	1
GO:0060324	GO_BP:face development	GO:0060324	face development	biological_process	FALSE	FALSE	live_primary_id	1
GO:0060341	GO_BP:regulation of cellular localization	GO:0060341	regulation of cellular localization	biological_process	FALSE	FALSE	live_primary_id	1
GO:0060359	GO_BP:response to ammonium ion	GO:0060359	response to ammonium ion	biological_process	FALSE	FALSE	live_primary_id	1
GO:0060429	GO_BP:epithelium development	GO:0060429	epithelium development	biological_process	FALSE	FALSE	live_primary_id	3
GO:0060485	GO_BP:mesenchyme development	GO:0060485	mesenchyme development	biological_process	FALSE	FALSE	live_primary_id	1
GO:0060537	GO_BP:muscle tissue development	GO:0060537	muscle tissue development	biological_process	FALSE	FALSE	live_primary_id	2
GO:0060538	GO_BP:skeletal muscle organ development	GO:0060538	skeletal muscle organ development	biological_process	FALSE	FALSE	live_primary_id	1
GO:0060541	GO_BP:respiratory system development	GO:0060541	respiratory system development	biological_process	FALSE	FALSE	live_primary_id	1
GO:0060548	GO_BP:obsolete negative regulation of cell death	GO:0060548	obsolete negative regulation of cell death	biological_process	TRUE	TRUE	obsolete_by_ontology	3
GO:0060560	GO_BP:developmental growth involved in morphogenesis	GO:0060560	developmental growth involved in morphogenesis	biological_process	FALSE	FALSE	live_primary_id	17
GO:0060562	GO_BP:epithelial tube morphogenesis	GO:0060562	epithelial tube morphogenesis	biological_process	FALSE	FALSE	live_primary_id	2
GO:0060589	GO_MF:nucleoside-triphosphatase regulator activity	GO:0060589	nucleoside-triphosphatase regulator activity	molecular_function	FALSE	FALSE	live_primary_id	1
GO:0060627	GO_BP:regulation of vesicle-mediated transport	GO:0060627	regulation of vesicle-mediated transport	biological_process	FALSE	FALSE	live_primary_id	2
GO:0060688	GO_BP:regulation of morphogenesis of a branching structure	GO:0060688	regulation of morphogenesis of a branching structure	biological_process	FALSE	FALSE	live_primary_id	2
GO:0060900	GO_BP:embryonic camera-type eye formation	GO:0060900	embryonic camera-type eye formation	biological_process	FALSE	FALSE	live_primary_id	1
GO:0060918	GO_BP:auxin transport	GO:0060918	auxin transport	biological_process	FALSE	FALSE	live_primary_id	8
GO:0060919	GO_BP:auxin import into cell	GO:0060919	auxin import into cell	biological_process	FALSE	FALSE	live_primary_id	2
GO:0060964	GO_BP:regulation of miRNA-mediated gene silencing	GO:0060964	regulation of miRNA-mediated gene silencing	biological_process	FALSE	FALSE	live_primary_id	1
GO:0060966	GO_BP:regulation of gene silencing by regulatory ncRNA	GO:0060966	regulation of gene silencing by regulatory ncRNA	biological_process	FALSE	FALSE	live_primary_id	1
GO:0060968	GO_BP:obsolete regulation of gene silencing	GO:0060968	obsolete regulation of gene silencing	biological_process	TRUE	TRUE	obsolete_by_ontology	1
GO:0060992	GO_BP:response to fungicide	GO:0060992	response to fungicide	biological_process	FALSE	FALSE	live_primary_id	1
GO:0061008	GO_BP:hepaticobiliary system development	GO:0061008	hepaticobiliary system development	biological_process	FALSE	FALSE	live_primary_id	1
GO:0061013	GO_BP:regulation of mRNA catabolic process	GO:0061013	regulation of mRNA catabolic process	biological_process	FALSE	FALSE	live_primary_id	1
GO:0061014	GO_BP:positive regulation of mRNA catabolic process	GO:0061014	positive regulation of mRNA catabolic process	biological_process	FALSE	FALSE	live_primary_id	1
GO:0061024	GO_BP:membrane organization	GO:0061024	membrane organization	biological_process	FALSE	FALSE	live_primary_id	1
GO:0061025	GO_BP:membrane fusion	GO:0061025	membrane fusion	biological_process	FALSE	FALSE	live_primary_id	1
GO:0061053	GO_BP:somite development	GO:0061053	somite development	biological_process	FALSE	FALSE	live_primary_id	2
GO:0061061	GO_BP:muscle structure development	GO:0061061	muscle structure development	biological_process	FALSE	FALSE	live_primary_id	1
GO:0061077	GO_BP:chaperone-mediated protein folding	GO:0061077	obsolete chaperone-mediated protein folding	biological_process	TRUE	FALSE	obsolete_by_ontology	2
GO:0061085	GO_BP:obsolete regulation of histone H3-K27 methylation	GO:0061085	obsolete regulation of histone H3-K27 methylation	biological_process	TRUE	TRUE	obsolete_by_ontology	1
GO:0061087	GO_BP:obsolete positive regulation of histone H3-K27 methylation	GO:0061087	obsolete positive regulation of histone H3-K27 methylation	biological_process	TRUE	TRUE	obsolete_by_ontology	1
GO:0061134	GO_MF:peptidase regulator activity	GO:0061134	peptidase regulator activity	molecular_function	FALSE	FALSE	live_primary_id	3
GO:0061135	GO_MF:endopeptidase regulator activity	GO:0061135	endopeptidase regulator activity	molecular_function	FALSE	FALSE	live_primary_id	2
GO:0061136	GO_BP:regulation of proteasomal protein catabolic process	GO:0061136	regulation of proteasomal protein catabolic process	biological_process	FALSE	FALSE	live_primary_id	2
GO:0061157	GO_BP:mRNA destabilization	GO:0061157	mRNA destabilization	biological_process	FALSE	FALSE	live_primary_id	1
GO:0061158	GO_BP:3-UTR-mediated mRNA destabilization	GO:0061158	3'-UTR-mediated mRNA destabilization	biological_process	FALSE	FALSE	live_primary_id	1
GO:0061371	GO_BP:determination of heart left/right asymmetry	GO:0061371	determination of heart left/right asymmetry	biological_process	FALSE	FALSE	live_primary_id	2
GO:0061458	GO_BP:reproductive system development	GO:0061458	reproductive system development	biological_process	FALSE	FALSE	live_primary_id	54
GO:0061564	GO_BP:axon development	GO:0061564	axon development	biological_process	FALSE	FALSE	live_primary_id	1
GO:0061572	GO_BP:actin filament bundle organization	GO:0061572	actin filament bundle organization	biological_process	FALSE	FALSE	live_primary_id	1
GO:0061624	GO_BP:fructose catabolic process to hydroxyacetone phosphate and glyceraldehyde-3-phosphate	GO:0061624	obsolete fructose catabolic process to hydroxyacetone phosphate and glyceraldehyde-3-phosphate	biological_process	TRUE	FALSE	obsolete_by_ontology	1
GO:0061630	GO_MF:ubiquitin protein ligase activity	GO:0061630	ubiquitin protein ligase activity	molecular_function	FALSE	FALSE	live_primary_id	4
GO:0061635	GO_BP:regulation of protein complex stability	GO:0061635	regulation of protein complex stability	biological_process	FALSE	FALSE	live_primary_id	1
GO:0061640	GO_BP:cytoskeleton-dependent cytokinesis	GO:0061640	cytoskeleton-dependent cytokinesis	biological_process	FALSE	FALSE	live_primary_id	7
GO:0061649	GO_MF:ubiquitin-modified histone reader activity	GO:0061649	ubiquitin-modified histone reader activity	molecular_function	FALSE	FALSE	live_primary_id	1
GO:0061659	GO_MF:ubiquitin-like protein ligase activity	GO:0061659	ubiquitin-like protein ligase activity	molecular_function	FALSE	FALSE	live_primary_id	4
GO:0061687	GO_BP:detoxification of inorganic compound	GO:0061687	detoxification of inorganic compound	biological_process	FALSE	FALSE	live_primary_id	1
GO:0061695	GO_CC:transferase complex, transferring phosphorus-containing groups	GO:0061695	transferase complex, transferring phosphorus-containing groups	cellular_component	FALSE	FALSE	live_primary_id	2
GO:0061919	GO_BP:process utilizing autophagic mechanism	GO:0061919	process utilizing autophagic mechanism	biological_process	FALSE	FALSE	live_primary_id	3
GO:0062012	GO_BP:regulation of small molecule metabolic process	GO:0062012	regulation of small molecule metabolic process	biological_process	FALSE	FALSE	live_primary_id	6
GO:0062013	GO_BP:positive regulation of small molecule metabolic process	GO:0062013	positive regulation of small molecule metabolic process	biological_process	FALSE	FALSE	live_primary_id	2
GO:0062014	GO_BP:negative regulation of small molecule metabolic process	GO:0062014	negative regulation of small molecule metabolic process	biological_process	FALSE	FALSE	live_primary_id	1
GO:0065001	GO_BP:specification of axis polarity	GO:0065001	specification of axis polarity	biological_process	FALSE	FALSE	live_primary_id	3
GO:0065002	GO_BP:intracellular protein transmembrane transport	GO:0065002	intracellular protein transmembrane transport	biological_process	FALSE	FALSE	live_primary_id	2
GO:0065003	GO_BP:protein-containing complex assembly	GO:0065003	protein-containing complex assembly	biological_process	FALSE	FALSE	live_primary_id	12
GO:0065007	GO_BP:biological regulation	GO:0065007	biological regulation	biological_process	FALSE	FALSE	live_primary_id	233
GO:0065008	GO_BP:regulation of biological quality	GO:0065008	regulation of biological quality	biological_process	FALSE	FALSE	live_primary_id	68
GO:0065009	GO_BP:regulation of molecular function	GO:0065009	regulation of molecular function	biological_process	FALSE	FALSE	live_primary_id	24
GO:0070001	GO_MF:aspartic-type peptidase activity	GO:0070001	aspartic-type peptidase activity	molecular_function	FALSE	FALSE	live_primary_id	3
GO:0070008	GO_MF:serine-type exopeptidase activity	GO:0070008	serine-type exopeptidase activity	molecular_function	FALSE	FALSE	live_primary_id	1
GO:0070013	GO_CC:intracellular organelle lumen	GO:0070013	intracellular organelle lumen	cellular_component	FALSE	FALSE	live_primary_id	22
GO:0070034	GO_MF:telomerase RNA binding	GO:0070034	telomerase RNA binding	molecular_function	FALSE	FALSE	live_primary_id	1
GO:0070042	GO_MF:rRNA (uridine-N3-)-methyltransferase activity	GO:0070042	rRNA (uridine-N3-)-methyltransferase activity	molecular_function	FALSE	FALSE	live_primary_id	1
GO:0070085	GO_BP:glycosylation	GO:0070085	obsolete glycosylation	biological_process	TRUE	FALSE	obsolete_by_ontology	3
GO:0070141	GO_BP:response to UV-A	GO:0070141	response to UV-A	biological_process	FALSE	FALSE	live_primary_id	1
GO:0070161	GO_CC:anchoring junction	GO:0070161	anchoring junction	cellular_component	FALSE	FALSE	live_primary_id	1
GO:0070201	GO_BP:regulation of establishment of protein localization	GO:0070201	regulation of establishment of protein localization	biological_process	FALSE	FALSE	live_primary_id	1
GO:0070206	GO_BP:protein trimerization	GO:0070206	protein trimerization	biological_process	FALSE	FALSE	live_primary_id	1
GO:0070208	GO_BP:protein heterotrimerization	GO:0070208	protein heterotrimerization	biological_process	FALSE	FALSE	live_primary_id	1
GO:0070279	GO_MF:vitamin B6 binding	GO:0070279	vitamin B6 binding	molecular_function	FALSE	FALSE	live_primary_id	2
GO:0070324	GO_MF:thyroid hormone binding	GO:0070324	thyroid hormone binding	molecular_function	FALSE	FALSE	live_primary_id	1
GO:0070370	GO_BP:cellular heat acclimation	GO:0070370	cellular heat acclimation	biological_process	FALSE	FALSE	live_primary_id	1
GO:0070384	GO_BP:Harderian gland development	GO:0070384	Harderian gland development	biological_process	FALSE	FALSE	live_primary_id	1
GO:0070401	GO_MF:NADP+ binding	GO:0070401	NADP+ binding	molecular_function	FALSE	FALSE	live_primary_id	1
GO:0070403	GO_MF:NAD+ binding	GO:0070403	NAD+ binding	molecular_function	FALSE	FALSE	live_primary_id	1
GO:0070404	GO_MF:NADH binding	GO:0070404	NADH binding	molecular_function	FALSE	FALSE	live_primary_id	1
GO:0070405	GO_MF:ammonium ion binding	GO:0070405	ammonium ion binding	molecular_function	FALSE	FALSE	live_primary_id	2
GO:0070413	GO_BP:trehalose metabolism in response to stress	GO:0070413	obsolete trehalose metabolism in response to stress	biological_process	TRUE	FALSE	obsolete_by_ontology	1
GO:0070417	GO_BP:cellular response to cold	GO:0070417	cellular response to cold	biological_process	FALSE	FALSE	live_primary_id	2
GO:0070475	GO_BP:rRNA base methylation	GO:0070475	rRNA base methylation	biological_process	FALSE	FALSE	live_primary_id	1
GO:0070482	GO_BP:response to oxygen levels	GO:0070482	response to oxygen levels	biological_process	FALSE	FALSE	live_primary_id	6
GO:0070484	GO_BP:dehydro-D-arabinono-1,4-lactone metabolic process	GO:0070484	obsolete dehydro-D-arabinono-1,4-lactone metabolic process	biological_process	TRUE	FALSE	obsolete_by_ontology	1
GO:0070485	GO_BP:dehydro-D-arabinono-1,4-lactone biosynthetic process	GO:0070485	dehydro-D-arabinono-1,4-lactone biosynthetic process	biological_process	FALSE	FALSE	live_primary_id	1
GO:0070492	GO_MF:oligosaccharide binding	GO:0070492	oligosaccharide binding	molecular_function	FALSE	FALSE	live_primary_id	1
GO:0070509	GO_BP:calcium ion import	GO:0070509	calcium ion import	biological_process	FALSE	FALSE	live_primary_id	1
GO:0070529	GO_MF:L-tryptophan aminotransferase activity	GO:0070529	obsolete L-tryptophan transaminase activity	molecular_function	TRUE	FALSE	obsolete_by_ontology	1
GO:0070542	GO_BP:response to fatty acid	GO:0070542	response to fatty acid	biological_process	FALSE	FALSE	live_primary_id	1
GO:0070546	GO_MF:L-phenylalanine aminotransferase activity	GO:0070546	obsolete L-phenylalanine transaminase activity	molecular_function	TRUE	FALSE	obsolete_by_ontology	1
GO:0070547	GO_MF:L-tyrosine aminotransferase activity	GO:0070547	obsolete L-tyrosine aminotransferase activity	molecular_function	TRUE	FALSE	obsolete_by_ontology	2
GO:0070548	GO_MF:L-glutamine aminotransferase activity	GO:0070548	obsolete L-glutamine transaminase activity	molecular_function	TRUE	FALSE	obsolete_by_ontology	1
GO:0070566	GO_MF:adenylyltransferase activity	GO:0070566	adenylyltransferase activity	molecular_function	FALSE	FALSE	live_primary_id	1
GO:0070568	GO_MF:guanylyltransferase activity	GO:0070568	guanylyltransferase activity	molecular_function	FALSE	FALSE	live_primary_id	2
GO:0070569	GO_MF:uridylyltransferase activity	GO:0070569	uridylyltransferase activity	molecular_function	FALSE	FALSE	live_primary_id	1
GO:0070574	GO_BP:cadmium ion transmembrane transport	GO:0070574	cadmium ion transmembrane transport	biological_process	FALSE	FALSE	live_primary_id	1
GO:0070585	GO_BP:protein localization to mitochondrion	GO:0070585	protein localization to mitochondrion	biological_process	FALSE	FALSE	live_primary_id	1
GO:0070588	GO_BP:calcium ion transmembrane transport	GO:0070588	calcium ion transmembrane transport	biological_process	FALSE	FALSE	live_primary_id	5
GO:0070589	GO_BP:obsolete cellular component macromolecule biosynthetic process	GO:0070589	obsolete cellular component macromolecule biosynthetic process	biological_process	TRUE	TRUE	obsolete_by_ontology	3
GO:0070592	GO_BP:cell wall polysaccharide biosynthetic process	GO:0070592	cell wall polysaccharide biosynthetic process	biological_process	FALSE	FALSE	live_primary_id	3
GO:0070646	GO_BP:protein modification by small protein removal	GO:0070646	protein modification by small protein removal	biological_process	FALSE	FALSE	live_primary_id	1
GO:0070647	GO_BP:protein modification by small protein conjugation or removal	GO:0070647	protein modification by small protein conjugation or removal	biological_process	FALSE	FALSE	live_primary_id	9
GO:0070696	GO_MF:transmembrane receptor protein serine/threonine kinase binding	GO:0070696	transmembrane receptor protein serine/threonine kinase binding	molecular_function	FALSE	FALSE	live_primary_id	2
GO:0070727	GO_BP:cellular macromolecule localization	GO:0070727	obsolete cellular macromolecule localization	biological_process	TRUE	FALSE	obsolete_by_ontology	10
GO:0070887	GO_BP:cellular response to chemical stimulus	GO:0070887	cellular response to chemical stimulus	biological_process	FALSE	FALSE	live_primary_id	82
GO:0070918	GO_BP:regulatory ncRNA processing	GO:0070918	regulatory ncRNA processing	biological_process	FALSE	FALSE	live_primary_id	2
GO:0070925	GO_BP:organelle assembly	GO:0070925	organelle assembly	biological_process	FALSE	FALSE	live_primary_id	2
GO:0070972	GO_BP:protein localization to endoplasmic reticulum	GO:0070972	protein localization to endoplasmic reticulum	biological_process	FALSE	FALSE	live_primary_id	2
GO:0070988	GO_BP:demethylation	GO:0070988	demethylation	biological_process	FALSE	FALSE	live_primary_id	1
GO:0071076	GO_BP:RNA 3 uridylation	GO:0071076	obsolete RNA 3' uridylation	biological_process	TRUE	FALSE	obsolete_by_ontology	1
GO:0071103	GO_BP:DNA conformation change	GO:0071103	DNA conformation change	biological_process	FALSE	FALSE	live_primary_id	1
GO:0071214	GO_BP:cellular response to abiotic stimulus	GO:0071214	cellular response to abiotic stimulus	biological_process	FALSE	FALSE	live_primary_id	12
GO:0071215	GO_BP:cellular response to abscisic acid stimulus	GO:0071215	cellular response to abscisic acid stimulus	biological_process	FALSE	FALSE	live_primary_id	10
GO:0071218	GO_BP:cellular response to misfolded protein	GO:0071218	cellular response to misfolded protein	biological_process	FALSE	FALSE	live_primary_id	2
GO:0071229	GO_BP:cellular response to acid chemical	GO:0071229	cellular response to acid chemical	biological_process	FALSE	FALSE	live_primary_id	33
GO:0071230	GO_BP:cellular response to amino acid stimulus	GO:0071230	cellular response to amino acid stimulus	biological_process	FALSE	FALSE	live_primary_id	2
GO:0071236	GO_BP:cellular response to antibiotic	GO:0071236	cellular response to antibiotic	biological_process	FALSE	FALSE	live_primary_id	1
GO:0071241	GO_BP:cellular response to inorganic substance	GO:0071241	obsolete cellular response to inorganic substance	biological_process	TRUE	FALSE	obsolete_by_ontology	9
GO:0071248	GO_BP:cellular response to metal ion	GO:0071248	cellular response to metal ion	biological_process	FALSE	FALSE	live_primary_id	8
GO:0071249	GO_BP:cellular response to nitrate	GO:0071249	cellular response to nitrate	biological_process	FALSE	FALSE	live_primary_id	1
GO:0071281	GO_BP:cellular response to iron ion	GO:0071281	cellular response to iron ion	biological_process	FALSE	FALSE	live_primary_id	6
GO:0071289	GO_BP:cellular response to nickel ion	GO:0071289	cellular response to nickel ion	biological_process	FALSE	FALSE	live_primary_id	1
GO:0071300	GO_BP:cellular response to retinoic acid	GO:0071300	cellular response to retinoic acid	biological_process	FALSE	FALSE	live_primary_id	1
GO:0071310	GO_BP:cellular response to organic substance	GO:0071310	obsolete cellular response to organic substance	biological_process	TRUE	FALSE	obsolete_by_ontology	48
GO:0071322	GO_BP:cellular response to carbohydrate stimulus	GO:0071322	cellular response to carbohydrate stimulus	biological_process	FALSE	FALSE	live_primary_id	7
GO:0071324	GO_BP:cellular response to disaccharide stimulus	GO:0071324	cellular response to disaccharide stimulus	biological_process	FALSE	FALSE	live_primary_id	4
GO:0071326	GO_BP:cellular response to monosaccharide stimulus	GO:0071326	cellular response to monosaccharide stimulus	biological_process	FALSE	FALSE	live_primary_id	1
GO:0071329	GO_BP:cellular response to sucrose stimulus	GO:0071329	cellular response to sucrose stimulus	biological_process	FALSE	FALSE	live_primary_id	4
GO:0071331	GO_BP:cellular response to hexose stimulus	GO:0071331	cellular response to hexose stimulus	biological_process	FALSE	FALSE	live_primary_id	1
GO:0071333	GO_BP:cellular response to glucose stimulus	GO:0071333	cellular response to glucose stimulus	biological_process	FALSE	FALSE	live_primary_id	1
GO:0071359	GO_BP:cellular response to dsRNA	GO:0071359	cellular response to dsRNA	biological_process	FALSE	FALSE	live_primary_id	2
GO:0071365	GO_BP:cellular response to auxin stimulus	GO:0071365	cellular response to auxin stimulus	biological_process	FALSE	FALSE	live_primary_id	7
GO:0071367	GO_BP:cellular response to brassinosteroid stimulus	GO:0071367	cellular response to brassinosteroid stimulus	biological_process	FALSE	FALSE	live_primary_id	2
GO:0071368	GO_BP:cellular response to cytokinin stimulus	GO:0071368	cellular response to cytokinin stimulus	biological_process	FALSE	FALSE	live_primary_id	4
GO:0071369	GO_BP:cellular response to ethylene stimulus	GO:0071369	cellular response to ethylene stimulus	biological_process	FALSE	FALSE	live_primary_id	6
GO:0071370	GO_BP:cellular response to gibberellin stimulus	GO:0071370	cellular response to gibberellin stimulus	biological_process	FALSE	FALSE	live_primary_id	5
GO:0071383	GO_BP:cellular response to steroid hormone stimulus	GO:0071383	cellular response to steroid hormone stimulus	biological_process	FALSE	FALSE	live_primary_id	2
GO:0071395	GO_BP:cellular response to jasmonic acid stimulus	GO:0071395	cellular response to jasmonic acid stimulus	biological_process	FALSE	FALSE	live_primary_id	8
GO:0071396	GO_BP:cellular response to lipid	GO:0071396	cellular response to lipid	biological_process	FALSE	FALSE	live_primary_id	18
GO:0071398	GO_BP:cellular response to fatty acid	GO:0071398	cellular response to fatty acid	biological_process	FALSE	FALSE	live_primary_id	1
GO:0071407	GO_BP:cellular response to organic cyclic compound	GO:0071407	obsolete cellular response to organic cyclic compound	biological_process	TRUE	FALSE	obsolete_by_ontology	5
GO:0071417	GO_BP:cellular response to organonitrogen compound	GO:0071417	obsolete cellular response to organonitrogen compound	biological_process	TRUE	FALSE	obsolete_by_ontology	2
GO:0071421	GO_BP:manganese ion transmembrane transport	GO:0071421	manganese ion transmembrane transport	biological_process	FALSE	FALSE	live_primary_id	2
GO:0071423	GO_BP:malate transmembrane transport	GO:0071423	malate transmembrane transport	biological_process	FALSE	FALSE	live_primary_id	1
GO:0071446	GO_BP:cellular response to salicylic acid stimulus	GO:0071446	cellular response to salicylic acid stimulus	biological_process	FALSE	FALSE	live_primary_id	1
GO:0071450	GO_BP:cellular response to oxygen radical	GO:0071450	cellular response to oxygen radical	biological_process	FALSE	FALSE	live_primary_id	4
GO:0071451	GO_BP:cellular response to superoxide	GO:0071451	cellular response to superoxide	biological_process	FALSE	FALSE	live_primary_id	4
GO:0071453	GO_BP:cellular response to oxygen levels	GO:0071453	cellular response to oxygen levels	biological_process	FALSE	FALSE	live_primary_id	1
GO:0071456	GO_BP:cellular response to hypoxia	GO:0071456	cellular response to hypoxia	biological_process	FALSE	FALSE	live_primary_id	1
GO:0071462	GO_BP:cellular response to water stimulus	GO:0071462	cellular response to water stimulus	biological_process	FALSE	FALSE	live_primary_id	8
GO:0071466	GO_BP:cellular response to xenobiotic stimulus	GO:0071466	cellular response to xenobiotic stimulus	biological_process	FALSE	FALSE	live_primary_id	2
GO:0071470	GO_BP:cellular response to osmotic stress	GO:0071470	cellular response to osmotic stress	biological_process	FALSE	FALSE	live_primary_id	2
GO:0071472	GO_BP:cellular response to salt stress	GO:0071472	cellular response to salt stress	biological_process	FALSE	FALSE	live_primary_id	1
GO:0071478	GO_BP:cellular response to radiation	GO:0071478	cellular response to radiation	biological_process	FALSE	FALSE	live_primary_id	3
GO:0071482	GO_BP:cellular response to light stimulus	GO:0071482	cellular response to light stimulus	biological_process	FALSE	FALSE	live_primary_id	3
GO:0071483	GO_BP:cellular response to blue light	GO:0071483	cellular response to blue light	biological_process	FALSE	FALSE	live_primary_id	1
GO:0071484	GO_BP:cellular response to light intensity	GO:0071484	cellular response to light intensity	biological_process	FALSE	FALSE	live_primary_id	1
GO:0071486	GO_BP:cellular response to high light intensity	GO:0071486	cellular response to high light intensity	biological_process	FALSE	FALSE	live_primary_id	1
GO:0071492	GO_BP:cellular response to UV-A	GO:0071492	cellular response to UV-A	biological_process	FALSE	FALSE	live_primary_id	1
GO:0071495	GO_BP:cellular response to endogenous stimulus	GO:0071495	cellular response to endogenous stimulus	biological_process	FALSE	FALSE	live_primary_id	41
GO:0071496	GO_BP:cellular response to external stimulus	GO:0071496	cellular response to external stimulus	biological_process	FALSE	FALSE	live_primary_id	19
GO:0071497	GO_BP:cellular response to freezing	GO:0071497	cellular response to freezing	biological_process	FALSE	FALSE	live_primary_id	1
GO:0071554	GO_BP:cell wall organization or biogenesis	GO:0071554	cell wall organization or biogenesis	biological_process	FALSE	FALSE	live_primary_id	34
GO:0071555	GO_BP:cell wall organization	GO:0071555	cell wall organization	biological_process	FALSE	FALSE	live_primary_id	17
GO:0071577	GO_BP:zinc ion transmembrane transport	GO:0071577	zinc ion transmembrane transport	biological_process	FALSE	FALSE	live_primary_id	1
GO:0071585	GO_BP:detoxification of cadmium ion	GO:0071585	detoxification of cadmium ion	biological_process	FALSE	FALSE	live_primary_id	1
GO:0071614	GO_MF:linoleic acid epoxygenase activity	GO:0071614	linoleic acid epoxygenase activity	molecular_function	FALSE	FALSE	live_primary_id	1
GO:0071629	GO_BP:cytoplasm protein quality control by the ubiquitin-proteasome system	GO:0071629	cytoplasm protein quality control by the ubiquitin-proteasome system	biological_process	FALSE	FALSE	live_primary_id	1
GO:0071669	GO_BP:plant-type cell wall organization or biogenesis	GO:0071669	plant-type cell wall organization or biogenesis	biological_process	FALSE	FALSE	live_primary_id	18
GO:0071695	GO_BP:anatomical structure maturation	GO:0071695	anatomical structure maturation	biological_process	FALSE	FALSE	live_primary_id	13
GO:0071702	GO_BP:organic substance transport	GO:0071702	obsolete organic substance transport	biological_process	TRUE	FALSE	obsolete_by_ontology	43
GO:0071704	GO_BP:organic substance metabolic process	GO:0071704	obsolete organic substance metabolic process	biological_process	TRUE	FALSE	obsolete_by_ontology	237
GO:0071705	GO_BP:nitrogen compound transport	GO:0071705	nitrogen compound transport	biological_process	FALSE	FALSE	live_primary_id	27
GO:0071712	GO_BP:obsolete ER-associated misfolded protein catabolic process	GO:0071712	obsolete ER-associated misfolded protein catabolic process	biological_process	TRUE	TRUE	obsolete_by_ontology	1
GO:0071731	GO_BP:response to nitric oxide	GO:0071731	response to nitric oxide	biological_process	FALSE	FALSE	live_primary_id	2
GO:0071732	GO_BP:cellular response to nitric oxide	GO:0071732	cellular response to nitric oxide	biological_process	FALSE	FALSE	live_primary_id	2
GO:0071805	GO_BP:potassium ion transmembrane transport	GO:0071805	potassium ion transmembrane transport	biological_process	FALSE	FALSE	live_primary_id	6
GO:0071806	GO_BP:protein transmembrane transport	GO:0071806	protein transmembrane transport	biological_process	FALSE	FALSE	live_primary_id	3
GO:0071824	GO_BP:protein-DNA complex organization	GO:0071824	protein-DNA complex organization	biological_process	FALSE	FALSE	live_primary_id	1
GO:0071826	GO_BP:protein-RNA complex organization	GO:0071826	protein-RNA complex organization	biological_process	FALSE	FALSE	live_primary_id	1
GO:0071840	GO_BP:cellular component organization or biogenesis	GO:0071840	cellular component organization or biogenesis	biological_process	FALSE	FALSE	live_primary_id	78
GO:0071897	GO_BP:DNA biosynthetic process	GO:0071897	DNA biosynthetic process	biological_process	FALSE	FALSE	live_primary_id	1
GO:0071917	GO_MF:triose-phosphate transmembrane transporter activity	GO:0071917	triose-phosphate transmembrane transporter activity	molecular_function	FALSE	FALSE	live_primary_id	2
GO:0071918	GO_BP:urea transmembrane transport	GO:0071918	urea transmembrane transport	biological_process	FALSE	FALSE	live_primary_id	1
GO:0071922	GO_BP:regulation of cohesin loading	GO:0071922	obsolete regulation of cohesin loading	biological_process	TRUE	FALSE	obsolete_by_ontology	1
GO:0071923	GO_BP:negative regulation of cohesin loading	GO:0071923	obsolete negative regulation of cohesin loading	biological_process	TRUE	FALSE	obsolete_by_ontology	1
GO:0071944	GO_CC:cell periphery	GO:0071944	cell periphery	cellular_component	FALSE	FALSE	live_primary_id	188
GO:0072001	GO_BP:renal system development	GO:0072001	renal system development	biological_process	FALSE	FALSE	live_primary_id	1
GO:0072189	GO_BP:ureter development	GO:0072189	ureter development	biological_process	FALSE	FALSE	live_primary_id	1
GO:0072329	GO_BP:monocarboxylic acid catabolic process	GO:0072329	monocarboxylic acid catabolic process	biological_process	FALSE	FALSE	live_primary_id	3
GO:0072330	GO_BP:monocarboxylic acid biosynthetic process	GO:0072330	monocarboxylic acid biosynthetic process	biological_process	FALSE	FALSE	live_primary_id	19
GO:0072341	GO_MF:modified amino acid binding	GO:0072341	modified amino acid binding	molecular_function	FALSE	FALSE	live_primary_id	7
GO:0072348	GO_BP:sulfur compound transport	GO:0072348	sulfur compound transport	biological_process	FALSE	FALSE	live_primary_id	4
GO:0072350	GO_BP:tricarboxylic acid metabolic process	GO:0072350	tricarboxylic acid metabolic process	biological_process	FALSE	FALSE	live_primary_id	1
GO:0072359	GO_BP:circulatory system development	GO:0072359	circulatory system development	biological_process	FALSE	FALSE	live_primary_id	2
GO:0072488	GO_BP:ammonium transmembrane transport	GO:0072488	ammonium transmembrane transport	biological_process	FALSE	FALSE	live_primary_id	2
GO:0072490	GO_BP:toluene-containing compound metabolic process	GO:0072490	obsolete toluene-containing compound metabolic process	biological_process	TRUE	FALSE	obsolete_by_ontology	5
GO:0072491	GO_BP:toluene-containing compound catabolic process	GO:0072491	toluene-containing compound catabolic process	biological_process	FALSE	FALSE	live_primary_id	5
GO:0072503	GO_BP:obsolete cellular divalent inorganic cation homeostasis	GO:0072503	obsolete cellular divalent inorganic cation homeostasis	biological_process	TRUE	TRUE	obsolete_by_ontology	2
GO:0072505	GO_BP:obsolete divalent inorganic anion homeostasis	GO:0072505	obsolete divalent inorganic anion homeostasis	biological_process	TRUE	TRUE	obsolete_by_ontology	1
GO:0072506	GO_BP:obsolete trivalent inorganic anion homeostasis	GO:0072506	obsolete trivalent inorganic anion homeostasis	biological_process	TRUE	TRUE	obsolete_by_ontology	1
GO:0072507	GO_BP:obsolete divalent inorganic cation homeostasis	GO:0072507	obsolete divalent inorganic cation homeostasis	biological_process	TRUE	TRUE	obsolete_by_ontology	2
GO:0072521	GO_BP:purine-containing compound metabolic process	GO:0072521	purine-containing compound metabolic process	biological_process	FALSE	FALSE	live_primary_id	5
GO:0072522	GO_BP:purine-containing compound biosynthetic process	GO:0072522	purine-containing compound biosynthetic process	biological_process	FALSE	FALSE	live_primary_id	3
GO:0072523	GO_BP:purine-containing compound catabolic process	GO:0072523	purine-containing compound catabolic process	biological_process	FALSE	FALSE	live_primary_id	1
GO:0072524	GO_BP:pyridine-containing compound metabolic process	GO:0072524	pyridine-containing compound metabolic process	biological_process	FALSE	FALSE	live_primary_id	4
GO:0072525	GO_BP:pyridine-containing compound biosynthetic process	GO:0072525	pyridine-containing compound biosynthetic process	biological_process	FALSE	FALSE	live_primary_id	2
GO:0072527	GO_BP:pyrimidine-containing compound metabolic process	GO:0072527	pyrimidine-containing compound metabolic process	biological_process	FALSE	FALSE	live_primary_id	3
GO:0072528	GO_BP:pyrimidine-containing compound biosynthetic process	GO:0072528	pyrimidine-containing compound biosynthetic process	biological_process	FALSE	FALSE	live_primary_id	2
GO:0072529	GO_BP:pyrimidine-containing compound catabolic process	GO:0072529	pyrimidine-containing compound catabolic process	biological_process	FALSE	FALSE	live_primary_id	1
GO:0072530	GO_BP:purine-containing compound transmembrane transport	GO:0072530	purine-containing compound transmembrane transport	biological_process	FALSE	FALSE	live_primary_id	1
GO:0072531	GO_BP:pyrimidine-containing compound transmembrane transport	GO:0072531	pyrimidine-containing compound transmembrane transport	biological_process	FALSE	FALSE	live_primary_id	1
GO:0072585	GO_MF:xanthosine nucleotidase activity	GO:0072585	xanthosine nucleotidase activity	molecular_function	FALSE	FALSE	live_primary_id	1
GO:0072593	GO_BP:reactive oxygen species metabolic process	GO:0072593	reactive oxygen species metabolic process	biological_process	FALSE	FALSE	live_primary_id	10
GO:0072594	GO_BP:establishment of protein localization to organelle	GO:0072594	establishment of protein localization to organelle	biological_process	FALSE	FALSE	live_primary_id	5
GO:0072596	GO_BP:establishment of protein localization to chloroplast	GO:0072596	establishment of protein localization to chloroplast	biological_process	FALSE	FALSE	live_primary_id	2
GO:0072598	GO_BP:protein localization to chloroplast	GO:0072598	protein localization to chloroplast	biological_process	FALSE	FALSE	live_primary_id	2
GO:0072599	GO_BP:establishment of protein localization to endoplasmic reticulum	GO:0072599	establishment of protein localization to endoplasmic reticulum	biological_process	FALSE	FALSE	live_primary_id	2
GO:0072655	GO_BP:establishment of protein localization to mitochondrion	GO:0072655	obsolete establishment of protein localization to mitochondrion	biological_process	TRUE	FALSE	obsolete_by_ontology	1
GO:0072657	GO_BP:protein localization to membrane	GO:0072657	protein localization to membrane	biological_process	FALSE	FALSE	live_primary_id	2
GO:0072662	GO_BP:protein localization to peroxisome	GO:0072662	protein localization to peroxisome	biological_process	FALSE	FALSE	live_primary_id	1
GO:0072663	GO_BP:establishment of protein localization to peroxisome	GO:0072663	establishment of protein localization to peroxisome	biological_process	FALSE	FALSE	live_primary_id	1
GO:0072686	GO_CC:mitotic spindle	GO:0072686	mitotic spindle	cellular_component	FALSE	FALSE	live_primary_id	1
GO:0080001	GO_BP:mucilage extrusion from seed coat	GO:0080001	mucilage extrusion from seed coat	biological_process	FALSE	FALSE	live_primary_id	1
GO:0080003	GO_BP:thalianol metabolic process	GO:0080003	thalianol metabolic process	biological_process	FALSE	FALSE	live_primary_id	1
GO:0080004	GO_MF:thalian-diol desaturase activity	GO:0080004	thalian-diol desaturase activity	molecular_function	FALSE	FALSE	live_primary_id	1
GO:0080021	GO_BP:response to benzoic acid	GO:0080021	response to benzoic acid	biological_process	FALSE	FALSE	live_primary_id	1
GO:0080022	GO_BP:primary root development	GO:0080022	primary root development	biological_process	FALSE	FALSE	live_primary_id	1
GO:0080027	GO_BP:response to herbivore	GO:0080027	response to herbivore	biological_process	FALSE	FALSE	live_primary_id	1
GO:0080028	GO_BP:nitrile biosynthetic process	GO:0080028	nitrile biosynthetic process	biological_process	FALSE	FALSE	live_primary_id	1
GO:0080029	GO_BP:cellular response to boron-containing substance levels	GO:0080029	cellular response to boron-containing substance levels	biological_process	FALSE	FALSE	live_primary_id	1
GO:0080043	GO_MF:quercetin 3-O-glucosyltransferase activity	GO:0080043	quercetin 3-O-glucosyltransferase activity	molecular_function	FALSE	FALSE	live_primary_id	5
GO:0080044	GO_MF:quercetin 7-O-glucosyltransferase activity	GO:0080044	quercetin 7-O-glucosyltransferase activity	molecular_function	FALSE	FALSE	live_primary_id	5
GO:0080046	GO_MF:quercetin 4-O-glucosyltransferase activity	GO:0080046	quercetin 4'-O-glucosyltransferase activity	molecular_function	FALSE	FALSE	live_primary_id	1
GO:0080048	GO_MF:GDP-D-glucose phosphorylase activity	GO:0080048	GDP-D-glucose phosphorylase activity	molecular_function	FALSE	FALSE	live_primary_id	1
GO:0080054	GO_MF:low-affinity nitrate transmembrane transporter activity	GO:0080054	low-affinity nitrate transmembrane transporter activity	molecular_function	FALSE	FALSE	live_primary_id	1
GO:0080059	GO_MF:flavonol 3-O-arabinosyltransferase activity	GO:0080059	flavonol 3-O-arabinosyltransferase activity	molecular_function	FALSE	FALSE	live_primary_id	1
GO:0080060	GO_BP:integument development	GO:0080060	integument development	biological_process	FALSE	FALSE	live_primary_id	1
GO:0080061	GO_MF:indole-3-acetonitrile nitrilase activity	GO:0080061	indole-3-acetonitrile nitrilase activity	molecular_function	FALSE	FALSE	live_primary_id	1
GO:0080079	GO_MF:cellobiose glucosidase activity	GO:0080079	cellobiose glucosidase activity	molecular_function	FALSE	FALSE	live_primary_id	1
GO:0080083	GO_MF:beta-gentiobiose beta-glucosidase activity	GO:0080083	beta-gentiobiose beta-glucosidase activity	molecular_function	FALSE	FALSE	live_primary_id	1
GO:0080086	GO_BP:stamen filament development	GO:0080086	stamen filament development	biological_process	FALSE	FALSE	live_primary_id	2
GO:0080090	GO_BP:regulation of primary metabolic process	GO:0080090	regulation of primary metabolic process	biological_process	FALSE	FALSE	live_primary_id	91
GO:0080092	GO_BP:regulation of pollen tube growth	GO:0080092	regulation of pollen tube growth	biological_process	FALSE	FALSE	live_primary_id	2
GO:0080097	GO_MF:L-tryptophan:pyruvate aminotransferase activity	GO:0080097	L-tryptophan:pyruvate transaminase activity	molecular_function	FALSE	FALSE	live_primary_id	1
GO:0080098	GO_MF:L-tyrosine:pyruvate aminotransferase activity	GO:0080098	L-tyrosine:pyruvate transaminase activity	molecular_function	FALSE	FALSE	live_primary_id	1
GO:0080099	GO_MF:L-methionine:2-oxoglutarate aminotransferase activity	GO:0080099	L-methionine:2-oxoglutarate transaminase activity	molecular_function	FALSE	FALSE	live_primary_id	1
GO:0080100	GO_MF:L-glutamine:2-oxoglutarate aminotransferase activity	GO:0080100	obsolete L-glutamine:2-oxoglutarate aminotransferase activity	molecular_function	TRUE	FALSE	obsolete_by_ontology	1
GO:0080109	GO_MF:indole-3-acetonitrile nitrile hydratase activity	GO:0080109	indole-3-acetonitrile nitrile hydratase activity	molecular_function	FALSE	FALSE	live_primary_id	1
GO:0080130	GO_MF:L-phenylalanine:2-oxoglutarate aminotransferase activity	GO:0080130	L-phenylalanine:2-oxoglutarate transaminase activity	molecular_function	FALSE	FALSE	live_primary_id	1
GO:0080134	GO_BP:regulation of response to stress	GO:0080134	regulation of response to stress	biological_process	FALSE	FALSE	live_primary_id	19
GO:0080135	GO_BP:regulation of cellular response to stress	GO:0080135	regulation of cellular response to stress	biological_process	FALSE	FALSE	live_primary_id	1
GO:0080147	GO_BP:root hair cell development	GO:0080147	root hair cell development	biological_process	FALSE	FALSE	live_primary_id	2
GO:0080161	GO_MF:auxin transmembrane transporter activity	GO:0080161	auxin transmembrane transporter activity	molecular_function	FALSE	FALSE	live_primary_id	4
GO:0080163	GO_BP:regulation of protein serine/threonine phosphatase activity	GO:0080163	obsolete regulation of protein serine/threonine phosphatase activity	biological_process	TRUE	FALSE	obsolete_by_ontology	1
GO:0080167	GO_BP:response to karrikin	GO:0080167	response to karrikin	biological_process	FALSE	FALSE	live_primary_id	16
GO:0080170	GO_BP:hydrogen peroxide transmembrane transport	GO:0080170	hydrogen peroxide transmembrane transport	biological_process	FALSE	FALSE	live_primary_id	2
GO:0080176	GO_MF:xyloglucan 1,6-alpha-xylosidase activity	GO:0080176	xyloglucan 1,6-alpha-xylosidase activity	molecular_function	FALSE	FALSE	live_primary_id	1
GO:0080186	GO_BP:developmental vegetative growth	GO:0080186	developmental vegetative growth	biological_process	FALSE	FALSE	live_primary_id	1
GO:0080187	GO_BP:floral organ senescence	GO:0080187	floral organ senescence	biological_process	FALSE	FALSE	live_primary_id	1
GO:0089709	GO_BP:L-histidine transmembrane transport	GO:0089709	L-histidine transmembrane transport	biological_process	FALSE	FALSE	live_primary_id	1
GO:0089718	GO_BP:amino acid import across plasma membrane	GO:0089718	amino acid import across plasma membrane	biological_process	FALSE	FALSE	live_primary_id	1
GO:0090056	GO_BP:regulation of chlorophyll metabolic process	GO:0090056	regulation of chlorophyll metabolic process	biological_process	FALSE	FALSE	live_primary_id	3
GO:0090066	GO_BP:regulation of anatomical structure size	GO:0090066	regulation of anatomical structure size	biological_process	FALSE	FALSE	live_primary_id	5
GO:0090087	GO_BP:regulation of peptide transport	GO:0090087	regulation of peptide transport	biological_process	FALSE	FALSE	live_primary_id	1
GO:0090136	GO_BP:epithelial cell-cell adhesion	GO:0090136	epithelial cell-cell adhesion	biological_process	FALSE	FALSE	live_primary_id	1
GO:0090150	GO_BP:establishment of protein localization to membrane	GO:0090150	establishment of protein localization to membrane	biological_process	FALSE	FALSE	live_primary_id	2
GO:0090181	GO_BP:regulation of cholesterol metabolic process	GO:0090181	regulation of cholesterol metabolic process	biological_process	FALSE	FALSE	live_primary_id	1
GO:0090242	GO_BP:retinoic acid receptor signaling pathway involved in somitogenesis	GO:0090242	obsolete retinoic acid receptor signaling pathway involved in somitogenesis	biological_process	TRUE	FALSE	obsolete_by_ontology	1
GO:0090304	GO_BP:nucleic acid metabolic process	GO:0090304	nucleic acid metabolic process	biological_process	FALSE	FALSE	live_primary_id	21
GO:0090305	GO_BP:obsolete nucleic acid phosphodiester bond hydrolysis	GO:0090305	obsolete nucleic acid phosphodiester bond hydrolysis	biological_process	TRUE	TRUE	obsolete_by_ontology	4
GO:0090329	GO_BP:regulation of DNA-templated DNA replication	GO:0090329	regulation of DNA-templated DNA replication	biological_process	FALSE	FALSE	live_primary_id	1
GO:0090333	GO_BP:regulation of stomatal closure	GO:0090333	regulation of stomatal closure	biological_process	FALSE	FALSE	live_primary_id	2
GO:0090351	GO_BP:seedling development	GO:0090351	seedling development	biological_process	FALSE	FALSE	live_primary_id	8
GO:0090353	GO_MF:polygalacturonase inhibitor activity	GO:0090353	polygalacturonase inhibitor activity	molecular_function	FALSE	FALSE	live_primary_id	1
GO:0090354	GO_BP:regulation of auxin metabolic process	GO:0090354	regulation of auxin metabolic process	biological_process	FALSE	FALSE	live_primary_id	2
GO:0090355	GO_BP:positive regulation of auxin metabolic process	GO:0090355	positive regulation of auxin metabolic process	biological_process	FALSE	FALSE	live_primary_id	1
GO:0090356	GO_BP:negative regulation of auxin metabolic process	GO:0090356	negative regulation of auxin metabolic process	biological_process	FALSE	FALSE	live_primary_id	1
GO:0090357	GO_BP:regulation of tryptophan metabolic process	GO:0090357	obsolete regulation of L-tryptophan metabolic process	biological_process	TRUE	FALSE	obsolete_by_ontology	2
GO:0090358	GO_BP:positive regulation of tryptophan metabolic process	GO:0090358	obsolete positive regulation of L-tryptophan metabolic process	biological_process	TRUE	FALSE	obsolete_by_ontology	1
GO:0090376	GO_BP:seed trichome differentiation	GO:0090376	seed trichome differentiation	biological_process	FALSE	FALSE	live_primary_id	1
GO:0090378	GO_BP:seed trichome elongation	GO:0090378	seed trichome elongation	biological_process	FALSE	FALSE	live_primary_id	1
GO:0090398	GO_BP:cellular senescence	GO:0090398	cellular senescence	biological_process	FALSE	FALSE	live_primary_id	1
GO:0090400	GO_BP:stress-induced premature senescence	GO:0090400	stress-induced premature senescence	biological_process	FALSE	FALSE	live_primary_id	1
GO:0090406	GO_CC:pollen tube	GO:0090406	pollen tube	cellular_component	FALSE	FALSE	live_primary_id	2
GO:0090407	GO_BP:organophosphate biosynthetic process	GO:0090407	organophosphate biosynthetic process	biological_process	FALSE	FALSE	live_primary_id	5
GO:0090421	GO_BP:embryonic meristem initiation	GO:0090421	embryonic meristem initiation	biological_process	FALSE	FALSE	live_primary_id	1
GO:0090428	GO_BP:perianth development	GO:0090428	perianth development	biological_process	FALSE	FALSE	live_primary_id	1
GO:0090436	GO_BP:leaf pavement cell development	GO:0090436	leaf pavement cell development	biological_process	FALSE	FALSE	live_primary_id	1
GO:0090447	GO_MF:glycerol-3-phosphate 2-O-acyltransferase activity	GO:0090447	glycerol-3-phosphate 2-O-acyltransferase activity	molecular_function	FALSE	FALSE	live_primary_id	1
GO:0090501	GO_BP:obsolete RNA phosphodiester bond hydrolysis	GO:0090501	obsolete RNA phosphodiester bond hydrolysis	biological_process	TRUE	TRUE	obsolete_by_ontology	3
GO:0090502	GO_BP:obsolete RNA phosphodiester bond hydrolysis, endonucleolytic	GO:0090502	obsolete RNA phosphodiester bond hydrolysis, endonucleolytic	biological_process	TRUE	TRUE	obsolete_by_ontology	3
GO:0090558	GO_BP:plant epidermis development	GO:0090558	plant epidermis development	biological_process	FALSE	FALSE	live_primary_id	12
GO:0090567	GO_BP:reproductive shoot system development	GO:0090567	reproductive shoot system development	biological_process	FALSE	FALSE	live_primary_id	22
GO:0090596	GO_BP:sensory organ morphogenesis	GO:0090596	sensory organ morphogenesis	biological_process	FALSE	FALSE	live_primary_id	1
GO:0090603	GO_BP:sieve element differentiation	GO:0090603	sieve element differentiation	biological_process	FALSE	FALSE	live_primary_id	1
GO:0090626	GO_BP:plant epidermis morphogenesis	GO:0090626	plant epidermis morphogenesis	biological_process	FALSE	FALSE	live_primary_id	5
GO:0090627	GO_BP:plant epidermal cell differentiation	GO:0090627	plant epidermal cell differentiation	biological_process	FALSE	FALSE	live_primary_id	8
GO:0090691	GO_BP:formation of plant organ boundary	GO:0090691	formation of plant organ boundary	biological_process	FALSE	FALSE	live_primary_id	1
GO:0090693	GO_BP:plant organ senescence	GO:0090693	plant organ senescence	biological_process	FALSE	FALSE	live_primary_id	7
GO:0090696	GO_BP:post-embryonic plant organ development	GO:0090696	post-embryonic plant organ development	biological_process	FALSE	FALSE	live_primary_id	16
GO:0090697	GO_BP:post-embryonic plant organ morphogenesis	GO:0090697	post-embryonic plant organ morphogenesis	biological_process	FALSE	FALSE	live_primary_id	7
GO:0090698	GO_BP:post-embryonic plant morphogenesis	GO:0090698	post-embryonic plant morphogenesis	biological_process	FALSE	FALSE	live_primary_id	10
GO:0090701	GO_BP:specification of plant organ identity	GO:0090701	specification of plant organ identity	biological_process	FALSE	FALSE	live_primary_id	1
GO:0090706	GO_BP:specification of plant organ position	GO:0090706	specification of plant organ position	biological_process	FALSE	FALSE	live_primary_id	1
GO:0090707	GO_BP:establishment of plant organ orientation	GO:0090707	establishment of plant organ orientation	biological_process	FALSE	FALSE	live_primary_id	1
GO:0090734	GO_CC:site of DNA damage	GO:0090734	site of DNA damage	cellular_component	FALSE	FALSE	live_primary_id	1
GO:0097157	GO_MF:pre-mRNA intronic binding	GO:0097157	pre-mRNA intronic binding	molecular_function	FALSE	FALSE	live_primary_id	1
GO:0097159	GO_MF:organic cyclic compound binding	GO:0097159	obsolete organic cyclic compound binding	molecular_function	TRUE	FALSE	obsolete_by_ontology	87
GO:0097164	GO_BP:ammonium ion metabolic process	GO:0097164	obsolete ammonium ion metabolic process	biological_process	TRUE	FALSE	obsolete_by_ontology	2
GO:0097176	GO_BP:epoxide metabolic process	GO:0097176	epoxide metabolic process	biological_process	FALSE	FALSE	live_primary_id	1
GO:0097218	GO_CC:sieve plate	GO:0097218	sieve plate	cellular_component	FALSE	FALSE	live_primary_id	1
GO:0097237	GO_BP:cellular response to toxic substance	GO:0097237	cellular response to toxic substance	biological_process	FALSE	FALSE	live_primary_id	18
GO:0097305	GO_BP:response to alcohol	GO:0097305	response to alcohol	biological_process	FALSE	FALSE	live_primary_id	29
GO:0097306	GO_BP:cellular response to alcohol	GO:0097306	cellular response to alcohol	biological_process	FALSE	FALSE	live_primary_id	10
GO:0097366	GO_BP:response to bronchodilator	GO:0097366	response to bronchodilator	biological_process	FALSE	FALSE	live_primary_id	2
GO:0097367	GO_MF:carbohydrate derivative binding	GO:0097367	carbohydrate derivative binding	molecular_function	FALSE	FALSE	live_primary_id	5
GO:0097384	GO_BP:cellular lipid biosynthetic process	GO:0097384	obsolete cellular lipid biosynthetic process	biological_process	TRUE	FALSE	obsolete_by_ontology	1
GO:0097435	GO_BP:supramolecular fiber organization	GO:0097435	supramolecular fiber organization	biological_process	FALSE	FALSE	live_primary_id	5
GO:0097468	GO_BP:programmed cell death in response to reactive oxygen species	GO:0097468	programmed cell death in response to reactive oxygen species	biological_process	FALSE	FALSE	live_primary_id	2
GO:0097479	GO_BP:synaptic vesicle localization	GO:0097479	synaptic vesicle localization	biological_process	FALSE	FALSE	live_primary_id	1
GO:0097480	GO_BP:establishment of synaptic vesicle localization	GO:0097480	establishment of synaptic vesicle localization	biological_process	FALSE	FALSE	live_primary_id	1
GO:0097485	GO_BP:neuron projection guidance	GO:0097485	neuron projection guidance	biological_process	FALSE	FALSE	live_primary_id	1
GO:0097501	GO_BP:stress response to metal ion	GO:0097501	stress response to metal ion	biological_process	FALSE	FALSE	live_primary_id	2
GO:0097502	GO_BP:mannosylation	GO:0097502	obsolete mannosylation	biological_process	TRUE	FALSE	obsolete_by_ontology	1
GO:0097577	GO_BP:sequestering of iron ion	GO:0097577	obsolete sequestering of iron ion	biological_process	TRUE	FALSE	obsolete_by_ontology	3
GO:0097599	GO_MF:xylanase activity	GO:0097599	xylanase activity	molecular_function	FALSE	FALSE	live_primary_id	1
GO:0097659	GO_BP:obsolete nucleic acid-templated transcription	GO:0097659	obsolete nucleic acid-templated transcription	biological_process	TRUE	TRUE	obsolete_by_ontology	7
GO:0097708	GO_CC:intracellular vesicle	GO:0097708	intracellular vesicle	cellular_component	FALSE	FALSE	live_primary_id	17
GO:0097718	GO_MF:disordered domain specific binding	GO:0097718	disordered domain specific binding	molecular_function	FALSE	FALSE	live_primary_id	1
GO:0097746	GO_BP:blood vessel diameter maintenance	GO:0097746	blood vessel diameter maintenance	biological_process	FALSE	FALSE	live_primary_id	1
GO:0097755	GO_BP:obsolete positive regulation of blood vessel diameter	GO:0097755	obsolete positive regulation of blood vessel diameter	biological_process	TRUE	TRUE	obsolete_by_ontology	1
GO:0098542	GO_BP:defense response to other organism	GO:0098542	defense response to other organism	biological_process	FALSE	FALSE	live_primary_id	46
GO:0098543	GO_BP:detection of other organism	GO:0098543	detection of other organism	biological_process	FALSE	FALSE	live_primary_id	1
GO:0098552	GO_CC:side of membrane	GO:0098552	side of membrane	cellular_component	FALSE	FALSE	live_primary_id	3
GO:0098554	GO_CC:cytoplasmic side of endoplasmic reticulum membrane	GO:0098554	cytoplasmic side of endoplasmic reticulum membrane	cellular_component	FALSE	FALSE	live_primary_id	1
GO:0098556	GO_CC:cytoplasmic side of rough endoplasmic reticulum membrane	GO:0098556	cytoplasmic side of rough endoplasmic reticulum membrane	cellular_component	FALSE	FALSE	live_primary_id	1
GO:0098562	GO_CC:cytoplasmic side of membrane	GO:0098562	cytoplasmic side of membrane	cellular_component	FALSE	FALSE	live_primary_id	2
GO:0098573	GO_CC:obsolete intrinsic component of mitochondrial membrane	GO:0098573	obsolete intrinsic component of mitochondrial membrane	cellular_component	TRUE	TRUE	obsolete_by_ontology	1
GO:0098581	GO_BP:detection of external biotic stimulus	GO:0098581	detection of external biotic stimulus	biological_process	FALSE	FALSE	live_primary_id	1
GO:0098586	GO_BP:cellular response to virus	GO:0098586	cellular response to virus	biological_process	FALSE	FALSE	live_primary_id	1
GO:0098588	GO_CC:bounding membrane of organelle	GO:0098588	bounding membrane of organelle	cellular_component	FALSE	FALSE	live_primary_id	45
GO:0098599	GO_MF:palmitoyl hydrolase activity	GO:0098599	palmitoyl hydrolase activity	molecular_function	FALSE	FALSE	live_primary_id	1
GO:0098609	GO_BP:cell-cell adhesion	GO:0098609	cell-cell adhesion	biological_process	FALSE	FALSE	live_primary_id	1
GO:0098655	GO_BP:monoatomic cation transmembrane transport	GO:0098655	monoatomic cation transmembrane transport	biological_process	FALSE	FALSE	live_primary_id	29
GO:0098656	GO_BP:monoatomic anion transmembrane transport	GO:0098656	monoatomic anion transmembrane transport	biological_process	FALSE	FALSE	live_primary_id	29
GO:0098657	GO_BP:import into cell	GO:0098657	import into cell	biological_process	FALSE	FALSE	live_primary_id	2
GO:0098660	GO_BP:inorganic ion transmembrane transport	GO:0098660	obsolete inorganic ion transmembrane transport	biological_process	TRUE	FALSE	obsolete_by_ontology	29
GO:0098661	GO_BP:inorganic anion transmembrane transport	GO:0098661	obsolete inorganic anion transmembrane transport	biological_process	TRUE	FALSE	obsolete_by_ontology	6
GO:0098662	GO_BP:inorganic cation transmembrane transport	GO:0098662	obsolete inorganic cation transmembrane transport	biological_process	TRUE	FALSE	obsolete_by_ontology	23
GO:0098687	GO_CC:chromosomal region	GO:0098687	chromosomal region	cellular_component	FALSE	FALSE	live_primary_id	1
GO:0098702	GO_BP:adenine import across plasma membrane	GO:0098702	adenine import across plasma membrane	biological_process	FALSE	FALSE	live_primary_id	1
GO:0098710	GO_BP:guanine import across plasma membrane	GO:0098710	guanine import across plasma membrane	biological_process	FALSE	FALSE	live_primary_id	1
GO:0098712	GO_BP:L-glutamate import across plasma membrane	GO:0098712	L-glutamate import across plasma membrane	biological_process	FALSE	FALSE	live_primary_id	1
GO:0098721	GO_BP:uracil import across plasma membrane	GO:0098721	uracil import across plasma membrane	biological_process	FALSE	FALSE	live_primary_id	1
GO:0098727	GO_BP:maintenance of cell number	GO:0098727	maintenance of cell number	biological_process	FALSE	FALSE	live_primary_id	2
GO:0098732	GO_BP:macromolecule deacylation	GO:0098732	macromolecule deacylation	biological_process	FALSE	FALSE	live_primary_id	1
GO:0098734	GO_BP:macromolecule depalmitoylation	GO:0098734	macromolecule depalmitoylation	biological_process	FALSE	FALSE	live_primary_id	1
GO:0098739	GO_BP:import across plasma membrane	GO:0098739	import across plasma membrane	biological_process	FALSE	FALSE	live_primary_id	2
GO:0098754	GO_BP:detoxification	GO:0098754	detoxification	biological_process	FALSE	FALSE	live_primary_id	28
GO:0098771	GO_BP:inorganic ion homeostasis	GO:0098771	inorganic ion homeostasis	biological_process	FALSE	FALSE	live_primary_id	17
GO:0098772	GO_MF:molecular function regulator activity	GO:0098772	molecular function regulator activity	molecular_function	FALSE	FALSE	live_primary_id	18
GO:0098791	GO_CC:Golgi apparatus subcompartment	GO:0098791	Golgi apparatus subcompartment	cellular_component	FALSE	FALSE	live_primary_id	11
GO:0098796	GO_CC:membrane protein complex	GO:0098796	membrane protein complex	cellular_component	FALSE	FALSE	live_primary_id	7
GO:0098798	GO_CC:mitochondrial protein-containing complex	GO:0098798	mitochondrial protein-containing complex	cellular_component	FALSE	FALSE	live_primary_id	2
GO:0098800	GO_CC:inner mitochondrial membrane protein complex	GO:0098800	inner mitochondrial membrane protein complex	cellular_component	FALSE	FALSE	live_primary_id	1
GO:0098807	GO_CC:chloroplast thylakoid membrane protein complex	GO:0098807	chloroplast thylakoid membrane protein complex	cellular_component	FALSE	FALSE	live_primary_id	3
GO:0098809	GO_MF:nitrite reductase activity	GO:0098809	nitrite reductase activity	molecular_function	FALSE	FALSE	live_primary_id	1
GO:0098827	GO_CC:endoplasmic reticulum subcompartment	GO:0098827	endoplasmic reticulum subcompartment	cellular_component	FALSE	FALSE	live_primary_id	12
GO:0098847	GO_MF:sequence-specific single stranded DNA binding	GO:0098847	sequence-specific single stranded DNA binding	molecular_function	FALSE	FALSE	live_primary_id	1
GO:0098869	GO_BP:cellular oxidant detoxification	GO:0098869	cellular oxidant detoxification	biological_process	FALSE	FALSE	live_primary_id	18
GO:0098916	GO_BP:anterograde trans-synaptic signaling	GO:0098916	anterograde trans-synaptic signaling	biological_process	FALSE	FALSE	live_primary_id	1
GO:0099003	GO_BP:vesicle-mediated transport in synapse	GO:0099003	vesicle-mediated transport in synapse	biological_process	FALSE	FALSE	live_primary_id	1
GO:0099023	GO_CC:vesicle tethering complex	GO:0099023	vesicle tethering complex	cellular_component	FALSE	FALSE	live_primary_id	2
GO:0099080	GO_CC:supramolecular complex	GO:0099080	supramolecular complex	cellular_component	FALSE	FALSE	live_primary_id	3
GO:0099081	GO_CC:supramolecular polymer	GO:0099081	supramolecular polymer	cellular_component	FALSE	FALSE	live_primary_id	3
GO:0099094	GO_MF:ligand-gated monoatomic cation channel activity	GO:0099094	ligand-gated monoatomic cation channel activity	molecular_function	FALSE	FALSE	live_primary_id	1
GO:0099120	GO_BP:socially cooperative development	GO:0099120	socially cooperative development	biological_process	FALSE	FALSE	live_primary_id	2
GO:0099402	GO_BP:plant organ development	GO:0099402	plant organ development	biological_process	FALSE	FALSE	live_primary_id	52
GO:0099504	GO_BP:synaptic vesicle cycle	GO:0099504	synaptic vesicle cycle	biological_process	FALSE	FALSE	live_primary_id	1
GO:0099512	GO_CC:supramolecular fiber	GO:0099512	supramolecular fiber	cellular_component	FALSE	FALSE	live_primary_id	3
GO:0099513	GO_CC:polymeric cytoskeletal fiber	GO:0099513	polymeric cytoskeletal fiber	cellular_component	FALSE	FALSE	live_primary_id	3
GO:0099536	GO_BP:synaptic signaling	GO:0099536	synaptic signaling	biological_process	FALSE	FALSE	live_primary_id	1
GO:0099537	GO_BP:trans-synaptic signaling	GO:0099537	trans-synaptic signaling	biological_process	FALSE	FALSE	live_primary_id	1
GO:0099568	GO_CC:cytoplasmic region	GO:0099568	cytoplasmic region	cellular_component	FALSE	FALSE	live_primary_id	8
GO:0099643	GO_BP:signal release from synapse	GO:0099643	signal release from synapse	biological_process	FALSE	FALSE	live_primary_id	1
GO:0101005	GO_MF:deubiquitinase activity	GO:0101005	deubiquitinase activity	molecular_function	FALSE	FALSE	live_primary_id	1
GO:0104004	GO_BP:cellular response to environmental stimulus	GO:0104004	cellular response to environmental stimulus	biological_process	FALSE	FALSE	live_primary_id	12
GO:0106111	GO_BP:regulation of mitotic cohesin ssDNA (lagging strand) loading	GO:0106111	obsolete regulation of mitotic cohesin ssDNA (lagging strand) loading	biological_process	TRUE	FALSE	obsolete_by_ontology	1
GO:0106112	GO_BP:negative regulation of mitotic cohesin ssDNA (lagging strand) loading	GO:0106112	obsolete negative regulation of mitotic cohesin ssDNA (lagging strand) loading	biological_process	TRUE	FALSE	obsolete_by_ontology	1
GO:0110020	GO_BP:regulation of actomyosin structure organization	GO:0110020	regulation of actomyosin structure organization	biological_process	FALSE	FALSE	live_primary_id	1
GO:0110053	GO_BP:regulation of actin filament organization	GO:0110053	regulation of actin filament organization	biological_process	FALSE	FALSE	live_primary_id	2
GO:0120025	GO_CC:plasma membrane bounded cell projection	GO:0120025	plasma membrane bounded cell projection	cellular_component	FALSE	FALSE	live_primary_id	2
GO:0120036	GO_BP:plasma membrane bounded cell projection organization	GO:0120036	plasma membrane bounded cell projection organization	biological_process	FALSE	FALSE	live_primary_id	1
GO:0120039	GO_BP:plasma membrane bounded cell projection morphogenesis	GO:0120039	plasma membrane bounded cell projection morphogenesis	biological_process	FALSE	FALSE	live_primary_id	1
GO:0120091	GO_MF:jasmonic acid hydrolase	GO:0120091	jasmonic acid hydrolase activity	molecular_function	FALSE	FALSE	live_primary_id	1
GO:0140029	GO_BP:exocytic process	GO:0140029	exocytic process	biological_process	FALSE	FALSE	live_primary_id	1
GO:0140030	GO_MF:modification-dependent protein binding	GO:0140030	modification-dependent protein binding	molecular_function	FALSE	FALSE	live_primary_id	1
GO:0140035	GO_MF:ubiquitin-like protein reader activity	GO:0140035	ubiquitin-like protein reader activity	molecular_function	FALSE	FALSE	live_primary_id	1
GO:0140036	GO_MF:ubiquitin-modified protein reader activity	GO:0140036	ubiquitin-modified protein reader activity	molecular_function	FALSE	FALSE	live_primary_id	1
GO:0140056	GO_BP:organelle localization by membrane tethering	GO:0140056	organelle localization by membrane tethering	biological_process	FALSE	FALSE	live_primary_id	1
GO:0140096	GO_MF:catalytic activity, acting on a protein	GO:0140096	catalytic activity, acting on a protein	molecular_function	FALSE	FALSE	live_primary_id	69
GO:0140097	GO_MF:catalytic activity, acting on DNA	GO:0140097	catalytic activity, acting on DNA	molecular_function	FALSE	FALSE	live_primary_id	1
GO:0140098	GO_MF:catalytic activity, acting on RNA	GO:0140098	catalytic activity, acting on RNA	molecular_function	FALSE	FALSE	live_primary_id	6
GO:0140101	GO_MF:catalytic activity, acting on a tRNA	GO:0140101	catalytic activity, acting on a tRNA	molecular_function	FALSE	FALSE	live_primary_id	1
GO:0140102	GO_MF:catalytic activity, acting on a rRNA	GO:0140102	catalytic activity, acting on a rRNA	molecular_function	FALSE	FALSE	live_primary_id	1
GO:0140104	GO_MF:molecular carrier activity	GO:0140104	molecular carrier activity	molecular_function	FALSE	FALSE	live_primary_id	1
GO:0140110	GO_MF:transcription regulator activity	GO:0140110	transcription regulator activity	molecular_function	FALSE	FALSE	live_primary_id	66
GO:1900037	GO_BP:regulation of cellular response to hypoxia	GO:1900037	regulation of cellular response to hypoxia	biological_process	FALSE	FALSE	live_primary_id	1
GO:1900039	GO_BP:positive regulation of cellular response to hypoxia	GO:1900039	positive regulation of cellular response to hypoxia	biological_process	FALSE	FALSE	live_primary_id	1
GO:1900055	GO_BP:regulation of leaf senescence	GO:1900055	regulation of leaf senescence	biological_process	FALSE	FALSE	live_primary_id	5
GO:1900056	GO_BP:negative regulation of leaf senescence	GO:1900056	negative regulation of leaf senescence	biological_process	FALSE	FALSE	live_primary_id	1
GO:1900057	GO_BP:positive regulation of leaf senescence	GO:1900057	positive regulation of leaf senescence	biological_process	FALSE	FALSE	live_primary_id	4
GO:1900140	GO_BP:regulation of seedling development	GO:1900140	regulation of seedling development	biological_process	FALSE	FALSE	live_primary_id	5
GO:1900150	GO_BP:regulation of defense response to fungus	GO:1900150	regulation of defense response to fungus	biological_process	FALSE	FALSE	live_primary_id	1
GO:1900366	GO_BP:negative regulation of defense response to insect	GO:1900366	negative regulation of defense response to insect	biological_process	FALSE	FALSE	live_primary_id	1
GO:1900367	GO_BP:positive regulation of defense response to insect	GO:1900367	positive regulation of defense response to insect	biological_process	FALSE	FALSE	live_primary_id	1
GO:1900384	GO_BP:regulation of flavonol biosynthetic process	GO:1900384	regulation of flavonol biosynthetic process	biological_process	FALSE	FALSE	live_primary_id	2
GO:1900386	GO_BP:positive regulation of flavonol biosynthetic process	GO:1900386	positive regulation of flavonol biosynthetic process	biological_process	FALSE	FALSE	live_primary_id	1
GO:1900424	GO_BP:regulation of defense response to bacterium	GO:1900424	regulation of defense response to bacterium	biological_process	FALSE	FALSE	live_primary_id	2
GO:1900426	GO_BP:positive regulation of defense response to bacterium	GO:1900426	positive regulation of defense response to bacterium	biological_process	FALSE	FALSE	live_primary_id	1
GO:1900618	GO_BP:regulation of shoot system morphogenesis	GO:1900618	regulation of shoot system morphogenesis	biological_process	FALSE	FALSE	live_primary_id	2
GO:1900673	GO_BP:olefin metabolic process	GO:1900673	olefin metabolic process	biological_process	FALSE	FALSE	live_primary_id	1
GO:1900750	GO_MF:oligopeptide binding	GO:1900750	oligopeptide binding	molecular_function	FALSE	FALSE	live_primary_id	6
GO:1900908	GO_BP:regulation of olefin metabolic process	GO:1900908	obsolete regulation of olefin metabolic process	biological_process	TRUE	FALSE	obsolete_by_ontology	1
GO:1900909	GO_BP:negative regulation of olefin metabolic process	GO:1900909	obsolete negative regulation of olefin metabolic process	biological_process	TRUE	FALSE	obsolete_by_ontology	1
GO:1900911	GO_BP:regulation of olefin biosynthetic process	GO:1900911	regulation of olefin biosynthetic process	biological_process	FALSE	FALSE	live_primary_id	1
GO:1900912	GO_BP:negative regulation of olefin biosynthetic process	GO:1900912	negative regulation of olefin biosynthetic process	biological_process	FALSE	FALSE	live_primary_id	1
GO:1901000	GO_BP:regulation of response to salt stress	GO:1901000	regulation of response to salt stress	biological_process	FALSE	FALSE	live_primary_id	1
GO:1901002	GO_BP:positive regulation of response to salt stress	GO:1901002	positive regulation of response to salt stress	biological_process	FALSE	FALSE	live_primary_id	1
GO:1901038	GO_BP:cyanidin 3-O-glucoside metabolic process	GO:1901038	cyanidin 3-O-glucoside metabolic process	biological_process	FALSE	FALSE	live_primary_id	2
GO:1901135	GO_BP:carbohydrate derivative metabolic process	GO:1901135	carbohydrate derivative metabolic process	biological_process	FALSE	FALSE	live_primary_id	20
GO:1901136	GO_BP:carbohydrate derivative catabolic process	GO:1901136	carbohydrate derivative catabolic process	biological_process	FALSE	FALSE	live_primary_id	2
GO:1901137	GO_BP:carbohydrate derivative biosynthetic process	GO:1901137	carbohydrate derivative biosynthetic process	biological_process	FALSE	FALSE	live_primary_id	9
GO:1901184	GO_BP:regulation of ERBB signaling pathway	GO:1901184	regulation of ERBB signaling pathway	biological_process	FALSE	FALSE	live_primary_id	1
GO:1901214	GO_BP:obsolete regulation of neuron death	GO:1901214	obsolete regulation of neuron death	biological_process	TRUE	TRUE	obsolete_by_ontology	1
GO:1901215	GO_BP:obsolete negative regulation of neuron death	GO:1901215	obsolete negative regulation of neuron death	biological_process	TRUE	TRUE	obsolete_by_ontology	1
GO:1901264	GO_BP:carbohydrate derivative transport	GO:1901264	carbohydrate derivative transport	biological_process	FALSE	FALSE	live_primary_id	3
GO:1901265	GO_MF:nucleoside phosphate binding	GO:1901265	nucleoside phosphate binding	molecular_function	FALSE	FALSE	live_primary_id	9
GO:1901269	GO_BP:lipooligosaccharide metabolic process	GO:1901269	lipooligosaccharide metabolic process	biological_process	FALSE	FALSE	live_primary_id	1
GO:1901271	GO_BP:lipooligosaccharide biosynthetic process	GO:1901271	lipooligosaccharide biosynthetic process	biological_process	FALSE	FALSE	live_primary_id	1
GO:1901292	GO_BP:nucleoside phosphate catabolic process	GO:1901292	nucleoside phosphate catabolic process	biological_process	FALSE	FALSE	live_primary_id	2
GO:1901293	GO_BP:nucleoside phosphate biosynthetic process	GO:1901293	nucleoside phosphate biosynthetic process	biological_process	FALSE	FALSE	live_primary_id	2
GO:1901333	GO_BP:positive regulation of lateral root development	GO:1901333	positive regulation of lateral root development	biological_process	FALSE	FALSE	live_primary_id	1
GO:1901334	GO_BP:lactone metabolic process	GO:1901334	lactone metabolic process	biological_process	FALSE	FALSE	live_primary_id	1
GO:1901336	GO_BP:lactone biosynthetic process	GO:1901336	lactone biosynthetic process	biological_process	FALSE	FALSE	live_primary_id	1
GO:1901360	GO_BP:organic cyclic compound metabolic process	GO:1901360	obsolete organic cyclic compound metabolic process	biological_process	TRUE	FALSE	obsolete_by_ontology	71
GO:1901361	GO_BP:organic cyclic compound catabolic process	GO:1901361	obsolete organic cyclic compound catabolic process	biological_process	TRUE	FALSE	obsolete_by_ontology	15
GO:1901362	GO_BP:organic cyclic compound biosynthetic process	GO:1901362	obsolete organic cyclic compound biosynthetic process	biological_process	TRUE	FALSE	obsolete_by_ontology	43
GO:1901363	GO_MF:heterocyclic compound binding	GO:1901363	heterocyclic compound binding	molecular_function	FALSE	FALSE	live_primary_id	87
GO:1901401	GO_BP:regulation of tetrapyrrole metabolic process	GO:1901401	regulation of tetrapyrrole metabolic process	biological_process	FALSE	FALSE	live_primary_id	4
GO:1901403	GO_BP:positive regulation of tetrapyrrole metabolic process	GO:1901403	obsolete positive regulation of tetrapyrrole metabolic process	biological_process	TRUE	FALSE	obsolete_by_ontology	2
GO:1901404	GO_BP:regulation of tetrapyrrole catabolic process	GO:1901404	regulation of tetrapyrrole catabolic process	biological_process	FALSE	FALSE	live_primary_id	1
GO:1901406	GO_BP:positive regulation of tetrapyrrole catabolic process	GO:1901406	positive regulation of tetrapyrrole catabolic process	biological_process	FALSE	FALSE	live_primary_id	1
GO:1901419	GO_BP:regulation of response to alcohol	GO:1901419	regulation of response to alcohol	biological_process	FALSE	FALSE	live_primary_id	6
GO:1901420	GO_BP:negative regulation of response to alcohol	GO:1901420	negative regulation of response to alcohol	biological_process	FALSE	FALSE	live_primary_id	4
GO:1901421	GO_BP:positive regulation of response to alcohol	GO:1901421	positive regulation of response to alcohol	biological_process	FALSE	FALSE	live_primary_id	2
GO:1901463	GO_BP:regulation of tetrapyrrole biosynthetic process	GO:1901463	regulation of tetrapyrrole biosynthetic process	biological_process	FALSE	FALSE	live_primary_id	2
GO:1901465	GO_BP:positive regulation of tetrapyrrole biosynthetic process	GO:1901465	positive regulation of tetrapyrrole biosynthetic process	biological_process	FALSE	FALSE	live_primary_id	1
GO:1901474	GO_MF:azole transmembrane transporter activity	GO:1901474	azole transmembrane transporter activity	molecular_function	FALSE	FALSE	live_primary_id	1
GO:1901505	GO_MF:carbohydrate derivative transmembrane transporter activity	GO:1901505	carbohydrate derivative transmembrane transporter activity	molecular_function	FALSE	FALSE	live_primary_id	3
GO:1901564	GO_BP:organonitrogen compound metabolic process	GO:1901564	obsolete organonitrogen compound metabolic process	biological_process	TRUE	FALSE	obsolete_by_ontology	132
GO:1901565	GO_BP:organonitrogen compound catabolic process	GO:1901565	obsolete organonitrogen compound catabolic process	biological_process	TRUE	FALSE	obsolete_by_ontology	24
GO:1901566	GO_BP:organonitrogen compound biosynthetic process	GO:1901566	obsolete organonitrogen compound biosynthetic process	biological_process	TRUE	FALSE	obsolete_by_ontology	35
GO:1901567	GO_MF:fatty acid derivative binding	GO:1901567	fatty acid derivative binding	molecular_function	FALSE	FALSE	live_primary_id	1
GO:1901568	GO_BP:fatty acid derivative metabolic process	GO:1901568	fatty acid derivative metabolic process	biological_process	FALSE	FALSE	live_primary_id	6
GO:1901570	GO_BP:fatty acid derivative biosynthetic process	GO:1901570	fatty acid derivative biosynthetic process	biological_process	FALSE	FALSE	live_primary_id	2
GO:1901575	GO_BP:organic substance catabolic process	GO:1901575	obsolete organic substance catabolic process	biological_process	TRUE	FALSE	obsolete_by_ontology	42
GO:1901576	GO_BP:organic substance biosynthetic process	GO:1901576	obsolete organic substance biosynthetic process	biological_process	TRUE	FALSE	obsolete_by_ontology	108
GO:1901605	GO_BP:alpha-amino acid metabolic process	GO:1901605	obsolete alpha-amino acid metabolic process	biological_process	TRUE	FALSE	obsolete_by_ontology	8
GO:1901606	GO_BP:alpha-amino acid catabolic process	GO:1901606	obsolete alpha-amino acid catabolic process	biological_process	TRUE	FALSE	obsolete_by_ontology	5
GO:1901607	GO_BP:alpha-amino acid biosynthetic process	GO:1901607	obsolete alpha-amino acid biosynthetic process	biological_process	TRUE	FALSE	obsolete_by_ontology	2
GO:1901615	GO_BP:organic hydroxy compound metabolic process	GO:1901615	obsolete organic hydroxy compound metabolic process	biological_process	TRUE	FALSE	obsolete_by_ontology	19
GO:1901616	GO_BP:organic hydroxy compound catabolic process	GO:1901616	obsolete organic hydroxy compound catabolic process	biological_process	TRUE	FALSE	obsolete_by_ontology	2
GO:1901617	GO_BP:organic hydroxy compound biosynthetic process	GO:1901617	obsolete organic hydroxy compound biosynthetic process	biological_process	TRUE	FALSE	obsolete_by_ontology	14
GO:1901618	GO_MF:organic hydroxy compound transmembrane transporter activity	GO:1901618	obsolete organic hydroxy compound transmembrane transporter activity	molecular_function	TRUE	FALSE	obsolete_by_ontology	2
GO:1901654	GO_BP:response to ketone	GO:1901654	response to ketone	biological_process	FALSE	FALSE	live_primary_id	2
GO:1901657	GO_BP:glycosyl compound metabolic process	GO:1901657	obsolete glycosyl compound metabolic process	biological_process	TRUE	FALSE	obsolete_by_ontology	9
GO:1901658	GO_BP:glycosyl compound catabolic process	GO:1901658	glycosyl compound catabolic process	biological_process	FALSE	FALSE	live_primary_id	2
GO:1901659	GO_BP:glycosyl compound biosynthetic process	GO:1901659	glycosyl compound biosynthetic process	biological_process	FALSE	FALSE	live_primary_id	4
GO:1901678	GO_BP:iron coordination entity transport	GO:1901678	iron coordination entity transport	biological_process	FALSE	FALSE	live_primary_id	1
GO:1901679	GO_BP:nucleotide transmembrane transport	GO:1901679	nucleotide transmembrane transport	biological_process	FALSE	FALSE	live_primary_id	1
GO:1901681	GO_MF:sulfur compound binding	GO:1901681	sulfur compound binding	molecular_function	FALSE	FALSE	live_primary_id	7
GO:1901682	GO_MF:sulfur compound transmembrane transporter activity	GO:1901682	sulfur compound transmembrane transporter activity	molecular_function	FALSE	FALSE	live_primary_id	4
GO:1901683	GO_MF:arsenate ion transmembrane transporter activity	GO:1901683	arsenate ion transmembrane transporter activity	molecular_function	FALSE	FALSE	live_primary_id	1
GO:1901684	GO_BP:arsenate ion transmembrane transport	GO:1901684	arsenate ion transmembrane transport	biological_process	FALSE	FALSE	live_primary_id	1
GO:1901698	GO_BP:response to nitrogen compound	GO:1901698	response to nitrogen compound	biological_process	FALSE	FALSE	live_primary_id	29
GO:1901699	GO_BP:cellular response to nitrogen compound	GO:1901699	cellular response to nitrogen compound	biological_process	FALSE	FALSE	live_primary_id	7
GO:1901700	GO_BP:response to oxygen-containing compound	GO:1901700	response to oxygen-containing compound	biological_process	FALSE	FALSE	live_primary_id	104
GO:1901701	GO_BP:cellular response to oxygen-containing compound	GO:1901701	cellular response to oxygen-containing compound	biological_process	FALSE	FALSE	live_primary_id	41
GO:1901800	GO_BP:positive regulation of proteasomal protein catabolic process	GO:1901800	positive regulation of proteasomal protein catabolic process	biological_process	FALSE	FALSE	live_primary_id	1
GO:1901804	GO_BP:beta-glucoside metabolic process	GO:1901804	obsolete beta-glucoside metabolic process	biological_process	TRUE	FALSE	obsolete_by_ontology	2
GO:1901806	GO_BP:beta-glucoside biosynthetic process	GO:1901806	beta-glucoside biosynthetic process	biological_process	FALSE	FALSE	live_primary_id	1
GO:1901861	GO_BP:regulation of muscle tissue development	GO:1901861	regulation of muscle tissue development	biological_process	FALSE	FALSE	live_primary_id	1
GO:1901863	GO_BP:positive regulation of muscle tissue development	GO:1901863	positive regulation of muscle tissue development	biological_process	FALSE	FALSE	live_primary_id	1
GO:1901962	GO_BP:S-adenosyl-L-methionine transmembrane transport	GO:1901962	S-adenosyl-L-methionine transmembrane transport	biological_process	FALSE	FALSE	live_primary_id	1
GO:1901981	GO_MF:phosphatidylinositol phosphate binding	GO:1901981	phosphatidylinositol phosphate binding	molecular_function	FALSE	FALSE	live_primary_id	1
GO:1901987	GO_BP:regulation of cell cycle phase transition	GO:1901987	regulation of cell cycle phase transition	biological_process	FALSE	FALSE	live_primary_id	1
GO:1901996	GO_BP:regulation of indoleacetic acid biosynthetic process via tryptophan	GO:1901996	obsolete regulation of indoleacetic acid biosynthetic process via tryptophan	biological_process	TRUE	FALSE	obsolete_by_ontology	1
GO:1901997	GO_BP:negative regulation of indoleacetic acid biosynthetic process via tryptophan	GO:1901997	negative regulation of auxin biosynthetic process	biological_process	FALSE	FALSE	live_primary_id	1
GO:1901999	GO_BP:homogentisate metabolic process	GO:1901999	obsolete homogentisate metabolic process	biological_process	TRUE	FALSE	obsolete_by_ontology	2
GO:1902000	GO_BP:homogentisate catabolic process	GO:1902000	homogentisate catabolic process	biological_process	FALSE	FALSE	live_primary_id	2
GO:1902022	GO_BP:L-lysine transport	GO:1902022	L-lysine transport	biological_process	FALSE	FALSE	live_primary_id	2
GO:1902074	GO_BP:response to salt	GO:1902074	response to salt	biological_process	FALSE	FALSE	live_primary_id	1
GO:1902115	GO_BP:regulation of organelle assembly	GO:1902115	regulation of organelle assembly	biological_process	FALSE	FALSE	live_primary_id	1
GO:1902117	GO_BP:positive regulation of organelle assembly	GO:1902117	positive regulation of organelle assembly	biological_process	FALSE	FALSE	live_primary_id	1
GO:1902170	GO_BP:cellular response to reactive nitrogen species	GO:1902170	cellular response to reactive nitrogen species	biological_process	FALSE	FALSE	live_primary_id	3
GO:1902183	GO_BP:regulation of shoot apical meristem development	GO:1902183	regulation of shoot apical meristem development	biological_process	FALSE	FALSE	live_primary_id	1
GO:1902221	GO_BP:erythrose 4-phosphate/phosphoenolpyruvate family amino acid metabolic process	GO:1902221	obsolete erythrose 4-phosphate/phosphoenolpyruvate family amino acid metabolic process	biological_process	TRUE	FALSE	obsolete_by_ontology	1
GO:1902275	GO_BP:regulation of chromatin organization	GO:1902275	regulation of chromatin organization	biological_process	FALSE	FALSE	live_primary_id	1
GO:1902288	GO_BP:regulation of defense response to oomycetes	GO:1902288	regulation of defense response to oomycetes	biological_process	FALSE	FALSE	live_primary_id	1
GO:1902290	GO_BP:positive regulation of defense response to oomycetes	GO:1902290	positive regulation of defense response to oomycetes	biological_process	FALSE	FALSE	live_primary_id	1
GO:1902326	GO_BP:positive regulation of chlorophyll biosynthetic process	GO:1902326	positive regulation of chlorophyll biosynthetic process	biological_process	FALSE	FALSE	live_primary_id	1
GO:1902334	GO_BP:fructose export from vacuole to cytoplasm	GO:1902334	fructose export from vacuole to cytoplasm	biological_process	FALSE	FALSE	live_primary_id	1
GO:1902358	GO_BP:sulfate transmembrane transport	GO:1902358	sulfate transmembrane transport	biological_process	FALSE	FALSE	live_primary_id	3
GO:1902369	GO_BP:negative regulation of RNA catabolic process	GO:1902369	negative regulation of RNA catabolic process	biological_process	FALSE	FALSE	live_primary_id	1
GO:1902373	GO_BP:negative regulation of mRNA catabolic process	GO:1902373	negative regulation of mRNA catabolic process	biological_process	FALSE	FALSE	live_primary_id	1
GO:1902410	GO_BP:mitotic cytokinetic process	GO:1902410	mitotic cytokinetic process	biological_process	FALSE	FALSE	live_primary_id	2
GO:1902475	GO_BP:L-alpha-amino acid transmembrane transport	GO:1902475	L-alpha-amino acid transmembrane transport	biological_process	FALSE	FALSE	live_primary_id	3
GO:1902476	GO_BP:chloride transmembrane transport	GO:1902476	chloride transmembrane transport	biological_process	FALSE	FALSE	live_primary_id	1
GO:1902494	GO_CC:catalytic complex	GO:1902494	catalytic complex	cellular_component	FALSE	FALSE	live_primary_id	7
GO:1902503	GO_CC:adenylyltransferase complex	GO:1902503	adenylyltransferase complex	cellular_component	FALSE	FALSE	live_primary_id	1
GO:1902584	GO_BP:positive regulation of response to water deprivation	GO:1902584	positive regulation of response to water deprivation	biological_process	FALSE	FALSE	live_primary_id	1
GO:1902600	GO_BP:proton transmembrane transport	GO:1902600	proton transmembrane transport	biological_process	FALSE	FALSE	live_primary_id	8
GO:1902616	GO_BP:acyl carnitine transmembrane transport	GO:1902616	O-acyl-L-carnitine transmembrane transport	biological_process	FALSE	FALSE	live_primary_id	1
GO:1902644	GO_BP:tertiary alcohol metabolic process	GO:1902644	tertiary alcohol metabolic process	biological_process	FALSE	FALSE	live_primary_id	1
GO:1902645	GO_BP:tertiary alcohol biosynthetic process	GO:1902645	tertiary alcohol biosynthetic process	biological_process	FALSE	FALSE	live_primary_id	1
GO:1902652	GO_BP:secondary alcohol metabolic process	GO:1902652	secondary alcohol metabolic process	biological_process	FALSE	FALSE	live_primary_id	1
GO:1902653	GO_BP:secondary alcohol biosynthetic process	GO:1902653	secondary alcohol biosynthetic process	biological_process	FALSE	FALSE	live_primary_id	1
GO:1902679	GO_BP:negative regulation of RNA biosynthetic process	GO:1902679	negative regulation of RNA biosynthetic process	biological_process	FALSE	FALSE	live_primary_id	7
GO:1902680	GO_BP:positive regulation of RNA biosynthetic process	GO:1902680	positive regulation of RNA biosynthetic process	biological_process	FALSE	FALSE	live_primary_id	26
GO:1902806	GO_BP:regulation of cell cycle G1/S phase transition	GO:1902806	regulation of cell cycle G1/S phase transition	biological_process	FALSE	FALSE	live_primary_id	1
GO:1902809	GO_BP:regulation of skeletal muscle fiber differentiation	GO:1902809	regulation of skeletal muscle fiber differentiation	biological_process	FALSE	FALSE	live_primary_id	1
GO:1902811	GO_BP:positive regulation of skeletal muscle fiber differentiation	GO:1902811	positive regulation of skeletal muscle fiber differentiation	biological_process	FALSE	FALSE	live_primary_id	1
GO:1902903	GO_BP:regulation of supramolecular fiber organization	GO:1902903	regulation of supramolecular fiber organization	biological_process	FALSE	FALSE	live_primary_id	3
GO:1902904	GO_BP:negative regulation of supramolecular fiber organization	GO:1902904	negative regulation of supramolecular fiber organization	biological_process	FALSE	FALSE	live_primary_id	2
GO:1902905	GO_BP:positive regulation of supramolecular fiber organization	GO:1902905	positive regulation of supramolecular fiber organization	biological_process	FALSE	FALSE	live_primary_id	1
GO:1902930	GO_BP:regulation of alcohol biosynthetic process	GO:1902930	regulation of alcohol biosynthetic process	biological_process	FALSE	FALSE	live_primary_id	1
GO:1902932	GO_BP:positive regulation of alcohol biosynthetic process	GO:1902932	positive regulation of alcohol biosynthetic process	biological_process	FALSE	FALSE	live_primary_id	1
GO:1902936	GO_MF:phosphatidylinositol bisphosphate binding	GO:1902936	phosphatidylinositol bisphosphate binding	molecular_function	FALSE	FALSE	live_primary_id	1
GO:1902969	GO_BP:mitotic DNA replication	GO:1902969	mitotic DNA replication	biological_process	FALSE	FALSE	live_primary_id	1
GO:1903046	GO_BP:meiotic cell cycle process	GO:1903046	meiotic cell cycle process	biological_process	FALSE	FALSE	live_primary_id	3
GO:1903047	GO_BP:mitotic cell cycle process	GO:1903047	mitotic cell cycle process	biological_process	FALSE	FALSE	live_primary_id	8
GO:1903050	GO_BP:regulation of proteolysis involved in protein catabolic process	GO:1903050	obsolete regulation of proteolysis involved in protein catabolic process	biological_process	TRUE	FALSE	obsolete_by_ontology	2
GO:1903052	GO_BP:positive regulation of proteolysis involved in protein catabolic process	GO:1903052	obsolete positive regulation of proteolysis involved in protein catabolic process	biological_process	TRUE	FALSE	obsolete_by_ontology	1
GO:1903311	GO_BP:regulation of mRNA metabolic process	GO:1903311	regulation of mRNA metabolic process	biological_process	FALSE	FALSE	live_primary_id	1
GO:1903312	GO_BP:negative regulation of mRNA metabolic process	GO:1903312	negative regulation of mRNA metabolic process	biological_process	FALSE	FALSE	live_primary_id	1
GO:1903313	GO_BP:positive regulation of mRNA metabolic process	GO:1903313	positive regulation of mRNA metabolic process	biological_process	FALSE	FALSE	live_primary_id	1
GO:1903338	GO_BP:regulation of cell wall organization or biogenesis	GO:1903338	regulation of cell wall organization or biogenesis	biological_process	FALSE	FALSE	live_primary_id	2
GO:1903352	GO_BP:L-ornithine transmembrane transport	GO:1903352	L-ornithine transmembrane transport	biological_process	FALSE	FALSE	live_primary_id	1
GO:1903401	GO_BP:L-lysine transmembrane transport	GO:1903401	L-lysine transmembrane transport	biological_process	FALSE	FALSE	live_primary_id	2
GO:1903409	GO_BP:reactive oxygen species biosynthetic process	GO:1903409	reactive oxygen species biosynthetic process	biological_process	FALSE	FALSE	live_primary_id	1
GO:1903426	GO_BP:regulation of reactive oxygen species biosynthetic process	GO:1903426	regulation of reactive oxygen species biosynthetic process	biological_process	FALSE	FALSE	live_primary_id	1
GO:1903428	GO_BP:positive regulation of reactive oxygen species biosynthetic process	GO:1903428	positive regulation of reactive oxygen species biosynthetic process	biological_process	FALSE	FALSE	live_primary_id	1
GO:1903506	GO_BP:obsolete regulation of nucleic acid-templated transcription	GO:1903506	obsolete regulation of nucleic acid-templated transcription	biological_process	TRUE	TRUE	obsolete_by_ontology	75
GO:1903507	GO_BP:obsolete negative regulation of nucleic acid-templated transcription	GO:1903507	obsolete negative regulation of nucleic acid-templated transcription	biological_process	TRUE	TRUE	obsolete_by_ontology	7
GO:1903508	GO_BP:obsolete positive regulation of nucleic acid-templated transcription	GO:1903508	obsolete positive regulation of nucleic acid-templated transcription	biological_process	TRUE	TRUE	obsolete_by_ontology	26
GO:1903509	GO_BP:liposaccharide metabolic process	GO:1903509	liposaccharide metabolic process	biological_process	FALSE	FALSE	live_primary_id	1
GO:1903530	GO_BP:regulation of secretion by cell	GO:1903530	regulation of secretion by cell	biological_process	FALSE	FALSE	live_primary_id	1
GO:1903531	GO_BP:negative regulation of secretion by cell	GO:1903531	negative regulation of secretion by cell	biological_process	FALSE	FALSE	live_primary_id	1
GO:1903648	GO_BP:positive regulation of chlorophyll catabolic process	GO:1903648	positive regulation of chlorophyll catabolic process	biological_process	FALSE	FALSE	live_primary_id	1
GO:1903716	GO_BP:guanine transmembrane transport	GO:1903716	guanine transmembrane transport	biological_process	FALSE	FALSE	live_primary_id	1
GO:1903791	GO_BP:uracil transmembrane transport	GO:1903791	uracil transmembrane transport	biological_process	FALSE	FALSE	live_primary_id	1
GO:1903825	GO_BP:organic acid transmembrane transport	GO:1903825	obsolete organic acid transmembrane transport	biological_process	TRUE	FALSE	obsolete_by_ontology	15
GO:1903826	GO_BP:L-arginine transmembrane transport	GO:1903826	L-arginine transmembrane transport	biological_process	FALSE	FALSE	live_primary_id	2
GO:1903828	GO_BP:negative regulation of protein localization	GO:1903828	negative regulation of protein localization	biological_process	FALSE	FALSE	live_primary_id	1
GO:1903959	GO_BP:regulation of monoatomic anion transmembrane transport	GO:1903959	regulation of monoatomic anion transmembrane transport	biological_process	FALSE	FALSE	live_primary_id	1
GO:1904082	GO_BP:pyrimidine nucleobase transmembrane transport	GO:1904082	pyrimidine nucleobase transmembrane transport	biological_process	FALSE	FALSE	live_primary_id	1
GO:1904248	GO_BP:regulation of age-related resistance	GO:1904248	regulation of age-related resistance	biological_process	FALSE	FALSE	live_primary_id	1
GO:1904250	GO_BP:positive regulation of age-related resistance	GO:1904250	positive regulation of age-related resistance	biological_process	FALSE	FALSE	live_primary_id	1
GO:1904356	GO_BP:regulation of telomere maintenance via telomere lengthening	GO:1904356	regulation of telomere maintenance via telomere lengthening	biological_process	FALSE	FALSE	live_primary_id	1
GO:1904358	GO_BP:positive regulation of telomere maintenance via telomere lengthening	GO:1904358	positive regulation of telomere maintenance via telomere lengthening	biological_process	FALSE	FALSE	live_primary_id	1
GO:1904659	GO_BP:glucose transmembrane transport	GO:1904659	D-glucose transmembrane transport	biological_process	FALSE	FALSE	live_primary_id	7
GO:1904680	GO_MF:peptide transmembrane transporter activity	GO:1904680	peptide transmembrane transporter activity	molecular_function	FALSE	FALSE	live_primary_id	1
GO:1904823	GO_BP:purine nucleobase transmembrane transport	GO:1904823	purine nucleobase transmembrane transport	biological_process	FALSE	FALSE	live_primary_id	1
GO:1904888	GO_BP:cranial skeletal system development	GO:1904888	cranial skeletal system development	biological_process	FALSE	FALSE	live_primary_id	1
GO:1904950	GO_BP:negative regulation of establishment of protein localization	GO:1904950	negative regulation of establishment of protein localization	biological_process	FALSE	FALSE	live_primary_id	1
GO:1904961	GO_BP:quiescent center organization	GO:1904961	quiescent center organization	biological_process	FALSE	FALSE	live_primary_id	1
GO:1904963	GO_BP:regulation of phytol biosynthetic process	GO:1904963	regulation of phytol biosynthetic process	biological_process	FALSE	FALSE	live_primary_id	1
GO:1904964	GO_BP:positive regulation of phytol biosynthetic process	GO:1904964	positive regulation of phytol biosynthetic process	biological_process	FALSE	FALSE	live_primary_id	1
GO:1904965	GO_BP:regulation of vitamin E biosynthetic process	GO:1904965	regulation of vitamin E biosynthetic process	biological_process	FALSE	FALSE	live_primary_id	1
GO:1904966	GO_BP:positive regulation of vitamin E biosynthetic process	GO:1904966	positive regulation of vitamin E biosynthetic process	biological_process	FALSE	FALSE	live_primary_id	1
GO:1905037	GO_BP:autophagosome organization	GO:1905037	autophagosome organization	biological_process	FALSE	FALSE	live_primary_id	1
GO:1905039	GO_BP:carboxylic acid transmembrane transport	GO:1905039	carboxylic acid transmembrane transport	biological_process	FALSE	FALSE	live_primary_id	15
GO:1905156	GO_BP:negative regulation of photosynthesis	GO:1905156	negative regulation of photosynthesis	biological_process	FALSE	FALSE	live_primary_id	1
GO:1905177	GO_BP:tracheary element differentiation	GO:1905177	tracheary element differentiation	biological_process	FALSE	FALSE	live_primary_id	2
GO:1905183	GO_BP:negative regulation of protein serine/threonine phosphatase activity	GO:1905183	obsolete negative regulation of protein serine/threonine phosphatase activity	biological_process	TRUE	FALSE	obsolete_by_ontology	1
GO:1905269	GO_BP:positive regulation of chromatin organization	GO:1905269	positive regulation of chromatin organization	biological_process	FALSE	FALSE	live_primary_id	1
GO:1905392	GO_BP:plant organ morphogenesis	GO:1905392	plant organ morphogenesis	biological_process	FALSE	FALSE	live_primary_id	17
GO:1905393	GO_BP:plant organ formation	GO:1905393	plant organ formation	biological_process	FALSE	FALSE	live_primary_id	5
GO:1905405	GO_BP:regulation of mitotic cohesin loading	GO:1905405	obsolete regulation of mitotic cohesin loading	biological_process	TRUE	FALSE	obsolete_by_ontology	1
GO:1905412	GO_BP:negative regulation of mitotic cohesin loading	GO:1905412	obsolete negative regulation of mitotic cohesin loading	biological_process	TRUE	FALSE	obsolete_by_ontology	1
GO:1905421	GO_BP:regulation of plant organ morphogenesis	GO:1905421	regulation of plant organ morphogenesis	biological_process	FALSE	FALSE	live_primary_id	1
GO:1905428	GO_BP:regulation of plant organ formation	GO:1905428	regulation of plant organ formation	biological_process	FALSE	FALSE	live_primary_id	3
GO:1905622	GO_BP:negative regulation of leaf development	GO:1905622	negative regulation of leaf development	biological_process	FALSE	FALSE	live_primary_id	1
GO:1905623	GO_BP:positive regulation of leaf development	GO:1905623	positive regulation of leaf development	biological_process	FALSE	FALSE	live_primary_id	4
GO:1905634	GO_BP:regulation of protein localization to chromatin	GO:1905634	regulation of protein localization to chromatin	biological_process	FALSE	FALSE	live_primary_id	1
GO:1905868	GO_BP:regulation of 3-UTR-mediated mRNA stabilization	GO:1905868	regulation of 3'-UTR-mediated mRNA stabilization	biological_process	FALSE	FALSE	live_primary_id	1
GO:1905870	GO_BP:positive regulation of 3-UTR-mediated mRNA stabilization	GO:1905870	positive regulation of 3'-UTR-mediated mRNA stabilization	biological_process	FALSE	FALSE	live_primary_id	1
GO:1905957	GO_BP:regulation of cellular response to alcohol	GO:1905957	regulation of cellular response to alcohol	biological_process	FALSE	FALSE	live_primary_id	6
GO:1905958	GO_BP:negative regulation of cellular response to alcohol	GO:1905958	negative regulation of cellular response to alcohol	biological_process	FALSE	FALSE	live_primary_id	4
GO:1905959	GO_BP:positive regulation of cellular response to alcohol	GO:1905959	positive regulation of cellular response to alcohol	biological_process	FALSE	FALSE	live_primary_id	2
GO:1990019	GO_BP:protein storage vacuole organization	GO:1990019	protein storage vacuole organization	biological_process	FALSE	FALSE	live_primary_id	1
GO:1990059	GO_BP:fruit valve development	GO:1990059	fruit valve development	biological_process	FALSE	FALSE	live_primary_id	2
GO:1990066	GO_BP:energy quenching	GO:1990066	energy quenching	biological_process	FALSE	FALSE	live_primary_id	1
GO:1990136	GO_MF:linoleate 9S-lipoxygenase activity	GO:1990136	linoleate 9S-lipoxygenase activity	molecular_function	FALSE	FALSE	live_primary_id	1
GO:1990170	GO_BP:stress response to cadmium ion	GO:1990170	stress response to cadmium ion	biological_process	FALSE	FALSE	live_primary_id	1
GO:1990204	GO_CC:oxidoreductase complex	GO:1990204	oxidoreductase complex	cellular_component	FALSE	FALSE	live_primary_id	1
GO:1990234	GO_CC:transferase complex	GO:1990234	transferase complex	cellular_component	FALSE	FALSE	live_primary_id	6
GO:1990359	GO_BP:stress response to zinc ion	GO:1990359	stress response to zinc ion	biological_process	FALSE	FALSE	live_primary_id	1
GO:1990532	GO_BP:stress response to nickel ion	GO:1990532	stress response to nickel ion	biological_process	FALSE	FALSE	live_primary_id	1
GO:1990538	GO_MF:xylan O-acetyltransferase activity	GO:1990538	xylan O-acetyltransferase activity	molecular_function	FALSE	FALSE	live_primary_id	2
GO:1990542	GO_BP:mitochondrial transmembrane transport	GO:1990542	mitochondrial transmembrane transport	biological_process	FALSE	FALSE	live_primary_id	2
GO:1990575	GO_BP:mitochondrial L-ornithine transmembrane transport	GO:1990575	mitochondrial L-ornithine transmembrane transport	biological_process	FALSE	FALSE	live_primary_id	1
GO:1990641	GO_BP:response to iron ion starvation	GO:1990641	response to iron ion starvation	biological_process	FALSE	FALSE	live_primary_id	1
GO:1990715	GO_MF:mRNA CDS binding	GO:1990715	mRNA CDS binding	molecular_function	FALSE	FALSE	live_primary_id	1
GO:1990748	GO_BP:cellular detoxification	GO:1990748	cellular detoxification	biological_process	FALSE	FALSE	live_primary_id	18
GO:1990752	GO_CC:microtubule end	GO:1990752	microtubule end	cellular_component	FALSE	FALSE	live_primary_id	1
GO:1990822	GO_BP:basic amino acid transmembrane transport	GO:1990822	basic amino acid transmembrane transport	biological_process	FALSE	FALSE	live_primary_id	2
GO:1990825	GO_MF:sequence-specific mRNA binding	GO:1990825	sequence-specific mRNA binding	molecular_function	FALSE	FALSE	live_primary_id	1
GO:1990837	GO_MF:sequence-specific double-stranded DNA binding	GO:1990837	sequence-specific double-stranded DNA binding	molecular_function	FALSE	FALSE	live_primary_id	8
GO:1990904	GO_CC:ribonucleoprotein complex	GO:1990904	ribonucleoprotein complex	cellular_component	FALSE	FALSE	live_primary_id	12
GO:1990937	GO_BP:xylan acetylation	GO:1990937	obsolete xylan acetylation	biological_process	TRUE	FALSE	obsolete_by_ontology	1
GO:2000012	GO_BP:regulation of auxin polar transport	GO:2000012	regulation of auxin polar transport	biological_process	FALSE	FALSE	live_primary_id	1
GO:2000022	GO_BP:regulation of jasmonic acid mediated signaling pathway	GO:2000022	regulation of jasmonic acid mediated signaling pathway	biological_process	FALSE	FALSE	live_primary_id	3
GO:2000023	GO_BP:regulation of lateral root development	GO:2000023	regulation of lateral root development	biological_process	FALSE	FALSE	live_primary_id	1
GO:2000024	GO_BP:regulation of leaf development	GO:2000024	regulation of leaf development	biological_process	FALSE	FALSE	live_primary_id	6
GO:2000026	GO_BP:regulation of multicellular organismal development	GO:2000026	regulation of multicellular organismal development	biological_process	FALSE	FALSE	live_primary_id	23
GO:2000028	GO_BP:regulation of photoperiodism, flowering	GO:2000028	regulation of photoperiodism, flowering	biological_process	FALSE	FALSE	live_primary_id	1
GO:2000030	GO_BP:regulation of response to red or far red light	GO:2000030	regulation of response to red or far red light	biological_process	FALSE	FALSE	live_primary_id	6
GO:2000031	GO_BP:regulation of salicylic acid mediated signaling pathway	GO:2000031	regulation of salicylic acid mediated signaling pathway	biological_process	FALSE	FALSE	live_primary_id	1
GO:2000032	GO_BP:regulation of secondary shoot formation	GO:2000032	regulation of secondary shoot formation	biological_process	FALSE	FALSE	live_primary_id	2
GO:2000037	GO_BP:regulation of stomatal complex patterning	GO:2000037	regulation of stomatal complex patterning	biological_process	FALSE	FALSE	live_primary_id	1
GO:2000058	GO_BP:regulation of ubiquitin-dependent protein catabolic process	GO:2000058	regulation of ubiquitin-dependent protein catabolic process	biological_process	FALSE	FALSE	live_primary_id	1
GO:2000060	GO_BP:positive regulation of ubiquitin-dependent protein catabolic process	GO:2000060	positive regulation of ubiquitin-dependent protein catabolic process	biological_process	FALSE	FALSE	live_primary_id	1
GO:2000068	GO_BP:regulation of defense response to insect	GO:2000068	regulation of defense response to insect	biological_process	FALSE	FALSE	live_primary_id	2
GO:2000069	GO_BP:regulation of post-embryonic root development	GO:2000069	regulation of post-embryonic root development	biological_process	FALSE	FALSE	live_primary_id	1
GO:2000070	GO_BP:regulation of response to water deprivation	GO:2000070	regulation of response to water deprivation	biological_process	FALSE	FALSE	live_primary_id	1
GO:2000112	GO_BP:obsolete regulation of cellular macromolecule biosynthetic process	GO:2000112	obsolete regulation of cellular macromolecule biosynthetic process	biological_process	TRUE	TRUE	obsolete_by_ontology	77
GO:2000113	GO_BP:obsolete negative regulation of cellular macromolecule biosynthetic process	GO:2000113	obsolete negative regulation of cellular macromolecule biosynthetic process	biological_process	TRUE	TRUE	obsolete_by_ontology	8
GO:2000116	GO_BP:regulation of cysteine-type endopeptidase activity	GO:2000116	obsolete regulation of cysteine-type endopeptidase activity	biological_process	TRUE	FALSE	obsolete_by_ontology	2
GO:2000117	GO_BP:negative regulation of cysteine-type endopeptidase activity	GO:2000117	obsolete negative regulation of cysteine-type endopeptidase activity	biological_process	TRUE	FALSE	obsolete_by_ontology	2
GO:2000241	GO_BP:regulation of reproductive process	GO:2000241	regulation of reproductive process	biological_process	FALSE	FALSE	live_primary_id	11
GO:2000242	GO_BP:negative regulation of reproductive process	GO:2000242	negative regulation of reproductive process	biological_process	FALSE	FALSE	live_primary_id	3
GO:2000243	GO_BP:positive regulation of reproductive process	GO:2000243	positive regulation of reproductive process	biological_process	FALSE	FALSE	live_primary_id	1
GO:2000278	GO_BP:regulation of DNA biosynthetic process	GO:2000278	regulation of DNA biosynthetic process	biological_process	FALSE	FALSE	live_primary_id	1
GO:2000280	GO_BP:regulation of root development	GO:2000280	regulation of root development	biological_process	FALSE	FALSE	live_primary_id	2
GO:2000377	GO_BP:regulation of reactive oxygen species metabolic process	GO:2000377	regulation of reactive oxygen species metabolic process	biological_process	FALSE	FALSE	live_primary_id	1
GO:2000379	GO_BP:positive regulation of reactive oxygen species metabolic process	GO:2000379	positive regulation of reactive oxygen species metabolic process	biological_process	FALSE	FALSE	live_primary_id	1
GO:2000573	GO_BP:positive regulation of DNA biosynthetic process	GO:2000573	positive regulation of DNA biosynthetic process	biological_process	FALSE	FALSE	live_primary_id	1
GO:2000652	GO_BP:regulation of secondary cell wall biogenesis	GO:2000652	regulation of secondary cell wall biogenesis	biological_process	FALSE	FALSE	live_primary_id	2
GO:2000736	GO_BP:regulation of stem cell differentiation	GO:2000736	regulation of stem cell differentiation	biological_process	FALSE	FALSE	live_primary_id	1
GO:2000738	GO_BP:positive regulation of stem cell differentiation	GO:2000738	positive regulation of stem cell differentiation	biological_process	FALSE	FALSE	live_primary_id	1
GO:2000765	GO_BP:regulation of cytoplasmic translation	GO:2000765	regulation of cytoplasmic translation	biological_process	FALSE	FALSE	live_primary_id	1
GO:2000766	GO_BP:negative regulation of cytoplasmic translation	GO:2000766	negative regulation of cytoplasmic translation	biological_process	FALSE	FALSE	live_primary_id	1
GO:2000904	GO_BP:regulation of starch metabolic process	GO:2000904	regulation of starch metabolic process	biological_process	FALSE	FALSE	live_primary_id	1
GO:2001014	GO_BP:regulation of skeletal muscle cell differentiation	GO:2001014	regulation of skeletal muscle cell differentiation	biological_process	FALSE	FALSE	live_primary_id	1
GO:2001016	GO_BP:positive regulation of skeletal muscle cell differentiation	GO:2001016	positive regulation of skeletal muscle cell differentiation	biological_process	FALSE	FALSE	live_primary_id	1
GO:2001023	GO_BP:regulation of response to drug	GO:2001023	regulation of response to drug	biological_process	FALSE	FALSE	live_primary_id	1
GO:2001038	GO_BP:regulation of cellular response to drug	GO:2001038	regulation of cellular response to drug	biological_process	FALSE	FALSE	live_primary_id	1
GO:2001141	GO_BP:regulation of RNA biosynthetic process	GO:2001141	regulation of RNA biosynthetic process	biological_process	FALSE	FALSE	live_primary_id	75
GO:2001251	GO_BP:negative regulation of chromosome organization	GO:2001251	negative regulation of chromosome organization	biological_process	FALSE	FALSE	live_primary_id	1
GO:2001252	GO_BP:positive regulation of chromosome organization	GO:2001252	positive regulation of chromosome organization	biological_process	FALSE	FALSE	live_primary_id	2
