V1_gene	Annotation_gene	TermID	TermName
VIT_00s0125g00280	Vitvi10g01236	1	Photosynthesis
VIT_00s0181g00200	Vitvi10g00378	1	Photosynthesis
VIT_00s0204g00170	Vitvi02g01762	1	Photosynthesis
VIT_00s0207g00210	Vitvi07g01275	1	Photosynthesis
VIT_00s0246g00200	Vitvi09g02103	1	Photosynthesis
VIT_00s0904g00010	Vitvi10g02212	1	Photosynthesis
VIT_00s1547g00010	Vitvi00g01145	1	Photosynthesis
VIT_00s1596g00010	Vitvi00g01161	1	Photosynthesis
VIT_01s0010g01170	Vitvi01g01373	1	Photosynthesis
VIT_01s0010g03620	Vitvi01g01648	1	Photosynthesis
VIT_01s0011g02740	Vitvi01g00214	1	Photosynthesis
VIT_01s0011g05290	Vitvi01g00449	1	Photosynthesis
VIT_01s0026g02680	Vitvi01g01035	1	Photosynthesis
VIT_01s0137g00210	Vitvi01g00589	1	Photosynthesis
VIT_01s0244g00170	Vitvi01g02296	1	Photosynthesis
VIT_02s0012g01120	Vitvi02g00680	1	Photosynthesis
VIT_02s0025g01470	Vitvi02g00133	1	Photosynthesis
VIT_02s0025g04710	Vitvi02g00434	1	Photosynthesis
VIT_02s0109g00080	Vitvi02g00915	1	Photosynthesis
VIT_03s0017g00940	Vitvi03g01127	1	Photosynthesis
VIT_03s0038g00670	Vitvi03g00048	1	Photosynthesis
VIT_03s0038g02510	Vitvi03g00154	1	Photosynthesis
VIT_03s0063g02020	Vitvi03g00375	1	Photosynthesis
VIT_03s0180g00110	Vitvi03g00549	1	Photosynthesis
VIT_04s0008g01730	Vitvi04g01806	1	Photosynthesis
VIT_04s0008g05340	Vitvi04g01902	1	Photosynthesis
VIT_04s0023g00410	Vitvi04g02063	1	Photosynthesis
VIT_04s0023g03010	Vitvi04g01421	1	Photosynthesis
VIT_04s0023g03510	Vitvi04g01468	1	Photosynthesis
VIT_04s0044g01310	Vitvi04g01693	1	Photosynthesis
VIT_04s0044g01410	Vitvi04g01700	1	Photosynthesis
VIT_05s0020g03180	Vitvi05g00474	1	Photosynthesis
VIT_05s0020g04110	Vitvi05g00563	1	Photosynthesis
VIT_05s0020g04600	Vitvi05g00621	1	Photosynthesis
VIT_05s0049g00950	Vitvi05g00736	1	Photosynthesis
VIT_05s0049g01760	Vitvi05g00817	1	Photosynthesis
VIT_06s0004g00260	Vitvi06g00033	1	Photosynthesis
VIT_06s0004g05180	Vitvi06g00513	1	Photosynthesis
VIT_06s0080g00920	Vitvi06g01531	1	Photosynthesis
VIT_07s0005g02220	Vitvi07g02246	1	Photosynthesis
VIT_07s0005g04400	Vitvi07g00690	1	Photosynthesis
VIT_07s0005g04920	Vitvi07g02309	1	Photosynthesis
VIT_07s0141g00570	Vitvi07g00035	1	Photosynthesis
VIT_08s0007g00780	Vitvi08g01239	1	Photosynthesis
VIT_08s0007g00840	Vitvi08g01245	1	Photosynthesis
VIT_08s0007g01570	Vitvi08g01301	1	Photosynthesis
VIT_08s0007g01590	Vitvi08g02231	1	Photosynthesis
VIT_08s0007g02190	Vitvi08g01360	1	Photosynthesis
VIT_08s0007g07480	Vitvi08g01821	1	Photosynthesis
VIT_09s0002g04320	Vitvi09g00361	1	Photosynthesis
VIT_10s0003g02890	Vitvi10g01839	1	Photosynthesis
VIT_10s0003g02900	Vitvi10g00740	1	Photosynthesis
VIT_10s0003g04350	Vitvi10g00882	1	Photosynthesis
VIT_10s0116g01540	Vitvi10g00078	1	Photosynthesis
VIT_11s0016g00730	Vitvi11g00052	1	Photosynthesis
VIT_11s0016g01400	Vitvi11g01345	1	Photosynthesis
VIT_11s0016g05570	Vitvi11g00488	1	Photosynthesis
VIT_11s0052g00820	Vitvi11g01657	1	Photosynthesis
VIT_12s0028g00320	Vitvi12g00050	1	Photosynthesis
VIT_12s0028g01080	Vitvi12g00092	1	Photosynthesis
VIT_12s0028g02180	Vitvi12g00185	1	Photosynthesis
VIT_12s0035g00270	Vitvi12g01968	1	Photosynthesis
VIT_12s0055g01110	Vitvi12g01553	1	Photosynthesis
VIT_12s0057g00630	Vitvi12g02485	1	Photosynthesis
VIT_12s0059g02430	Vitvi12g02416	1	Photosynthesis
VIT_12s0134g00510	Vitvi12g00628	1	Photosynthesis
VIT_13s0019g00260	Vitvi13g00250	1	Photosynthesis
VIT_13s0019g02050	Vitvi13g01994	1	Photosynthesis
VIT_13s0019g02630	Vitvi13g00384	1	Photosynthesis
VIT_13s0019g03350	Vitvi13g00507	1	Photosynthesis
VIT_13s0019g04140	Vitvi13g00590	1	Photosynthesis
VIT_13s0064g00670	Vitvi13g02488	1	Photosynthesis
VIT_13s0147g00110	Vitvi13g00918	1	Photosynthesis
VIT_14s0068g00680	Vitvi14g01424	1	Photosynthesis
VIT_14s0081g00060	Vitvi14g00489	1	Photosynthesis
VIT_14s0128g00050	Vitvi14g00284	1	Photosynthesis
VIT_15s0024g00040	Vitvi15g00004	1	Photosynthesis
VIT_15s0048g00370	Vitvi15g00690	1	Photosynthesis
VIT_16s0022g00630	Vitvi16g00707	1	Photosynthesis
VIT_17s0000g03690	Vitvi17g00320	1	Photosynthesis
VIT_17s0000g06350	Vitvi17g00615	1	Photosynthesis
VIT_18s0001g00760	Vitvi18g00158	1	Photosynthesis
VIT_18s0001g02740	Vitvi18g00272	1	Photosynthesis
VIT_18s0001g06720	Vitvi18g02192	1	Photosynthesis
VIT_18s0001g10550	Vitvi18g02680	1	Photosynthesis
VIT_18s0001g11370	Vitvi18g00867	1	Photosynthesis
VIT_18s0001g11710	Vitvi18g00894	1	Photosynthesis
VIT_18s0001g12070	Vitvi18g02735	1	Photosynthesis
VIT_18s0001g14450	Vitvi18g01130	1	Photosynthesis
VIT_18s0089g01170	Vitvi18g02408	1	Photosynthesis
VIT_18s0164g00030	Vitvi18g01431	1	Photosynthesis
VIT_19s0014g00160	Vitvi19g01793	1	Photosynthesis
VIT_19s0014g03660	Vitvi19g00298	1	Photosynthesis
VIT_19s0014g03850	Vitvi19g00308	1	Photosynthesis
VIT_19s0014g05080	Vitvi19g01981	1	Photosynthesis
VIT_19s0015g01760	Vitvi19g00909	1	Photosynthesis
VIT_19s0027g00200	Vitvi19g01479	1	Photosynthesis
VIT_19s0093g00510	Vitvi19g01352	1	Photosynthesis
VIT_00s0125g00280	Vitvi10g01236	1.1	Photosynthesis.photophosphorylation
VIT_00s0181g00200	Vitvi10g00378	1.1	Photosynthesis.photophosphorylation
VIT_00s0204g00170	Vitvi02g01762	1.1	Photosynthesis.photophosphorylation
VIT_00s0207g00210	Vitvi07g01275	1.1	Photosynthesis.photophosphorylation
VIT_00s0246g00200	Vitvi09g02103	1.1	Photosynthesis.photophosphorylation
VIT_00s0904g00010	Vitvi10g02212	1.1	Photosynthesis.photophosphorylation
VIT_00s1547g00010	Vitvi00g01145	1.1	Photosynthesis.photophosphorylation
VIT_00s1596g00010	Vitvi00g01161	1.1	Photosynthesis.photophosphorylation
VIT_01s0010g01170	Vitvi01g01373	1.1	Photosynthesis.photophosphorylation
VIT_01s0010g03620	Vitvi01g01648	1.1	Photosynthesis.photophosphorylation
VIT_01s0011g05290	Vitvi01g00449	1.1	Photosynthesis.photophosphorylation
VIT_01s0026g02680	Vitvi01g01035	1.1	Photosynthesis.photophosphorylation
VIT_01s0137g00210	Vitvi01g00589	1.1	Photosynthesis.photophosphorylation
VIT_01s0244g00170	Vitvi01g02296	1.1	Photosynthesis.photophosphorylation
VIT_02s0025g01470	Vitvi02g00133	1.1	Photosynthesis.photophosphorylation
VIT_02s0025g04710	Vitvi02g00434	1.1	Photosynthesis.photophosphorylation
VIT_03s0017g00940	Vitvi03g01127	1.1	Photosynthesis.photophosphorylation
VIT_03s0063g02020	Vitvi03g00375	1.1	Photosynthesis.photophosphorylation
VIT_03s0180g00110	Vitvi03g00549	1.1	Photosynthesis.photophosphorylation
VIT_04s0008g01730	Vitvi04g01806	1.1	Photosynthesis.photophosphorylation
VIT_04s0023g00410	Vitvi04g02063	1.1	Photosynthesis.photophosphorylation
VIT_04s0023g03510	Vitvi04g01468	1.1	Photosynthesis.photophosphorylation
VIT_04s0044g01310	Vitvi04g01693	1.1	Photosynthesis.photophosphorylation
VIT_04s0044g01410	Vitvi04g01700	1.1	Photosynthesis.photophosphorylation
VIT_05s0020g03180	Vitvi05g00474	1.1	Photosynthesis.photophosphorylation
VIT_05s0020g04110	Vitvi05g00563	1.1	Photosynthesis.photophosphorylation
VIT_05s0020g04600	Vitvi05g00621	1.1	Photosynthesis.photophosphorylation
VIT_05s0049g01760	Vitvi05g00817	1.1	Photosynthesis.photophosphorylation
VIT_06s0004g00260	Vitvi06g00033	1.1	Photosynthesis.photophosphorylation
VIT_06s0080g00920	Vitvi06g01531	1.1	Photosynthesis.photophosphorylation
VIT_07s0005g02220	Vitvi07g02246	1.1	Photosynthesis.photophosphorylation
VIT_07s0005g04400	Vitvi07g00690	1.1	Photosynthesis.photophosphorylation
VIT_07s0005g04920	Vitvi07g02309	1.1	Photosynthesis.photophosphorylation
VIT_07s0141g00570	Vitvi07g00035	1.1	Photosynthesis.photophosphorylation
VIT_08s0007g00780	Vitvi08g01239	1.1	Photosynthesis.photophosphorylation
VIT_08s0007g02190	Vitvi08g01360	1.1	Photosynthesis.photophosphorylation
VIT_08s0007g07480	Vitvi08g01821	1.1	Photosynthesis.photophosphorylation
VIT_09s0002g04320	Vitvi09g00361	1.1	Photosynthesis.photophosphorylation
VIT_10s0003g02890	Vitvi10g01839	1.1	Photosynthesis.photophosphorylation
VIT_10s0003g02900	Vitvi10g00740	1.1	Photosynthesis.photophosphorylation
VIT_10s0003g04350	Vitvi10g00882	1.1	Photosynthesis.photophosphorylation
VIT_11s0016g00730	Vitvi11g00052	1.1	Photosynthesis.photophosphorylation
VIT_11s0016g01400	Vitvi11g01345	1.1	Photosynthesis.photophosphorylation
VIT_11s0016g05570	Vitvi11g00488	1.1	Photosynthesis.photophosphorylation
VIT_12s0028g00320	Vitvi12g00050	1.1	Photosynthesis.photophosphorylation
VIT_12s0028g01080	Vitvi12g00092	1.1	Photosynthesis.photophosphorylation
VIT_12s0035g00270	Vitvi12g01968	1.1	Photosynthesis.photophosphorylation
VIT_12s0055g01110	Vitvi12g01553	1.1	Photosynthesis.photophosphorylation
VIT_12s0057g00630	Vitvi12g02485	1.1	Photosynthesis.photophosphorylation
VIT_12s0059g02430	Vitvi12g02416	1.1	Photosynthesis.photophosphorylation
VIT_12s0134g00510	Vitvi12g00628	1.1	Photosynthesis.photophosphorylation
VIT_13s0019g00260	Vitvi13g00250	1.1	Photosynthesis.photophosphorylation
VIT_13s0019g02630	Vitvi13g00384	1.1	Photosynthesis.photophosphorylation
VIT_13s0019g04140	Vitvi13g00590	1.1	Photosynthesis.photophosphorylation
VIT_13s0064g00670	Vitvi13g02488	1.1	Photosynthesis.photophosphorylation
VIT_13s0147g00110	Vitvi13g00918	1.1	Photosynthesis.photophosphorylation
VIT_14s0081g00060	Vitvi14g00489	1.1	Photosynthesis.photophosphorylation
VIT_14s0128g00050	Vitvi14g00284	1.1	Photosynthesis.photophosphorylation
VIT_15s0024g00040	Vitvi15g00004	1.1	Photosynthesis.photophosphorylation
VIT_16s0022g00630	Vitvi16g00707	1.1	Photosynthesis.photophosphorylation
VIT_17s0000g06350	Vitvi17g00615	1.1	Photosynthesis.photophosphorylation
VIT_18s0001g00760	Vitvi18g00158	1.1	Photosynthesis.photophosphorylation
VIT_18s0001g02740	Vitvi18g00272	1.1	Photosynthesis.photophosphorylation
VIT_18s0001g06720	Vitvi18g02192	1.1	Photosynthesis.photophosphorylation
VIT_18s0001g10550	Vitvi18g02680	1.1	Photosynthesis.photophosphorylation
VIT_18s0001g11370	Vitvi18g00867	1.1	Photosynthesis.photophosphorylation
VIT_18s0001g11710	Vitvi18g00894	1.1	Photosynthesis.photophosphorylation
VIT_18s0001g12070	Vitvi18g02735	1.1	Photosynthesis.photophosphorylation
VIT_18s0001g14450	Vitvi18g01130	1.1	Photosynthesis.photophosphorylation
VIT_18s0089g01170	Vitvi18g02408	1.1	Photosynthesis.photophosphorylation
VIT_18s0164g00030	Vitvi18g01431	1.1	Photosynthesis.photophosphorylation
VIT_19s0014g00160	Vitvi19g01793	1.1	Photosynthesis.photophosphorylation
VIT_19s0014g03660	Vitvi19g00298	1.1	Photosynthesis.photophosphorylation
VIT_19s0014g03850	Vitvi19g00308	1.1	Photosynthesis.photophosphorylation
VIT_19s0014g05080	Vitvi19g01981	1.1	Photosynthesis.photophosphorylation
VIT_19s0015g01760	Vitvi19g00909	1.1	Photosynthesis.photophosphorylation
VIT_19s0027g00200	Vitvi19g01479	1.1	Photosynthesis.photophosphorylation
VIT_00s0181g00200	Vitvi10g00378	1.1.1	Photosynthesis.photophosphorylation.photosystem II
VIT_00s0204g00170	Vitvi02g01762	1.1.1	Photosynthesis.photophosphorylation.photosystem II
VIT_00s0207g00210	Vitvi07g01275	1.1.1	Photosynthesis.photophosphorylation.photosystem II
VIT_00s0904g00010	Vitvi10g02212	1.1.1	Photosynthesis.photophosphorylation.photosystem II
VIT_01s0137g00210	Vitvi01g00589	1.1.1	Photosynthesis.photophosphorylation.photosystem II
VIT_03s0180g00110	Vitvi03g00549	1.1.1	Photosynthesis.photophosphorylation.photosystem II
VIT_04s0008g01730	Vitvi04g01806	1.1.1	Photosynthesis.photophosphorylation.photosystem II
VIT_05s0020g04110	Vitvi05g00563	1.1.1	Photosynthesis.photophosphorylation.photosystem II
VIT_06s0004g00260	Vitvi06g00033	1.1.1	Photosynthesis.photophosphorylation.photosystem II
VIT_07s0005g02220	Vitvi07g02246	1.1.1	Photosynthesis.photophosphorylation.photosystem II
VIT_07s0005g04400	Vitvi07g00690	1.1.1	Photosynthesis.photophosphorylation.photosystem II
VIT_07s0141g00570	Vitvi07g00035	1.1.1	Photosynthesis.photophosphorylation.photosystem II
VIT_08s0007g00780	Vitvi08g01239	1.1.1	Photosynthesis.photophosphorylation.photosystem II
VIT_08s0007g02190	Vitvi08g01360	1.1.1	Photosynthesis.photophosphorylation.photosystem II
VIT_10s0003g02890	Vitvi10g01839	1.1.1	Photosynthesis.photophosphorylation.photosystem II
VIT_10s0003g02900	Vitvi10g00740	1.1.1	Photosynthesis.photophosphorylation.photosystem II
VIT_11s0016g01400	Vitvi11g01345	1.1.1	Photosynthesis.photophosphorylation.photosystem II
VIT_11s0016g05570	Vitvi11g00488	1.1.1	Photosynthesis.photophosphorylation.photosystem II
VIT_12s0028g00320	Vitvi12g00050	1.1.1	Photosynthesis.photophosphorylation.photosystem II
VIT_12s0028g01080	Vitvi12g00092	1.1.1	Photosynthesis.photophosphorylation.photosystem II
VIT_12s0055g01110	Vitvi12g01553	1.1.1	Photosynthesis.photophosphorylation.photosystem II
VIT_12s0057g00630	Vitvi12g02485	1.1.1	Photosynthesis.photophosphorylation.photosystem II
VIT_13s0019g00260	Vitvi13g00250	1.1.1	Photosynthesis.photophosphorylation.photosystem II
VIT_13s0019g02630	Vitvi13g00384	1.1.1	Photosynthesis.photophosphorylation.photosystem II
VIT_13s0064g00670	Vitvi13g02488	1.1.1	Photosynthesis.photophosphorylation.photosystem II
VIT_14s0081g00060	Vitvi14g00489	1.1.1	Photosynthesis.photophosphorylation.photosystem II
VIT_14s0128g00050	Vitvi14g00284	1.1.1	Photosynthesis.photophosphorylation.photosystem II
VIT_16s0022g00630	Vitvi16g00707	1.1.1	Photosynthesis.photophosphorylation.photosystem II
VIT_18s0001g02740	Vitvi18g00272	1.1.1	Photosynthesis.photophosphorylation.photosystem II
VIT_18s0001g06720	Vitvi18g02192	1.1.1	Photosynthesis.photophosphorylation.photosystem II
VIT_18s0001g11710	Vitvi18g00894	1.1.1	Photosynthesis.photophosphorylation.photosystem II
VIT_18s0001g12070	Vitvi18g02735	1.1.1	Photosynthesis.photophosphorylation.photosystem II
VIT_18s0089g01170	Vitvi18g02408	1.1.1	Photosynthesis.photophosphorylation.photosystem II
VIT_19s0014g00160	Vitvi19g01793	1.1.1	Photosynthesis.photophosphorylation.photosystem II
VIT_19s0014g03660	Vitvi19g00298	1.1.1	Photosynthesis.photophosphorylation.photosystem II
VIT_19s0027g00200	Vitvi19g01479	1.1.1	Photosynthesis.photophosphorylation.photosystem II
VIT_00s0181g00200	Vitvi10g00378	1.1.1.1	Photosynthesis.photophosphorylation.photosystem II.LHC-II complex
VIT_07s0005g02220	Vitvi07g02246	1.1.1.1	Photosynthesis.photophosphorylation.photosystem II.LHC-II complex
VIT_08s0007g02190	Vitvi08g01360	1.1.1.1	Photosynthesis.photophosphorylation.photosystem II.LHC-II complex
VIT_10s0003g02890	Vitvi10g01839	1.1.1.1	Photosynthesis.photophosphorylation.photosystem II.LHC-II complex
VIT_10s0003g02900	Vitvi10g00740	1.1.1.1	Photosynthesis.photophosphorylation.photosystem II.LHC-II complex
VIT_12s0028g00320	Vitvi12g00050	1.1.1.1	Photosynthesis.photophosphorylation.photosystem II.LHC-II complex
VIT_12s0055g01110	Vitvi12g01553	1.1.1.1	Photosynthesis.photophosphorylation.photosystem II.LHC-II complex
VIT_12s0057g00630	Vitvi12g02485	1.1.1.1	Photosynthesis.photophosphorylation.photosystem II.LHC-II complex
VIT_18s0089g01170	Vitvi18g02408	1.1.1.1	Photosynthesis.photophosphorylation.photosystem II.LHC-II complex
VIT_19s0014g00160	Vitvi19g01793	1.1.1.1	Photosynthesis.photophosphorylation.photosystem II.LHC-II complex
VIT_19s0014g03660	Vitvi19g00298	1.1.1.1	Photosynthesis.photophosphorylation.photosystem II.LHC-II complex
VIT_00s0181g00200	Vitvi10g00378	1.1.1.1.1	Photosynthesis.photophosphorylation.photosystem II.LHC-II complex.component LHCb1/2/3
VIT_07s0005g02220	Vitvi07g02246	1.1.1.1.1	Photosynthesis.photophosphorylation.photosystem II.LHC-II complex.component LHCb1/2/3
VIT_10s0003g02890	Vitvi10g01839	1.1.1.1.1	Photosynthesis.photophosphorylation.photosystem II.LHC-II complex.component LHCb1/2/3
VIT_10s0003g02900	Vitvi10g00740	1.1.1.1.1	Photosynthesis.photophosphorylation.photosystem II.LHC-II complex.component LHCb1/2/3
VIT_12s0028g00320	Vitvi12g00050	1.1.1.1.1	Photosynthesis.photophosphorylation.photosystem II.LHC-II complex.component LHCb1/2/3
VIT_12s0057g00630	Vitvi12g02485	1.1.1.1.1	Photosynthesis.photophosphorylation.photosystem II.LHC-II complex.component LHCb1/2/3
VIT_19s0014g00160	Vitvi19g01793	1.1.1.1.1	Photosynthesis.photophosphorylation.photosystem II.LHC-II complex.component LHCb1/2/3
VIT_19s0014g03660	Vitvi19g00298	1.1.1.1.1	Photosynthesis.photophosphorylation.photosystem II.LHC-II complex.component LHCb1/2/3
VIT_08s0007g02190	Vitvi08g01360	1.1.1.1.2	Photosynthesis.photophosphorylation.photosystem II.LHC-II complex.component LHCb4
VIT_18s0089g01170	Vitvi18g02408	1.1.1.1.3	Photosynthesis.photophosphorylation.photosystem II.LHC-II complex.component LHCb5
VIT_12s0055g01110	Vitvi12g01553	1.1.1.1.4	Photosynthesis.photophosphorylation.photosystem II.LHC-II complex.component LHCb6
VIT_00s0207g00210	Vitvi07g01275	1.1.1.2	Photosynthesis.photophosphorylation.photosystem II.PS-II complex
VIT_00s0904g00010	Vitvi10g02212	1.1.1.2	Photosynthesis.photophosphorylation.photosystem II.PS-II complex
VIT_01s0137g00210	Vitvi01g00589	1.1.1.2	Photosynthesis.photophosphorylation.photosystem II.PS-II complex
VIT_04s0008g01730	Vitvi04g01806	1.1.1.2	Photosynthesis.photophosphorylation.photosystem II.PS-II complex
VIT_07s0141g00570	Vitvi07g00035	1.1.1.2	Photosynthesis.photophosphorylation.photosystem II.PS-II complex
VIT_11s0016g01400	Vitvi11g01345	1.1.1.2	Photosynthesis.photophosphorylation.photosystem II.PS-II complex
VIT_12s0028g01080	Vitvi12g00092	1.1.1.2	Photosynthesis.photophosphorylation.photosystem II.PS-II complex
VIT_13s0019g02630	Vitvi13g00384	1.1.1.2	Photosynthesis.photophosphorylation.photosystem II.PS-II complex
VIT_13s0064g00670	Vitvi13g02488	1.1.1.2	Photosynthesis.photophosphorylation.photosystem II.PS-II complex
VIT_14s0081g00060	Vitvi14g00489	1.1.1.2	Photosynthesis.photophosphorylation.photosystem II.PS-II complex
VIT_18s0001g11710	Vitvi18g00894	1.1.1.2	Photosynthesis.photophosphorylation.photosystem II.PS-II complex
VIT_18s0001g12070	Vitvi18g02735	1.1.1.2	Photosynthesis.photophosphorylation.photosystem II.PS-II complex
VIT_19s0027g00200	Vitvi19g01479	1.1.1.2	Photosynthesis.photophosphorylation.photosystem II.PS-II complex
VIT_13s0019g02630	Vitvi13g00384	1.1.1.2.1	Photosynthesis.photophosphorylation.photosystem II.PS-II complex.reaction center complex
VIT_13s0019g02630	Vitvi13g00384	1.1.1.2.1.1	Photosynthesis.photophosphorylation.photosystem II.PS-II complex.reaction center complex.component D1/PsbA
VIT_13s0064g00670	Vitvi13g02488	1.1.1.2.11	Photosynthesis.photophosphorylation.photosystem II.PS-II complex.component PsbTn
VIT_07s0141g00570	Vitvi07g00035	1.1.1.2.12	Photosynthesis.photophosphorylation.photosystem II.PS-II complex.component PsbW
VIT_14s0081g00060	Vitvi14g00489	1.1.1.2.12	Photosynthesis.photophosphorylation.photosystem II.PS-II complex.component PsbW
VIT_04s0008g01730	Vitvi04g01806	1.1.1.2.13	Photosynthesis.photophosphorylation.photosystem II.PS-II complex.component PsbX
VIT_11s0016g01400	Vitvi11g01345	1.1.1.2.13	Photosynthesis.photophosphorylation.photosystem II.PS-II complex.component PsbX
VIT_01s0137g00210	Vitvi01g00589	1.1.1.2.14	Photosynthesis.photophosphorylation.photosystem II.PS-II complex.component PsbY
VIT_00s0207g00210	Vitvi07g01275	1.1.1.2.2	Photosynthesis.photophosphorylation.photosystem II.PS-II complex.oxygen-evolving center (OEC) extrinsic proteins
VIT_00s0904g00010	Vitvi10g02212	1.1.1.2.2	Photosynthesis.photophosphorylation.photosystem II.PS-II complex.oxygen-evolving center (OEC) extrinsic proteins
VIT_12s0028g01080	Vitvi12g00092	1.1.1.2.2	Photosynthesis.photophosphorylation.photosystem II.PS-II complex.oxygen-evolving center (OEC) extrinsic proteins
VIT_18s0001g11710	Vitvi18g00894	1.1.1.2.2	Photosynthesis.photophosphorylation.photosystem II.PS-II complex.oxygen-evolving center (OEC) extrinsic proteins
VIT_00s0207g00210	Vitvi07g01275	1.1.1.2.2.1	Photosynthesis.photophosphorylation.photosystem II.PS-II complex.oxygen-evolving center (OEC) extrinsic proteins.component OEC33/PsbO
VIT_18s0001g11710	Vitvi18g00894	1.1.1.2.2.1	Photosynthesis.photophosphorylation.photosystem II.PS-II complex.oxygen-evolving center (OEC) extrinsic proteins.component OEC33/PsbO
VIT_00s0904g00010	Vitvi10g02212	1.1.1.2.2.2	Photosynthesis.photophosphorylation.photosystem II.PS-II complex.oxygen-evolving center (OEC) extrinsic proteins.Viridiplantae-specific components
VIT_12s0028g01080	Vitvi12g00092	1.1.1.2.2.2	Photosynthesis.photophosphorylation.photosystem II.PS-II complex.oxygen-evolving center (OEC) extrinsic proteins.Viridiplantae-specific components
VIT_12s0028g01080	Vitvi12g00092	1.1.1.2.2.2.1	Photosynthesis.photophosphorylation.photosystem II.PS-II complex.oxygen-evolving center (OEC) extrinsic proteins.Viridiplantae-specific components.component OEC23/PsbP
VIT_00s0904g00010	Vitvi10g02212	1.1.1.2.2.2.2	Photosynthesis.photophosphorylation.photosystem II.PS-II complex.oxygen-evolving center (OEC) extrinsic proteins.Viridiplantae-specific components.component OEC16/PsbQ
VIT_18s0001g12070	Vitvi18g02735	1.1.1.2.7	Photosynthesis.photophosphorylation.photosystem II.PS-II complex.component PsbM
VIT_19s0027g00200	Vitvi19g01479	1.1.1.2.9	Photosynthesis.photophosphorylation.photosystem II.PS-II complex.component PsbR
VIT_06s0004g00260	Vitvi06g00033	1.1.1.3	Photosynthesis.photophosphorylation.photosystem II.assembly and maintenance
VIT_07s0005g04400	Vitvi07g00690	1.1.1.3	Photosynthesis.photophosphorylation.photosystem II.assembly and maintenance
VIT_08s0007g00780	Vitvi08g01239	1.1.1.3	Photosynthesis.photophosphorylation.photosystem II.assembly and maintenance
VIT_13s0019g00260	Vitvi13g00250	1.1.1.3	Photosynthesis.photophosphorylation.photosystem II.assembly and maintenance
VIT_14s0128g00050	Vitvi14g00284	1.1.1.3	Photosynthesis.photophosphorylation.photosystem II.assembly and maintenance
VIT_16s0022g00630	Vitvi16g00707	1.1.1.3	Photosynthesis.photophosphorylation.photosystem II.assembly and maintenance
VIT_18s0001g06720	Vitvi18g02192	1.1.1.3	Photosynthesis.photophosphorylation.photosystem II.assembly and maintenance
VIT_14s0128g00050	Vitvi14g00284	1.1.1.3.12	Photosynthesis.photophosphorylation.photosystem II.assembly and maintenance.assembly factor (Psb32)
VIT_18s0001g06720	Vitvi18g02192	1.1.1.3.13	Photosynthesis.photophosphorylation.photosystem II.assembly and maintenance.stabilizing factor (Psb33)
VIT_16s0022g00630	Vitvi16g00707	1.1.1.3.14	Photosynthesis.photophosphorylation.photosystem II.assembly and maintenance.assembly factor (PAM68)
VIT_06s0004g00260	Vitvi06g00033	1.1.1.3.16	Photosynthesis.photophosphorylation.photosystem II.assembly and maintenance.assembly factor (MET1)
VIT_13s0019g00260	Vitvi13g00250	1.1.1.3.17	Photosynthesis.photophosphorylation.photosystem II.assembly and maintenance.assembly factor (PPL1)
VIT_08s0007g00780	Vitvi08g01239	1.1.1.3.7	Photosynthesis.photophosphorylation.photosystem II.assembly and maintenance.HCF244-OHP assembly factor complex
VIT_08s0007g00780	Vitvi08g01239	1.1.1.3.7.2	Photosynthesis.photophosphorylation.photosystem II.assembly and maintenance.HCF244-OHP assembly factor complex.component OHP1
VIT_07s0005g04400	Vitvi07g00690	1.1.1.3.9	Photosynthesis.photophosphorylation.photosystem II.assembly and maintenance.regulatory protein (Psb28)
VIT_11s0016g05570	Vitvi11g00488	1.1.1.4	Photosynthesis.photophosphorylation.photosystem II.photosynthetic acclimation
VIT_11s0016g05570	Vitvi11g00488	1.1.1.4.3	Photosynthesis.photophosphorylation.photosystem II.photosynthetic acclimation.acclimation factor (MPH2)
VIT_18s0001g02740	Vitvi18g00272	1.1.1.5	Photosynthesis.photophosphorylation.photosystem II.photoprotection
VIT_18s0001g02740	Vitvi18g00272	1.1.1.5.1	Photosynthesis.photophosphorylation.photosystem II.photoprotection.non-photochemical quenching (NPQ)
VIT_18s0001g02740	Vitvi18g00272	1.1.1.5.1.2	Photosynthesis.photophosphorylation.photosystem II.photoprotection.non-photochemical quenching (NPQ).PsbS-dependent machinery
VIT_18s0001g02740	Vitvi18g00272	1.1.1.5.1.2.1	Photosynthesis.photophosphorylation.photosystem II.photoprotection.non-photochemical quenching (NPQ).PsbS-dependent machinery.regulatory protein (PsbS)
VIT_00s0204g00170	Vitvi02g01762	1.1.1.6	Photosynthesis.photophosphorylation.photosystem II.LHC-related protein groups
VIT_03s0180g00110	Vitvi03g00549	1.1.1.6	Photosynthesis.photophosphorylation.photosystem II.LHC-related protein groups
VIT_05s0020g04110	Vitvi05g00563	1.1.1.6	Photosynthesis.photophosphorylation.photosystem II.LHC-related protein groups
VIT_00s0204g00170	Vitvi02g01762	1.1.1.6.1	Photosynthesis.photophosphorylation.photosystem II.LHC-related protein groups.two-helix LHC-related protein group
VIT_03s0180g00110	Vitvi03g00549	1.1.1.6.1	Photosynthesis.photophosphorylation.photosystem II.LHC-related protein groups.two-helix LHC-related protein group
VIT_03s0180g00110	Vitvi03g00549	1.1.1.6.1.1	Photosynthesis.photophosphorylation.photosystem II.LHC-related protein groups.two-helix LHC-related protein group.protein (SEP1)
VIT_00s0204g00170	Vitvi02g01762	1.1.1.6.1.3	Photosynthesis.photophosphorylation.photosystem II.LHC-related protein groups.two-helix LHC-related protein group.protein (SEP3)
VIT_05s0020g04110	Vitvi05g00563	1.1.1.6.2	Photosynthesis.photophosphorylation.photosystem II.LHC-related protein groups.three-helix LHC-related protein group
VIT_05s0020g04110	Vitvi05g00563	1.1.1.6.2.1	Photosynthesis.photophosphorylation.photosystem II.LHC-related protein groups.three-helix LHC-related protein group.protein (ELIP)
VIT_01s0010g01170	Vitvi01g01373	1.1.2	Photosynthesis.photophosphorylation.cytochrome b6/f complex
VIT_03s0017g00940	Vitvi03g01127	1.1.2	Photosynthesis.photophosphorylation.cytochrome b6/f complex
VIT_12s0134g00510	Vitvi12g00628	1.1.2	Photosynthesis.photophosphorylation.cytochrome b6/f complex
VIT_18s0001g11370	Vitvi18g00867	1.1.2	Photosynthesis.photophosphorylation.cytochrome b6/f complex
VIT_19s0014g03850	Vitvi19g00308	1.1.2	Photosynthesis.photophosphorylation.cytochrome b6/f complex
VIT_03s0017g00940	Vitvi03g01127	1.1.2.3	Photosynthesis.photophosphorylation.cytochrome b6/f complex.Rieske iron-sulfur component PetC
VIT_12s0134g00510	Vitvi12g00628	1.1.2.3	Photosynthesis.photophosphorylation.cytochrome b6/f complex.Rieske iron-sulfur component PetC
VIT_19s0014g03850	Vitvi19g00308	1.1.2.3	Photosynthesis.photophosphorylation.cytochrome b6/f complex.Rieske iron-sulfur component PetC
VIT_18s0001g11370	Vitvi18g00867	1.1.2.7	Photosynthesis.photophosphorylation.cytochrome b6/f complex.component PetM/VII
VIT_01s0010g01170	Vitvi01g01373	1.1.2.9	Photosynthesis.photophosphorylation.cytochrome b6/f complex.assembly
VIT_01s0010g01170	Vitvi01g01373	1.1.2.9.1	Photosynthesis.photophosphorylation.cytochrome b6/f complex.assembly.CCB cytochrome b6 maturation system (system IV)
VIT_01s0010g01170	Vitvi01g01373	1.1.2.9.1.3	Photosynthesis.photophosphorylation.cytochrome b6/f complex.assembly.CCB cytochrome b6 maturation system (system IV).assembly factor (CCB3)
VIT_18s0001g00760	Vitvi18g00158	1.1.3	Photosynthesis.photophosphorylation.Cytb6/f to PS-I electron carriers
VIT_18s0001g00760	Vitvi18g00158	1.1.3.1	Photosynthesis.photophosphorylation.Cytb6/f to PS-I electron carriers.plastocyanin
VIT_00s0125g00280	Vitvi10g01236	1.1.4	Photosynthesis.photophosphorylation.photosystem I
VIT_00s0246g00200	Vitvi09g02103	1.1.4	Photosynthesis.photophosphorylation.photosystem I
VIT_01s0010g03620	Vitvi01g01648	1.1.4	Photosynthesis.photophosphorylation.photosystem I
VIT_04s0023g00410	Vitvi04g02063	1.1.4	Photosynthesis.photophosphorylation.photosystem I
VIT_04s0044g01410	Vitvi04g01700	1.1.4	Photosynthesis.photophosphorylation.photosystem I
VIT_05s0020g03180	Vitvi05g00474	1.1.4	Photosynthesis.photophosphorylation.photosystem I
VIT_06s0080g00920	Vitvi06g01531	1.1.4	Photosynthesis.photophosphorylation.photosystem I
VIT_07s0005g04920	Vitvi07g02309	1.1.4	Photosynthesis.photophosphorylation.photosystem I
VIT_09s0002g04320	Vitvi09g00361	1.1.4	Photosynthesis.photophosphorylation.photosystem I
VIT_10s0003g04350	Vitvi10g00882	1.1.4	Photosynthesis.photophosphorylation.photosystem I
VIT_11s0016g00730	Vitvi11g00052	1.1.4	Photosynthesis.photophosphorylation.photosystem I
VIT_12s0059g02430	Vitvi12g02416	1.1.4	Photosynthesis.photophosphorylation.photosystem I
VIT_13s0019g04140	Vitvi13g00590	1.1.4	Photosynthesis.photophosphorylation.photosystem I
VIT_15s0024g00040	Vitvi15g00004	1.1.4	Photosynthesis.photophosphorylation.photosystem I
VIT_17s0000g06350	Vitvi17g00615	1.1.4	Photosynthesis.photophosphorylation.photosystem I
VIT_18s0001g10550	Vitvi18g02680	1.1.4	Photosynthesis.photophosphorylation.photosystem I
VIT_19s0015g01760	Vitvi19g00909	1.1.4	Photosynthesis.photophosphorylation.photosystem I
VIT_01s0010g03620	Vitvi01g01648	1.1.4.1	Photosynthesis.photophosphorylation.photosystem I.LHC-I complex
VIT_11s0016g00730	Vitvi11g00052	1.1.4.1	Photosynthesis.photophosphorylation.photosystem I.LHC-I complex
VIT_13s0019g04140	Vitvi13g00590	1.1.4.1	Photosynthesis.photophosphorylation.photosystem I.LHC-I complex
VIT_15s0024g00040	Vitvi15g00004	1.1.4.1	Photosynthesis.photophosphorylation.photosystem I.LHC-I complex
VIT_17s0000g06350	Vitvi17g00615	1.1.4.1	Photosynthesis.photophosphorylation.photosystem I.LHC-I complex
VIT_18s0001g10550	Vitvi18g02680	1.1.4.1	Photosynthesis.photophosphorylation.photosystem I.LHC-I complex
VIT_13s0019g04140	Vitvi13g00590	1.1.4.1.1	Photosynthesis.photophosphorylation.photosystem I.LHC-I complex.component LHCa1
VIT_01s0010g03620	Vitvi01g01648	1.1.4.1.2	Photosynthesis.photophosphorylation.photosystem I.LHC-I complex.component LHCa2
VIT_15s0024g00040	Vitvi15g00004	1.1.4.1.3	Photosynthesis.photophosphorylation.photosystem I.LHC-I complex.component LHCa3
VIT_17s0000g06350	Vitvi17g00615	1.1.4.1.4	Photosynthesis.photophosphorylation.photosystem I.LHC-I complex.component LHCa4
VIT_18s0001g10550	Vitvi18g02680	1.1.4.1.5	Photosynthesis.photophosphorylation.photosystem I.LHC-I complex.component LHCa5
VIT_11s0016g00730	Vitvi11g00052	1.1.4.1.6	Photosynthesis.photophosphorylation.photosystem I.LHC-I complex.component LHCa6
VIT_00s0125g00280	Vitvi10g01236	1.1.4.2	Photosynthesis.photophosphorylation.photosystem I.PS-I complex
VIT_00s0246g00200	Vitvi09g02103	1.1.4.2	Photosynthesis.photophosphorylation.photosystem I.PS-I complex
VIT_04s0023g00410	Vitvi04g02063	1.1.4.2	Photosynthesis.photophosphorylation.photosystem I.PS-I complex
VIT_04s0044g01410	Vitvi04g01700	1.1.4.2	Photosynthesis.photophosphorylation.photosystem I.PS-I complex
VIT_05s0020g03180	Vitvi05g00474	1.1.4.2	Photosynthesis.photophosphorylation.photosystem I.PS-I complex
VIT_06s0080g00920	Vitvi06g01531	1.1.4.2	Photosynthesis.photophosphorylation.photosystem I.PS-I complex
VIT_07s0005g04920	Vitvi07g02309	1.1.4.2	Photosynthesis.photophosphorylation.photosystem I.PS-I complex
VIT_09s0002g04320	Vitvi09g00361	1.1.4.2	Photosynthesis.photophosphorylation.photosystem I.PS-I complex
VIT_10s0003g04350	Vitvi10g00882	1.1.4.2	Photosynthesis.photophosphorylation.photosystem I.PS-I complex
VIT_19s0015g01760	Vitvi19g00909	1.1.4.2	Photosynthesis.photophosphorylation.photosystem I.PS-I complex
VIT_10s0003g04350	Vitvi10g00882	1.1.4.2.11	Photosynthesis.photophosphorylation.photosystem I.PS-I complex.component PsaK
VIT_04s0023g00410	Vitvi04g02063	1.1.4.2.12	Photosynthesis.photophosphorylation.photosystem I.PS-I complex.component PsaL
VIT_04s0044g01410	Vitvi04g01700	1.1.4.2.14	Photosynthesis.photophosphorylation.photosystem I.PS-I complex.component PsaN
VIT_06s0080g00920	Vitvi06g01531	1.1.4.2.15	Photosynthesis.photophosphorylation.photosystem I.PS-I complex.component PsaO
VIT_00s0246g00200	Vitvi09g02103	1.1.4.2.3	Photosynthesis.photophosphorylation.photosystem I.PS-I complex.component PsaC
VIT_05s0020g03180	Vitvi05g00474	1.1.4.2.4	Photosynthesis.photophosphorylation.photosystem I.PS-I complex.component PsaD
VIT_07s0005g04920	Vitvi07g02309	1.1.4.2.5	Photosynthesis.photophosphorylation.photosystem I.PS-I complex.component PsaE
VIT_00s0125g00280	Vitvi10g01236	1.1.4.2.6	Photosynthesis.photophosphorylation.photosystem I.PS-I complex.component PsaF
VIT_19s0015g01760	Vitvi19g00909	1.1.4.2.7	Photosynthesis.photophosphorylation.photosystem I.PS-I complex.component PsaG
VIT_09s0002g04320	Vitvi09g00361	1.1.4.2.8	Photosynthesis.photophosphorylation.photosystem I.PS-I complex.component PsaH
VIT_12s0059g02430	Vitvi12g02416	1.1.4.3	Photosynthesis.photophosphorylation.photosystem I.assembly and maintenance
VIT_12s0059g02430	Vitvi12g02416	1.1.4.3.4	Photosynthesis.photophosphorylation.photosystem I.assembly and maintenance.assembly factor (YCF4)
VIT_01s0244g00170	Vitvi01g02296	1.1.5	Photosynthesis.photophosphorylation.linear electron flow
VIT_03s0063g02020	Vitvi03g00375	1.1.5	Photosynthesis.photophosphorylation.linear electron flow
VIT_04s0023g03510	Vitvi04g01468	1.1.5	Photosynthesis.photophosphorylation.linear electron flow
VIT_12s0035g00270	Vitvi12g01968	1.1.5	Photosynthesis.photophosphorylation.linear electron flow
VIT_13s0147g00110	Vitvi13g00918	1.1.5	Photosynthesis.photophosphorylation.linear electron flow
VIT_18s0001g14450	Vitvi18g01130	1.1.5	Photosynthesis.photophosphorylation.linear electron flow
VIT_12s0035g00270	Vitvi12g01968	1.1.5.1	Photosynthesis.photophosphorylation.linear electron flow.ferredoxin electron carrier
VIT_13s0147g00110	Vitvi13g00918	1.1.5.1	Photosynthesis.photophosphorylation.linear electron flow.ferredoxin electron carrier
VIT_01s0244g00170	Vitvi01g02296	1.1.5.2	Photosynthesis.photophosphorylation.linear electron flow.ferredoxin-NADP reductase (FNR) activity
VIT_03s0063g02020	Vitvi03g00375	1.1.5.2	Photosynthesis.photophosphorylation.linear electron flow.ferredoxin-NADP reductase (FNR) activity
VIT_04s0023g03510	Vitvi04g01468	1.1.5.2	Photosynthesis.photophosphorylation.linear electron flow.ferredoxin-NADP reductase (FNR) activity
VIT_18s0001g14450	Vitvi18g01130	1.1.5.2	Photosynthesis.photophosphorylation.linear electron flow.ferredoxin-NADP reductase (FNR) activity
VIT_04s0023g03510	Vitvi04g01468	1.1.5.2.1	Photosynthesis.photophosphorylation.linear electron flow.ferredoxin-NADP reductase (FNR) activity.ferredoxin-NADP oxidoreductase
VIT_18s0001g14450	Vitvi18g01130	1.1.5.2.1	Photosynthesis.photophosphorylation.linear electron flow.ferredoxin-NADP reductase (FNR) activity.ferredoxin-NADP oxidoreductase
VIT_03s0063g02020	Vitvi03g00375	1.1.5.2.2	Photosynthesis.photophosphorylation.linear electron flow.ferredoxin-NADP reductase (FNR) activity.FNR membrane-tethering
VIT_03s0063g02020	Vitvi03g00375	1.1.5.2.2.2	Photosynthesis.photophosphorylation.linear electron flow.ferredoxin-NADP reductase (FNR) activity.FNR membrane-tethering.FNR-interacting protein (TIC62)
VIT_01s0244g00170	Vitvi01g02296	1.1.5.2.3	Photosynthesis.photophosphorylation.linear electron flow.ferredoxin-NADP reductase (FNR) activity.FNR-regulatory protein (LIR1)
VIT_02s0025g04710	Vitvi02g00434	1.1.6	Photosynthesis.photophosphorylation.cyclic electron flow
VIT_05s0049g01760	Vitvi05g00817	1.1.6	Photosynthesis.photophosphorylation.cyclic electron flow
VIT_02s0025g04710	Vitvi02g00434	1.1.6.1	Photosynthesis.photophosphorylation.cyclic electron flow.PGR5/PGRL1 complex
VIT_05s0049g01760	Vitvi05g00817	1.1.6.1	Photosynthesis.photophosphorylation.cyclic electron flow.PGR5/PGRL1 complex
VIT_05s0049g01760	Vitvi05g00817	1.1.6.1.1	Photosynthesis.photophosphorylation.cyclic electron flow.PGR5/PGRL1 complex.component PGR5-like
VIT_02s0025g04710	Vitvi02g00434	1.1.6.1.2	Photosynthesis.photophosphorylation.cyclic electron flow.PGR5/PGRL1 complex.component PGRL1-like
VIT_00s1547g00010	Vitvi00g01145	1.1.8	Photosynthesis.photophosphorylation.chlororespiration
VIT_00s1596g00010	Vitvi00g01161	1.1.8	Photosynthesis.photophosphorylation.chlororespiration
VIT_01s0011g05290	Vitvi01g00449	1.1.8	Photosynthesis.photophosphorylation.chlororespiration
VIT_01s0026g02680	Vitvi01g01035	1.1.8	Photosynthesis.photophosphorylation.chlororespiration
VIT_02s0025g01470	Vitvi02g00133	1.1.8	Photosynthesis.photophosphorylation.chlororespiration
VIT_04s0044g01310	Vitvi04g01693	1.1.8	Photosynthesis.photophosphorylation.chlororespiration
VIT_05s0020g04600	Vitvi05g00621	1.1.8	Photosynthesis.photophosphorylation.chlororespiration
VIT_08s0007g07480	Vitvi08g01821	1.1.8	Photosynthesis.photophosphorylation.chlororespiration
VIT_19s0014g05080	Vitvi19g01981	1.1.8	Photosynthesis.photophosphorylation.chlororespiration
VIT_00s1547g00010	Vitvi00g01145	1.1.8.1	Photosynthesis.photophosphorylation.chlororespiration.NADH dehydrogenase-like (NDH) complex
VIT_00s1596g00010	Vitvi00g01161	1.1.8.1	Photosynthesis.photophosphorylation.chlororespiration.NADH dehydrogenase-like (NDH) complex
VIT_01s0011g05290	Vitvi01g00449	1.1.8.1	Photosynthesis.photophosphorylation.chlororespiration.NADH dehydrogenase-like (NDH) complex
VIT_01s0026g02680	Vitvi01g01035	1.1.8.1	Photosynthesis.photophosphorylation.chlororespiration.NADH dehydrogenase-like (NDH) complex
VIT_02s0025g01470	Vitvi02g00133	1.1.8.1	Photosynthesis.photophosphorylation.chlororespiration.NADH dehydrogenase-like (NDH) complex
VIT_04s0044g01310	Vitvi04g01693	1.1.8.1	Photosynthesis.photophosphorylation.chlororespiration.NADH dehydrogenase-like (NDH) complex
VIT_05s0020g04600	Vitvi05g00621	1.1.8.1	Photosynthesis.photophosphorylation.chlororespiration.NADH dehydrogenase-like (NDH) complex
VIT_08s0007g07480	Vitvi08g01821	1.1.8.1	Photosynthesis.photophosphorylation.chlororespiration.NADH dehydrogenase-like (NDH) complex
VIT_19s0014g05080	Vitvi19g01981	1.1.8.1	Photosynthesis.photophosphorylation.chlororespiration.NADH dehydrogenase-like (NDH) complex
VIT_01s0011g05290	Vitvi01g00449	1.1.8.1.2	Photosynthesis.photophosphorylation.chlororespiration.NADH dehydrogenase-like (NDH) complex.subcomplex A
VIT_04s0044g01310	Vitvi04g01693	1.1.8.1.2	Photosynthesis.photophosphorylation.chlororespiration.NADH dehydrogenase-like (NDH) complex.subcomplex A
VIT_01s0011g05290	Vitvi01g00449	1.1.8.1.2.5	Photosynthesis.photophosphorylation.chlororespiration.NADH dehydrogenase-like (NDH) complex.subcomplex A.component NdhL
VIT_04s0044g01310	Vitvi04g01693	1.1.8.1.2.8	Photosynthesis.photophosphorylation.chlororespiration.NADH dehydrogenase-like (NDH) complex.subcomplex A.component NdhO
VIT_00s1547g00010	Vitvi00g01145	1.1.8.1.3	Photosynthesis.photophosphorylation.chlororespiration.NADH dehydrogenase-like (NDH) complex.subcomplex B
VIT_00s1596g00010	Vitvi00g01161	1.1.8.1.3	Photosynthesis.photophosphorylation.chlororespiration.NADH dehydrogenase-like (NDH) complex.subcomplex B
VIT_05s0020g04600	Vitvi05g00621	1.1.8.1.3	Photosynthesis.photophosphorylation.chlororespiration.NADH dehydrogenase-like (NDH) complex.subcomplex B
VIT_00s1547g00010	Vitvi00g01145	1.1.8.1.3.4	Photosynthesis.photophosphorylation.chlororespiration.NADH dehydrogenase-like (NDH) complex.subcomplex B.component PnsB4/NDF6
VIT_00s1596g00010	Vitvi00g01161	1.1.8.1.3.4	Photosynthesis.photophosphorylation.chlororespiration.NADH dehydrogenase-like (NDH) complex.subcomplex B.component PnsB4/NDF6
VIT_05s0020g04600	Vitvi05g00621	1.1.8.1.3.5	Photosynthesis.photophosphorylation.chlororespiration.NADH dehydrogenase-like (NDH) complex.subcomplex B.component PnsB5/NDH18
VIT_01s0026g02680	Vitvi01g01035	1.1.8.1.4	Photosynthesis.photophosphorylation.chlororespiration.NADH dehydrogenase-like (NDH) complex.lumen subcomplex L
VIT_19s0014g05080	Vitvi19g01981	1.1.8.1.4	Photosynthesis.photophosphorylation.chlororespiration.NADH dehydrogenase-like (NDH) complex.lumen subcomplex L
VIT_01s0026g02680	Vitvi01g01035	1.1.8.1.4.2	Photosynthesis.photophosphorylation.chlororespiration.NADH dehydrogenase-like (NDH) complex.lumen subcomplex L.component PnsL2/PQL1
VIT_19s0014g05080	Vitvi19g01981	1.1.8.1.4.3	Photosynthesis.photophosphorylation.chlororespiration.NADH dehydrogenase-like (NDH) complex.lumen subcomplex L.component PnsL3/PQL2
VIT_02s0025g01470	Vitvi02g00133	1.1.8.1.5	Photosynthesis.photophosphorylation.chlororespiration.NADH dehydrogenase-like (NDH) complex.electron donor-binding subcomplex E
VIT_02s0025g01470	Vitvi02g00133	1.1.8.1.5.1	Photosynthesis.photophosphorylation.chlororespiration.NADH dehydrogenase-like (NDH) complex.electron donor-binding subcomplex E.component NdhS
VIT_08s0007g07480	Vitvi08g01821	1.1.8.1.6	Photosynthesis.photophosphorylation.chlororespiration.NADH dehydrogenase-like (NDH) complex.assembly and stabilization
VIT_08s0007g07480	Vitvi08g01821	1.1.8.1.6.7	Photosynthesis.photophosphorylation.chlororespiration.NADH dehydrogenase-like (NDH) complex.assembly and stabilization.assembly factor (NDF5)
VIT_18s0164g00030	Vitvi18g01431	1.1.9	Photosynthesis.photophosphorylation.ATP synthase complex
VIT_18s0164g00030	Vitvi18g01431	1.1.9.2	Photosynthesis.photophosphorylation.ATP synthase complex.peripheral CF1 subcomplex
VIT_18s0164g00030	Vitvi18g01431	1.1.9.2.4	Photosynthesis.photophosphorylation.ATP synthase complex.peripheral CF1 subcomplex.subunit delta
VIT_02s0109g00080	Vitvi02g00915	1.2	Photosynthesis.calvin cycle
VIT_03s0038g00670	Vitvi03g00048	1.2	Photosynthesis.calvin cycle
VIT_04s0008g05340	Vitvi04g01902	1.2	Photosynthesis.calvin cycle
VIT_04s0023g03010	Vitvi04g01421	1.2	Photosynthesis.calvin cycle
VIT_06s0004g05180	Vitvi06g00513	1.2	Photosynthesis.calvin cycle
VIT_08s0007g00840	Vitvi08g01245	1.2	Photosynthesis.calvin cycle
VIT_08s0007g01570	Vitvi08g01301	1.2	Photosynthesis.calvin cycle
VIT_08s0007g01590	Vitvi08g02231	1.2	Photosynthesis.calvin cycle
VIT_11s0052g00820	Vitvi11g01657	1.2	Photosynthesis.calvin cycle
VIT_13s0019g02050	Vitvi13g01994	1.2	Photosynthesis.calvin cycle
VIT_13s0019g03350	Vitvi13g00507	1.2	Photosynthesis.calvin cycle
VIT_14s0068g00680	Vitvi14g01424	1.2	Photosynthesis.calvin cycle
VIT_15s0048g00370	Vitvi15g00690	1.2	Photosynthesis.calvin cycle
VIT_17s0000g03690	Vitvi17g00320	1.2	Photosynthesis.calvin cycle
VIT_04s0008g05340	Vitvi04g01902	1.2.1	Photosynthesis.calvin cycle.ribulose-1,5-bisphosphat carboxylase/oxygenase (RuBisCo) activity
VIT_06s0004g05180	Vitvi06g00513	1.2.1	Photosynthesis.calvin cycle.ribulose-1,5-bisphosphat carboxylase/oxygenase (RuBisCo) activity
VIT_08s0007g00840	Vitvi08g01245	1.2.1	Photosynthesis.calvin cycle.ribulose-1,5-bisphosphat carboxylase/oxygenase (RuBisCo) activity
VIT_11s0052g00820	Vitvi11g01657	1.2.1	Photosynthesis.calvin cycle.ribulose-1,5-bisphosphat carboxylase/oxygenase (RuBisCo) activity
VIT_13s0019g02050	Vitvi13g01994	1.2.1	Photosynthesis.calvin cycle.ribulose-1,5-bisphosphat carboxylase/oxygenase (RuBisCo) activity
VIT_17s0000g03690	Vitvi17g00320	1.2.1	Photosynthesis.calvin cycle.ribulose-1,5-bisphosphat carboxylase/oxygenase (RuBisCo) activity
VIT_11s0052g00820	Vitvi11g01657	1.2.1.1	Photosynthesis.calvin cycle.ribulose-1,5-bisphosphat carboxylase/oxygenase (RuBisCo) activity.RuBisCo heterodimer
VIT_17s0000g03690	Vitvi17g00320	1.2.1.1	Photosynthesis.calvin cycle.ribulose-1,5-bisphosphat carboxylase/oxygenase (RuBisCo) activity.RuBisCo heterodimer
VIT_11s0052g00820	Vitvi11g01657	1.2.1.1.2	Photosynthesis.calvin cycle.ribulose-1,5-bisphosphat carboxylase/oxygenase (RuBisCo) activity.RuBisCo heterodimer.small subunit
VIT_17s0000g03690	Vitvi17g00320	1.2.1.1.2	Photosynthesis.calvin cycle.ribulose-1,5-bisphosphat carboxylase/oxygenase (RuBisCo) activity.RuBisCo heterodimer.small subunit
VIT_04s0008g05340	Vitvi04g01902	1.2.1.2	Photosynthesis.calvin cycle.ribulose-1,5-bisphosphat carboxylase/oxygenase (RuBisCo) activity.RuBisCo assembly
VIT_04s0008g05340	Vitvi04g01902	1.2.1.2.7	Photosynthesis.calvin cycle.ribulose-1,5-bisphosphat carboxylase/oxygenase (RuBisCo) activity.RuBisCo assembly.assembly factor (BSD2)
VIT_06s0004g05180	Vitvi06g00513	1.2.1.3	Photosynthesis.calvin cycle.ribulose-1,5-bisphosphat carboxylase/oxygenase (RuBisCo) activity.RuBisCo regulation
VIT_08s0007g00840	Vitvi08g01245	1.2.1.3	Photosynthesis.calvin cycle.ribulose-1,5-bisphosphat carboxylase/oxygenase (RuBisCo) activity.RuBisCo regulation
VIT_13s0019g02050	Vitvi13g01994	1.2.1.3	Photosynthesis.calvin cycle.ribulose-1,5-bisphosphat carboxylase/oxygenase (RuBisCo) activity.RuBisCo regulation
VIT_06s0004g05180	Vitvi06g00513	1.2.1.3.2	Photosynthesis.calvin cycle.ribulose-1,5-bisphosphat carboxylase/oxygenase (RuBisCo) activity.RuBisCo regulation.ATP-dependent activase (RCA)
VIT_08s0007g00840	Vitvi08g01245	1.2.1.3.2	Photosynthesis.calvin cycle.ribulose-1,5-bisphosphat carboxylase/oxygenase (RuBisCo) activity.RuBisCo regulation.ATP-dependent activase (RCA)
VIT_13s0019g02050	Vitvi13g01994	1.2.1.3.2	Photosynthesis.calvin cycle.ribulose-1,5-bisphosphat carboxylase/oxygenase (RuBisCo) activity.RuBisCo regulation.ATP-dependent activase (RCA)
VIT_02s0109g00080	Vitvi02g00915	1.2.11	Photosynthesis.calvin cycle.phosphoribulokinase
VIT_14s0068g00680	Vitvi14g01424	1.2.3	Photosynthesis.calvin cycle.glyceraldehyde 3-phosphate dehydrogenase
VIT_03s0038g00670	Vitvi03g00048	1.2.5	Photosynthesis.calvin cycle.fructose 1,6-bisphosphate aldolase
VIT_04s0023g03010	Vitvi04g01421	1.2.5	Photosynthesis.calvin cycle.fructose 1,6-bisphosphate aldolase
VIT_08s0007g01570	Vitvi08g01301	1.2.6	Photosynthesis.calvin cycle.fructose-1,6-bisphosphatase
VIT_08s0007g01590	Vitvi08g02231	1.2.6	Photosynthesis.calvin cycle.fructose-1,6-bisphosphatase
VIT_15s0048g00370	Vitvi15g00690	1.2.7	Photosynthesis.calvin cycle.transketolase
VIT_13s0019g03350	Vitvi13g00507	1.2.8	Photosynthesis.calvin cycle.sedoheptulose-1,7-bisphosphatase
VIT_02s0012g01120	Vitvi02g00680	1.3	Photosynthesis.photorespiration
VIT_03s0038g02510	Vitvi03g00154	1.3	Photosynthesis.photorespiration
VIT_10s0116g01540	Vitvi10g00078	1.3	Photosynthesis.photorespiration
VIT_19s0093g00510	Vitvi19g01352	1.3	Photosynthesis.photorespiration
VIT_19s0093g00510	Vitvi19g01352	1.3.2	Photosynthesis.photorespiration.glycolate oxidase
VIT_02s0012g01120	Vitvi02g00680	1.3.4	Photosynthesis.photorespiration.glycine decarboxylase complex
VIT_10s0116g01540	Vitvi10g00078	1.3.4	Photosynthesis.photorespiration.glycine decarboxylase complex
VIT_10s0116g01540	Vitvi10g00078	1.3.4.2	Photosynthesis.photorespiration.glycine decarboxylase complex.aminomethyltransferase component T-protein
VIT_02s0012g01120	Vitvi02g00680	1.3.4.4	Photosynthesis.photorespiration.glycine decarboxylase complex.lipoamide-containing component H-protein
VIT_03s0038g02510	Vitvi03g00154	1.3.6	Photosynthesis.photorespiration.hydroxypyruvate reductase (HPR)
VIT_01s0011g02740	Vitvi01g00214	1.4	Photosynthesis.CAM/C4 photosynthesis
VIT_05s0049g00950	Vitvi05g00736	1.4	Photosynthesis.CAM/C4 photosynthesis
VIT_12s0028g02180	Vitvi12g00185	1.4	Photosynthesis.CAM/C4 photosynthesis
VIT_01s0011g02740	Vitvi01g00214	1.4.1	Photosynthesis.CAM/C4 photosynthesis.phosphoenolpyruvate (PEP) carboxylase activity
VIT_05s0049g00950	Vitvi05g00736	1.4.1	Photosynthesis.CAM/C4 photosynthesis.phosphoenolpyruvate (PEP) carboxylase activity
VIT_12s0028g02180	Vitvi12g00185	1.4.1	Photosynthesis.CAM/C4 photosynthesis.phosphoenolpyruvate (PEP) carboxylase activity
VIT_01s0011g02740	Vitvi01g00214	1.4.1.1	Photosynthesis.CAM/C4 photosynthesis.phosphoenolpyruvate (PEP) carboxylase activity.PEP carboxylase
VIT_05s0049g00950	Vitvi05g00736	1.4.1.1	Photosynthesis.CAM/C4 photosynthesis.phosphoenolpyruvate (PEP) carboxylase activity.PEP carboxylase
VIT_12s0028g02180	Vitvi12g00185	1.4.1.1	Photosynthesis.CAM/C4 photosynthesis.phosphoenolpyruvate (PEP) carboxylase activity.PEP carboxylase
VIT_05s0049g00950	Vitvi05g00736	1.4.1.2	Photosynthesis.CAM/C4 photosynthesis.phosphoenolpyruvate (PEP) carboxylase activity.PEP carboxylase regulatory kinase
VIT_01s0127g00590	Vitvi01g02061	10	Redox homeostasis
VIT_02s0025g03590	Vitvi02g00332	10	Redox homeostasis
VIT_02s0025g03600	Vitvi02g00333	10	Redox homeostasis
VIT_03s0088g01250	Vitvi03g00792	10	Redox homeostasis
VIT_04s0044g00020	Vitvi04g01564	10	Redox homeostasis
VIT_05s0020g00600	Vitvi05g00235	10	Redox homeostasis
VIT_05s0020g04510	Vitvi05g00614	10	Redox homeostasis
VIT_05s0102g00120	Vitvi05g01469	10	Redox homeostasis
VIT_08s0040g03150	Vitvi08g01143	10	Redox homeostasis
VIT_11s0016g00560	Vitvi11g00038	10	Redox homeostasis
VIT_13s0074g00040	Vitvi13g00712	10	Redox homeostasis
VIT_14s0030g02180	Vitvi14g00471	10	Redox homeostasis
VIT_15s0046g03520	Vitvi15g01178	10	Redox homeostasis
VIT_16s0039g01410	Vitvi16g01509	10	Redox homeostasis
VIT_18s0001g06370	Vitvi18g00445	10	Redox homeostasis
VIT_18s0001g13240	Vitvi18g02774	10	Redox homeostasis
VIT_18s0001g15310	Vitvi18g01213	10	Redox homeostasis
VIT_19s0014g02830	Vitvi19g00233	10	Redox homeostasis
VIT_19s0014g05090	Vitvi19g00405	10	Redox homeostasis
VIT_19s0090g01000	Vitvi19g00549	10	Redox homeostasis
VIT_19s0014g02830	Vitvi19g00233	10.1	Redox homeostasis.reactive oxygen generation
VIT_19s0014g02830	Vitvi19g00233	10.1.1	Redox homeostasis.reactive oxygen generation.NADPH-oxidase (Rboh)
VIT_04s0044g00020	Vitvi04g01564	10.2	Redox homeostasis.enzymatic reactive oxygen species scavengers
VIT_04s0044g00020	Vitvi04g01564	10.2.1	Redox homeostasis.enzymatic reactive oxygen species scavengers.catalase
VIT_03s0088g01250	Vitvi03g00792	10.3	Redox homeostasis.low-molecular-weight scavengers
VIT_05s0020g04510	Vitvi05g00614	10.3	Redox homeostasis.low-molecular-weight scavengers
VIT_13s0074g00040	Vitvi13g00712	10.3	Redox homeostasis.low-molecular-weight scavengers
VIT_14s0030g02180	Vitvi14g00471	10.3	Redox homeostasis.low-molecular-weight scavengers
VIT_15s0046g03520	Vitvi15g01178	10.3	Redox homeostasis.low-molecular-weight scavengers
VIT_16s0039g01410	Vitvi16g01509	10.3	Redox homeostasis.low-molecular-weight scavengers
VIT_19s0090g01000	Vitvi19g00549	10.3	Redox homeostasis.low-molecular-weight scavengers
VIT_03s0088g01250	Vitvi03g00792	10.3.1	Redox homeostasis.low-molecular-weight scavengers.ascorbate biosynthesis
VIT_05s0020g04510	Vitvi05g00614	10.3.1	Redox homeostasis.low-molecular-weight scavengers.ascorbate biosynthesis
VIT_14s0030g02180	Vitvi14g00471	10.3.1	Redox homeostasis.low-molecular-weight scavengers.ascorbate biosynthesis
VIT_15s0046g03520	Vitvi15g01178	10.3.1	Redox homeostasis.low-molecular-weight scavengers.ascorbate biosynthesis
VIT_19s0090g01000	Vitvi19g00549	10.3.1	Redox homeostasis.low-molecular-weight scavengers.ascorbate biosynthesis
VIT_15s0046g03520	Vitvi15g01178	10.3.1.2	Redox homeostasis.low-molecular-weight scavengers.ascorbate biosynthesis.phosphomannomutase (PMM)
VIT_05s0020g04510	Vitvi05g00614	10.3.1.4	Redox homeostasis.low-molecular-weight scavengers.ascorbate biosynthesis.GDP-D-mannose-epimerase (GME)
VIT_14s0030g02180	Vitvi14g00471	10.3.1.4	Redox homeostasis.low-molecular-weight scavengers.ascorbate biosynthesis.GDP-D-mannose-epimerase (GME)
VIT_19s0090g01000	Vitvi19g00549	10.3.1.5	Redox homeostasis.low-molecular-weight scavengers.ascorbate biosynthesis.GDP-L-galactose phosphorylase (VTC2/5)
VIT_03s0088g01250	Vitvi03g00792	10.3.1.7	Redox homeostasis.low-molecular-weight scavengers.ascorbate biosynthesis.L-galactose dehydrogenase
VIT_13s0074g00040	Vitvi13g00712	10.3.2	Redox homeostasis.low-molecular-weight scavengers.tocopherol biosynthesis
VIT_16s0039g01410	Vitvi16g01509	10.3.2	Redox homeostasis.low-molecular-weight scavengers.tocopherol biosynthesis
VIT_16s0039g01410	Vitvi16g01509	10.3.2.6	Redox homeostasis.low-molecular-weight scavengers.tocopherol biosynthesis.gamma-tocopherol methyltransferase (VTE4/TMT)
VIT_13s0074g00040	Vitvi13g00712	10.3.2.7	Redox homeostasis.low-molecular-weight scavengers.tocopherol biosynthesis.phytol kinase (VTE5)
VIT_02s0025g03590	Vitvi02g00332	10.4	Redox homeostasis.hydrogen peroxide removal
VIT_02s0025g03600	Vitvi02g00333	10.4	Redox homeostasis.hydrogen peroxide removal
VIT_05s0020g00600	Vitvi05g00235	10.4	Redox homeostasis.hydrogen peroxide removal
VIT_05s0102g00120	Vitvi05g01469	10.4	Redox homeostasis.hydrogen peroxide removal
VIT_08s0040g03150	Vitvi08g01143	10.4	Redox homeostasis.hydrogen peroxide removal
VIT_18s0001g06370	Vitvi18g00445	10.4	Redox homeostasis.hydrogen peroxide removal
VIT_08s0040g03150	Vitvi08g01143	10.4.1	Redox homeostasis.hydrogen peroxide removal.ascorbate-glutathione cycle
VIT_18s0001g06370	Vitvi18g00445	10.4.1	Redox homeostasis.hydrogen peroxide removal.ascorbate-glutathione cycle
VIT_08s0040g03150	Vitvi08g01143	10.4.1.1	Redox homeostasis.hydrogen peroxide removal.ascorbate-glutathione cycle.ascorbate peroxidase (APX)
VIT_18s0001g06370	Vitvi18g00445	10.4.1.1	Redox homeostasis.hydrogen peroxide removal.ascorbate-glutathione cycle.ascorbate peroxidase (APX)
VIT_02s0025g03590	Vitvi02g00332	10.4.2	Redox homeostasis.hydrogen peroxide removal.glutathione peroxidase
VIT_02s0025g03600	Vitvi02g00333	10.4.2	Redox homeostasis.hydrogen peroxide removal.glutathione peroxidase
VIT_05s0102g00120	Vitvi05g01469	10.4.2	Redox homeostasis.hydrogen peroxide removal.glutathione peroxidase
VIT_05s0020g00600	Vitvi05g00235	10.4.3	Redox homeostasis.hydrogen peroxide removal.peroxiredoxin activities
VIT_05s0020g00600	Vitvi05g00235	10.4.3.1	Redox homeostasis.hydrogen peroxide removal.peroxiredoxin activities.1-Cys peroxiredoxin (1-CysPrx)
VIT_11s0016g00560	Vitvi11g00038	10.5	Redox homeostasis.chloroplast redox homeostasis
VIT_18s0001g15310	Vitvi18g01213	10.5	Redox homeostasis.chloroplast redox homeostasis
VIT_11s0016g00560	Vitvi11g00038	10.5.3	Redox homeostasis.chloroplast redox homeostasis.2-Cys peroxiredoxin activities
VIT_11s0016g00560	Vitvi11g00038	10.5.3.2	Redox homeostasis.chloroplast redox homeostasis.2-Cys peroxiredoxin activities.atypical 2-Cys peroxiredoxin (PrxQ)
VIT_18s0001g15310	Vitvi18g01213	10.5.5	Redox homeostasis.chloroplast redox homeostasis.M-type thioredoxin
VIT_01s0127g00590	Vitvi01g02061	10.6	Redox homeostasis.cytosol/mitochondrion/nucleus redox homeostasis
VIT_18s0001g13240	Vitvi18g02774	10.6	Redox homeostasis.cytosol/mitochondrion/nucleus redox homeostasis
VIT_19s0014g05090	Vitvi19g00405	10.6	Redox homeostasis.cytosol/mitochondrion/nucleus redox homeostasis
VIT_18s0001g13240	Vitvi18g02774	10.6.1	Redox homeostasis.cytosol/mitochondrion/nucleus redox homeostasis.H-type thioredoxin
VIT_19s0014g05090	Vitvi19g00405	10.6.1	Redox homeostasis.cytosol/mitochondrion/nucleus redox homeostasis.H-type thioredoxin
VIT_01s0127g00590	Vitvi01g02061	10.6.3	Redox homeostasis.cytosol/mitochondrion/nucleus redox homeostasis.nucleoredoxin
VIT_00s0225g00230	Vitvi01g00672	11	Phytohormone action
VIT_00s1328g00020	Vitvi00g02146	11	Phytohormone action
VIT_00s1542g00010	Vitvi07g03135	11	Phytohormone action
VIT_00s2086g00010	Vitvi10g02409	11	Phytohormone action
VIT_01s0011g03400	Vitvi01g00277	11	Phytohormone action
VIT_02s0012g01270	Vitvi02g00695	11	Phytohormone action
VIT_02s0025g00360	Vitvi02g00032	11	Phytohormone action
VIT_02s0025g02960	Vitvi02g00270	11	Phytohormone action
VIT_02s0025g02970	Vitvi02g00271	11	Phytohormone action
VIT_02s0087g00710	Vitvi02g01269	11	Phytohormone action
VIT_03s0088g00290	Vitvi03g00712	11	Phytohormone action
VIT_04s0008g01880	Vitvi04g00161	11	Phytohormone action
VIT_04s0008g01970	Vitvi04g00168	11	Phytohormone action
VIT_04s0023g00320	Vitvi04g01151	11	Phytohormone action
VIT_04s0023g02650	Vitvi04g01385	11	Phytohormone action
VIT_04s0044g01850	Vitvi04g01746	11	Phytohormone action
VIT_04s0044g01860	Vitvi04g01747	11	Phytohormone action
VIT_04s0044g01870	Vitvi04g02257	11	Phytohormone action
VIT_04s0044g01880	Vitvi04g01748	11	Phytohormone action
VIT_05s0020g02210	Vitvi05g00382	11	Phytohormone action
VIT_05s0062g01120	Vitvi05g01348	11	Phytohormone action
VIT_05s0077g00520	Vitvi05g00163	11	Phytohormone action
VIT_06s0004g00590	Vitvi06g00061	11	Phytohormone action
VIT_06s0004g01510	Vitvi06g00158	11	Phytohormone action
VIT_06s0004g05080	Vitvi06g00501	11	Phytohormone action
VIT_06s0004g07880	Vitvi06g00780	11	Phytohormone action
VIT_06s0009g00310	Vitvi06g00903	11	Phytohormone action
VIT_06s0061g01290	Vitvi06g01945	11	Phytohormone action
VIT_07s0005g06160	Vitvi07g02364	11	Phytohormone action
VIT_07s0031g00540	Vitvi07g01739	11	Phytohormone action
VIT_07s0031g02200	Vitvi07g01893	11	Phytohormone action
VIT_07s0129g00580	Vitvi07g01638	11	Phytohormone action
VIT_07s0129g00660	Vitvi07g01644	11	Phytohormone action
VIT_07s0129g00870	Vitvi07g01663	11	Phytohormone action
VIT_07s0129g00960	Vitvi07g01670	11	Phytohormone action
VIT_07s0129g00970	Vitvi07g02648	11	Phytohormone action
VIT_07s0151g01070	Vitvi07g00130	11	Phytohormone action
VIT_08s0007g01520	Vitvi08g01296	11	Phytohormone action
VIT_08s0007g08540	Vitvi08g01915	11	Phytohormone action
VIT_09s0002g03520	Vitvi09g00290	11	Phytohormone action
VIT_10s0003g00330	Vitvi10g00503	11	Phytohormone action
VIT_10s0003g03490	Vitvi10g00796	11	Phytohormone action
VIT_10s0116g01040	Vitvi10g01616	11	Phytohormone action
VIT_11s0016g02110	Vitvi11g01371	11	Phytohormone action
VIT_11s0016g02380	Vitvi11g00195	11	Phytohormone action
VIT_11s0016g04810	Vitvi11g00424	11	Phytohormone action
VIT_12s0028g03060	Vitvi12g00256	11	Phytohormone action
VIT_13s0064g01480	Vitvi13g01780	11	Phytohormone action
VIT_13s0067g00110	Vitvi13g00004	11	Phytohormone action
VIT_13s0067g00990	Vitvi13g00053	11	Phytohormone action
VIT_13s0067g03070	Vitvi13g00183	11	Phytohormone action
VIT_13s0067g03780	Vitvi13g00223	11	Phytohormone action
VIT_14s0006g02880	Vitvi14g01185	11	Phytohormone action
VIT_14s0030g00410	Vitvi14g00318	11	Phytohormone action
VIT_14s0066g01050	Vitvi14g01744	11	Phytohormone action
VIT_14s0068g00010	Vitvi14g01373	11	Phytohormone action
VIT_14s0068g00030	Vitvi14g01375	11	Phytohormone action
VIT_14s0068g02120	Vitvi14g01552	11	Phytohormone action
VIT_14s0083g00110	Vitvi14g01246	11	Phytohormone action
VIT_14s0083g01110	Vitvi14g01351	11	Phytohormone action
VIT_14s0108g00430	Vitvi14g01928	11	Phytohormone action
VIT_14s0108g00740	Vitvi14g03084	11	Phytohormone action
VIT_14s0128g00320	Vitvi14g00259	11	Phytohormone action
VIT_15s0021g01060	Vitvi15g00522	11	Phytohormone action
VIT_16s0013g01990	Vitvi16g00501	11	Phytohormone action
VIT_16s0050g01020	Vitvi16g01094	11	Phytohormone action
VIT_17s0000g01490	Vitvi17g00119	11	Phytohormone action
VIT_17s0000g06210	Vitvi17g00601	11	Phytohormone action
VIT_17s0000g07580	Vitvi17g00732	11	Phytohormone action
VIT_18s0001g00290	Vitvi18g00126	11	Phytohormone action
VIT_18s0001g02540	Vitvi18g00260	11	Phytohormone action
VIT_18s0001g08230	Vitvi18g00587	11	Phytohormone action
VIT_18s0001g08240	Vitvi18g00589	11	Phytohormone action
VIT_18s0001g08760	Vitvi18g00635	11	Phytohormone action
VIT_18s0001g09140	Vitvi18g00667	11	Phytohormone action
VIT_18s0001g10500	Vitvi18g00792	11	Phytohormone action
VIT_18s0001g10690	Vitvi18g02690	11	Phytohormone action
VIT_18s0001g11320	Vitvi18g00860	11	Phytohormone action
VIT_18s0001g11630	Vitvi18g00886	11	Phytohormone action
VIT_18s0001g12020	Vitvi18g00924	11	Phytohormone action
VIT_18s0001g13200	Vitvi18g01019	11	Phytohormone action
VIT_18s0001g14270	Vitvi18g02797	11	Phytohormone action
VIT_18s0072g01110	Vitvi18g01691	11	Phytohormone action
VIT_19s0093g00550	Vitvi19g01356	11	Phytohormone action
VIT_19s0140g00120	Vitvi19g02230	11	Phytohormone action
VIT_19s0140g00140	Vitvi19g01432	11	Phytohormone action
VIT_02s0012g01270	Vitvi02g00695	11.1	Phytohormone action.abscisic acid
VIT_02s0087g00710	Vitvi02g01269	11.1	Phytohormone action.abscisic acid
VIT_06s0004g05080	Vitvi06g00501	11.1	Phytohormone action.abscisic acid
VIT_06s0009g00310	Vitvi06g00903	11.1	Phytohormone action.abscisic acid
VIT_08s0007g08540	Vitvi08g01915	11.1	Phytohormone action.abscisic acid
VIT_14s0006g02880	Vitvi14g01185	11.1	Phytohormone action.abscisic acid
VIT_18s0001g10500	Vitvi18g00792	11.1	Phytohormone action.abscisic acid
VIT_19s0093g00550	Vitvi19g01356	11.1	Phytohormone action.abscisic acid
VIT_14s0006g02880	Vitvi14g01185	11.1.1	Phytohormone action.abscisic acid.biosynthesis
VIT_19s0093g00550	Vitvi19g01356	11.1.1	Phytohormone action.abscisic acid.biosynthesis
VIT_14s0006g02880	Vitvi14g01185	11.1.1.2	Phytohormone action.abscisic acid.biosynthesis.neoxanthin synthase (ABA4)
VIT_19s0093g00550	Vitvi19g01356	11.1.1.4	Phytohormone action.abscisic acid.biosynthesis.neoxanthin cleavage protein
VIT_02s0012g01270	Vitvi02g00695	11.1.2	Phytohormone action.abscisic acid.perception and signalling
VIT_06s0004g05080	Vitvi06g00501	11.1.2	Phytohormone action.abscisic acid.perception and signalling
VIT_06s0009g00310	Vitvi06g00903	11.1.2	Phytohormone action.abscisic acid.perception and signalling
VIT_08s0007g08540	Vitvi08g01915	11.1.2	Phytohormone action.abscisic acid.perception and signalling
VIT_02s0012g01270	Vitvi02g00695	11.1.2.1	Phytohormone action.abscisic acid.perception and signalling.PYR/PYL-receptor
VIT_06s0009g00310	Vitvi06g00903	11.1.2.1	Phytohormone action.abscisic acid.perception and signalling.PYR/PYL-receptor
VIT_02s0012g01270	Vitvi02g00695	11.1.2.1.1	Phytohormone action.abscisic acid.perception and signalling.PYR/PYL-receptor.cytoplasm-localized receptor complex
VIT_02s0012g01270	Vitvi02g00695	11.1.2.1.1.1	Phytohormone action.abscisic acid.perception and signalling.PYR/PYL-receptor.cytoplasm-localized receptor complex.receptor component PYL/RCAR
VIT_06s0009g00310	Vitvi06g00903	11.1.2.1.3	Phytohormone action.abscisic acid.perception and signalling.PYR/PYL-receptor.regulatory phosphatase positive regulator (EAR1)
VIT_08s0007g08540	Vitvi08g01915	11.1.2.2	Phytohormone action.abscisic acid.perception and signalling.membrane-localized receptors
VIT_08s0007g08540	Vitvi08g01915	11.1.2.2.1	Phytohormone action.abscisic acid.perception and signalling.membrane-localized receptors.chloroplast envelope-localized receptor (ABAR)
VIT_06s0004g05080	Vitvi06g00501	11.1.2.6	Phytohormone action.abscisic acid.perception and signalling.signal transducer (SDIR1)
VIT_02s0087g00710	Vitvi02g01269	11.1.3	Phytohormone action.abscisic acid.conjugation and degradation
VIT_18s0001g10500	Vitvi18g00792	11.1.3	Phytohormone action.abscisic acid.conjugation and degradation
VIT_02s0087g00710	Vitvi02g01269	11.1.3.2	Phytohormone action.abscisic acid.conjugation and degradation.abscisic acid hydroxylase
VIT_18s0001g10500	Vitvi18g00792	11.1.3.2	Phytohormone action.abscisic acid.conjugation and degradation.abscisic acid hydroxylase
VIT_00s1328g00020	Vitvi00g02146	11.10	Phytohormone action.signalling peptides
VIT_00s1542g00010	Vitvi07g03135	11.10	Phytohormone action.signalling peptides
VIT_03s0088g00290	Vitvi03g00712	11.10	Phytohormone action.signalling peptides
VIT_04s0008g01970	Vitvi04g00168	11.10	Phytohormone action.signalling peptides
VIT_06s0004g07880	Vitvi06g00780	11.10	Phytohormone action.signalling peptides
VIT_06s0061g01290	Vitvi06g01945	11.10	Phytohormone action.signalling peptides
VIT_07s0005g06160	Vitvi07g02364	11.10	Phytohormone action.signalling peptides
VIT_07s0031g00540	Vitvi07g01739	11.10	Phytohormone action.signalling peptides
VIT_07s0129g00580	Vitvi07g01638	11.10	Phytohormone action.signalling peptides
VIT_07s0129g00870	Vitvi07g01663	11.10	Phytohormone action.signalling peptides
VIT_07s0129g00960	Vitvi07g01670	11.10	Phytohormone action.signalling peptides
VIT_07s0129g00970	Vitvi07g02648	11.10	Phytohormone action.signalling peptides
VIT_10s0003g00330	Vitvi10g00503	11.10	Phytohormone action.signalling peptides
VIT_10s0116g01040	Vitvi10g01616	11.10	Phytohormone action.signalling peptides
VIT_12s0028g03060	Vitvi12g00256	11.10	Phytohormone action.signalling peptides
VIT_13s0067g03780	Vitvi13g00223	11.10	Phytohormone action.signalling peptides
VIT_14s0068g00010	Vitvi14g01373	11.10	Phytohormone action.signalling peptides
VIT_14s0068g00030	Vitvi14g01375	11.10	Phytohormone action.signalling peptides
VIT_14s0108g00740	Vitvi14g03084	11.10	Phytohormone action.signalling peptides
VIT_16s0013g01990	Vitvi16g00501	11.10	Phytohormone action.signalling peptides
VIT_16s0050g01020	Vitvi16g01094	11.10	Phytohormone action.signalling peptides
VIT_17s0000g06210	Vitvi17g00601	11.10	Phytohormone action.signalling peptides
VIT_18s0001g08230	Vitvi18g00587	11.10	Phytohormone action.signalling peptides
VIT_18s0001g08240	Vitvi18g00589	11.10	Phytohormone action.signalling peptides
VIT_18s0001g08760	Vitvi18g00635	11.10	Phytohormone action.signalling peptides
VIT_18s0001g14270	Vitvi18g02797	11.10	Phytohormone action.signalling peptides
VIT_18s0072g01110	Vitvi18g01691	11.10	Phytohormone action.signalling peptides
VIT_00s1328g00020	Vitvi00g02146	11.10.1	Phytohormone action.signalling peptides.NCRP (non-cysteine-rich-peptide) category
VIT_03s0088g00290	Vitvi03g00712	11.10.1	Phytohormone action.signalling peptides.NCRP (non-cysteine-rich-peptide) category
VIT_06s0061g01290	Vitvi06g01945	11.10.1	Phytohormone action.signalling peptides.NCRP (non-cysteine-rich-peptide) category
VIT_07s0005g06160	Vitvi07g02364	11.10.1	Phytohormone action.signalling peptides.NCRP (non-cysteine-rich-peptide) category
VIT_10s0003g00330	Vitvi10g00503	11.10.1	Phytohormone action.signalling peptides.NCRP (non-cysteine-rich-peptide) category
VIT_12s0028g03060	Vitvi12g00256	11.10.1	Phytohormone action.signalling peptides.NCRP (non-cysteine-rich-peptide) category
VIT_16s0013g01990	Vitvi16g00501	11.10.1	Phytohormone action.signalling peptides.NCRP (non-cysteine-rich-peptide) category
VIT_18s0001g08230	Vitvi18g00587	11.10.1	Phytohormone action.signalling peptides.NCRP (non-cysteine-rich-peptide) category
VIT_18s0001g08240	Vitvi18g00589	11.10.1	Phytohormone action.signalling peptides.NCRP (non-cysteine-rich-peptide) category
VIT_18s0001g08760	Vitvi18g00635	11.10.1	Phytohormone action.signalling peptides.NCRP (non-cysteine-rich-peptide) category
VIT_18s0001g08230	Vitvi18g00587	11.10.1.1	Phytohormone action.signalling peptides.NCRP (non-cysteine-rich-peptide) category.PIP/PIPL-peptide activity
VIT_18s0001g08230	Vitvi18g00587	11.10.1.1.2	Phytohormone action.signalling peptides.NCRP (non-cysteine-rich-peptide) category.PIP/PIPL-peptide activity.PIP/PIPL peptide receptor (RLK7)
VIT_07s0005g06160	Vitvi07g02364	11.10.1.10	Phytohormone action.signalling peptides.NCRP (non-cysteine-rich-peptide) category.CLE-peptide activity
VIT_07s0005g06160	Vitvi07g02364	11.10.1.10.1	Phytohormone action.signalling peptides.NCRP (non-cysteine-rich-peptide) category.CLE-peptide activity.CLE-precursor protein
VIT_00s1328g00020	Vitvi00g02146	11.10.1.2	Phytohormone action.signalling peptides.NCRP (non-cysteine-rich-peptide) category.phytosulfokine activity
VIT_03s0088g00290	Vitvi03g00712	11.10.1.2	Phytohormone action.signalling peptides.NCRP (non-cysteine-rich-peptide) category.phytosulfokine activity
VIT_06s0061g01290	Vitvi06g01945	11.10.1.2	Phytohormone action.signalling peptides.NCRP (non-cysteine-rich-peptide) category.phytosulfokine activity
VIT_18s0001g08760	Vitvi18g00635	11.10.1.2	Phytohormone action.signalling peptides.NCRP (non-cysteine-rich-peptide) category.phytosulfokine activity
VIT_00s1328g00020	Vitvi00g02146	11.10.1.2.1	Phytohormone action.signalling peptides.NCRP (non-cysteine-rich-peptide) category.phytosulfokine activity.pythosulfokine precursor polypeptide (PSK)
VIT_03s0088g00290	Vitvi03g00712	11.10.1.2.1	Phytohormone action.signalling peptides.NCRP (non-cysteine-rich-peptide) category.phytosulfokine activity.pythosulfokine precursor polypeptide (PSK)
VIT_06s0061g01290	Vitvi06g01945	11.10.1.2.1	Phytohormone action.signalling peptides.NCRP (non-cysteine-rich-peptide) category.phytosulfokine activity.pythosulfokine precursor polypeptide (PSK)
VIT_18s0001g08760	Vitvi18g00635	11.10.1.2.1	Phytohormone action.signalling peptides.NCRP (non-cysteine-rich-peptide) category.phytosulfokine activity.pythosulfokine precursor polypeptide (PSK)
VIT_18s0001g08240	Vitvi18g00589	11.10.1.3	Phytohormone action.signalling peptides.NCRP (non-cysteine-rich-peptide) category.CEP-peptide activity
VIT_18s0001g08240	Vitvi18g00589	11.10.1.3.2	Phytohormone action.signalling peptides.NCRP (non-cysteine-rich-peptide) category.CEP-peptide activity.CEP-peptide receptor (CEPR)
VIT_10s0003g00330	Vitvi10g00503	11.10.1.5	Phytohormone action.signalling peptides.NCRP (non-cysteine-rich-peptide) category.IDL-peptide activity
VIT_12s0028g03060	Vitvi12g00256	11.10.1.5	Phytohormone action.signalling peptides.NCRP (non-cysteine-rich-peptide) category.IDL-peptide activity
VIT_10s0003g00330	Vitvi10g00503	11.10.1.5.2	Phytohormone action.signalling peptides.NCRP (non-cysteine-rich-peptide) category.IDL-peptide activity.IDA/IDL-peptide receptor (HAESA)
VIT_12s0028g03060	Vitvi12g00256	11.10.1.5.2	Phytohormone action.signalling peptides.NCRP (non-cysteine-rich-peptide) category.IDL-peptide activity.IDA/IDL-peptide receptor (HAESA)
VIT_07s0005g06160	Vitvi07g02364	11.10.1.9	Phytohormone action.signalling peptides.NCRP (non-cysteine-rich-peptide) category.CLE-TDIF-peptide activity
VIT_16s0013g01990	Vitvi16g00501	11.10.1.9	Phytohormone action.signalling peptides.NCRP (non-cysteine-rich-peptide) category.CLE-TDIF-peptide activity
VIT_07s0005g06160	Vitvi07g02364	11.10.1.9.1	Phytohormone action.signalling peptides.NCRP (non-cysteine-rich-peptide) category.CLE-TDIF-peptide activity.TDIF-precursor polypeptide
VIT_16s0013g01990	Vitvi16g00501	11.10.1.9.2	Phytohormone action.signalling peptides.NCRP (non-cysteine-rich-peptide) category.CLE-TDIF-peptide activity.TDIF-peptide receptor (PXY)
VIT_00s1542g00010	Vitvi07g03135	11.10.2	Phytohormone action.signalling peptides.CRP (cysteine-rich-peptide) category
VIT_04s0008g01970	Vitvi04g00168	11.10.2	Phytohormone action.signalling peptides.CRP (cysteine-rich-peptide) category
VIT_06s0004g07880	Vitvi06g00780	11.10.2	Phytohormone action.signalling peptides.CRP (cysteine-rich-peptide) category
VIT_07s0031g00540	Vitvi07g01739	11.10.2	Phytohormone action.signalling peptides.CRP (cysteine-rich-peptide) category
VIT_07s0129g00580	Vitvi07g01638	11.10.2	Phytohormone action.signalling peptides.CRP (cysteine-rich-peptide) category
VIT_07s0129g00870	Vitvi07g01663	11.10.2	Phytohormone action.signalling peptides.CRP (cysteine-rich-peptide) category
VIT_07s0129g00960	Vitvi07g01670	11.10.2	Phytohormone action.signalling peptides.CRP (cysteine-rich-peptide) category
VIT_07s0129g00970	Vitvi07g02648	11.10.2	Phytohormone action.signalling peptides.CRP (cysteine-rich-peptide) category
VIT_10s0116g01040	Vitvi10g01616	11.10.2	Phytohormone action.signalling peptides.CRP (cysteine-rich-peptide) category
VIT_13s0067g03780	Vitvi13g00223	11.10.2	Phytohormone action.signalling peptides.CRP (cysteine-rich-peptide) category
VIT_14s0068g00010	Vitvi14g01373	11.10.2	Phytohormone action.signalling peptides.CRP (cysteine-rich-peptide) category
VIT_14s0068g00030	Vitvi14g01375	11.10.2	Phytohormone action.signalling peptides.CRP (cysteine-rich-peptide) category
VIT_14s0108g00740	Vitvi14g03084	11.10.2	Phytohormone action.signalling peptides.CRP (cysteine-rich-peptide) category
VIT_16s0050g01020	Vitvi16g01094	11.10.2	Phytohormone action.signalling peptides.CRP (cysteine-rich-peptide) category
VIT_17s0000g06210	Vitvi17g00601	11.10.2	Phytohormone action.signalling peptides.CRP (cysteine-rich-peptide) category
VIT_18s0001g14270	Vitvi18g02797	11.10.2	Phytohormone action.signalling peptides.CRP (cysteine-rich-peptide) category
VIT_18s0072g01110	Vitvi18g01691	11.10.2	Phytohormone action.signalling peptides.CRP (cysteine-rich-peptide) category
VIT_07s0129g00580	Vitvi07g01638	11.10.2.1	Phytohormone action.signalling peptides.CRP (cysteine-rich-peptide) category.GASA/GAST-peptide activity
VIT_14s0108g00740	Vitvi14g03084	11.10.2.1	Phytohormone action.signalling peptides.CRP (cysteine-rich-peptide) category.GASA/GAST-peptide activity
VIT_17s0000g06210	Vitvi17g00601	11.10.2.1	Phytohormone action.signalling peptides.CRP (cysteine-rich-peptide) category.GASA/GAST-peptide activity
VIT_18s0001g14270	Vitvi18g02797	11.10.2.1	Phytohormone action.signalling peptides.CRP (cysteine-rich-peptide) category.GASA/GAST-peptide activity
VIT_18s0072g01110	Vitvi18g01691	11.10.2.1	Phytohormone action.signalling peptides.CRP (cysteine-rich-peptide) category.GASA/GAST-peptide activity
VIT_07s0129g00580	Vitvi07g01638	11.10.2.1.1	Phytohormone action.signalling peptides.CRP (cysteine-rich-peptide) category.GASA/GAST-peptide activity.GASA-precursor polypeptide
VIT_14s0108g00740	Vitvi14g03084	11.10.2.1.1	Phytohormone action.signalling peptides.CRP (cysteine-rich-peptide) category.GASA/GAST-peptide activity.GASA-precursor polypeptide
VIT_17s0000g06210	Vitvi17g00601	11.10.2.1.1	Phytohormone action.signalling peptides.CRP (cysteine-rich-peptide) category.GASA/GAST-peptide activity.GASA-precursor polypeptide
VIT_18s0001g14270	Vitvi18g02797	11.10.2.1.1	Phytohormone action.signalling peptides.CRP (cysteine-rich-peptide) category.GASA/GAST-peptide activity.GASA-precursor polypeptide
VIT_18s0072g01110	Vitvi18g01691	11.10.2.1.1	Phytohormone action.signalling peptides.CRP (cysteine-rich-peptide) category.GASA/GAST-peptide activity.GASA-precursor polypeptide
VIT_10s0116g01040	Vitvi10g01616	11.10.2.2	Phytohormone action.signalling peptides.CRP (cysteine-rich-peptide) category.STIG1-peptide activity
VIT_10s0116g01040	Vitvi10g01616	11.10.2.2.1	Phytohormone action.signalling peptides.CRP (cysteine-rich-peptide) category.STIG1-peptide activity.STIG1/GRI-precursor polypeptide
VIT_04s0008g01970	Vitvi04g00168	11.10.2.3	Phytohormone action.signalling peptides.CRP (cysteine-rich-peptide) category.EPF/EPFL-peptide activity
VIT_06s0004g07880	Vitvi06g00780	11.10.2.3	Phytohormone action.signalling peptides.CRP (cysteine-rich-peptide) category.EPF/EPFL-peptide activity
VIT_06s0004g07880	Vitvi06g00780	11.10.2.3.1	Phytohormone action.signalling peptides.CRP (cysteine-rich-peptide) category.EPF/EPFL-peptide activity.EPF/EPFL-precursor polypeptide
VIT_04s0008g01970	Vitvi04g00168	11.10.2.3.2	Phytohormone action.signalling peptides.CRP (cysteine-rich-peptide) category.EPF/EPFL-peptide activity.ERF-peptide receptor (ER)
VIT_00s1542g00010	Vitvi07g03135	11.10.2.4	Phytohormone action.signalling peptides.CRP (cysteine-rich-peptide) category.RALF/RALFL-peptide activity
VIT_07s0031g00540	Vitvi07g01739	11.10.2.4	Phytohormone action.signalling peptides.CRP (cysteine-rich-peptide) category.RALF/RALFL-peptide activity
VIT_07s0129g00870	Vitvi07g01663	11.10.2.4	Phytohormone action.signalling peptides.CRP (cysteine-rich-peptide) category.RALF/RALFL-peptide activity
VIT_07s0129g00960	Vitvi07g01670	11.10.2.4	Phytohormone action.signalling peptides.CRP (cysteine-rich-peptide) category.RALF/RALFL-peptide activity
VIT_07s0129g00970	Vitvi07g02648	11.10.2.4	Phytohormone action.signalling peptides.CRP (cysteine-rich-peptide) category.RALF/RALFL-peptide activity
VIT_13s0067g03780	Vitvi13g00223	11.10.2.4	Phytohormone action.signalling peptides.CRP (cysteine-rich-peptide) category.RALF/RALFL-peptide activity
VIT_14s0068g00010	Vitvi14g01373	11.10.2.4	Phytohormone action.signalling peptides.CRP (cysteine-rich-peptide) category.RALF/RALFL-peptide activity
VIT_14s0068g00030	Vitvi14g01375	11.10.2.4	Phytohormone action.signalling peptides.CRP (cysteine-rich-peptide) category.RALF/RALFL-peptide activity
VIT_16s0050g01020	Vitvi16g01094	11.10.2.4	Phytohormone action.signalling peptides.CRP (cysteine-rich-peptide) category.RALF/RALFL-peptide activity
VIT_07s0031g00540	Vitvi07g01739	11.10.2.4.1	Phytohormone action.signalling peptides.CRP (cysteine-rich-peptide) category.RALF/RALFL-peptide activity.RALF/RALFL-precursor polypeptide
VIT_00s1542g00010	Vitvi07g03135	11.10.2.4.2	Phytohormone action.signalling peptides.CRP (cysteine-rich-peptide) category.RALF/RALFL-peptide activity.RALF-peptide receptor (CrRLK1L)
VIT_07s0129g00870	Vitvi07g01663	11.10.2.4.2	Phytohormone action.signalling peptides.CRP (cysteine-rich-peptide) category.RALF/RALFL-peptide activity.RALF-peptide receptor (CrRLK1L)
VIT_07s0129g00960	Vitvi07g01670	11.10.2.4.2	Phytohormone action.signalling peptides.CRP (cysteine-rich-peptide) category.RALF/RALFL-peptide activity.RALF-peptide receptor (CrRLK1L)
VIT_07s0129g00970	Vitvi07g02648	11.10.2.4.2	Phytohormone action.signalling peptides.CRP (cysteine-rich-peptide) category.RALF/RALFL-peptide activity.RALF-peptide receptor (CrRLK1L)
VIT_13s0067g03780	Vitvi13g00223	11.10.2.4.2	Phytohormone action.signalling peptides.CRP (cysteine-rich-peptide) category.RALF/RALFL-peptide activity.RALF-peptide receptor (CrRLK1L)
VIT_14s0068g00010	Vitvi14g01373	11.10.2.4.2	Phytohormone action.signalling peptides.CRP (cysteine-rich-peptide) category.RALF/RALFL-peptide activity.RALF-peptide receptor (CrRLK1L)
VIT_14s0068g00030	Vitvi14g01375	11.10.2.4.2	Phytohormone action.signalling peptides.CRP (cysteine-rich-peptide) category.RALF/RALFL-peptide activity.RALF-peptide receptor (CrRLK1L)
VIT_16s0050g01020	Vitvi16g01094	11.10.2.4.2	Phytohormone action.signalling peptides.CRP (cysteine-rich-peptide) category.RALF/RALFL-peptide activity.RALF-peptide receptor (CrRLK1L)
VIT_00s0225g00230	Vitvi01g00672	11.2	Phytohormone action.auxin
VIT_04s0023g00320	Vitvi04g01151	11.2	Phytohormone action.auxin
VIT_04s0044g01850	Vitvi04g01746	11.2	Phytohormone action.auxin
VIT_04s0044g01860	Vitvi04g01747	11.2	Phytohormone action.auxin
VIT_04s0044g01870	Vitvi04g02257	11.2	Phytohormone action.auxin
VIT_04s0044g01880	Vitvi04g01748	11.2	Phytohormone action.auxin
VIT_05s0062g01120	Vitvi05g01348	11.2	Phytohormone action.auxin
VIT_07s0031g02200	Vitvi07g01893	11.2	Phytohormone action.auxin
VIT_07s0129g00660	Vitvi07g01644	11.2	Phytohormone action.auxin
VIT_14s0108g00430	Vitvi14g01928	11.2	Phytohormone action.auxin
VIT_14s0128g00320	Vitvi14g00259	11.2	Phytohormone action.auxin
VIT_00s0225g00230	Vitvi01g00672	11.2.1	Phytohormone action.auxin.biosynthesis
VIT_14s0128g00320	Vitvi14g00259	11.2.1	Phytohormone action.auxin.biosynthesis
VIT_00s0225g00230	Vitvi01g00672	11.2.1.1	Phytohormone action.auxin.biosynthesis.indole-3-pyruvic acid (IPyA) pathway
VIT_00s0225g00230	Vitvi01g00672	11.2.1.1.1	Phytohormone action.auxin.biosynthesis.indole-3-pyruvic acid (IPyA) pathway.tryptophan aminotransferase
VIT_14s0128g00320	Vitvi14g00259	11.2.1.2	Phytohormone action.auxin.biosynthesis.indole-3-acetamide (IAM) pathway
VIT_14s0128g00320	Vitvi14g00259	11.2.1.2.1	Phytohormone action.auxin.biosynthesis.indole-3-acetamide (IAM) pathway.indole-3-acetamide hydrolase
VIT_07s0129g00660	Vitvi07g01644	11.2.3	Phytohormone action.auxin.conjugation and degradation
VIT_07s0129g00660	Vitvi07g01644	11.2.3.1	Phytohormone action.auxin.conjugation and degradation.indole-3-acetic acid-amido synthetase
VIT_04s0023g00320	Vitvi04g01151	11.2.4	Phytohormone action.auxin.transport
VIT_04s0044g01850	Vitvi04g01746	11.2.4	Phytohormone action.auxin.transport
VIT_04s0044g01860	Vitvi04g01747	11.2.4	Phytohormone action.auxin.transport
VIT_04s0044g01870	Vitvi04g02257	11.2.4	Phytohormone action.auxin.transport
VIT_04s0044g01880	Vitvi04g01748	11.2.4	Phytohormone action.auxin.transport
VIT_05s0062g01120	Vitvi05g01348	11.2.4	Phytohormone action.auxin.transport
VIT_07s0031g02200	Vitvi07g01893	11.2.4	Phytohormone action.auxin.transport
VIT_14s0108g00430	Vitvi14g01928	11.2.4	Phytohormone action.auxin.transport
VIT_04s0023g00320	Vitvi04g01151	11.2.4.1	Phytohormone action.auxin.transport.polar auxin transport
VIT_05s0062g01120	Vitvi05g01348	11.2.4.1	Phytohormone action.auxin.transport.polar auxin transport
VIT_04s0023g00320	Vitvi04g01151	11.2.4.1.1	Phytohormone action.auxin.transport.polar auxin transport.auxin transporter (PIN)
VIT_05s0062g01120	Vitvi05g01348	11.2.4.1.1	Phytohormone action.auxin.transport.polar auxin transport.auxin transporter (PIN)
VIT_04s0044g01850	Vitvi04g01746	11.2.4.2	Phytohormone action.auxin.transport.auxin efflux transporter (PILS)
VIT_04s0044g01860	Vitvi04g01747	11.2.4.2	Phytohormone action.auxin.transport.auxin efflux transporter (PILS)
VIT_04s0044g01870	Vitvi04g02257	11.2.4.2	Phytohormone action.auxin.transport.auxin efflux transporter (PILS)
VIT_04s0044g01880	Vitvi04g01748	11.2.4.2	Phytohormone action.auxin.transport.auxin efflux transporter (PILS)
VIT_07s0031g02200	Vitvi07g01893	11.2.4.2	Phytohormone action.auxin.transport.auxin efflux transporter (PILS)
VIT_14s0108g00430	Vitvi14g01928	11.2.4.3	Phytohormone action.auxin.transport.auxin efflux transporter (ABCB19)
VIT_04s0023g02650	Vitvi04g01385	11.3	Phytohormone action.brassinosteroid
VIT_08s0007g01520	Vitvi08g01296	11.3	Phytohormone action.brassinosteroid
VIT_11s0016g04810	Vitvi11g00424	11.3	Phytohormone action.brassinosteroid
VIT_14s0066g01050	Vitvi14g01744	11.3	Phytohormone action.brassinosteroid
VIT_14s0083g01110	Vitvi14g01351	11.3	Phytohormone action.brassinosteroid
VIT_18s0001g10690	Vitvi18g02690	11.3	Phytohormone action.brassinosteroid
VIT_18s0001g12020	Vitvi18g00924	11.3	Phytohormone action.brassinosteroid
VIT_04s0023g02650	Vitvi04g01385	11.3.1	Phytohormone action.brassinosteroid.biosynthesis
VIT_14s0083g01110	Vitvi14g01351	11.3.1	Phytohormone action.brassinosteroid.biosynthesis
VIT_04s0023g02650	Vitvi04g01385	11.3.1.4	Phytohormone action.brassinosteroid.biosynthesis.3-epi-6-deoxocathasterone 23-monooxygenase
VIT_14s0083g01110	Vitvi14g01351	11.3.1.5	Phytohormone action.brassinosteroid.biosynthesis.6-deoxocastasterone 6-oxidase
VIT_08s0007g01520	Vitvi08g01296	11.3.2	Phytohormone action.brassinosteroid.perception and signal transduction
VIT_14s0066g01050	Vitvi14g01744	11.3.2	Phytohormone action.brassinosteroid.perception and signal transduction
VIT_18s0001g10690	Vitvi18g02690	11.3.2	Phytohormone action.brassinosteroid.perception and signal transduction
VIT_18s0001g12020	Vitvi18g00924	11.3.2	Phytohormone action.brassinosteroid.perception and signal transduction
VIT_08s0007g01520	Vitvi08g01296	11.3.2.1	Phytohormone action.brassinosteroid.perception and signal transduction.receptor complex
VIT_18s0001g10690	Vitvi18g02690	11.3.2.1	Phytohormone action.brassinosteroid.perception and signal transduction.receptor complex
VIT_18s0001g10690	Vitvi18g02690	11.3.2.1.3	Phytohormone action.brassinosteroid.perception and signal transduction.receptor complex.receptor kinase inhibitor (BKI)
VIT_08s0007g01520	Vitvi08g01296	11.3.2.1.5	Phytohormone action.brassinosteroid.perception and signal transduction.receptor complex.signalling protein kinase (BSK)
VIT_14s0066g01050	Vitvi14g01744	11.3.2.3	Phytohormone action.brassinosteroid.perception and signal transduction.GSK3-type protein kinase (BIN2)
VIT_18s0001g12020	Vitvi18g00924	11.3.2.4	Phytohormone action.brassinosteroid.perception and signal transduction.transcription factor (BES/BZR)
VIT_11s0016g04810	Vitvi11g00424	11.3.3	Phytohormone action.brassinosteroid.conjugation and degradation
VIT_11s0016g04810	Vitvi11g00424	11.3.3.2	Phytohormone action.brassinosteroid.conjugation and degradation.brassinosteroid hydroxylase (CYP72B)
VIT_04s0008g01880	Vitvi04g00161	11.4	Phytohormone action.cytokinin
VIT_05s0020g02210	Vitvi05g00382	11.4	Phytohormone action.cytokinin
VIT_06s0004g00590	Vitvi06g00061	11.4	Phytohormone action.cytokinin
VIT_09s0002g03520	Vitvi09g00290	11.4	Phytohormone action.cytokinin
VIT_11s0016g02110	Vitvi11g01371	11.4	Phytohormone action.cytokinin
VIT_13s0067g03070	Vitvi13g00183	11.4	Phytohormone action.cytokinin
VIT_14s0030g00410	Vitvi14g00318	11.4	Phytohormone action.cytokinin
VIT_17s0000g07580	Vitvi17g00732	11.4	Phytohormone action.cytokinin
VIT_18s0001g02540	Vitvi18g00260	11.4	Phytohormone action.cytokinin
VIT_18s0001g13200	Vitvi18g01019	11.4	Phytohormone action.cytokinin
VIT_06s0004g00590	Vitvi06g00061	11.4.1	Phytohormone action.cytokinin.biosynthesis
VIT_06s0004g00590	Vitvi06g00061	11.4.1.2	Phytohormone action.cytokinin.biosynthesis.cytokinin phosphoribohydrolase
VIT_05s0020g02210	Vitvi05g00382	11.4.2	Phytohormone action.cytokinin.perception and signal transduction
VIT_09s0002g03520	Vitvi09g00290	11.4.2	Phytohormone action.cytokinin.perception and signal transduction
VIT_13s0067g03070	Vitvi13g00183	11.4.2	Phytohormone action.cytokinin.perception and signal transduction
VIT_14s0030g00410	Vitvi14g00318	11.4.2	Phytohormone action.cytokinin.perception and signal transduction
VIT_17s0000g07580	Vitvi17g00732	11.4.2	Phytohormone action.cytokinin.perception and signal transduction
VIT_18s0001g02540	Vitvi18g00260	11.4.2	Phytohormone action.cytokinin.perception and signal transduction
VIT_05s0020g02210	Vitvi05g00382	11.4.2.2	Phytohormone action.cytokinin.perception and signal transduction.signal transducer (AHP)
VIT_09s0002g03520	Vitvi09g00290	11.4.2.2	Phytohormone action.cytokinin.perception and signal transduction.signal transducer (AHP)
VIT_14s0030g00410	Vitvi14g00318	11.4.2.2	Phytohormone action.cytokinin.perception and signal transduction.signal transducer (AHP)
VIT_13s0067g03070	Vitvi13g00183	11.4.2.5	Phytohormone action.cytokinin.perception and signal transduction.A-type ARR response negative regulator
VIT_17s0000g07580	Vitvi17g00732	11.4.2.5	Phytohormone action.cytokinin.perception and signal transduction.A-type ARR response negative regulator
VIT_18s0001g02540	Vitvi18g00260	11.4.2.5	Phytohormone action.cytokinin.perception and signal transduction.A-type ARR response negative regulator
VIT_04s0008g01880	Vitvi04g00161	11.4.3	Phytohormone action.cytokinin.conjugation and degradation
VIT_11s0016g02110	Vitvi11g01371	11.4.3	Phytohormone action.cytokinin.conjugation and degradation
VIT_18s0001g13200	Vitvi18g01019	11.4.3	Phytohormone action.cytokinin.conjugation and degradation
VIT_04s0008g01880	Vitvi04g00161	11.4.3.2	Phytohormone action.cytokinin.conjugation and degradation.cytokinin dehydrogenase
VIT_11s0016g02110	Vitvi11g01371	11.4.3.2	Phytohormone action.cytokinin.conjugation and degradation.cytokinin dehydrogenase
VIT_18s0001g13200	Vitvi18g01019	11.4.3.2	Phytohormone action.cytokinin.conjugation and degradation.cytokinin dehydrogenase
VIT_00s2086g00010	Vitvi10g02409	11.5	Phytohormone action.ethylene
VIT_02s0025g00360	Vitvi02g00032	11.5	Phytohormone action.ethylene
VIT_11s0016g02380	Vitvi11g00195	11.5	Phytohormone action.ethylene
VIT_00s2086g00010	Vitvi10g02409	11.5.1	Phytohormone action.ethylene.biosynthesis
VIT_02s0025g00360	Vitvi02g00032	11.5.1	Phytohormone action.ethylene.biosynthesis
VIT_11s0016g02380	Vitvi11g00195	11.5.1	Phytohormone action.ethylene.biosynthesis
VIT_02s0025g00360	Vitvi02g00032	11.5.1.1	Phytohormone action.ethylene.biosynthesis.1-aminocyclopropane-1-carboxylate (ACC) synthase
VIT_00s2086g00010	Vitvi10g02409	11.5.1.2	Phytohormone action.ethylene.biosynthesis.1-aminocyclopropane-1-carboxylate (ACC) oxidase
VIT_11s0016g02380	Vitvi11g00195	11.5.1.2	Phytohormone action.ethylene.biosynthesis.1-aminocyclopropane-1-carboxylate (ACC) oxidase
VIT_01s0011g03400	Vitvi01g00277	11.6	Phytohormone action.gibberellin
VIT_05s0077g00520	Vitvi05g00163	11.6	Phytohormone action.gibberellin
VIT_07s0151g01070	Vitvi07g00130	11.6	Phytohormone action.gibberellin
VIT_10s0003g03490	Vitvi10g00796	11.6	Phytohormone action.gibberellin
VIT_13s0067g00110	Vitvi13g00004	11.6	Phytohormone action.gibberellin
VIT_15s0021g01060	Vitvi15g00522	11.6	Phytohormone action.gibberellin
VIT_18s0001g11320	Vitvi18g00860	11.6	Phytohormone action.gibberellin
VIT_19s0140g00120	Vitvi19g02230	11.6	Phytohormone action.gibberellin
VIT_19s0140g00140	Vitvi19g01432	11.6	Phytohormone action.gibberellin
VIT_07s0151g01070	Vitvi07g00130	11.6.1	Phytohormone action.gibberellin.biosynthesis
VIT_18s0001g11320	Vitvi18g00860	11.6.1	Phytohormone action.gibberellin.biosynthesis
VIT_07s0151g01070	Vitvi07g00130	11.6.1.1	Phytohormone action.gibberellin.biosynthesis.ent-copalyl diphosphate synthase
VIT_18s0001g11320	Vitvi18g00860	11.6.1.4	Phytohormone action.gibberellin.biosynthesis.ent-kaurenoic acid oxidase
VIT_05s0077g00520	Vitvi05g00163	11.6.3	Phytohormone action.gibberellin.modification and degradation
VIT_10s0003g03490	Vitvi10g00796	11.6.3	Phytohormone action.gibberellin.modification and degradation
VIT_13s0067g00110	Vitvi13g00004	11.6.3	Phytohormone action.gibberellin.modification and degradation
VIT_15s0021g01060	Vitvi15g00522	11.6.3	Phytohormone action.gibberellin.modification and degradation
VIT_19s0140g00120	Vitvi19g02230	11.6.3	Phytohormone action.gibberellin.modification and degradation
VIT_19s0140g00140	Vitvi19g01432	11.6.3	Phytohormone action.gibberellin.modification and degradation
VIT_13s0067g00110	Vitvi13g00004	11.6.3.1	Phytohormone action.gibberellin.modification and degradation.gibberellin modification enzyme
VIT_15s0021g01060	Vitvi15g00522	11.6.3.1	Phytohormone action.gibberellin.modification and degradation.gibberellin modification enzyme
VIT_05s0077g00520	Vitvi05g00163	11.6.3.4	Phytohormone action.gibberellin.modification and degradation.gibberellin 2-oxidase
VIT_10s0003g03490	Vitvi10g00796	11.6.3.4	Phytohormone action.gibberellin.modification and degradation.gibberellin 2-oxidase
VIT_19s0140g00120	Vitvi19g02230	11.6.3.4	Phytohormone action.gibberellin.modification and degradation.gibberellin 2-oxidase
VIT_19s0140g00140	Vitvi19g01432	11.6.3.4	Phytohormone action.gibberellin.modification and degradation.gibberellin 2-oxidase
VIT_01s0011g03400	Vitvi01g00277	11.6.4	Phytohormone action.gibberellin.transport
VIT_01s0011g03400	Vitvi01g00277	11.6.4.1	Phytohormone action.gibberellin.transport.multi-functional transporter (NPF3.1)
VIT_06s0004g01510	Vitvi06g00158	11.7	Phytohormone action.jasmonic acid
VIT_13s0064g01480	Vitvi13g01780	11.7	Phytohormone action.jasmonic acid
VIT_14s0068g02120	Vitvi14g01552	11.7	Phytohormone action.jasmonic acid
VIT_14s0083g00110	Vitvi14g01246	11.7	Phytohormone action.jasmonic acid
VIT_17s0000g01490	Vitvi17g00119	11.7	Phytohormone action.jasmonic acid
VIT_18s0001g00290	Vitvi18g00126	11.7	Phytohormone action.jasmonic acid
VIT_18s0001g11630	Vitvi18g00886	11.7	Phytohormone action.jasmonic acid
VIT_06s0004g01510	Vitvi06g00158	11.7.1	Phytohormone action.jasmonic acid.biosynthesis
VIT_13s0064g01480	Vitvi13g01780	11.7.1	Phytohormone action.jasmonic acid.biosynthesis
VIT_14s0083g00110	Vitvi14g01246	11.7.1	Phytohormone action.jasmonic acid.biosynthesis
VIT_18s0001g00290	Vitvi18g00126	11.7.1	Phytohormone action.jasmonic acid.biosynthesis
VIT_18s0001g11630	Vitvi18g00886	11.7.1	Phytohormone action.jasmonic acid.biosynthesis
VIT_06s0004g01510	Vitvi06g00158	11.7.1.2	Phytohormone action.jasmonic acid.biosynthesis.13-lipoxygenase
VIT_13s0064g01480	Vitvi13g01780	11.7.1.2	Phytohormone action.jasmonic acid.biosynthesis.13-lipoxygenase
VIT_18s0001g11630	Vitvi18g00886	11.7.1.3	Phytohormone action.jasmonic acid.biosynthesis.allene oxidase synthase (AOS)
VIT_14s0083g00110	Vitvi14g01246	11.7.1.4	Phytohormone action.jasmonic acid.biosynthesis.allene oxidase cyclase (AOC)
VIT_18s0001g00290	Vitvi18g00126	11.7.1.7	Phytohormone action.jasmonic acid.biosynthesis.OPC-8:CoA synthetase
VIT_14s0068g02120	Vitvi14g01552	11.7.3	Phytohormone action.jasmonic acid.conjugation and degradation
VIT_17s0000g01490	Vitvi17g00119	11.7.3	Phytohormone action.jasmonic acid.conjugation and degradation
VIT_14s0068g02120	Vitvi14g01552	11.7.3.4	Phytohormone action.jasmonic acid.conjugation and degradation.jasmonoyl-amino acid hydroxylase
VIT_17s0000g01490	Vitvi17g00119	11.7.3.4	Phytohormone action.jasmonic acid.conjugation and degradation.jasmonoyl-amino acid hydroxylase
VIT_02s0025g02960	Vitvi02g00270	11.8	Phytohormone action.salicylic acid
VIT_02s0025g02970	Vitvi02g00271	11.8	Phytohormone action.salicylic acid
VIT_02s0025g02960	Vitvi02g00270	11.8.3	Phytohormone action.salicylic acid.conjugation and degradation
VIT_02s0025g02970	Vitvi02g00271	11.8.3	Phytohormone action.salicylic acid.conjugation and degradation
VIT_02s0025g02960	Vitvi02g00270	11.8.3.4	Phytohormone action.salicylic acid.conjugation and degradation.salicylic acid 3-hydroxylase
VIT_02s0025g02970	Vitvi02g00271	11.8.3.4	Phytohormone action.salicylic acid.conjugation and degradation.salicylic acid 3-hydroxylase
VIT_13s0067g00990	Vitvi13g00053	11.9	Phytohormone action.strigolactone
VIT_18s0001g09140	Vitvi18g00667	11.9	Phytohormone action.strigolactone
VIT_13s0067g00990	Vitvi13g00053	11.9.2	Phytohormone action.strigolactone.perception and signal transduction
VIT_18s0001g09140	Vitvi18g00667	11.9.2	Phytohormone action.strigolactone.perception and signal transduction
VIT_18s0001g09140	Vitvi18g00667	11.9.2.1	Phytohormone action.strigolactone.perception and signal transduction.receptor protein (D14)
VIT_13s0067g00990	Vitvi13g00053	11.9.2.3	Phytohormone action.strigolactone.perception and signal transduction.signal transducer (SMXL)
VIT_02s0025g00080	Vitvi02g00006	12	Chromatin organisation
VIT_04s0023g03130	Vitvi04g01432	12	Chromatin organisation
VIT_04s0023g03240	Vitvi04g01442	12	Chromatin organisation
VIT_07s0191g00130	Vitvi07g01493	12	Chromatin organisation
VIT_14s0060g00570	Vitvi14g00050	12	Chromatin organisation
VIT_18s0001g11970	Vitvi18g00919	12	Chromatin organisation
VIT_04s0023g03130	Vitvi04g01432	12.1	Chromatin organisation.histones
VIT_07s0191g00130	Vitvi07g01493	12.1	Chromatin organisation.histones
VIT_04s0023g03130	Vitvi04g01432	12.1.1	Chromatin organisation.histones.linker histone (H1)
VIT_07s0191g00130	Vitvi07g01493	12.1.4	Chromatin organisation.histones.histone (H3)
VIT_14s0060g00570	Vitvi14g00050	12.2	Chromatin organisation.histone chaperone activities
VIT_14s0060g00570	Vitvi14g00050	12.2.2	Chromatin organisation.histone chaperone activities.FACT histone chaperone complex
VIT_14s0060g00570	Vitvi14g00050	12.2.2.1	Chromatin organisation.histone chaperone activities.FACT histone chaperone complex.component SPT16
VIT_02s0025g00080	Vitvi02g00006	12.3	Chromatin organisation.histone modifications
VIT_18s0001g11970	Vitvi18g00919	12.3	Chromatin organisation.histone modifications
VIT_02s0025g00080	Vitvi02g00006	12.3.2	Chromatin organisation.histone modifications.histone deacetylation
VIT_18s0001g11970	Vitvi18g00919	12.3.2	Chromatin organisation.histone modifications.histone deacetylation
VIT_02s0025g00080	Vitvi02g00006	12.3.2.4	Chromatin organisation.histone modifications.histone deacetylation.SNL-HDA19 histone deacetylase complex
VIT_18s0001g11970	Vitvi18g00919	12.3.2.4	Chromatin organisation.histone modifications.histone deacetylation.SNL-HDA19 histone deacetylase complex
VIT_02s0025g00080	Vitvi02g00006	12.3.2.4.4	Chromatin organisation.histone modifications.histone deacetylation.SNL-HDA19 histone deacetylase complex.associated component SAP30
VIT_18s0001g11970	Vitvi18g00919	12.3.2.4.4	Chromatin organisation.histone modifications.histone deacetylation.SNL-HDA19 histone deacetylase complex.associated component SAP30
VIT_04s0023g03240	Vitvi04g01442	12.4	Chromatin organisation.chromatin remodeling complexes
VIT_04s0023g03240	Vitvi04g01442	12.4.6	Chromatin organisation.chromatin remodeling complexes.SWR1/NuA4-shared subcomplex
VIT_04s0023g03240	Vitvi04g01442	12.4.6.2	Chromatin organisation.chromatin remodeling complexes.SWR1/NuA4-shared subcomplex.component YAF9
VIT_00s0194g00280	Vitvi10g01697	13	Cell cycle organisation
VIT_00s0203g00160	Vitvi10g00344	13	Cell cycle organisation
VIT_00s0225g00120	Vitvi01g02039	13	Cell cycle organisation
VIT_00s1211g00010	Vitvi00g01047	13	Cell cycle organisation
VIT_03s0038g02800	Vitvi03g00175	13	Cell cycle organisation
VIT_03s0091g01060	Vitvi03g00675	13	Cell cycle organisation
VIT_03s0180g00040	Vitvi03g00542	13	Cell cycle organisation
VIT_06s0004g02230	Vitvi06g01635	13	Cell cycle organisation
VIT_07s0129g00200	Vitvi07g02634	13	Cell cycle organisation
VIT_10s0003g04560	Vitvi10g00905	13	Cell cycle organisation
VIT_13s0019g01840	Vitvi13g00316	13	Cell cycle organisation
VIT_15s0021g01280	Vitvi15g00537	13	Cell cycle organisation
VIT_16s0013g00630	Vitvi16g00313	13	Cell cycle organisation
VIT_17s0000g05210	Vitvi17g00494	13	Cell cycle organisation
VIT_18s0001g09920	Vitvi18g00731	13	Cell cycle organisation
VIT_19s0090g01230	Vitvi19g00572	13	Cell cycle organisation
VIT_00s0194g00280	Vitvi10g01697	13.1	Cell cycle organisation.cell cycle control
VIT_00s0203g00160	Vitvi10g00344	13.1	Cell cycle organisation.cell cycle control
VIT_00s0225g00120	Vitvi01g02039	13.1	Cell cycle organisation.cell cycle control
VIT_03s0038g02800	Vitvi03g00175	13.1	Cell cycle organisation.cell cycle control
VIT_03s0091g01060	Vitvi03g00675	13.1	Cell cycle organisation.cell cycle control
VIT_03s0180g00040	Vitvi03g00542	13.1	Cell cycle organisation.cell cycle control
VIT_06s0004g02230	Vitvi06g01635	13.1	Cell cycle organisation.cell cycle control
VIT_07s0129g00200	Vitvi07g02634	13.1	Cell cycle organisation.cell cycle control
VIT_15s0021g01280	Vitvi15g00537	13.1	Cell cycle organisation.cell cycle control
VIT_16s0013g00630	Vitvi16g00313	13.1	Cell cycle organisation.cell cycle control
VIT_18s0001g09920	Vitvi18g00731	13.1	Cell cycle organisation.cell cycle control
VIT_00s0194g00280	Vitvi10g01697	13.1.1	Cell cycle organisation.cell cycle control.cyclin-dependent regulation
VIT_00s0203g00160	Vitvi10g00344	13.1.1	Cell cycle organisation.cell cycle control.cyclin-dependent regulation
VIT_00s0225g00120	Vitvi01g02039	13.1.1	Cell cycle organisation.cell cycle control.cyclin-dependent regulation
VIT_03s0038g02800	Vitvi03g00175	13.1.1	Cell cycle organisation.cell cycle control.cyclin-dependent regulation
VIT_03s0091g01060	Vitvi03g00675	13.1.1	Cell cycle organisation.cell cycle control.cyclin-dependent regulation
VIT_03s0180g00040	Vitvi03g00542	13.1.1	Cell cycle organisation.cell cycle control.cyclin-dependent regulation
VIT_06s0004g02230	Vitvi06g01635	13.1.1	Cell cycle organisation.cell cycle control.cyclin-dependent regulation
VIT_07s0129g00200	Vitvi07g02634	13.1.1	Cell cycle organisation.cell cycle control.cyclin-dependent regulation
VIT_15s0021g01280	Vitvi15g00537	13.1.1	Cell cycle organisation.cell cycle control.cyclin-dependent regulation
VIT_16s0013g00630	Vitvi16g00313	13.1.1	Cell cycle organisation.cell cycle control.cyclin-dependent regulation
VIT_18s0001g09920	Vitvi18g00731	13.1.1	Cell cycle organisation.cell cycle control.cyclin-dependent regulation
VIT_00s0194g00280	Vitvi10g01697	13.1.1.1	Cell cycle organisation.cell cycle control.cyclin-dependent regulation.cyclin activities
VIT_00s0203g00160	Vitvi10g00344	13.1.1.1	Cell cycle organisation.cell cycle control.cyclin-dependent regulation.cyclin activities
VIT_03s0038g02800	Vitvi03g00175	13.1.1.1	Cell cycle organisation.cell cycle control.cyclin-dependent regulation.cyclin activities
VIT_03s0091g01060	Vitvi03g00675	13.1.1.1	Cell cycle organisation.cell cycle control.cyclin-dependent regulation.cyclin activities
VIT_03s0180g00040	Vitvi03g00542	13.1.1.1	Cell cycle organisation.cell cycle control.cyclin-dependent regulation.cyclin activities
VIT_07s0129g00200	Vitvi07g02634	13.1.1.1	Cell cycle organisation.cell cycle control.cyclin-dependent regulation.cyclin activities
VIT_15s0021g01280	Vitvi15g00537	13.1.1.1	Cell cycle organisation.cell cycle control.cyclin-dependent regulation.cyclin activities
VIT_16s0013g00630	Vitvi16g00313	13.1.1.1	Cell cycle organisation.cell cycle control.cyclin-dependent regulation.cyclin activities
VIT_18s0001g09920	Vitvi18g00731	13.1.1.1	Cell cycle organisation.cell cycle control.cyclin-dependent regulation.cyclin activities
VIT_03s0038g02800	Vitvi03g00175	13.1.1.1.2	Cell cycle organisation.cell cycle control.cyclin-dependent regulation.cyclin activities.cyclin (CYCB)
VIT_00s0194g00280	Vitvi10g01697	13.1.1.1.4	Cell cycle organisation.cell cycle control.cyclin-dependent regulation.cyclin activities.cyclin (CYCD)
VIT_00s0203g00160	Vitvi10g00344	13.1.1.1.4	Cell cycle organisation.cell cycle control.cyclin-dependent regulation.cyclin activities.cyclin (CYCD)
VIT_03s0091g01060	Vitvi03g00675	13.1.1.1.4	Cell cycle organisation.cell cycle control.cyclin-dependent regulation.cyclin activities.cyclin (CYCD)
VIT_03s0180g00040	Vitvi03g00542	13.1.1.1.4	Cell cycle organisation.cell cycle control.cyclin-dependent regulation.cyclin activities.cyclin (CYCD)
VIT_07s0129g00200	Vitvi07g02634	13.1.1.1.4	Cell cycle organisation.cell cycle control.cyclin-dependent regulation.cyclin activities.cyclin (CYCD)
VIT_18s0001g09920	Vitvi18g00731	13.1.1.1.4	Cell cycle organisation.cell cycle control.cyclin-dependent regulation.cyclin activities.cyclin (CYCD)
VIT_15s0021g01280	Vitvi15g00537	13.1.1.1.7	Cell cycle organisation.cell cycle control.cyclin-dependent regulation.cyclin activities.cyclin (CYCP)
VIT_16s0013g00630	Vitvi16g00313	13.1.1.1.7	Cell cycle organisation.cell cycle control.cyclin-dependent regulation.cyclin activities.cyclin (CYCP)
VIT_00s0225g00120	Vitvi01g02039	13.1.1.3	Cell cycle organisation.cell cycle control.cyclin-dependent regulation.cyclin-dependent protein kinase inhibitor activities
VIT_06s0004g02230	Vitvi06g01635	13.1.1.3	Cell cycle organisation.cell cycle control.cyclin-dependent regulation.cyclin-dependent protein kinase inhibitor activities
VIT_00s0225g00120	Vitvi01g02039	13.1.1.3.2	Cell cycle organisation.cell cycle control.cyclin-dependent regulation.cyclin-dependent protein kinase inhibitor activities.inhibitor (SIM)
VIT_06s0004g02230	Vitvi06g01635	13.1.1.3.2	Cell cycle organisation.cell cycle control.cyclin-dependent regulation.cyclin-dependent protein kinase inhibitor activities.inhibitor (SIM)
VIT_00s1211g00010	Vitvi00g01047	13.3	Cell cycle organisation.mitosis and meiosis
VIT_13s0019g01840	Vitvi13g00316	13.3	Cell cycle organisation.mitosis and meiosis
VIT_13s0019g01840	Vitvi13g00316	13.3.4	Cell cycle organisation.mitosis and meiosis.metaphase to anaphase transition
VIT_13s0019g01840	Vitvi13g00316	13.3.4.1	Cell cycle organisation.mitosis and meiosis.metaphase to anaphase transition.Anaphase-Promoting Complex/Cyclosome (APC/C)-dependent ubiquitination
VIT_13s0019g01840	Vitvi13g00316	13.3.4.1.3	Cell cycle organisation.mitosis and meiosis.metaphase to anaphase transition.Anaphase-Promoting Complex/Cyclosome (APC/C)-dependent ubiquitination.activator protein (CDH1)
VIT_00s1211g00010	Vitvi00g01047	13.3.5	Cell cycle organisation.mitosis and meiosis.sister chromatid separation
VIT_00s1211g00010	Vitvi00g01047	13.3.5.3	Cell cycle organisation.mitosis and meiosis.sister chromatid separation.cohesin establishment
VIT_00s1211g00010	Vitvi00g01047	13.3.5.3.2	Cell cycle organisation.mitosis and meiosis.sister chromatid separation.cohesin establishment.cohesin cofactor (PDS5)
VIT_10s0003g04560	Vitvi10g00905	13.4	Cell cycle organisation.cytokinesis
VIT_17s0000g05210	Vitvi17g00494	13.4	Cell cycle organisation.cytokinesis
VIT_19s0090g01230	Vitvi19g00572	13.4	Cell cycle organisation.cytokinesis
VIT_17s0000g05210	Vitvi17g00494	13.4.1	Cell cycle organisation.cytokinesis.preprophase microtubule organization
VIT_17s0000g05210	Vitvi17g00494	13.4.1.2	Cell cycle organisation.cytokinesis.preprophase microtubule organization.TON1-TRM-PP2A (TTP) preprophase band formation complex
VIT_17s0000g05210	Vitvi17g00494	13.4.1.2.2	Cell cycle organisation.cytokinesis.preprophase microtubule organization.TON1-TRM-PP2A (TTP) preprophase band formation complex.component TRM
VIT_10s0003g04560	Vitvi10g00905	13.4.2	Cell cycle organisation.cytokinesis.cell-plate formation
VIT_10s0003g04560	Vitvi10g00905	13.4.2.5	Cell cycle organisation.cytokinesis.cell-plate formation.cell plate maturation factor (AIR9)
VIT_19s0090g01230	Vitvi19g00572	13.4.3	Cell cycle organisation.cytokinesis.phragmoplast microtubule organization
VIT_19s0090g01230	Vitvi19g00572	13.4.3.6	Cell cycle organisation.cytokinesis.phragmoplast microtubule organization.microtubule-associated protein (MAP65-2)
VIT_00s0253g00060	Vitvi07g01306	15	RNA biosynthesis
VIT_00s0375g00040	Vitvi10g00437	15	RNA biosynthesis
VIT_00s0732g00010	Vitvi07g03056	15	RNA biosynthesis
VIT_00s0956g00020	Vitvi10g02273	15	RNA biosynthesis
VIT_00s1203g00010	Vitvi15g01767	15	RNA biosynthesis
VIT_01s0010g03710	Vitvi01g01660	15	RNA biosynthesis
VIT_01s0010g03930	Vitvi01g01680	15	RNA biosynthesis
VIT_01s0011g00110	Vitvi01g00011	15	RNA biosynthesis
VIT_01s0011g03070	Vitvi01g00244	15	RNA biosynthesis
VIT_01s0011g03520	Vitvi01g00288	15	RNA biosynthesis
VIT_01s0011g03540	Vitvi01g00291	15	RNA biosynthesis
VIT_01s0011g06200	Vitvi01g00529	15	RNA biosynthesis
VIT_01s0026g00850	Vitvi01g00845	15	RNA biosynthesis
VIT_01s0026g01050	Vitvi01g00867	15	RNA biosynthesis
VIT_01s0026g01910	Vitvi01g00956	15	RNA biosynthesis
VIT_01s0026g01950	Vitvi01g00958	15	RNA biosynthesis
VIT_01s0026g02580	Vitvi01g01026	15	RNA biosynthesis
VIT_02s0012g00570	Vitvi02g00636	15	RNA biosynthesis
VIT_02s0012g01040	Vitvi02g00673	15	RNA biosynthesis
VIT_02s0012g01450	Vitvi02g00709	15	RNA biosynthesis
VIT_02s0025g00200	Vitvi02g00016	15	RNA biosynthesis
VIT_02s0025g01280	Vitvi02g00114	15	RNA biosynthesis
VIT_02s0025g01740	Vitvi02g00163	15	RNA biosynthesis
VIT_02s0025g02590	Vitvi02g00228	15	RNA biosynthesis
VIT_02s0025g04460	Vitvi02g00407	15	RNA biosynthesis
VIT_02s0033g00300	Vitvi02g01004	15	RNA biosynthesis
VIT_02s0033g00390	Vitvi02g01015	15	RNA biosynthesis
VIT_02s0033g00410	Vitvi02g01019	15	RNA biosynthesis
VIT_02s0033g00450	Vitvi02g01024	15	RNA biosynthesis
VIT_02s0154g00070	Vitvi02g00510	15	RNA biosynthesis
VIT_02s0154g00220	Vitvi02g00526	15	RNA biosynthesis
VIT_03s0038g03410	Vitvi03g00207	15	RNA biosynthesis
VIT_03s0038g04760	Vitvi03g00315	15	RNA biosynthesis
VIT_03s0063g00460	Vitvi03g00500	15	RNA biosynthesis
VIT_03s0063g01380	Vitvi03g00426	15	RNA biosynthesis
VIT_03s0063g02620	Vitvi03g00325	15	RNA biosynthesis
VIT_03s0091g00210	Vitvi03g00578	15	RNA biosynthesis
VIT_03s0091g00260	Vitvi03g00582	15	RNA biosynthesis
VIT_03s0091g00690	Vitvi03g00630	15	RNA biosynthesis
VIT_03s0091g01010	Vitvi03g00666	15	RNA biosynthesis
VIT_03s0167g00010	Vitvi03g00907	15	RNA biosynthesis
VIT_03s0180g00210	Vitvi03g00559	15	RNA biosynthesis
VIT_04s0008g01110	Vitvi04g00092	15	RNA biosynthesis
VIT_04s0008g01160	Vitvi04g00096	15	RNA biosynthesis
VIT_04s0008g01850	Vitvi04g01808	15	RNA biosynthesis
VIT_04s0008g03270	Vitvi04g00289	15	RNA biosynthesis
VIT_04s0008g06000	Vitvi04g00533	15	RNA biosynthesis
VIT_04s0023g01660	Vitvi04g01281	15	RNA biosynthesis
VIT_04s0023g01910	Vitvi04g01309	15	RNA biosynthesis
VIT_04s0023g03240	Vitvi04g01442	15	RNA biosynthesis
VIT_04s0023g03710	Vitvi04g01486	15	RNA biosynthesis
VIT_04s0069g01150	Vitvi04g01992	15	RNA biosynthesis
VIT_05s0020g03880	Vitvi05g00541	15	RNA biosynthesis
VIT_05s0020g04780	Vitvi05g00640	15	RNA biosynthesis
VIT_05s0029g00140	Vitvi05g01073	15	RNA biosynthesis
VIT_05s0029g00390	Vitvi05g01103	15	RNA biosynthesis
VIT_05s0049g00070	Vitvi05g01913	15	RNA biosynthesis
VIT_05s0049g00510	Vitvi05g00715	15	RNA biosynthesis
VIT_05s0049g01020	Vitvi05g01733	15	RNA biosynthesis
VIT_05s0077g01140	Vitvi05g00108	15	RNA biosynthesis
VIT_05s0077g01450	Vitvi05g00077	15	RNA biosynthesis
VIT_05s0077g01860	Vitvi05g01724	15	RNA biosynthesis
VIT_05s0102g00750	Vitvi05g01519	15	RNA biosynthesis
VIT_06s0004g00490	Vitvi06g00052	15	RNA biosynthesis
VIT_06s0004g01870	Vitvi06g00195	15	RNA biosynthesis
VIT_06s0004g03130	Vitvi06g00311	15	RNA biosynthesis
VIT_06s0004g04180	Vitvi06g01682	15	RNA biosynthesis
VIT_06s0004g05230	Vitvi06g00517	15	RNA biosynthesis
VIT_06s0004g07790	Vitvi06g00772	15	RNA biosynthesis
VIT_06s0061g00150	Vitvi06g01281	15	RNA biosynthesis
VIT_06s0061g00760	Vitvi06g01350	15	RNA biosynthesis
VIT_06s0080g00780	Vitvi06g01515	15	RNA biosynthesis
VIT_07s0005g01210	Vitvi07g00393	15	RNA biosynthesis
VIT_07s0005g01700	Vitvi07g02230	15	RNA biosynthesis
VIT_07s0005g02480	Vitvi07g00515	15	RNA biosynthesis
VIT_07s0005g02730	Vitvi07g02253	15	RNA biosynthesis
VIT_07s0005g03340	Vitvi07g00598	15	RNA biosynthesis
VIT_07s0031g01710	Vitvi07g01847	15	RNA biosynthesis
VIT_07s0031g01930	Vitvi07g01870	15	RNA biosynthesis
VIT_07s0031g01980	Vitvi07g01874	15	RNA biosynthesis
VIT_07s0129g00210	Vitvi07g01598	15	RNA biosynthesis
VIT_07s0129g00240	Vitvi07g01602	15	RNA biosynthesis
VIT_07s0129g00330	Vitvi07g01610	15	RNA biosynthesis
VIT_07s0141g00020	Vitvi07g01366	15	RNA biosynthesis
VIT_07s0197g00060	Vitvi07g01325	15	RNA biosynthesis
VIT_08s0007g00410	Vitvi08g01203	15	RNA biosynthesis
VIT_08s0007g03820	Vitvi08g01505	15	RNA biosynthesis
VIT_08s0007g04770	Vitvi08g01600	15	RNA biosynthesis
VIT_08s0007g05540	Vitvi08g02313	15	RNA biosynthesis
VIT_08s0007g06670	Vitvi08g01752	15	RNA biosynthesis
VIT_08s0007g07550	Vitvi08g01831	15	RNA biosynthesis
VIT_08s0007g07640	Vitvi08g01841	15	RNA biosynthesis
VIT_08s0032g01110	Vitvi08g00274	15	RNA biosynthesis
VIT_09s0002g01400	Vitvi09g00112	15	RNA biosynthesis
VIT_09s0002g04120	Vitvi09g00339	15	RNA biosynthesis
VIT_09s0002g09140	Vitvi09g00837	15	RNA biosynthesis
VIT_09s0018g00240	Vitvi09g01122	15	RNA biosynthesis
VIT_10s0003g00040	Vitvi10g00480	15	RNA biosynthesis
VIT_10s0003g00050	Vitvi10g00481	15	RNA biosynthesis
VIT_10s0003g00130	Vitvi10g00488	15	RNA biosynthesis
VIT_10s0003g00350	Vitvi10g00505	15	RNA biosynthesis
VIT_10s0003g00380	Vitvi10g01773	15	RNA biosynthesis
VIT_10s0003g00420	Vitvi10g00510	15	RNA biosynthesis
VIT_10s0003g03790	Vitvi10g01879	15	RNA biosynthesis
VIT_10s0003g03810	Vitvi10g00827	15	RNA biosynthesis
VIT_10s0003g04040	Vitvi10g00849	15	RNA biosynthesis
VIT_10s0003g04100	Vitvi10g00854	15	RNA biosynthesis
VIT_10s0003g04670	Vitvi10g00913	15	RNA biosynthesis
VIT_10s0042g00170	Vitvi10g01466	15	RNA biosynthesis
VIT_10s0116g00500	Vitvi10g01608	15	RNA biosynthesis
VIT_10s0116g01760	Vitvi10g01641	15	RNA biosynthesis
VIT_11s0016g00660	Vitvi11g00045	15	RNA biosynthesis
VIT_11s0016g00670	Vitvi11g00046	15	RNA biosynthesis
VIT_11s0016g01480	Vitvi11g00109	15	RNA biosynthesis
VIT_11s0016g03350	Vitvi11g00285	15	RNA biosynthesis
VIT_11s0016g03940	Vitvi11g00339	15	RNA biosynthesis
VIT_11s0052g00100	Vitvi11g01153	15	RNA biosynthesis
VIT_11s0052g01120	Vitvi11g01259	15	RNA biosynthesis
VIT_12s0028g00860	Vitvi12g00076	15	RNA biosynthesis
VIT_12s0028g01210	Vitvi12g00106	15	RNA biosynthesis
VIT_12s0028g02520	Vitvi12g00219	15	RNA biosynthesis
VIT_12s0028g03100	Vitvi12g00260	15	RNA biosynthesis
VIT_12s0028g03350	Vitvi12g00280	15	RNA biosynthesis
VIT_12s0035g00690	Vitvi12g02006	15	RNA biosynthesis
VIT_12s0035g00900	Vitvi12g02718	15	RNA biosynthesis
VIT_12s0057g00570	Vitvi12g00667	15	RNA biosynthesis
VIT_12s0059g00880	Vitvi12g00388	15	RNA biosynthesis
VIT_12s0059g02360	Vitvi12g00527	15	RNA biosynthesis
VIT_13s0019g00480	Vitvi13g00262	15	RNA biosynthesis
VIT_13s0019g04390	Vitvi13g00614	15	RNA biosynthesis
VIT_13s0064g01290	Vitvi13g01764	15	RNA biosynthesis
VIT_13s0067g01450	Vitvi13g00085	15	RNA biosynthesis
VIT_13s0067g02860	Vitvi13g01413	15	RNA biosynthesis
VIT_13s0156g00260	Vitvi13g01823	15	RNA biosynthesis
VIT_13s0158g00370	Vitvi13g01610	15	RNA biosynthesis
VIT_14s0006g01620	Vitvi14g00974	15	RNA biosynthesis
VIT_14s0006g02950	Vitvi14g01193	15	RNA biosynthesis
VIT_14s0030g02200	Vitvi14g00473	15	RNA biosynthesis
VIT_14s0066g01090	Vitvi14g01750	15	RNA biosynthesis
VIT_14s0066g01880	Vitvi14g01824	15	RNA biosynthesis
VIT_14s0068g00330	Vitvi14g01398	15	RNA biosynthesis
VIT_14s0068g00510	Vitvi14g02946	15	RNA biosynthesis
VIT_14s0068g01380	Vitvi14g01487	15	RNA biosynthesis
VIT_14s0068g01490	Vitvi14g01499	15	RNA biosynthesis
VIT_14s0081g00720	Vitvi14g00562	15	RNA biosynthesis
VIT_14s0083g00640	Vitvi14g01296	15	RNA biosynthesis
VIT_14s0083g01030	Vitvi14g01341	15	RNA biosynthesis
VIT_14s0108g00390	Vitvi14g01922	15	RNA biosynthesis
VIT_14s0108g00830	Vitvi14g01960	15	RNA biosynthesis
VIT_14s0108g01070	Vitvi14g01985	15	RNA biosynthesis
VIT_14s0128g00110	Vitvi14g00277	15	RNA biosynthesis
VIT_15s0021g01880	Vitvi15g00579	15	RNA biosynthesis
VIT_15s0021g02300	Vitvi15g00620	15	RNA biosynthesis
VIT_15s0021g02510	Vitvi15g00636	15	RNA biosynthesis
VIT_15s0046g00150	Vitvi15g00936	15	RNA biosynthesis
VIT_15s0046g00170	Vitvi15g00938	15	RNA biosynthesis
VIT_15s0046g00230	Vitvi15g01216	15	RNA biosynthesis
VIT_15s0046g00240	Vitvi15g01217	15	RNA biosynthesis
VIT_15s0046g00290	Vitvi15g00946	15	RNA biosynthesis
VIT_15s0046g01140	Vitvi15g01003	15	RNA biosynthesis
VIT_15s0048g00550	Vitvi15g00708	15	RNA biosynthesis
VIT_15s0048g00830	Vitvi15g00735	15	RNA biosynthesis
VIT_15s0048g02280	Vitvi15g01540	15	RNA biosynthesis
VIT_15s0048g02870	Vitvi15g00912	15	RNA biosynthesis
VIT_16s0013g00950	Vitvi16g01429	15	RNA biosynthesis
VIT_16s0013g00970	Vitvi16g01438	15	RNA biosynthesis
VIT_16s0013g00980	Vitvi16g01430	15	RNA biosynthesis
VIT_16s0013g01000	Vitvi16g01432	15	RNA biosynthesis
VIT_16s0013g01050	Vitvi16g00362	15	RNA biosynthesis
VIT_16s0013g01060	Vitvi16g00363	15	RNA biosynthesis
VIT_16s0013g01070	Vitvi16g00370	15	RNA biosynthesis
VIT_16s0039g01920	Vitvi16g01449	15	RNA biosynthesis
VIT_16s0050g02400	Vitvi16g01201	15	RNA biosynthesis
VIT_16s0050g02530	Vitvi16g01215	15	RNA biosynthesis
VIT_16s0098g01080	Vitvi16g01354	15	RNA biosynthesis
VIT_16s0098g01170	Vitvi16g01362	15	RNA biosynthesis
VIT_16s0100g00380	Vitvi16g00941	15	RNA biosynthesis
VIT_16s0100g00400	Vitvi16g00942	15	RNA biosynthesis
VIT_16s0115g00190	Vitvi16g01731	15	RNA biosynthesis
VIT_17s0000g00430	Vitvi17g00046	15	RNA biosynthesis
VIT_17s0000g04850	Vitvi17g00447	15	RNA biosynthesis
VIT_17s0000g05020	Vitvi17g00473	15	RNA biosynthesis
VIT_17s0000g06020	Vitvi17g00581	15	RNA biosynthesis
VIT_17s0000g06200	Vitvi17g00600	15	RNA biosynthesis
VIT_17s0000g08290	Vitvi17g00809	15	RNA biosynthesis
VIT_17s0000g08480	Vitvi17g00822	15	RNA biosynthesis
VIT_17s0000g09080	Vitvi17g00895	15	RNA biosynthesis
VIT_18s0001g03670	Vitvi18g00316	15	RNA biosynthesis
VIT_18s0001g05850	Vitvi18g02241	15	RNA biosynthesis
VIT_18s0001g05890	Vitvi18g02240	15	RNA biosynthesis
VIT_18s0001g06430	Vitvi18g00448	15	RNA biosynthesis
VIT_18s0001g08710	Vitvi18g00628	15	RNA biosynthesis
VIT_18s0001g09040	Vitvi18g00654	15	RNA biosynthesis
VIT_18s0001g10160	Vitvi18g00757	15	RNA biosynthesis
VIT_18s0001g10300	Vitvi18g00766	15	RNA biosynthesis
VIT_18s0001g11170	Vitvi18g00843	15	RNA biosynthesis
VIT_18s0001g11310	Vitvi18g00858	15	RNA biosynthesis
VIT_18s0001g12020	Vitvi18g00924	15	RNA biosynthesis
VIT_18s0001g12660	Vitvi18g00976	15	RNA biosynthesis
VIT_18s0001g13040	Vitvi18g01005	15	RNA biosynthesis
VIT_18s0001g14130	Vitvi18g01109	15	RNA biosynthesis
VIT_18s0001g15730	Vitvi18g01254	15	RNA biosynthesis
VIT_18s0041g01880	Vitvi18g02133	15	RNA biosynthesis
VIT_18s0072g00260	Vitvi18g01617	15	RNA biosynthesis
VIT_18s0117g00140	Vitvi18g03049	15	RNA biosynthesis
VIT_18s0117g00340	Vitvi18g01875	15	RNA biosynthesis
VIT_18s0122g01140	Vitvi18g00084	15	RNA biosynthesis
VIT_19s0014g01780	Vitvi19g00147	15	RNA biosynthesis
VIT_19s0014g02240	Vitvi19g01784	15	RNA biosynthesis
VIT_19s0014g03290	Vitvi19g00270	15	RNA biosynthesis
VIT_19s0085g00050	Vitvi19g01669	15	RNA biosynthesis
VIT_19s0090g01780	Vitvi19g00623	15	RNA biosynthesis
VIT_08s0007g05540	Vitvi08g02313	15.1	RNA biosynthesis.DNA-dependent RNA polymerase (Pol) complexes
VIT_12s0028g01210	Vitvi12g00106	15.1	RNA biosynthesis.DNA-dependent RNA polymerase (Pol) complexes
VIT_16s0115g00190	Vitvi16g01731	15.1	RNA biosynthesis.DNA-dependent RNA polymerase (Pol) complexes
VIT_08s0007g05540	Vitvi08g02313	15.1.6	RNA biosynthesis.DNA-dependent RNA polymerase (Pol) complexes.Pol I-V shared regulatory components
VIT_12s0028g01210	Vitvi12g00106	15.1.6	RNA biosynthesis.DNA-dependent RNA polymerase (Pol) complexes.Pol I-V shared regulatory components
VIT_16s0115g00190	Vitvi16g01731	15.1.6	RNA biosynthesis.DNA-dependent RNA polymerase (Pol) complexes.Pol I-V shared regulatory components
VIT_16s0115g00190	Vitvi16g01731	15.1.6.10	RNA biosynthesis.DNA-dependent RNA polymerase (Pol) complexes.Pol I-V shared regulatory components.subunit 12
VIT_08s0007g05540	Vitvi08g02313	15.1.6.3	RNA biosynthesis.DNA-dependent RNA polymerase (Pol) complexes.Pol I-V shared regulatory components.subunit 5
VIT_12s0028g01210	Vitvi12g00106	15.1.6.4	RNA biosynthesis.DNA-dependent RNA polymerase (Pol) complexes.Pol I-V shared regulatory components.subunit 6
VIT_03s0063g01380	Vitvi03g00426	15.2	RNA biosynthesis.RNA polymerase I-dependent transcription
VIT_03s0063g01380	Vitvi03g00426	15.2.4	RNA biosynthesis.RNA polymerase I-dependent transcription.CCG-interacting transcriptional regulator (CBP)
VIT_04s0023g03240	Vitvi04g01442	15.3	RNA biosynthesis.RNA polymerase II-dependent transcription
VIT_04s0023g03240	Vitvi04g01442	15.3.5	RNA biosynthesis.RNA polymerase II-dependent transcription.transcription initiation
VIT_04s0023g03240	Vitvi04g01442	15.3.5.3	RNA biosynthesis.RNA polymerase II-dependent transcription.transcription initiation.TFIId basal transcription regulation complex
VIT_04s0023g03240	Vitvi04g01442	15.3.5.3.14	RNA biosynthesis.RNA polymerase II-dependent transcription.transcription initiation.TFIId basal transcription regulation complex.component TAF14
VIT_00s0253g00060	Vitvi07g01306	15.5	RNA biosynthesis.transcriptional regulation
VIT_00s0375g00040	Vitvi10g00437	15.5	RNA biosynthesis.transcriptional regulation
VIT_00s0732g00010	Vitvi07g03056	15.5	RNA biosynthesis.transcriptional regulation
VIT_00s0956g00020	Vitvi10g02273	15.5	RNA biosynthesis.transcriptional regulation
VIT_00s1203g00010	Vitvi15g01767	15.5	RNA biosynthesis.transcriptional regulation
VIT_01s0010g03710	Vitvi01g01660	15.5	RNA biosynthesis.transcriptional regulation
VIT_01s0010g03930	Vitvi01g01680	15.5	RNA biosynthesis.transcriptional regulation
VIT_01s0011g00110	Vitvi01g00011	15.5	RNA biosynthesis.transcriptional regulation
VIT_01s0011g03070	Vitvi01g00244	15.5	RNA biosynthesis.transcriptional regulation
VIT_01s0011g03520	Vitvi01g00288	15.5	RNA biosynthesis.transcriptional regulation
VIT_01s0011g03540	Vitvi01g00291	15.5	RNA biosynthesis.transcriptional regulation
VIT_01s0011g06200	Vitvi01g00529	15.5	RNA biosynthesis.transcriptional regulation
VIT_01s0026g00850	Vitvi01g00845	15.5	RNA biosynthesis.transcriptional regulation
VIT_01s0026g01050	Vitvi01g00867	15.5	RNA biosynthesis.transcriptional regulation
VIT_01s0026g01910	Vitvi01g00956	15.5	RNA biosynthesis.transcriptional regulation
VIT_01s0026g01950	Vitvi01g00958	15.5	RNA biosynthesis.transcriptional regulation
VIT_01s0026g02580	Vitvi01g01026	15.5	RNA biosynthesis.transcriptional regulation
VIT_02s0012g00570	Vitvi02g00636	15.5	RNA biosynthesis.transcriptional regulation
VIT_02s0012g01040	Vitvi02g00673	15.5	RNA biosynthesis.transcriptional regulation
VIT_02s0012g01450	Vitvi02g00709	15.5	RNA biosynthesis.transcriptional regulation
VIT_02s0025g00200	Vitvi02g00016	15.5	RNA biosynthesis.transcriptional regulation
VIT_02s0025g01280	Vitvi02g00114	15.5	RNA biosynthesis.transcriptional regulation
VIT_02s0025g01740	Vitvi02g00163	15.5	RNA biosynthesis.transcriptional regulation
VIT_02s0025g02590	Vitvi02g00228	15.5	RNA biosynthesis.transcriptional regulation
VIT_02s0025g04460	Vitvi02g00407	15.5	RNA biosynthesis.transcriptional regulation
VIT_02s0033g00300	Vitvi02g01004	15.5	RNA biosynthesis.transcriptional regulation
VIT_02s0033g00390	Vitvi02g01015	15.5	RNA biosynthesis.transcriptional regulation
VIT_02s0033g00410	Vitvi02g01019	15.5	RNA biosynthesis.transcriptional regulation
VIT_02s0033g00450	Vitvi02g01024	15.5	RNA biosynthesis.transcriptional regulation
VIT_02s0154g00070	Vitvi02g00510	15.5	RNA biosynthesis.transcriptional regulation
VIT_02s0154g00220	Vitvi02g00526	15.5	RNA biosynthesis.transcriptional regulation
VIT_03s0038g03410	Vitvi03g00207	15.5	RNA biosynthesis.transcriptional regulation
VIT_03s0038g04760	Vitvi03g00315	15.5	RNA biosynthesis.transcriptional regulation
VIT_03s0063g00460	Vitvi03g00500	15.5	RNA biosynthesis.transcriptional regulation
VIT_03s0063g02620	Vitvi03g00325	15.5	RNA biosynthesis.transcriptional regulation
VIT_03s0091g00210	Vitvi03g00578	15.5	RNA biosynthesis.transcriptional regulation
VIT_03s0091g00260	Vitvi03g00582	15.5	RNA biosynthesis.transcriptional regulation
VIT_03s0091g00690	Vitvi03g00630	15.5	RNA biosynthesis.transcriptional regulation
VIT_03s0091g01010	Vitvi03g00666	15.5	RNA biosynthesis.transcriptional regulation
VIT_03s0167g00010	Vitvi03g00907	15.5	RNA biosynthesis.transcriptional regulation
VIT_03s0180g00210	Vitvi03g00559	15.5	RNA biosynthesis.transcriptional regulation
VIT_04s0008g01110	Vitvi04g00092	15.5	RNA biosynthesis.transcriptional regulation
VIT_04s0008g01160	Vitvi04g00096	15.5	RNA biosynthesis.transcriptional regulation
VIT_04s0008g01850	Vitvi04g01808	15.5	RNA biosynthesis.transcriptional regulation
VIT_04s0008g03270	Vitvi04g00289	15.5	RNA biosynthesis.transcriptional regulation
VIT_04s0008g06000	Vitvi04g00533	15.5	RNA biosynthesis.transcriptional regulation
VIT_04s0023g01660	Vitvi04g01281	15.5	RNA biosynthesis.transcriptional regulation
VIT_04s0023g01910	Vitvi04g01309	15.5	RNA biosynthesis.transcriptional regulation
VIT_04s0023g03710	Vitvi04g01486	15.5	RNA biosynthesis.transcriptional regulation
VIT_04s0069g01150	Vitvi04g01992	15.5	RNA biosynthesis.transcriptional regulation
VIT_05s0020g03880	Vitvi05g00541	15.5	RNA biosynthesis.transcriptional regulation
VIT_05s0020g04780	Vitvi05g00640	15.5	RNA biosynthesis.transcriptional regulation
VIT_05s0029g00140	Vitvi05g01073	15.5	RNA biosynthesis.transcriptional regulation
VIT_05s0029g00390	Vitvi05g01103	15.5	RNA biosynthesis.transcriptional regulation
VIT_05s0049g00070	Vitvi05g01913	15.5	RNA biosynthesis.transcriptional regulation
VIT_05s0049g00510	Vitvi05g00715	15.5	RNA biosynthesis.transcriptional regulation
VIT_05s0049g01020	Vitvi05g01733	15.5	RNA biosynthesis.transcriptional regulation
VIT_05s0077g01140	Vitvi05g00108	15.5	RNA biosynthesis.transcriptional regulation
VIT_05s0077g01450	Vitvi05g00077	15.5	RNA biosynthesis.transcriptional regulation
VIT_05s0077g01860	Vitvi05g01724	15.5	RNA biosynthesis.transcriptional regulation
VIT_05s0102g00750	Vitvi05g01519	15.5	RNA biosynthesis.transcriptional regulation
VIT_06s0004g00490	Vitvi06g00052	15.5	RNA biosynthesis.transcriptional regulation
VIT_06s0004g01870	Vitvi06g00195	15.5	RNA biosynthesis.transcriptional regulation
VIT_06s0004g03130	Vitvi06g00311	15.5	RNA biosynthesis.transcriptional regulation
VIT_06s0004g04180	Vitvi06g01682	15.5	RNA biosynthesis.transcriptional regulation
VIT_06s0004g07790	Vitvi06g00772	15.5	RNA biosynthesis.transcriptional regulation
VIT_06s0061g00150	Vitvi06g01281	15.5	RNA biosynthesis.transcriptional regulation
VIT_06s0061g00760	Vitvi06g01350	15.5	RNA biosynthesis.transcriptional regulation
VIT_06s0080g00780	Vitvi06g01515	15.5	RNA biosynthesis.transcriptional regulation
VIT_07s0005g01210	Vitvi07g00393	15.5	RNA biosynthesis.transcriptional regulation
VIT_07s0005g01700	Vitvi07g02230	15.5	RNA biosynthesis.transcriptional regulation
VIT_07s0005g02480	Vitvi07g00515	15.5	RNA biosynthesis.transcriptional regulation
VIT_07s0005g02730	Vitvi07g02253	15.5	RNA biosynthesis.transcriptional regulation
VIT_07s0005g03340	Vitvi07g00598	15.5	RNA biosynthesis.transcriptional regulation
VIT_07s0031g01710	Vitvi07g01847	15.5	RNA biosynthesis.transcriptional regulation
VIT_07s0031g01930	Vitvi07g01870	15.5	RNA biosynthesis.transcriptional regulation
VIT_07s0031g01980	Vitvi07g01874	15.5	RNA biosynthesis.transcriptional regulation
VIT_07s0129g00210	Vitvi07g01598	15.5	RNA biosynthesis.transcriptional regulation
VIT_07s0129g00240	Vitvi07g01602	15.5	RNA biosynthesis.transcriptional regulation
VIT_07s0129g00330	Vitvi07g01610	15.5	RNA biosynthesis.transcriptional regulation
VIT_07s0141g00020	Vitvi07g01366	15.5	RNA biosynthesis.transcriptional regulation
VIT_07s0197g00060	Vitvi07g01325	15.5	RNA biosynthesis.transcriptional regulation
VIT_08s0007g00410	Vitvi08g01203	15.5	RNA biosynthesis.transcriptional regulation
VIT_08s0007g03820	Vitvi08g01505	15.5	RNA biosynthesis.transcriptional regulation
VIT_08s0007g04770	Vitvi08g01600	15.5	RNA biosynthesis.transcriptional regulation
VIT_08s0007g06670	Vitvi08g01752	15.5	RNA biosynthesis.transcriptional regulation
VIT_08s0007g07550	Vitvi08g01831	15.5	RNA biosynthesis.transcriptional regulation
VIT_08s0007g07640	Vitvi08g01841	15.5	RNA biosynthesis.transcriptional regulation
VIT_08s0032g01110	Vitvi08g00274	15.5	RNA biosynthesis.transcriptional regulation
VIT_09s0002g01400	Vitvi09g00112	15.5	RNA biosynthesis.transcriptional regulation
VIT_09s0002g04120	Vitvi09g00339	15.5	RNA biosynthesis.transcriptional regulation
VIT_09s0002g09140	Vitvi09g00837	15.5	RNA biosynthesis.transcriptional regulation
VIT_09s0018g00240	Vitvi09g01122	15.5	RNA biosynthesis.transcriptional regulation
VIT_10s0003g00040	Vitvi10g00480	15.5	RNA biosynthesis.transcriptional regulation
VIT_10s0003g00050	Vitvi10g00481	15.5	RNA biosynthesis.transcriptional regulation
VIT_10s0003g00130	Vitvi10g00488	15.5	RNA biosynthesis.transcriptional regulation
VIT_10s0003g00350	Vitvi10g00505	15.5	RNA biosynthesis.transcriptional regulation
VIT_10s0003g00380	Vitvi10g01773	15.5	RNA biosynthesis.transcriptional regulation
VIT_10s0003g00420	Vitvi10g00510	15.5	RNA biosynthesis.transcriptional regulation
VIT_10s0003g03790	Vitvi10g01879	15.5	RNA biosynthesis.transcriptional regulation
VIT_10s0003g03810	Vitvi10g00827	15.5	RNA biosynthesis.transcriptional regulation
VIT_10s0003g04100	Vitvi10g00854	15.5	RNA biosynthesis.transcriptional regulation
VIT_10s0003g04670	Vitvi10g00913	15.5	RNA biosynthesis.transcriptional regulation
VIT_10s0042g00170	Vitvi10g01466	15.5	RNA biosynthesis.transcriptional regulation
VIT_10s0116g00500	Vitvi10g01608	15.5	RNA biosynthesis.transcriptional regulation
VIT_10s0116g01760	Vitvi10g01641	15.5	RNA biosynthesis.transcriptional regulation
VIT_11s0016g00660	Vitvi11g00045	15.5	RNA biosynthesis.transcriptional regulation
VIT_11s0016g00670	Vitvi11g00046	15.5	RNA biosynthesis.transcriptional regulation
VIT_11s0016g01480	Vitvi11g00109	15.5	RNA biosynthesis.transcriptional regulation
VIT_11s0016g03350	Vitvi11g00285	15.5	RNA biosynthesis.transcriptional regulation
VIT_11s0016g03940	Vitvi11g00339	15.5	RNA biosynthesis.transcriptional regulation
VIT_11s0052g00100	Vitvi11g01153	15.5	RNA biosynthesis.transcriptional regulation
VIT_11s0052g01120	Vitvi11g01259	15.5	RNA biosynthesis.transcriptional regulation
VIT_12s0028g00860	Vitvi12g00076	15.5	RNA biosynthesis.transcriptional regulation
VIT_12s0028g02520	Vitvi12g00219	15.5	RNA biosynthesis.transcriptional regulation
VIT_12s0028g03100	Vitvi12g00260	15.5	RNA biosynthesis.transcriptional regulation
VIT_12s0028g03350	Vitvi12g00280	15.5	RNA biosynthesis.transcriptional regulation
VIT_12s0035g00690	Vitvi12g02006	15.5	RNA biosynthesis.transcriptional regulation
VIT_12s0035g00900	Vitvi12g02718	15.5	RNA biosynthesis.transcriptional regulation
VIT_12s0057g00570	Vitvi12g00667	15.5	RNA biosynthesis.transcriptional regulation
VIT_12s0059g00880	Vitvi12g00388	15.5	RNA biosynthesis.transcriptional regulation
VIT_12s0059g02360	Vitvi12g00527	15.5	RNA biosynthesis.transcriptional regulation
VIT_13s0019g00480	Vitvi13g00262	15.5	RNA biosynthesis.transcriptional regulation
VIT_13s0019g04390	Vitvi13g00614	15.5	RNA biosynthesis.transcriptional regulation
VIT_13s0064g01290	Vitvi13g01764	15.5	RNA biosynthesis.transcriptional regulation
VIT_13s0067g01450	Vitvi13g00085	15.5	RNA biosynthesis.transcriptional regulation
VIT_13s0067g02860	Vitvi13g01413	15.5	RNA biosynthesis.transcriptional regulation
VIT_13s0156g00260	Vitvi13g01823	15.5	RNA biosynthesis.transcriptional regulation
VIT_13s0158g00370	Vitvi13g01610	15.5	RNA biosynthesis.transcriptional regulation
VIT_14s0006g01620	Vitvi14g00974	15.5	RNA biosynthesis.transcriptional regulation
VIT_14s0006g02950	Vitvi14g01193	15.5	RNA biosynthesis.transcriptional regulation
VIT_14s0030g02200	Vitvi14g00473	15.5	RNA biosynthesis.transcriptional regulation
VIT_14s0066g01090	Vitvi14g01750	15.5	RNA biosynthesis.transcriptional regulation
VIT_14s0066g01880	Vitvi14g01824	15.5	RNA biosynthesis.transcriptional regulation
VIT_14s0068g00330	Vitvi14g01398	15.5	RNA biosynthesis.transcriptional regulation
VIT_14s0068g00510	Vitvi14g02946	15.5	RNA biosynthesis.transcriptional regulation
VIT_14s0068g01380	Vitvi14g01487	15.5	RNA biosynthesis.transcriptional regulation
VIT_14s0068g01490	Vitvi14g01499	15.5	RNA biosynthesis.transcriptional regulation
VIT_14s0081g00720	Vitvi14g00562	15.5	RNA biosynthesis.transcriptional regulation
VIT_14s0083g00640	Vitvi14g01296	15.5	RNA biosynthesis.transcriptional regulation
VIT_14s0083g01030	Vitvi14g01341	15.5	RNA biosynthesis.transcriptional regulation
VIT_14s0108g00390	Vitvi14g01922	15.5	RNA biosynthesis.transcriptional regulation
VIT_14s0108g00830	Vitvi14g01960	15.5	RNA biosynthesis.transcriptional regulation
VIT_14s0108g01070	Vitvi14g01985	15.5	RNA biosynthesis.transcriptional regulation
VIT_14s0128g00110	Vitvi14g00277	15.5	RNA biosynthesis.transcriptional regulation
VIT_15s0021g01880	Vitvi15g00579	15.5	RNA biosynthesis.transcriptional regulation
VIT_15s0021g02300	Vitvi15g00620	15.5	RNA biosynthesis.transcriptional regulation
VIT_15s0021g02510	Vitvi15g00636	15.5	RNA biosynthesis.transcriptional regulation
VIT_15s0046g00150	Vitvi15g00936	15.5	RNA biosynthesis.transcriptional regulation
VIT_15s0046g00170	Vitvi15g00938	15.5	RNA biosynthesis.transcriptional regulation
VIT_15s0046g00230	Vitvi15g01216	15.5	RNA biosynthesis.transcriptional regulation
VIT_15s0046g00240	Vitvi15g01217	15.5	RNA biosynthesis.transcriptional regulation
VIT_15s0046g00290	Vitvi15g00946	15.5	RNA biosynthesis.transcriptional regulation
VIT_15s0046g01140	Vitvi15g01003	15.5	RNA biosynthesis.transcriptional regulation
VIT_15s0048g00550	Vitvi15g00708	15.5	RNA biosynthesis.transcriptional regulation
VIT_15s0048g00830	Vitvi15g00735	15.5	RNA biosynthesis.transcriptional regulation
VIT_15s0048g02280	Vitvi15g01540	15.5	RNA biosynthesis.transcriptional regulation
VIT_15s0048g02870	Vitvi15g00912	15.5	RNA biosynthesis.transcriptional regulation
VIT_16s0013g00950	Vitvi16g01429	15.5	RNA biosynthesis.transcriptional regulation
VIT_16s0013g00970	Vitvi16g01438	15.5	RNA biosynthesis.transcriptional regulation
VIT_16s0013g00980	Vitvi16g01430	15.5	RNA biosynthesis.transcriptional regulation
VIT_16s0013g01000	Vitvi16g01432	15.5	RNA biosynthesis.transcriptional regulation
VIT_16s0013g01050	Vitvi16g00362	15.5	RNA biosynthesis.transcriptional regulation
VIT_16s0013g01060	Vitvi16g00363	15.5	RNA biosynthesis.transcriptional regulation
VIT_16s0013g01070	Vitvi16g00370	15.5	RNA biosynthesis.transcriptional regulation
VIT_16s0039g01920	Vitvi16g01449	15.5	RNA biosynthesis.transcriptional regulation
VIT_16s0050g02400	Vitvi16g01201	15.5	RNA biosynthesis.transcriptional regulation
VIT_16s0050g02530	Vitvi16g01215	15.5	RNA biosynthesis.transcriptional regulation
VIT_16s0098g01080	Vitvi16g01354	15.5	RNA biosynthesis.transcriptional regulation
VIT_16s0098g01170	Vitvi16g01362	15.5	RNA biosynthesis.transcriptional regulation
VIT_16s0100g00380	Vitvi16g00941	15.5	RNA biosynthesis.transcriptional regulation
VIT_16s0100g00400	Vitvi16g00942	15.5	RNA biosynthesis.transcriptional regulation
VIT_17s0000g00430	Vitvi17g00046	15.5	RNA biosynthesis.transcriptional regulation
VIT_17s0000g04850	Vitvi17g00447	15.5	RNA biosynthesis.transcriptional regulation
VIT_17s0000g05020	Vitvi17g00473	15.5	RNA biosynthesis.transcriptional regulation
VIT_17s0000g06020	Vitvi17g00581	15.5	RNA biosynthesis.transcriptional regulation
VIT_17s0000g06200	Vitvi17g00600	15.5	RNA biosynthesis.transcriptional regulation
VIT_17s0000g08290	Vitvi17g00809	15.5	RNA biosynthesis.transcriptional regulation
VIT_17s0000g08480	Vitvi17g00822	15.5	RNA biosynthesis.transcriptional regulation
VIT_17s0000g09080	Vitvi17g00895	15.5	RNA biosynthesis.transcriptional regulation
VIT_18s0001g03670	Vitvi18g00316	15.5	RNA biosynthesis.transcriptional regulation
VIT_18s0001g05850	Vitvi18g02241	15.5	RNA biosynthesis.transcriptional regulation
VIT_18s0001g05890	Vitvi18g02240	15.5	RNA biosynthesis.transcriptional regulation
VIT_18s0001g06430	Vitvi18g00448	15.5	RNA biosynthesis.transcriptional regulation
VIT_18s0001g08710	Vitvi18g00628	15.5	RNA biosynthesis.transcriptional regulation
VIT_18s0001g09040	Vitvi18g00654	15.5	RNA biosynthesis.transcriptional regulation
VIT_18s0001g10160	Vitvi18g00757	15.5	RNA biosynthesis.transcriptional regulation
VIT_18s0001g10300	Vitvi18g00766	15.5	RNA biosynthesis.transcriptional regulation
VIT_18s0001g11170	Vitvi18g00843	15.5	RNA biosynthesis.transcriptional regulation
VIT_18s0001g11310	Vitvi18g00858	15.5	RNA biosynthesis.transcriptional regulation
VIT_18s0001g12020	Vitvi18g00924	15.5	RNA biosynthesis.transcriptional regulation
VIT_18s0001g12660	Vitvi18g00976	15.5	RNA biosynthesis.transcriptional regulation
VIT_18s0001g13040	Vitvi18g01005	15.5	RNA biosynthesis.transcriptional regulation
VIT_18s0001g14130	Vitvi18g01109	15.5	RNA biosynthesis.transcriptional regulation
VIT_18s0001g15730	Vitvi18g01254	15.5	RNA biosynthesis.transcriptional regulation
VIT_18s0041g01880	Vitvi18g02133	15.5	RNA biosynthesis.transcriptional regulation
VIT_18s0072g00260	Vitvi18g01617	15.5	RNA biosynthesis.transcriptional regulation
VIT_18s0117g00140	Vitvi18g03049	15.5	RNA biosynthesis.transcriptional regulation
VIT_18s0117g00340	Vitvi18g01875	15.5	RNA biosynthesis.transcriptional regulation
VIT_18s0122g01140	Vitvi18g00084	15.5	RNA biosynthesis.transcriptional regulation
VIT_19s0014g01780	Vitvi19g00147	15.5	RNA biosynthesis.transcriptional regulation
VIT_19s0014g02240	Vitvi19g01784	15.5	RNA biosynthesis.transcriptional regulation
VIT_19s0014g03290	Vitvi19g00270	15.5	RNA biosynthesis.transcriptional regulation
VIT_19s0085g00050	Vitvi19g01669	15.5	RNA biosynthesis.transcriptional regulation
VIT_19s0090g01780	Vitvi19g00623	15.5	RNA biosynthesis.transcriptional regulation
VIT_00s0253g00060	Vitvi07g01306	15.5.1	RNA biosynthesis.transcriptional regulation.C2C2 transcription factor superfamily
VIT_01s0011g03520	Vitvi01g00288	15.5.1	RNA biosynthesis.transcriptional regulation.C2C2 transcription factor superfamily
VIT_01s0026g02580	Vitvi01g01026	15.5.1	RNA biosynthesis.transcriptional regulation.C2C2 transcription factor superfamily
VIT_02s0154g00070	Vitvi02g00510	15.5.1	RNA biosynthesis.transcriptional regulation.C2C2 transcription factor superfamily
VIT_04s0008g03270	Vitvi04g00289	15.5.1	RNA biosynthesis.transcriptional regulation.C2C2 transcription factor superfamily
VIT_05s0077g01450	Vitvi05g00077	15.5.1	RNA biosynthesis.transcriptional regulation.C2C2 transcription factor superfamily
VIT_05s0102g00750	Vitvi05g01519	15.5.1	RNA biosynthesis.transcriptional regulation.C2C2 transcription factor superfamily
VIT_08s0007g07550	Vitvi08g01831	15.5.1	RNA biosynthesis.transcriptional regulation.C2C2 transcription factor superfamily
VIT_08s0032g01110	Vitvi08g00274	15.5.1	RNA biosynthesis.transcriptional regulation.C2C2 transcription factor superfamily
VIT_10s0003g00040	Vitvi10g00480	15.5.1	RNA biosynthesis.transcriptional regulation.C2C2 transcription factor superfamily
VIT_13s0019g04390	Vitvi13g00614	15.5.1	RNA biosynthesis.transcriptional regulation.C2C2 transcription factor superfamily
VIT_14s0068g01380	Vitvi14g01487	15.5.1	RNA biosynthesis.transcriptional regulation.C2C2 transcription factor superfamily
VIT_14s0083g00640	Vitvi14g01296	15.5.1	RNA biosynthesis.transcriptional regulation.C2C2 transcription factor superfamily
VIT_15s0021g02510	Vitvi15g00636	15.5.1	RNA biosynthesis.transcriptional regulation.C2C2 transcription factor superfamily
VIT_15s0046g00150	Vitvi15g00936	15.5.1	RNA biosynthesis.transcriptional regulation.C2C2 transcription factor superfamily
VIT_15s0048g00550	Vitvi15g00708	15.5.1	RNA biosynthesis.transcriptional regulation.C2C2 transcription factor superfamily
VIT_17s0000g04850	Vitvi17g00447	15.5.1	RNA biosynthesis.transcriptional regulation.C2C2 transcription factor superfamily
VIT_17s0000g08290	Vitvi17g00809	15.5.1	RNA biosynthesis.transcriptional regulation.C2C2 transcription factor superfamily
VIT_18s0001g11310	Vitvi18g00858	15.5.1	RNA biosynthesis.transcriptional regulation.C2C2 transcription factor superfamily
VIT_18s0001g15730	Vitvi18g01254	15.5.1	RNA biosynthesis.transcriptional regulation.C2C2 transcription factor superfamily
VIT_05s0102g00750	Vitvi05g01519	15.5.1.1	RNA biosynthesis.transcriptional regulation.C2C2 transcription factor superfamily.transcription factor (BBX-DBB)
VIT_01s0011g03520	Vitvi01g00288	15.5.1.2	RNA biosynthesis.transcriptional regulation.C2C2 transcription factor superfamily.transcription factor (BBX-CO)
VIT_14s0068g01380	Vitvi14g01487	15.5.1.2	RNA biosynthesis.transcriptional regulation.C2C2 transcription factor superfamily.transcription factor (BBX-CO)
VIT_14s0083g00640	Vitvi14g01296	15.5.1.2	RNA biosynthesis.transcriptional regulation.C2C2 transcription factor superfamily.transcription factor (BBX-CO)
VIT_04s0008g03270	Vitvi04g00289	15.5.1.3	RNA biosynthesis.transcriptional regulation.C2C2 transcription factor superfamily.transcription factor (GATA)
VIT_05s0077g01450	Vitvi05g00077	15.5.1.3	RNA biosynthesis.transcriptional regulation.C2C2 transcription factor superfamily.transcription factor (GATA)
VIT_08s0007g07550	Vitvi08g01831	15.5.1.3	RNA biosynthesis.transcriptional regulation.C2C2 transcription factor superfamily.transcription factor (GATA)
VIT_13s0019g04390	Vitvi13g00614	15.5.1.3	RNA biosynthesis.transcriptional regulation.C2C2 transcription factor superfamily.transcription factor (GATA)
VIT_15s0021g02510	Vitvi15g00636	15.5.1.3	RNA biosynthesis.transcriptional regulation.C2C2 transcription factor superfamily.transcription factor (GATA)
VIT_02s0154g00070	Vitvi02g00510	15.5.1.4	RNA biosynthesis.transcriptional regulation.C2C2 transcription factor superfamily.transcription factor (YABBY)
VIT_08s0032g01110	Vitvi08g00274	15.5.1.4	RNA biosynthesis.transcriptional regulation.C2C2 transcription factor superfamily.transcription factor (YABBY)
VIT_15s0048g00550	Vitvi15g00708	15.5.1.4	RNA biosynthesis.transcriptional regulation.C2C2 transcription factor superfamily.transcription factor (YABBY)
VIT_00s0253g00060	Vitvi07g01306	15.5.1.5	RNA biosynthesis.transcriptional regulation.C2C2 transcription factor superfamily.transcription factor (DOF)
VIT_01s0026g02580	Vitvi01g01026	15.5.1.5	RNA biosynthesis.transcriptional regulation.C2C2 transcription factor superfamily.transcription factor (DOF)
VIT_10s0003g00040	Vitvi10g00480	15.5.1.5	RNA biosynthesis.transcriptional regulation.C2C2 transcription factor superfamily.transcription factor (DOF)
VIT_15s0046g00150	Vitvi15g00936	15.5.1.5	RNA biosynthesis.transcriptional regulation.C2C2 transcription factor superfamily.transcription factor (DOF)
VIT_17s0000g04850	Vitvi17g00447	15.5.1.5	RNA biosynthesis.transcriptional regulation.C2C2 transcription factor superfamily.transcription factor (DOF)
VIT_17s0000g08290	Vitvi17g00809	15.5.1.5	RNA biosynthesis.transcriptional regulation.C2C2 transcription factor superfamily.transcription factor (DOF)
VIT_18s0001g11310	Vitvi18g00858	15.5.1.5	RNA biosynthesis.transcriptional regulation.C2C2 transcription factor superfamily.transcription factor (DOF)
VIT_18s0001g15730	Vitvi18g01254	15.5.1.5	RNA biosynthesis.transcriptional regulation.C2C2 transcription factor superfamily.transcription factor (DOF)
VIT_04s0023g01660	Vitvi04g01281	15.5.12	RNA biosynthesis.transcriptional regulation.transcription factor (GRAS)
VIT_04s0008g01110	Vitvi04g00092	15.5.13	RNA biosynthesis.transcriptional regulation.transcription factor (HSF)
VIT_11s0016g03940	Vitvi11g00339	15.5.13	RNA biosynthesis.transcriptional regulation.transcription factor (HSF)
VIT_01s0011g00110	Vitvi01g00011	15.5.14	RNA biosynthesis.transcriptional regulation.transcription factor (MADS/AGL)
VIT_14s0083g01030	Vitvi14g01341	15.5.14	RNA biosynthesis.transcriptional regulation.transcription factor (MADS/AGL)
VIT_18s0041g01880	Vitvi18g02133	15.5.14	RNA biosynthesis.transcriptional regulation.transcription factor (MADS/AGL)
VIT_01s0011g06200	Vitvi01g00529	15.5.15	RNA biosynthesis.transcriptional regulation.transcription factor (C2H2-ZF)
VIT_01s0026g00850	Vitvi01g00845	15.5.15	RNA biosynthesis.transcriptional regulation.transcription factor (C2H2-ZF)
VIT_02s0154g00220	Vitvi02g00526	15.5.15	RNA biosynthesis.transcriptional regulation.transcription factor (C2H2-ZF)
VIT_03s0091g00260	Vitvi03g00582	15.5.15	RNA biosynthesis.transcriptional regulation.transcription factor (C2H2-ZF)
VIT_03s0091g00690	Vitvi03g00630	15.5.15	RNA biosynthesis.transcriptional regulation.transcription factor (C2H2-ZF)
VIT_04s0008g01160	Vitvi04g00096	15.5.15	RNA biosynthesis.transcriptional regulation.transcription factor (C2H2-ZF)
VIT_05s0049g00070	Vitvi05g01913	15.5.15	RNA biosynthesis.transcriptional regulation.transcription factor (C2H2-ZF)
VIT_06s0004g01870	Vitvi06g00195	15.5.15	RNA biosynthesis.transcriptional regulation.transcription factor (C2H2-ZF)
VIT_06s0004g04180	Vitvi06g01682	15.5.15	RNA biosynthesis.transcriptional regulation.transcription factor (C2H2-ZF)
VIT_06s0061g00760	Vitvi06g01350	15.5.15	RNA biosynthesis.transcriptional regulation.transcription factor (C2H2-ZF)
VIT_07s0129g00240	Vitvi07g01602	15.5.15	RNA biosynthesis.transcriptional regulation.transcription factor (C2H2-ZF)
VIT_07s0141g00020	Vitvi07g01366	15.5.15	RNA biosynthesis.transcriptional regulation.transcription factor (C2H2-ZF)
VIT_08s0007g04770	Vitvi08g01600	15.5.15	RNA biosynthesis.transcriptional regulation.transcription factor (C2H2-ZF)
VIT_11s0052g01120	Vitvi11g01259	15.5.15	RNA biosynthesis.transcriptional regulation.transcription factor (C2H2-ZF)
VIT_13s0019g00480	Vitvi13g00262	15.5.15	RNA biosynthesis.transcriptional regulation.transcription factor (C2H2-ZF)
VIT_14s0066g01880	Vitvi14g01824	15.5.15	RNA biosynthesis.transcriptional regulation.transcription factor (C2H2-ZF)
VIT_18s0001g03670	Vitvi18g00316	15.5.15	RNA biosynthesis.transcriptional regulation.transcription factor (C2H2-ZF)
VIT_18s0001g14130	Vitvi18g01109	15.5.15	RNA biosynthesis.transcriptional regulation.transcription factor (C2H2-ZF)
VIT_06s0061g00150	Vitvi06g01281	15.5.16	RNA biosynthesis.transcriptional regulation.transcription factor (C3H-ZF)
VIT_12s0057g00570	Vitvi12g00667	15.5.16	RNA biosynthesis.transcriptional regulation.transcription factor (C3H-ZF)
VIT_13s0158g00370	Vitvi13g01610	15.5.16	RNA biosynthesis.transcriptional regulation.transcription factor (C3H-ZF)
VIT_19s0090g01780	Vitvi19g00623	15.5.16	RNA biosynthesis.transcriptional regulation.transcription factor (C3H-ZF)
VIT_00s0375g00040	Vitvi10g00437	15.5.17	RNA biosynthesis.transcriptional regulation.transcription factor (NAC)
VIT_02s0012g01040	Vitvi02g00673	15.5.17	RNA biosynthesis.transcriptional regulation.transcription factor (NAC)
VIT_03s0038g03410	Vitvi03g00207	15.5.17	RNA biosynthesis.transcriptional regulation.transcription factor (NAC)
VIT_06s0080g00780	Vitvi06g01515	15.5.17	RNA biosynthesis.transcriptional regulation.transcription factor (NAC)
VIT_08s0007g07640	Vitvi08g01841	15.5.17	RNA biosynthesis.transcriptional regulation.transcription factor (NAC)
VIT_10s0003g00350	Vitvi10g00505	15.5.17	RNA biosynthesis.transcriptional regulation.transcription factor (NAC)
VIT_12s0028g00860	Vitvi12g00076	15.5.17	RNA biosynthesis.transcriptional regulation.transcription factor (NAC)
VIT_14s0068g01490	Vitvi14g01499	15.5.17	RNA biosynthesis.transcriptional regulation.transcription factor (NAC)
VIT_14s0108g01070	Vitvi14g01985	15.5.17	RNA biosynthesis.transcriptional regulation.transcription factor (NAC)
VIT_15s0048g02280	Vitvi15g01540	15.5.17	RNA biosynthesis.transcriptional regulation.transcription factor (NAC)
VIT_19s0014g03290	Vitvi19g00270	15.5.17	RNA biosynthesis.transcriptional regulation.transcription factor (NAC)
VIT_01s0010g03710	Vitvi01g01660	15.5.18	RNA biosynthesis.transcriptional regulation.transcription factor (SBP)
VIT_10s0003g00050	Vitvi10g00481	15.5.18	RNA biosynthesis.transcriptional regulation.transcription factor (SBP)
VIT_12s0028g03350	Vitvi12g00280	15.5.18	RNA biosynthesis.transcriptional regulation.transcription factor (SBP)
VIT_15s0021g02300	Vitvi15g00620	15.5.18	RNA biosynthesis.transcriptional regulation.transcription factor (SBP)
VIT_17s0000g05020	Vitvi17g00473	15.5.18	RNA biosynthesis.transcriptional regulation.transcription factor (SBP)
VIT_10s0042g00170	Vitvi10g01466	15.5.19	RNA biosynthesis.transcriptional regulation.transcription factor (TCP)
VIT_12s0028g02520	Vitvi12g00219	15.5.19	RNA biosynthesis.transcriptional regulation.transcription factor (TCP)
VIT_12s0035g00690	Vitvi12g02006	15.5.19	RNA biosynthesis.transcriptional regulation.transcription factor (TCP)
VIT_14s0068g00330	Vitvi14g01398	15.5.19	RNA biosynthesis.transcriptional regulation.transcription factor (TCP)
VIT_17s0000g06020	Vitvi17g00581	15.5.19	RNA biosynthesis.transcriptional regulation.transcription factor (TCP)
VIT_18s0117g00340	Vitvi18g01875	15.5.19	RNA biosynthesis.transcriptional regulation.transcription factor (TCP)
VIT_01s0026g01050	Vitvi01g00867	15.5.2	RNA biosynthesis.transcriptional regulation.MYB  transcription factor superfamily
VIT_01s0026g01910	Vitvi01g00956	15.5.2	RNA biosynthesis.transcriptional regulation.MYB  transcription factor superfamily
VIT_02s0012g00570	Vitvi02g00636	15.5.2	RNA biosynthesis.transcriptional regulation.MYB  transcription factor superfamily
VIT_02s0033g00300	Vitvi02g01004	15.5.2	RNA biosynthesis.transcriptional regulation.MYB  transcription factor superfamily
VIT_02s0033g00390	Vitvi02g01015	15.5.2	RNA biosynthesis.transcriptional regulation.MYB  transcription factor superfamily
VIT_02s0033g00410	Vitvi02g01019	15.5.2	RNA biosynthesis.transcriptional regulation.MYB  transcription factor superfamily
VIT_02s0033g00450	Vitvi02g01024	15.5.2	RNA biosynthesis.transcriptional regulation.MYB  transcription factor superfamily
VIT_03s0063g02620	Vitvi03g00325	15.5.2	RNA biosynthesis.transcriptional regulation.MYB  transcription factor superfamily
VIT_03s0180g00210	Vitvi03g00559	15.5.2	RNA biosynthesis.transcriptional regulation.MYB  transcription factor superfamily
VIT_04s0023g01910	Vitvi04g01309	15.5.2	RNA biosynthesis.transcriptional regulation.MYB  transcription factor superfamily
VIT_04s0023g03710	Vitvi04g01486	15.5.2	RNA biosynthesis.transcriptional regulation.MYB  transcription factor superfamily
VIT_05s0049g01020	Vitvi05g01733	15.5.2	RNA biosynthesis.transcriptional regulation.MYB  transcription factor superfamily
VIT_07s0005g01210	Vitvi07g00393	15.5.2	RNA biosynthesis.transcriptional regulation.MYB  transcription factor superfamily
VIT_07s0005g02480	Vitvi07g00515	15.5.2	RNA biosynthesis.transcriptional regulation.MYB  transcription factor superfamily
VIT_07s0005g02730	Vitvi07g02253	15.5.2	RNA biosynthesis.transcriptional regulation.MYB  transcription factor superfamily
VIT_07s0005g03340	Vitvi07g00598	15.5.2	RNA biosynthesis.transcriptional regulation.MYB  transcription factor superfamily
VIT_07s0031g01930	Vitvi07g01870	15.5.2	RNA biosynthesis.transcriptional regulation.MYB  transcription factor superfamily
VIT_07s0197g00060	Vitvi07g01325	15.5.2	RNA biosynthesis.transcriptional regulation.MYB  transcription factor superfamily
VIT_08s0007g00410	Vitvi08g01203	15.5.2	RNA biosynthesis.transcriptional regulation.MYB  transcription factor superfamily
VIT_09s0002g01400	Vitvi09g00112	15.5.2	RNA biosynthesis.transcriptional regulation.MYB  transcription factor superfamily
VIT_10s0116g00500	Vitvi10g01608	15.5.2	RNA biosynthesis.transcriptional regulation.MYB  transcription factor superfamily
VIT_10s0116g01760	Vitvi10g01641	15.5.2	RNA biosynthesis.transcriptional regulation.MYB  transcription factor superfamily
VIT_12s0028g03100	Vitvi12g00260	15.5.2	RNA biosynthesis.transcriptional regulation.MYB  transcription factor superfamily
VIT_12s0059g02360	Vitvi12g00527	15.5.2	RNA biosynthesis.transcriptional regulation.MYB  transcription factor superfamily
VIT_14s0006g01620	Vitvi14g00974	15.5.2	RNA biosynthesis.transcriptional regulation.MYB  transcription factor superfamily
VIT_14s0066g01090	Vitvi14g01750	15.5.2	RNA biosynthesis.transcriptional regulation.MYB  transcription factor superfamily
VIT_14s0108g00830	Vitvi14g01960	15.5.2	RNA biosynthesis.transcriptional regulation.MYB  transcription factor superfamily
VIT_15s0046g00170	Vitvi15g00938	15.5.2	RNA biosynthesis.transcriptional regulation.MYB  transcription factor superfamily
VIT_16s0039g01920	Vitvi16g01449	15.5.2	RNA biosynthesis.transcriptional regulation.MYB  transcription factor superfamily
VIT_16s0050g02530	Vitvi16g01215	15.5.2	RNA biosynthesis.transcriptional regulation.MYB  transcription factor superfamily
VIT_17s0000g08480	Vitvi17g00822	15.5.2	RNA biosynthesis.transcriptional regulation.MYB  transcription factor superfamily
VIT_17s0000g09080	Vitvi17g00895	15.5.2	RNA biosynthesis.transcriptional regulation.MYB  transcription factor superfamily
VIT_18s0001g11170	Vitvi18g00843	15.5.2	RNA biosynthesis.transcriptional regulation.MYB  transcription factor superfamily
VIT_19s0085g00050	Vitvi19g01669	15.5.2	RNA biosynthesis.transcriptional regulation.MYB  transcription factor superfamily
VIT_01s0026g01910	Vitvi01g00956	15.5.2.1	RNA biosynthesis.transcriptional regulation.MYB  transcription factor superfamily.transcription factor (MYB)
VIT_02s0033g00390	Vitvi02g01015	15.5.2.1	RNA biosynthesis.transcriptional regulation.MYB  transcription factor superfamily.transcription factor (MYB)
VIT_02s0033g00410	Vitvi02g01019	15.5.2.1	RNA biosynthesis.transcriptional regulation.MYB  transcription factor superfamily.transcription factor (MYB)
VIT_02s0033g00450	Vitvi02g01024	15.5.2.1	RNA biosynthesis.transcriptional regulation.MYB  transcription factor superfamily.transcription factor (MYB)
VIT_03s0180g00210	Vitvi03g00559	15.5.2.1	RNA biosynthesis.transcriptional regulation.MYB  transcription factor superfamily.transcription factor (MYB)
VIT_04s0023g03710	Vitvi04g01486	15.5.2.1	RNA biosynthesis.transcriptional regulation.MYB  transcription factor superfamily.transcription factor (MYB)
VIT_05s0049g01020	Vitvi05g01733	15.5.2.1	RNA biosynthesis.transcriptional regulation.MYB  transcription factor superfamily.transcription factor (MYB)
VIT_07s0005g01210	Vitvi07g00393	15.5.2.1	RNA biosynthesis.transcriptional regulation.MYB  transcription factor superfamily.transcription factor (MYB)
VIT_07s0005g02480	Vitvi07g00515	15.5.2.1	RNA biosynthesis.transcriptional regulation.MYB  transcription factor superfamily.transcription factor (MYB)
VIT_07s0005g03340	Vitvi07g00598	15.5.2.1	RNA biosynthesis.transcriptional regulation.MYB  transcription factor superfamily.transcription factor (MYB)
VIT_08s0007g00410	Vitvi08g01203	15.5.2.1	RNA biosynthesis.transcriptional regulation.MYB  transcription factor superfamily.transcription factor (MYB)
VIT_09s0002g01400	Vitvi09g00112	15.5.2.1	RNA biosynthesis.transcriptional regulation.MYB  transcription factor superfamily.transcription factor (MYB)
VIT_14s0006g01620	Vitvi14g00974	15.5.2.1	RNA biosynthesis.transcriptional regulation.MYB  transcription factor superfamily.transcription factor (MYB)
VIT_14s0066g01090	Vitvi14g01750	15.5.2.1	RNA biosynthesis.transcriptional regulation.MYB  transcription factor superfamily.transcription factor (MYB)
VIT_14s0108g00830	Vitvi14g01960	15.5.2.1	RNA biosynthesis.transcriptional regulation.MYB  transcription factor superfamily.transcription factor (MYB)
VIT_15s0046g00170	Vitvi15g00938	15.5.2.1	RNA biosynthesis.transcriptional regulation.MYB  transcription factor superfamily.transcription factor (MYB)
VIT_16s0039g01920	Vitvi16g01449	15.5.2.1	RNA biosynthesis.transcriptional regulation.MYB  transcription factor superfamily.transcription factor (MYB)
VIT_17s0000g08480	Vitvi17g00822	15.5.2.1	RNA biosynthesis.transcriptional regulation.MYB  transcription factor superfamily.transcription factor (MYB)
VIT_17s0000g09080	Vitvi17g00895	15.5.2.1	RNA biosynthesis.transcriptional regulation.MYB  transcription factor superfamily.transcription factor (MYB)
VIT_18s0001g11170	Vitvi18g00843	15.5.2.1	RNA biosynthesis.transcriptional regulation.MYB  transcription factor superfamily.transcription factor (MYB)
VIT_19s0085g00050	Vitvi19g01669	15.5.2.1	RNA biosynthesis.transcriptional regulation.MYB  transcription factor superfamily.transcription factor (MYB)
VIT_01s0026g01050	Vitvi01g00867	15.5.2.2	RNA biosynthesis.transcriptional regulation.MYB  transcription factor superfamily.transcription factor (MYB-related)
VIT_03s0063g02620	Vitvi03g00325	15.5.2.2	RNA biosynthesis.transcriptional regulation.MYB  transcription factor superfamily.transcription factor (MYB-related)
VIT_04s0023g01910	Vitvi04g01309	15.5.2.2	RNA biosynthesis.transcriptional regulation.MYB  transcription factor superfamily.transcription factor (MYB-related)
VIT_07s0005g02730	Vitvi07g02253	15.5.2.2	RNA biosynthesis.transcriptional regulation.MYB  transcription factor superfamily.transcription factor (MYB-related)
VIT_07s0031g01930	Vitvi07g01870	15.5.2.2	RNA biosynthesis.transcriptional regulation.MYB  transcription factor superfamily.transcription factor (MYB-related)
VIT_10s0116g00500	Vitvi10g01608	15.5.2.2	RNA biosynthesis.transcriptional regulation.MYB  transcription factor superfamily.transcription factor (MYB-related)
VIT_10s0116g01760	Vitvi10g01641	15.5.2.2	RNA biosynthesis.transcriptional regulation.MYB  transcription factor superfamily.transcription factor (MYB-related)
VIT_12s0059g02360	Vitvi12g00527	15.5.2.2	RNA biosynthesis.transcriptional regulation.MYB  transcription factor superfamily.transcription factor (MYB-related)
VIT_16s0050g02530	Vitvi16g01215	15.5.2.2	RNA biosynthesis.transcriptional regulation.MYB  transcription factor superfamily.transcription factor (MYB-related)
VIT_02s0012g00570	Vitvi02g00636	15.5.2.3	RNA biosynthesis.transcriptional regulation.MYB  transcription factor superfamily.transcription factor (GARP)
VIT_02s0033g00300	Vitvi02g01004	15.5.2.3	RNA biosynthesis.transcriptional regulation.MYB  transcription factor superfamily.transcription factor (GARP)
VIT_07s0197g00060	Vitvi07g01325	15.5.2.3	RNA biosynthesis.transcriptional regulation.MYB  transcription factor superfamily.transcription factor (GARP)
VIT_12s0028g03100	Vitvi12g00260	15.5.2.3	RNA biosynthesis.transcriptional regulation.MYB  transcription factor superfamily.transcription factor (GARP)
VIT_04s0008g01850	Vitvi04g01808	15.5.20	RNA biosynthesis.transcriptional regulation.transcription factor (Trihelix)
VIT_08s0007g03820	Vitvi08g01505	15.5.20	RNA biosynthesis.transcriptional regulation.transcription factor (Trihelix)
VIT_18s0001g12660	Vitvi18g00976	15.5.21	RNA biosynthesis.transcriptional regulation.transcription factor (TUB)
VIT_01s0010g03930	Vitvi01g01680	15.5.22	RNA biosynthesis.transcriptional regulation.transcription factor (WRKY)
VIT_02s0025g01280	Vitvi02g00114	15.5.22	RNA biosynthesis.transcriptional regulation.transcription factor (WRKY)
VIT_07s0031g01710	Vitvi07g01847	15.5.22	RNA biosynthesis.transcriptional regulation.transcription factor (WRKY)
VIT_09s0018g00240	Vitvi09g01122	15.5.22	RNA biosynthesis.transcriptional regulation.transcription factor (WRKY)
VIT_12s0059g00880	Vitvi12g00388	15.5.22	RNA biosynthesis.transcriptional regulation.transcription factor (WRKY)
VIT_15s0046g01140	Vitvi15g01003	15.5.22	RNA biosynthesis.transcriptional regulation.transcription factor (WRKY)
VIT_01s0011g03540	Vitvi01g00291	15.5.24	RNA biosynthesis.transcriptional regulation.transcription factor (AS2/LOB)
VIT_06s0004g07790	Vitvi06g00772	15.5.24	RNA biosynthesis.transcriptional regulation.transcription factor (AS2/LOB)
VIT_07s0129g00330	Vitvi07g01610	15.5.24	RNA biosynthesis.transcriptional regulation.transcription factor (AS2/LOB)
VIT_13s0067g01450	Vitvi13g00085	15.5.24	RNA biosynthesis.transcriptional regulation.transcription factor (AS2/LOB)
VIT_14s0006g02950	Vitvi14g01193	15.5.24	RNA biosynthesis.transcriptional regulation.transcription factor (AS2/LOB)
VIT_15s0046g00230	Vitvi15g01216	15.5.24	RNA biosynthesis.transcriptional regulation.transcription factor (AS2/LOB)
VIT_15s0046g00240	Vitvi15g01217	15.5.24	RNA biosynthesis.transcriptional regulation.transcription factor (AS2/LOB)
VIT_15s0048g00830	Vitvi15g00735	15.5.24	RNA biosynthesis.transcriptional regulation.transcription factor (AS2/LOB)
VIT_00s0732g00010	Vitvi07g03056	15.5.3	RNA biosynthesis.transcriptional regulation.Homeobox  transcription factor superfamily
VIT_01s0026g01950	Vitvi01g00958	15.5.3	RNA biosynthesis.transcriptional regulation.Homeobox  transcription factor superfamily
VIT_02s0025g00200	Vitvi02g00016	15.5.3	RNA biosynthesis.transcriptional regulation.Homeobox  transcription factor superfamily
VIT_02s0025g02590	Vitvi02g00228	15.5.3	RNA biosynthesis.transcriptional regulation.Homeobox  transcription factor superfamily
VIT_08s0007g06670	Vitvi08g01752	15.5.3	RNA biosynthesis.transcriptional regulation.Homeobox  transcription factor superfamily
VIT_10s0003g00380	Vitvi10g01773	15.5.3	RNA biosynthesis.transcriptional regulation.Homeobox  transcription factor superfamily
VIT_10s0003g04670	Vitvi10g00913	15.5.3	RNA biosynthesis.transcriptional regulation.Homeobox  transcription factor superfamily
VIT_13s0156g00260	Vitvi13g01823	15.5.3	RNA biosynthesis.transcriptional regulation.Homeobox  transcription factor superfamily
VIT_14s0108g00390	Vitvi14g01922	15.5.3	RNA biosynthesis.transcriptional regulation.Homeobox  transcription factor superfamily
VIT_15s0021g01880	Vitvi15g00579	15.5.3	RNA biosynthesis.transcriptional regulation.Homeobox  transcription factor superfamily
VIT_15s0048g02870	Vitvi15g00912	15.5.3	RNA biosynthesis.transcriptional regulation.Homeobox  transcription factor superfamily
VIT_16s0098g01170	Vitvi16g01362	15.5.3	RNA biosynthesis.transcriptional regulation.Homeobox  transcription factor superfamily
VIT_17s0000g06200	Vitvi17g00600	15.5.3	RNA biosynthesis.transcriptional regulation.Homeobox  transcription factor superfamily
VIT_18s0001g06430	Vitvi18g00448	15.5.3	RNA biosynthesis.transcriptional regulation.Homeobox  transcription factor superfamily
VIT_18s0001g10160	Vitvi18g00757	15.5.3	RNA biosynthesis.transcriptional regulation.Homeobox  transcription factor superfamily
VIT_18s0122g01140	Vitvi18g00084	15.5.3	RNA biosynthesis.transcriptional regulation.Homeobox  transcription factor superfamily
VIT_00s0732g00010	Vitvi07g03056	15.5.3.1	RNA biosynthesis.transcriptional regulation.Homeobox  transcription factor superfamily.transcription factor (HD-ZIP I/II)
VIT_01s0026g01950	Vitvi01g00958	15.5.3.1	RNA biosynthesis.transcriptional regulation.Homeobox  transcription factor superfamily.transcription factor (HD-ZIP I/II)
VIT_02s0025g02590	Vitvi02g00228	15.5.3.1	RNA biosynthesis.transcriptional regulation.Homeobox  transcription factor superfamily.transcription factor (HD-ZIP I/II)
VIT_08s0007g06670	Vitvi08g01752	15.5.3.1	RNA biosynthesis.transcriptional regulation.Homeobox  transcription factor superfamily.transcription factor (HD-ZIP I/II)
VIT_10s0003g00380	Vitvi10g01773	15.5.3.1	RNA biosynthesis.transcriptional regulation.Homeobox  transcription factor superfamily.transcription factor (HD-ZIP I/II)
VIT_13s0156g00260	Vitvi13g01823	15.5.3.1	RNA biosynthesis.transcriptional regulation.Homeobox  transcription factor superfamily.transcription factor (HD-ZIP I/II)
VIT_14s0108g00390	Vitvi14g01922	15.5.3.1	RNA biosynthesis.transcriptional regulation.Homeobox  transcription factor superfamily.transcription factor (HD-ZIP I/II)
VIT_15s0021g01880	Vitvi15g00579	15.5.3.1	RNA biosynthesis.transcriptional regulation.Homeobox  transcription factor superfamily.transcription factor (HD-ZIP I/II)
VIT_15s0048g02870	Vitvi15g00912	15.5.3.1	RNA biosynthesis.transcriptional regulation.Homeobox  transcription factor superfamily.transcription factor (HD-ZIP I/II)
VIT_16s0098g01170	Vitvi16g01362	15.5.3.1	RNA biosynthesis.transcriptional regulation.Homeobox  transcription factor superfamily.transcription factor (HD-ZIP I/II)
VIT_18s0001g06430	Vitvi18g00448	15.5.3.1	RNA biosynthesis.transcriptional regulation.Homeobox  transcription factor superfamily.transcription factor (HD-ZIP I/II)
VIT_17s0000g06200	Vitvi17g00600	15.5.3.13	RNA biosynthesis.transcriptional regulation.Homeobox  transcription factor superfamily.transcription factor (zf-HD)
VIT_10s0003g04670	Vitvi10g00913	15.5.3.2	RNA biosynthesis.transcriptional regulation.Homeobox  transcription factor superfamily.transcription factor (HD-ZIP III)
VIT_02s0025g00200	Vitvi02g00016	15.5.3.5	RNA biosynthesis.transcriptional regulation.Homeobox  transcription factor superfamily.transcription factor (BEL)
VIT_18s0001g10160	Vitvi18g00757	15.5.3.6	RNA biosynthesis.transcriptional regulation.Homeobox  transcription factor superfamily.transcription factor (WOX)
VIT_18s0122g01140	Vitvi18g00084	15.5.3.6	RNA biosynthesis.transcriptional regulation.Homeobox  transcription factor superfamily.transcription factor (WOX)
VIT_07s0129g00210	Vitvi07g01598	15.5.31	RNA biosynthesis.transcriptional regulation.transcription factor (TAZ)
VIT_02s0012g01450	Vitvi02g00709	15.5.32	RNA biosynthesis.transcriptional regulation.transcription factor (bHLH)
VIT_03s0038g04760	Vitvi03g00315	15.5.32	RNA biosynthesis.transcriptional regulation.transcription factor (bHLH)
VIT_03s0091g00210	Vitvi03g00578	15.5.32	RNA biosynthesis.transcriptional regulation.transcription factor (bHLH)
VIT_05s0020g04780	Vitvi05g00640	15.5.32	RNA biosynthesis.transcriptional regulation.transcription factor (bHLH)
VIT_05s0029g00390	Vitvi05g01103	15.5.32	RNA biosynthesis.transcriptional regulation.transcription factor (bHLH)
VIT_07s0005g01700	Vitvi07g02230	15.5.32	RNA biosynthesis.transcriptional regulation.transcription factor (bHLH)
VIT_09s0002g04120	Vitvi09g00339	15.5.32	RNA biosynthesis.transcriptional regulation.transcription factor (bHLH)
VIT_11s0052g00100	Vitvi11g01153	15.5.32	RNA biosynthesis.transcriptional regulation.transcription factor (bHLH)
VIT_13s0064g01290	Vitvi13g01764	15.5.32	RNA biosynthesis.transcriptional regulation.transcription factor (bHLH)
VIT_14s0068g00510	Vitvi14g02946	15.5.32	RNA biosynthesis.transcriptional regulation.transcription factor (bHLH)
VIT_14s0081g00720	Vitvi14g00562	15.5.32	RNA biosynthesis.transcriptional regulation.transcription factor (bHLH)
VIT_14s0128g00110	Vitvi14g00277	15.5.32	RNA biosynthesis.transcriptional regulation.transcription factor (bHLH)
VIT_17s0000g00430	Vitvi17g00046	15.5.32	RNA biosynthesis.transcriptional regulation.transcription factor (bHLH)
VIT_18s0001g10300	Vitvi18g00766	15.5.32	RNA biosynthesis.transcriptional regulation.transcription factor (bHLH)
VIT_18s0001g12020	Vitvi18g00924	15.5.39	RNA biosynthesis.transcriptional regulation.transcription factor (BZR)
VIT_04s0069g01150	Vitvi04g01992	15.5.4	RNA biosynthesis.transcriptional regulation.bZIP  transcription factor superfamily
VIT_05s0077g01140	Vitvi05g00108	15.5.4	RNA biosynthesis.transcriptional regulation.bZIP  transcription factor superfamily
VIT_14s0030g02200	Vitvi14g00473	15.5.4	RNA biosynthesis.transcriptional regulation.bZIP  transcription factor superfamily
VIT_18s0001g08710	Vitvi18g00628	15.5.4	RNA biosynthesis.transcriptional regulation.bZIP  transcription factor superfamily
VIT_18s0001g13040	Vitvi18g01005	15.5.4	RNA biosynthesis.transcriptional regulation.bZIP  transcription factor superfamily
VIT_19s0014g01780	Vitvi19g00147	15.5.4	RNA biosynthesis.transcriptional regulation.bZIP  transcription factor superfamily
VIT_04s0069g01150	Vitvi04g01992	15.5.4.1	RNA biosynthesis.transcriptional regulation.bZIP  transcription factor superfamily.transcription factor (bZIP)
VIT_05s0077g01140	Vitvi05g00108	15.5.4.1	RNA biosynthesis.transcriptional regulation.bZIP  transcription factor superfamily.transcription factor (bZIP)
VIT_14s0030g02200	Vitvi14g00473	15.5.4.1	RNA biosynthesis.transcriptional regulation.bZIP  transcription factor superfamily.transcription factor (bZIP)
VIT_18s0001g08710	Vitvi18g00628	15.5.4.1	RNA biosynthesis.transcriptional regulation.bZIP  transcription factor superfamily.transcription factor (bZIP)
VIT_18s0001g13040	Vitvi18g01005	15.5.4.1	RNA biosynthesis.transcriptional regulation.bZIP  transcription factor superfamily.transcription factor (bZIP)
VIT_19s0014g01780	Vitvi19g00147	15.5.4.1	RNA biosynthesis.transcriptional regulation.bZIP  transcription factor superfamily.transcription factor (bZIP)
VIT_14s0030g02200	Vitvi14g00473	15.5.4.2	RNA biosynthesis.transcriptional regulation.bZIP  transcription factor superfamily.transcription factor (bZIP9|10|25)
VIT_03s0091g01010	Vitvi03g00666	15.5.41	RNA biosynthesis.transcriptional regulation.transcription factor (LIM)
VIT_18s0001g09040	Vitvi18g00654	15.5.41	RNA biosynthesis.transcriptional regulation.transcription factor (LIM)
VIT_10s0003g03790	Vitvi10g01879	15.5.45	RNA biosynthesis.transcriptional regulation.transcription factor (TIFY)
VIT_10s0003g03810	Vitvi10g00827	15.5.45	RNA biosynthesis.transcriptional regulation.transcription factor (TIFY)
VIT_12s0035g00900	Vitvi12g02718	15.5.45	RNA biosynthesis.transcriptional regulation.transcription factor (TIFY)
VIT_18s0117g00140	Vitvi18g03049	15.5.46	RNA biosynthesis.transcriptional regulation.transcription factor (FAR1)
VIT_13s0067g02860	Vitvi13g01413	15.5.47	RNA biosynthesis.transcriptional regulation.transcription factor (SRS)
VIT_00s1203g00010	Vitvi15g01767	15.5.5	RNA biosynthesis.transcriptional regulation.B3  transcription factor superfamily
VIT_01s0011g03070	Vitvi01g00244	15.5.5	RNA biosynthesis.transcriptional regulation.B3  transcription factor superfamily
VIT_02s0025g01740	Vitvi02g00163	15.5.5	RNA biosynthesis.transcriptional regulation.B3  transcription factor superfamily
VIT_03s0167g00010	Vitvi03g00907	15.5.5	RNA biosynthesis.transcriptional regulation.B3  transcription factor superfamily
VIT_06s0004g03130	Vitvi06g00311	15.5.5	RNA biosynthesis.transcriptional regulation.B3  transcription factor superfamily
VIT_10s0003g00420	Vitvi10g00510	15.5.5	RNA biosynthesis.transcriptional regulation.B3  transcription factor superfamily
VIT_10s0003g04100	Vitvi10g00854	15.5.5	RNA biosynthesis.transcriptional regulation.B3  transcription factor superfamily
VIT_15s0046g00290	Vitvi15g00946	15.5.5	RNA biosynthesis.transcriptional regulation.B3  transcription factor superfamily
VIT_00s1203g00010	Vitvi15g01767	15.5.5.1	RNA biosynthesis.transcriptional regulation.B3  transcription factor superfamily.transcription factor (ARF)
VIT_02s0025g01740	Vitvi02g00163	15.5.5.1	RNA biosynthesis.transcriptional regulation.B3  transcription factor superfamily.transcription factor (ARF)
VIT_03s0167g00010	Vitvi03g00907	15.5.5.1	RNA biosynthesis.transcriptional regulation.B3  transcription factor superfamily.transcription factor (ARF)
VIT_06s0004g03130	Vitvi06g00311	15.5.5.1	RNA biosynthesis.transcriptional regulation.B3  transcription factor superfamily.transcription factor (ARF)
VIT_10s0003g00420	Vitvi10g00510	15.5.5.1	RNA biosynthesis.transcriptional regulation.B3  transcription factor superfamily.transcription factor (ARF)
VIT_10s0003g04100	Vitvi10g00854	15.5.5.1	RNA biosynthesis.transcriptional regulation.B3  transcription factor superfamily.transcription factor (ARF)
VIT_15s0046g00290	Vitvi15g00946	15.5.5.1	RNA biosynthesis.transcriptional regulation.B3  transcription factor superfamily.transcription factor (ARF)
VIT_01s0011g03070	Vitvi01g00244	15.5.5.3	RNA biosynthesis.transcriptional regulation.B3  transcription factor superfamily.transcription factor (RAV/NGATHA)
VIT_00s0956g00020	Vitvi10g02273	15.5.51	RNA biosynthesis.transcriptional regulation.NF-Y transcription factor complex
VIT_11s0016g01480	Vitvi11g00109	15.5.51	RNA biosynthesis.transcriptional regulation.NF-Y transcription factor complex
VIT_11s0016g01480	Vitvi11g00109	15.5.51.1	RNA biosynthesis.transcriptional regulation.NF-Y transcription factor complex.component NF-YA
VIT_00s0956g00020	Vitvi10g02273	15.5.51.2	RNA biosynthesis.transcriptional regulation.NF-Y transcription factor complex.component NF-YB
VIT_16s0098g01080	Vitvi16g01354	15.5.52	RNA biosynthesis.transcriptional regulation.GRF-GIF transcription factor complex
VIT_16s0098g01080	Vitvi16g01354	15.5.52.1	RNA biosynthesis.transcriptional regulation.GRF-GIF transcription factor complex.component GRF
VIT_01s0011g03070	Vitvi01g00244	15.5.7	RNA biosynthesis.transcriptional regulation.AP2/ERF  transcription factor superfamily
VIT_02s0025g04460	Vitvi02g00407	15.5.7	RNA biosynthesis.transcriptional regulation.AP2/ERF  transcription factor superfamily
VIT_03s0063g00460	Vitvi03g00500	15.5.7	RNA biosynthesis.transcriptional regulation.AP2/ERF  transcription factor superfamily
VIT_04s0008g06000	Vitvi04g00533	15.5.7	RNA biosynthesis.transcriptional regulation.AP2/ERF  transcription factor superfamily
VIT_05s0029g00140	Vitvi05g01073	15.5.7	RNA biosynthesis.transcriptional regulation.AP2/ERF  transcription factor superfamily
VIT_05s0049g00510	Vitvi05g00715	15.5.7	RNA biosynthesis.transcriptional regulation.AP2/ERF  transcription factor superfamily
VIT_05s0077g01860	Vitvi05g01724	15.5.7	RNA biosynthesis.transcriptional regulation.AP2/ERF  transcription factor superfamily
VIT_06s0004g00490	Vitvi06g00052	15.5.7	RNA biosynthesis.transcriptional regulation.AP2/ERF  transcription factor superfamily
VIT_07s0031g01980	Vitvi07g01874	15.5.7	RNA biosynthesis.transcriptional regulation.AP2/ERF  transcription factor superfamily
VIT_09s0002g09140	Vitvi09g00837	15.5.7	RNA biosynthesis.transcriptional regulation.AP2/ERF  transcription factor superfamily
VIT_10s0003g00130	Vitvi10g00488	15.5.7	RNA biosynthesis.transcriptional regulation.AP2/ERF  transcription factor superfamily
VIT_11s0016g00660	Vitvi11g00045	15.5.7	RNA biosynthesis.transcriptional regulation.AP2/ERF  transcription factor superfamily
VIT_11s0016g00670	Vitvi11g00046	15.5.7	RNA biosynthesis.transcriptional regulation.AP2/ERF  transcription factor superfamily
VIT_11s0016g03350	Vitvi11g00285	15.5.7	RNA biosynthesis.transcriptional regulation.AP2/ERF  transcription factor superfamily
VIT_16s0013g00950	Vitvi16g01429	15.5.7	RNA biosynthesis.transcriptional regulation.AP2/ERF  transcription factor superfamily
VIT_16s0013g00970	Vitvi16g01438	15.5.7	RNA biosynthesis.transcriptional regulation.AP2/ERF  transcription factor superfamily
VIT_16s0013g00980	Vitvi16g01430	15.5.7	RNA biosynthesis.transcriptional regulation.AP2/ERF  transcription factor superfamily
VIT_16s0013g01000	Vitvi16g01432	15.5.7	RNA biosynthesis.transcriptional regulation.AP2/ERF  transcription factor superfamily
VIT_16s0013g01050	Vitvi16g00362	15.5.7	RNA biosynthesis.transcriptional regulation.AP2/ERF  transcription factor superfamily
VIT_16s0013g01060	Vitvi16g00363	15.5.7	RNA biosynthesis.transcriptional regulation.AP2/ERF  transcription factor superfamily
VIT_16s0013g01070	Vitvi16g00370	15.5.7	RNA biosynthesis.transcriptional regulation.AP2/ERF  transcription factor superfamily
VIT_16s0050g02400	Vitvi16g01201	15.5.7	RNA biosynthesis.transcriptional regulation.AP2/ERF  transcription factor superfamily
VIT_16s0100g00380	Vitvi16g00941	15.5.7	RNA biosynthesis.transcriptional regulation.AP2/ERF  transcription factor superfamily
VIT_16s0100g00400	Vitvi16g00942	15.5.7	RNA biosynthesis.transcriptional regulation.AP2/ERF  transcription factor superfamily
VIT_18s0001g05850	Vitvi18g02241	15.5.7	RNA biosynthesis.transcriptional regulation.AP2/ERF  transcription factor superfamily
VIT_18s0001g05890	Vitvi18g02240	15.5.7	RNA biosynthesis.transcriptional regulation.AP2/ERF  transcription factor superfamily
VIT_18s0072g00260	Vitvi18g01617	15.5.7	RNA biosynthesis.transcriptional regulation.AP2/ERF  transcription factor superfamily
VIT_19s0014g02240	Vitvi19g01784	15.5.7	RNA biosynthesis.transcriptional regulation.AP2/ERF  transcription factor superfamily
VIT_03s0063g00460	Vitvi03g00500	15.5.7.1	RNA biosynthesis.transcriptional regulation.AP2/ERF  transcription factor superfamily.transcription factor (ERF)
VIT_04s0008g06000	Vitvi04g00533	15.5.7.1	RNA biosynthesis.transcriptional regulation.AP2/ERF  transcription factor superfamily.transcription factor (ERF)
VIT_05s0049g00510	Vitvi05g00715	15.5.7.1	RNA biosynthesis.transcriptional regulation.AP2/ERF  transcription factor superfamily.transcription factor (ERF)
VIT_05s0077g01860	Vitvi05g01724	15.5.7.1	RNA biosynthesis.transcriptional regulation.AP2/ERF  transcription factor superfamily.transcription factor (ERF)
VIT_06s0004g00490	Vitvi06g00052	15.5.7.1	RNA biosynthesis.transcriptional regulation.AP2/ERF  transcription factor superfamily.transcription factor (ERF)
VIT_07s0031g01980	Vitvi07g01874	15.5.7.1	RNA biosynthesis.transcriptional regulation.AP2/ERF  transcription factor superfamily.transcription factor (ERF)
VIT_09s0002g09140	Vitvi09g00837	15.5.7.1	RNA biosynthesis.transcriptional regulation.AP2/ERF  transcription factor superfamily.transcription factor (ERF)
VIT_10s0003g00130	Vitvi10g00488	15.5.7.1	RNA biosynthesis.transcriptional regulation.AP2/ERF  transcription factor superfamily.transcription factor (ERF)
VIT_16s0013g00950	Vitvi16g01429	15.5.7.1	RNA biosynthesis.transcriptional regulation.AP2/ERF  transcription factor superfamily.transcription factor (ERF)
VIT_16s0013g00970	Vitvi16g01438	15.5.7.1	RNA biosynthesis.transcriptional regulation.AP2/ERF  transcription factor superfamily.transcription factor (ERF)
VIT_16s0013g00980	Vitvi16g01430	15.5.7.1	RNA biosynthesis.transcriptional regulation.AP2/ERF  transcription factor superfamily.transcription factor (ERF)
VIT_16s0013g01000	Vitvi16g01432	15.5.7.1	RNA biosynthesis.transcriptional regulation.AP2/ERF  transcription factor superfamily.transcription factor (ERF)
VIT_16s0013g01050	Vitvi16g00362	15.5.7.1	RNA biosynthesis.transcriptional regulation.AP2/ERF  transcription factor superfamily.transcription factor (ERF)
VIT_16s0013g01060	Vitvi16g00363	15.5.7.1	RNA biosynthesis.transcriptional regulation.AP2/ERF  transcription factor superfamily.transcription factor (ERF)
VIT_16s0013g01070	Vitvi16g00370	15.5.7.1	RNA biosynthesis.transcriptional regulation.AP2/ERF  transcription factor superfamily.transcription factor (ERF)
VIT_16s0050g02400	Vitvi16g01201	15.5.7.1	RNA biosynthesis.transcriptional regulation.AP2/ERF  transcription factor superfamily.transcription factor (ERF)
VIT_18s0072g00260	Vitvi18g01617	15.5.7.1	RNA biosynthesis.transcriptional regulation.AP2/ERF  transcription factor superfamily.transcription factor (ERF)
VIT_19s0014g02240	Vitvi19g01784	15.5.7.1	RNA biosynthesis.transcriptional regulation.AP2/ERF  transcription factor superfamily.transcription factor (ERF)
VIT_02s0025g04460	Vitvi02g00407	15.5.7.2	RNA biosynthesis.transcriptional regulation.AP2/ERF  transcription factor superfamily.transcription factor (DREB)
VIT_05s0029g00140	Vitvi05g01073	15.5.7.2	RNA biosynthesis.transcriptional regulation.AP2/ERF  transcription factor superfamily.transcription factor (DREB)
VIT_11s0016g00660	Vitvi11g00045	15.5.7.2	RNA biosynthesis.transcriptional regulation.AP2/ERF  transcription factor superfamily.transcription factor (DREB)
VIT_11s0016g00670	Vitvi11g00046	15.5.7.2	RNA biosynthesis.transcriptional regulation.AP2/ERF  transcription factor superfamily.transcription factor (DREB)
VIT_11s0016g03350	Vitvi11g00285	15.5.7.2	RNA biosynthesis.transcriptional regulation.AP2/ERF  transcription factor superfamily.transcription factor (DREB)
VIT_16s0100g00380	Vitvi16g00941	15.5.7.2	RNA biosynthesis.transcriptional regulation.AP2/ERF  transcription factor superfamily.transcription factor (DREB)
VIT_16s0100g00400	Vitvi16g00942	15.5.7.2	RNA biosynthesis.transcriptional regulation.AP2/ERF  transcription factor superfamily.transcription factor (DREB)
VIT_18s0001g05850	Vitvi18g02241	15.5.7.2	RNA biosynthesis.transcriptional regulation.AP2/ERF  transcription factor superfamily.transcription factor (DREB)
VIT_18s0001g05890	Vitvi18g02240	15.5.7.2	RNA biosynthesis.transcriptional regulation.AP2/ERF  transcription factor superfamily.transcription factor (DREB)
VIT_01s0011g03070	Vitvi01g00244	15.5.7.5	RNA biosynthesis.transcriptional regulation.AP2/ERF  transcription factor superfamily.transcription factor (AP2-RAV)
VIT_05s0020g03880	Vitvi05g00541	15.5.9	RNA biosynthesis.transcriptional regulation.transcription factor (CPP1)
VIT_06s0004g05230	Vitvi06g00517	15.6	RNA biosynthesis.organelle machinery
VIT_10s0003g04040	Vitvi10g00849	15.6	RNA biosynthesis.organelle machinery
VIT_06s0004g05230	Vitvi06g00517	15.6.1	RNA biosynthesis.organelle machinery.RNA polymerase activities
VIT_06s0004g05230	Vitvi06g00517	15.6.1.2	RNA biosynthesis.organelle machinery.RNA polymerase activities.plastid-encoded RNA polymerase (PEP) complex
VIT_06s0004g05230	Vitvi06g00517	15.6.1.2.3	RNA biosynthesis.organelle machinery.RNA polymerase activities.plastid-encoded RNA polymerase (PEP) complex.regulatory co-factor components
VIT_06s0004g05230	Vitvi06g00517	15.6.1.2.3.6	RNA biosynthesis.organelle machinery.RNA polymerase activities.plastid-encoded RNA polymerase (PEP) complex.regulatory co-factor components.component TAC16
VIT_10s0003g04040	Vitvi10g00849	15.6.2	RNA biosynthesis.organelle machinery.transcriptional regulation
VIT_10s0003g04040	Vitvi10g00849	15.6.2.2	RNA biosynthesis.organelle machinery.transcriptional regulation.transcription factor (mTERF)
VIT_06s0080g01090	Vitvi06g01546	16	RNA processing
VIT_07s0104g00510	Vitvi07g00178	16	RNA processing
VIT_11s0037g00130	Vitvi11g00692	16	RNA processing
VIT_12s0035g00970	Vitvi12g02034	16	RNA processing
VIT_13s0019g02230	Vitvi13g00346	16	RNA processing
VIT_13s0067g01070	Vitvi13g00058	16	RNA processing
VIT_14s0060g00820	Vitvi14g00066	16	RNA processing
VIT_16s0013g00870	Vitvi16g00346	16	RNA processing
VIT_13s0019g02230	Vitvi13g00346	16.10	RNA processing.mRNA silencing
VIT_13s0019g02230	Vitvi13g00346	16.10.2	RNA processing.mRNA silencing.miRNA pathway
VIT_13s0019g02230	Vitvi13g00346	16.10.2.6	RNA processing.mRNA silencing.miRNA pathway.miRNA uridylation
VIT_13s0019g02230	Vitvi13g00346	16.10.2.6.1	RNA processing.mRNA silencing.miRNA pathway.miRNA uridylation.uridylyltransferase (HESO1)
VIT_07s0104g00510	Vitvi07g00178	16.12	RNA processing.organelle machinery
VIT_14s0060g00820	Vitvi14g00066	16.12	RNA processing.organelle machinery
VIT_07s0104g00510	Vitvi07g00178	16.12.1	RNA processing.organelle machinery.ribonuclease activities
VIT_14s0060g00820	Vitvi14g00066	16.12.1	RNA processing.organelle machinery.ribonuclease activities
VIT_07s0104g00510	Vitvi07g00178	16.12.1.5	RNA processing.organelle machinery.ribonuclease activities.endoribonuclease (CSP41)
VIT_14s0060g00820	Vitvi14g00066	16.12.1.5	RNA processing.organelle machinery.ribonuclease activities.endoribonuclease (CSP41)
VIT_11s0037g00130	Vitvi11g00692	16.2	RNA processing.RNA 3-end processing
VIT_11s0037g00130	Vitvi11g00692	16.2.1	RNA processing.RNA 3-end processing.mRNA polyadenylation
VIT_11s0037g00130	Vitvi11g00692	16.2.1.2	RNA processing.RNA 3-end processing.mRNA polyadenylation.Cleavage and Polyadenylation Specificity Factor (CPSF) complex
VIT_11s0037g00130	Vitvi11g00692	16.2.1.2.6	RNA processing.RNA 3-end processing.mRNA polyadenylation.Cleavage and Polyadenylation Specificity Factor (CPSF) complex.component Fip1
VIT_12s0035g00970	Vitvi12g02034	16.5	RNA processing.mRNA modification
VIT_12s0035g00970	Vitvi12g02034	16.5.2	RNA processing.mRNA modification.N6-methyladenosine methylation reading
VIT_12s0035g00970	Vitvi12g02034	16.5.2.1	RNA processing.mRNA modification.N6-methyladenosine methylation reading.methylation reader (ECT)
VIT_06s0080g01090	Vitvi06g01546	16.8	RNA processing.RNA surveillance
VIT_06s0080g01090	Vitvi06g01546	16.8.2	RNA processing.RNA surveillance.mRNA deadenylation-dependent decay
VIT_06s0080g01090	Vitvi06g01546	16.8.2.1	RNA processing.RNA surveillance.mRNA deadenylation-dependent decay.mRNA deadenylation
VIT_06s0080g01090	Vitvi06g01546	16.8.2.1.2	RNA processing.RNA surveillance.mRNA deadenylation-dependent decay.mRNA deadenylation.CCR4-NOT complex
VIT_06s0080g01090	Vitvi06g01546	16.8.2.1.2.2	RNA processing.RNA surveillance.mRNA deadenylation-dependent decay.mRNA deadenylation.CCR4-NOT complex.deadenylase component CAF1
VIT_13s0067g01070	Vitvi13g00058	16.9	RNA processing.mRNA sequestration
VIT_16s0013g00870	Vitvi16g00346	16.9	RNA processing.mRNA sequestration
VIT_13s0067g01070	Vitvi13g00058	16.9.2	RNA processing.mRNA sequestration.mRNA-binding regulatory factor (TZF)
VIT_16s0013g00870	Vitvi16g00346	16.9.2	RNA processing.mRNA sequestration.mRNA-binding regulatory factor (TZF)
VIT_00s0260g00080	Vitvi07g02867	17	Protein biosynthesis
VIT_00s0616g00020	Vitvi02g01805	17	Protein biosynthesis
VIT_00s0873g00010	Vitvi00g00973	17	Protein biosynthesis
VIT_00s2478g00020	Vitvi00g01355	17	Protein biosynthesis
VIT_01s0010g02310	Vitvi01g01513	17	Protein biosynthesis
VIT_05s0020g01140	Vitvi05g00279	17	Protein biosynthesis
VIT_05s0049g01480	Vitvi05g00795	17	Protein biosynthesis
VIT_06s0004g03240	Vitvi06g00321	17	Protein biosynthesis
VIT_06s0061g00770	Vitvi06g01351	17	Protein biosynthesis
VIT_07s0005g01340	Vitvi07g00403	17	Protein biosynthesis
VIT_07s0095g00760	Vitvi07g01039	17	Protein biosynthesis
VIT_07s0129g00090	Vitvi07g01586	17	Protein biosynthesis
VIT_09s0002g00970	Vitvi09g00072	17	Protein biosynthesis
VIT_09s0002g04330	Vitvi09g01600	17	Protein biosynthesis
VIT_09s0054g00030	Vitvi09g01930	17	Protein biosynthesis
VIT_13s0019g04300	Vitvi13g00606	17	Protein biosynthesis
VIT_13s0064g01240	Vitvi13g01758	17	Protein biosynthesis
VIT_14s0066g00560	Vitvi14g01698	17	Protein biosynthesis
VIT_14s0108g00850	Vitvi14g01962	17	Protein biosynthesis
VIT_15s0045g00770	Vitvi15g01357	17	Protein biosynthesis
VIT_15s0046g01500	Vitvi15g01632	17	Protein biosynthesis
VIT_15s0046g01590	Vitvi15g01038	17	Protein biosynthesis
VIT_17s0000g09370	Vitvi17g00928	17	Protein biosynthesis
VIT_18s0072g01010	Vitvi18g01678	17	Protein biosynthesis
VIT_00s0260g00080	Vitvi07g02867	17.1	Protein biosynthesis.ribosome biogenesis
VIT_07s0005g01340	Vitvi07g00403	17.1	Protein biosynthesis.ribosome biogenesis
VIT_07s0129g00090	Vitvi07g01586	17.1	Protein biosynthesis.ribosome biogenesis
VIT_09s0002g00970	Vitvi09g00072	17.1	Protein biosynthesis.ribosome biogenesis
VIT_09s0054g00030	Vitvi09g01930	17.1	Protein biosynthesis.ribosome biogenesis
VIT_13s0019g04300	Vitvi13g00606	17.1	Protein biosynthesis.ribosome biogenesis
VIT_13s0064g01240	Vitvi13g01758	17.1	Protein biosynthesis.ribosome biogenesis
VIT_14s0066g00560	Vitvi14g01698	17.1	Protein biosynthesis.ribosome biogenesis
VIT_14s0108g00850	Vitvi14g01962	17.1	Protein biosynthesis.ribosome biogenesis
VIT_15s0046g01590	Vitvi15g01038	17.1	Protein biosynthesis.ribosome biogenesis
VIT_15s0046g01590	Vitvi15g01038	17.1.1	Protein biosynthesis.ribosome biogenesis.rRNA biosynthesis
VIT_15s0046g01590	Vitvi15g01038	17.1.1.7	Protein biosynthesis.ribosome biogenesis.rRNA biosynthesis.RNA endonuclease (FCF1)
VIT_00s0260g00080	Vitvi07g02867	17.1.2	Protein biosynthesis.ribosome biogenesis.large ribosomal subunit (LSU)
VIT_07s0005g01340	Vitvi07g00403	17.1.2	Protein biosynthesis.ribosome biogenesis.large ribosomal subunit (LSU)
VIT_07s0129g00090	Vitvi07g01586	17.1.2	Protein biosynthesis.ribosome biogenesis.large ribosomal subunit (LSU)
VIT_09s0054g00030	Vitvi09g01930	17.1.2	Protein biosynthesis.ribosome biogenesis.large ribosomal subunit (LSU)
VIT_13s0019g04300	Vitvi13g00606	17.1.2	Protein biosynthesis.ribosome biogenesis.large ribosomal subunit (LSU)
VIT_13s0064g01240	Vitvi13g01758	17.1.2	Protein biosynthesis.ribosome biogenesis.large ribosomal subunit (LSU)
VIT_14s0066g00560	Vitvi14g01698	17.1.2	Protein biosynthesis.ribosome biogenesis.large ribosomal subunit (LSU)
VIT_14s0108g00850	Vitvi14g01962	17.1.2	Protein biosynthesis.ribosome biogenesis.large ribosomal subunit (LSU)
VIT_00s0260g00080	Vitvi07g02867	17.1.2.1	Protein biosynthesis.ribosome biogenesis.large ribosomal subunit (LSU).LSU proteome
VIT_07s0005g01340	Vitvi07g00403	17.1.2.1	Protein biosynthesis.ribosome biogenesis.large ribosomal subunit (LSU).LSU proteome
VIT_07s0129g00090	Vitvi07g01586	17.1.2.1	Protein biosynthesis.ribosome biogenesis.large ribosomal subunit (LSU).LSU proteome
VIT_09s0054g00030	Vitvi09g01930	17.1.2.1	Protein biosynthesis.ribosome biogenesis.large ribosomal subunit (LSU).LSU proteome
VIT_13s0019g04300	Vitvi13g00606	17.1.2.1	Protein biosynthesis.ribosome biogenesis.large ribosomal subunit (LSU).LSU proteome
VIT_13s0064g01240	Vitvi13g01758	17.1.2.1	Protein biosynthesis.ribosome biogenesis.large ribosomal subunit (LSU).LSU proteome
VIT_14s0066g00560	Vitvi14g01698	17.1.2.1	Protein biosynthesis.ribosome biogenesis.large ribosomal subunit (LSU).LSU proteome
VIT_14s0108g00850	Vitvi14g01962	17.1.2.1	Protein biosynthesis.ribosome biogenesis.large ribosomal subunit (LSU).LSU proteome
VIT_00s0260g00080	Vitvi07g02867	17.1.2.1.1	Protein biosynthesis.ribosome biogenesis.large ribosomal subunit (LSU).LSU proteome.component RPL3
VIT_13s0064g01240	Vitvi13g01758	17.1.2.1.1	Protein biosynthesis.ribosome biogenesis.large ribosomal subunit (LSU).LSU proteome.component RPL3
VIT_14s0108g00850	Vitvi14g01962	17.1.2.1.1	Protein biosynthesis.ribosome biogenesis.large ribosomal subunit (LSU).LSU proteome.component RPL3
VIT_13s0019g04300	Vitvi13g00606	17.1.2.1.12	Protein biosynthesis.ribosome biogenesis.large ribosomal subunit (LSU).LSU proteome.component RPL12
VIT_07s0129g00090	Vitvi07g01586	17.1.2.1.26	Protein biosynthesis.ribosome biogenesis.large ribosomal subunit (LSU).LSU proteome.component RPL26
VIT_14s0066g00560	Vitvi14g01698	17.1.2.1.27	Protein biosynthesis.ribosome biogenesis.large ribosomal subunit (LSU).LSU proteome.component RPL27
VIT_14s0066g00560	Vitvi14g01698	17.1.2.1.28	Protein biosynthesis.ribosome biogenesis.large ribosomal subunit (LSU).LSU proteome.component RPL27a
VIT_07s0005g01340	Vitvi07g00403	17.1.2.1.30	Protein biosynthesis.ribosome biogenesis.large ribosomal subunit (LSU).LSU proteome.component RPL29
VIT_13s0064g01240	Vitvi13g01758	17.1.2.1.32	Protein biosynthesis.ribosome biogenesis.large ribosomal subunit (LSU).LSU proteome.component RPL31
VIT_00s0260g00080	Vitvi07g02867	17.1.2.1.33	Protein biosynthesis.ribosome biogenesis.large ribosomal subunit (LSU).LSU proteome.component RPL32
VIT_14s0108g00850	Vitvi14g01962	17.1.2.1.34	Protein biosynthesis.ribosome biogenesis.large ribosomal subunit (LSU).LSU proteome.component RPL34
VIT_09s0054g00030	Vitvi09g01930	17.1.2.1.5	Protein biosynthesis.ribosome biogenesis.large ribosomal subunit (LSU).LSU proteome.component RPL7
VIT_09s0002g00970	Vitvi09g00072	17.1.3	Protein biosynthesis.ribosome biogenesis.small ribosomal subunit (SSU)
VIT_09s0002g00970	Vitvi09g00072	17.1.3.1	Protein biosynthesis.ribosome biogenesis.small ribosomal subunit (SSU).SSU proteome
VIT_09s0002g00970	Vitvi09g00072	17.1.3.1.2	Protein biosynthesis.ribosome biogenesis.small ribosomal subunit (SSU).SSU proteome.component RPS2
VIT_09s0002g00970	Vitvi09g00072	17.1.3.1.31	Protein biosynthesis.ribosome biogenesis.small ribosomal subunit (SSU).SSU proteome.component RPS29
VIT_07s0095g00760	Vitvi07g01039	17.2	Protein biosynthesis.aminoacyl-tRNA synthetase activities
VIT_07s0095g00760	Vitvi07g01039	17.2.14	Protein biosynthesis.aminoacyl-tRNA synthetase activities.methionine-tRNA ligase
VIT_18s0072g01010	Vitvi18g01678	17.3	Protein biosynthesis.mRNA quality control
VIT_18s0072g01010	Vitvi18g01678	17.3.2	Protein biosynthesis.mRNA quality control.NMD Nonsense-Mediated Decay
VIT_18s0072g01010	Vitvi18g01678	17.3.2.1	Protein biosynthesis.mRNA quality control.NMD Nonsense-Mediated Decay.eRF1-eRF3 aberrant mRNA detection complex
VIT_18s0072g01010	Vitvi18g01678	17.3.2.1.1	Protein biosynthesis.mRNA quality control.NMD Nonsense-Mediated Decay.eRF1-eRF3 aberrant mRNA detection complex.component eRF1
VIT_15s0046g01500	Vitvi15g01632	17.4	Protein biosynthesis.translation initiation
VIT_15s0046g01500	Vitvi15g01632	17.4.1	Protein biosynthesis.translation initiation.Pre-Initiation Complex (PIC) module
VIT_15s0046g01500	Vitvi15g01632	17.4.1.1	Protein biosynthesis.translation initiation.Pre-Initiation Complex (PIC) module.eIF1 PIC assembly factor activity
VIT_15s0046g01500	Vitvi15g01632	17.4.1.1.2	Protein biosynthesis.translation initiation.Pre-Initiation Complex (PIC) module.eIF1 PIC assembly factor activity.assembly factor (eIF1A)
VIT_06s0004g03240	Vitvi06g00321	17.5	Protein biosynthesis.translation elongation
VIT_06s0004g03240	Vitvi06g00321	17.5.1	Protein biosynthesis.translation elongation.eEF1 aminoacyl-tRNA binding factor activity
VIT_06s0004g03240	Vitvi06g00321	17.5.1.1	Protein biosynthesis.translation elongation.eEF1 aminoacyl-tRNA binding factor activity.aminoacyl-tRNA binding factor (eEF1A)
VIT_00s0616g00020	Vitvi02g01805	17.7	Protein biosynthesis.organelle machinery
VIT_00s0873g00010	Vitvi00g00973	17.7	Protein biosynthesis.organelle machinery
VIT_00s2478g00020	Vitvi00g01355	17.7	Protein biosynthesis.organelle machinery
VIT_01s0010g02310	Vitvi01g01513	17.7	Protein biosynthesis.organelle machinery
VIT_05s0020g01140	Vitvi05g00279	17.7	Protein biosynthesis.organelle machinery
VIT_05s0049g01480	Vitvi05g00795	17.7	Protein biosynthesis.organelle machinery
VIT_06s0061g00770	Vitvi06g01351	17.7	Protein biosynthesis.organelle machinery
VIT_09s0002g04330	Vitvi09g01600	17.7	Protein biosynthesis.organelle machinery
VIT_15s0045g00770	Vitvi15g01357	17.7	Protein biosynthesis.organelle machinery
VIT_17s0000g09370	Vitvi17g00928	17.7	Protein biosynthesis.organelle machinery
VIT_00s0873g00010	Vitvi00g00973	17.7.1	Protein biosynthesis.organelle machinery.mitochondrial ribosome
VIT_00s2478g00020	Vitvi00g01355	17.7.1	Protein biosynthesis.organelle machinery.mitochondrial ribosome
VIT_15s0045g00770	Vitvi15g01357	17.7.1	Protein biosynthesis.organelle machinery.mitochondrial ribosome
VIT_00s2478g00020	Vitvi00g01355	17.7.1.1	Protein biosynthesis.organelle machinery.mitochondrial ribosome.large ribosomal subunit proteome
VIT_00s2478g00020	Vitvi00g01355	17.7.1.1.8	Protein biosynthesis.organelle machinery.mitochondrial ribosome.large ribosomal subunit proteome.component mtRPL7/L12
VIT_00s0873g00010	Vitvi00g00973	17.7.1.2	Protein biosynthesis.organelle machinery.mitochondrial ribosome.small ribosomal subunit proteome
VIT_15s0045g00770	Vitvi15g01357	17.7.1.2	Protein biosynthesis.organelle machinery.mitochondrial ribosome.small ribosomal subunit proteome
VIT_00s0873g00010	Vitvi00g00973	17.7.1.2.10	Protein biosynthesis.organelle machinery.mitochondrial ribosome.small ribosomal subunit proteome.component mtRPS12
VIT_15s0045g00770	Vitvi15g01357	17.7.1.2.13	Protein biosynthesis.organelle machinery.mitochondrial ribosome.small ribosomal subunit proteome.component mtRPS15
VIT_00s0616g00020	Vitvi02g01805	17.7.2	Protein biosynthesis.organelle machinery.plastidial ribosome
VIT_01s0010g02310	Vitvi01g01513	17.7.2	Protein biosynthesis.organelle machinery.plastidial ribosome
VIT_05s0020g01140	Vitvi05g00279	17.7.2	Protein biosynthesis.organelle machinery.plastidial ribosome
VIT_05s0049g01480	Vitvi05g00795	17.7.2	Protein biosynthesis.organelle machinery.plastidial ribosome
VIT_06s0061g00770	Vitvi06g01351	17.7.2	Protein biosynthesis.organelle machinery.plastidial ribosome
VIT_09s0002g04330	Vitvi09g01600	17.7.2	Protein biosynthesis.organelle machinery.plastidial ribosome
VIT_00s0616g00020	Vitvi02g01805	17.7.2.1	Protein biosynthesis.organelle machinery.plastidial ribosome.large ribosomal subunit proteome
VIT_01s0010g02310	Vitvi01g01513	17.7.2.1	Protein biosynthesis.organelle machinery.plastidial ribosome.large ribosomal subunit proteome
VIT_05s0020g01140	Vitvi05g00279	17.7.2.1	Protein biosynthesis.organelle machinery.plastidial ribosome.large ribosomal subunit proteome
VIT_05s0049g01480	Vitvi05g00795	17.7.2.1	Protein biosynthesis.organelle machinery.plastidial ribosome.large ribosomal subunit proteome
VIT_06s0061g00770	Vitvi06g01351	17.7.2.1	Protein biosynthesis.organelle machinery.plastidial ribosome.large ribosomal subunit proteome
VIT_00s0616g00020	Vitvi02g01805	17.7.2.1.1	Protein biosynthesis.organelle machinery.plastidial ribosome.large ribosomal subunit proteome.component psRPL1
VIT_05s0020g01140	Vitvi05g00279	17.7.2.1.1	Protein biosynthesis.organelle machinery.plastidial ribosome.large ribosomal subunit proteome.component psRPL1
VIT_05s0020g01140	Vitvi05g00279	17.7.2.1.16	Protein biosynthesis.organelle machinery.plastidial ribosome.large ribosomal subunit proteome.component psRPL18
VIT_00s0616g00020	Vitvi02g01805	17.7.2.1.17	Protein biosynthesis.organelle machinery.plastidial ribosome.large ribosomal subunit proteome.component psRPL19
VIT_01s0010g02310	Vitvi01g01513	17.7.2.1.2	Protein biosynthesis.organelle machinery.plastidial ribosome.large ribosomal subunit proteome.component psRPL2
VIT_05s0049g01480	Vitvi05g00795	17.7.2.1.2	Protein biosynthesis.organelle machinery.plastidial ribosome.large ribosomal subunit proteome.component psRPL2
VIT_01s0010g02310	Vitvi01g01513	17.7.2.1.21	Protein biosynthesis.organelle machinery.plastidial ribosome.large ribosomal subunit proteome.component psRPL23
VIT_05s0049g01480	Vitvi05g00795	17.7.2.1.24	Protein biosynthesis.organelle machinery.plastidial ribosome.large ribosomal subunit proteome.component psRPL28
VIT_06s0061g00770	Vitvi06g01351	17.7.2.1.7	Protein biosynthesis.organelle machinery.plastidial ribosome.large ribosomal subunit proteome.component psRPL9
VIT_09s0002g04330	Vitvi09g01600	17.7.2.2	Protein biosynthesis.organelle machinery.plastidial ribosome.small ribosomal subunit proteome
VIT_09s0002g04330	Vitvi09g01600	17.7.2.2.1	Protein biosynthesis.organelle machinery.plastidial ribosome.small ribosomal subunit proteome.component psRPS1
VIT_09s0002g04330	Vitvi09g01600	17.7.2.2.17	Protein biosynthesis.organelle machinery.plastidial ribosome.small ribosomal subunit proteome.component psRPS17
VIT_17s0000g09370	Vitvi17g00928	17.7.4	Protein biosynthesis.organelle machinery.translation elongation
VIT_17s0000g09370	Vitvi17g00928	17.7.4.1	Protein biosynthesis.organelle machinery.translation elongation.elongation factor (EF-Tu)
VIT_00s0220g00180	Vitvi07g01240	18	Protein modification
VIT_00s0286g00020	Vitvi10g02141	18	Protein modification
VIT_00s0286g00140	Vitvi10g02152	18	Protein modification
VIT_00s0929g00020	Vitvi07g03110	18	Protein modification
VIT_00s0972g00010	Vitvi07g03111	18	Protein modification
VIT_00s1353g00010	Vitvi00g01098	18	Protein modification
VIT_00s1542g00010	Vitvi07g03135	18	Protein modification
VIT_00s1764g00020	Vitvi02g01830	18	Protein modification
VIT_01s0011g00930	Vitvi01g00081	18	Protein modification
VIT_01s0011g04060	Vitvi01g00335	18	Protein modification
VIT_01s0026g01420	Vitvi01g00900	18	Protein modification
VIT_01s0026g01780	Vitvi01g00944	18	Protein modification
VIT_01s0026g02400	Vitvi01g02132	18	Protein modification
VIT_01s0150g00510	Vitvi01g01808	18	Protein modification
VIT_02s0025g03700	Vitvi02g00342	18	Protein modification
VIT_02s0087g00170	Vitvi02g01204	18	Protein modification
VIT_02s0087g01020	Vitvi02g01302	18	Protein modification
VIT_03s0038g01930	Vitvi03g00104	18	Protein modification
VIT_03s0038g02400	Vitvi03g00144	18	Protein modification
VIT_03s0063g00210	Vitvi03g00516	18	Protein modification
VIT_04s0008g01970	Vitvi04g00168	18	Protein modification
VIT_04s0008g03240	Vitvi04g00286	18	Protein modification
VIT_04s0008g05770	Vitvi04g00512	18	Protein modification
VIT_04s0043g00160	Vitvi04g00932	18	Protein modification
VIT_04s0079g00690	Vitvi04g00880	18	Protein modification
VIT_05s0020g00730	Vitvi05g00247	18	Protein modification
VIT_05s0020g03870	Vitvi05g00540	18	Protein modification
VIT_05s0020g04570	Vitvi05g00618	18	Protein modification
VIT_05s0049g00950	Vitvi05g00736	18	Protein modification
VIT_05s0049g01090	Vitvi05g01961	18	Protein modification
VIT_05s0049g01120	Vitvi05g01963	18	Protein modification
VIT_05s0051g00180	Vitvi05g00910	18	Protein modification
VIT_05s0094g01080	Vitvi05g01656	18	Protein modification
VIT_06s0004g00220	Vitvi06g00031	18	Protein modification
VIT_06s0004g01140	Vitvi06g01608	18	Protein modification
VIT_06s0004g02640	Vitvi06g00259	18	Protein modification
VIT_06s0004g03690	Vitvi06g00372	18	Protein modification
VIT_06s0004g08210	Vitvi06g00812	18	Protein modification
VIT_07s0005g00010	Vitvi07g00285	18	Protein modification
VIT_07s0005g02410	Vitvi07g00508	18	Protein modification
VIT_07s0005g04600	Vitvi07g00708	18	Protein modification
VIT_07s0005g04890	Vitvi07g00736	18	Protein modification
VIT_07s0031g00120	Vitvi07g01698	18	Protein modification
VIT_07s0031g00480	Vitvi07g01732	18	Protein modification
VIT_07s0031g00530	Vitvi07g01737	18	Protein modification
VIT_07s0104g01420	Vitvi07g00259	18	Protein modification
VIT_07s0104g01800	Vitvi07g02188	18	Protein modification
VIT_07s0104g01820	Vitvi07g02190	18	Protein modification
VIT_07s0104g01830	Vitvi07g00283	18	Protein modification
VIT_07s0129g00870	Vitvi07g01663	18	Protein modification
VIT_07s0129g00960	Vitvi07g01670	18	Protein modification
VIT_07s0129g00970	Vitvi07g02648	18	Protein modification
VIT_08s0007g01520	Vitvi08g01296	18	Protein modification
VIT_08s0007g02290	Vitvi08g01370	18	Protein modification
VIT_08s0007g04340	Vitvi08g01556	18	Protein modification
VIT_08s0040g00920	Vitvi08g00957	18	Protein modification
VIT_08s0056g00150	Vitvi08g00015	18	Protein modification
VIT_08s0058g01090	Vitvi08g00835	18	Protein modification
VIT_09s0002g00150	Vitvi09g00008	18	Protein modification
VIT_09s0002g07110	Vitvi09g00627	18	Protein modification
VIT_09s0070g00140	Vitvi09g00981	18	Protein modification
VIT_10s0003g00330	Vitvi10g00503	18	Protein modification
VIT_10s0003g00390	Vitvi10g00508	18	Protein modification
VIT_10s0003g01990	Vitvi10g00652	18	Protein modification
VIT_10s0003g02000	Vitvi10g00655	18	Protein modification
VIT_10s0523g00020	Vitvi10g00138	18	Protein modification
VIT_11s0016g02430	Vitvi11g00199	18	Protein modification
VIT_11s0016g04500	Vitvi11g00395	18	Protein modification
VIT_11s0016g04570	Vitvi11g00401	18	Protein modification
VIT_11s0052g01700	Vitvi11g01298	18	Protein modification
VIT_12s0028g03010	Vitvi12g00251	18	Protein modification
VIT_12s0028g03060	Vitvi12g00256	18	Protein modification
VIT_13s0019g02300	Vitvi13g00351	18	Protein modification
VIT_13s0067g03780	Vitvi13g00223	18	Protein modification
VIT_14s0060g00460	Vitvi14g00042	18	Protein modification
VIT_14s0066g01050	Vitvi14g01744	18	Protein modification
VIT_14s0066g02250	Vitvi14g01853	18	Protein modification
VIT_14s0068g00010	Vitvi14g01373	18	Protein modification
VIT_14s0068g00030	Vitvi14g01375	18	Protein modification
VIT_14s0068g00940	Vitvi14g01450	18	Protein modification
VIT_14s0068g01570	Vitvi14g01507	18	Protein modification
VIT_14s0083g00620	Vitvi14g01294	18	Protein modification
VIT_14s0108g00890	Vitvi14g01965	18	Protein modification
VIT_15s0024g01540	Vitvi15g00160	18	Protein modification
VIT_15s0046g02030	Vitvi15g01078	18	Protein modification
VIT_16s0013g01990	Vitvi16g00501	18	Protein modification
VIT_16s0039g00970	Vitvi16g01498	18	Protein modification
VIT_16s0039g00990	Vitvi16g01499	18	Protein modification
VIT_16s0050g01020	Vitvi16g01094	18	Protein modification
VIT_16s0050g02680	Vitvi16g01985	18	Protein modification
VIT_16s0098g00720	Vitvi16g01323	18	Protein modification
VIT_17s0000g02010	Vitvi17g00169	18	Protein modification
VIT_17s0000g02530	Vitvi17g01370	18	Protein modification
VIT_17s0000g05570	Vitvi17g00533	18	Protein modification
VIT_17s0000g08240	Vitvi17g00804	18	Protein modification
VIT_18s0001g00720	Vitvi18g00154	18	Protein modification
VIT_18s0001g01310	Vitvi18g02513	18	Protein modification
VIT_18s0001g08230	Vitvi18g00587	18	Protein modification
VIT_18s0001g08240	Vitvi18g00589	18	Protein modification
VIT_18s0001g10070	Vitvi18g00747	18	Protein modification
VIT_18s0001g10310	Vitvi18g00768	18	Protein modification
VIT_18s0001g11590	Vitvi18g00881	18	Protein modification
VIT_18s0001g13240	Vitvi18g02774	18	Protein modification
VIT_19s0014g00110	Vitvi19g00010	18	Protein modification
VIT_19s0014g00750	Vitvi19g01820	18	Protein modification
VIT_19s0014g00790	Vitvi19g01822	18	Protein modification
VIT_19s0014g04540	Vitvi19g01964	18	Protein modification
VIT_19s0015g02590	Vitvi19g02145	18	Protein modification
VIT_19s0015g02680	Vitvi19g01032	18	Protein modification
VIT_19s0015g02690	Vitvi19g02149	18	Protein modification
VIT_19s0015g02700	Vitvi19g02150	18	Protein modification
VIT_19s0015g02730	Vitvi19g02152	18	Protein modification
VIT_19s0015g02880	Vitvi19g01048	18	Protein modification
VIT_19s0093g00150	Vitvi19g02192	18	Protein modification
VIT_19s0093g00160	Vitvi19g01305	18	Protein modification
VIT_19s0093g00190	Vitvi19g01308	18	Protein modification
VIT_19s0093g00220	Vitvi19g01311	18	Protein modification
VIT_19s0093g00310	Vitvi19g01326	18	Protein modification
VIT_19s0093g00350	Vitvi19g02197	18	Protein modification
VIT_00s0220g00180	Vitvi07g01240	18.1	Protein modification.glycosylation
VIT_00s0972g00010	Vitvi07g03111	18.1	Protein modification.glycosylation
VIT_14s0108g00890	Vitvi14g01965	18.1	Protein modification.glycosylation
VIT_00s0220g00180	Vitvi07g01240	18.1.1	Protein modification.glycosylation.N-linked glycosylation
VIT_00s0972g00010	Vitvi07g03111	18.1.1	Protein modification.glycosylation.N-linked glycosylation
VIT_14s0108g00890	Vitvi14g01965	18.1.1	Protein modification.glycosylation.N-linked glycosylation
VIT_00s0972g00010	Vitvi07g03111	18.1.1.6	Protein modification.glycosylation.N-linked glycosylation.complex N-glycan maturation
VIT_14s0108g00890	Vitvi14g01965	18.1.1.6	Protein modification.glycosylation.N-linked glycosylation.complex N-glycan maturation
VIT_00s0972g00010	Vitvi07g03111	18.1.1.6.5	Protein modification.glycosylation.N-linked glycosylation.complex N-glycan maturation.N-acetylglucosamine transferase (GnT-I)
VIT_14s0108g00890	Vitvi14g01965	18.1.1.6.9	Protein modification.glycosylation.N-linked glycosylation.complex N-glycan maturation.beta-1,3-galactosyltransferase
VIT_00s0220g00180	Vitvi07g01240	18.1.1.7	Protein modification.glycosylation.N-linked glycosylation.paucimannosidic N-glycan formation
VIT_00s0220g00180	Vitvi07g01240	18.1.1.7.1	Protein modification.glycosylation.N-linked glycosylation.paucimannosidic N-glycan formation.beta-N-acetylhexosaminidase (HEXO)
VIT_01s0011g00930	Vitvi01g00081	18.12	Protein modification.protein folding
VIT_03s0038g01930	Vitvi03g00104	18.12	Protein modification.protein folding
VIT_07s0005g02410	Vitvi07g00508	18.12	Protein modification.protein folding
VIT_08s0007g04340	Vitvi08g01556	18.12	Protein modification.protein folding
VIT_17s0000g02530	Vitvi17g01370	18.12	Protein modification.protein folding
VIT_03s0038g01930	Vitvi03g00104	18.12.1	Protein modification.protein folding.protein folding catalyst (Cyclophilin)
VIT_07s0005g02410	Vitvi07g00508	18.12.1	Protein modification.protein folding.protein folding catalyst (Cyclophilin)
VIT_01s0011g00930	Vitvi01g00081	18.12.2	Protein modification.protein folding.protein folding catalyst (FKBP)
VIT_08s0007g04340	Vitvi08g01556	18.12.2	Protein modification.protein folding.protein folding catalyst (FKBP)
VIT_17s0000g02530	Vitvi17g01370	18.12.2	Protein modification.protein folding.protein folding catalyst (FKBP)
VIT_00s0286g00020	Vitvi10g02141	18.4	Protein modification.phosphorylation
VIT_00s0286g00140	Vitvi10g02152	18.4	Protein modification.phosphorylation
VIT_00s0929g00020	Vitvi07g03110	18.4	Protein modification.phosphorylation
VIT_00s1353g00010	Vitvi00g01098	18.4	Protein modification.phosphorylation
VIT_00s1542g00010	Vitvi07g03135	18.4	Protein modification.phosphorylation
VIT_00s1764g00020	Vitvi02g01830	18.4	Protein modification.phosphorylation
VIT_01s0011g04060	Vitvi01g00335	18.4	Protein modification.phosphorylation
VIT_01s0026g01420	Vitvi01g00900	18.4	Protein modification.phosphorylation
VIT_01s0026g01780	Vitvi01g00944	18.4	Protein modification.phosphorylation
VIT_01s0150g00510	Vitvi01g01808	18.4	Protein modification.phosphorylation
VIT_02s0025g03700	Vitvi02g00342	18.4	Protein modification.phosphorylation
VIT_02s0087g00170	Vitvi02g01204	18.4	Protein modification.phosphorylation
VIT_02s0087g01020	Vitvi02g01302	18.4	Protein modification.phosphorylation
VIT_03s0038g02400	Vitvi03g00144	18.4	Protein modification.phosphorylation
VIT_03s0063g00210	Vitvi03g00516	18.4	Protein modification.phosphorylation
VIT_04s0008g01970	Vitvi04g00168	18.4	Protein modification.phosphorylation
VIT_04s0008g03240	Vitvi04g00286	18.4	Protein modification.phosphorylation
VIT_04s0008g05770	Vitvi04g00512	18.4	Protein modification.phosphorylation
VIT_04s0043g00160	Vitvi04g00932	18.4	Protein modification.phosphorylation
VIT_05s0020g00730	Vitvi05g00247	18.4	Protein modification.phosphorylation
VIT_05s0020g03870	Vitvi05g00540	18.4	Protein modification.phosphorylation
VIT_05s0020g04570	Vitvi05g00618	18.4	Protein modification.phosphorylation
VIT_05s0049g00950	Vitvi05g00736	18.4	Protein modification.phosphorylation
VIT_05s0094g01080	Vitvi05g01656	18.4	Protein modification.phosphorylation
VIT_06s0004g00220	Vitvi06g00031	18.4	Protein modification.phosphorylation
VIT_06s0004g01140	Vitvi06g01608	18.4	Protein modification.phosphorylation
VIT_06s0004g02640	Vitvi06g00259	18.4	Protein modification.phosphorylation
VIT_06s0004g08210	Vitvi06g00812	18.4	Protein modification.phosphorylation
VIT_07s0031g00120	Vitvi07g01698	18.4	Protein modification.phosphorylation
VIT_07s0031g00480	Vitvi07g01732	18.4	Protein modification.phosphorylation
VIT_07s0031g00530	Vitvi07g01737	18.4	Protein modification.phosphorylation
VIT_07s0129g00870	Vitvi07g01663	18.4	Protein modification.phosphorylation
VIT_07s0129g00960	Vitvi07g01670	18.4	Protein modification.phosphorylation
VIT_07s0129g00970	Vitvi07g02648	18.4	Protein modification.phosphorylation
VIT_08s0007g01520	Vitvi08g01296	18.4	Protein modification.phosphorylation
VIT_08s0007g02290	Vitvi08g01370	18.4	Protein modification.phosphorylation
VIT_08s0056g00150	Vitvi08g00015	18.4	Protein modification.phosphorylation
VIT_08s0058g01090	Vitvi08g00835	18.4	Protein modification.phosphorylation
VIT_09s0002g00150	Vitvi09g00008	18.4	Protein modification.phosphorylation
VIT_09s0002g07110	Vitvi09g00627	18.4	Protein modification.phosphorylation
VIT_09s0070g00140	Vitvi09g00981	18.4	Protein modification.phosphorylation
VIT_10s0003g00330	Vitvi10g00503	18.4	Protein modification.phosphorylation
VIT_10s0003g01990	Vitvi10g00652	18.4	Protein modification.phosphorylation
VIT_10s0003g02000	Vitvi10g00655	18.4	Protein modification.phosphorylation
VIT_10s0523g00020	Vitvi10g00138	18.4	Protein modification.phosphorylation
VIT_11s0016g02430	Vitvi11g00199	18.4	Protein modification.phosphorylation
VIT_11s0016g04500	Vitvi11g00395	18.4	Protein modification.phosphorylation
VIT_11s0016g04570	Vitvi11g00401	18.4	Protein modification.phosphorylation
VIT_11s0052g01700	Vitvi11g01298	18.4	Protein modification.phosphorylation
VIT_12s0028g03060	Vitvi12g00256	18.4	Protein modification.phosphorylation
VIT_13s0019g02300	Vitvi13g00351	18.4	Protein modification.phosphorylation
VIT_13s0067g03780	Vitvi13g00223	18.4	Protein modification.phosphorylation
VIT_14s0060g00460	Vitvi14g00042	18.4	Protein modification.phosphorylation
VIT_14s0066g01050	Vitvi14g01744	18.4	Protein modification.phosphorylation
VIT_14s0066g02250	Vitvi14g01853	18.4	Protein modification.phosphorylation
VIT_14s0068g00010	Vitvi14g01373	18.4	Protein modification.phosphorylation
VIT_14s0068g00030	Vitvi14g01375	18.4	Protein modification.phosphorylation
VIT_14s0068g00940	Vitvi14g01450	18.4	Protein modification.phosphorylation
VIT_14s0083g00620	Vitvi14g01294	18.4	Protein modification.phosphorylation
VIT_15s0046g02030	Vitvi15g01078	18.4	Protein modification.phosphorylation
VIT_16s0013g01990	Vitvi16g00501	18.4	Protein modification.phosphorylation
VIT_16s0050g01020	Vitvi16g01094	18.4	Protein modification.phosphorylation
VIT_16s0050g02680	Vitvi16g01985	18.4	Protein modification.phosphorylation
VIT_16s0098g00720	Vitvi16g01323	18.4	Protein modification.phosphorylation
VIT_17s0000g02010	Vitvi17g00169	18.4	Protein modification.phosphorylation
VIT_17s0000g05570	Vitvi17g00533	18.4	Protein modification.phosphorylation
VIT_17s0000g08240	Vitvi17g00804	18.4	Protein modification.phosphorylation
VIT_18s0001g00720	Vitvi18g00154	18.4	Protein modification.phosphorylation
VIT_18s0001g01310	Vitvi18g02513	18.4	Protein modification.phosphorylation
VIT_18s0001g08230	Vitvi18g00587	18.4	Protein modification.phosphorylation
VIT_18s0001g08240	Vitvi18g00589	18.4	Protein modification.phosphorylation
VIT_18s0001g10070	Vitvi18g00747	18.4	Protein modification.phosphorylation
VIT_18s0001g10310	Vitvi18g00768	18.4	Protein modification.phosphorylation
VIT_18s0001g11590	Vitvi18g00881	18.4	Protein modification.phosphorylation
VIT_19s0014g00110	Vitvi19g00010	18.4	Protein modification.phosphorylation
VIT_19s0014g00750	Vitvi19g01820	18.4	Protein modification.phosphorylation
VIT_19s0014g00790	Vitvi19g01822	18.4	Protein modification.phosphorylation
VIT_19s0014g04540	Vitvi19g01964	18.4	Protein modification.phosphorylation
VIT_00s0286g00020	Vitvi10g02141	18.4.1	Protein modification.phosphorylation.TKL protein kinase superfamily
VIT_00s0286g00140	Vitvi10g02152	18.4.1	Protein modification.phosphorylation.TKL protein kinase superfamily
VIT_00s0929g00020	Vitvi07g03110	18.4.1	Protein modification.phosphorylation.TKL protein kinase superfamily
VIT_00s1353g00010	Vitvi00g01098	18.4.1	Protein modification.phosphorylation.TKL protein kinase superfamily
VIT_00s1542g00010	Vitvi07g03135	18.4.1	Protein modification.phosphorylation.TKL protein kinase superfamily
VIT_00s1764g00020	Vitvi02g01830	18.4.1	Protein modification.phosphorylation.TKL protein kinase superfamily
VIT_01s0011g04060	Vitvi01g00335	18.4.1	Protein modification.phosphorylation.TKL protein kinase superfamily
VIT_01s0026g01420	Vitvi01g00900	18.4.1	Protein modification.phosphorylation.TKL protein kinase superfamily
VIT_01s0026g01780	Vitvi01g00944	18.4.1	Protein modification.phosphorylation.TKL protein kinase superfamily
VIT_02s0025g03700	Vitvi02g00342	18.4.1	Protein modification.phosphorylation.TKL protein kinase superfamily
VIT_02s0087g00170	Vitvi02g01204	18.4.1	Protein modification.phosphorylation.TKL protein kinase superfamily
VIT_02s0087g01020	Vitvi02g01302	18.4.1	Protein modification.phosphorylation.TKL protein kinase superfamily
VIT_03s0038g02400	Vitvi03g00144	18.4.1	Protein modification.phosphorylation.TKL protein kinase superfamily
VIT_03s0063g00210	Vitvi03g00516	18.4.1	Protein modification.phosphorylation.TKL protein kinase superfamily
VIT_04s0008g01970	Vitvi04g00168	18.4.1	Protein modification.phosphorylation.TKL protein kinase superfamily
VIT_04s0008g03240	Vitvi04g00286	18.4.1	Protein modification.phosphorylation.TKL protein kinase superfamily
VIT_04s0043g00160	Vitvi04g00932	18.4.1	Protein modification.phosphorylation.TKL protein kinase superfamily
VIT_05s0020g00730	Vitvi05g00247	18.4.1	Protein modification.phosphorylation.TKL protein kinase superfamily
VIT_05s0020g03870	Vitvi05g00540	18.4.1	Protein modification.phosphorylation.TKL protein kinase superfamily
VIT_05s0094g01080	Vitvi05g01656	18.4.1	Protein modification.phosphorylation.TKL protein kinase superfamily
VIT_06s0004g00220	Vitvi06g00031	18.4.1	Protein modification.phosphorylation.TKL protein kinase superfamily
VIT_06s0004g02640	Vitvi06g00259	18.4.1	Protein modification.phosphorylation.TKL protein kinase superfamily
VIT_06s0004g08210	Vitvi06g00812	18.4.1	Protein modification.phosphorylation.TKL protein kinase superfamily
VIT_07s0031g00120	Vitvi07g01698	18.4.1	Protein modification.phosphorylation.TKL protein kinase superfamily
VIT_07s0031g00480	Vitvi07g01732	18.4.1	Protein modification.phosphorylation.TKL protein kinase superfamily
VIT_07s0129g00870	Vitvi07g01663	18.4.1	Protein modification.phosphorylation.TKL protein kinase superfamily
VIT_07s0129g00960	Vitvi07g01670	18.4.1	Protein modification.phosphorylation.TKL protein kinase superfamily
VIT_07s0129g00970	Vitvi07g02648	18.4.1	Protein modification.phosphorylation.TKL protein kinase superfamily
VIT_08s0007g01520	Vitvi08g01296	18.4.1	Protein modification.phosphorylation.TKL protein kinase superfamily
VIT_08s0007g02290	Vitvi08g01370	18.4.1	Protein modification.phosphorylation.TKL protein kinase superfamily
VIT_08s0056g00150	Vitvi08g00015	18.4.1	Protein modification.phosphorylation.TKL protein kinase superfamily
VIT_09s0002g00150	Vitvi09g00008	18.4.1	Protein modification.phosphorylation.TKL protein kinase superfamily
VIT_09s0002g07110	Vitvi09g00627	18.4.1	Protein modification.phosphorylation.TKL protein kinase superfamily
VIT_10s0003g00330	Vitvi10g00503	18.4.1	Protein modification.phosphorylation.TKL protein kinase superfamily
VIT_10s0003g01990	Vitvi10g00652	18.4.1	Protein modification.phosphorylation.TKL protein kinase superfamily
VIT_10s0003g02000	Vitvi10g00655	18.4.1	Protein modification.phosphorylation.TKL protein kinase superfamily
VIT_11s0016g02430	Vitvi11g00199	18.4.1	Protein modification.phosphorylation.TKL protein kinase superfamily
VIT_11s0016g04570	Vitvi11g00401	18.4.1	Protein modification.phosphorylation.TKL protein kinase superfamily
VIT_12s0028g03060	Vitvi12g00256	18.4.1	Protein modification.phosphorylation.TKL protein kinase superfamily
VIT_13s0019g02300	Vitvi13g00351	18.4.1	Protein modification.phosphorylation.TKL protein kinase superfamily
VIT_13s0067g03780	Vitvi13g00223	18.4.1	Protein modification.phosphorylation.TKL protein kinase superfamily
VIT_14s0060g00460	Vitvi14g00042	18.4.1	Protein modification.phosphorylation.TKL protein kinase superfamily
VIT_14s0066g02250	Vitvi14g01853	18.4.1	Protein modification.phosphorylation.TKL protein kinase superfamily
VIT_14s0068g00010	Vitvi14g01373	18.4.1	Protein modification.phosphorylation.TKL protein kinase superfamily
VIT_14s0068g00030	Vitvi14g01375	18.4.1	Protein modification.phosphorylation.TKL protein kinase superfamily
VIT_14s0068g00940	Vitvi14g01450	18.4.1	Protein modification.phosphorylation.TKL protein kinase superfamily
VIT_14s0083g00620	Vitvi14g01294	18.4.1	Protein modification.phosphorylation.TKL protein kinase superfamily
VIT_15s0046g02030	Vitvi15g01078	18.4.1	Protein modification.phosphorylation.TKL protein kinase superfamily
VIT_16s0013g01990	Vitvi16g00501	18.4.1	Protein modification.phosphorylation.TKL protein kinase superfamily
VIT_16s0050g01020	Vitvi16g01094	18.4.1	Protein modification.phosphorylation.TKL protein kinase superfamily
VIT_16s0098g00720	Vitvi16g01323	18.4.1	Protein modification.phosphorylation.TKL protein kinase superfamily
VIT_17s0000g02010	Vitvi17g00169	18.4.1	Protein modification.phosphorylation.TKL protein kinase superfamily
VIT_17s0000g05570	Vitvi17g00533	18.4.1	Protein modification.phosphorylation.TKL protein kinase superfamily
VIT_17s0000g08240	Vitvi17g00804	18.4.1	Protein modification.phosphorylation.TKL protein kinase superfamily
VIT_18s0001g00720	Vitvi18g00154	18.4.1	Protein modification.phosphorylation.TKL protein kinase superfamily
VIT_18s0001g01310	Vitvi18g02513	18.4.1	Protein modification.phosphorylation.TKL protein kinase superfamily
VIT_18s0001g08230	Vitvi18g00587	18.4.1	Protein modification.phosphorylation.TKL protein kinase superfamily
VIT_18s0001g08240	Vitvi18g00589	18.4.1	Protein modification.phosphorylation.TKL protein kinase superfamily
VIT_18s0001g10070	Vitvi18g00747	18.4.1	Protein modification.phosphorylation.TKL protein kinase superfamily
VIT_18s0001g10310	Vitvi18g00768	18.4.1	Protein modification.phosphorylation.TKL protein kinase superfamily
VIT_18s0001g11590	Vitvi18g00881	18.4.1	Protein modification.phosphorylation.TKL protein kinase superfamily
VIT_19s0014g00110	Vitvi19g00010	18.4.1	Protein modification.phosphorylation.TKL protein kinase superfamily
VIT_19s0014g00750	Vitvi19g01820	18.4.1	Protein modification.phosphorylation.TKL protein kinase superfamily
VIT_19s0014g00790	Vitvi19g01822	18.4.1	Protein modification.phosphorylation.TKL protein kinase superfamily
VIT_19s0014g04540	Vitvi19g01964	18.4.1	Protein modification.phosphorylation.TKL protein kinase superfamily
VIT_14s0066g02250	Vitvi14g01853	18.4.1.10	Protein modification.phosphorylation.TKL protein kinase superfamily.LRR-X protein kinase families
VIT_14s0066g02250	Vitvi14g01853	18.4.1.10.1	Protein modification.phosphorylation.TKL protein kinase superfamily.LRR-X protein kinase families.protein kinase (LRR-Xa)
VIT_00s1353g00010	Vitvi00g01098	18.4.1.11	Protein modification.phosphorylation.TKL protein kinase superfamily.protein kinase (LRR-XI)
VIT_04s0008g03240	Vitvi04g00286	18.4.1.11	Protein modification.phosphorylation.TKL protein kinase superfamily.protein kinase (LRR-XI)
VIT_10s0003g00330	Vitvi10g00503	18.4.1.11	Protein modification.phosphorylation.TKL protein kinase superfamily.protein kinase (LRR-XI)
VIT_12s0028g03060	Vitvi12g00256	18.4.1.11	Protein modification.phosphorylation.TKL protein kinase superfamily.protein kinase (LRR-XI)
VIT_16s0013g01990	Vitvi16g00501	18.4.1.11	Protein modification.phosphorylation.TKL protein kinase superfamily.protein kinase (LRR-XI)
VIT_18s0001g08230	Vitvi18g00587	18.4.1.11	Protein modification.phosphorylation.TKL protein kinase superfamily.protein kinase (LRR-XI)
VIT_18s0001g08240	Vitvi18g00589	18.4.1.11	Protein modification.phosphorylation.TKL protein kinase superfamily.protein kinase (LRR-XI)
VIT_02s0087g00170	Vitvi02g01204	18.4.1.13	Protein modification.phosphorylation.TKL protein kinase superfamily.LRR-XIII protein kinase families
VIT_04s0008g01970	Vitvi04g00168	18.4.1.13	Protein modification.phosphorylation.TKL protein kinase superfamily.LRR-XIII protein kinase families
VIT_17s0000g05570	Vitvi17g00533	18.4.1.13	Protein modification.phosphorylation.TKL protein kinase superfamily.LRR-XIII protein kinase families
VIT_19s0014g00110	Vitvi19g00010	18.4.1.13	Protein modification.phosphorylation.TKL protein kinase superfamily.LRR-XIII protein kinase families
VIT_02s0087g00170	Vitvi02g01204	18.4.1.13.1	Protein modification.phosphorylation.TKL protein kinase superfamily.LRR-XIII protein kinase families.protein kinase (LRR-XIIIa)
VIT_17s0000g05570	Vitvi17g00533	18.4.1.13.1	Protein modification.phosphorylation.TKL protein kinase superfamily.LRR-XIII protein kinase families.protein kinase (LRR-XIIIa)
VIT_19s0014g00110	Vitvi19g00010	18.4.1.13.1	Protein modification.phosphorylation.TKL protein kinase superfamily.LRR-XIII protein kinase families.protein kinase (LRR-XIIIa)
VIT_04s0008g01970	Vitvi04g00168	18.4.1.13.2	Protein modification.phosphorylation.TKL protein kinase superfamily.LRR-XIII protein kinase families.protein kinase (LRR-XIIIb)
VIT_00s1542g00010	Vitvi07g03135	18.4.1.16	Protein modification.phosphorylation.TKL protein kinase superfamily.protein kinase (CrlRLK1)
VIT_07s0129g00870	Vitvi07g01663	18.4.1.16	Protein modification.phosphorylation.TKL protein kinase superfamily.protein kinase (CrlRLK1)
VIT_07s0129g00960	Vitvi07g01670	18.4.1.16	Protein modification.phosphorylation.TKL protein kinase superfamily.protein kinase (CrlRLK1)
VIT_07s0129g00970	Vitvi07g02648	18.4.1.16	Protein modification.phosphorylation.TKL protein kinase superfamily.protein kinase (CrlRLK1)
VIT_13s0067g03780	Vitvi13g00223	18.4.1.16	Protein modification.phosphorylation.TKL protein kinase superfamily.protein kinase (CrlRLK1)
VIT_14s0068g00010	Vitvi14g01373	18.4.1.16	Protein modification.phosphorylation.TKL protein kinase superfamily.protein kinase (CrlRLK1)
VIT_14s0068g00030	Vitvi14g01375	18.4.1.16	Protein modification.phosphorylation.TKL protein kinase superfamily.protein kinase (CrlRLK1)
VIT_16s0050g01020	Vitvi16g01094	18.4.1.16	Protein modification.phosphorylation.TKL protein kinase superfamily.protein kinase (CrlRLK1)
VIT_02s0087g01020	Vitvi02g01302	18.4.1.17	Protein modification.phosphorylation.TKL protein kinase superfamily.protein kinase (DUF26)
VIT_16s0098g00720	Vitvi16g01323	18.4.1.19	Protein modification.phosphorylation.TKL protein kinase superfamily.protein kinase (L-lectin)
VIT_14s0083g00620	Vitvi14g01294	18.4.1.2	Protein modification.phosphorylation.TKL protein kinase superfamily.protein kinase (LRR-II)
VIT_01s0026g01420	Vitvi01g00900	18.4.1.20	Protein modification.phosphorylation.TKL protein kinase superfamily.protein kinase (LRK10-1-like)
VIT_00s0286g00020	Vitvi10g02141	18.4.1.24	Protein modification.phosphorylation.TKL protein kinase superfamily.G-Lectin protein kinase families
VIT_00s0286g00140	Vitvi10g02152	18.4.1.24	Protein modification.phosphorylation.TKL protein kinase superfamily.G-Lectin protein kinase families
VIT_02s0087g01020	Vitvi02g01302	18.4.1.24	Protein modification.phosphorylation.TKL protein kinase superfamily.G-Lectin protein kinase families
VIT_19s0014g04540	Vitvi19g01964	18.4.1.24	Protein modification.phosphorylation.TKL protein kinase superfamily.G-Lectin protein kinase families
VIT_00s0286g00020	Vitvi10g02141	18.4.1.24.1	Protein modification.phosphorylation.TKL protein kinase superfamily.G-Lectin protein kinase families.protein kinase (SD-1)
VIT_00s0286g00140	Vitvi10g02152	18.4.1.24.1	Protein modification.phosphorylation.TKL protein kinase superfamily.G-Lectin protein kinase families.protein kinase (SD-1)
VIT_02s0087g01020	Vitvi02g01302	18.4.1.24.1	Protein modification.phosphorylation.TKL protein kinase superfamily.G-Lectin protein kinase families.protein kinase (SD-1)
VIT_19s0014g04540	Vitvi19g01964	18.4.1.24.1	Protein modification.phosphorylation.TKL protein kinase superfamily.G-Lectin protein kinase families.protein kinase (SD-1)
VIT_13s0019g02300	Vitvi13g00351	18.4.1.25	Protein modification.phosphorylation.TKL protein kinase superfamily.protein kinase (WAK/WAKL)
VIT_18s0001g01310	Vitvi18g02513	18.4.1.25	Protein modification.phosphorylation.TKL protein kinase superfamily.protein kinase (WAK/WAKL)
VIT_03s0063g00210	Vitvi03g00516	18.4.1.29	Protein modification.phosphorylation.TKL protein kinase superfamily.URK kinase families
VIT_03s0063g00210	Vitvi03g00516	18.4.1.29.1	Protein modification.phosphorylation.TKL protein kinase superfamily.URK kinase families.protein kinase (URK-1)
VIT_01s0011g04060	Vitvi01g00335	18.4.1.3	Protein modification.phosphorylation.TKL protein kinase superfamily.protein kinase (LRR-III)
VIT_06s0004g08210	Vitvi06g00812	18.4.1.3	Protein modification.phosphorylation.TKL protein kinase superfamily.protein kinase (LRR-III)
VIT_07s0031g00120	Vitvi07g01698	18.4.1.3	Protein modification.phosphorylation.TKL protein kinase superfamily.protein kinase (LRR-III)
VIT_11s0016g04570	Vitvi11g00401	18.4.1.3	Protein modification.phosphorylation.TKL protein kinase superfamily.protein kinase (LRR-III)
VIT_17s0000g02010	Vitvi17g00169	18.4.1.3	Protein modification.phosphorylation.TKL protein kinase superfamily.protein kinase (LRR-III)
VIT_18s0001g10070	Vitvi18g00747	18.4.1.3	Protein modification.phosphorylation.TKL protein kinase superfamily.protein kinase (LRR-III)
VIT_05s0020g03870	Vitvi05g00540	18.4.1.30	Protein modification.phosphorylation.TKL protein kinase superfamily.protein kinase (MAP3K-RAF)
VIT_05s0094g01080	Vitvi05g01656	18.4.1.30	Protein modification.phosphorylation.TKL protein kinase superfamily.protein kinase (MAP3K-RAF)
VIT_17s0000g08240	Vitvi17g00804	18.4.1.30	Protein modification.phosphorylation.TKL protein kinase superfamily.protein kinase (MAP3K-RAF)
VIT_18s0001g00720	Vitvi18g00154	18.4.1.30	Protein modification.phosphorylation.TKL protein kinase superfamily.protein kinase (MAP3K-RAF)
VIT_09s0002g07110	Vitvi09g00627	18.4.1.31	Protein modification.phosphorylation.TKL protein kinase superfamily.MLK protein kinase families
VIT_09s0002g07110	Vitvi09g00627	18.4.1.31.2	Protein modification.phosphorylation.TKL protein kinase superfamily.MLK protein kinase families.protein kinase (MLK-II)
VIT_11s0016g02430	Vitvi11g00199	18.4.1.32	Protein modification.phosphorylation.TKL protein kinase superfamily.protein kinase (PERK-related)
VIT_18s0001g11590	Vitvi18g00881	18.4.1.32	Protein modification.phosphorylation.TKL protein kinase superfamily.protein kinase (PERK-related)
VIT_05s0020g00730	Vitvi05g00247	18.4.1.35	Protein modification.phosphorylation.TKL protein kinase superfamily.receptor-like protein kinase (RLCK-V)
VIT_07s0031g00480	Vitvi07g01732	18.4.1.35	Protein modification.phosphorylation.TKL protein kinase superfamily.receptor-like protein kinase (RLCK-V)
VIT_14s0060g00460	Vitvi14g00042	18.4.1.35	Protein modification.phosphorylation.TKL protein kinase superfamily.receptor-like protein kinase (RLCK-V)
VIT_15s0046g02030	Vitvi15g01078	18.4.1.35	Protein modification.phosphorylation.TKL protein kinase superfamily.receptor-like protein kinase (RLCK-V)
VIT_18s0001g10310	Vitvi18g00768	18.4.1.35	Protein modification.phosphorylation.TKL protein kinase superfamily.receptor-like protein kinase (RLCK-V)
VIT_00s0929g00020	Vitvi07g03110	18.4.1.36	Protein modification.phosphorylation.TKL protein kinase superfamily.receptor-like protein kinase (RLCK-VI)
VIT_03s0038g02400	Vitvi03g00144	18.4.1.36	Protein modification.phosphorylation.TKL protein kinase superfamily.receptor-like protein kinase (RLCK-VI)
VIT_06s0004g00220	Vitvi06g00031	18.4.1.37	Protein modification.phosphorylation.TKL protein kinase superfamily.RLCK-VII receptor-like protein kinase families
VIT_08s0056g00150	Vitvi08g00015	18.4.1.37	Protein modification.phosphorylation.TKL protein kinase superfamily.RLCK-VII receptor-like protein kinase families
VIT_06s0004g00220	Vitvi06g00031	18.4.1.37.1	Protein modification.phosphorylation.TKL protein kinase superfamily.RLCK-VII receptor-like protein kinase families.receptor-like protein kinase (RLCK-VIIa)
VIT_08s0056g00150	Vitvi08g00015	18.4.1.37.1	Protein modification.phosphorylation.TKL protein kinase superfamily.RLCK-VII receptor-like protein kinase families.receptor-like protein kinase (RLCK-VIIa)
VIT_06s0004g02640	Vitvi06g00259	18.4.1.38	Protein modification.phosphorylation.TKL protein kinase superfamily.RLCK-VIII receptor-like protein kinase families
VIT_06s0004g02640	Vitvi06g00259	18.4.1.38.2	Protein modification.phosphorylation.TKL protein kinase superfamily.RLCK-VIII receptor-like protein kinase families.receptor-like protein kinase (RLCK-VIII-sis)
VIT_14s0068g00940	Vitvi14g01450	18.4.1.39	Protein modification.phosphorylation.TKL protein kinase superfamily.RLCK-IX receptor-like protein kinase families
VIT_14s0068g00940	Vitvi14g01450	18.4.1.39.1	Protein modification.phosphorylation.TKL protein kinase superfamily.RLCK-IX receptor-like protein kinase families.receptor-like protein kinase (RLCK-IXa)
VIT_08s0007g01520	Vitvi08g01296	18.4.1.42	Protein modification.phosphorylation.TKL protein kinase superfamily.receptor-like protein kinase (RLCK-XII)
VIT_09s0002g00150	Vitvi09g00008	18.4.1.5	Protein modification.phosphorylation.TKL protein kinase superfamily.protein kinase (LRR-V)
VIT_01s0026g01780	Vitvi01g00944	18.4.1.6	Protein modification.phosphorylation.TKL protein kinase superfamily.LRR-VI protein kinase families
VIT_02s0025g03700	Vitvi02g00342	18.4.1.6	Protein modification.phosphorylation.TKL protein kinase superfamily.LRR-VI protein kinase families
VIT_01s0026g01780	Vitvi01g00944	18.4.1.6.1	Protein modification.phosphorylation.TKL protein kinase superfamily.LRR-VI protein kinase families.protein kinase (LRR-VI-1)
VIT_02s0025g03700	Vitvi02g00342	18.4.1.6.2	Protein modification.phosphorylation.TKL protein kinase superfamily.LRR-VI protein kinase families.protein kinase (LRR-VI-2)
VIT_00s1764g00020	Vitvi02g01830	18.4.1.7	Protein modification.phosphorylation.TKL protein kinase superfamily.protein kinase (LRR-VII)
VIT_10s0003g01990	Vitvi10g00652	18.4.1.8	Protein modification.phosphorylation.TKL protein kinase superfamily.LRR-VIII protein kinase families
VIT_10s0003g02000	Vitvi10g00655	18.4.1.8	Protein modification.phosphorylation.TKL protein kinase superfamily.LRR-VIII protein kinase families
VIT_19s0014g00750	Vitvi19g01820	18.4.1.8	Protein modification.phosphorylation.TKL protein kinase superfamily.LRR-VIII protein kinase families
VIT_19s0014g00790	Vitvi19g01822	18.4.1.8	Protein modification.phosphorylation.TKL protein kinase superfamily.LRR-VIII protein kinase families
VIT_10s0003g01990	Vitvi10g00652	18.4.1.8.2	Protein modification.phosphorylation.TKL protein kinase superfamily.LRR-VIII protein kinase families.protein kinase (LRR-VIII-2)
VIT_10s0003g02000	Vitvi10g00655	18.4.1.8.2	Protein modification.phosphorylation.TKL protein kinase superfamily.LRR-VIII protein kinase families.protein kinase (LRR-VIII-2)
VIT_19s0014g00750	Vitvi19g01820	18.4.1.8.2	Protein modification.phosphorylation.TKL protein kinase superfamily.LRR-VIII protein kinase families.protein kinase (LRR-VIII-2)
VIT_19s0014g00790	Vitvi19g01822	18.4.1.8.2	Protein modification.phosphorylation.TKL protein kinase superfamily.LRR-VIII protein kinase families.protein kinase (LRR-VIII-2)
VIT_04s0043g00160	Vitvi04g00932	18.4.1.9	Protein modification.phosphorylation.TKL protein kinase superfamily.protein kinase (LRR-IX)
VIT_08s0007g02290	Vitvi08g01370	18.4.1.9	Protein modification.phosphorylation.TKL protein kinase superfamily.protein kinase (LRR-IX)
VIT_07s0031g00530	Vitvi07g01737	18.4.2	Protein modification.phosphorylation.STE protein kinase superfamily
VIT_07s0031g00530	Vitvi07g01737	18.4.2.2	Protein modification.phosphorylation.STE protein kinase superfamily.protein kinase (MAP3K-MEKK)
VIT_10s0523g00020	Vitvi10g00138	18.4.23	Protein modification.phosphorylation.tyrosine protein phosphatase (PTP) superfamily
VIT_10s0523g00020	Vitvi10g00138	18.4.23.2	Protein modification.phosphorylation.tyrosine protein phosphatase (PTP) superfamily.dual-specificity phosphatase activities
VIT_10s0523g00020	Vitvi10g00138	18.4.23.2.5	Protein modification.phosphorylation.tyrosine protein phosphatase (PTP) superfamily.dual-specificity phosphatase activities.atypical dual-specificity phosphatase
VIT_10s0523g00020	Vitvi10g00138	18.4.23.2.6	Protein modification.phosphorylation.tyrosine protein phosphatase (PTP) superfamily.dual-specificity phosphatase activities.atypical dual-specificity phosphatase (PFA-DSP)
VIT_01s0150g00510	Vitvi01g01808	18.4.24	Protein modification.phosphorylation.serine/threonine protein phosphatase superfamily
VIT_11s0016g04500	Vitvi11g00395	18.4.24	Protein modification.phosphorylation.serine/threonine protein phosphatase superfamily
VIT_16s0050g02680	Vitvi16g01985	18.4.24	Protein modification.phosphorylation.serine/threonine protein phosphatase superfamily
VIT_11s0016g04500	Vitvi11g00395	18.4.24.1	Protein modification.phosphorylation.serine/threonine protein phosphatase superfamily.PPP Fe-Zn-dependent phosphatase families
VIT_11s0016g04500	Vitvi11g00395	18.4.24.1.2	Protein modification.phosphorylation.serine/threonine protein phosphatase superfamily.PPP Fe-Zn-dependent phosphatase families.PP2A-class  phosphatase complexes
VIT_11s0016g04500	Vitvi11g00395	18.4.24.1.2.2	Protein modification.phosphorylation.serine/threonine protein phosphatase superfamily.PPP Fe-Zn-dependent phosphatase families.PP2A-class  phosphatase complexes.regulatory component B
VIT_11s0016g04500	Vitvi11g00395	18.4.24.1.2.3	Protein modification.phosphorylation.serine/threonine protein phosphatase superfamily.PPP Fe-Zn-dependent phosphatase families.PP2A-class  phosphatase complexes.regulatory component B1
VIT_01s0150g00510	Vitvi01g01808	18.4.24.2	Protein modification.phosphorylation.serine/threonine protein phosphatase superfamily.PPM/PP2C Mn/Mg-dependent phosphatase families
VIT_16s0050g02680	Vitvi16g01985	18.4.24.2	Protein modification.phosphorylation.serine/threonine protein phosphatase superfamily.PPM/PP2C Mn/Mg-dependent phosphatase families
VIT_16s0050g02680	Vitvi16g01985	18.4.24.2.1	Protein modification.phosphorylation.serine/threonine protein phosphatase superfamily.PPM/PP2C Mn/Mg-dependent phosphatase families.clade A phosphatase
VIT_01s0150g00510	Vitvi01g01808	18.4.24.2.3	Protein modification.phosphorylation.serine/threonine protein phosphatase superfamily.PPM/PP2C Mn/Mg-dependent phosphatase families.clade C phosphatase
VIT_14s0066g01050	Vitvi14g01744	18.4.3	Protein modification.phosphorylation.CMGC protein kinase superfamily
VIT_14s0066g01050	Vitvi14g01744	18.4.3.4	Protein modification.phosphorylation.CMGC protein kinase superfamily.protein kinase (GSK)
VIT_04s0008g05770	Vitvi04g00512	18.4.5	Protein modification.phosphorylation.CAMK protein kinase superfamily
VIT_05s0020g04570	Vitvi05g00618	18.4.5	Protein modification.phosphorylation.CAMK protein kinase superfamily
VIT_05s0049g00950	Vitvi05g00736	18.4.5	Protein modification.phosphorylation.CAMK protein kinase superfamily
VIT_06s0004g01140	Vitvi06g01608	18.4.5	Protein modification.phosphorylation.CAMK protein kinase superfamily
VIT_08s0058g01090	Vitvi08g00835	18.4.5	Protein modification.phosphorylation.CAMK protein kinase superfamily
VIT_09s0070g00140	Vitvi09g00981	18.4.5	Protein modification.phosphorylation.CAMK protein kinase superfamily
VIT_11s0052g01700	Vitvi11g01298	18.4.5	Protein modification.phosphorylation.CAMK protein kinase superfamily
VIT_04s0008g05770	Vitvi04g00512	18.4.5.3	Protein modification.phosphorylation.CAMK protein kinase superfamily.SNF1-related protein kinase (SnRK3)
VIT_05s0020g04570	Vitvi05g00618	18.4.5.3	Protein modification.phosphorylation.CAMK protein kinase superfamily.SNF1-related protein kinase (SnRK3)
VIT_08s0058g01090	Vitvi08g00835	18.4.5.3	Protein modification.phosphorylation.CAMK protein kinase superfamily.SNF1-related protein kinase (SnRK3)
VIT_09s0070g00140	Vitvi09g00981	18.4.5.3	Protein modification.phosphorylation.CAMK protein kinase superfamily.SNF1-related protein kinase (SnRK3)
VIT_11s0052g01700	Vitvi11g01298	18.4.5.3	Protein modification.phosphorylation.CAMK protein kinase superfamily.SNF1-related protein kinase (SnRK3)
VIT_05s0049g00950	Vitvi05g00736	18.4.5.7	Protein modification.phosphorylation.CAMK protein kinase superfamily.protein kinase (PPCK)
VIT_06s0004g01140	Vitvi06g01608	18.4.5.9	Protein modification.phosphorylation.CAMK protein kinase superfamily.protein kinase (GRIK)
VIT_07s0005g04600	Vitvi07g00708	18.7	Protein modification.S-nitrosylation
VIT_18s0001g13240	Vitvi18g02774	18.7	Protein modification.S-nitrosylation
VIT_07s0005g04600	Vitvi07g00708	18.7.1	Protein modification.S-nitrosylation.S-nitrosoglutathione reductase (GSNOR)
VIT_18s0001g13240	Vitvi18g02774	18.7.2	Protein modification.S-nitrosylation.protein-S-nitrosothiol reductase (TRX5)
VIT_01s0026g02400	Vitvi01g02132	18.8	Protein modification.S-glutathionylation
VIT_04s0079g00690	Vitvi04g00880	18.8	Protein modification.S-glutathionylation
VIT_05s0049g01090	Vitvi05g01961	18.8	Protein modification.S-glutathionylation
VIT_05s0049g01120	Vitvi05g01963	18.8	Protein modification.S-glutathionylation
VIT_05s0051g00180	Vitvi05g00910	18.8	Protein modification.S-glutathionylation
VIT_06s0004g03690	Vitvi06g00372	18.8	Protein modification.S-glutathionylation
VIT_07s0005g00010	Vitvi07g00285	18.8	Protein modification.S-glutathionylation
VIT_07s0005g04890	Vitvi07g00736	18.8	Protein modification.S-glutathionylation
VIT_07s0104g01420	Vitvi07g00259	18.8	Protein modification.S-glutathionylation
VIT_07s0104g01800	Vitvi07g02188	18.8	Protein modification.S-glutathionylation
VIT_07s0104g01820	Vitvi07g02190	18.8	Protein modification.S-glutathionylation
VIT_07s0104g01830	Vitvi07g00283	18.8	Protein modification.S-glutathionylation
VIT_08s0040g00920	Vitvi08g00957	18.8	Protein modification.S-glutathionylation
VIT_10s0003g00390	Vitvi10g00508	18.8	Protein modification.S-glutathionylation
VIT_12s0028g03010	Vitvi12g00251	18.8	Protein modification.S-glutathionylation
VIT_14s0068g01570	Vitvi14g01507	18.8	Protein modification.S-glutathionylation
VIT_15s0024g01540	Vitvi15g00160	18.8	Protein modification.S-glutathionylation
VIT_16s0039g00970	Vitvi16g01498	18.8	Protein modification.S-glutathionylation
VIT_16s0039g00990	Vitvi16g01499	18.8	Protein modification.S-glutathionylation
VIT_19s0015g02590	Vitvi19g02145	18.8	Protein modification.S-glutathionylation
VIT_19s0015g02680	Vitvi19g01032	18.8	Protein modification.S-glutathionylation
VIT_19s0015g02690	Vitvi19g02149	18.8	Protein modification.S-glutathionylation
VIT_19s0015g02700	Vitvi19g02150	18.8	Protein modification.S-glutathionylation
VIT_19s0015g02730	Vitvi19g02152	18.8	Protein modification.S-glutathionylation
VIT_19s0015g02880	Vitvi19g01048	18.8	Protein modification.S-glutathionylation
VIT_19s0093g00150	Vitvi19g02192	18.8	Protein modification.S-glutathionylation
VIT_19s0093g00160	Vitvi19g01305	18.8	Protein modification.S-glutathionylation
VIT_19s0093g00190	Vitvi19g01308	18.8	Protein modification.S-glutathionylation
VIT_19s0093g00220	Vitvi19g01311	18.8	Protein modification.S-glutathionylation
VIT_19s0093g00310	Vitvi19g01326	18.8	Protein modification.S-glutathionylation
VIT_19s0093g00350	Vitvi19g02197	18.8	Protein modification.S-glutathionylation
VIT_01s0026g02400	Vitvi01g02132	18.8.1	Protein modification.S-glutathionylation.glutathione S-transferase activities
VIT_04s0079g00690	Vitvi04g00880	18.8.1	Protein modification.S-glutathionylation.glutathione S-transferase activities
VIT_05s0049g01090	Vitvi05g01961	18.8.1	Protein modification.S-glutathionylation.glutathione S-transferase activities
VIT_05s0049g01120	Vitvi05g01963	18.8.1	Protein modification.S-glutathionylation.glutathione S-transferase activities
VIT_05s0051g00180	Vitvi05g00910	18.8.1	Protein modification.S-glutathionylation.glutathione S-transferase activities
VIT_06s0004g03690	Vitvi06g00372	18.8.1	Protein modification.S-glutathionylation.glutathione S-transferase activities
VIT_07s0005g00010	Vitvi07g00285	18.8.1	Protein modification.S-glutathionylation.glutathione S-transferase activities
VIT_07s0005g04890	Vitvi07g00736	18.8.1	Protein modification.S-glutathionylation.glutathione S-transferase activities
VIT_07s0104g01800	Vitvi07g02188	18.8.1	Protein modification.S-glutathionylation.glutathione S-transferase activities
VIT_07s0104g01820	Vitvi07g02190	18.8.1	Protein modification.S-glutathionylation.glutathione S-transferase activities
VIT_07s0104g01830	Vitvi07g00283	18.8.1	Protein modification.S-glutathionylation.glutathione S-transferase activities
VIT_08s0040g00920	Vitvi08g00957	18.8.1	Protein modification.S-glutathionylation.glutathione S-transferase activities
VIT_15s0024g01540	Vitvi15g00160	18.8.1	Protein modification.S-glutathionylation.glutathione S-transferase activities
VIT_16s0039g00970	Vitvi16g01498	18.8.1	Protein modification.S-glutathionylation.glutathione S-transferase activities
VIT_16s0039g00990	Vitvi16g01499	18.8.1	Protein modification.S-glutathionylation.glutathione S-transferase activities
VIT_19s0015g02590	Vitvi19g02145	18.8.1	Protein modification.S-glutathionylation.glutathione S-transferase activities
VIT_19s0015g02680	Vitvi19g01032	18.8.1	Protein modification.S-glutathionylation.glutathione S-transferase activities
VIT_19s0015g02690	Vitvi19g02149	18.8.1	Protein modification.S-glutathionylation.glutathione S-transferase activities
VIT_19s0015g02700	Vitvi19g02150	18.8.1	Protein modification.S-glutathionylation.glutathione S-transferase activities
VIT_19s0015g02730	Vitvi19g02152	18.8.1	Protein modification.S-glutathionylation.glutathione S-transferase activities
VIT_19s0015g02880	Vitvi19g01048	18.8.1	Protein modification.S-glutathionylation.glutathione S-transferase activities
VIT_19s0093g00150	Vitvi19g02192	18.8.1	Protein modification.S-glutathionylation.glutathione S-transferase activities
VIT_19s0093g00160	Vitvi19g01305	18.8.1	Protein modification.S-glutathionylation.glutathione S-transferase activities
VIT_19s0093g00190	Vitvi19g01308	18.8.1	Protein modification.S-glutathionylation.glutathione S-transferase activities
VIT_19s0093g00220	Vitvi19g01311	18.8.1	Protein modification.S-glutathionylation.glutathione S-transferase activities
VIT_19s0093g00310	Vitvi19g01326	18.8.1	Protein modification.S-glutathionylation.glutathione S-transferase activities
VIT_19s0093g00350	Vitvi19g02197	18.8.1	Protein modification.S-glutathionylation.glutathione S-transferase activities
VIT_06s0004g03690	Vitvi06g00372	18.8.1.3	Protein modification.S-glutathionylation.glutathione S-transferase activities.class lambda glutathione S-transferase
VIT_01s0026g02400	Vitvi01g02132	18.8.1.4	Protein modification.S-glutathionylation.glutathione S-transferase activities.class tau glutathione S-transferase
VIT_05s0049g01090	Vitvi05g01961	18.8.1.4	Protein modification.S-glutathionylation.glutathione S-transferase activities.class tau glutathione S-transferase
VIT_05s0049g01120	Vitvi05g01963	18.8.1.4	Protein modification.S-glutathionylation.glutathione S-transferase activities.class tau glutathione S-transferase
VIT_05s0051g00180	Vitvi05g00910	18.8.1.4	Protein modification.S-glutathionylation.glutathione S-transferase activities.class tau glutathione S-transferase
VIT_07s0005g04890	Vitvi07g00736	18.8.1.4	Protein modification.S-glutathionylation.glutathione S-transferase activities.class tau glutathione S-transferase
VIT_08s0040g00920	Vitvi08g00957	18.8.1.4	Protein modification.S-glutathionylation.glutathione S-transferase activities.class tau glutathione S-transferase
VIT_15s0024g01540	Vitvi15g00160	18.8.1.4	Protein modification.S-glutathionylation.glutathione S-transferase activities.class tau glutathione S-transferase
VIT_16s0039g00970	Vitvi16g01498	18.8.1.4	Protein modification.S-glutathionylation.glutathione S-transferase activities.class tau glutathione S-transferase
VIT_16s0039g00990	Vitvi16g01499	18.8.1.4	Protein modification.S-glutathionylation.glutathione S-transferase activities.class tau glutathione S-transferase
VIT_19s0015g02590	Vitvi19g02145	18.8.1.4	Protein modification.S-glutathionylation.glutathione S-transferase activities.class tau glutathione S-transferase
VIT_19s0015g02680	Vitvi19g01032	18.8.1.4	Protein modification.S-glutathionylation.glutathione S-transferase activities.class tau glutathione S-transferase
VIT_19s0015g02690	Vitvi19g02149	18.8.1.4	Protein modification.S-glutathionylation.glutathione S-transferase activities.class tau glutathione S-transferase
VIT_19s0015g02700	Vitvi19g02150	18.8.1.4	Protein modification.S-glutathionylation.glutathione S-transferase activities.class tau glutathione S-transferase
VIT_19s0015g02730	Vitvi19g02152	18.8.1.4	Protein modification.S-glutathionylation.glutathione S-transferase activities.class tau glutathione S-transferase
VIT_19s0015g02880	Vitvi19g01048	18.8.1.4	Protein modification.S-glutathionylation.glutathione S-transferase activities.class tau glutathione S-transferase
VIT_19s0093g00150	Vitvi19g02192	18.8.1.4	Protein modification.S-glutathionylation.glutathione S-transferase activities.class tau glutathione S-transferase
VIT_19s0093g00160	Vitvi19g01305	18.8.1.4	Protein modification.S-glutathionylation.glutathione S-transferase activities.class tau glutathione S-transferase
VIT_19s0093g00190	Vitvi19g01308	18.8.1.4	Protein modification.S-glutathionylation.glutathione S-transferase activities.class tau glutathione S-transferase
VIT_19s0093g00220	Vitvi19g01311	18.8.1.4	Protein modification.S-glutathionylation.glutathione S-transferase activities.class tau glutathione S-transferase
VIT_19s0093g00310	Vitvi19g01326	18.8.1.4	Protein modification.S-glutathionylation.glutathione S-transferase activities.class tau glutathione S-transferase
VIT_19s0093g00350	Vitvi19g02197	18.8.1.4	Protein modification.S-glutathionylation.glutathione S-transferase activities.class tau glutathione S-transferase
VIT_04s0079g00690	Vitvi04g00880	18.8.1.5	Protein modification.S-glutathionylation.glutathione S-transferase activities.class phi glutathione S-transferase
VIT_07s0005g00010	Vitvi07g00285	18.8.1.5	Protein modification.S-glutathionylation.glutathione S-transferase activities.class phi glutathione S-transferase
VIT_07s0104g01800	Vitvi07g02188	18.8.1.5	Protein modification.S-glutathionylation.glutathione S-transferase activities.class phi glutathione S-transferase
VIT_07s0104g01820	Vitvi07g02190	18.8.1.5	Protein modification.S-glutathionylation.glutathione S-transferase activities.class phi glutathione S-transferase
VIT_07s0104g01830	Vitvi07g00283	18.8.1.5	Protein modification.S-glutathionylation.glutathione S-transferase activities.class phi glutathione S-transferase
VIT_07s0104g01420	Vitvi07g00259	18.8.2	Protein modification.S-glutathionylation.glutaredoxin
VIT_10s0003g00390	Vitvi10g00508	18.8.2	Protein modification.S-glutathionylation.glutaredoxin
VIT_12s0028g03010	Vitvi12g00251	18.8.2	Protein modification.S-glutathionylation.glutaredoxin
VIT_14s0068g01570	Vitvi14g01507	18.8.2	Protein modification.S-glutathionylation.glutaredoxin
VIT_00s0323g00100	Vitvi02g00505	19	Protein homeostasis
VIT_00s0445g00060	Vitvi10g00421	19	Protein homeostasis
VIT_00s1206g00010	Vitvi10g00294	19	Protein homeostasis
VIT_01s0010g01390	Vitvi01g01404	19	Protein homeostasis
VIT_01s0011g02000	Vitvi01g00158	19	Protein homeostasis
VIT_01s0011g02030	Vitvi01g00160	19	Protein homeostasis
VIT_01s0011g02930	Vitvi01g00230	19	Protein homeostasis
VIT_01s0011g03210	Vitvi01g00258	19	Protein homeostasis
VIT_01s0011g04990	Vitvi01g00424	19	Protein homeostasis
VIT_01s0011g05810	Vitvi01g00499	19	Protein homeostasis
VIT_01s0026g00300	Vitvi01g00796	19	Protein homeostasis
VIT_02s0025g00280	Vitvi02g00025	19	Protein homeostasis
VIT_02s0025g01050	Vitvi02g00092	19	Protein homeostasis
VIT_02s0025g04130	Vitvi02g00382	19	Protein homeostasis
VIT_02s0154g00480	Vitvi02g01446	19	Protein homeostasis
VIT_03s0038g00270	Vitvi03g00987	19	Protein homeostasis
VIT_03s0038g02230	Vitvi03g00130	19	Protein homeostasis
VIT_03s0088g00050	Vitvi03g00699	19	Protein homeostasis
VIT_03s0091g01240	Vitvi03g00692	19	Protein homeostasis
VIT_03s0091g01290	Vitvi03g01621	19	Protein homeostasis
VIT_04s0008g01490	Vitvi04g01792	19	Protein homeostasis
VIT_04s0008g01500	Vitvi04g01793	19	Protein homeostasis
VIT_04s0008g01520	Vitvi04g01795	19	Protein homeostasis
VIT_04s0008g01570	Vitvi04g01801	19	Protein homeostasis
VIT_04s0008g01580	Vitvi04g01802	19	Protein homeostasis
VIT_04s0008g01590	Vitvi04g00135	19	Protein homeostasis
VIT_04s0008g01610	Vitvi04g00136	19	Protein homeostasis
VIT_04s0043g00840	Vitvi04g01044	19	Protein homeostasis
VIT_05s0077g00560	Vitvi05g00160	19	Protein homeostasis
VIT_05s0094g00470	Vitvi05g01596	19	Protein homeostasis
VIT_06s0004g05770	Vitvi06g00561	19	Protein homeostasis
VIT_07s0005g00140	Vitvi07g00298	19	Protein homeostasis
VIT_07s0129g00210	Vitvi07g01598	19	Protein homeostasis
VIT_07s0129g00490	Vitvi07g01627	19	Protein homeostasis
VIT_07s0141g00520	Vitvi07g01160	19	Protein homeostasis
VIT_08s0007g00470	Vitvi08g01209	19	Protein homeostasis
VIT_08s0007g02440	Vitvi08g01380	19	Protein homeostasis
VIT_08s0007g02470	Vitvi08g01384	19	Protein homeostasis
VIT_08s0040g01130	Vitvi08g02128	19	Protein homeostasis
VIT_08s0040g01950	Vitvi08g01043	19	Protein homeostasis
VIT_08s0056g01300	Vitvi08g00117	19	Protein homeostasis
VIT_08s0058g00210	Vitvi08g00731	19	Protein homeostasis
VIT_09s0002g00640	Vitvi09g00045	19	Protein homeostasis
VIT_09s0002g08960	Vitvi09g00817	19	Protein homeostasis
VIT_09s0018g01220	Vitvi09g01233	19	Protein homeostasis
VIT_09s0018g01670	Vitvi09g01272	19	Protein homeostasis
VIT_10s0003g00260	Vitvi10g00496	19	Protein homeostasis
VIT_11s0016g00960	Vitvi11g00071	19	Protein homeostasis
VIT_11s0016g03010	Vitvi11g00255	19	Protein homeostasis
VIT_11s0037g00510	Vitvi11g00724	19	Protein homeostasis
VIT_11s0103g00550	Vitvi11g01134	19	Protein homeostasis
VIT_11s0206g00110	Vitvi11g00657	19	Protein homeostasis
VIT_12s0028g02530	Vitvi12g00220	19	Protein homeostasis
VIT_12s0028g03860	Vitvi12g00320	19	Protein homeostasis
VIT_12s0035g01910	Vitvi12g02138	19	Protein homeostasis
VIT_13s0019g00860	Vitvi13g00278	19	Protein homeostasis
VIT_13s0019g02740	Vitvi13g02014	19	Protein homeostasis
VIT_13s0019g02760	Vitvi13g02016	19	Protein homeostasis
VIT_13s0019g02770	Vitvi13g02017	19	Protein homeostasis
VIT_13s0019g02780	Vitvi13g02018	19	Protein homeostasis
VIT_13s0019g02840	Vitvi13g00409	19	Protein homeostasis
VIT_13s0019g02850	Vitvi13g00410	19	Protein homeostasis
VIT_13s0019g02930	Vitvi13g02024	19	Protein homeostasis
VIT_13s0019g03000	Vitvi13g00451	19	Protein homeostasis
VIT_13s0019g03090	Vitvi13g00471	19	Protein homeostasis
VIT_13s0019g03160	Vitvi13g00490	19	Protein homeostasis
VIT_13s0019g05120	Vitvi13g00688	19	Protein homeostasis
VIT_13s0047g00110	Vitvi13g01107	19	Protein homeostasis
VIT_13s0074g00470	Vitvi13g00749	19	Protein homeostasis
VIT_13s0084g00820	Vitvi13g01337	19	Protein homeostasis
VIT_13s0158g00080	Vitvi13g01633	19	Protein homeostasis
VIT_14s0006g00180	Vitvi14g00772	19	Protein homeostasis
VIT_14s0006g03260	Vitvi14g01228	19	Protein homeostasis
VIT_14s0108g00090	Vitvi14g01906	19	Protein homeostasis
VIT_14s0128g00200	Vitvi14g00269	19	Protein homeostasis
VIT_14s0128g00210	Vitvi14g00268	19	Protein homeostasis
VIT_15s0046g00360	Vitvi15g00952	19	Protein homeostasis
VIT_16s0022g00510	Vitvi16g00681	19	Protein homeostasis
VIT_16s0022g02200	Vitvi16g00878	19	Protein homeostasis
VIT_16s0050g01150	Vitvi16g01103	19	Protein homeostasis
VIT_17s0000g03990	Vitvi17g00350	19	Protein homeostasis
VIT_17s0000g09770	Vitvi17g00973	19	Protein homeostasis
VIT_18s0001g01060	Vitvi18g00181	19	Protein homeostasis
VIT_18s0001g02570	Vitvi18g00262	19	Protein homeostasis
VIT_18s0001g04790	Vitvi18g00360	19	Protein homeostasis
VIT_18s0001g06220	Vitvi18g00435	19	Protein homeostasis
VIT_18s0001g07340	Vitvi18g00510	19	Protein homeostasis
VIT_18s0001g09360	Vitvi18g00683	19	Protein homeostasis
VIT_18s0072g00820	Vitvi18g02993	19	Protein homeostasis
VIT_18s0089g01270	Vitvi18g02423	19	Protein homeostasis
VIT_19s0014g03900	Vitvi19g00313	19	Protein homeostasis
VIT_19s0015g01000	Vitvi19g00728	19	Protein homeostasis
VIT_19s0085g01110	Vitvi19g01767	19	Protein homeostasis
VIT_19s0090g00830	Vitvi19g00529	19	Protein homeostasis
VIT_01s0011g04990	Vitvi01g00424	19.1	Protein homeostasis.protein quality control
VIT_02s0025g00280	Vitvi02g00025	19.1	Protein homeostasis.protein quality control
VIT_02s0154g00480	Vitvi02g01446	19.1	Protein homeostasis.protein quality control
VIT_04s0008g01490	Vitvi04g01792	19.1	Protein homeostasis.protein quality control
VIT_04s0008g01500	Vitvi04g01793	19.1	Protein homeostasis.protein quality control
VIT_04s0008g01520	Vitvi04g01795	19.1	Protein homeostasis.protein quality control
VIT_04s0008g01570	Vitvi04g01801	19.1	Protein homeostasis.protein quality control
VIT_04s0008g01580	Vitvi04g01802	19.1	Protein homeostasis.protein quality control
VIT_04s0008g01590	Vitvi04g00135	19.1	Protein homeostasis.protein quality control
VIT_04s0008g01610	Vitvi04g00136	19.1	Protein homeostasis.protein quality control
VIT_06s0004g05770	Vitvi06g00561	19.1	Protein homeostasis.protein quality control
VIT_08s0058g00210	Vitvi08g00731	19.1	Protein homeostasis.protein quality control
VIT_09s0002g00640	Vitvi09g00045	19.1	Protein homeostasis.protein quality control
VIT_10s0003g00260	Vitvi10g00496	19.1	Protein homeostasis.protein quality control
VIT_11s0037g00510	Vitvi11g00724	19.1	Protein homeostasis.protein quality control
VIT_12s0035g01910	Vitvi12g02138	19.1	Protein homeostasis.protein quality control
VIT_13s0019g00860	Vitvi13g00278	19.1	Protein homeostasis.protein quality control
VIT_13s0019g02740	Vitvi13g02014	19.1	Protein homeostasis.protein quality control
VIT_13s0019g02760	Vitvi13g02016	19.1	Protein homeostasis.protein quality control
VIT_13s0019g02770	Vitvi13g02017	19.1	Protein homeostasis.protein quality control
VIT_13s0019g02780	Vitvi13g02018	19.1	Protein homeostasis.protein quality control
VIT_13s0019g02840	Vitvi13g00409	19.1	Protein homeostasis.protein quality control
VIT_13s0019g02850	Vitvi13g00410	19.1	Protein homeostasis.protein quality control
VIT_13s0019g02930	Vitvi13g02024	19.1	Protein homeostasis.protein quality control
VIT_13s0019g03000	Vitvi13g00451	19.1	Protein homeostasis.protein quality control
VIT_13s0019g03090	Vitvi13g00471	19.1	Protein homeostasis.protein quality control
VIT_13s0019g03160	Vitvi13g00490	19.1	Protein homeostasis.protein quality control
VIT_13s0047g00110	Vitvi13g01107	19.1	Protein homeostasis.protein quality control
VIT_16s0022g00510	Vitvi16g00681	19.1	Protein homeostasis.protein quality control
VIT_16s0050g01150	Vitvi16g01103	19.1	Protein homeostasis.protein quality control
VIT_18s0089g01270	Vitvi18g02423	19.1	Protein homeostasis.protein quality control
VIT_10s0003g00260	Vitvi10g00496	19.1.5	Protein homeostasis.protein quality control.cytosolic  Hsp70 chaperone system
VIT_11s0037g00510	Vitvi11g00724	19.1.5	Protein homeostasis.protein quality control.cytosolic  Hsp70 chaperone system
VIT_11s0037g00510	Vitvi11g00724	19.1.5.1	Protein homeostasis.protein quality control.cytosolic  Hsp70 chaperone system.chaperone (Hsp70)
VIT_10s0003g00260	Vitvi10g00496	19.1.5.2	Protein homeostasis.protein quality control.cytosolic  Hsp70 chaperone system.co-chaperone (Hsp40)
VIT_02s0025g00280	Vitvi02g00025	19.1.6	Protein homeostasis.protein quality control.Hsp90 chaperone system
VIT_13s0047g00110	Vitvi13g01107	19.1.6	Protein homeostasis.protein quality control.Hsp90 chaperone system
VIT_16s0050g01150	Vitvi16g01103	19.1.6	Protein homeostasis.protein quality control.Hsp90 chaperone system
VIT_02s0025g00280	Vitvi02g00025	19.1.6.1	Protein homeostasis.protein quality control.Hsp90 chaperone system.chaperone (Hsp90)
VIT_16s0050g01150	Vitvi16g01103	19.1.6.1	Protein homeostasis.protein quality control.Hsp90 chaperone system.chaperone (Hsp90)
VIT_13s0047g00110	Vitvi13g01107	19.1.6.2	Protein homeostasis.protein quality control.Hsp90 chaperone system.Hsp90-co-chaperone (P23)
VIT_01s0011g04990	Vitvi01g00424	19.1.7	Protein homeostasis.protein quality control.Hsp60 chaperone system
VIT_01s0011g04990	Vitvi01g00424	19.1.7.3	Protein homeostasis.protein quality control.Hsp60 chaperone system.Hsp60-co-chaperone (Hsp10)
VIT_02s0154g00480	Vitvi02g01446	19.1.8	Protein homeostasis.protein quality control.smallHsp holdase chaperone activities
VIT_04s0008g01490	Vitvi04g01792	19.1.8	Protein homeostasis.protein quality control.smallHsp holdase chaperone activities
VIT_04s0008g01500	Vitvi04g01793	19.1.8	Protein homeostasis.protein quality control.smallHsp holdase chaperone activities
VIT_04s0008g01520	Vitvi04g01795	19.1.8	Protein homeostasis.protein quality control.smallHsp holdase chaperone activities
VIT_04s0008g01570	Vitvi04g01801	19.1.8	Protein homeostasis.protein quality control.smallHsp holdase chaperone activities
VIT_04s0008g01580	Vitvi04g01802	19.1.8	Protein homeostasis.protein quality control.smallHsp holdase chaperone activities
VIT_04s0008g01590	Vitvi04g00135	19.1.8	Protein homeostasis.protein quality control.smallHsp holdase chaperone activities
VIT_04s0008g01610	Vitvi04g00136	19.1.8	Protein homeostasis.protein quality control.smallHsp holdase chaperone activities
VIT_06s0004g05770	Vitvi06g00561	19.1.8	Protein homeostasis.protein quality control.smallHsp holdase chaperone activities
VIT_08s0058g00210	Vitvi08g00731	19.1.8	Protein homeostasis.protein quality control.smallHsp holdase chaperone activities
VIT_09s0002g00640	Vitvi09g00045	19.1.8	Protein homeostasis.protein quality control.smallHsp holdase chaperone activities
VIT_12s0035g01910	Vitvi12g02138	19.1.8	Protein homeostasis.protein quality control.smallHsp holdase chaperone activities
VIT_13s0019g00860	Vitvi13g00278	19.1.8	Protein homeostasis.protein quality control.smallHsp holdase chaperone activities
VIT_13s0019g02740	Vitvi13g02014	19.1.8	Protein homeostasis.protein quality control.smallHsp holdase chaperone activities
VIT_13s0019g02760	Vitvi13g02016	19.1.8	Protein homeostasis.protein quality control.smallHsp holdase chaperone activities
VIT_13s0019g02770	Vitvi13g02017	19.1.8	Protein homeostasis.protein quality control.smallHsp holdase chaperone activities
VIT_13s0019g02780	Vitvi13g02018	19.1.8	Protein homeostasis.protein quality control.smallHsp holdase chaperone activities
VIT_13s0019g02840	Vitvi13g00409	19.1.8	Protein homeostasis.protein quality control.smallHsp holdase chaperone activities
VIT_13s0019g02850	Vitvi13g00410	19.1.8	Protein homeostasis.protein quality control.smallHsp holdase chaperone activities
VIT_13s0019g02930	Vitvi13g02024	19.1.8	Protein homeostasis.protein quality control.smallHsp holdase chaperone activities
VIT_13s0019g03000	Vitvi13g00451	19.1.8	Protein homeostasis.protein quality control.smallHsp holdase chaperone activities
VIT_13s0019g03090	Vitvi13g00471	19.1.8	Protein homeostasis.protein quality control.smallHsp holdase chaperone activities
VIT_13s0019g03160	Vitvi13g00490	19.1.8	Protein homeostasis.protein quality control.smallHsp holdase chaperone activities
VIT_16s0022g00510	Vitvi16g00681	19.1.8	Protein homeostasis.protein quality control.smallHsp holdase chaperone activities
VIT_18s0089g01270	Vitvi18g02423	19.1.8	Protein homeostasis.protein quality control.smallHsp holdase chaperone activities
VIT_06s0004g05770	Vitvi06g00561	19.1.8.1	Protein homeostasis.protein quality control.smallHsp holdase chaperone activities.class-C-I protein
VIT_08s0058g00210	Vitvi08g00731	19.1.8.1	Protein homeostasis.protein quality control.smallHsp holdase chaperone activities.class-C-I protein
VIT_13s0019g02740	Vitvi13g02014	19.1.8.1	Protein homeostasis.protein quality control.smallHsp holdase chaperone activities.class-C-I protein
VIT_13s0019g02760	Vitvi13g02016	19.1.8.1	Protein homeostasis.protein quality control.smallHsp holdase chaperone activities.class-C-I protein
VIT_13s0019g02770	Vitvi13g02017	19.1.8.1	Protein homeostasis.protein quality control.smallHsp holdase chaperone activities.class-C-I protein
VIT_13s0019g02780	Vitvi13g02018	19.1.8.1	Protein homeostasis.protein quality control.smallHsp holdase chaperone activities.class-C-I protein
VIT_13s0019g02840	Vitvi13g00409	19.1.8.1	Protein homeostasis.protein quality control.smallHsp holdase chaperone activities.class-C-I protein
VIT_13s0019g02850	Vitvi13g00410	19.1.8.1	Protein homeostasis.protein quality control.smallHsp holdase chaperone activities.class-C-I protein
VIT_13s0019g02930	Vitvi13g02024	19.1.8.1	Protein homeostasis.protein quality control.smallHsp holdase chaperone activities.class-C-I protein
VIT_13s0019g03000	Vitvi13g00451	19.1.8.1	Protein homeostasis.protein quality control.smallHsp holdase chaperone activities.class-C-I protein
VIT_13s0019g03090	Vitvi13g00471	19.1.8.1	Protein homeostasis.protein quality control.smallHsp holdase chaperone activities.class-C-I protein
VIT_13s0019g03160	Vitvi13g00490	19.1.8.1	Protein homeostasis.protein quality control.smallHsp holdase chaperone activities.class-C-I protein
VIT_13s0019g00860	Vitvi13g00278	19.1.8.10	Protein homeostasis.protein quality control.smallHsp holdase chaperone activities.class-PX protein
VIT_12s0035g01910	Vitvi12g02138	19.1.8.12	Protein homeostasis.protein quality control.smallHsp holdase chaperone activities.class-ER protein
VIT_18s0089g01270	Vitvi18g02423	19.1.8.12	Protein homeostasis.protein quality control.smallHsp holdase chaperone activities.class-ER protein
VIT_04s0008g01490	Vitvi04g01792	19.1.8.2	Protein homeostasis.protein quality control.smallHsp holdase chaperone activities.class-C-II protein
VIT_04s0008g01500	Vitvi04g01793	19.1.8.2	Protein homeostasis.protein quality control.smallHsp holdase chaperone activities.class-C-II protein
VIT_04s0008g01520	Vitvi04g01795	19.1.8.2	Protein homeostasis.protein quality control.smallHsp holdase chaperone activities.class-C-II protein
VIT_04s0008g01570	Vitvi04g01801	19.1.8.2	Protein homeostasis.protein quality control.smallHsp holdase chaperone activities.class-C-II protein
VIT_04s0008g01580	Vitvi04g01802	19.1.8.2	Protein homeostasis.protein quality control.smallHsp holdase chaperone activities.class-C-II protein
VIT_04s0008g01590	Vitvi04g00135	19.1.8.2	Protein homeostasis.protein quality control.smallHsp holdase chaperone activities.class-C-II protein
VIT_04s0008g01610	Vitvi04g00136	19.1.8.2	Protein homeostasis.protein quality control.smallHsp holdase chaperone activities.class-C-II protein
VIT_09s0002g00640	Vitvi09g00045	19.1.8.3	Protein homeostasis.protein quality control.smallHsp holdase chaperone activities.class-C-III protein
VIT_02s0154g00480	Vitvi02g01446	19.1.8.8	Protein homeostasis.protein quality control.smallHsp holdase chaperone activities.class-M-I protein
VIT_16s0022g00510	Vitvi16g00681	19.1.8.8	Protein homeostasis.protein quality control.smallHsp holdase chaperone activities.class-M-I protein
VIT_00s0445g00060	Vitvi10g00421	19.2	Protein homeostasis.ubiquitin-proteasome system
VIT_01s0010g01390	Vitvi01g01404	19.2	Protein homeostasis.ubiquitin-proteasome system
VIT_01s0011g05810	Vitvi01g00499	19.2	Protein homeostasis.ubiquitin-proteasome system
VIT_01s0026g00300	Vitvi01g00796	19.2	Protein homeostasis.ubiquitin-proteasome system
VIT_02s0025g01050	Vitvi02g00092	19.2	Protein homeostasis.ubiquitin-proteasome system
VIT_03s0038g00270	Vitvi03g00987	19.2	Protein homeostasis.ubiquitin-proteasome system
VIT_04s0043g00840	Vitvi04g01044	19.2	Protein homeostasis.ubiquitin-proteasome system
VIT_05s0094g00470	Vitvi05g01596	19.2	Protein homeostasis.ubiquitin-proteasome system
VIT_07s0129g00210	Vitvi07g01598	19.2	Protein homeostasis.ubiquitin-proteasome system
VIT_08s0040g01950	Vitvi08g01043	19.2	Protein homeostasis.ubiquitin-proteasome system
VIT_08s0056g01300	Vitvi08g00117	19.2	Protein homeostasis.ubiquitin-proteasome system
VIT_09s0018g01220	Vitvi09g01233	19.2	Protein homeostasis.ubiquitin-proteasome system
VIT_12s0028g02530	Vitvi12g00220	19.2	Protein homeostasis.ubiquitin-proteasome system
VIT_12s0028g03860	Vitvi12g00320	19.2	Protein homeostasis.ubiquitin-proteasome system
VIT_13s0074g00470	Vitvi13g00749	19.2	Protein homeostasis.ubiquitin-proteasome system
VIT_14s0108g00090	Vitvi14g01906	19.2	Protein homeostasis.ubiquitin-proteasome system
VIT_18s0001g01060	Vitvi18g00181	19.2	Protein homeostasis.ubiquitin-proteasome system
VIT_18s0001g06220	Vitvi18g00435	19.2	Protein homeostasis.ubiquitin-proteasome system
VIT_18s0072g00820	Vitvi18g02993	19.2	Protein homeostasis.ubiquitin-proteasome system
VIT_19s0014g03900	Vitvi19g00313	19.2	Protein homeostasis.ubiquitin-proteasome system
VIT_19s0015g01000	Vitvi19g00728	19.2	Protein homeostasis.ubiquitin-proteasome system
VIT_00s0445g00060	Vitvi10g00421	19.2.1	Protein homeostasis.ubiquitin-proteasome system.N-degron pathways
VIT_08s0056g01300	Vitvi08g00117	19.2.1	Protein homeostasis.ubiquitin-proteasome system.N-degron pathways
VIT_14s0108g00090	Vitvi14g01906	19.2.1	Protein homeostasis.ubiquitin-proteasome system.N-degron pathways
VIT_08s0056g01300	Vitvi08g00117	19.2.1.2	Protein homeostasis.ubiquitin-proteasome system.N-degron pathways.Arg/N-degron pathway
VIT_14s0108g00090	Vitvi14g01906	19.2.1.2	Protein homeostasis.ubiquitin-proteasome system.N-degron pathways.Arg/N-degron pathway
VIT_08s0056g01300	Vitvi08g00117	19.2.1.2.1	Protein homeostasis.ubiquitin-proteasome system.N-degron pathways.Arg/N-degron pathway.N-terminal modification
VIT_14s0108g00090	Vitvi14g01906	19.2.1.2.1	Protein homeostasis.ubiquitin-proteasome system.N-degron pathways.Arg/N-degron pathway.N-terminal modification
VIT_08s0056g01300	Vitvi08g00117	19.2.1.2.1.1	Protein homeostasis.ubiquitin-proteasome system.N-degron pathways.Arg/N-degron pathway.N-terminal modification.cysteine oxidase (PCO)
VIT_14s0108g00090	Vitvi14g01906	19.2.1.2.1.1	Protein homeostasis.ubiquitin-proteasome system.N-degron pathways.Arg/N-degron pathway.N-terminal modification.cysteine oxidase (PCO)
VIT_00s0445g00060	Vitvi10g00421	19.2.1.3	Protein homeostasis.ubiquitin-proteasome system.N-degron pathways.Pro/N-degron pathway
VIT_00s0445g00060	Vitvi10g00421	19.2.1.3.1	Protein homeostasis.ubiquitin-proteasome system.N-degron pathways.Pro/N-degron pathway.ubiquitin protein ligase complex
VIT_00s0445g00060	Vitvi10g00421	19.2.1.3.1.5	Protein homeostasis.ubiquitin-proteasome system.N-degron pathways.Pro/N-degron pathway.ubiquitin protein ligase complex.component GID8
VIT_01s0010g01390	Vitvi01g01404	19.2.2	Protein homeostasis.ubiquitin-proteasome system.ubiquitin-fold protein conjugation
VIT_01s0011g05810	Vitvi01g00499	19.2.2	Protein homeostasis.ubiquitin-proteasome system.ubiquitin-fold protein conjugation
VIT_01s0026g00300	Vitvi01g00796	19.2.2	Protein homeostasis.ubiquitin-proteasome system.ubiquitin-fold protein conjugation
VIT_02s0025g01050	Vitvi02g00092	19.2.2	Protein homeostasis.ubiquitin-proteasome system.ubiquitin-fold protein conjugation
VIT_03s0038g00270	Vitvi03g00987	19.2.2	Protein homeostasis.ubiquitin-proteasome system.ubiquitin-fold protein conjugation
VIT_04s0043g00840	Vitvi04g01044	19.2.2	Protein homeostasis.ubiquitin-proteasome system.ubiquitin-fold protein conjugation
VIT_05s0094g00470	Vitvi05g01596	19.2.2	Protein homeostasis.ubiquitin-proteasome system.ubiquitin-fold protein conjugation
VIT_07s0129g00210	Vitvi07g01598	19.2.2	Protein homeostasis.ubiquitin-proteasome system.ubiquitin-fold protein conjugation
VIT_08s0040g01950	Vitvi08g01043	19.2.2	Protein homeostasis.ubiquitin-proteasome system.ubiquitin-fold protein conjugation
VIT_09s0018g01220	Vitvi09g01233	19.2.2	Protein homeostasis.ubiquitin-proteasome system.ubiquitin-fold protein conjugation
VIT_12s0028g02530	Vitvi12g00220	19.2.2	Protein homeostasis.ubiquitin-proteasome system.ubiquitin-fold protein conjugation
VIT_12s0028g03860	Vitvi12g00320	19.2.2	Protein homeostasis.ubiquitin-proteasome system.ubiquitin-fold protein conjugation
VIT_18s0001g01060	Vitvi18g00181	19.2.2	Protein homeostasis.ubiquitin-proteasome system.ubiquitin-fold protein conjugation
VIT_18s0001g06220	Vitvi18g00435	19.2.2	Protein homeostasis.ubiquitin-proteasome system.ubiquitin-fold protein conjugation
VIT_18s0072g00820	Vitvi18g02993	19.2.2	Protein homeostasis.ubiquitin-proteasome system.ubiquitin-fold protein conjugation
VIT_19s0015g01000	Vitvi19g00728	19.2.2	Protein homeostasis.ubiquitin-proteasome system.ubiquitin-fold protein conjugation
VIT_01s0026g00300	Vitvi01g00796	19.2.2.1	Protein homeostasis.ubiquitin-proteasome system.ubiquitin-fold protein conjugation.ubiquitin conjugation (ubiquitylation)
VIT_04s0043g00840	Vitvi04g01044	19.2.2.1	Protein homeostasis.ubiquitin-proteasome system.ubiquitin-fold protein conjugation.ubiquitin conjugation (ubiquitylation)
VIT_05s0094g00470	Vitvi05g01596	19.2.2.1	Protein homeostasis.ubiquitin-proteasome system.ubiquitin-fold protein conjugation.ubiquitin conjugation (ubiquitylation)
VIT_08s0040g01950	Vitvi08g01043	19.2.2.1	Protein homeostasis.ubiquitin-proteasome system.ubiquitin-fold protein conjugation.ubiquitin conjugation (ubiquitylation)
VIT_09s0018g01220	Vitvi09g01233	19.2.2.1	Protein homeostasis.ubiquitin-proteasome system.ubiquitin-fold protein conjugation.ubiquitin conjugation (ubiquitylation)
VIT_12s0028g02530	Vitvi12g00220	19.2.2.1	Protein homeostasis.ubiquitin-proteasome system.ubiquitin-fold protein conjugation.ubiquitin conjugation (ubiquitylation)
VIT_12s0028g03860	Vitvi12g00320	19.2.2.1	Protein homeostasis.ubiquitin-proteasome system.ubiquitin-fold protein conjugation.ubiquitin conjugation (ubiquitylation)
VIT_18s0001g01060	Vitvi18g00181	19.2.2.1	Protein homeostasis.ubiquitin-proteasome system.ubiquitin-fold protein conjugation.ubiquitin conjugation (ubiquitylation)
VIT_19s0015g01000	Vitvi19g00728	19.2.2.1	Protein homeostasis.ubiquitin-proteasome system.ubiquitin-fold protein conjugation.ubiquitin conjugation (ubiquitylation)
VIT_01s0026g00300	Vitvi01g00796	19.2.2.1.5	Protein homeostasis.ubiquitin-proteasome system.ubiquitin-fold protein conjugation.ubiquitin conjugation (ubiquitylation).ubiquitin-ligase E3 activities
VIT_04s0043g00840	Vitvi04g01044	19.2.2.1.5	Protein homeostasis.ubiquitin-proteasome system.ubiquitin-fold protein conjugation.ubiquitin conjugation (ubiquitylation).ubiquitin-ligase E3 activities
VIT_05s0094g00470	Vitvi05g01596	19.2.2.1.5	Protein homeostasis.ubiquitin-proteasome system.ubiquitin-fold protein conjugation.ubiquitin conjugation (ubiquitylation).ubiquitin-ligase E3 activities
VIT_08s0040g01950	Vitvi08g01043	19.2.2.1.5	Protein homeostasis.ubiquitin-proteasome system.ubiquitin-fold protein conjugation.ubiquitin conjugation (ubiquitylation).ubiquitin-ligase E3 activities
VIT_09s0018g01220	Vitvi09g01233	19.2.2.1.5	Protein homeostasis.ubiquitin-proteasome system.ubiquitin-fold protein conjugation.ubiquitin conjugation (ubiquitylation).ubiquitin-ligase E3 activities
VIT_12s0028g02530	Vitvi12g00220	19.2.2.1.5	Protein homeostasis.ubiquitin-proteasome system.ubiquitin-fold protein conjugation.ubiquitin conjugation (ubiquitylation).ubiquitin-ligase E3 activities
VIT_12s0028g03860	Vitvi12g00320	19.2.2.1.5	Protein homeostasis.ubiquitin-proteasome system.ubiquitin-fold protein conjugation.ubiquitin conjugation (ubiquitylation).ubiquitin-ligase E3 activities
VIT_18s0001g01060	Vitvi18g00181	19.2.2.1.5	Protein homeostasis.ubiquitin-proteasome system.ubiquitin-fold protein conjugation.ubiquitin conjugation (ubiquitylation).ubiquitin-ligase E3 activities
VIT_19s0015g01000	Vitvi19g00728	19.2.2.1.5	Protein homeostasis.ubiquitin-proteasome system.ubiquitin-fold protein conjugation.ubiquitin conjugation (ubiquitylation).ubiquitin-ligase E3 activities
VIT_04s0043g00840	Vitvi04g01044	19.2.2.1.5.2	Protein homeostasis.ubiquitin-proteasome system.ubiquitin-fold protein conjugation.ubiquitin conjugation (ubiquitylation).ubiquitin-ligase E3 activities.U-Box E3 ligase activities
VIT_04s0043g00840	Vitvi04g01044	19.2.2.1.5.2.1	Protein homeostasis.ubiquitin-proteasome system.ubiquitin-fold protein conjugation.ubiquitin conjugation (ubiquitylation).ubiquitin-ligase E3 activities.U-Box E3 ligase activities.E3 ubiquitin ligase (PUB)
VIT_01s0026g00300	Vitvi01g00796	19.2.2.1.5.3	Protein homeostasis.ubiquitin-proteasome system.ubiquitin-fold protein conjugation.ubiquitin conjugation (ubiquitylation).ubiquitin-ligase E3 activities.RING-domain E3 ligase activities
VIT_05s0094g00470	Vitvi05g01596	19.2.2.1.5.3	Protein homeostasis.ubiquitin-proteasome system.ubiquitin-fold protein conjugation.ubiquitin conjugation (ubiquitylation).ubiquitin-ligase E3 activities.RING-domain E3 ligase activities
VIT_08s0040g01950	Vitvi08g01043	19.2.2.1.5.3	Protein homeostasis.ubiquitin-proteasome system.ubiquitin-fold protein conjugation.ubiquitin conjugation (ubiquitylation).ubiquitin-ligase E3 activities.RING-domain E3 ligase activities
VIT_12s0028g02530	Vitvi12g00220	19.2.2.1.5.3	Protein homeostasis.ubiquitin-proteasome system.ubiquitin-fold protein conjugation.ubiquitin conjugation (ubiquitylation).ubiquitin-ligase E3 activities.RING-domain E3 ligase activities
VIT_12s0028g03860	Vitvi12g00320	19.2.2.1.5.3	Protein homeostasis.ubiquitin-proteasome system.ubiquitin-fold protein conjugation.ubiquitin conjugation (ubiquitylation).ubiquitin-ligase E3 activities.RING-domain E3 ligase activities
VIT_18s0001g01060	Vitvi18g00181	19.2.2.1.5.3	Protein homeostasis.ubiquitin-proteasome system.ubiquitin-fold protein conjugation.ubiquitin conjugation (ubiquitylation).ubiquitin-ligase E3 activities.RING-domain E3 ligase activities
VIT_19s0015g01000	Vitvi19g00728	19.2.2.1.5.3	Protein homeostasis.ubiquitin-proteasome system.ubiquitin-fold protein conjugation.ubiquitin conjugation (ubiquitylation).ubiquitin-ligase E3 activities.RING-domain E3 ligase activities
VIT_12s0028g03860	Vitvi12g00320	19.2.2.1.5.3.2	Protein homeostasis.ubiquitin-proteasome system.ubiquitin-fold protein conjugation.ubiquitin conjugation (ubiquitylation).ubiquitin-ligase E3 activities.RING-domain E3 ligase activities.RING-HC-class E3 ligase
VIT_01s0026g00300	Vitvi01g00796	19.2.2.1.5.3.3	Protein homeostasis.ubiquitin-proteasome system.ubiquitin-fold protein conjugation.ubiquitin conjugation (ubiquitylation).ubiquitin-ligase E3 activities.RING-domain E3 ligase activities.RING-H2-class E3 ligase
VIT_12s0028g02530	Vitvi12g00220	19.2.2.1.5.3.3	Protein homeostasis.ubiquitin-proteasome system.ubiquitin-fold protein conjugation.ubiquitin conjugation (ubiquitylation).ubiquitin-ligase E3 activities.RING-domain E3 ligase activities.RING-H2-class E3 ligase
VIT_18s0001g01060	Vitvi18g00181	19.2.2.1.5.3.3	Protein homeostasis.ubiquitin-proteasome system.ubiquitin-fold protein conjugation.ubiquitin conjugation (ubiquitylation).ubiquitin-ligase E3 activities.RING-domain E3 ligase activities.RING-H2-class E3 ligase
VIT_19s0015g01000	Vitvi19g00728	19.2.2.1.5.3.3	Protein homeostasis.ubiquitin-proteasome system.ubiquitin-fold protein conjugation.ubiquitin conjugation (ubiquitylation).ubiquitin-ligase E3 activities.RING-domain E3 ligase activities.RING-H2-class E3 ligase
VIT_05s0094g00470	Vitvi05g01596	19.2.2.1.5.3.4	Protein homeostasis.ubiquitin-proteasome system.ubiquitin-fold protein conjugation.ubiquitin conjugation (ubiquitylation).ubiquitin-ligase E3 activities.RING-domain E3 ligase activities.RING-v-class E3 ligase
VIT_08s0040g01950	Vitvi08g01043	19.2.2.1.5.3.4	Protein homeostasis.ubiquitin-proteasome system.ubiquitin-fold protein conjugation.ubiquitin conjugation (ubiquitylation).ubiquitin-ligase E3 activities.RING-domain E3 ligase activities.RING-v-class E3 ligase
VIT_09s0018g01220	Vitvi09g01233	19.2.2.1.5.4	Protein homeostasis.ubiquitin-proteasome system.ubiquitin-fold protein conjugation.ubiquitin conjugation (ubiquitylation).ubiquitin-ligase E3 activities.RBR-type E3 ligase activities
VIT_09s0018g01220	Vitvi09g01233	19.2.2.1.5.4.4	Protein homeostasis.ubiquitin-proteasome system.ubiquitin-fold protein conjugation.ubiquitin conjugation (ubiquitylation).ubiquitin-ligase E3 activities.RBR-type E3 ligase activities.plant-specific E3 ubiquitin ligase (RSL/RFA)
VIT_02s0025g01050	Vitvi02g00092	19.2.2.5	Protein homeostasis.ubiquitin-proteasome system.ubiquitin-fold protein conjugation.MUB conjugation
VIT_02s0025g01050	Vitvi02g00092	19.2.2.5.2	Protein homeostasis.ubiquitin-proteasome system.ubiquitin-fold protein conjugation.MUB conjugation.conjugation E2 protein
VIT_01s0010g01390	Vitvi01g01404	19.2.2.8	Protein homeostasis.ubiquitin-proteasome system.ubiquitin-fold protein conjugation.Cullin-based ubiquitylation complexes
VIT_01s0011g05810	Vitvi01g00499	19.2.2.8	Protein homeostasis.ubiquitin-proteasome system.ubiquitin-fold protein conjugation.Cullin-based ubiquitylation complexes
VIT_03s0038g00270	Vitvi03g00987	19.2.2.8	Protein homeostasis.ubiquitin-proteasome system.ubiquitin-fold protein conjugation.Cullin-based ubiquitylation complexes
VIT_07s0129g00210	Vitvi07g01598	19.2.2.8	Protein homeostasis.ubiquitin-proteasome system.ubiquitin-fold protein conjugation.Cullin-based ubiquitylation complexes
VIT_18s0001g06220	Vitvi18g00435	19.2.2.8	Protein homeostasis.ubiquitin-proteasome system.ubiquitin-fold protein conjugation.Cullin-based ubiquitylation complexes
VIT_18s0072g00820	Vitvi18g02993	19.2.2.8	Protein homeostasis.ubiquitin-proteasome system.ubiquitin-fold protein conjugation.Cullin-based ubiquitylation complexes
VIT_01s0011g05810	Vitvi01g00499	19.2.2.8.1	Protein homeostasis.ubiquitin-proteasome system.ubiquitin-fold protein conjugation.Cullin-based ubiquitylation complexes.SKP1-CUL1-FBX (SCF) E3 ligase complexes
VIT_18s0001g06220	Vitvi18g00435	19.2.2.8.1	Protein homeostasis.ubiquitin-proteasome system.ubiquitin-fold protein conjugation.Cullin-based ubiquitylation complexes.SKP1-CUL1-FBX (SCF) E3 ligase complexes
VIT_18s0072g00820	Vitvi18g02993	19.2.2.8.1	Protein homeostasis.ubiquitin-proteasome system.ubiquitin-fold protein conjugation.Cullin-based ubiquitylation complexes.SKP1-CUL1-FBX (SCF) E3 ligase complexes
VIT_01s0011g05810	Vitvi01g00499	19.2.2.8.1.4	Protein homeostasis.ubiquitin-proteasome system.ubiquitin-fold protein conjugation.Cullin-based ubiquitylation complexes.SKP1-CUL1-FBX (SCF) E3 ligase complexes.F-BOX substrate adaptor components
VIT_18s0001g06220	Vitvi18g00435	19.2.2.8.1.4	Protein homeostasis.ubiquitin-proteasome system.ubiquitin-fold protein conjugation.Cullin-based ubiquitylation complexes.SKP1-CUL1-FBX (SCF) E3 ligase complexes.F-BOX substrate adaptor components
VIT_18s0072g00820	Vitvi18g02993	19.2.2.8.1.4	Protein homeostasis.ubiquitin-proteasome system.ubiquitin-fold protein conjugation.Cullin-based ubiquitylation complexes.SKP1-CUL1-FBX (SCF) E3 ligase complexes.F-BOX substrate adaptor components
VIT_01s0011g05810	Vitvi01g00499	19.2.2.8.1.4.4	Protein homeostasis.ubiquitin-proteasome system.ubiquitin-fold protein conjugation.Cullin-based ubiquitylation complexes.SKP1-CUL1-FBX (SCF) E3 ligase complexes.F-BOX substrate adaptor components.component ADO
VIT_18s0001g06220	Vitvi18g00435	19.2.2.8.1.4.6	Protein homeostasis.ubiquitin-proteasome system.ubiquitin-fold protein conjugation.Cullin-based ubiquitylation complexes.SKP1-CUL1-FBX (SCF) E3 ligase complexes.F-BOX substrate adaptor components.component FBX
VIT_18s0072g00820	Vitvi18g02993	19.2.2.8.1.4.6	Protein homeostasis.ubiquitin-proteasome system.ubiquitin-fold protein conjugation.Cullin-based ubiquitylation complexes.SKP1-CUL1-FBX (SCF) E3 ligase complexes.F-BOX substrate adaptor components.component FBX
VIT_01s0010g01390	Vitvi01g01404	19.2.2.8.2	Protein homeostasis.ubiquitin-proteasome system.ubiquitin-fold protein conjugation.Cullin-based ubiquitylation complexes.CUL3-BTB E3 ligase complexes
VIT_03s0038g00270	Vitvi03g00987	19.2.2.8.2	Protein homeostasis.ubiquitin-proteasome system.ubiquitin-fold protein conjugation.Cullin-based ubiquitylation complexes.CUL3-BTB E3 ligase complexes
VIT_07s0129g00210	Vitvi07g01598	19.2.2.8.2	Protein homeostasis.ubiquitin-proteasome system.ubiquitin-fold protein conjugation.Cullin-based ubiquitylation complexes.CUL3-BTB E3 ligase complexes
VIT_01s0010g01390	Vitvi01g01404	19.2.2.8.2.2	Protein homeostasis.ubiquitin-proteasome system.ubiquitin-fold protein conjugation.Cullin-based ubiquitylation complexes.CUL3-BTB E3 ligase complexes.BTB/POZ substrate adaptor components
VIT_03s0038g00270	Vitvi03g00987	19.2.2.8.2.2	Protein homeostasis.ubiquitin-proteasome system.ubiquitin-fold protein conjugation.Cullin-based ubiquitylation complexes.CUL3-BTB E3 ligase complexes.BTB/POZ substrate adaptor components
VIT_07s0129g00210	Vitvi07g01598	19.2.2.8.2.2	Protein homeostasis.ubiquitin-proteasome system.ubiquitin-fold protein conjugation.Cullin-based ubiquitylation complexes.CUL3-BTB E3 ligase complexes.BTB/POZ substrate adaptor components
VIT_03s0038g00270	Vitvi03g00987	19.2.2.8.2.2.1	Protein homeostasis.ubiquitin-proteasome system.ubiquitin-fold protein conjugation.Cullin-based ubiquitylation complexes.CUL3-BTB E3 ligase complexes.BTB/POZ substrate adaptor components.component NPH3
VIT_07s0129g00210	Vitvi07g01598	19.2.2.8.2.2.4	Protein homeostasis.ubiquitin-proteasome system.ubiquitin-fold protein conjugation.Cullin-based ubiquitylation complexes.CUL3-BTB E3 ligase complexes.BTB/POZ substrate adaptor components.component BT
VIT_01s0010g01390	Vitvi01g01404	19.2.2.8.2.2.5	Protein homeostasis.ubiquitin-proteasome system.ubiquitin-fold protein conjugation.Cullin-based ubiquitylation complexes.CUL3-BTB E3 ligase complexes.BTB/POZ substrate adaptor components.component BPH1
VIT_13s0074g00470	Vitvi13g00749	19.2.3	Protein homeostasis.ubiquitin-proteasome system.ubiquitin-fold protein deconjugation
VIT_19s0014g03900	Vitvi19g00313	19.2.3	Protein homeostasis.ubiquitin-proteasome system.ubiquitin-fold protein deconjugation
VIT_13s0074g00470	Vitvi13g00749	19.2.3.1	Protein homeostasis.ubiquitin-proteasome system.ubiquitin-fold protein deconjugation.ubiquitin deconjugation
VIT_19s0014g03900	Vitvi19g00313	19.2.3.1	Protein homeostasis.ubiquitin-proteasome system.ubiquitin-fold protein deconjugation.ubiquitin deconjugation
VIT_19s0014g03900	Vitvi19g00313	19.2.3.1.1	Protein homeostasis.ubiquitin-proteasome system.ubiquitin-fold protein deconjugation.ubiquitin deconjugation.UBP deubiquitinase activities
VIT_19s0014g03900	Vitvi19g00313	19.2.3.1.1.6	Protein homeostasis.ubiquitin-proteasome system.ubiquitin-fold protein deconjugation.ubiquitin deconjugation.UBP deubiquitinase activities.deubiquitinase (UBP14)
VIT_13s0074g00470	Vitvi13g00749	19.2.3.1.2	Protein homeostasis.ubiquitin-proteasome system.ubiquitin-fold protein deconjugation.ubiquitin deconjugation.OTU deubiquitinase activities
VIT_13s0074g00470	Vitvi13g00749	19.2.3.1.2.3	Protein homeostasis.ubiquitin-proteasome system.ubiquitin-fold protein deconjugation.ubiquitin deconjugation.OTU deubiquitinase activities.deubiquitinase (OTU3-4)
VIT_07s0005g00140	Vitvi07g00298	19.3	Protein homeostasis.autophagy
VIT_07s0005g00140	Vitvi07g00298	19.3.4	Protein homeostasis.autophagy.autophagic cargo receptor activities
VIT_07s0005g00140	Vitvi07g00298	19.3.4.1	Protein homeostasis.autophagy.autophagic cargo receptor activities.adapter protein (TSPO)
VIT_00s0323g00100	Vitvi02g00505	19.4	Protein homeostasis.proteolysis
VIT_00s1206g00010	Vitvi10g00294	19.4	Protein homeostasis.proteolysis
VIT_01s0011g02000	Vitvi01g00158	19.4	Protein homeostasis.proteolysis
VIT_01s0011g02030	Vitvi01g00160	19.4	Protein homeostasis.proteolysis
VIT_01s0011g02930	Vitvi01g00230	19.4	Protein homeostasis.proteolysis
VIT_01s0011g03210	Vitvi01g00258	19.4	Protein homeostasis.proteolysis
VIT_02s0025g04130	Vitvi02g00382	19.4	Protein homeostasis.proteolysis
VIT_03s0038g02230	Vitvi03g00130	19.4	Protein homeostasis.proteolysis
VIT_03s0088g00050	Vitvi03g00699	19.4	Protein homeostasis.proteolysis
VIT_03s0091g01240	Vitvi03g00692	19.4	Protein homeostasis.proteolysis
VIT_03s0091g01290	Vitvi03g01621	19.4	Protein homeostasis.proteolysis
VIT_05s0077g00560	Vitvi05g00160	19.4	Protein homeostasis.proteolysis
VIT_07s0129g00490	Vitvi07g01627	19.4	Protein homeostasis.proteolysis
VIT_07s0141g00520	Vitvi07g01160	19.4	Protein homeostasis.proteolysis
VIT_08s0007g00470	Vitvi08g01209	19.4	Protein homeostasis.proteolysis
VIT_08s0007g02440	Vitvi08g01380	19.4	Protein homeostasis.proteolysis
VIT_08s0007g02470	Vitvi08g01384	19.4	Protein homeostasis.proteolysis
VIT_08s0040g01130	Vitvi08g02128	19.4	Protein homeostasis.proteolysis
VIT_09s0002g08960	Vitvi09g00817	19.4	Protein homeostasis.proteolysis
VIT_09s0018g01670	Vitvi09g01272	19.4	Protein homeostasis.proteolysis
VIT_11s0016g00960	Vitvi11g00071	19.4	Protein homeostasis.proteolysis
VIT_11s0016g03010	Vitvi11g00255	19.4	Protein homeostasis.proteolysis
VIT_11s0103g00550	Vitvi11g01134	19.4	Protein homeostasis.proteolysis
VIT_11s0206g00110	Vitvi11g00657	19.4	Protein homeostasis.proteolysis
VIT_13s0019g05120	Vitvi13g00688	19.4	Protein homeostasis.proteolysis
VIT_13s0084g00820	Vitvi13g01337	19.4	Protein homeostasis.proteolysis
VIT_13s0158g00080	Vitvi13g01633	19.4	Protein homeostasis.proteolysis
VIT_14s0006g00180	Vitvi14g00772	19.4	Protein homeostasis.proteolysis
VIT_14s0006g03260	Vitvi14g01228	19.4	Protein homeostasis.proteolysis
VIT_14s0128g00200	Vitvi14g00269	19.4	Protein homeostasis.proteolysis
VIT_14s0128g00210	Vitvi14g00268	19.4	Protein homeostasis.proteolysis
VIT_15s0046g00360	Vitvi15g00952	19.4	Protein homeostasis.proteolysis
VIT_16s0022g02200	Vitvi16g00878	19.4	Protein homeostasis.proteolysis
VIT_17s0000g03990	Vitvi17g00350	19.4	Protein homeostasis.proteolysis
VIT_17s0000g09770	Vitvi17g00973	19.4	Protein homeostasis.proteolysis
VIT_18s0001g02570	Vitvi18g00262	19.4	Protein homeostasis.proteolysis
VIT_18s0001g04790	Vitvi18g00360	19.4	Protein homeostasis.proteolysis
VIT_18s0001g07340	Vitvi18g00510	19.4	Protein homeostasis.proteolysis
VIT_18s0001g09360	Vitvi18g00683	19.4	Protein homeostasis.proteolysis
VIT_19s0085g01110	Vitvi19g01767	19.4	Protein homeostasis.proteolysis
VIT_19s0090g00830	Vitvi19g00529	19.4	Protein homeostasis.proteolysis
VIT_00s0323g00100	Vitvi02g00505	19.4.1	Protein homeostasis.proteolysis.cysteine-type peptidase activities
VIT_09s0002g08960	Vitvi09g00817	19.4.1	Protein homeostasis.proteolysis.cysteine-type peptidase activities
VIT_13s0019g05120	Vitvi13g00688	19.4.1	Protein homeostasis.proteolysis.cysteine-type peptidase activities
VIT_17s0000g09770	Vitvi17g00973	19.4.1	Protein homeostasis.proteolysis.cysteine-type peptidase activities
VIT_13s0019g05120	Vitvi13g00688	19.4.1.1	Protein homeostasis.proteolysis.cysteine-type peptidase activities.C1-class protease (Papain)
VIT_17s0000g09770	Vitvi17g00973	19.4.1.1	Protein homeostasis.proteolysis.cysteine-type peptidase activities.C1-class protease (Papain)
VIT_00s0323g00100	Vitvi02g00505	19.4.1.3	Protein homeostasis.proteolysis.cysteine-type peptidase activities.C13-class asparaginyl endopeptidase (Legumain)
VIT_09s0002g08960	Vitvi09g00817	19.4.1.7	Protein homeostasis.proteolysis.cysteine-type peptidase activities.C97-class peptidase (PPPDE)
VIT_01s0011g02000	Vitvi01g00158	19.4.2	Protein homeostasis.proteolysis.serine-type peptidase activities
VIT_01s0011g02030	Vitvi01g00160	19.4.2	Protein homeostasis.proteolysis.serine-type peptidase activities
VIT_02s0025g04130	Vitvi02g00382	19.4.2	Protein homeostasis.proteolysis.serine-type peptidase activities
VIT_03s0038g02230	Vitvi03g00130	19.4.2	Protein homeostasis.proteolysis.serine-type peptidase activities
VIT_03s0088g00050	Vitvi03g00699	19.4.2	Protein homeostasis.proteolysis.serine-type peptidase activities
VIT_03s0091g01240	Vitvi03g00692	19.4.2	Protein homeostasis.proteolysis.serine-type peptidase activities
VIT_03s0091g01290	Vitvi03g01621	19.4.2	Protein homeostasis.proteolysis.serine-type peptidase activities
VIT_05s0077g00560	Vitvi05g00160	19.4.2	Protein homeostasis.proteolysis.serine-type peptidase activities
VIT_07s0129g00490	Vitvi07g01627	19.4.2	Protein homeostasis.proteolysis.serine-type peptidase activities
VIT_07s0141g00520	Vitvi07g01160	19.4.2	Protein homeostasis.proteolysis.serine-type peptidase activities
VIT_08s0007g00470	Vitvi08g01209	19.4.2	Protein homeostasis.proteolysis.serine-type peptidase activities
VIT_08s0040g01130	Vitvi08g02128	19.4.2	Protein homeostasis.proteolysis.serine-type peptidase activities
VIT_11s0016g00960	Vitvi11g00071	19.4.2	Protein homeostasis.proteolysis.serine-type peptidase activities
VIT_11s0103g00550	Vitvi11g01134	19.4.2	Protein homeostasis.proteolysis.serine-type peptidase activities
VIT_11s0206g00110	Vitvi11g00657	19.4.2	Protein homeostasis.proteolysis.serine-type peptidase activities
VIT_13s0158g00080	Vitvi13g01633	19.4.2	Protein homeostasis.proteolysis.serine-type peptidase activities
VIT_14s0006g03260	Vitvi14g01228	19.4.2	Protein homeostasis.proteolysis.serine-type peptidase activities
VIT_16s0022g02200	Vitvi16g00878	19.4.2	Protein homeostasis.proteolysis.serine-type peptidase activities
VIT_18s0001g09360	Vitvi18g00683	19.4.2	Protein homeostasis.proteolysis.serine-type peptidase activities
VIT_03s0038g02230	Vitvi03g00130	19.4.2.1	Protein homeostasis.proteolysis.serine-type peptidase activities.S8-class protease (subtilisin) families
VIT_07s0129g00490	Vitvi07g01627	19.4.2.1	Protein homeostasis.proteolysis.serine-type peptidase activities.S8-class protease (subtilisin) families
VIT_11s0016g00960	Vitvi11g00071	19.4.2.1	Protein homeostasis.proteolysis.serine-type peptidase activities.S8-class protease (subtilisin) families
VIT_11s0103g00550	Vitvi11g01134	19.4.2.1	Protein homeostasis.proteolysis.serine-type peptidase activities.S8-class protease (subtilisin) families
VIT_16s0022g02200	Vitvi16g00878	19.4.2.1	Protein homeostasis.proteolysis.serine-type peptidase activities.S8-class protease (subtilisin) families
VIT_18s0001g09360	Vitvi18g00683	19.4.2.1	Protein homeostasis.proteolysis.serine-type peptidase activities.S8-class protease (subtilisin) families
VIT_03s0038g02230	Vitvi03g00130	19.4.2.1.1	Protein homeostasis.proteolysis.serine-type peptidase activities.S8-class protease (subtilisin) families.protease (SBT1)
VIT_07s0129g00490	Vitvi07g01627	19.4.2.1.1	Protein homeostasis.proteolysis.serine-type peptidase activities.S8-class protease (subtilisin) families.protease (SBT1)
VIT_11s0016g00960	Vitvi11g00071	19.4.2.1.1	Protein homeostasis.proteolysis.serine-type peptidase activities.S8-class protease (subtilisin) families.protease (SBT1)
VIT_16s0022g02200	Vitvi16g00878	19.4.2.1.1	Protein homeostasis.proteolysis.serine-type peptidase activities.S8-class protease (subtilisin) families.protease (SBT1)
VIT_18s0001g09360	Vitvi18g00683	19.4.2.1.1	Protein homeostasis.proteolysis.serine-type peptidase activities.S8-class protease (subtilisin) families.protease (SBT1)
VIT_11s0103g00550	Vitvi11g01134	19.4.2.1.2	Protein homeostasis.proteolysis.serine-type peptidase activities.S8-class protease (subtilisin) families.protease (SBT2)
VIT_01s0011g02000	Vitvi01g00158	19.4.2.2	Protein homeostasis.proteolysis.serine-type peptidase activities.S10-class serine carboxypeptidase (SCPL)
VIT_01s0011g02030	Vitvi01g00160	19.4.2.2	Protein homeostasis.proteolysis.serine-type peptidase activities.S10-class serine carboxypeptidase (SCPL)
VIT_03s0088g00050	Vitvi03g00699	19.4.2.2	Protein homeostasis.proteolysis.serine-type peptidase activities.S10-class serine carboxypeptidase (SCPL)
VIT_03s0091g01240	Vitvi03g00692	19.4.2.2	Protein homeostasis.proteolysis.serine-type peptidase activities.S10-class serine carboxypeptidase (SCPL)
VIT_03s0091g01290	Vitvi03g01621	19.4.2.2	Protein homeostasis.proteolysis.serine-type peptidase activities.S10-class serine carboxypeptidase (SCPL)
VIT_05s0077g00560	Vitvi05g00160	19.4.2.2	Protein homeostasis.proteolysis.serine-type peptidase activities.S10-class serine carboxypeptidase (SCPL)
VIT_07s0141g00520	Vitvi07g01160	19.4.2.2	Protein homeostasis.proteolysis.serine-type peptidase activities.S10-class serine carboxypeptidase (SCPL)
VIT_08s0040g01130	Vitvi08g02128	19.4.2.2	Protein homeostasis.proteolysis.serine-type peptidase activities.S10-class serine carboxypeptidase (SCPL)
VIT_13s0158g00080	Vitvi13g01633	19.4.2.2	Protein homeostasis.proteolysis.serine-type peptidase activities.S10-class serine carboxypeptidase (SCPL)
VIT_02s0025g04130	Vitvi02g00382	19.4.2.6	Protein homeostasis.proteolysis.serine-type peptidase activities.S54-class protease (RBL))
VIT_08s0007g00470	Vitvi08g01209	19.4.2.6	Protein homeostasis.proteolysis.serine-type peptidase activities.S54-class protease (RBL))
VIT_14s0006g03260	Vitvi14g01228	19.4.2.6	Protein homeostasis.proteolysis.serine-type peptidase activities.S54-class protease (RBL))
VIT_11s0206g00110	Vitvi11g00657	19.4.2.7	Protein homeostasis.proteolysis.serine-type peptidase activities.S28-class serine carboxypeptidase
VIT_00s1206g00010	Vitvi10g00294	19.4.3	Protein homeostasis.proteolysis.aspartic-type peptidase activities
VIT_01s0011g02930	Vitvi01g00230	19.4.3	Protein homeostasis.proteolysis.aspartic-type peptidase activities
VIT_01s0011g03210	Vitvi01g00258	19.4.3	Protein homeostasis.proteolysis.aspartic-type peptidase activities
VIT_08s0007g02440	Vitvi08g01380	19.4.3	Protein homeostasis.proteolysis.aspartic-type peptidase activities
VIT_08s0007g02470	Vitvi08g01384	19.4.3	Protein homeostasis.proteolysis.aspartic-type peptidase activities
VIT_09s0018g01670	Vitvi09g01272	19.4.3	Protein homeostasis.proteolysis.aspartic-type peptidase activities
VIT_13s0084g00820	Vitvi13g01337	19.4.3	Protein homeostasis.proteolysis.aspartic-type peptidase activities
VIT_14s0006g00180	Vitvi14g00772	19.4.3	Protein homeostasis.proteolysis.aspartic-type peptidase activities
VIT_14s0128g00200	Vitvi14g00269	19.4.3	Protein homeostasis.proteolysis.aspartic-type peptidase activities
VIT_14s0128g00210	Vitvi14g00268	19.4.3	Protein homeostasis.proteolysis.aspartic-type peptidase activities
VIT_15s0046g00360	Vitvi15g00952	19.4.3	Protein homeostasis.proteolysis.aspartic-type peptidase activities
VIT_17s0000g03990	Vitvi17g00350	19.4.3	Protein homeostasis.proteolysis.aspartic-type peptidase activities
VIT_18s0001g04790	Vitvi18g00360	19.4.3	Protein homeostasis.proteolysis.aspartic-type peptidase activities
VIT_18s0001g07340	Vitvi18g00510	19.4.3	Protein homeostasis.proteolysis.aspartic-type peptidase activities
VIT_19s0085g01110	Vitvi19g01767	19.4.3	Protein homeostasis.proteolysis.aspartic-type peptidase activities
VIT_19s0090g00830	Vitvi19g00529	19.4.3	Protein homeostasis.proteolysis.aspartic-type peptidase activities
VIT_00s1206g00010	Vitvi10g00294	19.4.3.1	Protein homeostasis.proteolysis.aspartic-type peptidase activities.A1-class protease (Pepsin)
VIT_01s0011g02930	Vitvi01g00230	19.4.3.1	Protein homeostasis.proteolysis.aspartic-type peptidase activities.A1-class protease (Pepsin)
VIT_01s0011g03210	Vitvi01g00258	19.4.3.1	Protein homeostasis.proteolysis.aspartic-type peptidase activities.A1-class protease (Pepsin)
VIT_08s0007g02440	Vitvi08g01380	19.4.3.1	Protein homeostasis.proteolysis.aspartic-type peptidase activities.A1-class protease (Pepsin)
VIT_08s0007g02470	Vitvi08g01384	19.4.3.1	Protein homeostasis.proteolysis.aspartic-type peptidase activities.A1-class protease (Pepsin)
VIT_09s0018g01670	Vitvi09g01272	19.4.3.1	Protein homeostasis.proteolysis.aspartic-type peptidase activities.A1-class protease (Pepsin)
VIT_13s0084g00820	Vitvi13g01337	19.4.3.1	Protein homeostasis.proteolysis.aspartic-type peptidase activities.A1-class protease (Pepsin)
VIT_14s0006g00180	Vitvi14g00772	19.4.3.1	Protein homeostasis.proteolysis.aspartic-type peptidase activities.A1-class protease (Pepsin)
VIT_14s0128g00200	Vitvi14g00269	19.4.3.1	Protein homeostasis.proteolysis.aspartic-type peptidase activities.A1-class protease (Pepsin)
VIT_14s0128g00210	Vitvi14g00268	19.4.3.1	Protein homeostasis.proteolysis.aspartic-type peptidase activities.A1-class protease (Pepsin)
VIT_15s0046g00360	Vitvi15g00952	19.4.3.1	Protein homeostasis.proteolysis.aspartic-type peptidase activities.A1-class protease (Pepsin)
VIT_17s0000g03990	Vitvi17g00350	19.4.3.1	Protein homeostasis.proteolysis.aspartic-type peptidase activities.A1-class protease (Pepsin)
VIT_18s0001g04790	Vitvi18g00360	19.4.3.1	Protein homeostasis.proteolysis.aspartic-type peptidase activities.A1-class protease (Pepsin)
VIT_18s0001g07340	Vitvi18g00510	19.4.3.1	Protein homeostasis.proteolysis.aspartic-type peptidase activities.A1-class protease (Pepsin)
VIT_19s0085g01110	Vitvi19g01767	19.4.3.1	Protein homeostasis.proteolysis.aspartic-type peptidase activities.A1-class protease (Pepsin)
VIT_19s0090g00830	Vitvi19g00529	19.4.3.1	Protein homeostasis.proteolysis.aspartic-type peptidase activities.A1-class protease (Pepsin)
VIT_11s0016g03010	Vitvi11g00255	19.4.5	Protein homeostasis.proteolysis.metallopeptidase activities
VIT_18s0001g02570	Vitvi18g00262	19.4.5	Protein homeostasis.proteolysis.metallopeptidase activities
VIT_18s0001g02570	Vitvi18g00262	19.4.5.6	Protein homeostasis.proteolysis.metallopeptidase activities.aminopeptidase activities
VIT_18s0001g02570	Vitvi18g00262	19.4.5.6.6	Protein homeostasis.proteolysis.metallopeptidase activities.aminopeptidase activities.M20-class IAA-amino acid hydrolase
VIT_11s0016g03010	Vitvi11g00255	19.4.5.7	Protein homeostasis.proteolysis.metallopeptidase activities.carboxypeptidase activities
VIT_11s0016g03010	Vitvi11g00255	19.4.5.7.3	Protein homeostasis.proteolysis.metallopeptidase activities.carboxypeptidase activities.M28-class carboxypeptidase
VIT_00s0301g00090	Vitvi10g00399	2	Cellular respiration
VIT_00s0873g00020	Vitvi00g00974	2	Cellular respiration
VIT_00s1311g00010	Vitvi07g02628	2	Cellular respiration
VIT_01s0010g02460	Vitvi01g01538	2	Cellular respiration
VIT_01s0146g00390	Vitvi01g01732	2	Cellular respiration
VIT_02s0033g01380	Vitvi02g01182	2	Cellular respiration
VIT_02s0033g01400	Vitvi02g01640	2	Cellular respiration
VIT_06s0004g00130	Vitvi06g00021	2	Cellular respiration
VIT_10s0071g01060	Vitvi10g01568	2	Cellular respiration
VIT_12s0057g00250	Vitvi12g00641	2	Cellular respiration
VIT_14s0060g00420	Vitvi14g00038	2	Cellular respiration
VIT_19s0014g02730	Vitvi19g01870	2	Cellular respiration
VIT_01s0010g02460	Vitvi01g01538	2.1	Cellular respiration.glycolysis
VIT_06s0004g00130	Vitvi06g00021	2.1	Cellular respiration.glycolysis
VIT_10s0071g01060	Vitvi10g01568	2.1	Cellular respiration.glycolysis
VIT_01s0010g02460	Vitvi01g01538	2.1.1	Cellular respiration.glycolysis.cytosolic glycolysis
VIT_06s0004g00130	Vitvi06g00021	2.1.1	Cellular respiration.glycolysis.cytosolic glycolysis
VIT_10s0071g01060	Vitvi10g01568	2.1.1	Cellular respiration.glycolysis.cytosolic glycolysis
VIT_01s0010g02460	Vitvi01g01538	2.1.1.4	Cellular respiration.glycolysis.cytosolic glycolysis.glyceraldehyde 3-phosphate dehydrogenase activities
VIT_01s0010g02460	Vitvi01g01538	2.1.1.4.1	Cellular respiration.glycolysis.cytosolic glycolysis.glyceraldehyde 3-phosphate dehydrogenase activities.NAD-dependent glyceraldehyde 3-phosphate dehydrogenase
VIT_06s0004g00130	Vitvi06g00021	2.1.1.8	Cellular respiration.glycolysis.cytosolic glycolysis.pyruvate kinase
VIT_10s0071g01060	Vitvi10g01568	2.1.1.8	Cellular respiration.glycolysis.cytosolic glycolysis.pyruvate kinase
VIT_14s0060g00420	Vitvi14g00038	2.2	Cellular respiration.pyruvate oxidation
VIT_14s0060g00420	Vitvi14g00038	2.2.1	Cellular respiration.pyruvate oxidation.mitochondrial pyruvate dehydrogenase complex
VIT_14s0060g00420	Vitvi14g00038	2.2.1.4	Cellular respiration.pyruvate oxidation.mitochondrial pyruvate dehydrogenase complex.regulation
VIT_14s0060g00420	Vitvi14g00038	2.2.1.4.1	Cellular respiration.pyruvate oxidation.mitochondrial pyruvate dehydrogenase complex.regulation.pyruvate dehydrogenase kinase
VIT_00s0301g00090	Vitvi10g00399	2.4	Cellular respiration.oxidative phosphorylation
VIT_00s0873g00020	Vitvi00g00974	2.4	Cellular respiration.oxidative phosphorylation
VIT_00s1311g00010	Vitvi07g02628	2.4	Cellular respiration.oxidative phosphorylation
VIT_01s0146g00390	Vitvi01g01732	2.4	Cellular respiration.oxidative phosphorylation
VIT_02s0033g01380	Vitvi02g01182	2.4	Cellular respiration.oxidative phosphorylation
VIT_02s0033g01400	Vitvi02g01640	2.4	Cellular respiration.oxidative phosphorylation
VIT_12s0057g00250	Vitvi12g00641	2.4	Cellular respiration.oxidative phosphorylation
VIT_19s0014g02730	Vitvi19g01870	2.4	Cellular respiration.oxidative phosphorylation
VIT_00s0873g00020	Vitvi00g00974	2.4.1	Cellular respiration.oxidative phosphorylation.NADH dehydrogenase complex
VIT_00s1311g00010	Vitvi07g02628	2.4.1	Cellular respiration.oxidative phosphorylation.NADH dehydrogenase complex
VIT_00s0873g00020	Vitvi00g00974	2.4.1.3	Cellular respiration.oxidative phosphorylation.NADH dehydrogenase complex.module P (proton translocation) components
VIT_00s0873g00020	Vitvi00g00974	2.4.1.3.3	Cellular respiration.oxidative phosphorylation.NADH dehydrogenase complex.module P (proton translocation) components.component ND3/NQO7
VIT_00s1311g00010	Vitvi07g02628	2.4.1.4	Cellular respiration.oxidative phosphorylation.NADH dehydrogenase complex.non-core components
VIT_00s1311g00010	Vitvi07g02628	2.4.1.4.3	Cellular respiration.oxidative phosphorylation.NADH dehydrogenase complex.non-core components.component NduFS4
VIT_00s0301g00090	Vitvi10g00399	2.4.2	Cellular respiration.oxidative phosphorylation.alternative NAD(P)H dehydrogenase activities
VIT_02s0033g01380	Vitvi02g01182	2.4.2	Cellular respiration.oxidative phosphorylation.alternative NAD(P)H dehydrogenase activities
VIT_02s0033g01400	Vitvi02g01640	2.4.2	Cellular respiration.oxidative phosphorylation.alternative NAD(P)H dehydrogenase activities
VIT_12s0057g00250	Vitvi12g00641	2.4.2	Cellular respiration.oxidative phosphorylation.alternative NAD(P)H dehydrogenase activities
VIT_00s0301g00090	Vitvi10g00399	2.4.2.1	Cellular respiration.oxidative phosphorylation.alternative NAD(P)H dehydrogenase activities.type-II NAD(P)H dehydrogenase activities
VIT_12s0057g00250	Vitvi12g00641	2.4.2.1	Cellular respiration.oxidative phosphorylation.alternative NAD(P)H dehydrogenase activities.type-II NAD(P)H dehydrogenase activities
VIT_00s0301g00090	Vitvi10g00399	2.4.2.1.1	Cellular respiration.oxidative phosphorylation.alternative NAD(P)H dehydrogenase activities.type-II NAD(P)H dehydrogenase activities.NAD(P)H dehydrogenase (NDA)
VIT_12s0057g00250	Vitvi12g00641	2.4.2.1.2	Cellular respiration.oxidative phosphorylation.alternative NAD(P)H dehydrogenase activities.type-II NAD(P)H dehydrogenase activities.NAD(P)H dehydrogenase (NDB)
VIT_02s0033g01380	Vitvi02g01182	2.4.2.2	Cellular respiration.oxidative phosphorylation.alternative NAD(P)H dehydrogenase activities.alternative oxidase (AOx)
VIT_02s0033g01400	Vitvi02g01640	2.4.2.2	Cellular respiration.oxidative phosphorylation.alternative NAD(P)H dehydrogenase activities.alternative oxidase (AOx)
VIT_19s0014g02730	Vitvi19g01870	2.4.4	Cellular respiration.oxidative phosphorylation.cytochrome c
VIT_19s0014g02730	Vitvi19g01870	2.4.5	Cellular respiration.oxidative phosphorylation.cytochrome c oxidase complex
VIT_19s0014g02730	Vitvi19g01870	2.4.5.2	Cellular respiration.oxidative phosphorylation.cytochrome c oxidase complex.accessory assembly components
VIT_19s0014g02730	Vitvi19g01870	2.4.5.2.5	Cellular respiration.oxidative phosphorylation.cytochrome c oxidase complex.accessory assembly components.component COX17
VIT_01s0146g00390	Vitvi01g01732	2.4.6	Cellular respiration.oxidative phosphorylation.ATP synthase complex
VIT_01s0146g00390	Vitvi01g01732	2.4.6.1	Cellular respiration.oxidative phosphorylation.ATP synthase complex.membrane MF0 subcomplex
VIT_01s0146g00390	Vitvi01g01732	2.4.6.1.6	Cellular respiration.oxidative phosphorylation.ATP synthase complex.membrane MF0 subcomplex.subunit A6L
VIT_00s1322g00010	Vitvi07g03123	20	Cytoskeleton organisation
VIT_01s0026g00960	Vitvi01g00859	20	Cytoskeleton organisation
VIT_02s0025g01710	Vitvi02g00160	20	Cytoskeleton organisation
VIT_02s0025g02020	Vitvi02g00177	20	Cytoskeleton organisation
VIT_02s0025g03540	Vitvi02g00327	20	Cytoskeleton organisation
VIT_05s0020g01970	Vitvi05g00360	20	Cytoskeleton organisation
VIT_05s0020g04880	Vitvi05g00652	20	Cytoskeleton organisation
VIT_06s0009g02020	Vitvi06g01847	20	Cytoskeleton organisation
VIT_08s0007g01630	Vitvi08g02232	20	Cytoskeleton organisation
VIT_08s0007g06520	Vitvi08g01740	20	Cytoskeleton organisation
VIT_08s0007g06820	Vitvi08g01768	20	Cytoskeleton organisation
VIT_08s0040g00980	Vitvi08g00961	20	Cytoskeleton organisation
VIT_11s0016g02940	Vitvi11g00247	20	Cytoskeleton organisation
VIT_11s0016g05460	Vitvi11g00480	20	Cytoskeleton organisation
VIT_14s0030g01360	Vitvi14g00391	20	Cytoskeleton organisation
VIT_14s0108g00440	Vitvi14g01929	20	Cytoskeleton organisation
VIT_16s0050g00380	Vitvi16g01035	20	Cytoskeleton organisation
VIT_16s0098g00560	Vitvi16g01306	20	Cytoskeleton organisation
VIT_16s0098g01720	Vitvi16g01401	20	Cytoskeleton organisation
VIT_18s0001g08250	Vitvi18g00590	20	Cytoskeleton organisation
VIT_18s0001g12100	Vitvi18g00929	20	Cytoskeleton organisation
VIT_18s0001g14360	Vitvi18g01120	20	Cytoskeleton organisation
VIT_00s1322g00010	Vitvi07g03123	20.1	Cytoskeleton organisation.microtubular network
VIT_01s0026g00960	Vitvi01g00859	20.1	Cytoskeleton organisation.microtubular network
VIT_02s0025g03540	Vitvi02g00327	20.1	Cytoskeleton organisation.microtubular network
VIT_05s0020g04880	Vitvi05g00652	20.1	Cytoskeleton organisation.microtubular network
VIT_06s0009g02020	Vitvi06g01847	20.1	Cytoskeleton organisation.microtubular network
VIT_08s0007g01630	Vitvi08g02232	20.1	Cytoskeleton organisation.microtubular network
VIT_08s0007g06820	Vitvi08g01768	20.1	Cytoskeleton organisation.microtubular network
VIT_08s0040g00980	Vitvi08g00961	20.1	Cytoskeleton organisation.microtubular network
VIT_11s0016g05460	Vitvi11g00480	20.1	Cytoskeleton organisation.microtubular network
VIT_14s0030g01360	Vitvi14g00391	20.1	Cytoskeleton organisation.microtubular network
VIT_14s0108g00440	Vitvi14g01929	20.1	Cytoskeleton organisation.microtubular network
VIT_16s0050g00380	Vitvi16g01035	20.1	Cytoskeleton organisation.microtubular network
VIT_16s0098g00560	Vitvi16g01306	20.1	Cytoskeleton organisation.microtubular network
VIT_18s0001g08250	Vitvi18g00590	20.1	Cytoskeleton organisation.microtubular network
VIT_18s0001g14360	Vitvi18g01120	20.1	Cytoskeleton organisation.microtubular network
VIT_00s1322g00010	Vitvi07g03123	20.1.1	Cytoskeleton organisation.microtubular network.alpha-beta-Tubulin heterodimer
VIT_02s0025g03540	Vitvi02g00327	20.1.1	Cytoskeleton organisation.microtubular network.alpha-beta-Tubulin heterodimer
VIT_06s0009g02020	Vitvi06g01847	20.1.1	Cytoskeleton organisation.microtubular network.alpha-beta-Tubulin heterodimer
VIT_08s0007g01630	Vitvi08g02232	20.1.1	Cytoskeleton organisation.microtubular network.alpha-beta-Tubulin heterodimer
VIT_08s0040g00980	Vitvi08g00961	20.1.1	Cytoskeleton organisation.microtubular network.alpha-beta-Tubulin heterodimer
VIT_14s0108g00440	Vitvi14g01929	20.1.1	Cytoskeleton organisation.microtubular network.alpha-beta-Tubulin heterodimer
VIT_16s0050g00380	Vitvi16g01035	20.1.1	Cytoskeleton organisation.microtubular network.alpha-beta-Tubulin heterodimer
VIT_18s0001g08250	Vitvi18g00590	20.1.1	Cytoskeleton organisation.microtubular network.alpha-beta-Tubulin heterodimer
VIT_18s0001g14360	Vitvi18g01120	20.1.1	Cytoskeleton organisation.microtubular network.alpha-beta-Tubulin heterodimer
VIT_00s1322g00010	Vitvi07g03123	20.1.1.1	Cytoskeleton organisation.microtubular network.alpha-beta-Tubulin heterodimer.component alpha-Tubulin
VIT_14s0108g00440	Vitvi14g01929	20.1.1.1	Cytoskeleton organisation.microtubular network.alpha-beta-Tubulin heterodimer.component alpha-Tubulin
VIT_18s0001g08250	Vitvi18g00590	20.1.1.1	Cytoskeleton organisation.microtubular network.alpha-beta-Tubulin heterodimer.component alpha-Tubulin
VIT_02s0025g03540	Vitvi02g00327	20.1.1.2	Cytoskeleton organisation.microtubular network.alpha-beta-Tubulin heterodimer.component beta-Tubulin
VIT_06s0009g02020	Vitvi06g01847	20.1.1.2	Cytoskeleton organisation.microtubular network.alpha-beta-Tubulin heterodimer.component beta-Tubulin
VIT_08s0007g01630	Vitvi08g02232	20.1.1.2	Cytoskeleton organisation.microtubular network.alpha-beta-Tubulin heterodimer.component beta-Tubulin
VIT_08s0040g00980	Vitvi08g00961	20.1.1.2	Cytoskeleton organisation.microtubular network.alpha-beta-Tubulin heterodimer.component beta-Tubulin
VIT_16s0050g00380	Vitvi16g01035	20.1.1.2	Cytoskeleton organisation.microtubular network.alpha-beta-Tubulin heterodimer.component beta-Tubulin
VIT_18s0001g14360	Vitvi18g01120	20.1.1.2	Cytoskeleton organisation.microtubular network.alpha-beta-Tubulin heterodimer.component beta-Tubulin
VIT_08s0007g06820	Vitvi08g01768	20.1.3	Cytoskeleton organisation.microtubular network.Kinesin microtubule-based motor protein activities
VIT_14s0030g01360	Vitvi14g00391	20.1.3	Cytoskeleton organisation.microtubular network.Kinesin microtubule-based motor protein activities
VIT_14s0030g01360	Vitvi14g00391	20.1.3.12	Cytoskeleton organisation.microtubular network.Kinesin microtubule-based motor protein activities.motor protein (Kinesin-14)
VIT_08s0007g06820	Vitvi08g01768	20.1.3.6	Cytoskeleton organisation.microtubular network.Kinesin microtubule-based motor protein activities.motor protein (Kinesin-7)
VIT_01s0026g00960	Vitvi01g00859	20.1.5	Cytoskeleton organisation.microtubular network.microtubule dynamics
VIT_05s0020g04880	Vitvi05g00652	20.1.5	Cytoskeleton organisation.microtubular network.microtubule dynamics
VIT_11s0016g05460	Vitvi11g00480	20.1.5	Cytoskeleton organisation.microtubular network.microtubule dynamics
VIT_16s0098g00560	Vitvi16g01306	20.1.5	Cytoskeleton organisation.microtubular network.microtubule dynamics
VIT_16s0098g00560	Vitvi16g01306	20.1.5.1	Cytoskeleton organisation.microtubular network.microtubule dynamics.microtubule (MT) plus-end-tracking
VIT_16s0098g00560	Vitvi16g01306	20.1.5.1.3	Cytoskeleton organisation.microtubular network.microtubule dynamics.microtubule (MT) plus-end-tracking.MT plus-end-tracking protein (SPR1)
VIT_01s0026g00960	Vitvi01g00859	20.1.5.2	Cytoskeleton organisation.microtubular network.microtubule dynamics.microtubule-stabilizing factor (WDL)
VIT_05s0020g04880	Vitvi05g00652	20.1.5.2	Cytoskeleton organisation.microtubular network.microtubule dynamics.microtubule-stabilizing factor (WDL)
VIT_11s0016g05460	Vitvi11g00480	20.1.5.2	Cytoskeleton organisation.microtubular network.microtubule dynamics.microtubule-stabilizing factor (WDL)
VIT_02s0025g02020	Vitvi02g00177	20.2	Cytoskeleton organisation.microfilament network
VIT_08s0007g06520	Vitvi08g01740	20.2	Cytoskeleton organisation.microfilament network
VIT_11s0016g02940	Vitvi11g00247	20.2	Cytoskeleton organisation.microfilament network
VIT_16s0098g01720	Vitvi16g01401	20.2	Cytoskeleton organisation.microfilament network
VIT_08s0007g06520	Vitvi08g01740	20.2.1	Cytoskeleton organisation.microfilament network.actin filament protein
VIT_02s0025g02020	Vitvi02g00177	20.2.2	Cytoskeleton organisation.microfilament network.actin polymerisation
VIT_11s0016g02940	Vitvi11g00247	20.2.2	Cytoskeleton organisation.microfilament network.actin polymerisation
VIT_16s0098g01720	Vitvi16g01401	20.2.2	Cytoskeleton organisation.microfilament network.actin polymerisation
VIT_02s0025g02020	Vitvi02g00177	20.2.2.2	Cytoskeleton organisation.microfilament network.actin polymerisation.SCAR/WAVE ARP2/3-activating complex
VIT_16s0098g01720	Vitvi16g01401	20.2.2.2	Cytoskeleton organisation.microfilament network.actin polymerisation.SCAR/WAVE ARP2/3-activating complex
VIT_02s0025g02020	Vitvi02g00177	20.2.2.2.5	Cytoskeleton organisation.microfilament network.actin polymerisation.SCAR/WAVE ARP2/3-activating complex.component ABIL
VIT_16s0098g01720	Vitvi16g01401	20.2.2.2.5	Cytoskeleton organisation.microfilament network.actin polymerisation.SCAR/WAVE ARP2/3-activating complex.component ABIL
VIT_11s0016g02940	Vitvi11g00247	20.2.2.3	Cytoskeleton organisation.microfilament network.actin polymerisation.profilin actin nucleation protein
VIT_02s0025g01710	Vitvi02g00160	20.5	Cytoskeleton organisation.plastid movement
VIT_18s0001g12100	Vitvi18g00929	20.5	Cytoskeleton organisation.plastid movement
VIT_02s0025g01710	Vitvi02g00160	20.5.4	Cytoskeleton organisation.plastid movement.actin filament-bundling factor (THRUMIN)
VIT_18s0001g12100	Vitvi18g00929	20.5.7	Cytoskeleton organisation.plastid movement.actin filament reorganisation factor (JAC1)
VIT_05s0020g01970	Vitvi05g00360	20.7	Cytoskeleton organisation.endoplasmic reticulum-cytoskeleton-plasma membrane interface
VIT_05s0020g01970	Vitvi05g00360	20.7.1	Cytoskeleton organisation.endoplasmic reticulum-cytoskeleton-plasma membrane interface.contact site protein (VAP27)
VIT_00s0238g00020	Vitvi18g03385	21	Cell wall organisation
VIT_01s0010g03510	Vitvi01g02265	21	Cell wall organisation
VIT_01s0011g03050	Vitvi01g00241	21	Cell wall organisation
VIT_01s0011g03450	Vitvi01g00280	21	Cell wall organisation
VIT_01s0026g00810	Vitvi01g00842	21	Cell wall organisation
VIT_01s0026g00980	Vitvi01g00860	21	Cell wall organisation
VIT_01s0026g02620	Vitvi01g01030	21	Cell wall organisation
VIT_01s0127g00850	Vitvi01g00745	21	Cell wall organisation
VIT_01s0127g00870	Vitvi01g00747	21	Cell wall organisation
VIT_01s0137g00240	Vitvi01g00593	21	Cell wall organisation
VIT_02s0025g01330	Vitvi02g00118	21	Cell wall organisation
VIT_03s0038g03430	Vitvi03g00209	21	Cell wall organisation
VIT_04s0008g05220	Vitvi04g00465	21	Cell wall organisation
VIT_04s0023g02130	Vitvi04g01334	21	Cell wall organisation
VIT_04s0023g02690	Vitvi04g01389	21	Cell wall organisation
VIT_04s0023g02900	Vitvi04g01412	21	Cell wall organisation
VIT_04s0069g00780	Vitvi04g00735	21	Cell wall organisation
VIT_04s0079g00420	Vitvi04g00846	21	Cell wall organisation
VIT_05s0020g01110	Vitvi05g00276	21	Cell wall organisation
VIT_05s0020g01530	Vitvi05g00321	21	Cell wall organisation
VIT_05s0020g02810	Vitvi05g00437	21	Cell wall organisation
VIT_05s0051g00590	Vitvi05g00953	21	Cell wall organisation
VIT_05s0062g01320	Vitvi05g01366	21	Cell wall organisation
VIT_05s0077g01250	Vitvi05g00094	21	Cell wall organisation
VIT_06s0004g00070	Vitvi06g00016	21	Cell wall organisation
VIT_06s0004g00880	Vitvi06g00089	21	Cell wall organisation
VIT_06s0004g00910	Vitvi06g00093	21	Cell wall organisation
VIT_06s0004g03020	Vitvi06g00300	21	Cell wall organisation
VIT_06s0004g04610	Vitvi06g00459	21	Cell wall organisation
VIT_06s0004g04860	Vitvi06g00481	21	Cell wall organisation
VIT_06s0061g00550	Vitvi06g01329	21	Cell wall organisation
VIT_06s0061g01230	Vitvi06g01398	21	Cell wall organisation
VIT_07s0005g00730	Vitvi07g00351	21	Cell wall organisation
VIT_07s0005g02470	Vitvi07g00513	21	Cell wall organisation
VIT_07s0005g02590	Vitvi07g00525	21	Cell wall organisation
VIT_07s0031g00350	Vitvi07g01723	21	Cell wall organisation
VIT_07s0031g02480	Vitvi07g01916	21	Cell wall organisation
VIT_07s0129g00560	Vitvi07g01636	21	Cell wall organisation
VIT_07s0151g00760	Vitvi07g02132	21	Cell wall organisation
VIT_08s0007g00440	Vitvi08g01206	21	Cell wall organisation
VIT_08s0007g02000	Vitvi08g01342	21	Cell wall organisation
VIT_08s0007g03990	Vitvi08g01523	21	Cell wall organisation
VIT_08s0007g04950	Vitvi08g01617	21	Cell wall organisation
VIT_08s0007g08330	Vitvi08g02394	21	Cell wall organisation
VIT_08s0032g00910	Vitvi08g00235	21	Cell wall organisation
VIT_08s0040g00780	Vitvi08g00940	21	Cell wall organisation
VIT_08s0058g00490	Vitvi08g00771	21	Cell wall organisation
VIT_09s0002g00320	Vitvi09g00017	21	Cell wall organisation
VIT_09s0002g00330	Vitvi09g00018	21	Cell wall organisation
VIT_09s0002g02120	Vitvi09g00177	21	Cell wall organisation
VIT_09s0018g01190	Vitvi09g01229	21	Cell wall organisation
VIT_09s0018g01340	Vitvi09g01887	21	Cell wall organisation
VIT_09s0018g02110	Vitvi09g01317	21	Cell wall organisation
VIT_09s0070g00240	Vitvi09g00993	21	Cell wall organisation
VIT_09s0070g00480	Vitvi09g01012	21	Cell wall organisation
VIT_10s0116g00590	Vitvi10g00031	21	Cell wall organisation
VIT_11s0016g00290	Vitvi11g00013	21	Cell wall organisation
VIT_11s0016g00330	Vitvi11g00016	21	Cell wall organisation
VIT_11s0016g04190	Vitvi11g00360	21	Cell wall organisation
VIT_12s0035g01900	Vitvi12g02137	21	Cell wall organisation
VIT_12s0057g01020	Vitvi12g00721	21	Cell wall organisation
VIT_12s0059g00570	Vitvi12g00362	21	Cell wall organisation
VIT_13s0019g04910	Vitvi13g00669	21	Cell wall organisation
VIT_13s0064g00890	Vitvi13g01731	21	Cell wall organisation
VIT_13s0067g01930	Vitvi13g00113	21	Cell wall organisation
VIT_13s0067g02930	Vitvi13g00172	21	Cell wall organisation
VIT_13s0074g00390	Vitvi13g00738	21	Cell wall organisation
VIT_14s0060g00230	Vitvi14g00017	21	Cell wall organisation
VIT_14s0066g02350	Vitvi14g01868	21	Cell wall organisation
VIT_14s0083g00940	Vitvi14g01327	21	Cell wall organisation
VIT_14s0108g01020	Vitvi14g01977	21	Cell wall organisation
VIT_15s0046g00220	Vitvi15g00943	21	Cell wall organisation
VIT_15s0046g00480	Vitvi15g00959	21	Cell wall organisation
VIT_15s0046g00490	Vitvi15g00960	21	Cell wall organisation
VIT_15s0046g00590	Vitvi15g01579	21	Cell wall organisation
VIT_15s0046g00660	Vitvi15g01585	21	Cell wall organisation
VIT_15s0046g00710	Vitvi15g01587	21	Cell wall organisation
VIT_15s0046g01230	Vitvi15g01011	21	Cell wall organisation
VIT_15s0046g02000	Vitvi15g01076	21	Cell wall organisation
VIT_15s0048g00500	Vitvi15g00703	21	Cell wall organisation
VIT_15s0048g00510	Vitvi15g00704	21	Cell wall organisation
VIT_15s0048g01750	Vitvi15g00816	21	Cell wall organisation
VIT_16s0050g00570	Vitvi16g01050	21	Cell wall organisation
VIT_16s0050g00830	Vitvi16g01078	21	Cell wall organisation
VIT_16s0098g01900	Vitvi16g01418	21	Cell wall organisation
VIT_17s0000g05070	Vitvi17g00480	21	Cell wall organisation
VIT_17s0000g06360	Vitvi17g00616	21	Cell wall organisation
VIT_17s0000g09810	Vitvi17g00977	21	Cell wall organisation
VIT_17s0053g00990	Vitvi17g01251	21	Cell wall organisation
VIT_18s0001g02610	Vitvi18g00263	21	Cell wall organisation
VIT_18s0001g05180	Vitvi18g00376	21	Cell wall organisation
VIT_18s0001g08580	Vitvi18g00616	21	Cell wall organisation
VIT_18s0001g11860	Vitvi18g00909	21	Cell wall organisation
VIT_18s0001g12830	Vitvi18g00991	21	Cell wall organisation
VIT_18s0001g13230	Vitvi18g01022	21	Cell wall organisation
VIT_18s0076g00100	Vitvi18g02857	21	Cell wall organisation
VIT_18s0089g00160	Vitvi18g03225	21	Cell wall organisation
VIT_18s0122g00330	Vitvi18g00022	21	Cell wall organisation
VIT_19s0014g03240	Vitvi19g00264	21	Cell wall organisation
VIT_19s0015g00530	Vitvi19g00682	21	Cell wall organisation
VIT_04s0008g05220	Vitvi04g00465	21.1	Cell wall organisation.cellulose
VIT_05s0062g01320	Vitvi05g01366	21.1	Cell wall organisation.cellulose
VIT_05s0077g01250	Vitvi05g00094	21.1	Cell wall organisation.cellulose
VIT_07s0005g02470	Vitvi07g00513	21.1	Cell wall organisation.cellulose
VIT_13s0064g00890	Vitvi13g01731	21.1	Cell wall organisation.cellulose
VIT_15s0046g00220	Vitvi15g00943	21.1	Cell wall organisation.cellulose
VIT_17s0000g05070	Vitvi17g00480	21.1	Cell wall organisation.cellulose
VIT_04s0008g05220	Vitvi04g00465	21.1.1	Cell wall organisation.cellulose.cellulose synthase complex (CSC)
VIT_07s0005g02470	Vitvi07g00513	21.1.1	Cell wall organisation.cellulose.cellulose synthase complex (CSC)
VIT_13s0064g00890	Vitvi13g01731	21.1.1	Cell wall organisation.cellulose.cellulose synthase complex (CSC)
VIT_15s0046g00220	Vitvi15g00943	21.1.1	Cell wall organisation.cellulose.cellulose synthase complex (CSC)
VIT_04s0008g05220	Vitvi04g00465	21.1.1.1	Cell wall organisation.cellulose.cellulose synthase complex (CSC).CSC components
VIT_07s0005g02470	Vitvi07g00513	21.1.1.1	Cell wall organisation.cellulose.cellulose synthase complex (CSC).CSC components
VIT_13s0064g00890	Vitvi13g01731	21.1.1.1	Cell wall organisation.cellulose.cellulose synthase complex (CSC).CSC components
VIT_04s0008g05220	Vitvi04g00465	21.1.1.1.1	Cell wall organisation.cellulose.cellulose synthase complex (CSC).CSC components.catalytic component CesA
VIT_07s0005g02470	Vitvi07g00513	21.1.1.1.1	Cell wall organisation.cellulose.cellulose synthase complex (CSC).CSC components.catalytic component CesA
VIT_13s0064g00890	Vitvi13g01731	21.1.1.1.1	Cell wall organisation.cellulose.cellulose synthase complex (CSC).CSC components.catalytic component CesA
VIT_15s0046g00220	Vitvi15g00943	21.1.1.4	Cell wall organisation.cellulose.cellulose synthase complex (CSC).microtubule-dependent CSC insertion
VIT_15s0046g00220	Vitvi15g00943	21.1.1.4.3	Cell wall organisation.cellulose.cellulose synthase complex (CSC).microtubule-dependent CSC insertion.regulatory protein (CMU)
VIT_05s0062g01320	Vitvi05g01366	21.1.2	Cell wall organisation.cellulose.cellulose-hemicellulose network assembly
VIT_05s0077g01250	Vitvi05g00094	21.1.2	Cell wall organisation.cellulose.cellulose-hemicellulose network assembly
VIT_17s0000g05070	Vitvi17g00480	21.1.2	Cell wall organisation.cellulose.cellulose-hemicellulose network assembly
VIT_05s0062g01320	Vitvi05g01366	21.1.2.1	Cell wall organisation.cellulose.cellulose-hemicellulose network assembly.regulatory protein (CTL)
VIT_05s0077g01250	Vitvi05g00094	21.1.2.1	Cell wall organisation.cellulose.cellulose-hemicellulose network assembly.regulatory protein (CTL)
VIT_17s0000g05070	Vitvi17g00480	21.1.2.2	Cell wall organisation.cellulose.cellulose-hemicellulose network assembly.regulatory protein (COB)
VIT_00s0238g00020	Vitvi18g03385	21.2	Cell wall organisation.hemicellulose
VIT_01s0011g03050	Vitvi01g00241	21.2	Cell wall organisation.hemicellulose
VIT_01s0011g03450	Vitvi01g00280	21.2	Cell wall organisation.hemicellulose
VIT_01s0026g00810	Vitvi01g00842	21.2	Cell wall organisation.hemicellulose
VIT_01s0026g00980	Vitvi01g00860	21.2	Cell wall organisation.hemicellulose
VIT_04s0023g02130	Vitvi04g01334	21.2	Cell wall organisation.hemicellulose
VIT_04s0069g00780	Vitvi04g00735	21.2	Cell wall organisation.hemicellulose
VIT_05s0020g01530	Vitvi05g00321	21.2	Cell wall organisation.hemicellulose
VIT_06s0061g00550	Vitvi06g01329	21.2	Cell wall organisation.hemicellulose
VIT_06s0061g01230	Vitvi06g01398	21.2	Cell wall organisation.hemicellulose
VIT_07s0031g02480	Vitvi07g01916	21.2	Cell wall organisation.hemicellulose
VIT_08s0007g03990	Vitvi08g01523	21.2	Cell wall organisation.hemicellulose
VIT_08s0007g04950	Vitvi08g01617	21.2	Cell wall organisation.hemicellulose
VIT_08s0058g00490	Vitvi08g00771	21.2	Cell wall organisation.hemicellulose
VIT_09s0018g02110	Vitvi09g01317	21.2	Cell wall organisation.hemicellulose
VIT_13s0067g01930	Vitvi13g00113	21.2	Cell wall organisation.hemicellulose
VIT_14s0066g02350	Vitvi14g01868	21.2	Cell wall organisation.hemicellulose
VIT_15s0046g01230	Vitvi15g01011	21.2	Cell wall organisation.hemicellulose
VIT_18s0001g08580	Vitvi18g00616	21.2	Cell wall organisation.hemicellulose
VIT_18s0001g11860	Vitvi18g00909	21.2	Cell wall organisation.hemicellulose
VIT_18s0001g12830	Vitvi18g00991	21.2	Cell wall organisation.hemicellulose
VIT_18s0076g00100	Vitvi18g02857	21.2	Cell wall organisation.hemicellulose
VIT_18s0089g00160	Vitvi18g03225	21.2	Cell wall organisation.hemicellulose
VIT_01s0011g03450	Vitvi01g00280	21.2.1	Cell wall organisation.hemicellulose.xyloglucan
VIT_01s0026g00810	Vitvi01g00842	21.2.1	Cell wall organisation.hemicellulose.xyloglucan
VIT_04s0069g00780	Vitvi04g00735	21.2.1	Cell wall organisation.hemicellulose.xyloglucan
VIT_05s0020g01530	Vitvi05g00321	21.2.1	Cell wall organisation.hemicellulose.xyloglucan
VIT_06s0061g00550	Vitvi06g01329	21.2.1	Cell wall organisation.hemicellulose.xyloglucan
VIT_07s0031g02480	Vitvi07g01916	21.2.1	Cell wall organisation.hemicellulose.xyloglucan
VIT_08s0007g04950	Vitvi08g01617	21.2.1	Cell wall organisation.hemicellulose.xyloglucan
VIT_18s0001g08580	Vitvi18g00616	21.2.1	Cell wall organisation.hemicellulose.xyloglucan
VIT_18s0076g00100	Vitvi18g02857	21.2.1	Cell wall organisation.hemicellulose.xyloglucan
VIT_04s0069g00780	Vitvi04g00735	21.2.1.1	Cell wall organisation.hemicellulose.xyloglucan.biosynthesis
VIT_05s0020g01530	Vitvi05g00321	21.2.1.1	Cell wall organisation.hemicellulose.xyloglucan.biosynthesis
VIT_18s0001g08580	Vitvi18g00616	21.2.1.1	Cell wall organisation.hemicellulose.xyloglucan.biosynthesis
VIT_04s0069g00780	Vitvi04g00735	21.2.1.1.1	Cell wall organisation.hemicellulose.xyloglucan.biosynthesis.1,4-beta-glucan synthase (CSLC)
VIT_18s0001g08580	Vitvi18g00616	21.2.1.1.1	Cell wall organisation.hemicellulose.xyloglucan.biosynthesis.1,4-beta-glucan synthase (CSLC)
VIT_05s0020g01530	Vitvi05g00321	21.2.1.1.2	Cell wall organisation.hemicellulose.xyloglucan.biosynthesis.UDP-xylose-dependent 1,6-alpha-xylosyltransferase
VIT_01s0011g03450	Vitvi01g00280	21.2.1.2	Cell wall organisation.hemicellulose.xyloglucan.modification and degradation
VIT_01s0026g00810	Vitvi01g00842	21.2.1.2	Cell wall organisation.hemicellulose.xyloglucan.modification and degradation
VIT_06s0061g00550	Vitvi06g01329	21.2.1.2	Cell wall organisation.hemicellulose.xyloglucan.modification and degradation
VIT_07s0031g02480	Vitvi07g01916	21.2.1.2	Cell wall organisation.hemicellulose.xyloglucan.modification and degradation
VIT_08s0007g04950	Vitvi08g01617	21.2.1.2	Cell wall organisation.hemicellulose.xyloglucan.modification and degradation
VIT_18s0076g00100	Vitvi18g02857	21.2.1.2	Cell wall organisation.hemicellulose.xyloglucan.modification and degradation
VIT_18s0076g00100	Vitvi18g02857	21.2.1.2.1	Cell wall organisation.hemicellulose.xyloglucan.modification and degradation.xyloglucan O-acetyltransferase (AXY9)
VIT_01s0026g00810	Vitvi01g00842	21.2.1.2.2	Cell wall organisation.hemicellulose.xyloglucan.modification and degradation.xyloglucan O-acetyltransferase (AXY4)
VIT_07s0031g02480	Vitvi07g01916	21.2.1.2.4	Cell wall organisation.hemicellulose.xyloglucan.modification and degradation.1,2-beta-galactosidase
VIT_01s0011g03450	Vitvi01g00280	21.2.1.2.5	Cell wall organisation.hemicellulose.xyloglucan.modification and degradation.1,6-alpha-xylosidase
VIT_06s0061g00550	Vitvi06g01329	21.2.1.2.6	Cell wall organisation.hemicellulose.xyloglucan.modification and degradation.xyloglucan endotransglucosylase/hydrolase
VIT_08s0007g04950	Vitvi08g01617	21.2.1.2.6	Cell wall organisation.hemicellulose.xyloglucan.modification and degradation.xyloglucan endotransglucosylase/hydrolase
VIT_00s0238g00020	Vitvi18g03385	21.2.2	Cell wall organisation.hemicellulose.xylan
VIT_01s0011g03050	Vitvi01g00241	21.2.2	Cell wall organisation.hemicellulose.xylan
VIT_01s0026g00980	Vitvi01g00860	21.2.2	Cell wall organisation.hemicellulose.xylan
VIT_08s0058g00490	Vitvi08g00771	21.2.2	Cell wall organisation.hemicellulose.xylan
VIT_13s0067g01930	Vitvi13g00113	21.2.2	Cell wall organisation.hemicellulose.xylan
VIT_14s0066g02350	Vitvi14g01868	21.2.2	Cell wall organisation.hemicellulose.xylan
VIT_18s0001g11860	Vitvi18g00909	21.2.2	Cell wall organisation.hemicellulose.xylan
VIT_01s0011g03050	Vitvi01g00241	21.2.2.1	Cell wall organisation.hemicellulose.xylan.biosynthesis
VIT_01s0026g00980	Vitvi01g00860	21.2.2.1	Cell wall organisation.hemicellulose.xylan.biosynthesis
VIT_14s0066g02350	Vitvi14g01868	21.2.2.1	Cell wall organisation.hemicellulose.xylan.biosynthesis
VIT_18s0001g11860	Vitvi18g00909	21.2.2.1	Cell wall organisation.hemicellulose.xylan.biosynthesis
VIT_01s0011g03050	Vitvi01g00241	21.2.2.1.1	Cell wall organisation.hemicellulose.xylan.biosynthesis.galacturonosyltransferase
VIT_01s0026g00980	Vitvi01g00860	21.2.2.1.1	Cell wall organisation.hemicellulose.xylan.biosynthesis.galacturonosyltransferase
VIT_14s0066g02350	Vitvi14g01868	21.2.2.1.1	Cell wall organisation.hemicellulose.xylan.biosynthesis.galacturonosyltransferase
VIT_18s0001g11860	Vitvi18g00909	21.2.2.1.1	Cell wall organisation.hemicellulose.xylan.biosynthesis.galacturonosyltransferase
VIT_00s0238g00020	Vitvi18g03385	21.2.2.2	Cell wall organisation.hemicellulose.xylan.modification and degradation
VIT_08s0058g00490	Vitvi08g00771	21.2.2.2	Cell wall organisation.hemicellulose.xylan.modification and degradation
VIT_13s0067g01930	Vitvi13g00113	21.2.2.2	Cell wall organisation.hemicellulose.xylan.modification and degradation
VIT_08s0058g00490	Vitvi08g00771	21.2.2.2.2	Cell wall organisation.hemicellulose.xylan.modification and degradation.xylan O-acetyltransferase (XOAT)
VIT_13s0067g01930	Vitvi13g00113	21.2.2.2.2	Cell wall organisation.hemicellulose.xylan.modification and degradation.xylan O-acetyltransferase (XOAT)
VIT_00s0238g00020	Vitvi18g03385	21.2.2.2.3	Cell wall organisation.hemicellulose.xylan.modification and degradation.glucuronoxylan 4-O-methyltransferase
VIT_04s0023g02130	Vitvi04g01334	21.2.3	Cell wall organisation.hemicellulose.heteromannan
VIT_06s0061g01230	Vitvi06g01398	21.2.3	Cell wall organisation.hemicellulose.heteromannan
VIT_08s0007g03990	Vitvi08g01523	21.2.3	Cell wall organisation.hemicellulose.heteromannan
VIT_09s0018g02110	Vitvi09g01317	21.2.3	Cell wall organisation.hemicellulose.heteromannan
VIT_15s0046g01230	Vitvi15g01011	21.2.3	Cell wall organisation.hemicellulose.heteromannan
VIT_18s0001g12830	Vitvi18g00991	21.2.3	Cell wall organisation.hemicellulose.heteromannan
VIT_18s0089g00160	Vitvi18g03225	21.2.3	Cell wall organisation.hemicellulose.heteromannan
VIT_06s0061g01230	Vitvi06g01398	21.2.3.1	Cell wall organisation.hemicellulose.heteromannan.biosynthesis
VIT_08s0007g03990	Vitvi08g01523	21.2.3.1	Cell wall organisation.hemicellulose.heteromannan.biosynthesis
VIT_09s0018g02110	Vitvi09g01317	21.2.3.1	Cell wall organisation.hemicellulose.heteromannan.biosynthesis
VIT_06s0061g01230	Vitvi06g01398	21.2.3.1.1	Cell wall organisation.hemicellulose.heteromannan.biosynthesis.mannan synthase activities
VIT_08s0007g03990	Vitvi08g01523	21.2.3.1.1	Cell wall organisation.hemicellulose.heteromannan.biosynthesis.mannan synthase activities
VIT_06s0061g01230	Vitvi06g01398	21.2.3.1.1.1	Cell wall organisation.hemicellulose.heteromannan.biosynthesis.mannan synthase activities.mannan synthase (CSLA)
VIT_08s0007g03990	Vitvi08g01523	21.2.3.1.1.1	Cell wall organisation.hemicellulose.heteromannan.biosynthesis.mannan synthase activities.mannan synthase (CSLA)
VIT_09s0018g02110	Vitvi09g01317	21.2.3.1.2	Cell wall organisation.hemicellulose.heteromannan.biosynthesis.mannan biosynthesis accessory protein
VIT_04s0023g02130	Vitvi04g01334	21.2.3.2	Cell wall organisation.hemicellulose.heteromannan.modification and degradation
VIT_15s0046g01230	Vitvi15g01011	21.2.3.2	Cell wall organisation.hemicellulose.heteromannan.modification and degradation
VIT_18s0001g12830	Vitvi18g00991	21.2.3.2	Cell wall organisation.hemicellulose.heteromannan.modification and degradation
VIT_18s0089g00160	Vitvi18g03225	21.2.3.2	Cell wall organisation.hemicellulose.heteromannan.modification and degradation
VIT_15s0046g01230	Vitvi15g01011	21.2.3.2.1	Cell wall organisation.hemicellulose.heteromannan.modification and degradation.mannan O-acetyltransferase (MOAT)
VIT_04s0023g02130	Vitvi04g01334	21.2.3.2.2	Cell wall organisation.hemicellulose.heteromannan.modification and degradation.endo-beta-1,4-mannanase
VIT_18s0001g12830	Vitvi18g00991	21.2.3.2.2	Cell wall organisation.hemicellulose.heteromannan.modification and degradation.endo-beta-1,4-mannanase
VIT_18s0089g00160	Vitvi18g03225	21.2.3.2.2	Cell wall organisation.hemicellulose.heteromannan.modification and degradation.endo-beta-1,4-mannanase
VIT_01s0127g00850	Vitvi01g00745	21.3	Cell wall organisation.pectin
VIT_01s0127g00870	Vitvi01g00747	21.3	Cell wall organisation.pectin
VIT_01s0137g00240	Vitvi01g00593	21.3	Cell wall organisation.pectin
VIT_02s0025g01330	Vitvi02g00118	21.3	Cell wall organisation.pectin
VIT_04s0023g02690	Vitvi04g01389	21.3	Cell wall organisation.pectin
VIT_05s0020g01110	Vitvi05g00276	21.3	Cell wall organisation.pectin
VIT_05s0020g02810	Vitvi05g00437	21.3	Cell wall organisation.pectin
VIT_05s0051g00590	Vitvi05g00953	21.3	Cell wall organisation.pectin
VIT_06s0004g03020	Vitvi06g00300	21.3	Cell wall organisation.pectin
VIT_07s0005g00730	Vitvi07g00351	21.3	Cell wall organisation.pectin
VIT_07s0005g02590	Vitvi07g00525	21.3	Cell wall organisation.pectin
VIT_07s0031g02480	Vitvi07g01916	21.3	Cell wall organisation.pectin
VIT_08s0007g08330	Vitvi08g02394	21.3	Cell wall organisation.pectin
VIT_09s0002g00320	Vitvi09g00017	21.3	Cell wall organisation.pectin
VIT_09s0002g00330	Vitvi09g00018	21.3	Cell wall organisation.pectin
VIT_09s0002g02120	Vitvi09g00177	21.3	Cell wall organisation.pectin
VIT_10s0116g00590	Vitvi10g00031	21.3	Cell wall organisation.pectin
VIT_11s0016g00290	Vitvi11g00013	21.3	Cell wall organisation.pectin
VIT_11s0016g00330	Vitvi11g00016	21.3	Cell wall organisation.pectin
VIT_12s0035g01900	Vitvi12g02137	21.3	Cell wall organisation.pectin
VIT_13s0019g04910	Vitvi13g00669	21.3	Cell wall organisation.pectin
VIT_14s0060g00230	Vitvi14g00017	21.3	Cell wall organisation.pectin
VIT_14s0083g00940	Vitvi14g01327	21.3	Cell wall organisation.pectin
VIT_15s0046g02000	Vitvi15g01076	21.3	Cell wall organisation.pectin
VIT_15s0048g00500	Vitvi15g00703	21.3	Cell wall organisation.pectin
VIT_15s0048g00510	Vitvi15g00704	21.3	Cell wall organisation.pectin
VIT_16s0050g00570	Vitvi16g01050	21.3	Cell wall organisation.pectin
VIT_16s0098g01900	Vitvi16g01418	21.3	Cell wall organisation.pectin
VIT_17s0000g09810	Vitvi17g00977	21.3	Cell wall organisation.pectin
VIT_18s0001g05180	Vitvi18g00376	21.3	Cell wall organisation.pectin
VIT_18s0001g13230	Vitvi18g01022	21.3	Cell wall organisation.pectin
VIT_18s0122g00330	Vitvi18g00022	21.3	Cell wall organisation.pectin
VIT_07s0005g00730	Vitvi07g00351	21.3.1	Cell wall organisation.pectin.homogalacturonan
VIT_09s0002g00320	Vitvi09g00017	21.3.1	Cell wall organisation.pectin.homogalacturonan
VIT_09s0002g00330	Vitvi09g00018	21.3.1	Cell wall organisation.pectin.homogalacturonan
VIT_10s0116g00590	Vitvi10g00031	21.3.1	Cell wall organisation.pectin.homogalacturonan
VIT_11s0016g00290	Vitvi11g00013	21.3.1	Cell wall organisation.pectin.homogalacturonan
VIT_11s0016g00330	Vitvi11g00016	21.3.1	Cell wall organisation.pectin.homogalacturonan
VIT_12s0035g01900	Vitvi12g02137	21.3.1	Cell wall organisation.pectin.homogalacturonan
VIT_15s0048g00500	Vitvi15g00703	21.3.1	Cell wall organisation.pectin.homogalacturonan
VIT_15s0048g00510	Vitvi15g00704	21.3.1	Cell wall organisation.pectin.homogalacturonan
VIT_16s0098g01900	Vitvi16g01418	21.3.1	Cell wall organisation.pectin.homogalacturonan
VIT_07s0005g00730	Vitvi07g00351	21.3.1.2	Cell wall organisation.pectin.homogalacturonan.modification and degradation
VIT_09s0002g00320	Vitvi09g00017	21.3.1.2	Cell wall organisation.pectin.homogalacturonan.modification and degradation
VIT_09s0002g00330	Vitvi09g00018	21.3.1.2	Cell wall organisation.pectin.homogalacturonan.modification and degradation
VIT_10s0116g00590	Vitvi10g00031	21.3.1.2	Cell wall organisation.pectin.homogalacturonan.modification and degradation
VIT_11s0016g00290	Vitvi11g00013	21.3.1.2	Cell wall organisation.pectin.homogalacturonan.modification and degradation
VIT_11s0016g00330	Vitvi11g00016	21.3.1.2	Cell wall organisation.pectin.homogalacturonan.modification and degradation
VIT_12s0035g01900	Vitvi12g02137	21.3.1.2	Cell wall organisation.pectin.homogalacturonan.modification and degradation
VIT_15s0048g00500	Vitvi15g00703	21.3.1.2	Cell wall organisation.pectin.homogalacturonan.modification and degradation
VIT_15s0048g00510	Vitvi15g00704	21.3.1.2	Cell wall organisation.pectin.homogalacturonan.modification and degradation
VIT_16s0098g01900	Vitvi16g01418	21.3.1.2	Cell wall organisation.pectin.homogalacturonan.modification and degradation
VIT_07s0005g00730	Vitvi07g00351	21.3.1.2.1	Cell wall organisation.pectin.homogalacturonan.modification and degradation.pectin methylesterase
VIT_09s0002g00320	Vitvi09g00017	21.3.1.2.1	Cell wall organisation.pectin.homogalacturonan.modification and degradation.pectin methylesterase
VIT_09s0002g00330	Vitvi09g00018	21.3.1.2.1	Cell wall organisation.pectin.homogalacturonan.modification and degradation.pectin methylesterase
VIT_10s0116g00590	Vitvi10g00031	21.3.1.2.1	Cell wall organisation.pectin.homogalacturonan.modification and degradation.pectin methylesterase
VIT_11s0016g00290	Vitvi11g00013	21.3.1.2.1	Cell wall organisation.pectin.homogalacturonan.modification and degradation.pectin methylesterase
VIT_11s0016g00330	Vitvi11g00016	21.3.1.2.1	Cell wall organisation.pectin.homogalacturonan.modification and degradation.pectin methylesterase
VIT_12s0035g01900	Vitvi12g02137	21.3.1.2.1	Cell wall organisation.pectin.homogalacturonan.modification and degradation.pectin methylesterase
VIT_15s0048g00500	Vitvi15g00703	21.3.1.2.1	Cell wall organisation.pectin.homogalacturonan.modification and degradation.pectin methylesterase
VIT_15s0048g00510	Vitvi15g00704	21.3.1.2.1	Cell wall organisation.pectin.homogalacturonan.modification and degradation.pectin methylesterase
VIT_16s0098g01900	Vitvi16g01418	21.3.1.2.1	Cell wall organisation.pectin.homogalacturonan.modification and degradation.pectin methylesterase
VIT_04s0023g02690	Vitvi04g01389	21.3.2	Cell wall organisation.pectin.rhamnogalacturonan I
VIT_05s0020g02810	Vitvi05g00437	21.3.2	Cell wall organisation.pectin.rhamnogalacturonan I
VIT_06s0004g03020	Vitvi06g00300	21.3.2	Cell wall organisation.pectin.rhamnogalacturonan I
VIT_07s0031g02480	Vitvi07g01916	21.3.2	Cell wall organisation.pectin.rhamnogalacturonan I
VIT_09s0002g02120	Vitvi09g00177	21.3.2	Cell wall organisation.pectin.rhamnogalacturonan I
VIT_14s0083g00940	Vitvi14g01327	21.3.2	Cell wall organisation.pectin.rhamnogalacturonan I
VIT_18s0001g05180	Vitvi18g00376	21.3.2	Cell wall organisation.pectin.rhamnogalacturonan I
VIT_18s0001g13230	Vitvi18g01022	21.3.2	Cell wall organisation.pectin.rhamnogalacturonan I
VIT_18s0122g00330	Vitvi18g00022	21.3.2	Cell wall organisation.pectin.rhamnogalacturonan I
VIT_14s0083g00940	Vitvi14g01327	21.3.2.1	Cell wall organisation.pectin.rhamnogalacturonan I.biosynthesis
VIT_18s0122g00330	Vitvi18g00022	21.3.2.1	Cell wall organisation.pectin.rhamnogalacturonan I.biosynthesis
VIT_14s0083g00940	Vitvi14g01327	21.3.2.1.1	Cell wall organisation.pectin.rhamnogalacturonan I.biosynthesis.rhamnosyltransferase
VIT_18s0122g00330	Vitvi18g00022	21.3.2.1.3	Cell wall organisation.pectin.rhamnogalacturonan I.biosynthesis.beta-1,4-galactosyltransferase
VIT_04s0023g02690	Vitvi04g01389	21.3.2.2	Cell wall organisation.pectin.rhamnogalacturonan I.modification and degradation
VIT_05s0020g02810	Vitvi05g00437	21.3.2.2	Cell wall organisation.pectin.rhamnogalacturonan I.modification and degradation
VIT_06s0004g03020	Vitvi06g00300	21.3.2.2	Cell wall organisation.pectin.rhamnogalacturonan I.modification and degradation
VIT_07s0031g02480	Vitvi07g01916	21.3.2.2	Cell wall organisation.pectin.rhamnogalacturonan I.modification and degradation
VIT_09s0002g02120	Vitvi09g00177	21.3.2.2	Cell wall organisation.pectin.rhamnogalacturonan I.modification and degradation
VIT_18s0001g05180	Vitvi18g00376	21.3.2.2	Cell wall organisation.pectin.rhamnogalacturonan I.modification and degradation
VIT_18s0001g13230	Vitvi18g01022	21.3.2.2	Cell wall organisation.pectin.rhamnogalacturonan I.modification and degradation
VIT_05s0020g02810	Vitvi05g00437	21.3.2.2.1	Cell wall organisation.pectin.rhamnogalacturonan I.modification and degradation.rhamnogalacturonan-I O-acetyltransferase (TBL)
VIT_04s0023g02690	Vitvi04g01389	21.3.2.2.2	Cell wall organisation.pectin.rhamnogalacturonan I.modification and degradation.beta-galactosidase (BGAL)
VIT_06s0004g03020	Vitvi06g00300	21.3.2.2.2	Cell wall organisation.pectin.rhamnogalacturonan I.modification and degradation.beta-galactosidase (BGAL)
VIT_07s0031g02480	Vitvi07g01916	21.3.2.2.2	Cell wall organisation.pectin.rhamnogalacturonan I.modification and degradation.beta-galactosidase (BGAL)
VIT_09s0002g02120	Vitvi09g00177	21.3.2.2.2	Cell wall organisation.pectin.rhamnogalacturonan I.modification and degradation.beta-galactosidase (BGAL)
VIT_18s0001g13230	Vitvi18g01022	21.3.2.2.2	Cell wall organisation.pectin.rhamnogalacturonan I.modification and degradation.beta-galactosidase (BGAL)
VIT_18s0001g05180	Vitvi18g00376	21.3.2.2.3	Cell wall organisation.pectin.rhamnogalacturonan I.modification and degradation.alpha-L-arabinofuranosidase activities
VIT_18s0001g05180	Vitvi18g00376	21.3.2.2.3.2	Cell wall organisation.pectin.rhamnogalacturonan I.modification and degradation.alpha-L-arabinofuranosidase activities.bifunctional alpha-L-arabinofuranosidase and beta-D-xylosidase (BXL)
VIT_01s0127g00850	Vitvi01g00745	21.3.5	Cell wall organisation.pectin.modification and degradation
VIT_01s0127g00870	Vitvi01g00747	21.3.5	Cell wall organisation.pectin.modification and degradation
VIT_01s0137g00240	Vitvi01g00593	21.3.5	Cell wall organisation.pectin.modification and degradation
VIT_02s0025g01330	Vitvi02g00118	21.3.5	Cell wall organisation.pectin.modification and degradation
VIT_05s0020g01110	Vitvi05g00276	21.3.5	Cell wall organisation.pectin.modification and degradation
VIT_05s0051g00590	Vitvi05g00953	21.3.5	Cell wall organisation.pectin.modification and degradation
VIT_07s0005g02590	Vitvi07g00525	21.3.5	Cell wall organisation.pectin.modification and degradation
VIT_08s0007g08330	Vitvi08g02394	21.3.5	Cell wall organisation.pectin.modification and degradation
VIT_13s0019g04910	Vitvi13g00669	21.3.5	Cell wall organisation.pectin.modification and degradation
VIT_14s0060g00230	Vitvi14g00017	21.3.5	Cell wall organisation.pectin.modification and degradation
VIT_15s0046g02000	Vitvi15g01076	21.3.5	Cell wall organisation.pectin.modification and degradation
VIT_16s0050g00570	Vitvi16g01050	21.3.5	Cell wall organisation.pectin.modification and degradation
VIT_17s0000g09810	Vitvi17g00977	21.3.5	Cell wall organisation.pectin.modification and degradation
VIT_01s0127g00850	Vitvi01g00745	21.3.5.1	Cell wall organisation.pectin.modification and degradation.polygalacturonase activities
VIT_01s0127g00870	Vitvi01g00747	21.3.5.1	Cell wall organisation.pectin.modification and degradation.polygalacturonase activities
VIT_02s0025g01330	Vitvi02g00118	21.3.5.1	Cell wall organisation.pectin.modification and degradation.polygalacturonase activities
VIT_07s0005g02590	Vitvi07g00525	21.3.5.1	Cell wall organisation.pectin.modification and degradation.polygalacturonase activities
VIT_08s0007g08330	Vitvi08g02394	21.3.5.1	Cell wall organisation.pectin.modification and degradation.polygalacturonase activities
VIT_15s0046g02000	Vitvi15g01076	21.3.5.1	Cell wall organisation.pectin.modification and degradation.polygalacturonase activities
VIT_08s0007g08330	Vitvi08g02394	21.3.5.1.1	Cell wall organisation.pectin.modification and degradation.polygalacturonase activities.polygalacturonase (QRT2)
VIT_01s0127g00850	Vitvi01g00745	21.3.5.1.4	Cell wall organisation.pectin.modification and degradation.polygalacturonase activities.non-catalytic polygalacturonase regulator
VIT_01s0127g00870	Vitvi01g00747	21.3.5.1.4	Cell wall organisation.pectin.modification and degradation.polygalacturonase activities.non-catalytic polygalacturonase regulator
VIT_01s0137g00240	Vitvi01g00593	21.3.5.2	Cell wall organisation.pectin.modification and degradation.pectate lyase
VIT_05s0051g00590	Vitvi05g00953	21.3.5.2	Cell wall organisation.pectin.modification and degradation.pectate lyase
VIT_13s0019g04910	Vitvi13g00669	21.3.5.2	Cell wall organisation.pectin.modification and degradation.pectate lyase
VIT_17s0000g09810	Vitvi17g00977	21.3.5.2	Cell wall organisation.pectin.modification and degradation.pectate lyase
VIT_05s0020g01110	Vitvi05g00276	21.3.5.4	Cell wall organisation.pectin.modification and degradation.pectin acetylesterase
VIT_14s0060g00230	Vitvi14g00017	21.3.5.4	Cell wall organisation.pectin.modification and degradation.pectin acetylesterase
VIT_16s0050g00570	Vitvi16g01050	21.3.5.4	Cell wall organisation.pectin.modification and degradation.pectin acetylesterase
VIT_01s0026g02620	Vitvi01g01030	21.4	Cell wall organisation.cell wall proteins
VIT_03s0038g03430	Vitvi03g00209	21.4	Cell wall organisation.cell wall proteins
VIT_04s0079g00420	Vitvi04g00846	21.4	Cell wall organisation.cell wall proteins
VIT_06s0004g00070	Vitvi06g00016	21.4	Cell wall organisation.cell wall proteins
VIT_06s0004g00880	Vitvi06g00089	21.4	Cell wall organisation.cell wall proteins
VIT_06s0004g00910	Vitvi06g00093	21.4	Cell wall organisation.cell wall proteins
VIT_06s0004g04610	Vitvi06g00459	21.4	Cell wall organisation.cell wall proteins
VIT_06s0004g04860	Vitvi06g00481	21.4	Cell wall organisation.cell wall proteins
VIT_07s0129g00560	Vitvi07g01636	21.4	Cell wall organisation.cell wall proteins
VIT_07s0151g00760	Vitvi07g02132	21.4	Cell wall organisation.cell wall proteins
VIT_08s0007g00440	Vitvi08g01206	21.4	Cell wall organisation.cell wall proteins
VIT_08s0032g00910	Vitvi08g00235	21.4	Cell wall organisation.cell wall proteins
VIT_09s0070g00480	Vitvi09g01012	21.4	Cell wall organisation.cell wall proteins
VIT_11s0016g04190	Vitvi11g00360	21.4	Cell wall organisation.cell wall proteins
VIT_12s0057g01020	Vitvi12g00721	21.4	Cell wall organisation.cell wall proteins
VIT_12s0059g00570	Vitvi12g00362	21.4	Cell wall organisation.cell wall proteins
VIT_13s0067g02930	Vitvi13g00172	21.4	Cell wall organisation.cell wall proteins
VIT_14s0108g01020	Vitvi14g01977	21.4	Cell wall organisation.cell wall proteins
VIT_15s0048g01750	Vitvi15g00816	21.4	Cell wall organisation.cell wall proteins
VIT_17s0000g06360	Vitvi17g00616	21.4	Cell wall organisation.cell wall proteins
VIT_17s0053g00990	Vitvi17g01251	21.4	Cell wall organisation.cell wall proteins
VIT_19s0015g00530	Vitvi19g00682	21.4	Cell wall organisation.cell wall proteins
VIT_06s0004g00880	Vitvi06g00089	21.4.1	Cell wall organisation.cell wall proteins.hydroxyproline-rich glycoprotein activities
VIT_06s0004g00910	Vitvi06g00093	21.4.1	Cell wall organisation.cell wall proteins.hydroxyproline-rich glycoprotein activities
VIT_06s0004g04610	Vitvi06g00459	21.4.1	Cell wall organisation.cell wall proteins.hydroxyproline-rich glycoprotein activities
VIT_07s0129g00560	Vitvi07g01636	21.4.1	Cell wall organisation.cell wall proteins.hydroxyproline-rich glycoprotein activities
VIT_07s0151g00760	Vitvi07g02132	21.4.1	Cell wall organisation.cell wall proteins.hydroxyproline-rich glycoprotein activities
VIT_08s0032g00910	Vitvi08g00235	21.4.1	Cell wall organisation.cell wall proteins.hydroxyproline-rich glycoprotein activities
VIT_09s0070g00480	Vitvi09g01012	21.4.1	Cell wall organisation.cell wall proteins.hydroxyproline-rich glycoprotein activities
VIT_11s0016g04190	Vitvi11g00360	21.4.1	Cell wall organisation.cell wall proteins.hydroxyproline-rich glycoprotein activities
VIT_12s0057g01020	Vitvi12g00721	21.4.1	Cell wall organisation.cell wall proteins.hydroxyproline-rich glycoprotein activities
VIT_12s0059g00570	Vitvi12g00362	21.4.1	Cell wall organisation.cell wall proteins.hydroxyproline-rich glycoprotein activities
VIT_15s0048g01750	Vitvi15g00816	21.4.1	Cell wall organisation.cell wall proteins.hydroxyproline-rich glycoprotein activities
VIT_19s0015g00530	Vitvi19g00682	21.4.1	Cell wall organisation.cell wall proteins.hydroxyproline-rich glycoprotein activities
VIT_06s0004g00880	Vitvi06g00089	21.4.1.1	Cell wall organisation.cell wall proteins.hydroxyproline-rich glycoprotein activities.arabinogalactan-protein (AGP) activities
VIT_06s0004g00910	Vitvi06g00093	21.4.1.1	Cell wall organisation.cell wall proteins.hydroxyproline-rich glycoprotein activities.arabinogalactan-protein (AGP) activities
VIT_06s0004g04610	Vitvi06g00459	21.4.1.1	Cell wall organisation.cell wall proteins.hydroxyproline-rich glycoprotein activities.arabinogalactan-protein (AGP) activities
VIT_07s0129g00560	Vitvi07g01636	21.4.1.1	Cell wall organisation.cell wall proteins.hydroxyproline-rich glycoprotein activities.arabinogalactan-protein (AGP) activities
VIT_07s0151g00760	Vitvi07g02132	21.4.1.1	Cell wall organisation.cell wall proteins.hydroxyproline-rich glycoprotein activities.arabinogalactan-protein (AGP) activities
VIT_08s0032g00910	Vitvi08g00235	21.4.1.1	Cell wall organisation.cell wall proteins.hydroxyproline-rich glycoprotein activities.arabinogalactan-protein (AGP) activities
VIT_12s0057g01020	Vitvi12g00721	21.4.1.1	Cell wall organisation.cell wall proteins.hydroxyproline-rich glycoprotein activities.arabinogalactan-protein (AGP) activities
VIT_12s0059g00570	Vitvi12g00362	21.4.1.1	Cell wall organisation.cell wall proteins.hydroxyproline-rich glycoprotein activities.arabinogalactan-protein (AGP) activities
VIT_15s0048g01750	Vitvi15g00816	21.4.1.1	Cell wall organisation.cell wall proteins.hydroxyproline-rich glycoprotein activities.arabinogalactan-protein (AGP) activities
VIT_19s0015g00530	Vitvi19g00682	21.4.1.1	Cell wall organisation.cell wall proteins.hydroxyproline-rich glycoprotein activities.arabinogalactan-protein (AGP) activities
VIT_07s0129g00560	Vitvi07g01636	21.4.1.1.2	Cell wall organisation.cell wall proteins.hydroxyproline-rich glycoprotein activities.arabinogalactan-protein (AGP) activities.lysine-rich AGP
VIT_06s0004g04610	Vitvi06g00459	21.4.1.1.3	Cell wall organisation.cell wall proteins.hydroxyproline-rich glycoprotein activities.arabinogalactan-protein (AGP) activities.fasciclin-type AGP (FLA)
VIT_08s0032g00910	Vitvi08g00235	21.4.1.1.3	Cell wall organisation.cell wall proteins.hydroxyproline-rich glycoprotein activities.arabinogalactan-protein (AGP) activities.fasciclin-type AGP (FLA)
VIT_12s0057g01020	Vitvi12g00721	21.4.1.1.3	Cell wall organisation.cell wall proteins.hydroxyproline-rich glycoprotein activities.arabinogalactan-protein (AGP) activities.fasciclin-type AGP (FLA)
VIT_12s0059g00570	Vitvi12g00362	21.4.1.1.3	Cell wall organisation.cell wall proteins.hydroxyproline-rich glycoprotein activities.arabinogalactan-protein (AGP) activities.fasciclin-type AGP (FLA)
VIT_15s0048g01750	Vitvi15g00816	21.4.1.1.3	Cell wall organisation.cell wall proteins.hydroxyproline-rich glycoprotein activities.arabinogalactan-protein (AGP) activities.fasciclin-type AGP (FLA)
VIT_19s0015g00530	Vitvi19g00682	21.4.1.1.3	Cell wall organisation.cell wall proteins.hydroxyproline-rich glycoprotein activities.arabinogalactan-protein (AGP) activities.fasciclin-type AGP (FLA)
VIT_06s0004g00880	Vitvi06g00089	21.4.1.1.4	Cell wall organisation.cell wall proteins.hydroxyproline-rich glycoprotein activities.arabinogalactan-protein (AGP) activities.xylogen-type AGP (XYP/XYLP)
VIT_06s0004g00910	Vitvi06g00093	21.4.1.1.4	Cell wall organisation.cell wall proteins.hydroxyproline-rich glycoprotein activities.arabinogalactan-protein (AGP) activities.xylogen-type AGP (XYP/XYLP)
VIT_07s0151g00760	Vitvi07g02132	21.4.1.1.4	Cell wall organisation.cell wall proteins.hydroxyproline-rich glycoprotein activities.arabinogalactan-protein (AGP) activities.xylogen-type AGP (XYP/XYLP)
VIT_09s0070g00480	Vitvi09g01012	21.4.1.3	Cell wall organisation.cell wall proteins.hydroxyproline-rich glycoprotein activities.extensin activities
VIT_11s0016g04190	Vitvi11g00360	21.4.1.3	Cell wall organisation.cell wall proteins.hydroxyproline-rich glycoprotein activities.extensin activities
VIT_09s0070g00480	Vitvi09g01012	21.4.1.3.2	Cell wall organisation.cell wall proteins.hydroxyproline-rich glycoprotein activities.extensin activities.LRR-domain extensin
VIT_11s0016g04190	Vitvi11g00360	21.4.1.3.2	Cell wall organisation.cell wall proteins.hydroxyproline-rich glycoprotein activities.extensin activities.LRR-domain extensin
VIT_01s0026g02620	Vitvi01g01030	21.4.2	Cell wall organisation.cell wall proteins.expansin activities
VIT_03s0038g03430	Vitvi03g00209	21.4.2	Cell wall organisation.cell wall proteins.expansin activities
VIT_04s0079g00420	Vitvi04g00846	21.4.2	Cell wall organisation.cell wall proteins.expansin activities
VIT_06s0004g00070	Vitvi06g00016	21.4.2	Cell wall organisation.cell wall proteins.expansin activities
VIT_06s0004g04860	Vitvi06g00481	21.4.2	Cell wall organisation.cell wall proteins.expansin activities
VIT_08s0007g00440	Vitvi08g01206	21.4.2	Cell wall organisation.cell wall proteins.expansin activities
VIT_13s0067g02930	Vitvi13g00172	21.4.2	Cell wall organisation.cell wall proteins.expansin activities
VIT_14s0108g01020	Vitvi14g01977	21.4.2	Cell wall organisation.cell wall proteins.expansin activities
VIT_17s0000g06360	Vitvi17g00616	21.4.2	Cell wall organisation.cell wall proteins.expansin activities
VIT_17s0053g00990	Vitvi17g01251	21.4.2	Cell wall organisation.cell wall proteins.expansin activities
VIT_01s0026g02620	Vitvi01g01030	21.4.2.1	Cell wall organisation.cell wall proteins.expansin activities.alpha-class expansin
VIT_04s0079g00420	Vitvi04g00846	21.4.2.1	Cell wall organisation.cell wall proteins.expansin activities.alpha-class expansin
VIT_06s0004g00070	Vitvi06g00016	21.4.2.1	Cell wall organisation.cell wall proteins.expansin activities.alpha-class expansin
VIT_06s0004g04860	Vitvi06g00481	21.4.2.1	Cell wall organisation.cell wall proteins.expansin activities.alpha-class expansin
VIT_08s0007g00440	Vitvi08g01206	21.4.2.1	Cell wall organisation.cell wall proteins.expansin activities.alpha-class expansin
VIT_13s0067g02930	Vitvi13g00172	21.4.2.1	Cell wall organisation.cell wall proteins.expansin activities.alpha-class expansin
VIT_14s0108g01020	Vitvi14g01977	21.4.2.1	Cell wall organisation.cell wall proteins.expansin activities.alpha-class expansin
VIT_17s0000g06360	Vitvi17g00616	21.4.2.1	Cell wall organisation.cell wall proteins.expansin activities.alpha-class expansin
VIT_17s0053g00990	Vitvi17g01251	21.4.2.1	Cell wall organisation.cell wall proteins.expansin activities.alpha-class expansin
VIT_03s0038g03430	Vitvi03g00209	21.4.2.2	Cell wall organisation.cell wall proteins.expansin activities.alpha-like-class expansin
VIT_01s0010g03510	Vitvi01g02265	21.6	Cell wall organisation.lignin
VIT_04s0023g02900	Vitvi04g01412	21.6	Cell wall organisation.lignin
VIT_07s0031g00350	Vitvi07g01723	21.6	Cell wall organisation.lignin
VIT_08s0040g00780	Vitvi08g00940	21.6	Cell wall organisation.lignin
VIT_09s0018g01190	Vitvi09g01229	21.6	Cell wall organisation.lignin
VIT_09s0070g00240	Vitvi09g00993	21.6	Cell wall organisation.lignin
VIT_18s0001g02610	Vitvi18g00263	21.6	Cell wall organisation.lignin
VIT_19s0014g03240	Vitvi19g00264	21.6	Cell wall organisation.lignin
VIT_01s0010g03510	Vitvi01g02265	21.6.1	Cell wall organisation.lignin.monolignol biosynthesis
VIT_04s0023g02900	Vitvi04g01412	21.6.1	Cell wall organisation.lignin.monolignol biosynthesis
VIT_07s0031g00350	Vitvi07g01723	21.6.1	Cell wall organisation.lignin.monolignol biosynthesis
VIT_08s0040g00780	Vitvi08g00940	21.6.1	Cell wall organisation.lignin.monolignol biosynthesis
VIT_09s0018g01190	Vitvi09g01229	21.6.1	Cell wall organisation.lignin.monolignol biosynthesis
VIT_09s0070g00240	Vitvi09g00993	21.6.1	Cell wall organisation.lignin.monolignol biosynthesis
VIT_18s0001g02610	Vitvi18g00263	21.6.1	Cell wall organisation.lignin.monolignol biosynthesis
VIT_09s0018g01190	Vitvi09g01229	21.6.1.1	Cell wall organisation.lignin.monolignol biosynthesis.hydroxycinnamoyl-CoA:quinate/shikimate O-hydroxycinnamoyltransferase (HCT)
VIT_08s0040g00780	Vitvi08g00940	21.6.1.2	Cell wall organisation.lignin.monolignol biosynthesis.p-coumaroyl shikimate/quinate 3<U+2019>-hydroxylase (C3H)
VIT_01s0010g03510	Vitvi01g02265	21.6.1.4	Cell wall organisation.lignin.monolignol biosynthesis.caffeoyl-CoA 3-O-methyltransferase (CCoA-OMT)
VIT_07s0031g00350	Vitvi07g01723	21.6.1.4	Cell wall organisation.lignin.monolignol biosynthesis.caffeoyl-CoA 3-O-methyltransferase (CCoA-OMT)
VIT_09s0070g00240	Vitvi09g00993	21.6.1.5	Cell wall organisation.lignin.monolignol biosynthesis.cinnamoyl-CoA reductase (CCR)
VIT_04s0023g02900	Vitvi04g01412	21.6.1.6	Cell wall organisation.lignin.monolignol biosynthesis.ferulate 5-hydroxylase (F5H)
VIT_18s0001g02610	Vitvi18g00263	21.6.1.7	Cell wall organisation.lignin.monolignol biosynthesis.caffeic acid O-methyltransferase (COMT)
VIT_19s0014g03240	Vitvi19g00264	21.6.3	Cell wall organisation.lignin.monolignol glycosylation and deglycosylation
VIT_19s0014g03240	Vitvi19g00264	21.6.3.2	Cell wall organisation.lignin.monolignol glycosylation and deglycosylation.coniferin beta-glucosidase
VIT_08s0007g02000	Vitvi08g01342	21.9	Cell wall organisation.cutin and suberin
VIT_09s0018g01340	Vitvi09g01887	21.9	Cell wall organisation.cutin and suberin
VIT_13s0074g00390	Vitvi13g00738	21.9	Cell wall organisation.cutin and suberin
VIT_15s0046g00480	Vitvi15g00959	21.9	Cell wall organisation.cutin and suberin
VIT_15s0046g00490	Vitvi15g00960	21.9	Cell wall organisation.cutin and suberin
VIT_15s0046g00590	Vitvi15g01579	21.9	Cell wall organisation.cutin and suberin
VIT_15s0046g00660	Vitvi15g01585	21.9	Cell wall organisation.cutin and suberin
VIT_15s0046g00710	Vitvi15g01587	21.9	Cell wall organisation.cutin and suberin
VIT_16s0050g00830	Vitvi16g01078	21.9	Cell wall organisation.cutin and suberin
VIT_08s0007g02000	Vitvi08g01342	21.9.1	Cell wall organisation.cutin and suberin.cuticular lipid formation
VIT_09s0018g01340	Vitvi09g01887	21.9.1	Cell wall organisation.cutin and suberin.cuticular lipid formation
VIT_13s0074g00390	Vitvi13g00738	21.9.1	Cell wall organisation.cutin and suberin.cuticular lipid formation
VIT_15s0046g00480	Vitvi15g00959	21.9.1	Cell wall organisation.cutin and suberin.cuticular lipid formation
VIT_15s0046g00490	Vitvi15g00960	21.9.1	Cell wall organisation.cutin and suberin.cuticular lipid formation
VIT_15s0046g00590	Vitvi15g01579	21.9.1	Cell wall organisation.cutin and suberin.cuticular lipid formation
VIT_15s0046g00660	Vitvi15g01585	21.9.1	Cell wall organisation.cutin and suberin.cuticular lipid formation
VIT_15s0046g00710	Vitvi15g01587	21.9.1	Cell wall organisation.cutin and suberin.cuticular lipid formation
VIT_13s0074g00390	Vitvi13g00738	21.9.1.2	Cell wall organisation.cutin and suberin.cuticular lipid formation.fatty acyl in-chain hydroxylase
VIT_08s0007g02000	Vitvi08g01342	21.9.1.5	Cell wall organisation.cutin and suberin.cuticular lipid formation.monoacylglyceryl ester monomer biosynthesis
VIT_08s0007g02000	Vitvi08g01342	21.9.1.5.1	Cell wall organisation.cutin and suberin.cuticular lipid formation.monoacylglyceryl ester monomer biosynthesis.cutin sn-glycerol-3-phosphate acyltransferase
VIT_15s0046g00480	Vitvi15g00959	21.9.1.6	Cell wall organisation.cutin and suberin.cuticular lipid formation.acyl-reduction pathway
VIT_15s0046g00490	Vitvi15g00960	21.9.1.6	Cell wall organisation.cutin and suberin.cuticular lipid formation.acyl-reduction pathway
VIT_15s0046g00590	Vitvi15g01579	21.9.1.6	Cell wall organisation.cutin and suberin.cuticular lipid formation.acyl-reduction pathway
VIT_15s0046g00660	Vitvi15g01585	21.9.1.6	Cell wall organisation.cutin and suberin.cuticular lipid formation.acyl-reduction pathway
VIT_15s0046g00710	Vitvi15g01587	21.9.1.6	Cell wall organisation.cutin and suberin.cuticular lipid formation.acyl-reduction pathway
VIT_15s0046g00480	Vitvi15g00959	21.9.1.6.2	Cell wall organisation.cutin and suberin.cuticular lipid formation.acyl-reduction pathway.wax ester synthase and diacylglycerol acyltransferase
VIT_15s0046g00490	Vitvi15g00960	21.9.1.6.2	Cell wall organisation.cutin and suberin.cuticular lipid formation.acyl-reduction pathway.wax ester synthase and diacylglycerol acyltransferase
VIT_15s0046g00590	Vitvi15g01579	21.9.1.6.2	Cell wall organisation.cutin and suberin.cuticular lipid formation.acyl-reduction pathway.wax ester synthase and diacylglycerol acyltransferase
VIT_15s0046g00660	Vitvi15g01585	21.9.1.6.2	Cell wall organisation.cutin and suberin.cuticular lipid formation.acyl-reduction pathway.wax ester synthase and diacylglycerol acyltransferase
VIT_15s0046g00710	Vitvi15g01587	21.9.1.6.2	Cell wall organisation.cutin and suberin.cuticular lipid formation.acyl-reduction pathway.wax ester synthase and diacylglycerol acyltransferase
VIT_09s0018g01340	Vitvi09g01887	21.9.1.7	Cell wall organisation.cutin and suberin.cuticular lipid formation.alkane-forming pathway
VIT_09s0018g01340	Vitvi09g01887	21.9.1.7.1	Cell wall organisation.cutin and suberin.cuticular lipid formation.alkane-forming pathway.CER1-CER3 alkane-forming complex
VIT_09s0018g01340	Vitvi09g01887	21.9.1.7.1.2	Cell wall organisation.cutin and suberin.cuticular lipid formation.alkane-forming pathway.CER1-CER3 alkane-forming complex.aldehyde-generating component CER3
VIT_16s0050g00830	Vitvi16g01078	21.9.5	Cell wall organisation.cutin and suberin.cutin polyester biosynthesis
VIT_16s0050g00830	Vitvi16g01078	21.9.5.3	Cell wall organisation.cutin and suberin.cutin polyester biosynthesis.cutin synthase (DCR)
VIT_01s0011g01050	Vitvi01g01855	22	Vesicle trafficking
VIT_05s0165g00230	Vitvi05g01454	22	Vesicle trafficking
VIT_06s0004g04010	Vitvi06g00397	22	Vesicle trafficking
VIT_07s0129g01090	Vitvi07g01682	22	Vesicle trafficking
VIT_13s0106g00770	Vitvi13g02140	22	Vesicle trafficking
VIT_18s0001g12100	Vitvi18g00929	22	Vesicle trafficking
VIT_19s0015g00810	Vitvi19g00709	22	Vesicle trafficking
VIT_18s0001g12100	Vitvi18g00929	22.1	Vesicle trafficking.clathrin coated vesicle (CCV) machinery
VIT_18s0001g12100	Vitvi18g00929	22.1.6	Vesicle trafficking.clathrin coated vesicle (CCV) machinery.CCV accessory factors
VIT_18s0001g12100	Vitvi18g00929	22.1.6.4	Vesicle trafficking.clathrin coated vesicle (CCV) machinery.CCV accessory factors.clathrin uncoating protein (AUL)
VIT_07s0129g01090	Vitvi07g01682	22.3	Vesicle trafficking.Coat protein I (COPI) coatomer machinery
VIT_07s0129g01090	Vitvi07g01682	22.3.2	Vesicle trafficking.Coat protein I (COPI) coatomer machinery.coat protein recruiting
VIT_07s0129g01090	Vitvi07g01682	22.3.2.1	Vesicle trafficking.Coat protein I (COPI) coatomer machinery.coat protein recruiting.ARF-GTPase
VIT_05s0165g00230	Vitvi05g01454	22.4	Vesicle trafficking.Coat protein II (COPII) coatomer machinery
VIT_13s0106g00770	Vitvi13g02140	22.4	Vesicle trafficking.Coat protein II (COPII) coatomer machinery
VIT_19s0015g00810	Vitvi19g00709	22.4	Vesicle trafficking.Coat protein II (COPII) coatomer machinery
VIT_13s0106g00770	Vitvi13g02140	22.4.1	Vesicle trafficking.Coat protein II (COPII) coatomer machinery.coat protein complex
VIT_19s0015g00810	Vitvi19g00709	22.4.1	Vesicle trafficking.Coat protein II (COPII) coatomer machinery.coat protein complex
VIT_13s0106g00770	Vitvi13g02140	22.4.1.1	Vesicle trafficking.Coat protein II (COPII) coatomer machinery.coat protein complex.scaffolding component Sec13
VIT_19s0015g00810	Vitvi19g00709	22.4.1.1	Vesicle trafficking.Coat protein II (COPII) coatomer machinery.coat protein complex.scaffolding component Sec13
VIT_05s0165g00230	Vitvi05g01454	22.4.2	Vesicle trafficking.Coat protein II (COPII) coatomer machinery.coat protein recruiting
VIT_05s0165g00230	Vitvi05g01454	22.4.2.1	Vesicle trafficking.Coat protein II (COPII) coatomer machinery.coat protein recruiting.GTPase (Sar1)
VIT_01s0011g01050	Vitvi01g01855	22.5	Vesicle trafficking.endomembrane trafficking
VIT_01s0011g01050	Vitvi01g01855	22.5.2	Vesicle trafficking.endomembrane trafficking.vacuolar sorting
VIT_01s0011g01050	Vitvi01g01855	22.5.2.1	Vesicle trafficking.endomembrane trafficking.vacuolar sorting.vacuolar sorting receptor (VSR)
VIT_06s0004g04010	Vitvi06g00397	22.6	Vesicle trafficking.target membrane tethering
VIT_06s0004g04010	Vitvi06g00397	22.6.3	Vesicle trafficking.target membrane tethering.Exocyst complex
VIT_06s0004g04010	Vitvi06g00397	22.6.3.1	Vesicle trafficking.target membrane tethering.Exocyst complex.component EXO70
VIT_03s0038g03560	Vitvi03g00216	23	Protein translocation
VIT_03s0063g02020	Vitvi03g00375	23	Protein translocation
VIT_09s0002g07110	Vitvi09g00627	23	Protein translocation
VIT_13s0019g04080	Vitvi13g00583	23	Protein translocation
VIT_19s0177g00340	Vitvi19g00462	23	Protein translocation
VIT_03s0038g03560	Vitvi03g00216	23.1	Protein translocation.chloroplast
VIT_03s0063g02020	Vitvi03g00375	23.1	Protein translocation.chloroplast
VIT_09s0002g07110	Vitvi09g00627	23.1	Protein translocation.chloroplast
VIT_19s0177g00340	Vitvi19g00462	23.1	Protein translocation.chloroplast
VIT_09s0002g07110	Vitvi09g00627	23.1.2	Protein translocation.chloroplast.outer envelope TOC translocation system
VIT_09s0002g07110	Vitvi09g00627	23.1.2.6	Protein translocation.chloroplast.outer envelope TOC translocation system.regulatory kinase (KOG1)
VIT_03s0063g02020	Vitvi03g00375	23.1.3	Protein translocation.chloroplast.inner envelope TIC translocation system
VIT_03s0063g02020	Vitvi03g00375	23.1.3.5	Protein translocation.chloroplast.inner envelope TIC translocation system.redox regulon complex
VIT_03s0063g02020	Vitvi03g00375	23.1.3.5.3	Protein translocation.chloroplast.inner envelope TIC translocation system.redox regulon complex.component Tic62
VIT_03s0038g03560	Vitvi03g00216	23.1.7	Protein translocation.chloroplast.thylakoid membrane SRP insertion system
VIT_19s0177g00340	Vitvi19g00462	23.1.7	Protein translocation.chloroplast.thylakoid membrane SRP insertion system
VIT_19s0177g00340	Vitvi19g00462	23.1.7.1	Protein translocation.chloroplast.thylakoid membrane SRP insertion system.TIC-to-SRP handover factor (LTD)
VIT_03s0038g03560	Vitvi03g00216	23.1.7.3	Protein translocation.chloroplast.thylakoid membrane SRP insertion system.SRP43-SRP54 transit complex
VIT_03s0038g03560	Vitvi03g00216	23.1.7.3.1	Protein translocation.chloroplast.thylakoid membrane SRP insertion system.SRP43-SRP54 transit complex.component cpSRP43
VIT_13s0019g04080	Vitvi13g00583	23.3	Protein translocation.endoplasmic reticulum
VIT_13s0019g04080	Vitvi13g00583	23.3.1	Protein translocation.endoplasmic reticulum.co-translational insertion system
VIT_13s0019g04080	Vitvi13g00583	23.3.1.3	Protein translocation.endoplasmic reticulum.co-translational insertion system.Sec61 subcomplex
VIT_13s0019g04080	Vitvi13g00583	23.3.1.3.2	Protein translocation.endoplasmic reticulum.co-translational insertion system.Sec61 subcomplex.subunit beta
VIT_00s0125g00190	Vitvi10g01219	24	Solute transport
VIT_00s0187g00130	Vitvi10g00204	24	Solute transport
VIT_00s0225g00070	Vitvi01g00656	24	Solute transport
VIT_00s0267g00030	Vitvi07g02904	24	Solute transport
VIT_00s0291g00060	Vitvi01g00647	24	Solute transport
VIT_00s0463g00030	Vitvi10g00274	24	Solute transport
VIT_00s1667g00010	Vitvi00g02208	24	Solute transport
VIT_01s0011g00590	Vitvi01g00052	24	Solute transport
VIT_01s0011g00600	Vitvi01g00053	24	Solute transport
VIT_01s0011g03180	Vitvi01g00253	24	Solute transport
VIT_01s0011g03400	Vitvi01g00277	24	Solute transport
VIT_01s0011g04210	Vitvi01g00343	24	Solute transport
VIT_01s0011g06560	Vitvi01g00563	24	Solute transport
VIT_01s0026g00530	Vitvi01g00813	24	Solute transport
VIT_01s0026g00740	Vitvi01g00833	24	Solute transport
VIT_01s0146g00260	Vitvi01g01719	24	Solute transport
VIT_01s0150g00250	Vitvi01g02299	24	Solute transport
VIT_02s0012g01660	Vitvi02g00726	24	Solute transport
VIT_02s0025g00810	Vitvi02g01328	24	Solute transport
VIT_02s0025g00990	Vitvi02g00086	24	Solute transport
VIT_02s0025g01230	Vitvi02g00109	24	Solute transport
VIT_02s0025g02080	Vitvi02g00181	24	Solute transport
VIT_02s0025g02500	Vitvi02g01365	24	Solute transport
VIT_02s0025g03260	Vitvi02g00295	24	Solute transport
VIT_02s0025g03310	Vitvi02g00301	24	Solute transport
VIT_02s0025g03390	Vitvi02g00310	24	Solute transport
VIT_02s0154g00260	Vitvi02g00529	24	Solute transport
VIT_03s0038g01410	Vitvi03g00083	24	Solute transport
VIT_03s0038g02140	Vitvi03g00122	24	Solute transport
VIT_03s0038g02520	Vitvi03g00155	24	Solute transport
VIT_03s0063g02250	Vitvi03g00359	24	Solute transport
VIT_03s0110g00300	Vitvi03g01756	24	Solute transport
VIT_04s0008g01720	Vitvi04g00147	24	Solute transport
VIT_04s0008g04990	Vitvi04g00440	24	Solute transport
VIT_04s0023g00320	Vitvi04g01151	24	Solute transport
VIT_04s0023g01150	Vitvi04g01225	24	Solute transport
VIT_04s0023g02730	Vitvi04g01392	24	Solute transport
VIT_04s0044g01850	Vitvi04g01746	24	Solute transport
VIT_04s0044g01860	Vitvi04g01747	24	Solute transport
VIT_04s0044g01870	Vitvi04g02257	24	Solute transport
VIT_04s0044g01880	Vitvi04g01748	24	Solute transport
VIT_05s0020g00440	Vitvi05g00214	24	Solute transport
VIT_05s0020g00680	Vitvi05g00243	24	Solute transport
VIT_05s0020g02170	Vitvi05g00377	24	Solute transport
VIT_05s0020g03140	Vitvi05g00468	24	Solute transport
VIT_05s0020g03970	Vitvi05g00548	24	Solute transport
VIT_05s0049g01550	Vitvi05g00802	24	Solute transport
VIT_05s0062g01120	Vitvi05g01348	24	Solute transport
VIT_05s0077g02260	Vitvi05g00013	24	Solute transport
VIT_06s0004g01890	Vitvi06g00199	24	Solute transport
VIT_06s0004g02850	Vitvi06g00281	24	Solute transport
VIT_06s0004g05070	Vitvi06g00500	24	Solute transport
VIT_06s0004g07680	Vitvi06g00761	24	Solute transport
VIT_06s0009g01110	Vitvi06g00999	24	Solute transport
VIT_06s0009g01140	Vitvi06g01010	24	Solute transport
VIT_06s0061g00350	Vitvi06g01306	24	Solute transport
VIT_06s0061g00570	Vitvi06g01331	24	Solute transport
VIT_06s0061g00730	Vitvi06g01346	24	Solute transport
VIT_06s0061g01210	Vitvi06g01396	24	Solute transport
VIT_06s0061g01310	Vitvi06g01404	24	Solute transport
VIT_07s0005g00260	Vitvi07g00311	24	Solute transport
VIT_07s0005g02060	Vitvi07g00470	24	Solute transport
VIT_07s0005g03960	Vitvi07g00656	24	Solute transport
VIT_07s0031g02170	Vitvi07g01890	24	Solute transport
VIT_07s0031g02200	Vitvi07g01893	24	Solute transport
VIT_07s0031g02340	Vitvi07g01906	24	Solute transport
VIT_07s0031g02550	Vitvi07g01921	24	Solute transport
VIT_07s0031g02950	Vitvi07g01977	24	Solute transport
VIT_07s0104g00830	Vitvi07g00207	24	Solute transport
VIT_07s0141g00590	Vitvi07g00032	24	Solute transport
VIT_07s0151g00340	Vitvi07g00091	24	Solute transport
VIT_08s0007g01810	Vitvi08g01325	24	Solute transport
VIT_08s0007g02020	Vitvi08g02238	24	Solute transport
VIT_08s0007g02030	Vitvi08g01346	24	Solute transport
VIT_08s0007g02240	Vitvi08g02245	24	Solute transport
VIT_08s0007g03710	Vitvi08g01493	24	Solute transport
VIT_08s0007g04550	Vitvi08g01577	24	Solute transport
VIT_08s0007g04780	Vitvi08g01602	24	Solute transport
VIT_08s0007g05060	Vitvi08g01627	24	Solute transport
VIT_08s0007g05210	Vitvi08g01641	24	Solute transport
VIT_08s0007g07270	Vitvi08g01801	24	Solute transport
VIT_08s0040g00800	Vitvi08g00942	24	Solute transport
VIT_08s0040g01890	Vitvi08g01038	24	Solute transport
VIT_08s0056g01000	Vitvi08g00085	24	Solute transport
VIT_08s0056g01120	Vitvi08g00099	24	Solute transport
VIT_08s0056g01480	Vitvi08g02000	24	Solute transport
VIT_08s0058g00740	Vitvi08g02084	24	Solute transport
VIT_09s0002g04020	Vitvi09g00329	24	Solute transport
VIT_09s0002g04130	Vitvi09g00340	24	Solute transport
VIT_09s0002g04240	Vitvi09g00350	24	Solute transport
VIT_09s0002g04500	Vitvi09g00377	24	Solute transport
VIT_09s0002g05710	Vitvi09g00489	24	Solute transport
VIT_09s0002g07940	Vitvi09g00703	24	Solute transport
VIT_09s0070g00210	Vitvi09g00988	24	Solute transport
VIT_10s0003g01830	Vitvi10g00639	24	Solute transport
VIT_11s0016g04160	Vitvi11g00356	24	Solute transport
VIT_11s0016g05110	Vitvi11g00451	24	Solute transport
VIT_11s0052g01560	Vitvi11g01692	24	Solute transport
VIT_11s0052g01570	Vitvi11g01693	24	Solute transport
VIT_11s0118g00560	Vitvi11g00581	24	Solute transport
VIT_12s0035g00910	Vitvi12g02027	24	Solute transport
VIT_12s0035g01820	Vitvi12g02125	24	Solute transport
VIT_12s0059g01240	Vitvi12g00429	24	Solute transport
VIT_12s0059g02180	Vitvi12g02409	24	Solute transport
VIT_12s0059g02260	Vitvi12g00516	24	Solute transport
VIT_13s0019g00330	Vitvi13g00255	24	Solute transport
VIT_13s0019g04280	Vitvi13g00605	24	Solute transport
VIT_13s0019g04660	Vitvi13g00646	24	Solute transport
VIT_13s0019g05070	Vitvi13g00683	24	Solute transport
VIT_13s0067g00220	Vitvi13g00012	24	Solute transport
VIT_13s0067g00330	Vitvi13g00019	24	Solute transport
VIT_13s0074g00570	Vitvi13g00766	24	Solute transport
VIT_13s0074g00690	Vitvi13g00784	24	Solute transport
VIT_13s0084g00090	Vitvi13g01395	24	Solute transport
VIT_14s0030g00250	Vitvi14g02582	24	Solute transport
VIT_14s0030g00340	Vitvi14g02586	24	Solute transport
VIT_14s0066g00850	Vitvi14g01720	24	Solute transport
VIT_14s0066g01580	Vitvi14g01798	24	Solute transport
VIT_14s0066g01640	Vitvi14g01805	24	Solute transport
VIT_14s0068g01870	Vitvi14g01529	24	Solute transport
VIT_14s0068g02190	Vitvi14g01560	24	Solute transport
VIT_14s0108g00430	Vitvi14g01928	24	Solute transport
VIT_14s0108g00700	Vitvi14g01952	24	Solute transport
VIT_14s0108g01130	Vitvi14g01992	24	Solute transport
VIT_14s0108g01420	Vitvi14g02018	24	Solute transport
VIT_14s0171g00400	Vitvi14g01596	24	Solute transport
VIT_15s0046g02410	Vitvi15g01109	24	Solute transport
VIT_15s0046g02420	Vitvi15g01110	24	Solute transport
VIT_15s0107g00270	Vitvi15g00244	24	Solute transport
VIT_16s0039g00220	Vitvi16g00010	24	Solute transport
VIT_16s0050g00910	Vitvi16g01913	24	Solute transport
VIT_16s0050g01620	Vitvi16g01144	24	Solute transport
VIT_16s0098g01290	Vitvi16g02074	24	Solute transport
VIT_17s0000g00820	Vitvi17g00069	24	Solute transport
VIT_17s0000g00830	Vitvi17g00070	24	Solute transport
VIT_17s0000g01160	Vitvi17g00091	24	Solute transport
VIT_17s0000g01930	Vitvi17g00162	24	Solute transport
VIT_17s0000g02970	Vitvi17g00256	24	Solute transport
VIT_17s0000g07850	Vitvi17g00759	24	Solute transport
VIT_17s0000g08530	Vitvi17g00829	24	Solute transport
VIT_17s0053g00040	Vitvi17g01148	24	Solute transport
VIT_17s0053g00380	Vitvi17g01183	24	Solute transport
VIT_18s0001g03540	Vitvi18g00310	24	Solute transport
VIT_18s0001g05570	Vitvi18g00397	24	Solute transport
VIT_18s0001g06790	Vitvi18g00470	24	Solute transport
VIT_18s0001g06940	Vitvi18g02593	24	Solute transport
VIT_18s0001g08200	Vitvi18g00583	24	Solute transport
VIT_18s0001g08270	Vitvi18g00593	24	Solute transport
VIT_18s0001g13360	Vitvi18g01034	24	Solute transport
VIT_18s0001g15330	Vitvi18g01215	24	Solute transport
VIT_18s0041g00090	Vitvi18g01947	24	Solute transport
VIT_18s0041g00550	Vitvi18g01987	24	Solute transport
VIT_18s0041g00580	Vitvi18g01992	24	Solute transport
VIT_18s0041g00670	Vitvi18g03112	24	Solute transport
VIT_18s0076g00250	Vitvi18g01315	24	Solute transport
VIT_18s0086g00440	Vitvi18g01407	24	Solute transport
VIT_18s0122g00850	Vitvi18g00056	24	Solute transport
VIT_18s0157g00180	Vitvi18g01571	24	Solute transport
VIT_19s0014g04790	Vitvi19g00378	24	Solute transport
VIT_19s0015g01300	Vitvi19g00760	24	Solute transport
VIT_19s0090g01170	Vitvi19g00565	24	Solute transport
VIT_00s0463g00030	Vitvi10g00274	24.1	Solute transport.primary active transport
VIT_00s1667g00010	Vitvi00g02208	24.1	Solute transport.primary active transport
VIT_02s0012g01660	Vitvi02g00726	24.1	Solute transport.primary active transport
VIT_02s0025g00990	Vitvi02g00086	24.1	Solute transport.primary active transport
VIT_05s0020g00680	Vitvi05g00243	24.1	Solute transport.primary active transport
VIT_06s0004g01890	Vitvi06g00199	24.1	Solute transport.primary active transport
VIT_06s0061g00350	Vitvi06g01306	24.1	Solute transport.primary active transport
VIT_07s0005g00260	Vitvi07g00311	24.1	Solute transport.primary active transport
VIT_07s0031g02550	Vitvi07g01921	24.1	Solute transport.primary active transport
VIT_08s0007g03710	Vitvi08g01493	24.1	Solute transport.primary active transport
VIT_08s0007g05060	Vitvi08g01627	24.1	Solute transport.primary active transport
VIT_09s0002g07940	Vitvi09g00703	24.1	Solute transport.primary active transport
VIT_13s0074g00690	Vitvi13g00784	24.1	Solute transport.primary active transport
VIT_14s0108g00430	Vitvi14g01928	24.1	Solute transport.primary active transport
VIT_16s0050g01620	Vitvi16g01144	24.1	Solute transport.primary active transport
VIT_18s0086g00440	Vitvi18g01407	24.1	Solute transport.primary active transport
VIT_18s0086g00440	Vitvi18g01407	24.1.1	Solute transport.primary active transport.V-type ATPase complex
VIT_18s0086g00440	Vitvi18g01407	24.1.1.1	Solute transport.primary active transport.V-type ATPase complex.membrane V0 subcomplex
VIT_18s0086g00440	Vitvi18g01407	24.1.1.1.2	Solute transport.primary active transport.V-type ATPase complex.membrane V0 subcomplex.subunit c
VIT_00s0463g00030	Vitvi10g00274	24.1.2	Solute transport.primary active transport.P-type ATPase superfamily
VIT_00s1667g00010	Vitvi00g02208	24.1.2	Solute transport.primary active transport.P-type ATPase superfamily
VIT_06s0004g01890	Vitvi06g00199	24.1.2	Solute transport.primary active transport.P-type ATPase superfamily
VIT_06s0004g01890	Vitvi06g00199	24.1.2.1	Solute transport.primary active transport.P-type ATPase superfamily.P1 family
VIT_06s0004g01890	Vitvi06g00199	24.1.2.1.1	Solute transport.primary active transport.P-type ATPase superfamily.P1 family.P1B-type heavy metal cation-transporting ATPase (HMA)
VIT_00s0463g00030	Vitvi10g00274	24.1.2.2	Solute transport.primary active transport.P-type ATPase superfamily.P2 family
VIT_00s0463g00030	Vitvi10g00274	24.1.2.2.2	Solute transport.primary active transport.P-type ATPase superfamily.P2 family.P2B-type calcium cation-transporting ATPase (ACA)
VIT_00s1667g00010	Vitvi00g02208	24.1.2.4	Solute transport.primary active transport.P-type ATPase superfamily.P4 family
VIT_00s1667g00010	Vitvi00g02208	24.1.2.4.1	Solute transport.primary active transport.P-type ATPase superfamily.P4 family.phospholipid flippase complex
VIT_00s1667g00010	Vitvi00g02208	24.1.2.4.1.2	Solute transport.primary active transport.P-type ATPase superfamily.P4 family.phospholipid flippase complex.regulatory component ALIS
VIT_02s0012g01660	Vitvi02g00726	24.1.3	Solute transport.primary active transport.ABC superfamily
VIT_02s0025g00990	Vitvi02g00086	24.1.3	Solute transport.primary active transport.ABC superfamily
VIT_05s0020g00680	Vitvi05g00243	24.1.3	Solute transport.primary active transport.ABC superfamily
VIT_06s0061g00350	Vitvi06g01306	24.1.3	Solute transport.primary active transport.ABC superfamily
VIT_07s0005g00260	Vitvi07g00311	24.1.3	Solute transport.primary active transport.ABC superfamily
VIT_07s0031g02550	Vitvi07g01921	24.1.3	Solute transport.primary active transport.ABC superfamily
VIT_08s0007g03710	Vitvi08g01493	24.1.3	Solute transport.primary active transport.ABC superfamily
VIT_08s0007g05060	Vitvi08g01627	24.1.3	Solute transport.primary active transport.ABC superfamily
VIT_13s0074g00690	Vitvi13g00784	24.1.3	Solute transport.primary active transport.ABC superfamily
VIT_14s0108g00430	Vitvi14g01928	24.1.3	Solute transport.primary active transport.ABC superfamily
VIT_16s0050g01620	Vitvi16g01144	24.1.3	Solute transport.primary active transport.ABC superfamily
VIT_02s0012g01660	Vitvi02g00726	24.1.3.1	Solute transport.primary active transport.ABC superfamily.ABC1 family
VIT_02s0025g00990	Vitvi02g00086	24.1.3.1	Solute transport.primary active transport.ABC superfamily.ABC1 family
VIT_07s0005g00260	Vitvi07g00311	24.1.3.1	Solute transport.primary active transport.ABC superfamily.ABC1 family
VIT_08s0007g05060	Vitvi08g01627	24.1.3.1	Solute transport.primary active transport.ABC superfamily.ABC1 family
VIT_14s0108g00430	Vitvi14g01928	24.1.3.1	Solute transport.primary active transport.ABC superfamily.ABC1 family
VIT_02s0012g01660	Vitvi02g00726	24.1.3.1.1	Solute transport.primary active transport.ABC superfamily.ABC1 family.subfamily ABCB transporter
VIT_08s0007g05060	Vitvi08g01627	24.1.3.1.1	Solute transport.primary active transport.ABC superfamily.ABC1 family.subfamily ABCB transporter
VIT_14s0108g00430	Vitvi14g01928	24.1.3.1.1	Solute transport.primary active transport.ABC superfamily.ABC1 family.subfamily ABCB transporter
VIT_02s0025g00990	Vitvi02g00086	24.1.3.1.2	Solute transport.primary active transport.ABC superfamily.ABC1 family.subfamily ABCC transporter
VIT_07s0005g00260	Vitvi07g00311	24.1.3.1.2	Solute transport.primary active transport.ABC superfamily.ABC1 family.subfamily ABCC transporter
VIT_05s0020g00680	Vitvi05g00243	24.1.3.2	Solute transport.primary active transport.ABC superfamily.ABC2 family
VIT_06s0061g00350	Vitvi06g01306	24.1.3.2	Solute transport.primary active transport.ABC superfamily.ABC2 family
VIT_07s0031g02550	Vitvi07g01921	24.1.3.2	Solute transport.primary active transport.ABC superfamily.ABC2 family
VIT_08s0007g03710	Vitvi08g01493	24.1.3.2	Solute transport.primary active transport.ABC superfamily.ABC2 family
VIT_13s0074g00690	Vitvi13g00784	24.1.3.2	Solute transport.primary active transport.ABC superfamily.ABC2 family
VIT_16s0050g01620	Vitvi16g01144	24.1.3.2	Solute transport.primary active transport.ABC superfamily.ABC2 family
VIT_05s0020g00680	Vitvi05g00243	24.1.3.2.2	Solute transport.primary active transport.ABC superfamily.ABC2 family.subfamily ABCG transporter
VIT_06s0061g00350	Vitvi06g01306	24.1.3.2.2	Solute transport.primary active transport.ABC superfamily.ABC2 family.subfamily ABCG transporter
VIT_07s0031g02550	Vitvi07g01921	24.1.3.2.2	Solute transport.primary active transport.ABC superfamily.ABC2 family.subfamily ABCG transporter
VIT_08s0007g03710	Vitvi08g01493	24.1.3.2.2	Solute transport.primary active transport.ABC superfamily.ABC2 family.subfamily ABCG transporter
VIT_13s0074g00690	Vitvi13g00784	24.1.3.2.2	Solute transport.primary active transport.ABC superfamily.ABC2 family.subfamily ABCG transporter
VIT_16s0050g01620	Vitvi16g01144	24.1.3.2.2	Solute transport.primary active transport.ABC superfamily.ABC2 family.subfamily ABCG transporter
VIT_09s0002g07940	Vitvi09g00703	24.1.4	Solute transport.primary active transport.VHP PPase family
VIT_09s0002g07940	Vitvi09g00703	24.1.4.1	Solute transport.primary active transport.VHP PPase family.proton-translocating pyrophosphatase (VHP1)
VIT_00s0125g00190	Vitvi10g01219	24.2	Solute transport.carrier-mediated transport
VIT_00s0187g00130	Vitvi10g00204	24.2	Solute transport.carrier-mediated transport
VIT_00s0225g00070	Vitvi01g00656	24.2	Solute transport.carrier-mediated transport
VIT_00s0267g00030	Vitvi07g02904	24.2	Solute transport.carrier-mediated transport
VIT_00s0291g00060	Vitvi01g00647	24.2	Solute transport.carrier-mediated transport
VIT_01s0011g00590	Vitvi01g00052	24.2	Solute transport.carrier-mediated transport
VIT_01s0011g00600	Vitvi01g00053	24.2	Solute transport.carrier-mediated transport
VIT_01s0011g03180	Vitvi01g00253	24.2	Solute transport.carrier-mediated transport
VIT_01s0011g03400	Vitvi01g00277	24.2	Solute transport.carrier-mediated transport
VIT_01s0011g04210	Vitvi01g00343	24.2	Solute transport.carrier-mediated transport
VIT_01s0011g06560	Vitvi01g00563	24.2	Solute transport.carrier-mediated transport
VIT_01s0026g00530	Vitvi01g00813	24.2	Solute transport.carrier-mediated transport
VIT_01s0026g00740	Vitvi01g00833	24.2	Solute transport.carrier-mediated transport
VIT_01s0146g00260	Vitvi01g01719	24.2	Solute transport.carrier-mediated transport
VIT_01s0150g00250	Vitvi01g02299	24.2	Solute transport.carrier-mediated transport
VIT_02s0025g00810	Vitvi02g01328	24.2	Solute transport.carrier-mediated transport
VIT_02s0025g01230	Vitvi02g00109	24.2	Solute transport.carrier-mediated transport
VIT_02s0025g02080	Vitvi02g00181	24.2	Solute transport.carrier-mediated transport
VIT_02s0025g02500	Vitvi02g01365	24.2	Solute transport.carrier-mediated transport
VIT_02s0025g03310	Vitvi02g00301	24.2	Solute transport.carrier-mediated transport
VIT_02s0154g00260	Vitvi02g00529	24.2	Solute transport.carrier-mediated transport
VIT_03s0038g02140	Vitvi03g00122	24.2	Solute transport.carrier-mediated transport
VIT_03s0063g02250	Vitvi03g00359	24.2	Solute transport.carrier-mediated transport
VIT_04s0023g00320	Vitvi04g01151	24.2	Solute transport.carrier-mediated transport
VIT_04s0023g02730	Vitvi04g01392	24.2	Solute transport.carrier-mediated transport
VIT_04s0044g01850	Vitvi04g01746	24.2	Solute transport.carrier-mediated transport
VIT_04s0044g01860	Vitvi04g01747	24.2	Solute transport.carrier-mediated transport
VIT_04s0044g01870	Vitvi04g02257	24.2	Solute transport.carrier-mediated transport
VIT_04s0044g01880	Vitvi04g01748	24.2	Solute transport.carrier-mediated transport
VIT_05s0020g00440	Vitvi05g00214	24.2	Solute transport.carrier-mediated transport
VIT_05s0020g02170	Vitvi05g00377	24.2	Solute transport.carrier-mediated transport
VIT_05s0020g03140	Vitvi05g00468	24.2	Solute transport.carrier-mediated transport
VIT_05s0020g03970	Vitvi05g00548	24.2	Solute transport.carrier-mediated transport
VIT_05s0049g01550	Vitvi05g00802	24.2	Solute transport.carrier-mediated transport
VIT_05s0062g01120	Vitvi05g01348	24.2	Solute transport.carrier-mediated transport
VIT_05s0077g02260	Vitvi05g00013	24.2	Solute transport.carrier-mediated transport
VIT_06s0004g05070	Vitvi06g00500	24.2	Solute transport.carrier-mediated transport
VIT_06s0004g07680	Vitvi06g00761	24.2	Solute transport.carrier-mediated transport
VIT_06s0009g01110	Vitvi06g00999	24.2	Solute transport.carrier-mediated transport
VIT_06s0009g01140	Vitvi06g01010	24.2	Solute transport.carrier-mediated transport
VIT_06s0061g00570	Vitvi06g01331	24.2	Solute transport.carrier-mediated transport
VIT_06s0061g01210	Vitvi06g01396	24.2	Solute transport.carrier-mediated transport
VIT_06s0061g01310	Vitvi06g01404	24.2	Solute transport.carrier-mediated transport
VIT_07s0005g02060	Vitvi07g00470	24.2	Solute transport.carrier-mediated transport
VIT_07s0005g03960	Vitvi07g00656	24.2	Solute transport.carrier-mediated transport
VIT_07s0031g02200	Vitvi07g01893	24.2	Solute transport.carrier-mediated transport
VIT_07s0031g02340	Vitvi07g01906	24.2	Solute transport.carrier-mediated transport
VIT_07s0104g00830	Vitvi07g00207	24.2	Solute transport.carrier-mediated transport
VIT_07s0151g00340	Vitvi07g00091	24.2	Solute transport.carrier-mediated transport
VIT_08s0007g01810	Vitvi08g01325	24.2	Solute transport.carrier-mediated transport
VIT_08s0007g02020	Vitvi08g02238	24.2	Solute transport.carrier-mediated transport
VIT_08s0007g02030	Vitvi08g01346	24.2	Solute transport.carrier-mediated transport
VIT_08s0007g02240	Vitvi08g02245	24.2	Solute transport.carrier-mediated transport
VIT_08s0007g04550	Vitvi08g01577	24.2	Solute transport.carrier-mediated transport
VIT_08s0007g05210	Vitvi08g01641	24.2	Solute transport.carrier-mediated transport
VIT_08s0007g07270	Vitvi08g01801	24.2	Solute transport.carrier-mediated transport
VIT_08s0040g00800	Vitvi08g00942	24.2	Solute transport.carrier-mediated transport
VIT_08s0056g01000	Vitvi08g00085	24.2	Solute transport.carrier-mediated transport
VIT_08s0056g01120	Vitvi08g00099	24.2	Solute transport.carrier-mediated transport
VIT_08s0056g01480	Vitvi08g02000	24.2	Solute transport.carrier-mediated transport
VIT_08s0058g00740	Vitvi08g02084	24.2	Solute transport.carrier-mediated transport
VIT_09s0002g04130	Vitvi09g00340	24.2	Solute transport.carrier-mediated transport
VIT_09s0002g04240	Vitvi09g00350	24.2	Solute transport.carrier-mediated transport
VIT_09s0002g04500	Vitvi09g00377	24.2	Solute transport.carrier-mediated transport
VIT_09s0002g05710	Vitvi09g00489	24.2	Solute transport.carrier-mediated transport
VIT_09s0070g00210	Vitvi09g00988	24.2	Solute transport.carrier-mediated transport
VIT_11s0016g04160	Vitvi11g00356	24.2	Solute transport.carrier-mediated transport
VIT_11s0016g05110	Vitvi11g00451	24.2	Solute transport.carrier-mediated transport
VIT_11s0052g01560	Vitvi11g01692	24.2	Solute transport.carrier-mediated transport
VIT_11s0052g01570	Vitvi11g01693	24.2	Solute transport.carrier-mediated transport
VIT_11s0118g00560	Vitvi11g00581	24.2	Solute transport.carrier-mediated transport
VIT_12s0035g00910	Vitvi12g02027	24.2	Solute transport.carrier-mediated transport
VIT_12s0035g01820	Vitvi12g02125	24.2	Solute transport.carrier-mediated transport
VIT_12s0059g01240	Vitvi12g00429	24.2	Solute transport.carrier-mediated transport
VIT_12s0059g02180	Vitvi12g02409	24.2	Solute transport.carrier-mediated transport
VIT_13s0019g04660	Vitvi13g00646	24.2	Solute transport.carrier-mediated transport
VIT_13s0019g05070	Vitvi13g00683	24.2	Solute transport.carrier-mediated transport
VIT_13s0067g00330	Vitvi13g00019	24.2	Solute transport.carrier-mediated transport
VIT_13s0074g00570	Vitvi13g00766	24.2	Solute transport.carrier-mediated transport
VIT_13s0084g00090	Vitvi13g01395	24.2	Solute transport.carrier-mediated transport
VIT_14s0030g00250	Vitvi14g02582	24.2	Solute transport.carrier-mediated transport
VIT_14s0030g00340	Vitvi14g02586	24.2	Solute transport.carrier-mediated transport
VIT_14s0066g00850	Vitvi14g01720	24.2	Solute transport.carrier-mediated transport
VIT_14s0066g01580	Vitvi14g01798	24.2	Solute transport.carrier-mediated transport
VIT_14s0066g01640	Vitvi14g01805	24.2	Solute transport.carrier-mediated transport
VIT_14s0068g01870	Vitvi14g01529	24.2	Solute transport.carrier-mediated transport
VIT_14s0068g02190	Vitvi14g01560	24.2	Solute transport.carrier-mediated transport
VIT_14s0108g01130	Vitvi14g01992	24.2	Solute transport.carrier-mediated transport
VIT_14s0171g00400	Vitvi14g01596	24.2	Solute transport.carrier-mediated transport
VIT_16s0050g00910	Vitvi16g01913	24.2	Solute transport.carrier-mediated transport
VIT_16s0098g01290	Vitvi16g02074	24.2	Solute transport.carrier-mediated transport
VIT_17s0000g00820	Vitvi17g00069	24.2	Solute transport.carrier-mediated transport
VIT_17s0000g00830	Vitvi17g00070	24.2	Solute transport.carrier-mediated transport
VIT_17s0000g01160	Vitvi17g00091	24.2	Solute transport.carrier-mediated transport
VIT_17s0000g01930	Vitvi17g00162	24.2	Solute transport.carrier-mediated transport
VIT_17s0000g02970	Vitvi17g00256	24.2	Solute transport.carrier-mediated transport
VIT_17s0000g07850	Vitvi17g00759	24.2	Solute transport.carrier-mediated transport
VIT_17s0000g08530	Vitvi17g00829	24.2	Solute transport.carrier-mediated transport
VIT_17s0053g00040	Vitvi17g01148	24.2	Solute transport.carrier-mediated transport
VIT_17s0053g00380	Vitvi17g01183	24.2	Solute transport.carrier-mediated transport
VIT_18s0001g03540	Vitvi18g00310	24.2	Solute transport.carrier-mediated transport
VIT_18s0001g05570	Vitvi18g00397	24.2	Solute transport.carrier-mediated transport
VIT_18s0001g06790	Vitvi18g00470	24.2	Solute transport.carrier-mediated transport
VIT_18s0001g06940	Vitvi18g02593	24.2	Solute transport.carrier-mediated transport
VIT_18s0001g08200	Vitvi18g00583	24.2	Solute transport.carrier-mediated transport
VIT_18s0001g08270	Vitvi18g00593	24.2	Solute transport.carrier-mediated transport
VIT_18s0001g13360	Vitvi18g01034	24.2	Solute transport.carrier-mediated transport
VIT_18s0001g15330	Vitvi18g01215	24.2	Solute transport.carrier-mediated transport
VIT_18s0041g00090	Vitvi18g01947	24.2	Solute transport.carrier-mediated transport
VIT_18s0041g00550	Vitvi18g01987	24.2	Solute transport.carrier-mediated transport
VIT_18s0041g00580	Vitvi18g01992	24.2	Solute transport.carrier-mediated transport
VIT_18s0041g00670	Vitvi18g03112	24.2	Solute transport.carrier-mediated transport
VIT_18s0076g00250	Vitvi18g01315	24.2	Solute transport.carrier-mediated transport
VIT_18s0122g00850	Vitvi18g00056	24.2	Solute transport.carrier-mediated transport
VIT_18s0157g00180	Vitvi18g01571	24.2	Solute transport.carrier-mediated transport
VIT_19s0014g04790	Vitvi19g00378	24.2	Solute transport.carrier-mediated transport
VIT_19s0015g01300	Vitvi19g00760	24.2	Solute transport.carrier-mediated transport
VIT_19s0090g01170	Vitvi19g00565	24.2	Solute transport.carrier-mediated transport
VIT_01s0011g00590	Vitvi01g00052	24.2.1	Solute transport.carrier-mediated transport.DMT superfamily
VIT_01s0011g00600	Vitvi01g00053	24.2.1	Solute transport.carrier-mediated transport.DMT superfamily
VIT_01s0026g00530	Vitvi01g00813	24.2.1	Solute transport.carrier-mediated transport.DMT superfamily
VIT_04s0023g02730	Vitvi04g01392	24.2.1	Solute transport.carrier-mediated transport.DMT superfamily
VIT_08s0040g00800	Vitvi08g00942	24.2.1	Solute transport.carrier-mediated transport.DMT superfamily
VIT_13s0084g00090	Vitvi13g01395	24.2.1	Solute transport.carrier-mediated transport.DMT superfamily
VIT_14s0066g01640	Vitvi14g01805	24.2.1	Solute transport.carrier-mediated transport.DMT superfamily
VIT_18s0001g06940	Vitvi18g02593	24.2.1	Solute transport.carrier-mediated transport.DMT superfamily
VIT_18s0001g13360	Vitvi18g01034	24.2.1	Solute transport.carrier-mediated transport.DMT superfamily
VIT_01s0011g00590	Vitvi01g00052	24.2.1.1	Solute transport.carrier-mediated transport.DMT superfamily.NST-TPT group
VIT_01s0011g00600	Vitvi01g00053	24.2.1.1	Solute transport.carrier-mediated transport.DMT superfamily.NST-TPT group
VIT_01s0011g00590	Vitvi01g00052	24.2.1.1.1	Solute transport.carrier-mediated transport.DMT superfamily.NST-TPT group.phosphometabolite transporter (TPT|PPT|GPT|XPT)
VIT_01s0011g00600	Vitvi01g00053	24.2.1.1.1	Solute transport.carrier-mediated transport.DMT superfamily.NST-TPT group.phosphometabolite transporter (TPT|PPT|GPT|XPT)
VIT_01s0026g00530	Vitvi01g00813	24.2.1.5	Solute transport.carrier-mediated transport.DMT superfamily.solute transporter (UmamiT)
VIT_04s0023g02730	Vitvi04g01392	24.2.1.5	Solute transport.carrier-mediated transport.DMT superfamily.solute transporter (UmamiT)
VIT_08s0040g00800	Vitvi08g00942	24.2.1.5	Solute transport.carrier-mediated transport.DMT superfamily.solute transporter (UmamiT)
VIT_13s0084g00090	Vitvi13g01395	24.2.1.5	Solute transport.carrier-mediated transport.DMT superfamily.solute transporter (UmamiT)
VIT_14s0066g01640	Vitvi14g01805	24.2.1.5	Solute transport.carrier-mediated transport.DMT superfamily.solute transporter (UmamiT)
VIT_18s0001g13360	Vitvi18g01034	24.2.1.5	Solute transport.carrier-mediated transport.DMT superfamily.solute transporter (UmamiT)
VIT_18s0001g06940	Vitvi18g02593	24.2.1.6	Solute transport.carrier-mediated transport.DMT superfamily.organic cation transporter (PUP)
VIT_02s0025g02500	Vitvi02g01365	24.2.10	Solute transport.carrier-mediated transport.OPT family
VIT_17s0053g00040	Vitvi17g01148	24.2.10	Solute transport.carrier-mediated transport.OPT family
VIT_17s0053g00380	Vitvi17g01183	24.2.10	Solute transport.carrier-mediated transport.OPT family
VIT_02s0025g02500	Vitvi02g01365	24.2.10.1	Solute transport.carrier-mediated transport.OPT family.iron chelator transporter (YSL)
VIT_17s0053g00040	Vitvi17g01148	24.2.10.1	Solute transport.carrier-mediated transport.OPT family.iron chelator transporter (YSL)
VIT_17s0053g00380	Vitvi17g01183	24.2.10.1	Solute transport.carrier-mediated transport.OPT family.iron chelator transporter (YSL)
VIT_06s0004g05070	Vitvi06g00500	24.2.11	Solute transport.carrier-mediated transport.ZIP family
VIT_06s0004g05070	Vitvi06g00500	24.2.11.1	Solute transport.carrier-mediated transport.ZIP family.metal cation transporter (ZIP)
VIT_00s0267g00030	Vitvi07g02904	24.2.12	Solute transport.carrier-mediated transport.VIT family
VIT_00s0267g00030	Vitvi07g02904	24.2.12.2	Solute transport.carrier-mediated transport.VIT family.metal cation transporter (MEB)
VIT_08s0007g07270	Vitvi08g01801	24.2.13	Solute transport.carrier-mediated transport.solute transporter (MTCC)
VIT_09s0002g04500	Vitvi09g00377	24.2.13	Solute transport.carrier-mediated transport.solute transporter (MTCC)
VIT_11s0016g05110	Vitvi11g00451	24.2.13	Solute transport.carrier-mediated transport.solute transporter (MTCC)
VIT_18s0157g00180	Vitvi18g01571	24.2.13	Solute transport.carrier-mediated transport.solute transporter (MTCC)
VIT_14s0068g02190	Vitvi14g01560	24.2.16	Solute transport.carrier-mediated transport.anion channel / anion:proton antiporter (CLC)
VIT_00s0291g00060	Vitvi01g00647	24.2.18	Solute transport.carrier-mediated transport.phosphate transporter (PHT2)
VIT_01s0011g03400	Vitvi01g00277	24.2.2	Solute transport.carrier-mediated transport.MFS superfamily
VIT_01s0150g00250	Vitvi01g02299	24.2.2	Solute transport.carrier-mediated transport.MFS superfamily
VIT_02s0154g00260	Vitvi02g00529	24.2.2	Solute transport.carrier-mediated transport.MFS superfamily
VIT_03s0063g02250	Vitvi03g00359	24.2.2	Solute transport.carrier-mediated transport.MFS superfamily
VIT_05s0020g02170	Vitvi05g00377	24.2.2	Solute transport.carrier-mediated transport.MFS superfamily
VIT_05s0020g03140	Vitvi05g00468	24.2.2	Solute transport.carrier-mediated transport.MFS superfamily
VIT_05s0049g01550	Vitvi05g00802	24.2.2	Solute transport.carrier-mediated transport.MFS superfamily
VIT_06s0004g07680	Vitvi06g00761	24.2.2	Solute transport.carrier-mediated transport.MFS superfamily
VIT_07s0005g03960	Vitvi07g00656	24.2.2	Solute transport.carrier-mediated transport.MFS superfamily
VIT_07s0104g00830	Vitvi07g00207	24.2.2	Solute transport.carrier-mediated transport.MFS superfamily
VIT_08s0007g01810	Vitvi08g01325	24.2.2	Solute transport.carrier-mediated transport.MFS superfamily
VIT_08s0007g02020	Vitvi08g02238	24.2.2	Solute transport.carrier-mediated transport.MFS superfamily
VIT_08s0058g00740	Vitvi08g02084	24.2.2	Solute transport.carrier-mediated transport.MFS superfamily
VIT_09s0002g04130	Vitvi09g00340	24.2.2	Solute transport.carrier-mediated transport.MFS superfamily
VIT_09s0002g05710	Vitvi09g00489	24.2.2	Solute transport.carrier-mediated transport.MFS superfamily
VIT_11s0118g00560	Vitvi11g00581	24.2.2	Solute transport.carrier-mediated transport.MFS superfamily
VIT_12s0035g01820	Vitvi12g02125	24.2.2	Solute transport.carrier-mediated transport.MFS superfamily
VIT_12s0059g01240	Vitvi12g00429	24.2.2	Solute transport.carrier-mediated transport.MFS superfamily
VIT_13s0019g05070	Vitvi13g00683	24.2.2	Solute transport.carrier-mediated transport.MFS superfamily
VIT_14s0030g00250	Vitvi14g02582	24.2.2	Solute transport.carrier-mediated transport.MFS superfamily
VIT_14s0030g00340	Vitvi14g02586	24.2.2	Solute transport.carrier-mediated transport.MFS superfamily
VIT_14s0066g00850	Vitvi14g01720	24.2.2	Solute transport.carrier-mediated transport.MFS superfamily
VIT_14s0068g01870	Vitvi14g01529	24.2.2	Solute transport.carrier-mediated transport.MFS superfamily
VIT_16s0098g01290	Vitvi16g02074	24.2.2	Solute transport.carrier-mediated transport.MFS superfamily
VIT_17s0000g01160	Vitvi17g00091	24.2.2	Solute transport.carrier-mediated transport.MFS superfamily
VIT_18s0001g05570	Vitvi18g00397	24.2.2	Solute transport.carrier-mediated transport.MFS superfamily
VIT_18s0041g00550	Vitvi18g01987	24.2.2	Solute transport.carrier-mediated transport.MFS superfamily
VIT_18s0041g00580	Vitvi18g01992	24.2.2	Solute transport.carrier-mediated transport.MFS superfamily
VIT_18s0041g00670	Vitvi18g03112	24.2.2	Solute transport.carrier-mediated transport.MFS superfamily
VIT_18s0076g00250	Vitvi18g01315	24.2.2	Solute transport.carrier-mediated transport.MFS superfamily
VIT_18s0122g00850	Vitvi18g00056	24.2.2	Solute transport.carrier-mediated transport.MFS superfamily
VIT_19s0014g04790	Vitvi19g00378	24.2.2	Solute transport.carrier-mediated transport.MFS superfamily
VIT_03s0063g02250	Vitvi03g00359	24.2.2.1	Solute transport.carrier-mediated transport.MFS superfamily.SP family
VIT_05s0020g02170	Vitvi05g00377	24.2.2.1	Solute transport.carrier-mediated transport.MFS superfamily.SP family
VIT_05s0020g03140	Vitvi05g00468	24.2.2.1	Solute transport.carrier-mediated transport.MFS superfamily.SP family
VIT_07s0104g00830	Vitvi07g00207	24.2.2.1	Solute transport.carrier-mediated transport.MFS superfamily.SP family
VIT_14s0030g00250	Vitvi14g02582	24.2.2.1	Solute transport.carrier-mediated transport.MFS superfamily.SP family
VIT_14s0030g00340	Vitvi14g02586	24.2.2.1	Solute transport.carrier-mediated transport.MFS superfamily.SP family
VIT_18s0001g05570	Vitvi18g00397	24.2.2.1	Solute transport.carrier-mediated transport.MFS superfamily.SP family
VIT_18s0122g00850	Vitvi18g00056	24.2.2.1	Solute transport.carrier-mediated transport.MFS superfamily.SP family
VIT_18s0122g00850	Vitvi18g00056	24.2.2.1.4	Solute transport.carrier-mediated transport.MFS superfamily.SP family.monosaccharide transporter (AZT)
VIT_05s0020g02170	Vitvi05g00377	24.2.2.1.5	Solute transport.carrier-mediated transport.MFS superfamily.SP family.monosaccharide transporter (ERD6)
VIT_07s0104g00830	Vitvi07g00207	24.2.2.1.5	Solute transport.carrier-mediated transport.MFS superfamily.SP family.monosaccharide transporter (ERD6)
VIT_14s0030g00250	Vitvi14g02582	24.2.2.1.5	Solute transport.carrier-mediated transport.MFS superfamily.SP family.monosaccharide transporter (ERD6)
VIT_14s0030g00340	Vitvi14g02586	24.2.2.1.5	Solute transport.carrier-mediated transport.MFS superfamily.SP family.monosaccharide transporter (ERD6)
VIT_05s0020g03140	Vitvi05g00468	24.2.2.1.6	Solute transport.carrier-mediated transport.MFS superfamily.SP family.monosaccharide transporter (STP)
VIT_18s0001g05570	Vitvi18g00397	24.2.2.1.6	Solute transport.carrier-mediated transport.MFS superfamily.SP family.monosaccharide transporter (STP)
VIT_03s0063g02250	Vitvi03g00359	24.2.2.1.7	Solute transport.carrier-mediated transport.MFS superfamily.SP family.polyol/monosaccharide transporter (PLT)
VIT_14s0066g00850	Vitvi14g01720	24.2.2.10	Solute transport.carrier-mediated transport.MFS superfamily.nitrate transporter (NRT2)
VIT_08s0058g00740	Vitvi08g02084	24.2.2.13	Solute transport.carrier-mediated transport.MFS superfamily.iron-regulated metal cation transporter (FPN)
VIT_09s0002g05710	Vitvi09g00489	24.2.2.14	Solute transport.carrier-mediated transport.MFS superfamily.ATP:ADP antiporter (NTT)
VIT_16s0098g01290	Vitvi16g02074	24.2.2.15	Solute transport.carrier-mediated transport.MFS superfamily.molybdate anion transporter (MOT2)
VIT_06s0004g07680	Vitvi06g00761	24.2.2.16	Solute transport.carrier-mediated transport.MFS superfamily.anion transporter (Fabaceae-N70)
VIT_11s0118g00560	Vitvi11g00581	24.2.2.16	Solute transport.carrier-mediated transport.MFS superfamily.anion transporter (Fabaceae-N70)
VIT_13s0019g05070	Vitvi13g00683	24.2.2.16	Solute transport.carrier-mediated transport.MFS superfamily.anion transporter (Fabaceae-N70)
VIT_14s0068g01870	Vitvi14g01529	24.2.2.16	Solute transport.carrier-mediated transport.MFS superfamily.anion transporter (Fabaceae-N70)
VIT_17s0000g01160	Vitvi17g00091	24.2.2.16	Solute transport.carrier-mediated transport.MFS superfamily.anion transporter (Fabaceae-N70)
VIT_19s0014g04790	Vitvi19g00378	24.2.2.3	Solute transport.carrier-mediated transport.MFS superfamily.OCT family
VIT_19s0014g04790	Vitvi19g00378	24.2.2.3.2	Solute transport.carrier-mediated transport.MFS superfamily.OCT family.organic cation transporter (OCT)
VIT_18s0076g00250	Vitvi18g01315	24.2.2.4	Solute transport.carrier-mediated transport.MFS superfamily.sugar transporter (SUT/SUC)
VIT_08s0007g01810	Vitvi08g01325	24.2.2.7	Solute transport.carrier-mediated transport.MFS superfamily.phosphate transporter (PHT4)
VIT_01s0011g03400	Vitvi01g00277	24.2.2.9	Solute transport.carrier-mediated transport.MFS superfamily.anion transporter (NRT1/PTR)
VIT_01s0150g00250	Vitvi01g02299	24.2.2.9	Solute transport.carrier-mediated transport.MFS superfamily.anion transporter (NRT1/PTR)
VIT_02s0154g00260	Vitvi02g00529	24.2.2.9	Solute transport.carrier-mediated transport.MFS superfamily.anion transporter (NRT1/PTR)
VIT_05s0049g01550	Vitvi05g00802	24.2.2.9	Solute transport.carrier-mediated transport.MFS superfamily.anion transporter (NRT1/PTR)
VIT_07s0005g03960	Vitvi07g00656	24.2.2.9	Solute transport.carrier-mediated transport.MFS superfamily.anion transporter (NRT1/PTR)
VIT_08s0007g02020	Vitvi08g02238	24.2.2.9	Solute transport.carrier-mediated transport.MFS superfamily.anion transporter (NRT1/PTR)
VIT_09s0002g04130	Vitvi09g00340	24.2.2.9	Solute transport.carrier-mediated transport.MFS superfamily.anion transporter (NRT1/PTR)
VIT_12s0035g01820	Vitvi12g02125	24.2.2.9	Solute transport.carrier-mediated transport.MFS superfamily.anion transporter (NRT1/PTR)
VIT_12s0059g01240	Vitvi12g00429	24.2.2.9	Solute transport.carrier-mediated transport.MFS superfamily.anion transporter (NRT1/PTR)
VIT_18s0041g00550	Vitvi18g01987	24.2.2.9	Solute transport.carrier-mediated transport.MFS superfamily.anion transporter (NRT1/PTR)
VIT_18s0041g00580	Vitvi18g01992	24.2.2.9	Solute transport.carrier-mediated transport.MFS superfamily.anion transporter (NRT1/PTR)
VIT_18s0041g00670	Vitvi18g03112	24.2.2.9	Solute transport.carrier-mediated transport.MFS superfamily.anion transporter (NRT1/PTR)
VIT_19s0090g01170	Vitvi19g00565	24.2.23	Solute transport.carrier-mediated transport.MPC pyruvate carrier complex
VIT_19s0090g01170	Vitvi19g00565	24.2.23.2	Solute transport.carrier-mediated transport.MPC pyruvate carrier complex.component MPC2
VIT_00s0125g00190	Vitvi10g01219	24.2.3	Solute transport.carrier-mediated transport.APC superfamily
VIT_01s0011g03180	Vitvi01g00253	24.2.3	Solute transport.carrier-mediated transport.APC superfamily
VIT_01s0011g04210	Vitvi01g00343	24.2.3	Solute transport.carrier-mediated transport.APC superfamily
VIT_01s0011g06560	Vitvi01g00563	24.2.3	Solute transport.carrier-mediated transport.APC superfamily
VIT_01s0026g00740	Vitvi01g00833	24.2.3	Solute transport.carrier-mediated transport.APC superfamily
VIT_02s0025g01230	Vitvi02g00109	24.2.3	Solute transport.carrier-mediated transport.APC superfamily
VIT_03s0038g02140	Vitvi03g00122	24.2.3	Solute transport.carrier-mediated transport.APC superfamily
VIT_05s0020g00440	Vitvi05g00214	24.2.3	Solute transport.carrier-mediated transport.APC superfamily
VIT_05s0020g03970	Vitvi05g00548	24.2.3	Solute transport.carrier-mediated transport.APC superfamily
VIT_06s0009g01140	Vitvi06g01010	24.2.3	Solute transport.carrier-mediated transport.APC superfamily
VIT_06s0061g00570	Vitvi06g01331	24.2.3	Solute transport.carrier-mediated transport.APC superfamily
VIT_06s0061g01210	Vitvi06g01396	24.2.3	Solute transport.carrier-mediated transport.APC superfamily
VIT_06s0061g01310	Vitvi06g01404	24.2.3	Solute transport.carrier-mediated transport.APC superfamily
VIT_07s0005g02060	Vitvi07g00470	24.2.3	Solute transport.carrier-mediated transport.APC superfamily
VIT_07s0031g02340	Vitvi07g01906	24.2.3	Solute transport.carrier-mediated transport.APC superfamily
VIT_07s0151g00340	Vitvi07g00091	24.2.3	Solute transport.carrier-mediated transport.APC superfamily
VIT_08s0007g02030	Vitvi08g01346	24.2.3	Solute transport.carrier-mediated transport.APC superfamily
VIT_08s0007g04550	Vitvi08g01577	24.2.3	Solute transport.carrier-mediated transport.APC superfamily
VIT_08s0007g05210	Vitvi08g01641	24.2.3	Solute transport.carrier-mediated transport.APC superfamily
VIT_09s0070g00210	Vitvi09g00988	24.2.3	Solute transport.carrier-mediated transport.APC superfamily
VIT_11s0016g04160	Vitvi11g00356	24.2.3	Solute transport.carrier-mediated transport.APC superfamily
VIT_13s0019g04660	Vitvi13g00646	24.2.3	Solute transport.carrier-mediated transport.APC superfamily
VIT_13s0067g00330	Vitvi13g00019	24.2.3	Solute transport.carrier-mediated transport.APC superfamily
VIT_13s0074g00570	Vitvi13g00766	24.2.3	Solute transport.carrier-mediated transport.APC superfamily
VIT_14s0066g01580	Vitvi14g01798	24.2.3	Solute transport.carrier-mediated transport.APC superfamily
VIT_14s0171g00400	Vitvi14g01596	24.2.3	Solute transport.carrier-mediated transport.APC superfamily
VIT_17s0000g01930	Vitvi17g00162	24.2.3	Solute transport.carrier-mediated transport.APC superfamily
VIT_17s0000g07850	Vitvi17g00759	24.2.3	Solute transport.carrier-mediated transport.APC superfamily
VIT_17s0000g08530	Vitvi17g00829	24.2.3	Solute transport.carrier-mediated transport.APC superfamily
VIT_18s0001g03540	Vitvi18g00310	24.2.3	Solute transport.carrier-mediated transport.APC superfamily
VIT_18s0001g08270	Vitvi18g00593	24.2.3	Solute transport.carrier-mediated transport.APC superfamily
VIT_19s0015g01300	Vitvi19g00760	24.2.3	Solute transport.carrier-mediated transport.APC superfamily
VIT_05s0020g03970	Vitvi05g00548	24.2.3.1	Solute transport.carrier-mediated transport.APC superfamily.SulP family
VIT_07s0151g00340	Vitvi07g00091	24.2.3.1	Solute transport.carrier-mediated transport.APC superfamily.SulP family
VIT_11s0016g04160	Vitvi11g00356	24.2.3.1	Solute transport.carrier-mediated transport.APC superfamily.SulP family
VIT_05s0020g03970	Vitvi05g00548	24.2.3.1.1	Solute transport.carrier-mediated transport.APC superfamily.SulP family.sulfate transporter (SULTR)
VIT_07s0151g00340	Vitvi07g00091	24.2.3.1.1	Solute transport.carrier-mediated transport.APC superfamily.SulP family.sulfate transporter (SULTR)
VIT_11s0016g04160	Vitvi11g00356	24.2.3.1.1	Solute transport.carrier-mediated transport.APC superfamily.SulP family.sulfate transporter (SULTR)
VIT_09s0070g00210	Vitvi09g00988	24.2.3.10	Solute transport.carrier-mediated transport.APC superfamily.metal cation transporter (NRAMP)
VIT_00s0125g00190	Vitvi10g01219	24.2.3.11	Solute transport.carrier-mediated transport.APC superfamily.potassium cation transporter (HAK/KUP/KT)
VIT_01s0011g06560	Vitvi01g00563	24.2.3.11	Solute transport.carrier-mediated transport.APC superfamily.potassium cation transporter (HAK/KUP/KT)
VIT_14s0066g01580	Vitvi14g01798	24.2.3.11	Solute transport.carrier-mediated transport.APC superfamily.potassium cation transporter (HAK/KUP/KT)
VIT_17s0000g01930	Vitvi17g00162	24.2.3.11	Solute transport.carrier-mediated transport.APC superfamily.potassium cation transporter (HAK/KUP/KT)
VIT_08s0007g04550	Vitvi08g01577	24.2.3.2	Solute transport.carrier-mediated transport.APC superfamily.NCS-1 family
VIT_08s0007g04550	Vitvi08g01577	24.2.3.2.1	Solute transport.carrier-mediated transport.APC superfamily.NCS-1 family.nucleobase cation transporter (PLUTO)
VIT_01s0026g00740	Vitvi01g00833	24.2.3.3	Solute transport.carrier-mediated transport.APC superfamily.NCS-2 family
VIT_06s0061g01310	Vitvi06g01404	24.2.3.3	Solute transport.carrier-mediated transport.APC superfamily.NCS-2 family
VIT_17s0000g07850	Vitvi17g00759	24.2.3.3	Solute transport.carrier-mediated transport.APC superfamily.NCS-2 family
VIT_01s0026g00740	Vitvi01g00833	24.2.3.3.2	Solute transport.carrier-mediated transport.APC superfamily.NCS-2 family.solute transporter (NAT)
VIT_06s0061g01310	Vitvi06g01404	24.2.3.3.2	Solute transport.carrier-mediated transport.APC superfamily.NCS-2 family.solute transporter (NAT)
VIT_17s0000g07850	Vitvi17g00759	24.2.3.3.2	Solute transport.carrier-mediated transport.APC superfamily.NCS-2 family.solute transporter (NAT)
VIT_01s0011g03180	Vitvi01g00253	24.2.3.4	Solute transport.carrier-mediated transport.APC superfamily.AAAP family
VIT_02s0025g01230	Vitvi02g00109	24.2.3.4	Solute transport.carrier-mediated transport.APC superfamily.AAAP family
VIT_03s0038g02140	Vitvi03g00122	24.2.3.4	Solute transport.carrier-mediated transport.APC superfamily.AAAP family
VIT_06s0009g01140	Vitvi06g01010	24.2.3.4	Solute transport.carrier-mediated transport.APC superfamily.AAAP family
VIT_06s0061g00570	Vitvi06g01331	24.2.3.4	Solute transport.carrier-mediated transport.APC superfamily.AAAP family
VIT_06s0061g01210	Vitvi06g01396	24.2.3.4	Solute transport.carrier-mediated transport.APC superfamily.AAAP family
VIT_07s0031g02340	Vitvi07g01906	24.2.3.4	Solute transport.carrier-mediated transport.APC superfamily.AAAP family
VIT_08s0007g02030	Vitvi08g01346	24.2.3.4	Solute transport.carrier-mediated transport.APC superfamily.AAAP family
VIT_08s0007g05210	Vitvi08g01641	24.2.3.4	Solute transport.carrier-mediated transport.APC superfamily.AAAP family
VIT_13s0019g04660	Vitvi13g00646	24.2.3.4	Solute transport.carrier-mediated transport.APC superfamily.AAAP family
VIT_13s0067g00330	Vitvi13g00019	24.2.3.4	Solute transport.carrier-mediated transport.APC superfamily.AAAP family
VIT_13s0074g00570	Vitvi13g00766	24.2.3.4	Solute transport.carrier-mediated transport.APC superfamily.AAAP family
VIT_14s0171g00400	Vitvi14g01596	24.2.3.4	Solute transport.carrier-mediated transport.APC superfamily.AAAP family
VIT_18s0001g03540	Vitvi18g00310	24.2.3.4	Solute transport.carrier-mediated transport.APC superfamily.AAAP family
VIT_18s0001g08270	Vitvi18g00593	24.2.3.4	Solute transport.carrier-mediated transport.APC superfamily.AAAP family
VIT_19s0015g01300	Vitvi19g00760	24.2.3.4	Solute transport.carrier-mediated transport.APC superfamily.AAAP family
VIT_07s0031g02340	Vitvi07g01906	24.2.3.4.1	Solute transport.carrier-mediated transport.APC superfamily.AAAP family.amino acid transporter (AAP)
VIT_18s0001g08270	Vitvi18g00593	24.2.3.4.1	Solute transport.carrier-mediated transport.APC superfamily.AAAP family.amino acid transporter (AAP)
VIT_19s0015g01300	Vitvi19g00760	24.2.3.4.1	Solute transport.carrier-mediated transport.APC superfamily.AAAP family.amino acid transporter (AAP)
VIT_01s0011g03180	Vitvi01g00253	24.2.3.4.2	Solute transport.carrier-mediated transport.APC superfamily.AAAP family.amino acid transporter (LHT)
VIT_14s0171g00400	Vitvi14g01596	24.2.3.4.2	Solute transport.carrier-mediated transport.APC superfamily.AAAP family.amino acid transporter (LHT)
VIT_03s0038g02140	Vitvi03g00122	24.2.3.4.5	Solute transport.carrier-mediated transport.APC superfamily.AAAP family.auxin transporter (AUX/LAX)
VIT_08s0007g02030	Vitvi08g01346	24.2.3.4.5	Solute transport.carrier-mediated transport.APC superfamily.AAAP family.auxin transporter (AUX/LAX)
VIT_13s0067g00330	Vitvi13g00019	24.2.3.4.5	Solute transport.carrier-mediated transport.APC superfamily.AAAP family.auxin transporter (AUX/LAX)
VIT_18s0001g03540	Vitvi18g00310	24.2.3.4.5	Solute transport.carrier-mediated transport.APC superfamily.AAAP family.auxin transporter (AUX/LAX)
VIT_02s0025g01230	Vitvi02g00109	24.2.3.4.6	Solute transport.carrier-mediated transport.APC superfamily.AAAP family.gamma-aminobutyric acid transporter (GAT)
VIT_06s0061g01210	Vitvi06g01396	24.2.3.4.6	Solute transport.carrier-mediated transport.APC superfamily.AAAP family.gamma-aminobutyric acid transporter (GAT)
VIT_13s0074g00570	Vitvi13g00766	24.2.3.4.6	Solute transport.carrier-mediated transport.APC superfamily.AAAP family.gamma-aminobutyric acid transporter (GAT)
VIT_06s0009g01140	Vitvi06g01010	24.2.3.4.7	Solute transport.carrier-mediated transport.APC superfamily.AAAP family.solute transporter (AAAP)
VIT_06s0061g00570	Vitvi06g01331	24.2.3.4.7	Solute transport.carrier-mediated transport.APC superfamily.AAAP family.solute transporter (AAAP)
VIT_08s0007g05210	Vitvi08g01641	24.2.3.4.7	Solute transport.carrier-mediated transport.APC superfamily.AAAP family.solute transporter (AAAP)
VIT_13s0019g04660	Vitvi13g00646	24.2.3.4.7	Solute transport.carrier-mediated transport.APC superfamily.AAAP family.solute transporter (AAAP)
VIT_01s0011g04210	Vitvi01g00343	24.2.3.5	Solute transport.carrier-mediated transport.APC superfamily.APC family
VIT_01s0011g04210	Vitvi01g00343	24.2.3.5.3	Solute transport.carrier-mediated transport.APC superfamily.APC family.gamma-aminobutyric acid transporter (GABP)
VIT_05s0020g00440	Vitvi05g00214	24.2.3.6	Solute transport.carrier-mediated transport.APC superfamily.borate transporter (BOR)
VIT_07s0005g02060	Vitvi07g00470	24.2.3.6	Solute transport.carrier-mediated transport.APC superfamily.borate transporter (BOR)
VIT_17s0000g08530	Vitvi17g00829	24.2.3.6	Solute transport.carrier-mediated transport.APC superfamily.borate transporter (BOR)
VIT_00s0225g00070	Vitvi01g00656	24.2.4	Solute transport.carrier-mediated transport.MOP superfamily
VIT_08s0056g01000	Vitvi08g00085	24.2.4	Solute transport.carrier-mediated transport.MOP superfamily
VIT_08s0056g01120	Vitvi08g00099	24.2.4	Solute transport.carrier-mediated transport.MOP superfamily
VIT_11s0052g01560	Vitvi11g01692	24.2.4	Solute transport.carrier-mediated transport.MOP superfamily
VIT_11s0052g01570	Vitvi11g01693	24.2.4	Solute transport.carrier-mediated transport.MOP superfamily
VIT_12s0059g02180	Vitvi12g02409	24.2.4	Solute transport.carrier-mediated transport.MOP superfamily
VIT_16s0050g00910	Vitvi16g01913	24.2.4	Solute transport.carrier-mediated transport.MOP superfamily
VIT_17s0000g02970	Vitvi17g00256	24.2.4	Solute transport.carrier-mediated transport.MOP superfamily
VIT_18s0001g06790	Vitvi18g00470	24.2.4	Solute transport.carrier-mediated transport.MOP superfamily
VIT_18s0001g08200	Vitvi18g00583	24.2.4	Solute transport.carrier-mediated transport.MOP superfamily
VIT_00s0225g00070	Vitvi01g00656	24.2.4.1	Solute transport.carrier-mediated transport.MOP superfamily.MATE family
VIT_08s0056g01000	Vitvi08g00085	24.2.4.1	Solute transport.carrier-mediated transport.MOP superfamily.MATE family
VIT_08s0056g01120	Vitvi08g00099	24.2.4.1	Solute transport.carrier-mediated transport.MOP superfamily.MATE family
VIT_11s0052g01560	Vitvi11g01692	24.2.4.1	Solute transport.carrier-mediated transport.MOP superfamily.MATE family
VIT_11s0052g01570	Vitvi11g01693	24.2.4.1	Solute transport.carrier-mediated transport.MOP superfamily.MATE family
VIT_12s0059g02180	Vitvi12g02409	24.2.4.1	Solute transport.carrier-mediated transport.MOP superfamily.MATE family
VIT_16s0050g00910	Vitvi16g01913	24.2.4.1	Solute transport.carrier-mediated transport.MOP superfamily.MATE family
VIT_17s0000g02970	Vitvi17g00256	24.2.4.1	Solute transport.carrier-mediated transport.MOP superfamily.MATE family
VIT_18s0001g06790	Vitvi18g00470	24.2.4.1	Solute transport.carrier-mediated transport.MOP superfamily.MATE family
VIT_18s0001g08200	Vitvi18g00583	24.2.4.1	Solute transport.carrier-mediated transport.MOP superfamily.MATE family
VIT_00s0225g00070	Vitvi01g00656	24.2.4.1.1	Solute transport.carrier-mediated transport.MOP superfamily.MATE family.metabolite transporter (DTX)
VIT_08s0056g01000	Vitvi08g00085	24.2.4.1.1	Solute transport.carrier-mediated transport.MOP superfamily.MATE family.metabolite transporter (DTX)
VIT_08s0056g01120	Vitvi08g00099	24.2.4.1.1	Solute transport.carrier-mediated transport.MOP superfamily.MATE family.metabolite transporter (DTX)
VIT_11s0052g01560	Vitvi11g01692	24.2.4.1.1	Solute transport.carrier-mediated transport.MOP superfamily.MATE family.metabolite transporter (DTX)
VIT_11s0052g01570	Vitvi11g01693	24.2.4.1.1	Solute transport.carrier-mediated transport.MOP superfamily.MATE family.metabolite transporter (DTX)
VIT_12s0059g02180	Vitvi12g02409	24.2.4.1.1	Solute transport.carrier-mediated transport.MOP superfamily.MATE family.metabolite transporter (DTX)
VIT_16s0050g00910	Vitvi16g01913	24.2.4.1.1	Solute transport.carrier-mediated transport.MOP superfamily.MATE family.metabolite transporter (DTX)
VIT_17s0000g02970	Vitvi17g00256	24.2.4.1.1	Solute transport.carrier-mediated transport.MOP superfamily.MATE family.metabolite transporter (DTX)
VIT_18s0001g06790	Vitvi18g00470	24.2.4.1.1	Solute transport.carrier-mediated transport.MOP superfamily.MATE family.metabolite transporter (DTX)
VIT_18s0001g08200	Vitvi18g00583	24.2.4.1.1	Solute transport.carrier-mediated transport.MOP superfamily.MATE family.metabolite transporter (DTX)
VIT_04s0023g00320	Vitvi04g01151	24.2.5	Solute transport.carrier-mediated transport.BART superfamily
VIT_04s0044g01850	Vitvi04g01746	24.2.5	Solute transport.carrier-mediated transport.BART superfamily
VIT_04s0044g01860	Vitvi04g01747	24.2.5	Solute transport.carrier-mediated transport.BART superfamily
VIT_04s0044g01870	Vitvi04g02257	24.2.5	Solute transport.carrier-mediated transport.BART superfamily
VIT_04s0044g01880	Vitvi04g01748	24.2.5	Solute transport.carrier-mediated transport.BART superfamily
VIT_05s0062g01120	Vitvi05g01348	24.2.5	Solute transport.carrier-mediated transport.BART superfamily
VIT_07s0031g02200	Vitvi07g01893	24.2.5	Solute transport.carrier-mediated transport.BART superfamily
VIT_12s0035g00910	Vitvi12g02027	24.2.5	Solute transport.carrier-mediated transport.BART superfamily
VIT_12s0035g00910	Vitvi12g02027	24.2.5.1	Solute transport.carrier-mediated transport.BART superfamily.BASS family
VIT_12s0035g00910	Vitvi12g02027	24.2.5.1.1	Solute transport.carrier-mediated transport.BART superfamily.BASS family.2-keto acid transporter (BAT)
VIT_04s0023g00320	Vitvi04g01151	24.2.5.2	Solute transport.carrier-mediated transport.BART superfamily.AEC family
VIT_04s0044g01850	Vitvi04g01746	24.2.5.2	Solute transport.carrier-mediated transport.BART superfamily.AEC family
VIT_04s0044g01860	Vitvi04g01747	24.2.5.2	Solute transport.carrier-mediated transport.BART superfamily.AEC family
VIT_04s0044g01870	Vitvi04g02257	24.2.5.2	Solute transport.carrier-mediated transport.BART superfamily.AEC family
VIT_04s0044g01880	Vitvi04g01748	24.2.5.2	Solute transport.carrier-mediated transport.BART superfamily.AEC family
VIT_05s0062g01120	Vitvi05g01348	24.2.5.2	Solute transport.carrier-mediated transport.BART superfamily.AEC family
VIT_07s0031g02200	Vitvi07g01893	24.2.5.2	Solute transport.carrier-mediated transport.BART superfamily.AEC family
VIT_04s0023g00320	Vitvi04g01151	24.2.5.2.1	Solute transport.carrier-mediated transport.BART superfamily.AEC family.auxin efflux transporter (PIN)
VIT_05s0062g01120	Vitvi05g01348	24.2.5.2.1	Solute transport.carrier-mediated transport.BART superfamily.AEC family.auxin efflux transporter (PIN)
VIT_04s0044g01850	Vitvi04g01746	24.2.5.2.2	Solute transport.carrier-mediated transport.BART superfamily.AEC family.auxin transporter (PILS)
VIT_04s0044g01860	Vitvi04g01747	24.2.5.2.2	Solute transport.carrier-mediated transport.BART superfamily.AEC family.auxin transporter (PILS)
VIT_04s0044g01870	Vitvi04g02257	24.2.5.2.2	Solute transport.carrier-mediated transport.BART superfamily.AEC family.auxin transporter (PILS)
VIT_04s0044g01880	Vitvi04g01748	24.2.5.2.2	Solute transport.carrier-mediated transport.BART superfamily.AEC family.auxin transporter (PILS)
VIT_07s0031g02200	Vitvi07g01893	24.2.5.2.2	Solute transport.carrier-mediated transport.BART superfamily.AEC family.auxin transporter (PILS)
VIT_01s0146g00260	Vitvi01g01719	24.2.6	Solute transport.carrier-mediated transport.TOC superfamily
VIT_02s0025g02080	Vitvi02g00181	24.2.6	Solute transport.carrier-mediated transport.TOC superfamily
VIT_05s0077g02260	Vitvi05g00013	24.2.6	Solute transport.carrier-mediated transport.TOC superfamily
VIT_09s0002g04240	Vitvi09g00350	24.2.6	Solute transport.carrier-mediated transport.TOC superfamily
VIT_17s0000g00820	Vitvi17g00069	24.2.6	Solute transport.carrier-mediated transport.TOC superfamily
VIT_17s0000g00830	Vitvi17g00070	24.2.6	Solute transport.carrier-mediated transport.TOC superfamily
VIT_18s0001g15330	Vitvi18g01215	24.2.6	Solute transport.carrier-mediated transport.TOC superfamily
VIT_01s0146g00260	Vitvi01g01719	24.2.6.1	Solute transport.carrier-mediated transport.TOC superfamily.sugar efflux transporter (SWEET)
VIT_02s0025g02080	Vitvi02g00181	24.2.6.1	Solute transport.carrier-mediated transport.TOC superfamily.sugar efflux transporter (SWEET)
VIT_05s0077g02260	Vitvi05g00013	24.2.6.1	Solute transport.carrier-mediated transport.TOC superfamily.sugar efflux transporter (SWEET)
VIT_17s0000g00820	Vitvi17g00069	24.2.6.1	Solute transport.carrier-mediated transport.TOC superfamily.sugar efflux transporter (SWEET)
VIT_17s0000g00830	Vitvi17g00070	24.2.6.1	Solute transport.carrier-mediated transport.TOC superfamily.sugar efflux transporter (SWEET)
VIT_18s0001g15330	Vitvi18g01215	24.2.6.1	Solute transport.carrier-mediated transport.TOC superfamily.sugar efflux transporter (SWEET)
VIT_09s0002g04240	Vitvi09g00350	24.2.6.2	Solute transport.carrier-mediated transport.TOC superfamily.transport protein (TSUP)
VIT_00s0187g00130	Vitvi10g00204	24.2.7	Solute transport.carrier-mediated transport.IT superfamily
VIT_02s0025g03310	Vitvi02g00301	24.2.7	Solute transport.carrier-mediated transport.IT superfamily
VIT_14s0108g01130	Vitvi14g01992	24.2.7	Solute transport.carrier-mediated transport.IT superfamily
VIT_00s0187g00130	Vitvi10g00204	24.2.7.1	Solute transport.carrier-mediated transport.IT superfamily.DASS family
VIT_00s0187g00130	Vitvi10g00204	24.2.7.1.1	Solute transport.carrier-mediated transport.IT superfamily.DASS family.di-/tricarboxylate transporter (TDT)
VIT_02s0025g03310	Vitvi02g00301	24.2.7.2	Solute transport.carrier-mediated transport.IT superfamily.putative silicon efflux transporter (LSI2)
VIT_14s0108g01130	Vitvi14g01992	24.2.7.4	Solute transport.carrier-mediated transport.IT superfamily.phosphate transporter (PHO)
VIT_02s0025g00810	Vitvi02g01328	24.2.8	Solute transport.carrier-mediated transport.CPA superfamily
VIT_02s0025g00810	Vitvi02g01328	24.2.8.2	Solute transport.carrier-mediated transport.CPA superfamily.CPA-2 family
VIT_02s0025g00810	Vitvi02g01328	24.2.8.2.1	Solute transport.carrier-mediated transport.CPA superfamily.CPA-2 family.proton:monovalent cation antiporter (CHX)
VIT_06s0009g01110	Vitvi06g00999	24.2.9	Solute transport.carrier-mediated transport.CDF superfamily
VIT_08s0007g02240	Vitvi08g02245	24.2.9	Solute transport.carrier-mediated transport.CDF superfamily
VIT_08s0056g01480	Vitvi08g02000	24.2.9	Solute transport.carrier-mediated transport.CDF superfamily
VIT_18s0041g00090	Vitvi18g01947	24.2.9	Solute transport.carrier-mediated transport.CDF superfamily
VIT_06s0009g01110	Vitvi06g00999	24.2.9.1	Solute transport.carrier-mediated transport.CDF superfamily.CaCA family
VIT_08s0007g02240	Vitvi08g02245	24.2.9.1	Solute transport.carrier-mediated transport.CDF superfamily.CaCA family
VIT_08s0056g01480	Vitvi08g02000	24.2.9.1	Solute transport.carrier-mediated transport.CDF superfamily.CaCA family
VIT_08s0007g02240	Vitvi08g02245	24.2.9.1.1	Solute transport.carrier-mediated transport.CDF superfamily.CaCA family.cation antiporter (CAX)
VIT_06s0009g01110	Vitvi06g00999	24.2.9.1.2	Solute transport.carrier-mediated transport.CDF superfamily.CaCA family.cation:calcium cation exchanger (CCX)
VIT_08s0056g01480	Vitvi08g02000	24.2.9.1.2	Solute transport.carrier-mediated transport.CDF superfamily.CaCA family.cation:calcium cation exchanger (CCX)
VIT_18s0041g00090	Vitvi18g01947	24.2.9.2	Solute transport.carrier-mediated transport.CDF superfamily.CDF family
VIT_18s0041g00090	Vitvi18g01947	24.2.9.2.2	Solute transport.carrier-mediated transport.CDF superfamily.CDF family.manganese cation transporter (Mn-CDF)
VIT_02s0025g03260	Vitvi02g00295	24.3	Solute transport.channels
VIT_02s0025g03390	Vitvi02g00310	24.3	Solute transport.channels
VIT_03s0038g01410	Vitvi03g00083	24.3	Solute transport.channels
VIT_03s0038g02520	Vitvi03g00155	24.3	Solute transport.channels
VIT_03s0110g00300	Vitvi03g01756	24.3	Solute transport.channels
VIT_04s0008g01720	Vitvi04g00147	24.3	Solute transport.channels
VIT_04s0008g04990	Vitvi04g00440	24.3	Solute transport.channels
VIT_04s0023g01150	Vitvi04g01225	24.3	Solute transport.channels
VIT_06s0004g02850	Vitvi06g00281	24.3	Solute transport.channels
VIT_06s0061g00730	Vitvi06g01346	24.3	Solute transport.channels
VIT_07s0031g02170	Vitvi07g01890	24.3	Solute transport.channels
VIT_07s0031g02950	Vitvi07g01977	24.3	Solute transport.channels
VIT_07s0141g00590	Vitvi07g00032	24.3	Solute transport.channels
VIT_08s0007g04780	Vitvi08g01602	24.3	Solute transport.channels
VIT_08s0040g01890	Vitvi08g01038	24.3	Solute transport.channels
VIT_09s0002g04020	Vitvi09g00329	24.3	Solute transport.channels
VIT_10s0003g01830	Vitvi10g00639	24.3	Solute transport.channels
VIT_12s0059g02260	Vitvi12g00516	24.3	Solute transport.channels
VIT_13s0019g00330	Vitvi13g00255	24.3	Solute transport.channels
VIT_13s0019g04280	Vitvi13g00605	24.3	Solute transport.channels
VIT_13s0067g00220	Vitvi13g00012	24.3	Solute transport.channels
VIT_14s0108g00700	Vitvi14g01952	24.3	Solute transport.channels
VIT_14s0108g01420	Vitvi14g02018	24.3	Solute transport.channels
VIT_15s0046g02410	Vitvi15g01109	24.3	Solute transport.channels
VIT_15s0046g02420	Vitvi15g01110	24.3	Solute transport.channels
VIT_15s0107g00270	Vitvi15g00244	24.3	Solute transport.channels
VIT_16s0039g00220	Vitvi16g00010	24.3	Solute transport.channels
VIT_02s0025g03260	Vitvi02g00295	24.3.1	Solute transport.channels.MIP family
VIT_02s0025g03390	Vitvi02g00310	24.3.1	Solute transport.channels.MIP family
VIT_03s0038g01410	Vitvi03g00083	24.3.1	Solute transport.channels.MIP family
VIT_03s0038g02520	Vitvi03g00155	24.3.1	Solute transport.channels.MIP family
VIT_06s0004g02850	Vitvi06g00281	24.3.1	Solute transport.channels.MIP family
VIT_06s0061g00730	Vitvi06g01346	24.3.1	Solute transport.channels.MIP family
VIT_08s0007g04780	Vitvi08g01602	24.3.1	Solute transport.channels.MIP family
VIT_08s0040g01890	Vitvi08g01038	24.3.1	Solute transport.channels.MIP family
VIT_09s0002g04020	Vitvi09g00329	24.3.1	Solute transport.channels.MIP family
VIT_10s0003g01830	Vitvi10g00639	24.3.1	Solute transport.channels.MIP family
VIT_13s0019g00330	Vitvi13g00255	24.3.1	Solute transport.channels.MIP family
VIT_13s0019g04280	Vitvi13g00605	24.3.1	Solute transport.channels.MIP family
VIT_13s0067g00220	Vitvi13g00012	24.3.1	Solute transport.channels.MIP family
VIT_14s0108g00700	Vitvi14g01952	24.3.1	Solute transport.channels.MIP family
VIT_15s0046g02410	Vitvi15g01109	24.3.1	Solute transport.channels.MIP family
VIT_15s0046g02420	Vitvi15g01110	24.3.1	Solute transport.channels.MIP family
VIT_16s0039g00220	Vitvi16g00010	24.3.1	Solute transport.channels.MIP family
VIT_02s0025g03260	Vitvi02g00295	24.3.1.1	Solute transport.channels.MIP family.Nodulin-26-like intrinsic protein (NIP)
VIT_10s0003g01830	Vitvi10g00639	24.3.1.1	Solute transport.channels.MIP family.Nodulin-26-like intrinsic protein (NIP)
VIT_14s0108g00700	Vitvi14g01952	24.3.1.1	Solute transport.channels.MIP family.Nodulin-26-like intrinsic protein (NIP)
VIT_02s0025g03390	Vitvi02g00310	24.3.1.2	Solute transport.channels.MIP family.plasma membrane intrinsic protein (PIP)
VIT_03s0038g02520	Vitvi03g00155	24.3.1.2	Solute transport.channels.MIP family.plasma membrane intrinsic protein (PIP)
VIT_06s0004g02850	Vitvi06g00281	24.3.1.2	Solute transport.channels.MIP family.plasma membrane intrinsic protein (PIP)
VIT_08s0040g01890	Vitvi08g01038	24.3.1.2	Solute transport.channels.MIP family.plasma membrane intrinsic protein (PIP)
VIT_13s0019g04280	Vitvi13g00605	24.3.1.2	Solute transport.channels.MIP family.plasma membrane intrinsic protein (PIP)
VIT_13s0067g00220	Vitvi13g00012	24.3.1.2	Solute transport.channels.MIP family.plasma membrane intrinsic protein (PIP)
VIT_15s0046g02410	Vitvi15g01109	24.3.1.2	Solute transport.channels.MIP family.plasma membrane intrinsic protein (PIP)
VIT_15s0046g02420	Vitvi15g01110	24.3.1.2	Solute transport.channels.MIP family.plasma membrane intrinsic protein (PIP)
VIT_06s0061g00730	Vitvi06g01346	24.3.1.3	Solute transport.channels.MIP family.tonoplast intrinsic protein (TIP)
VIT_08s0007g04780	Vitvi08g01602	24.3.1.3	Solute transport.channels.MIP family.tonoplast intrinsic protein (TIP)
VIT_09s0002g04020	Vitvi09g00329	24.3.1.3	Solute transport.channels.MIP family.tonoplast intrinsic protein (TIP)
VIT_13s0019g00330	Vitvi13g00255	24.3.1.3	Solute transport.channels.MIP family.tonoplast intrinsic protein (TIP)
VIT_16s0039g00220	Vitvi16g00010	24.3.1.3	Solute transport.channels.MIP family.tonoplast intrinsic protein (TIP)
VIT_03s0038g01410	Vitvi03g00083	24.3.1.5	Solute transport.channels.MIP family.X-intrinsic protein (XIP)
VIT_03s0110g00300	Vitvi03g01756	24.3.12	Solute transport.channels.copper cation channel (COPT)
VIT_04s0023g01150	Vitvi04g01225	24.3.15	Solute transport.channels.MCU calcium uniporter complex
VIT_04s0023g01150	Vitvi04g01225	24.3.15.1	Solute transport.channels.MCU calcium uniporter complex.channel component MCU
VIT_04s0008g04990	Vitvi04g00440	24.3.2	Solute transport.channels.VIC superfamily
VIT_14s0108g01420	Vitvi14g02018	24.3.2	Solute transport.channels.VIC superfamily
VIT_04s0008g04990	Vitvi04g00440	24.3.2.2	Solute transport.channels.VIC superfamily.voltage-gated potassium cation channel (AKT/SKOR/GORK)
VIT_14s0108g01420	Vitvi14g02018	24.3.2.4	Solute transport.channels.VIC superfamily.cyclic nucleotide-gated cation channel (CNGC)
VIT_07s0141g00590	Vitvi07g00032	24.3.3	Solute transport.channels.CorA family
VIT_07s0141g00590	Vitvi07g00032	24.3.3.1	Solute transport.channels.CorA family.metal cation transporter (MRS/MGT)
VIT_07s0031g02950	Vitvi07g01977	24.3.4	Solute transport.channels.AMT family
VIT_07s0031g02950	Vitvi07g01977	24.3.4.2	Solute transport.channels.AMT family.ammonium transporter (AMT2/3)
VIT_04s0008g01720	Vitvi04g00147	24.3.5	Solute transport.channels.mechanosensitive ion channel (MSL)
VIT_15s0107g00270	Vitvi15g00244	24.3.5	Solute transport.channels.mechanosensitive ion channel (MSL)
VIT_07s0031g02170	Vitvi07g01890	24.3.9	Solute transport.channels.ligand-gated cation channel (GLR)
VIT_12s0059g02260	Vitvi12g00516	24.3.9	Solute transport.channels.ligand-gated cation channel (GLR)
VIT_02s0025g02500	Vitvi02g01365	25	Nutrient uptake
VIT_03s0063g00370	Vitvi03g00509	25	Nutrient uptake
VIT_03s0110g00300	Vitvi03g01756	25	Nutrient uptake
VIT_05s0020g02480	Vitvi05g00403	25	Nutrient uptake
VIT_08s0007g07400	Vitvi08g01812	25	Nutrient uptake
VIT_08s0058g00410	Vitvi08g00761	25	Nutrient uptake
VIT_08s0058g00430	Vitvi08g00763	25	Nutrient uptake
VIT_08s0058g00740	Vitvi08g02084	25	Nutrient uptake
VIT_14s0060g01190	Vitvi14g02474	25	Nutrient uptake
VIT_14s0066g00850	Vitvi14g01720	25	Nutrient uptake
VIT_14s0081g00720	Vitvi14g00562	25	Nutrient uptake
VIT_14s0108g01130	Vitvi14g01992	25	Nutrient uptake
VIT_15s0046g01920	Vitvi15g01070	25	Nutrient uptake
VIT_17s0053g00040	Vitvi17g01148	25	Nutrient uptake
VIT_17s0053g00380	Vitvi17g01183	25	Nutrient uptake
VIT_18s0001g08240	Vitvi18g00589	25	Nutrient uptake
VIT_03s0063g00370	Vitvi03g00509	25.1	Nutrient uptake.nitrogen assimilation
VIT_05s0020g02480	Vitvi05g00403	25.1	Nutrient uptake.nitrogen assimilation
VIT_08s0007g07400	Vitvi08g01812	25.1	Nutrient uptake.nitrogen assimilation
VIT_14s0066g00850	Vitvi14g01720	25.1	Nutrient uptake.nitrogen assimilation
VIT_18s0001g08240	Vitvi18g00589	25.1	Nutrient uptake.nitrogen assimilation
VIT_18s0001g08240	Vitvi18g00589	25.1.1	Nutrient uptake.nitrogen assimilation.systemic nitrogen signalling
VIT_18s0001g08240	Vitvi18g00589	25.1.1.2	Nutrient uptake.nitrogen assimilation.systemic nitrogen signalling.CEP-receptor kinase (CEPR)
VIT_14s0066g00850	Vitvi14g01720	25.1.3	Nutrient uptake.nitrogen assimilation.nitrate uptake system
VIT_14s0066g00850	Vitvi14g01720	25.1.3.1	Nutrient uptake.nitrogen assimilation.nitrate uptake system.nitrate transporter (NRT2)
VIT_03s0063g00370	Vitvi03g00509	25.1.4	Nutrient uptake.nitrogen assimilation.nitrate assimilation
VIT_03s0063g00370	Vitvi03g00509	25.1.4.2	Nutrient uptake.nitrogen assimilation.nitrate assimilation.nitrite reductase
VIT_05s0020g02480	Vitvi05g00403	25.1.5	Nutrient uptake.nitrogen assimilation.ammonium assimilation
VIT_05s0020g02480	Vitvi05g00403	25.1.5.1	Nutrient uptake.nitrogen assimilation.ammonium assimilation.glutamine synthetase activities
VIT_05s0020g02480	Vitvi05g00403	25.1.5.1.2	Nutrient uptake.nitrogen assimilation.ammonium assimilation.glutamine synthetase activities.plastidial glutamine synthetase (GLN2)
VIT_08s0007g07400	Vitvi08g01812	25.1.6	Nutrient uptake.nitrogen assimilation.glutamate deamination
VIT_08s0007g07400	Vitvi08g01812	25.1.6.1	Nutrient uptake.nitrogen assimilation.glutamate deamination.glutamate dehydrogenase
VIT_14s0108g01130	Vitvi14g01992	25.3	Nutrient uptake.phosphorus assimilation
VIT_14s0108g01130	Vitvi14g01992	25.3.2	Nutrient uptake.phosphorus assimilation.phosphate uptake
VIT_14s0108g01130	Vitvi14g01992	25.3.2.2	Nutrient uptake.phosphorus assimilation.phosphate uptake.phosphate transporter (PHO1)
VIT_02s0025g02500	Vitvi02g01365	25.4	Nutrient uptake.iron uptake
VIT_08s0058g00410	Vitvi08g00761	25.4	Nutrient uptake.iron uptake
VIT_08s0058g00430	Vitvi08g00763	25.4	Nutrient uptake.iron uptake
VIT_08s0058g00740	Vitvi08g02084	25.4	Nutrient uptake.iron uptake
VIT_14s0060g01190	Vitvi14g02474	25.4	Nutrient uptake.iron uptake
VIT_14s0081g00720	Vitvi14g00562	25.4	Nutrient uptake.iron uptake
VIT_15s0046g01920	Vitvi15g01070	25.4	Nutrient uptake.iron uptake
VIT_17s0053g00040	Vitvi17g01148	25.4	Nutrient uptake.iron uptake
VIT_17s0053g00380	Vitvi17g01183	25.4	Nutrient uptake.iron uptake
VIT_14s0081g00720	Vitvi14g00562	25.4.1	Nutrient uptake.iron uptake.regulation
VIT_14s0081g00720	Vitvi14g00562	25.4.1.2	Nutrient uptake.iron uptake.regulation.signal transduction factor (PRI1)
VIT_15s0046g01920	Vitvi15g01070	25.4.2	Nutrient uptake.iron uptake.reduction-based strategy uptake
VIT_15s0046g01920	Vitvi15g01070	25.4.2.1	Nutrient uptake.iron uptake.reduction-based strategy uptake.ferric cation-chelate reductase
VIT_02s0025g02500	Vitvi02g01365	25.4.3	Nutrient uptake.iron uptake.chelation-based strategy uptake
VIT_14s0060g01190	Vitvi14g02474	25.4.3	Nutrient uptake.iron uptake.chelation-based strategy uptake
VIT_17s0053g00040	Vitvi17g01148	25.4.3	Nutrient uptake.iron uptake.chelation-based strategy uptake
VIT_17s0053g00380	Vitvi17g01183	25.4.3	Nutrient uptake.iron uptake.chelation-based strategy uptake
VIT_14s0060g01190	Vitvi14g02474	25.4.3.1	Nutrient uptake.iron uptake.chelation-based strategy uptake.phytosiderophore biosynthesis
VIT_14s0060g01190	Vitvi14g02474	25.4.3.1.1	Nutrient uptake.iron uptake.chelation-based strategy uptake.phytosiderophore biosynthesis.nicotianamine synthase
VIT_02s0025g02500	Vitvi02g01365	25.4.3.2	Nutrient uptake.iron uptake.chelation-based strategy uptake.ferric cation-chelator transporter (YSL)
VIT_17s0053g00040	Vitvi17g01148	25.4.3.2	Nutrient uptake.iron uptake.chelation-based strategy uptake.ferric cation-chelator transporter (YSL)
VIT_17s0053g00380	Vitvi17g01183	25.4.3.2	Nutrient uptake.iron uptake.chelation-based strategy uptake.ferric cation-chelator transporter (YSL)
VIT_08s0058g00410	Vitvi08g00761	25.4.5	Nutrient uptake.iron uptake.iron storage
VIT_08s0058g00430	Vitvi08g00763	25.4.5	Nutrient uptake.iron uptake.iron storage
VIT_08s0058g00410	Vitvi08g00761	25.4.5.1	Nutrient uptake.iron uptake.iron storage.non-haem ferritin
VIT_08s0058g00430	Vitvi08g00763	25.4.5.1	Nutrient uptake.iron uptake.iron storage.non-haem ferritin
VIT_08s0058g00740	Vitvi08g02084	25.4.6	Nutrient uptake.iron uptake.long-distance iron transport
VIT_08s0058g00740	Vitvi08g02084	25.4.6.2	Nutrient uptake.iron uptake.long-distance iron transport.ferric cation chelator protein (FPN)
VIT_03s0110g00300	Vitvi03g01756	25.5	Nutrient uptake.copper uptake
VIT_15s0046g01920	Vitvi15g01070	25.5	Nutrient uptake.copper uptake
VIT_03s0110g00300	Vitvi03g01756	25.5.2	Nutrient uptake.copper uptake.reduction-based uptake
VIT_15s0046g01920	Vitvi15g01070	25.5.2	Nutrient uptake.copper uptake.reduction-based uptake
VIT_15s0046g01920	Vitvi15g01070	25.5.2.1	Nutrient uptake.copper uptake.reduction-based uptake.metal ion-chelate reductase (FRO)
VIT_03s0110g00300	Vitvi03g01756	25.5.2.2	Nutrient uptake.copper uptake.reduction-based uptake.copper transporter (COPT)
VIT_00s0160g00100	Vitvi07g02833	26	External stimuli response
VIT_00s0160g00310	Vitvi07g02814	26	External stimuli response
VIT_00s0238g00060	Vitvi18g03382	26	External stimuli response
VIT_00s2038g00010	Vitvi10g02408	26	External stimuli response
VIT_01s0010g02030	Vitvi01g01476	26	External stimuli response
VIT_01s0011g05810	Vitvi01g00499	26	External stimuli response
VIT_02s0025g04460	Vitvi02g00407	26	External stimuli response
VIT_03s0038g04760	Vitvi03g00315	26	External stimuli response
VIT_04s0008g00960	Vitvi04g00081	26	External stimuli response
VIT_05s0029g00390	Vitvi05g01103	26	External stimuli response
VIT_05s0049g01860	Vitvi05g00828	26	External stimuli response
VIT_05s0077g01720	Vitvi05g01751	26	External stimuli response
VIT_06s0004g00490	Vitvi06g00052	26	External stimuli response
VIT_06s0004g04610	Vitvi06g00459	26	External stimuli response
VIT_06s0004g05950	Vitvi06g00578	26	External stimuli response
VIT_07s0031g02390	Vitvi07g01908	26	External stimuli response
VIT_07s0031g02560	Vitvi07g01923	26	External stimuli response
VIT_08s0007g00610	Vitvi08g02198	26	External stimuli response
VIT_08s0007g05180	Vitvi08g01639	26	External stimuli response
VIT_08s0007g07690	Vitvi08g01844	26	External stimuli response
VIT_10s0003g02680	Vitvi10g00715	26	External stimuli response
VIT_13s0084g00670	Vitvi13g02295	26	External stimuli response
VIT_14s0066g01820	Vitvi14g03031	26	External stimuli response
VIT_14s0108g01420	Vitvi14g02018	26	External stimuli response
VIT_16s0100g00380	Vitvi16g00941	26	External stimuli response
VIT_17s0000g00430	Vitvi17g00046	26	External stimuli response
VIT_17s0000g04490	Vitvi17g00407	26	External stimuli response
VIT_17s0000g07190	Vitvi17g00695	26	External stimuli response
VIT_18s0001g08100	Vitvi18g00572	26	External stimuli response
VIT_19s0014g05430	Vitvi19g00430	26	External stimuli response
VIT_01s0011g05810	Vitvi01g00499	26.1	External stimuli response.light
VIT_03s0038g04760	Vitvi03g00315	26.1	External stimuli response.light
VIT_05s0029g00390	Vitvi05g01103	26.1	External stimuli response.light
VIT_06s0004g05950	Vitvi06g00578	26.1	External stimuli response.light
VIT_07s0031g02560	Vitvi07g01923	26.1	External stimuli response.light
VIT_08s0007g00610	Vitvi08g02198	26.1	External stimuli response.light
VIT_10s0003g02680	Vitvi10g00715	26.1	External stimuli response.light
VIT_17s0000g00430	Vitvi17g00046	26.1	External stimuli response.light
VIT_06s0004g05950	Vitvi06g00578	26.1.1	External stimuli response.light.red/far red light
VIT_08s0007g00610	Vitvi08g02198	26.1.1	External stimuli response.light.red/far red light
VIT_10s0003g02680	Vitvi10g00715	26.1.1	External stimuli response.light.red/far red light
VIT_10s0003g02680	Vitvi10g00715	26.1.1.1	External stimuli response.light.red/far red light.phytochrome photoreceptor (PHY)
VIT_08s0007g00610	Vitvi08g02198	26.1.1.2	External stimuli response.light.red/far red light.PHY-A translocation regulator (FHY1/FHL)
VIT_06s0004g05950	Vitvi06g00578	26.1.1.6	External stimuli response.light.red/far red light.phytochrome-mediated agravitropism
VIT_06s0004g05950	Vitvi06g00578	26.1.1.6.1	External stimuli response.light.red/far red light.phytochrome-mediated agravitropism.regulator (GIL1)
VIT_01s0011g05810	Vitvi01g00499	26.1.2	External stimuli response.light.UV-A/blue light
VIT_03s0038g04760	Vitvi03g00315	26.1.2	External stimuli response.light.UV-A/blue light
VIT_05s0029g00390	Vitvi05g01103	26.1.2	External stimuli response.light.UV-A/blue light
VIT_17s0000g00430	Vitvi17g00046	26.1.2	External stimuli response.light.UV-A/blue light
VIT_03s0038g04760	Vitvi03g00315	26.1.2.1	External stimuli response.light.UV-A/blue light.cryptochrome-mediated photoperception
VIT_05s0029g00390	Vitvi05g01103	26.1.2.1	External stimuli response.light.UV-A/blue light.cryptochrome-mediated photoperception
VIT_17s0000g00430	Vitvi17g00046	26.1.2.1	External stimuli response.light.UV-A/blue light.cryptochrome-mediated photoperception
VIT_03s0038g04760	Vitvi03g00315	26.1.2.1.2	External stimuli response.light.UV-A/blue light.cryptochrome-mediated photoperception.transcriptional regulator (CIB)
VIT_05s0029g00390	Vitvi05g01103	26.1.2.1.2	External stimuli response.light.UV-A/blue light.cryptochrome-mediated photoperception.transcriptional regulator (CIB)
VIT_17s0000g00430	Vitvi17g00046	26.1.2.1.2	External stimuli response.light.UV-A/blue light.cryptochrome-mediated photoperception.transcriptional regulator (CIB)
VIT_01s0011g05810	Vitvi01g00499	26.1.2.3	External stimuli response.light.UV-A/blue light.zeitlupe-mediated photoperception
VIT_01s0011g05810	Vitvi01g00499	26.1.2.3.1	External stimuli response.light.UV-A/blue light.zeitlupe-mediated photoperception.photoreceptor (ADO)
VIT_07s0031g02560	Vitvi07g01923	26.1.3	External stimuli response.light.UV-B light
VIT_07s0031g02560	Vitvi07g01923	26.1.3.1	External stimuli response.light.UV-B light.photoreceptor (UVR8)
VIT_00s2038g00010	Vitvi10g02408	26.10	External stimuli response.virus
VIT_05s0049g01860	Vitvi05g00828	26.10	External stimuli response.virus
VIT_05s0049g01860	Vitvi05g00828	26.10.1	External stimuli response.virus.virus movement
VIT_05s0049g01860	Vitvi05g00828	26.10.1.1	External stimuli response.virus.virus movement.plasmodesmal protein (PDLP)
VIT_00s2038g00010	Vitvi10g02408	26.10.2	External stimuli response.virus.tobamovirus multiplication
VIT_00s2038g00010	Vitvi10g02408	26.10.2.1	External stimuli response.virus.tobamovirus multiplication.replication host factor (TOM1)
VIT_18s0001g08100	Vitvi18g00572	26.3	External stimuli response.gravity
VIT_18s0001g08100	Vitvi18g00572	26.3.1	External stimuli response.gravity.sensing and signalling
VIT_18s0001g08100	Vitvi18g00572	26.3.1.6	External stimuli response.gravity.sensing and signalling.ubiquitin protein ligase (WAV3)
VIT_02s0025g04460	Vitvi02g00407	26.4	External stimuli response.temperature
VIT_10s0003g02680	Vitvi10g00715	26.4	External stimuli response.temperature
VIT_14s0108g01420	Vitvi14g02018	26.4	External stimuli response.temperature
VIT_16s0100g00380	Vitvi16g00941	26.4	External stimuli response.temperature
VIT_17s0000g07190	Vitvi17g00695	26.4	External stimuli response.temperature
VIT_10s0003g02680	Vitvi10g00715	26.4.1	External stimuli response.temperature.sensing and signalling
VIT_14s0108g01420	Vitvi14g02018	26.4.1	External stimuli response.temperature.sensing and signalling
VIT_14s0108g01420	Vitvi14g02018	26.4.1.1	External stimuli response.temperature.sensing and signalling.temperature sensor protein (CNGC2)
VIT_10s0003g02680	Vitvi10g00715	26.4.1.2	External stimuli response.temperature.sensing and signalling.temperature sensor protein (PHY-B)
VIT_17s0000g07190	Vitvi17g00695	26.4.2	External stimuli response.temperature.heat response
VIT_17s0000g07190	Vitvi17g00695	26.4.2.3	External stimuli response.temperature.heat response.cytosolic chaperone (Hsp101)
VIT_02s0025g04460	Vitvi02g00407	26.4.3	External stimuli response.temperature.cold response
VIT_16s0100g00380	Vitvi16g00941	26.4.3	External stimuli response.temperature.cold response
VIT_02s0025g04460	Vitvi02g00407	26.4.3.4	External stimuli response.temperature.cold response.ICE-CBF cold acclimation transcriptional cascade
VIT_16s0100g00380	Vitvi16g00941	26.4.3.4	External stimuli response.temperature.cold response.ICE-CBF cold acclimation transcriptional cascade
VIT_02s0025g04460	Vitvi02g00407	26.4.3.4.2	External stimuli response.temperature.cold response.ICE-CBF cold acclimation transcriptional cascade.transcription factor (CBF/DREB1)
VIT_16s0100g00380	Vitvi16g00941	26.4.3.4.2	External stimuli response.temperature.cold response.ICE-CBF cold acclimation transcriptional cascade.transcription factor (CBF/DREB1)
VIT_17s0000g04490	Vitvi17g00407	26.5	External stimuli response.drought
VIT_17s0000g04490	Vitvi17g00407	26.5.1	External stimuli response.drought.stomatal closure signalling
VIT_17s0000g04490	Vitvi17g00407	26.5.1.2	External stimuli response.drought.stomatal closure signalling.calcium sensor (CAS)
VIT_04s0008g00960	Vitvi04g00081	26.6	External stimuli response.salinity
VIT_06s0004g04610	Vitvi06g00459	26.6	External stimuli response.salinity
VIT_04s0008g00960	Vitvi04g00081	26.6.1	External stimuli response.salinity.SOS (Salt Overly Sensitive) signalling pathway
VIT_06s0004g04610	Vitvi06g00459	26.6.1	External stimuli response.salinity.SOS (Salt Overly Sensitive) signalling pathway
VIT_04s0008g00960	Vitvi04g00081	26.6.1.1	External stimuli response.salinity.SOS (Salt Overly Sensitive) signalling pathway.SOS3-SOS2 signalling
VIT_04s0008g00960	Vitvi04g00081	26.6.1.1.3	External stimuli response.salinity.SOS (Salt Overly Sensitive) signalling pathway.SOS3-SOS2 signalling.calcium-dependent regulatory protein (SCaBP8/CBL10)
VIT_06s0004g04610	Vitvi06g00459	26.6.1.4	External stimuli response.salinity.SOS (Salt Overly Sensitive) signalling pathway.regulatory factor (SOS5)
VIT_00s0160g00100	Vitvi07g02833	26.8	External stimuli response.pathogen
VIT_00s0160g00310	Vitvi07g02814	26.8	External stimuli response.pathogen
VIT_00s0238g00060	Vitvi18g03382	26.8	External stimuli response.pathogen
VIT_01s0010g02030	Vitvi01g01476	26.8	External stimuli response.pathogen
VIT_05s0077g01720	Vitvi05g01751	26.8	External stimuli response.pathogen
VIT_07s0031g02390	Vitvi07g01908	26.8	External stimuli response.pathogen
VIT_08s0007g05180	Vitvi08g01639	26.8	External stimuli response.pathogen
VIT_08s0007g07690	Vitvi08g01844	26.8	External stimuli response.pathogen
VIT_13s0084g00670	Vitvi13g02295	26.8	External stimuli response.pathogen
VIT_14s0066g01820	Vitvi14g03031	26.8	External stimuli response.pathogen
VIT_19s0014g05430	Vitvi19g00430	26.8	External stimuli response.pathogen
VIT_00s0160g00100	Vitvi07g02833	26.8.2	External stimuli response.pathogen.effector-triggered immunity (ETI) network
VIT_00s0160g00310	Vitvi07g02814	26.8.2	External stimuli response.pathogen.effector-triggered immunity (ETI) network
VIT_00s0238g00060	Vitvi18g03382	26.8.2	External stimuli response.pathogen.effector-triggered immunity (ETI) network
VIT_05s0077g01720	Vitvi05g01751	26.8.2	External stimuli response.pathogen.effector-triggered immunity (ETI) network
VIT_07s0031g02390	Vitvi07g01908	26.8.2	External stimuli response.pathogen.effector-triggered immunity (ETI) network
VIT_14s0066g01820	Vitvi14g03031	26.8.2	External stimuli response.pathogen.effector-triggered immunity (ETI) network
VIT_19s0014g05430	Vitvi19g00430	26.8.2	External stimuli response.pathogen.effector-triggered immunity (ETI) network
VIT_00s0160g00100	Vitvi07g02833	26.8.2.1	External stimuli response.pathogen.effector-triggered immunity (ETI) network.effector receptor (NLR)
VIT_00s0160g00310	Vitvi07g02814	26.8.2.1	External stimuli response.pathogen.effector-triggered immunity (ETI) network.effector receptor (NLR)
VIT_00s0238g00060	Vitvi18g03382	26.8.2.1	External stimuli response.pathogen.effector-triggered immunity (ETI) network.effector receptor (NLR)
VIT_19s0014g05430	Vitvi19g00430	26.8.2.3	External stimuli response.pathogen.effector-triggered immunity (ETI) network.regulatory protein (NDR1)
VIT_05s0077g01720	Vitvi05g01751	26.8.2.4	External stimuli response.pathogen.effector-triggered immunity (ETI) network.EDS1-PAD4/SAG101 signalling heterodimers
VIT_07s0031g02390	Vitvi07g01908	26.8.2.4	External stimuli response.pathogen.effector-triggered immunity (ETI) network.EDS1-PAD4/SAG101 signalling heterodimers
VIT_14s0066g01820	Vitvi14g03031	26.8.2.4	External stimuli response.pathogen.effector-triggered immunity (ETI) network.EDS1-PAD4/SAG101 signalling heterodimers
VIT_07s0031g02390	Vitvi07g01908	26.8.2.4.1	External stimuli response.pathogen.effector-triggered immunity (ETI) network.EDS1-PAD4/SAG101 signalling heterodimers.component EDS1
VIT_07s0031g02390	Vitvi07g01908	26.8.2.4.2	External stimuli response.pathogen.effector-triggered immunity (ETI) network.EDS1-PAD4/SAG101 signalling heterodimers.component PAD4
VIT_05s0077g01720	Vitvi05g01751	26.8.2.4.3	External stimuli response.pathogen.effector-triggered immunity (ETI) network.EDS1-PAD4/SAG101 signalling heterodimers.component SAG101
VIT_14s0066g01820	Vitvi14g03031	26.8.2.4.3	External stimuli response.pathogen.effector-triggered immunity (ETI) network.EDS1-PAD4/SAG101 signalling heterodimers.component SAG101
VIT_01s0010g02030	Vitvi01g01476	26.8.3	External stimuli response.pathogen.defense mechanisms
VIT_08s0007g05180	Vitvi08g01639	26.8.3	External stimuli response.pathogen.defense mechanisms
VIT_08s0007g07690	Vitvi08g01844	26.8.3	External stimuli response.pathogen.defense mechanisms
VIT_13s0084g00670	Vitvi13g02295	26.8.3	External stimuli response.pathogen.defense mechanisms
VIT_01s0010g02030	Vitvi01g01476	26.8.3.2	External stimuli response.pathogen.defense mechanisms.defensin activities
VIT_01s0010g02030	Vitvi01g01476	26.8.3.2.2	External stimuli response.pathogen.defense mechanisms.defensin activities.defensin (PDF2)
VIT_08s0007g05180	Vitvi08g01639	26.8.3.3	External stimuli response.pathogen.defense mechanisms.WRKY33-dependent plant immunity
VIT_13s0084g00670	Vitvi13g02295	26.8.3.3	External stimuli response.pathogen.defense mechanisms.WRKY33-dependent plant immunity
VIT_08s0007g05180	Vitvi08g01639	26.8.3.3.2	External stimuli response.pathogen.defense mechanisms.WRKY33-dependent plant immunity.WRKY33-activating protein (SIB)
VIT_13s0084g00670	Vitvi13g02295	26.8.3.3.2	External stimuli response.pathogen.defense mechanisms.WRKY33-dependent plant immunity.WRKY33-activating protein (SIB)
VIT_08s0007g07690	Vitvi08g01844	26.8.3.4	External stimuli response.pathogen.defense mechanisms.pathogen polygalacturonase inhibitor (PGIP)
VIT_06s0004g00490	Vitvi06g00052	26.9	External stimuli response.symbiont
VIT_06s0004g00490	Vitvi06g00052	26.9.1	External stimuli response.symbiont.symbiosis signalling pathway
VIT_06s0004g00490	Vitvi06g00052	26.9.1.7	External stimuli response.symbiont.symbiosis signalling pathway.transcription factor (ERN1)
VIT_00s0323g00100	Vitvi02g00505	27	Multi-process regulation
VIT_00s0929g00020	Vitvi07g03110	27	Multi-process regulation
VIT_02s0012g00550	Vitvi02g01483	27	Multi-process regulation
VIT_02s0012g00990	Vitvi02g00666	27	Multi-process regulation
VIT_02s0025g01610	Vitvi02g00149	27	Multi-process regulation
VIT_03s0091g00410	Vitvi03g00597	27	Multi-process regulation
VIT_05s0020g04860	Vitvi05g00650	27	Multi-process regulation
VIT_05s0062g00780	Vitvi05g01308	27	Multi-process regulation
VIT_06s0004g01140	Vitvi06g01608	27	Multi-process regulation
VIT_06s0004g02640	Vitvi06g00259	27	Multi-process regulation
VIT_08s0040g00490	Vitvi08g00911	27	Multi-process regulation
VIT_09s0002g00420	Vitvi09g01493	27	Multi-process regulation
VIT_10s0042g00170	Vitvi10g01466	27	Multi-process regulation
VIT_11s0016g03640	Vitvi11g00309	27	Multi-process regulation
VIT_14s0083g00880	Vitvi14g01321	27	Multi-process regulation
VIT_15s0021g00940	Vitvi15g00507	27	Multi-process regulation
VIT_15s0021g01130	Vitvi15g00526	27	Multi-process regulation
VIT_16s0013g00220	Vitvi16g00276	27	Multi-process regulation
VIT_17s0000g02630	Vitvi17g00229	27	Multi-process regulation
VIT_18s0001g05020	Vitvi18g02569	27	Multi-process regulation
VIT_18s0001g09450	Vitvi18g00690	27	Multi-process regulation
VIT_05s0020g04860	Vitvi05g00650	27.1	Multi-process regulation.circadian clock system
VIT_10s0042g00170	Vitvi10g01466	27.1	Multi-process regulation.circadian clock system
VIT_05s0020g04860	Vitvi05g00650	27.1.5	Multi-process regulation.circadian clock system.morning element regulation
VIT_10s0042g00170	Vitvi10g01466	27.1.5	Multi-process regulation.circadian clock system.morning element regulation
VIT_10s0042g00170	Vitvi10g01466	27.1.5.3	Multi-process regulation.circadian clock system.morning element regulation.repression factor (CHE)
VIT_05s0020g04860	Vitvi05g00650	27.1.5.4	Multi-process regulation.circadian clock system.morning element regulation.repression factor (TZP)
VIT_00s0323g00100	Vitvi02g00505	27.2	Multi-process regulation.Programmed Cell Death (PCD) system
VIT_02s0012g00990	Vitvi02g00666	27.2	Multi-process regulation.Programmed Cell Death (PCD) system
VIT_08s0040g00490	Vitvi08g00911	27.2	Multi-process regulation.Programmed Cell Death (PCD) system
VIT_16s0013g00220	Vitvi16g00276	27.2	Multi-process regulation.Programmed Cell Death (PCD) system
VIT_02s0012g00990	Vitvi02g00666	27.2.1	Multi-process regulation.Programmed Cell Death (PCD) system.PCD regulatory protein (LSD/LOL)
VIT_00s0323g00100	Vitvi02g00505	27.2.3	Multi-process regulation.Programmed Cell Death (PCD) system.cysteine proteinase (VPE)
VIT_16s0013g00220	Vitvi16g00276	27.2.4	Multi-process regulation.Programmed Cell Death (PCD) system.metacaspase-like regulator (MCP1)
VIT_08s0040g00490	Vitvi08g00911	27.2.5	Multi-process regulation.Programmed Cell Death (PCD) system.metacaspase-like regulator (MCP2)
VIT_06s0004g01140	Vitvi06g01608	27.3	Multi-process regulation.SnRK1-kinase regulatory system
VIT_09s0002g00420	Vitvi09g01493	27.3	Multi-process regulation.SnRK1-kinase regulatory system
VIT_15s0021g00940	Vitvi15g00507	27.3	Multi-process regulation.SnRK1-kinase regulatory system
VIT_18s0001g05020	Vitvi18g02569	27.3	Multi-process regulation.SnRK1-kinase regulatory system
VIT_06s0004g01140	Vitvi06g01608	27.3.2	Multi-process regulation.SnRK1-kinase regulatory system.SnRK1-activating protein kinase (GRIK)
VIT_09s0002g00420	Vitvi09g01493	27.3.3	Multi-process regulation.SnRK1-kinase regulatory system.SnRK1-interacting factor (FLZ)
VIT_15s0021g00940	Vitvi15g00507	27.3.3	Multi-process regulation.SnRK1-kinase regulatory system.SnRK1-interacting factor (FLZ)
VIT_18s0001g05020	Vitvi18g02569	27.3.3	Multi-process regulation.SnRK1-kinase regulatory system.SnRK1-interacting factor (FLZ)
VIT_00s0929g00020	Vitvi07g03110	27.4	Multi-process regulation.Rop-GTPase regulatory system
VIT_03s0091g00410	Vitvi03g00597	27.4	Multi-process regulation.Rop-GTPase regulatory system
VIT_05s0062g00780	Vitvi05g01308	27.4	Multi-process regulation.Rop-GTPase regulatory system
VIT_06s0004g02640	Vitvi06g00259	27.4	Multi-process regulation.Rop-GTPase regulatory system
VIT_11s0016g03640	Vitvi11g00309	27.4	Multi-process regulation.Rop-GTPase regulatory system
VIT_15s0021g01130	Vitvi15g00526	27.4	Multi-process regulation.Rop-GTPase regulatory system
VIT_18s0001g09450	Vitvi18g00690	27.4	Multi-process regulation.Rop-GTPase regulatory system
VIT_11s0016g03640	Vitvi11g00309	27.4.1	Multi-process regulation.Rop-GTPase regulatory system.small GTPase (ROP)
VIT_15s0021g01130	Vitvi15g00526	27.4.1	Multi-process regulation.Rop-GTPase regulatory system.small GTPase (ROP)
VIT_05s0062g00780	Vitvi05g01308	27.4.4	Multi-process regulation.Rop-GTPase regulatory system.guanine nucleotide dissociation inhibitor (RopGDI)
VIT_03s0091g00410	Vitvi03g00597	27.4.5	Multi-process regulation.Rop-GTPase regulatory system.ROP GTPase effector activities
VIT_18s0001g09450	Vitvi18g00690	27.4.5	Multi-process regulation.Rop-GTPase regulatory system.ROP GTPase effector activities
VIT_03s0091g00410	Vitvi03g00597	27.4.5.3	Multi-process regulation.Rop-GTPase regulatory system.ROP GTPase effector activities.GTPase effector (BDR)
VIT_18s0001g09450	Vitvi18g00690	27.4.5.3	Multi-process regulation.Rop-GTPase regulatory system.ROP GTPase effector activities.GTPase effector (BDR)
VIT_06s0004g02640	Vitvi06g00259	27.4.6	Multi-process regulation.Rop-GTPase regulatory system.GTPase interactive protein kinase (NCRK)
VIT_00s0929g00020	Vitvi07g03110	27.4.7	Multi-process regulation.Rop-GTPase regulatory system.GTPase interactive protein kinase (RBK/RRK)
VIT_02s0012g00550	Vitvi02g01483	27.5	Multi-process regulation.phosphoinositide lipid regulatory system
VIT_02s0025g01610	Vitvi02g00149	27.5	Multi-process regulation.phosphoinositide lipid regulatory system
VIT_14s0083g00880	Vitvi14g01321	27.5	Multi-process regulation.phosphoinositide lipid regulatory system
VIT_02s0025g01610	Vitvi02g00149	27.5.2	Multi-process regulation.phosphoinositide lipid regulatory system.phosphatidylinositol 4/5-phosphate
VIT_14s0083g00880	Vitvi14g01321	27.5.2	Multi-process regulation.phosphoinositide lipid regulatory system.phosphatidylinositol 4/5-phosphate
VIT_02s0025g01610	Vitvi02g00149	27.5.2.3	Multi-process regulation.phosphoinositide lipid regulatory system.phosphatidylinositol 4/5-phosphate.phosphatidylinositol 4-kinase (PI4K-gamma)
VIT_14s0083g00880	Vitvi14g01321	27.5.2.3	Multi-process regulation.phosphoinositide lipid regulatory system.phosphatidylinositol 4/5-phosphate.phosphatidylinositol 4-kinase (PI4K-gamma)
VIT_02s0012g00550	Vitvi02g01483	27.5.4	Multi-process regulation.phosphoinositide lipid regulatory system.inositol polyphosphate 5-phosphatase activities
VIT_02s0012g00550	Vitvi02g01483	27.5.4.1	Multi-process regulation.phosphoinositide lipid regulatory system.inositol polyphosphate 5-phosphatase activities.type-I inositol-polyphosphate 5-phosphatase
VIT_17s0000g02630	Vitvi17g00229	27.8	Multi-process regulation.PEB protein-dependent signalling
VIT_17s0000g02630	Vitvi17g00229	27.8.1	Multi-process regulation.PEB protein-dependent signalling.regulatory protein (PEBP)
VIT_00s0233g00030	Vitvi02g01701	3	Carbohydrate metabolism
VIT_00s0304g00080	Vitvi07g01365	3	Carbohydrate metabolism
VIT_01s0011g00590	Vitvi01g00052	3	Carbohydrate metabolism
VIT_01s0011g00600	Vitvi01g00053	3	Carbohydrate metabolism
VIT_01s0127g00470	Vitvi01g00714	3	Carbohydrate metabolism
VIT_02s0012g00170	Vitvi02g00605	3	Carbohydrate metabolism
VIT_02s0154g00090	Vitvi02g00512	3	Carbohydrate metabolism
VIT_02s0154g00350	Vitvi02g00533	3	Carbohydrate metabolism
VIT_03s0038g00670	Vitvi03g00048	3	Carbohydrate metabolism
VIT_03s0038g04570	Vitvi03g00304	3	Carbohydrate metabolism
VIT_04s0023g03010	Vitvi04g01421	3	Carbohydrate metabolism
VIT_04s0044g01130	Vitvi04g01671	3	Carbohydrate metabolism
VIT_05s0020g02880	Vitvi05g00442	3	Carbohydrate metabolism
VIT_05s0029g01140	Vitvi05g01193	3	Carbohydrate metabolism
VIT_05s0077g01930	Vitvi05g00045	3	Carbohydrate metabolism
VIT_05s0102g00710	Vitvi05g01516	3	Carbohydrate metabolism
VIT_07s0005g01680	Vitvi07g00431	3	Carbohydrate metabolism
VIT_07s0005g01970	Vitvi07g00457	3	Carbohydrate metabolism
VIT_07s0031g00920	Vitvi07g01777	3	Carbohydrate metabolism
VIT_08s0007g08310	Vitvi08g01890	3	Carbohydrate metabolism
VIT_11s0016g05770	Vitvi11g00513	3	Carbohydrate metabolism
VIT_11s0118g00200	Vitvi11g00542	3	Carbohydrate metabolism
VIT_12s0057g00940	Vitvi12g00711	3	Carbohydrate metabolism
VIT_14s0060g00790	Vitvi14g00065	3	Carbohydrate metabolism
VIT_14s0083g01100	Vitvi14g01350	3	Carbohydrate metabolism
VIT_15s0048g00370	Vitvi15g00690	3	Carbohydrate metabolism
VIT_16s0022g00670	Vitvi16g00713	3	Carbohydrate metabolism
VIT_17s0000g01290	Vitvi17g00103	3	Carbohydrate metabolism
VIT_17s0000g06960	Vitvi17g00682	3	Carbohydrate metabolism
VIT_17s0000g07640	Vitvi17g00738	3	Carbohydrate metabolism
VIT_18s0001g15410	Vitvi18g01223	3	Carbohydrate metabolism
VIT_18s0089g00410	Vitvi18g02365	3	Carbohydrate metabolism
VIT_01s0011g00590	Vitvi01g00052	3.1	Carbohydrate metabolism.sucrose metabolism
VIT_01s0011g00600	Vitvi01g00053	3.1	Carbohydrate metabolism.sucrose metabolism
VIT_02s0154g00090	Vitvi02g00512	3.1	Carbohydrate metabolism.sucrose metabolism
VIT_05s0029g01140	Vitvi05g01193	3.1	Carbohydrate metabolism.sucrose metabolism
VIT_05s0077g01930	Vitvi05g00045	3.1	Carbohydrate metabolism.sucrose metabolism
VIT_05s0102g00710	Vitvi05g01516	3.1	Carbohydrate metabolism.sucrose metabolism
VIT_11s0118g00200	Vitvi11g00542	3.1	Carbohydrate metabolism.sucrose metabolism
VIT_16s0022g00670	Vitvi16g00713	3.1	Carbohydrate metabolism.sucrose metabolism
VIT_18s0089g00410	Vitvi18g02365	3.1	Carbohydrate metabolism.sucrose metabolism
VIT_01s0011g00590	Vitvi01g00052	3.1.1	Carbohydrate metabolism.sucrose metabolism.triose-phosphate translocation
VIT_01s0011g00600	Vitvi01g00053	3.1.1	Carbohydrate metabolism.sucrose metabolism.triose-phosphate translocation
VIT_01s0011g00590	Vitvi01g00052	3.1.1.1	Carbohydrate metabolism.sucrose metabolism.triose-phosphate translocation.triose phosphate:phosphate translocator
VIT_01s0011g00600	Vitvi01g00053	3.1.1.1	Carbohydrate metabolism.sucrose metabolism.triose-phosphate translocation.triose phosphate:phosphate translocator
VIT_05s0029g01140	Vitvi05g01193	3.1.2	Carbohydrate metabolism.sucrose metabolism.biosynthesis
VIT_11s0118g00200	Vitvi11g00542	3.1.2	Carbohydrate metabolism.sucrose metabolism.biosynthesis
VIT_18s0089g00410	Vitvi18g02365	3.1.2	Carbohydrate metabolism.sucrose metabolism.biosynthesis
VIT_05s0029g01140	Vitvi05g01193	3.1.2.7	Carbohydrate metabolism.sucrose metabolism.biosynthesis.sucrose-phosphate synthase
VIT_11s0118g00200	Vitvi11g00542	3.1.2.7	Carbohydrate metabolism.sucrose metabolism.biosynthesis.sucrose-phosphate synthase
VIT_18s0089g00410	Vitvi18g02365	3.1.2.7	Carbohydrate metabolism.sucrose metabolism.biosynthesis.sucrose-phosphate synthase
VIT_02s0154g00090	Vitvi02g00512	3.1.4	Carbohydrate metabolism.sucrose metabolism.degradation
VIT_05s0077g01930	Vitvi05g00045	3.1.4	Carbohydrate metabolism.sucrose metabolism.degradation
VIT_05s0102g00710	Vitvi05g01516	3.1.4	Carbohydrate metabolism.sucrose metabolism.degradation
VIT_16s0022g00670	Vitvi16g00713	3.1.4	Carbohydrate metabolism.sucrose metabolism.degradation
VIT_02s0154g00090	Vitvi02g00512	3.1.4.1	Carbohydrate metabolism.sucrose metabolism.degradation.invertase activities
VIT_16s0022g00670	Vitvi16g00713	3.1.4.1	Carbohydrate metabolism.sucrose metabolism.degradation.invertase activities
VIT_02s0154g00090	Vitvi02g00512	3.1.4.1.2	Carbohydrate metabolism.sucrose metabolism.degradation.invertase activities.acid beta-fructofuranosidase (VIN)
VIT_16s0022g00670	Vitvi16g00713	3.1.4.1.2	Carbohydrate metabolism.sucrose metabolism.degradation.invertase activities.acid beta-fructofuranosidase (VIN)
VIT_05s0077g01930	Vitvi05g00045	3.1.4.2	Carbohydrate metabolism.sucrose metabolism.degradation.sucrose synthase
VIT_05s0102g00710	Vitvi05g01516	3.1.4.4	Carbohydrate metabolism.sucrose metabolism.degradation.fructose kinase
VIT_02s0154g00350	Vitvi02g00533	3.11	Carbohydrate metabolism.fermentation
VIT_04s0044g01130	Vitvi04g01671	3.11	Carbohydrate metabolism.fermentation
VIT_18s0001g15410	Vitvi18g01223	3.11	Carbohydrate metabolism.fermentation
VIT_04s0044g01130	Vitvi04g01671	3.11.1	Carbohydrate metabolism.fermentation.alcoholic fermentation
VIT_18s0001g15410	Vitvi18g01223	3.11.1	Carbohydrate metabolism.fermentation.alcoholic fermentation
VIT_04s0044g01130	Vitvi04g01671	3.11.1.2	Carbohydrate metabolism.fermentation.alcoholic fermentation.alcohol dehydrogenase
VIT_18s0001g15410	Vitvi18g01223	3.11.1.2	Carbohydrate metabolism.fermentation.alcoholic fermentation.alcohol dehydrogenase
VIT_02s0154g00350	Vitvi02g00533	3.11.2	Carbohydrate metabolism.fermentation.lactic acid fermentation
VIT_02s0154g00350	Vitvi02g00533	3.11.2.1	Carbohydrate metabolism.fermentation.lactic acid fermentation.L-lactate dehydrogenase
VIT_03s0038g00670	Vitvi03g00048	3.12	Carbohydrate metabolism.plastidial glycolysis
VIT_04s0023g03010	Vitvi04g01421	3.12	Carbohydrate metabolism.plastidial glycolysis
VIT_03s0038g00670	Vitvi03g00048	3.12.2	Carbohydrate metabolism.plastidial glycolysis.fructose-1,6-bisphosphate aldolase
VIT_04s0023g03010	Vitvi04g01421	3.12.2	Carbohydrate metabolism.plastidial glycolysis.fructose-1,6-bisphosphate aldolase
VIT_07s0031g00920	Vitvi07g01777	3.13	Carbohydrate metabolism.nucleotide sugar biosynthesis
VIT_14s0083g01100	Vitvi14g01350	3.13	Carbohydrate metabolism.nucleotide sugar biosynthesis
VIT_17s0000g01290	Vitvi17g00103	3.13	Carbohydrate metabolism.nucleotide sugar biosynthesis
VIT_17s0000g06960	Vitvi17g00682	3.13	Carbohydrate metabolism.nucleotide sugar biosynthesis
VIT_17s0000g07640	Vitvi17g00738	3.13	Carbohydrate metabolism.nucleotide sugar biosynthesis
VIT_17s0000g07640	Vitvi17g00738	3.13.1	Carbohydrate metabolism.nucleotide sugar biosynthesis.GDP-D-mannose biosynthesis
VIT_17s0000g07640	Vitvi17g00738	3.13.1.2	Carbohydrate metabolism.nucleotide sugar biosynthesis.GDP-D-mannose biosynthesis.GDP-D-mannose pyrophosphorylase activator (KONJAC)
VIT_07s0031g00920	Vitvi07g01777	3.13.3	Carbohydrate metabolism.nucleotide sugar biosynthesis.UDP-D-glucuronic acid biosynthesis
VIT_17s0000g06960	Vitvi17g00682	3.13.3	Carbohydrate metabolism.nucleotide sugar biosynthesis.UDP-D-glucuronic acid biosynthesis
VIT_17s0000g06960	Vitvi17g00682	3.13.3.1	Carbohydrate metabolism.nucleotide sugar biosynthesis.UDP-D-glucuronic acid biosynthesis.UDP-D-glucose 6-dehydrogenase
VIT_07s0031g00920	Vitvi07g01777	3.13.3.2	Carbohydrate metabolism.nucleotide sugar biosynthesis.UDP-D-glucuronic acid biosynthesis.myo-inositol oxidation pathway (MIOP)
VIT_07s0031g00920	Vitvi07g01777	3.13.3.2.1	Carbohydrate metabolism.nucleotide sugar biosynthesis.UDP-D-glucuronic acid biosynthesis.myo-inositol oxidation pathway (MIOP).myo-inositol-1-phosphate synthase
VIT_14s0083g01100	Vitvi14g01350	3.13.7	Carbohydrate metabolism.nucleotide sugar biosynthesis.UDP-L-arabinose biosynthesis
VIT_17s0000g01290	Vitvi17g00103	3.13.7	Carbohydrate metabolism.nucleotide sugar biosynthesis.UDP-L-arabinose biosynthesis
VIT_14s0083g01100	Vitvi14g01350	3.13.7.3	Carbohydrate metabolism.nucleotide sugar biosynthesis.UDP-L-arabinose biosynthesis.UDP-L-arabinose mutase
VIT_17s0000g01290	Vitvi17g00103	3.13.7.3	Carbohydrate metabolism.nucleotide sugar biosynthesis.UDP-L-arabinose biosynthesis.UDP-L-arabinose mutase
VIT_02s0012g00170	Vitvi02g00605	3.2	Carbohydrate metabolism.starch metabolism
VIT_03s0038g04570	Vitvi03g00304	3.2	Carbohydrate metabolism.starch metabolism
VIT_05s0020g02880	Vitvi05g00442	3.2	Carbohydrate metabolism.starch metabolism
VIT_03s0038g04570	Vitvi03g00304	3.2.2	Carbohydrate metabolism.starch metabolism.biosynthesis
VIT_05s0020g02880	Vitvi05g00442	3.2.2	Carbohydrate metabolism.starch metabolism.biosynthesis
VIT_03s0038g04570	Vitvi03g00304	3.2.2.3	Carbohydrate metabolism.starch metabolism.biosynthesis.ADP-glucose pyrophosphorylase
VIT_05s0020g02880	Vitvi05g00442	3.2.2.3	Carbohydrate metabolism.starch metabolism.biosynthesis.ADP-glucose pyrophosphorylase
VIT_02s0012g00170	Vitvi02g00605	3.2.3	Carbohydrate metabolism.starch metabolism.degradation
VIT_02s0012g00170	Vitvi02g00605	3.2.3.3	Carbohydrate metabolism.starch metabolism.degradation.hydrolysis and phosphorolysis
VIT_02s0012g00170	Vitvi02g00605	3.2.3.3.1	Carbohydrate metabolism.starch metabolism.degradation.hydrolysis and phosphorolysis.amylase activities
VIT_02s0012g00170	Vitvi02g00605	3.2.3.3.1.2	Carbohydrate metabolism.starch metabolism.degradation.hydrolysis and phosphorolysis.amylase activities.beta amylase
VIT_00s0233g00030	Vitvi02g01701	3.3	Carbohydrate metabolism.trehalose metabolism
VIT_00s0304g00080	Vitvi07g01365	3.3	Carbohydrate metabolism.trehalose metabolism
VIT_00s0233g00030	Vitvi02g01701	3.3.2	Carbohydrate metabolism.trehalose metabolism.trehalose-6-phosphate phosphatase
VIT_00s0304g00080	Vitvi07g01365	3.3.2	Carbohydrate metabolism.trehalose metabolism.trehalose-6-phosphate phosphatase
VIT_01s0127g00470	Vitvi01g00714	3.4	Carbohydrate metabolism.oligosaccharide metabolism
VIT_07s0005g01680	Vitvi07g00431	3.4	Carbohydrate metabolism.oligosaccharide metabolism
VIT_07s0005g01970	Vitvi07g00457	3.4	Carbohydrate metabolism.oligosaccharide metabolism
VIT_08s0007g08310	Vitvi08g01890	3.4	Carbohydrate metabolism.oligosaccharide metabolism
VIT_11s0016g05770	Vitvi11g00513	3.4	Carbohydrate metabolism.oligosaccharide metabolism
VIT_14s0060g00790	Vitvi14g00065	3.4	Carbohydrate metabolism.oligosaccharide metabolism
VIT_01s0127g00470	Vitvi01g00714	3.4.1	Carbohydrate metabolism.oligosaccharide metabolism.galactinol synthase
VIT_07s0005g01970	Vitvi07g00457	3.4.1	Carbohydrate metabolism.oligosaccharide metabolism.galactinol synthase
VIT_14s0060g00790	Vitvi14g00065	3.4.1	Carbohydrate metabolism.oligosaccharide metabolism.galactinol synthase
VIT_07s0005g01680	Vitvi07g00431	3.4.3	Carbohydrate metabolism.oligosaccharide metabolism.stachyose synthase
VIT_08s0007g08310	Vitvi08g01890	3.4.4	Carbohydrate metabolism.oligosaccharide metabolism.raffinose alpha-galactosidase
VIT_11s0016g05770	Vitvi11g00513	3.4.5	Carbohydrate metabolism.oligosaccharide metabolism.galactinol-sucrose galactosyltransferase
VIT_12s0057g00940	Vitvi12g00711	3.9	Carbohydrate metabolism.oxidative pentose phosphate pathway
VIT_15s0048g00370	Vitvi15g00690	3.9	Carbohydrate metabolism.oxidative pentose phosphate pathway
VIT_12s0057g00940	Vitvi12g00711	3.9.1	Carbohydrate metabolism.oxidative pentose phosphate pathway.oxidative phase
VIT_12s0057g00940	Vitvi12g00711	3.9.1.1	Carbohydrate metabolism.oxidative pentose phosphate pathway.oxidative phase.glucose-6-phosphate dehydrogenase
VIT_15s0048g00370	Vitvi15g00690	3.9.2	Carbohydrate metabolism.oxidative pentose phosphate pathway.non-oxidative phase
VIT_15s0048g00370	Vitvi15g00690	3.9.2.3	Carbohydrate metabolism.oxidative pentose phosphate pathway.non-oxidative phase.transketolase
VIT_00s0125g00020	Vitvi10g01965	35	not assigned
VIT_00s0125g00200	Vitvi10g01970	35	not assigned
VIT_00s0160g00020	Vitvi07g02840	35	not assigned
VIT_00s0160g00110	Vitvi07g02832	35	not assigned
VIT_00s0160g00120	Vitvi07g02831	35	not assigned
VIT_00s0160g00130	Vitvi07g02830	35	not assigned
VIT_00s0160g00160	Vitvi07g02828	35	not assigned
VIT_00s0160g00280	Vitvi07g02817	35	not assigned
VIT_00s0160g00330	Vitvi07g02812	35	not assigned
VIT_00s0174g00330	Vitvi07g01213	35	not assigned
VIT_00s0179g00320	Vitvi07g00064	35	not assigned
VIT_00s0184g00200	Vitvi07g02429	35	not assigned
VIT_00s0187g00050	Vitvi10g01682	35	not assigned
VIT_00s0187g00060	Vitvi10g01680	35	not assigned
VIT_00s0187g00080	Vitvi10g01679	35	not assigned
VIT_00s0187g00090	Vitvi10g01678	35	not assigned
VIT_00s0187g00120	Vitvi10g01674	35	not assigned
VIT_00s0187g00160	Vitvi10g01672	35	not assigned
VIT_00s0187g00170	Vitvi10g01671	35	not assigned
VIT_00s0189g00050	Vitvi07g02433	35	not assigned
VIT_00s0194g00010	Vitvi10g00215	35	not assigned
VIT_00s0194g00160	Vitvi10g00227	35	not assigned
VIT_00s0194g00320	Vitvi10g01699	35	not assigned
VIT_00s0194g00330	Vitvi10g01700	35	not assigned
VIT_00s0203g00020	Vitvi10g01737	35	not assigned
VIT_00s0203g00210	Vitvi10g00353	35	not assigned
VIT_00s0207g00140	Vitvi07g01267	35	not assigned
VIT_00s0207g00250	Vitvi07g02504	35	not assigned
VIT_00s0211g00130	Vitvi07g02609	35	not assigned
VIT_00s0211g00160	Vitvi07g02610	35	not assigned
VIT_00s0214g00020	Vitvi04g01093	35	not assigned
VIT_00s0214g00090	Vitvi04g01100	35	not assigned
VIT_00s0225g00010	Vitvi01g00652	35	not assigned
VIT_00s0226g00170	Vitvi05g02238	35	not assigned
VIT_00s0227g00200	Vitvi07g02490	35	not assigned
VIT_00s0229g00100	Vitvi02g00565	35	not assigned
VIT_00s0230g00090	Vitvi16g02162	35	not assigned
VIT_00s0239g00090	Vitvi18g03288	35	not assigned
VIT_00s0253g00080	Vitvi07g02517	35	not assigned
VIT_00s0253g00100	Vitvi07g02515	35	not assigned
VIT_00s0253g00140	Vitvi07g01300	35	not assigned
VIT_00s0259g00070	Vitvi10g00241	35	not assigned
VIT_00s0269g00070	Vitvi07g02458	35	not assigned
VIT_00s0270g00010	Vitvi04g01994	35	not assigned
VIT_00s0270g00120	Vitvi04g00798	35	not assigned
VIT_00s0274g00020	Vitvi10g01733	35	not assigned
VIT_00s0274g00050	Vitvi10g00321	35	not assigned
VIT_00s0274g00060	Vitvi10g00322	35	not assigned
VIT_00s0274g00080	Vitvi10g01734	35	not assigned
VIT_00s0274g00090	Vitvi10g01735	35	not assigned
VIT_00s0279g00100	Vitvi16g01603	35	not assigned
VIT_00s0285g00040	Vitvi10g02355	35	not assigned
VIT_00s0304g00010	Vitvi07g01357	35	not assigned
VIT_00s0304g00070	Vitvi07g01364	35	not assigned
VIT_00s0323g00050	Vitvi02g00499	35	not assigned
VIT_00s0323g00060	Vitvi02g00500	35	not assigned
VIT_00s0323g00070	Vitvi02g00501	35	not assigned
VIT_00s0332g00050	Vitvi01g02306	35	not assigned
VIT_00s0333g00040	Vitvi07g01139	35	not assigned
VIT_00s0333g00050	Vitvi07g02443	35	not assigned
VIT_00s0333g00060	Vitvi07g01140	35	not assigned
VIT_00s0347g00040	Vitvi10g02327	35	not assigned
VIT_00s0347g00050	Vitvi10g02325	35	not assigned
VIT_00s0357g00100	Vitvi07g01351	35	not assigned
VIT_00s0370g00070	Vitvi10g02347	35	not assigned
VIT_00s0386g00050	Vitvi07g03060	35	not assigned
VIT_00s0404g00050	Vitvi10g00390	35	not assigned
VIT_00s0414g00030	Vitvi10g02288	35	not assigned
VIT_00s0432g00010	Vitvi07g02999	35	not assigned
VIT_00s0463g00040	Vitvi10g01715	35	not assigned
VIT_00s0477g00010	Vitvi07g02598	35	not assigned
VIT_00s0480g00040	Vitvi10g02335	35	not assigned
VIT_00s0505g00050	Vitvi09g02054	35	not assigned
VIT_00s0524g00040	Vitvi00g02281	35	not assigned
VIT_00s0533g00050	Vitvi02g01808	35	not assigned
VIT_00s0625g00030	Vitvi07g03052	35	not assigned
VIT_00s0665g00030	Vitvi07g01378	35	not assigned
VIT_00s0733g00010	Vitvi00g00903	35	not assigned
VIT_00s0753g00010	Vitvi10g02309	35	not assigned
VIT_00s0780g00030	Vitvi10g01685	35	not assigned
VIT_00s0802g00020	Vitvi07g01565	35	not assigned
VIT_00s0975g00020	Vitvi10g02373	35	not assigned
VIT_00s0983g00010	Vitvi00g01018	35	not assigned
VIT_00s1290g00010	Vitvi04g02300	35	not assigned
VIT_00s1306g00020	Vitvi10g02331	35	not assigned
VIT_00s1682g00010	Vitvi00g01183	35	not assigned
VIT_00s1814g00010	Vitvi00g02225	35	not assigned
VIT_00s1916g00010	Vitvi07g03146	35	not assigned
VIT_00s1937g00010	Vitvi02g01833	35	not assigned
VIT_00s2255g00010	Vitvi10g02411	35	not assigned
VIT_00s2290g00010	Vitvi07g03157	35	not assigned
VIT_00s2313g00010	Vitvi00g01312	35	not assigned
VIT_00s2417g00010	Vitvi07g03160	35	not assigned
VIT_00s2439g00010	Vitvi00g02293	35	not assigned
VIT_00s2497g00010	Vitvi19g02395	35	not assigned
VIT_00s2507g00010	Vitvi18g03400	35	not assigned
VIT_00s2536g00010	Vitvi00g02305	35	not assigned
VIT_00s2600g00010	Vitvi07g03170	35	not assigned
VIT_00s2739g00010	Vitvi07g01528	35	not assigned
VIT_01s0010g00020	Vitvi01g01169	35	not assigned
VIT_01s0010g00510	Vitvi01g01282	35	not assigned
VIT_01s0010g00940	Vitvi01g01345	35	not assigned
VIT_01s0010g01240	Vitvi01g02188	35	not assigned
VIT_01s0010g01260	Vitvi01g01388	35	not assigned
VIT_01s0010g01570	Vitvi01g01429	35	not assigned
VIT_01s0010g01870	Vitvi01g01460	35	not assigned
VIT_01s0010g02290	Vitvi01g01512	35	not assigned
VIT_01s0010g02930	Vitvi01g02228	35	not assigned
VIT_01s0010g02940	Vitvi01g02229	35	not assigned
VIT_01s0010g03530	Vitvi01g01640	35	not assigned
VIT_01s0010g03810	Vitvi01g01668	35	not assigned
VIT_01s0010g04010	Vitvi01g02281	35	not assigned
VIT_01s0011g00060	Vitvi01g01834	35	not assigned
VIT_01s0011g00120	Vitvi01g00012	35	not assigned
VIT_01s0011g00610	Vitvi01g00054	35	not assigned
VIT_01s0011g00850	Vitvi01g00075	35	not assigned
VIT_01s0011g01770	Vitvi01g01882	35	not assigned
VIT_01s0011g01810	Vitvi01g00141	35	not assigned
VIT_01s0011g02320	Vitvi01g00188	35	not assigned
VIT_01s0011g02360	Vitvi01g00192	35	not assigned
VIT_01s0011g02470	Vitvi01g00198	35	not assigned
VIT_01s0011g02600	Vitvi01g01915	35	not assigned
VIT_01s0011g02710	Vitvi01g01922	35	not assigned
VIT_01s0011g02720	Vitvi01g01923	35	not assigned
VIT_01s0011g02840	Vitvi01g00222	35	not assigned
VIT_01s0011g03360	Vitvi01g01932	35	not assigned
VIT_01s0011g03660	Vitvi01g00299	35	not assigned
VIT_01s0011g03680	Vitvi01g01942	35	not assigned
VIT_01s0011g04040	Vitvi01g01954	35	not assigned
VIT_01s0011g04080	Vitvi01g00337	35	not assigned
VIT_01s0011g04550	Vitvi01g00379	35	not assigned
VIT_01s0011g04820	Vitvi01g00408	35	not assigned
VIT_01s0011g04840	Vitvi01g01972	35	not assigned
VIT_01s0011g05060	Vitvi01g00433	35	not assigned
VIT_01s0011g05110	Vitvi01g01976	35	not assigned
VIT_01s0011g05120	Vitvi01g01977	35	not assigned
VIT_01s0011g05140	Vitvi01g01978	35	not assigned
VIT_01s0011g05150	Vitvi01g01979	35	not assigned
VIT_01s0011g05170	Vitvi01g01980	35	not assigned
VIT_01s0011g05180	Vitvi01g01981	35	not assigned
VIT_01s0011g05190	Vitvi01g01982	35	not assigned
VIT_01s0011g05390	Vitvi01g00457	35	not assigned
VIT_01s0011g05450	Vitvi01g00463	35	not assigned
VIT_01s0011g05470	Vitvi01g00465	35	not assigned
VIT_01s0011g05670	Vitvi01g00483	35	not assigned
VIT_01s0011g06050	Vitvi01g00518	35	not assigned
VIT_01s0011g06290	Vitvi01g00539	35	not assigned
VIT_01s0011g06330	Vitvi01g00543	35	not assigned
VIT_01s0011g06580	Vitvi01g00567	35	not assigned
VIT_01s0011g06590	Vitvi01g02012	35	not assigned
VIT_01s0026g00060	Vitvi01g02076	35	not assigned
VIT_01s0026g00070	Vitvi01g02077	35	not assigned
VIT_01s0026g00330	Vitvi01g00799	35	not assigned
VIT_01s0026g00350	Vitvi01g00801	35	not assigned
VIT_01s0026g00570	Vitvi01g00816	35	not assigned
VIT_01s0026g00880	Vitvi01g00849	35	not assigned
VIT_01s0026g01020	Vitvi01g00864	35	not assigned
VIT_01s0026g01790	Vitvi01g00945	35	not assigned
VIT_01s0026g01900	Vitvi01g02122	35	not assigned
VIT_01s0026g02190	Vitvi01g00979	35	not assigned
VIT_01s0026g02270	Vitvi01g00989	35	not assigned
VIT_01s0026g02540	Vitvi01g01023	35	not assigned
VIT_01s0127g00540	Vitvi01g02057	35	not assigned
VIT_01s0127g00680	Vitvi01g00729	35	not assigned
VIT_01s0127g00740	Vitvi01g00738	35	not assigned
VIT_01s0127g00900	Vitvi01g02069	35	not assigned
VIT_01s0137g00290	Vitvi01g00598	35	not assigned
VIT_01s0137g00430	Vitvi01g02024	35	not assigned
VIT_01s0137g00740	Vitvi01g00638	35	not assigned
VIT_01s0146g00150	Vitvi01g01708	35	not assigned
VIT_01s0146g00320	Vitvi01g02290	35	not assigned
VIT_01s0146g00420	Vitvi01g01735	35	not assigned
VIT_01s0150g00280	Vitvi01g01789	35	not assigned
VIT_01s0150g00300	Vitvi01g01791	35	not assigned
VIT_01s0150g00380	Vitvi01g01798	35	not assigned
VIT_01s0150g00480	Vitvi01g01806	35	not assigned
VIT_02s0012g00010	Vitvi02g01467	35	not assigned
VIT_02s0012g00040	Vitvi02g01469	35	not assigned
VIT_02s0012g00460	Vitvi02g00626	35	not assigned
VIT_02s0012g00500	Vitvi02g01481	35	not assigned
VIT_02s0012g00660	Vitvi02g01486	35	not assigned
VIT_02s0012g00720	Vitvi02g01493	35	not assigned
VIT_02s0012g00820	Vitvi02g01496	35	not assigned
VIT_02s0012g00980	Vitvi02g00665	35	not assigned
VIT_02s0012g01350	Vitvi02g00701	35	not assigned
VIT_02s0012g01870	Vitvi02g01513	35	not assigned
VIT_02s0025g00210	Vitvi02g00017	35	not assigned
VIT_02s0025g00230	Vitvi02g01313	35	not assigned
VIT_02s0025g00500	Vitvi02g00046	35	not assigned
VIT_02s0025g00940	Vitvi02g01332	35	not assigned
VIT_02s0025g01080	Vitvi02g01335	35	not assigned
VIT_02s0025g01260	Vitvi02g00112	35	not assigned
VIT_02s0025g01300	Vitvi02g00116	35	not assigned
VIT_02s0025g01380	Vitvi02g00125	35	not assigned
VIT_02s0025g01450	Vitvi02g01339	35	not assigned
VIT_02s0025g02410	Vitvi02g00211	35	not assigned
VIT_02s0025g02600	Vitvi02g00230	35	not assigned
VIT_02s0025g02840	Vitvi02g00257	35	not assigned
VIT_02s0025g03230	Vitvi02g00293	35	not assigned
VIT_02s0025g03730	Vitvi02g00344	35	not assigned
VIT_02s0025g03810	Vitvi02g01388	35	not assigned
VIT_02s0025g03910	Vitvi02g01391	35	not assigned
VIT_02s0025g04230	Vitvi02g00391	35	not assigned
VIT_02s0025g04250	Vitvi02g00393	35	not assigned
VIT_02s0025g04260	Vitvi02g01403	35	not assigned
VIT_02s0025g04270	Vitvi02g01404	35	not assigned
VIT_02s0025g04280	Vitvi02g01405	35	not assigned
VIT_02s0025g04300	Vitvi02g01406	35	not assigned
VIT_02s0025g04330	Vitvi02g01408	35	not assigned
VIT_02s0025g04340	Vitvi02g01409	35	not assigned
VIT_02s0025g04550	Vitvi02g00416	35	not assigned
VIT_02s0025g04870	Vitvi02g01414	35	not assigned
VIT_02s0033g00380	Vitvi02g01310	35	not assigned
VIT_02s0033g01120	Vitvi02g01143	35	not assigned
VIT_02s0033g01330	Vitvi02g01171	35	not assigned
VIT_02s0087g00630	Vitvi02g01264	35	not assigned
VIT_02s0154g00040	Vitvi02g00509	35	not assigned
VIT_02s0154g00250	Vitvi02g01436	35	not assigned
VIT_02s0154g00310	Vitvi02g00531	35	not assigned
VIT_02s0154g00320	Vitvi02g00532	35	not assigned
VIT_02s0154g00580	Vitvi02g01449	35	not assigned
VIT_02s0241g00030	Vitvi02g01424	35	not assigned
VIT_02s0241g00100	Vitvi02g00481	35	not assigned
VIT_02s0488g00050	Vitvi02g01737	35	not assigned
VIT_03s0017g00410	Vitvi03g01065	35	not assigned
VIT_03s0017g00730	Vitvi03g01807	35	not assigned
VIT_03s0017g01210	Vitvi03g01169	35	not assigned
VIT_03s0017g01450	Vitvi03g01202	35	not assigned
VIT_03s0017g01460	Vitvi03g01203	35	not assigned
VIT_03s0017g01630	Vitvi03g01850	35	not assigned
VIT_03s0017g01710	Vitvi03g01232	35	not assigned
VIT_03s0017g01940	Vitvi03g01254	35	not assigned
VIT_03s0017g02080	Vitvi03g01864	35	not assigned
VIT_03s0017g02260	Vitvi03g01872	35	not assigned
VIT_03s0038g00220	Vitvi03g00015	35	not assigned
VIT_03s0038g00440	Vitvi03g00999	35	not assigned
VIT_03s0038g00940	Vitvi03g01337	35	not assigned
VIT_03s0038g01050	Vitvi03g01016	35	not assigned
VIT_03s0038g01090	Vitvi03g01348	35	not assigned
VIT_03s0038g01110	Vitvi03g01350	35	not assigned
VIT_03s0038g01150	Vitvi03g01356	35	not assigned
VIT_03s0038g01380	Vitvi03g00080	35	not assigned
VIT_03s0038g01510	Vitvi03g01371	35	not assigned
VIT_03s0038g01770	Vitvi03g01387	35	not assigned
VIT_03s0038g01830	Vitvi03g01388	35	not assigned
VIT_03s0038g02010	Vitvi03g01392	35	not assigned
VIT_03s0038g02090	Vitvi03g01396	35	not assigned
VIT_03s0038g02110	Vitvi03g00119	35	not assigned
VIT_03s0038g02150	Vitvi03g01397	35	not assigned
VIT_03s0038g02170	Vitvi03g00124	35	not assigned
VIT_03s0038g02680	Vitvi03g00170	35	not assigned
VIT_03s0038g02790	Vitvi03g01409	35	not assigned
VIT_03s0038g02880	Vitvi03g01412	35	not assigned
VIT_03s0038g03130	Vitvi03g01426	35	not assigned
VIT_03s0038g03240	Vitvi03g00202	35	not assigned
VIT_03s0038g03400	Vitvi03g00206	35	not assigned
VIT_03s0038g03660	Vitvi03g00227	35	not assigned
VIT_03s0038g03860	Vitvi03g00242	35	not assigned
VIT_03s0038g03980	Vitvi03g00251	35	not assigned
VIT_03s0038g04110	Vitvi03g00263	35	not assigned
VIT_03s0038g04330	Vitvi03g01479	35	not assigned
VIT_03s0038g04390	Vitvi03g01481	35	not assigned
VIT_03s0063g00010	Vitvi03g00537	35	not assigned
VIT_03s0063g00030	Vitvi03g00535	35	not assigned
VIT_03s0063g00120	Vitvi03g00527	35	not assigned
VIT_03s0063g00180	Vitvi03g00519	35	not assigned
VIT_03s0063g00800	Vitvi03g01553	35	not assigned
VIT_03s0063g00810	Vitvi03g00481	35	not assigned
VIT_03s0063g01600	Vitvi03g01528	35	not assigned
VIT_03s0063g01760	Vitvi03g01521	35	not assigned
VIT_03s0063g01770	Vitvi03g01520	35	not assigned
VIT_03s0063g01930	Vitvi03g00381	35	not assigned
VIT_03s0063g01960	Vitvi03g01517	35	not assigned
VIT_03s0063g01970	Vitvi03g00379	35	not assigned
VIT_03s0063g02200	Vitvi03g01511	35	not assigned
VIT_03s0063g02340	Vitvi03g00352	35	not assigned
VIT_03s0063g02360	Vitvi03g01503	35	not assigned
VIT_03s0063g02380	Vitvi03g01500	35	not assigned
VIT_03s0088g00210	Vitvi03g01631	35	not assigned
VIT_03s0088g00320	Vitvi03g00717	35	not assigned
VIT_03s0088g00570	Vitvi03g01646	35	not assigned
VIT_03s0088g00620	Vitvi03g00735	35	not assigned
VIT_03s0088g00700	Vitvi03g01650	35	not assigned
VIT_03s0088g00710	Vitvi03g01651	35	not assigned
VIT_03s0088g00810	Vitvi03g00752	35	not assigned
VIT_03s0088g00840	Vitvi03g01655	35	not assigned
VIT_03s0091g00160	Vitvi03g01597	35	not assigned
VIT_03s0091g00420	Vitvi03g00598	35	not assigned
VIT_03s0091g00430	Vitvi03g00599	35	not assigned
VIT_03s0091g00450	Vitvi03g00601	35	not assigned
VIT_03s0091g00490	Vitvi03g01602	35	not assigned
VIT_03s0091g00500	Vitvi03g01603	35	not assigned
VIT_03s0091g01130	Vitvi03g01614	35	not assigned
VIT_03s0097g00210	Vitvi03g01685	35	not assigned
VIT_03s0132g00100	Vitvi03g01723	35	not assigned
VIT_03s0167g00220	Vitvi03g00923	35	not assigned
VIT_03s0180g00070	Vitvi03g00545	35	not assigned
VIT_03s0180g00090	Vitvi03g00548	35	not assigned
VIT_03s0180g00140	Vitvi03g00552	35	not assigned
VIT_04s0008g00460	Vitvi04g00036	35	not assigned
VIT_04s0008g01070	Vitvi04g00088	35	not assigned
VIT_04s0008g01280	Vitvi04g01789	35	not assigned
VIT_04s0008g01380	Vitvi04g00121	35	not assigned
VIT_04s0008g01700	Vitvi04g00145	35	not assigned
VIT_04s0008g01900	Vitvi04g00163	35	not assigned
VIT_04s0008g01910	Vitvi04g00164	35	not assigned
VIT_04s0008g02640	Vitvi04g00229	35	not assigned
VIT_04s0008g02670	Vitvi04g00232	35	not assigned
VIT_04s0008g02760	Vitvi04g00241	35	not assigned
VIT_04s0008g03760	Vitvi04g01854	35	not assigned
VIT_04s0008g03950	Vitvi04g00342	35	not assigned
VIT_04s0008g04020	Vitvi04g01863	35	not assigned
VIT_04s0008g04050	Vitvi04g00350	35	not assigned
VIT_04s0008g04060	Vitvi04g00352	35	not assigned
VIT_04s0008g04160	Vitvi04g00357	35	not assigned
VIT_04s0008g04240	Vitvi04g00366	35	not assigned
VIT_04s0008g05010	Vitvi04g00442	35	not assigned
VIT_04s0008g05120	Vitvi04g00454	35	not assigned
VIT_04s0008g05510	Vitvi04g00486	35	not assigned
VIT_04s0008g05640	Vitvi04g00501	35	not assigned
VIT_04s0008g05830	Vitvi04g00517	35	not assigned
VIT_04s0008g06140	Vitvi04g01918	35	not assigned
VIT_04s0008g06150	Vitvi04g01920	35	not assigned
VIT_04s0008g07370	Vitvi04g00670	35	not assigned
VIT_04s0023g00130	Vitvi04g01126	35	not assigned
VIT_04s0023g00360	Vitvi04g01156	35	not assigned
VIT_04s0023g00580	Vitvi04g02075	35	not assigned
VIT_04s0023g01110	Vitvi04g01221	35	not assigned
VIT_04s0023g01140	Vitvi04g01224	35	not assigned
VIT_04s0023g01520	Vitvi04g01265	35	not assigned
VIT_04s0023g01800	Vitvi04g01296	35	not assigned
VIT_04s0023g02110	Vitvi04g01330	35	not assigned
VIT_04s0023g02480	Vitvi04g01368	35	not assigned
VIT_04s0023g02510	Vitvi04g01371	35	not assigned
VIT_04s0023g03230	Vitvi04g01441	35	not assigned
VIT_04s0023g03540	Vitvi04g01470	35	not assigned
VIT_04s0023g03550	Vitvi04g01471	35	not assigned
VIT_04s0023g03610	Vitvi04g01475	35	not assigned
VIT_04s0043g00690	Vitvi04g01011	35	not assigned
VIT_04s0044g00040	Vitvi04g01566	35	not assigned
VIT_04s0044g00220	Vitvi04g02205	35	not assigned
VIT_04s0044g00530	Vitvi04g01608	35	not assigned
VIT_04s0044g01100	Vitvi04g01666	35	not assigned
VIT_04s0044g01230	Vitvi04g01685	35	not assigned
VIT_04s0044g01300	Vitvi04g01692	35	not assigned
VIT_04s0044g01760	Vitvi04g02252	35	not assigned
VIT_04s0044g01810	Vitvi04g02255	35	not assigned
VIT_04s0044g01830	Vitvi04g02256	35	not assigned
VIT_04s0069g01010	Vitvi04g00764	35	not assigned
VIT_04s0079g00260	Vitvi04g00836	35	not assigned
VIT_05s0020g00080	Vitvi05g01816	35	not assigned
VIT_05s0020g00840	Vitvi05g01833	35	not assigned
VIT_05s0020g00960	Vitvi05g01836	35	not assigned
VIT_05s0020g01420	Vitvi05g00310	35	not assigned
VIT_05s0020g01700	Vitvi05g01855	35	not assigned
VIT_05s0020g01820	Vitvi05g00349	35	not assigned
VIT_05s0020g01870	Vitvi05g01859	35	not assigned
VIT_05s0020g02290	Vitvi05g00386	35	not assigned
VIT_05s0020g02500	Vitvi05g00406	35	not assigned
VIT_05s0020g02690	Vitvi05g00426	35	not assigned
VIT_05s0020g02830	Vitvi05g01877	35	not assigned
VIT_05s0020g02890	Vitvi05g01879	35	not assigned
VIT_05s0020g03040	Vitvi05g00460	35	not assigned
VIT_05s0020g03130	Vitvi05g00467	35	not assigned
VIT_05s0020g03490	Vitvi05g00505	35	not assigned
VIT_05s0020g03980	Vitvi05g00549	35	not assigned
VIT_05s0020g04010	Vitvi05g00553	35	not assigned
VIT_05s0020g04420	Vitvi05g00605	35	not assigned
VIT_05s0020g04690	Vitvi05g00630	35	not assigned
VIT_05s0020g05000	Vitvi05g01910	35	not assigned
VIT_05s0020g05020	Vitvi05g01911	35	not assigned
VIT_05s0020g05040	Vitvi05g00670	35	not assigned
VIT_05s0029g00370	Vitvi05g02049	35	not assigned
VIT_05s0029g00530	Vitvi05g01119	35	not assigned
VIT_05s0029g01000	Vitvi05g02074	35	not assigned
VIT_05s0049g00010	Vitvi05g00676	35	not assigned
VIT_05s0049g00120	Vitvi05g00686	35	not assigned
VIT_05s0049g00520	Vitvi05g01931	35	not assigned
VIT_05s0049g00550	Vitvi05g01933	35	not assigned
VIT_05s0049g00570	Vitvi05g01934	35	not assigned
VIT_05s0049g00660	Vitvi05g01940	35	not assigned
VIT_05s0049g00730	Vitvi05g01944	35	not assigned
VIT_05s0049g00740	Vitvi05g01945	35	not assigned
VIT_05s0049g00760	Vitvi05g01946	35	not assigned
VIT_05s0049g00770	Vitvi05g01947	35	not assigned
VIT_05s0049g00780	Vitvi05g01948	35	not assigned
VIT_05s0049g00790	Vitvi05g01949	35	not assigned
VIT_05s0049g00800	Vitvi05g01950	35	not assigned
VIT_05s0049g00840	Vitvi05g01953	35	not assigned
VIT_05s0049g01130	Vitvi05g00752	35	not assigned
VIT_05s0049g01180	Vitvi05g00759	35	not assigned
VIT_05s0049g01450	Vitvi05g00789	35	not assigned
VIT_05s0049g02240	Vitvi05g00857	35	not assigned
VIT_05s0051g00680	Vitvi05g02017	35	not assigned
VIT_05s0051g00700	Vitvi05g02019	35	not assigned
VIT_05s0062g00810	Vitvi05g01310	35	not assigned
VIT_05s0062g01190	Vitvi05g01357	35	not assigned
VIT_05s0062g01260	Vitvi05g02122	35	not assigned
VIT_05s0062g01360	Vitvi05g02124	35	not assigned
VIT_05s0077g00170	Vitvi05g01805	35	not assigned
VIT_05s0077g00530	Vitvi05g00885	35	not assigned
VIT_05s0077g00540	Vitvi05g00162	35	not assigned
VIT_05s0077g01070	Vitvi05g00115	35	not assigned
VIT_05s0077g01300	Vitvi05g01769	35	not assigned
VIT_05s0077g01460	Vitvi05g01763	35	not assigned
VIT_05s0077g01530	Vitvi05g01760	35	not assigned
VIT_05s0077g01540	Vitvi05g00072	35	not assigned
VIT_05s0077g01550	Vitvi05g01759	35	not assigned
VIT_05s0077g01580	Vitvi05g01756	35	not assigned
VIT_05s0077g01650	Vitvi05g01752	35	not assigned
VIT_05s0077g01670	Vitvi05g00067	35	not assigned
VIT_05s0077g01980	Vitvi05g01743	35	not assigned
VIT_05s0077g02230	Vitvi05g01737	35	not assigned
VIT_05s0077g02270	Vitvi05g00012	35	not assigned
VIT_05s0094g00300	Vitvi05g01580	35	not assigned
VIT_05s0094g00340	Vitvi05g01583	35	not assigned
VIT_05s0094g00350	Vitvi05g02250	35	not assigned
VIT_05s0094g00360	Vitvi05g02251	35	not assigned
VIT_05s0094g00570	Vitvi05g02255	35	not assigned
VIT_05s0094g00930	Vitvi05g01639	35	not assigned
VIT_05s0094g01570	Vitvi05g01702	35	not assigned
VIT_05s0102g00190	Vitvi05g01478	35	not assigned
VIT_05s0102g00450	Vitvi05g01500	35	not assigned
VIT_05s0102g00590	Vitvi05g02184	35	not assigned
VIT_05s0102g00600	Vitvi05g02185	35	not assigned
VIT_05s0102g00610	Vitvi05g02186	35	not assigned
VIT_05s0102g00620	Vitvi05g02187	35	not assigned
VIT_05s0102g00660	Vitvi05g02190	35	not assigned
VIT_05s0124g00530	Vitvi05g02138	35	not assigned
VIT_06s0004g00960	Vitvi06g01594	35	not assigned
VIT_06s0004g00980	Vitvi06g01596	35	not assigned
VIT_06s0004g00990	Vitvi06g01597	35	not assigned
VIT_06s0004g01010	Vitvi06g01599	35	not assigned
VIT_06s0004g01030	Vitvi06g01604	35	not assigned
VIT_06s0004g01750	Vitvi06g00182	35	not assigned
VIT_06s0004g01990	Vitvi06g01629	35	not assigned
VIT_06s0004g02010	Vitvi06g01630	35	not assigned
VIT_06s0004g02370	Vitvi06g00233	35	not assigned
VIT_06s0004g02380	Vitvi06g01644	35	not assigned
VIT_06s0004g02560	Vitvi06g01649	35	not assigned
VIT_06s0004g02650	Vitvi06g01654	35	not assigned
VIT_06s0004g03210	Vitvi06g00318	35	not assigned
VIT_06s0004g03260	Vitvi06g00323	35	not assigned
VIT_06s0004g03910	Vitvi06g00387	35	not assigned
VIT_06s0004g04110	Vitvi06g00411	35	not assigned
VIT_06s0004g04130	Vitvi06g00413	35	not assigned
VIT_06s0004g04310	Vitvi06g01689	35	not assigned
VIT_06s0004g04320	Vitvi06g01690	35	not assigned
VIT_06s0004g04640	Vitvi06g00463	35	not assigned
VIT_06s0004g04650	Vitvi06g01696	35	not assigned
VIT_06s0004g04700	Vitvi06g00465	35	not assigned
VIT_06s0004g05110	Vitvi06g01708	35	not assigned
VIT_06s0004g05290	Vitvi06g01711	35	not assigned
VIT_06s0004g05740	Vitvi06g00558	35	not assigned
VIT_06s0004g05910	Vitvi06g00575	35	not assigned
VIT_06s0004g06170	Vitvi06g01740	35	not assigned
VIT_06s0004g06490	Vitvi06g00630	35	not assigned
VIT_06s0004g06770	Vitvi06g01752	35	not assigned
VIT_06s0004g07090	Vitvi06g00695	35	not assigned
VIT_06s0004g07330	Vitvi06g01765	35	not assigned
VIT_06s0004g07550	Vitvi06g00745	35	not assigned
VIT_06s0004g07770	Vitvi06g00771	35	not assigned
VIT_06s0009g00980	Vitvi06g00984	35	not assigned
VIT_06s0009g01670	Vitvi06g01061	35	not assigned
VIT_06s0009g01770	Vitvi06g01839	35	not assigned
VIT_06s0009g02500	Vitvi06g01144	35	not assigned
VIT_06s0061g00180	Vitvi06g01283	35	not assigned
VIT_06s0061g00280	Vitvi06g01297	35	not assigned
VIT_06s0061g00330	Vitvi06g01302	35	not assigned
VIT_06s0061g00440	Vitvi06g01315	35	not assigned
VIT_06s0061g00680	Vitvi06g01340	35	not assigned
VIT_06s0061g00710	Vitvi06g01344	35	not assigned
VIT_06s0061g01370	Vitvi06g01409	35	not assigned
VIT_06s0061g01380	Vitvi06g01410	35	not assigned
VIT_06s0080g00150	Vitvi06g01459	35	not assigned
VIT_06s0080g00320	Vitvi06g01476	35	not assigned
VIT_06s0080g00430	Vitvi06g01960	35	not assigned
VIT_06s0080g00570	Vitvi06g01503	35	not assigned
VIT_06s0080g00660	Vitvi06g01508	35	not assigned
VIT_06s0080g00760	Vitvi06g01513	35	not assigned
VIT_07s0005g00090	Vitvi07g00293	35	not assigned
VIT_07s0005g00280	Vitvi07g00313	35	not assigned
VIT_07s0005g00530	Vitvi07g02204	35	not assigned
VIT_07s0005g00660	Vitvi07g00341	35	not assigned
VIT_07s0005g00830	Vitvi07g00358	35	not assigned
VIT_07s0005g00870	Vitvi07g00361	35	not assigned
VIT_07s0005g01140	Vitvi07g00386	35	not assigned
VIT_07s0005g01320	Vitvi07g02221	35	not assigned
VIT_07s0005g01350	Vitvi07g00404	35	not assigned
VIT_07s0005g01670	Vitvi07g02229	35	not assigned
VIT_07s0005g01830	Vitvi07g00450	35	not assigned
VIT_07s0005g02070	Vitvi07g02243	35	not assigned
VIT_07s0005g02080	Vitvi07g02244	35	not assigned
VIT_07s0005g02120	Vitvi07g00475	35	not assigned
VIT_07s0005g02450	Vitvi07g02074	35	not assigned
VIT_07s0005g02710	Vitvi07g00538	35	not assigned
VIT_07s0005g03390	Vitvi07g00604	35	not assigned
VIT_07s0005g03400	Vitvi07g00605	35	not assigned
VIT_07s0005g03410	Vitvi07g02268	35	not assigned
VIT_07s0005g03420	Vitvi07g02269	35	not assigned
VIT_07s0005g04130	Vitvi07g00667	35	not assigned
VIT_07s0005g04320	Vitvi07g02298	35	not assigned
VIT_07s0005g05150	Vitvi07g02314	35	not assigned
VIT_07s0005g06040	Vitvi07g00872	35	not assigned
VIT_07s0005g06200	Vitvi07g00890	35	not assigned
VIT_07s0005g06520	Vitvi07g00926	35	not assigned
VIT_07s0031g00610	Vitvi07g01744	35	not assigned
VIT_07s0031g00650	Vitvi07g02666	35	not assigned
VIT_07s0031g01060	Vitvi07g02678	35	not assigned
VIT_07s0031g01160	Vitvi07g01794	35	not assigned
VIT_07s0031g02210	Vitvi07g02701	35	not assigned
VIT_07s0031g02790	Vitvi07g02711	35	not assigned
VIT_07s0031g03000	Vitvi07g01982	35	not assigned
VIT_07s0031g03220	Vitvi07g02006	35	not assigned
VIT_07s0095g00550	Vitvi07g02402	35	not assigned
VIT_07s0104g00150	Vitvi07g02138	35	not assigned
VIT_07s0104g00410	Vitvi07g02143	35	not assigned
VIT_07s0104g00420	Vitvi07g02144	35	not assigned
VIT_07s0104g00730	Vitvi07g00198	35	not assigned
VIT_07s0104g00790	Vitvi07g00202	35	not assigned
VIT_07s0104g01540	Vitvi07g02172	35	not assigned
VIT_07s0129g00100	Vitvi07g01587	35	not assigned
VIT_07s0129g00120	Vitvi07g02632	35	not assigned
VIT_07s0129g00250	Vitvi07g01603	35	not assigned
VIT_07s0129g00290	Vitvi07g01607	35	not assigned
VIT_07s0141g00600	Vitvi07g01164	35	not assigned
VIT_07s0141g00720	Vitvi07g02455	35	not assigned
VIT_07s0151g00640	Vitvi07g02127	35	not assigned
VIT_07s0151g00930	Vitvi07g00123	35	not assigned
VIT_07s0205g00070	Vitvi07g01539	35	not assigned
VIT_07s0255g00140	Vitvi07g01283	35	not assigned
VIT_08s0007g00330	Vitvi08g01196	35	not assigned
VIT_08s0007g00710	Vitvi08g01231	35	not assigned
VIT_08s0007g00980	Vitvi08g01257	35	not assigned
VIT_08s0007g01110	Vitvi08g02211	35	not assigned
VIT_08s0007g01120	Vitvi08g02212	35	not assigned
VIT_08s0007g01300	Vitvi08g01276	35	not assigned
VIT_08s0007g01350	Vitvi08g02224	35	not assigned
VIT_08s0007g01490	Vitvi08g01293	35	not assigned
VIT_08s0007g01530	Vitvi08g01297	35	not assigned
VIT_08s0007g01560	Vitvi08g01300	35	not assigned
VIT_08s0007g01650	Vitvi08g01308	35	not assigned
VIT_08s0007g01930	Vitvi08g01337	35	not assigned
VIT_08s0007g02360	Vitvi08g01377	35	not assigned
VIT_08s0007g03110	Vitvi08g01438	35	not assigned
VIT_08s0007g03630	Vitvi08g01484	35	not assigned
VIT_08s0007g03670	Vitvi08g01488	35	not assigned
VIT_08s0007g04180	Vitvi08g01540	35	not assigned
VIT_08s0007g04240	Vitvi08g01547	35	not assigned
VIT_08s0007g04500	Vitvi08g02287	35	not assigned
VIT_08s0007g04510	Vitvi08g01572	35	not assigned
VIT_08s0007g05010	Vitvi08g01621	35	not assigned
VIT_08s0007g05290	Vitvi08g02306	35	not assigned
VIT_08s0007g05530	Vitvi08g01668	35	not assigned
VIT_08s0007g05580	Vitvi08g01670	35	not assigned
VIT_08s0007g05830	Vitvi08g02329	35	not assigned
VIT_08s0007g05940	Vitvi08g01697	35	not assigned
VIT_08s0007g06170	Vitvi08g01711	35	not assigned
VIT_08s0007g06200	Vitvi08g01714	35	not assigned
VIT_08s0007g06430	Vitvi08g02344	35	not assigned
VIT_08s0007g06470	Vitvi08g01736	35	not assigned
VIT_08s0007g06950	Vitvi08g02359	35	not assigned
VIT_08s0007g06960	Vitvi08g02360	35	not assigned
VIT_08s0007g07000	Vitvi08g01777	35	not assigned
VIT_08s0007g07330	Vitvi08g02368	35	not assigned
VIT_08s0007g07920	Vitvi08g01860	35	not assigned
VIT_08s0007g07990	Vitvi08g02382	35	not assigned
VIT_08s0007g08010	Vitvi08g02384	35	not assigned
VIT_08s0007g08020	Vitvi08g02385	35	not assigned
VIT_08s0007g08030	Vitvi08g02386	35	not assigned
VIT_08s0007g08520	Vitvi08g02401	35	not assigned
VIT_08s0007g08680	Vitvi08g01923	35	not assigned
VIT_08s0007g08840	Vitvi08g01940	35	not assigned
VIT_08s0032g00950	Vitvi08g00243	35	not assigned
VIT_08s0040g00130	Vitvi08g00886	35	not assigned
VIT_08s0040g00150	Vitvi08g00888	35	not assigned
VIT_08s0040g00480	Vitvi08g00910	35	not assigned
VIT_08s0040g00540	Vitvi08g00916	35	not assigned
VIT_08s0040g00630	Vitvi08g02109	35	not assigned
VIT_08s0040g00690	Vitvi08g02112	35	not assigned
VIT_08s0040g01160	Vitvi08g02130	35	not assigned
VIT_08s0040g01200	Vitvi08g00973	35	not assigned
VIT_08s0040g01510	Vitvi08g02138	35	not assigned
VIT_08s0040g01820	Vitvi08g02143	35	not assigned
VIT_08s0040g01840	Vitvi08g02144	35	not assigned
VIT_08s0040g02250	Vitvi08g02162	35	not assigned
VIT_08s0040g02610	Vitvi08g02168	35	not assigned
VIT_08s0040g02650	Vitvi08g02169	35	not assigned
VIT_08s0040g02660	Vitvi08g02170	35	not assigned
VIT_08s0040g03000	Vitvi08g01126	35	not assigned
VIT_08s0040g03230	Vitvi08g01150	35	not assigned
VIT_08s0040g03400	Vitvi08g01168	35	not assigned
VIT_08s0056g00140	Vitvi08g01970	35	not assigned
VIT_08s0056g00500	Vitvi08g00041	35	not assigned
VIT_08s0056g01240	Vitvi08g01993	35	not assigned
VIT_08s0058g00350	Vitvi08g00754	35	not assigned
VIT_08s0058g00640	Vitvi08g00788	35	not assigned
VIT_08s0058g00800	Vitvi08g00802	35	not assigned
VIT_08s0058g01010	Vitvi08g02089	35	not assigned
VIT_08s0058g01210	Vitvi08g00853	35	not assigned
VIT_09s0002g00370	Vitvi09g00022	35	not assigned
VIT_09s0002g00440	Vitvi09g01494	35	not assigned
VIT_09s0002g00540	Vitvi09g00038	35	not assigned
VIT_09s0002g00550	Vitvi09g00039	35	not assigned
VIT_09s0002g00570	Vitvi09g00040	35	not assigned
VIT_09s0002g00580	Vitvi09g00041	35	not assigned
VIT_09s0002g00630	Vitvi09g02017	35	not assigned
VIT_09s0002g00650	Vitvi09g00046	35	not assigned
VIT_09s0002g00960	Vitvi09g00071	35	not assigned
VIT_09s0002g01000	Vitvi09g00077	35	not assigned
VIT_09s0002g01060	Vitvi09g00083	35	not assigned
VIT_09s0002g01750	Vitvi09g01521	35	not assigned
VIT_09s0002g01970	Vitvi09g00165	35	not assigned
VIT_09s0002g02230	Vitvi09g00185	35	not assigned
VIT_09s0002g02570	Vitvi09g01546	35	not assigned
VIT_09s0002g02580	Vitvi09g01547	35	not assigned
VIT_09s0002g03140	Vitvi09g00264	35	not assigned
VIT_09s0002g03460	Vitvi09g00285	35	not assigned
VIT_09s0002g03500	Vitvi09g01576	35	not assigned
VIT_09s0002g03860	Vitvi09g01588	35	not assigned
VIT_09s0002g04080	Vitvi09g00336	35	not assigned
VIT_09s0002g04280	Vitvi09g00355	35	not assigned
VIT_09s0002g04360	Vitvi09g01601	35	not assigned
VIT_09s0002g04840	Vitvi09g01616	35	not assigned
VIT_09s0002g04850	Vitvi09g01617	35	not assigned
VIT_09s0002g04900	Vitvi09g01619	35	not assigned
VIT_09s0002g05150	Vitvi09g00436	35	not assigned
VIT_09s0002g05180	Vitvi09g01628	35	not assigned
VIT_09s0002g05320	Vitvi09g00454	35	not assigned
VIT_09s0002g05700	Vitvi09g00488	35	not assigned
VIT_09s0002g06070	Vitvi09g00524	35	not assigned
VIT_09s0002g06300	Vitvi09g00551	35	not assigned
VIT_09s0002g06400	Vitvi09g00558	35	not assigned
VIT_09s0002g06420	Vitvi09g00559	35	not assigned
VIT_09s0002g06430	Vitvi09g00560	35	not assigned
VIT_09s0002g06680	Vitvi09g00590	35	not assigned
VIT_09s0002g06920	Vitvi09g00610	35	not assigned
VIT_09s0002g07550	Vitvi09g01681	35	not assigned
VIT_09s0002g07920	Vitvi09g00696	35	not assigned
VIT_09s0002g08680	Vitvi09g01736	35	not assigned
VIT_09s0018g00520	Vitvi09g01155	35	not assigned
VIT_09s0018g00820	Vitvi09g01868	35	not assigned
VIT_09s0054g00070	Vitvi09g01325	35	not assigned
VIT_09s0054g00150	Vitvi09g01940	35	not assigned
VIT_09s0054g00360	Vitvi09g01960	35	not assigned
VIT_09s0054g00430	Vitvi09g01351	35	not assigned
VIT_09s0054g00570	Vitvi09g01979	35	not assigned
VIT_09s0054g01100	Vitvi09g01993	35	not assigned
VIT_09s0054g01750	Vitvi09g02014	35	not assigned
VIT_09s0054g01760	Vitvi09g01471	35	not assigned
VIT_09s0070g00070	Vitvi09g01799	35	not assigned
VIT_09s0070g00900	Vitvi09g01051	35	not assigned
VIT_09s0070g00960	Vitvi09g01829	35	not assigned
VIT_10s0003g00090	Vitvi10g00485	35	not assigned
VIT_10s0003g00220	Vitvi10g01771	35	not assigned
VIT_10s0003g00410	Vitvi10g00509	35	not assigned
VIT_10s0003g00620	Vitvi10g00524	35	not assigned
VIT_10s0003g01070	Vitvi10g00564	35	not assigned
VIT_10s0003g01280	Vitvi10g00583	35	not assigned
VIT_10s0003g01690	Vitvi10g00626	35	not assigned
VIT_10s0003g02040	Vitvi10g00660	35	not assigned
VIT_10s0003g02110	Vitvi10g00668	35	not assigned
VIT_10s0003g02120	Vitvi10g00669	35	not assigned
VIT_10s0003g03250	Vitvi10g00774	35	not assigned
VIT_10s0003g04480	Vitvi10g00889	35	not assigned
VIT_10s0003g04490	Vitvi10g00892	35	not assigned
VIT_10s0003g04950	Vitvi10g01915	35	not assigned
VIT_10s0003g05480	Vitvi10g01035	35	not assigned
VIT_10s0042g00280	Vitvi10g01453	35	not assigned
VIT_10s0042g00400	Vitvi10g02031	35	not assigned
VIT_10s0042g00450	Vitvi10g01433	35	not assigned
VIT_10s0071g00060	Vitvi10g02042	35	not assigned
VIT_10s0071g00890	Vitvi10g01552	35	not assigned
VIT_10s0092g00760	Vitvi10g01961	35	not assigned
VIT_10s0116g00040	Vitvi10g00001	35	not assigned
VIT_10s0116g00050	Vitvi10g00118	35	not assigned
VIT_10s0116g00290	Vitvi10g00126	35	not assigned
VIT_10s0116g00350	Vitvi10g00128	35	not assigned
VIT_10s0116g00370	Vitvi10g01606	35	not assigned
VIT_10s0116g00570	Vitvi10g00030	35	not assigned
VIT_10s0116g01340	Vitvi10g01989	35	not assigned
VIT_10s0116g01780	Vitvi10g00100	35	not assigned
VIT_10s0116g01820	Vitvi10g01642	35	not assigned
VIT_10s0597g00010	Vitvi10g00474	35	not assigned
VIT_11s0016g00130	Vitvi11g00672	35	not assigned
VIT_11s0016g00190	Vitvi11g00008	35	not assigned
VIT_11s0016g00210	Vitvi11g01499	35	not assigned
VIT_11s0016g00500	Vitvi11g00033	35	not assigned
VIT_11s0016g00590	Vitvi11g00040	35	not assigned
VIT_11s0016g01220	Vitvi11g00089	35	not assigned
VIT_11s0016g01810	Vitvi11g00140	35	not assigned
VIT_11s0016g02760	Vitvi11g01385	35	not assigned
VIT_11s0016g02900	Vitvi11g00243	35	not assigned
VIT_11s0016g02920	Vitvi11g00245	35	not assigned
VIT_11s0016g03090	Vitvi11g01391	35	not assigned
VIT_11s0016g03140	Vitvi11g00267	35	not assigned
VIT_11s0016g03190	Vitvi11g01393	35	not assigned
VIT_11s0016g03370	Vitvi11g01394	35	not assigned
VIT_11s0016g03540	Vitvi11g00301	35	not assigned
VIT_11s0016g03580	Vitvi11g00304	35	not assigned
VIT_11s0016g03840	Vitvi11g01402	35	not assigned
VIT_11s0016g04080	Vitvi11g00351	35	not assigned
VIT_11s0016g04670	Vitvi11g01421	35	not assigned
VIT_11s0016g04790	Vitvi11g01424	35	not assigned
VIT_11s0016g04920	Vitvi11g01427	35	not assigned
VIT_11s0016g05000	Vitvi11g00442	35	not assigned
VIT_11s0016g05010	Vitvi11g00443	35	not assigned
VIT_11s0016g05290	Vitvi11g01439	35	not assigned
VIT_11s0016g05430	Vitvi11g00477	35	not assigned
VIT_11s0016g05520	Vitvi11g01445	35	not assigned
VIT_11s0016g05530	Vitvi11g00485	35	not assigned
VIT_11s0016g05540	Vitvi11g00486	35	not assigned
VIT_11s0016g05780	Vitvi11g01449	35	not assigned
VIT_11s0016g05830	Vitvi11g01450	35	not assigned
VIT_11s0016g05840	Vitvi11g00518	35	not assigned
VIT_11s0037g00290	Vitvi11g00708	35	not assigned
VIT_11s0037g01430	Vitvi11g01544	35	not assigned
VIT_11s0052g00580	Vitvi11g01649	35	not assigned
VIT_11s0052g00630	Vitvi11g01650	35	not assigned
VIT_11s0052g00970	Vitvi11g01243	35	not assigned
VIT_11s0052g01650	Vitvi11g01295	35	not assigned
VIT_11s0052g01680	Vitvi11g01696	35	not assigned
VIT_11s0065g00970	Vitvi11g01575	35	not assigned
VIT_11s0065g00990	Vitvi11g01577	35	not assigned
VIT_11s0065g01130	Vitvi11g00982	35	not assigned
VIT_11s0078g00210	Vitvi11g01595	35	not assigned
VIT_11s0103g00110	Vitvi11g01605	35	not assigned
VIT_11s0103g00670	Vitvi11g01626	35	not assigned
VIT_11s0118g00090	Vitvi11g00530	35	not assigned
VIT_11s0118g00420	Vitvi11g01463	35	not assigned
VIT_11s0118g00580	Vitvi11g00583	35	not assigned
VIT_11s0118g00730	Vitvi11g01470	35	not assigned
VIT_11s0206g00200	Vitvi11g01497	35	not assigned
VIT_12s0028g00040	Vitvi12g00037	35	not assigned
VIT_12s0028g00480	Vitvi12g02193	35	not assigned
VIT_12s0028g00670	Vitvi12g02200	35	not assigned
VIT_12s0028g00980	Vitvi12g02204	35	not assigned
VIT_12s0028g01060	Vitvi12g02207	35	not assigned
VIT_12s0028g01180	Vitvi12g00103	35	not assigned
VIT_12s0028g01390	Vitvi12g00120	35	not assigned
VIT_12s0028g01890	Vitvi12g00160	35	not assigned
VIT_12s0028g02160	Vitvi12g00183	35	not assigned
VIT_12s0028g02440	Vitvi12g00209	35	not assigned
VIT_12s0028g03120	Vitvi12g00262	35	not assigned
VIT_12s0028g03560	Vitvi12g00298	35	not assigned
VIT_12s0028g03640	Vitvi12g00305	35	not assigned
VIT_12s0034g00100	Vitvi12g02595	35	not assigned
VIT_12s0034g00500	Vitvi12g02615	35	not assigned
VIT_12s0034g01140	Vitvi12g01813	35	not assigned
VIT_12s0034g01160	Vitvi12g01815	35	not assigned
VIT_12s0034g01180	Vitvi12g01818	35	not assigned
VIT_12s0034g01870	Vitvi12g01874	35	not assigned
VIT_12s0034g01880	Vitvi12g02657	35	not assigned
VIT_12s0034g01890	Vitvi12g01876	35	not assigned
VIT_12s0034g01910	Vitvi12g01877	35	not assigned
VIT_12s0034g01950	Vitvi12g02659	35	not assigned
VIT_12s0034g01970	Vitvi12g01880	35	not assigned
VIT_12s0035g00010	Vitvi12g02685	35	not assigned
VIT_12s0035g00340	Vitvi12g01975	35	not assigned
VIT_12s0035g00380	Vitvi12g01979	35	not assigned
VIT_12s0035g00880	Vitvi12g02022	35	not assigned
VIT_12s0035g01000	Vitvi12g02039	35	not assigned
VIT_12s0035g01030	Vitvi12g02041	35	not assigned
VIT_12s0035g01050	Vitvi12g02044	35	not assigned
VIT_12s0035g01760	Vitvi12g02118	35	not assigned
VIT_12s0035g02080	Vitvi12g02755	35	not assigned
VIT_12s0055g00440	Vitvi12g02582	35	not assigned
VIT_12s0055g00810	Vitvi12g01624	35	not assigned
VIT_12s0057g00070	Vitvi12g02457	35	not assigned
VIT_12s0057g00080	Vitvi12g02458	35	not assigned
VIT_12s0057g00090	Vitvi12g02459	35	not assigned
VIT_12s0057g00100	Vitvi12g02460	35	not assigned
VIT_12s0057g00120	Vitvi12g02462	35	not assigned
VIT_12s0057g00140	Vitvi12g02464	35	not assigned
VIT_12s0057g00150	Vitvi12g02465	35	not assigned
VIT_12s0057g00170	Vitvi12g02466	35	not assigned
VIT_12s0057g00180	Vitvi12g02467	35	not assigned
VIT_12s0057g00190	Vitvi12g02468	35	not assigned
VIT_12s0057g00200	Vitvi12g00638	35	not assigned
VIT_12s0057g00210	Vitvi12g02469	35	not assigned
VIT_12s0057g00310	Vitvi12g02472	35	not assigned
VIT_12s0057g00420	Vitvi12g00649	35	not assigned
VIT_12s0057g00700	Vitvi12g00686	35	not assigned
VIT_12s0057g01110	Vitvi12g02499	35	not assigned
VIT_12s0057g01310	Vitvi12g00753	35	not assigned
VIT_12s0057g01550	Vitvi12g00782	35	not assigned
VIT_12s0059g00050	Vitvi12g02324	35	not assigned
VIT_12s0059g00230	Vitvi12g02334	35	not assigned
VIT_12s0059g00310	Vitvi12g02337	35	not assigned
VIT_12s0059g00370	Vitvi12g02342	35	not assigned
VIT_12s0059g00480	Vitvi12g02354	35	not assigned
VIT_12s0059g00490	Vitvi12g00355	35	not assigned
VIT_12s0059g00590	Vitvi12g02356	35	not assigned
VIT_12s0059g01050	Vitvi12g02375	35	not assigned
VIT_12s0059g01120	Vitvi12g00414	35	not assigned
VIT_12s0059g01340	Vitvi12g00443	35	not assigned
VIT_12s0059g01590	Vitvi12g00456	35	not assigned
VIT_12s0059g01720	Vitvi12g02388	35	not assigned
VIT_12s0059g01830	Vitvi12g02394	35	not assigned
VIT_12s0059g01900	Vitvi12g00482	35	not assigned
VIT_12s0059g02320	Vitvi12g02414	35	not assigned
VIT_12s0059g02510	Vitvi12g00543	35	not assigned
VIT_12s0134g00170	Vitvi12g02429	35	not assigned
VIT_12s0134g00240	Vitvi12g00594	35	not assigned
VIT_12s0134g00470	Vitvi12g00624	35	not assigned
VIT_12s0134g00560	Vitvi12g00631	35	not assigned
VIT_12s0134g00590	Vitvi12g02444	35	not assigned
VIT_12s0134g00650	Vitvi12g02451	35	not assigned
VIT_12s0142g00110	Vitvi12g00913	35	not assigned
VIT_12s0142g00160	Vitvi12g02185	35	not assigned
VIT_13s0019g00110	Vitvi13g02335	35	not assigned
VIT_13s0019g00240	Vitvi13g00248	35	not assigned
VIT_13s0019g00420	Vitvi13g00258	35	not assigned
VIT_13s0019g00650	Vitvi13g01960	35	not assigned
VIT_13s0019g00730	Vitvi13g01537	35	not assigned
VIT_13s0019g00740	Vitvi13g00275	35	not assigned
VIT_13s0019g00750	Vitvi13g02416	35	not assigned
VIT_13s0019g01020	Vitvi13g01970	35	not assigned
VIT_13s0019g01040	Vitvi13g00285	35	not assigned
VIT_13s0019g01200	Vitvi13g00293	35	not assigned
VIT_13s0019g01520	Vitvi13g02427	35	not assigned
VIT_13s0019g02320	Vitvi13g02004	35	not assigned
VIT_13s0019g02660	Vitvi13g02012	35	not assigned
VIT_13s0019g03910	Vitvi13g02053	35	not assigned
VIT_13s0019g03930	Vitvi13g02055	35	not assigned
VIT_13s0047g01030	Vitvi13g02243	35	not assigned
VIT_13s0047g01040	Vitvi13g01214	35	not assigned
VIT_13s0064g00460	Vitvi13g01686	35	not assigned
VIT_13s0064g00910	Vitvi13g02505	35	not assigned
VIT_13s0064g01080	Vitvi13g01749	35	not assigned
VIT_13s0064g01100	Vitvi13g02508	35	not assigned
VIT_13s0064g01110	Vitvi13g02509	35	not assigned
VIT_13s0064g01130	Vitvi13g02511	35	not assigned
VIT_13s0064g01170	Vitvi13g02517	35	not assigned
VIT_13s0064g01260	Vitvi13g01760	35	not assigned
VIT_13s0064g01510	Vitvi13g01783	35	not assigned
VIT_13s0067g00260	Vitvi13g00015	35	not assigned
VIT_13s0067g00560	Vitvi13g01302	35	not assigned
VIT_13s0067g00620	Vitvi13g01298	35	not assigned
VIT_13s0067g00700	Vitvi13g00035	35	not assigned
VIT_13s0067g01090	Vitvi13g01283	35	not assigned
VIT_13s0067g01150	Vitvi13g00062	35	not assigned
VIT_13s0067g01980	Vitvi13g01898	35	not assigned
VIT_13s0067g02040	Vitvi13g02260	35	not assigned
VIT_13s0067g02280	Vitvi13g00139	35	not assigned
VIT_13s0067g02300	Vitvi13g01902	35	not assigned
VIT_13s0067g02390	Vitvi13g01903	35	not assigned
VIT_13s0067g02410	Vitvi13g02281	35	not assigned
VIT_13s0067g02560	Vitvi13g00155	35	not assigned
VIT_13s0067g02710	Vitvi13g00161	35	not assigned
VIT_13s0067g02910	Vitvi13g01913	35	not assigned
VIT_13s0067g03340	Vitvi13g01921	35	not assigned
VIT_13s0067g03660	Vitvi13g00218	35	not assigned
VIT_13s0073g00160	Vitvi13g01007	35	not assigned
VIT_13s0073g00590	Vitvi13g01054	35	not assigned
VIT_13s0074g00110	Vitvi13g00716	35	not assigned
VIT_13s0074g00530	Vitvi13g02098	35	not assigned
VIT_13s0101g00210	Vitvi13g02155	35	not assigned
VIT_13s0101g00520	Vitvi13g00981	35	not assigned
VIT_13s0106g00120	Vitvi13g02117	35	not assigned
VIT_13s0106g00230	Vitvi13g00824	35	not assigned
VIT_13s0106g00250	Vitvi13g00829	35	not assigned
VIT_13s0106g00720	Vitvi13g00879	35	not assigned
VIT_13s0147g00180	Vitvi13g02147	35	not assigned
VIT_13s0156g00100	Vitvi13g02576	35	not assigned
VIT_13s0156g00190	Vitvi13g02570	35	not assigned
VIT_13s0158g00270	Vitvi13g02451	35	not assigned
VIT_13s0158g00290	Vitvi13g01616	35	not assigned
VIT_13s0175g00040	Vitvi13g02189	35	not assigned
VIT_13s0320g00030	Vitvi13g01852	35	not assigned
VIT_13s0320g00060	Vitvi13g01855	35	not assigned
VIT_14s0006g00060	Vitvi14g02769	35	not assigned
VIT_14s0006g00070	Vitvi14g02770	35	not assigned
VIT_14s0006g00300	Vitvi14g00786	35	not assigned
VIT_14s0006g01040	Vitvi14g02812	35	not assigned
VIT_14s0006g01580	Vitvi14g00971	35	not assigned
VIT_14s0006g01600	Vitvi14g00972	35	not assigned
VIT_14s0006g02530	Vitvi14g02869	35	not assigned
VIT_14s0006g02550	Vitvi14g01128	35	not assigned
VIT_14s0006g02760	Vitvi14g01162	35	not assigned
VIT_14s0006g03100	Vitvi14g02885	35	not assigned
VIT_14s0006g03110	Vitvi14g02886	35	not assigned
VIT_14s0030g00140	Vitvi14g00297	35	not assigned
VIT_14s0030g00190	Vitvi14g00303	35	not assigned
VIT_14s0030g00260	Vitvi14g00310	35	not assigned
VIT_14s0030g00520	Vitvi14g02594	35	not assigned
VIT_14s0030g00860	Vitvi14g02610	35	not assigned
VIT_14s0030g00930	Vitvi14g02615	35	not assigned
VIT_14s0030g01040	Vitvi14g02622	35	not assigned
VIT_14s0030g01150	Vitvi14g02630	35	not assigned
VIT_14s0030g01300	Vitvi14g00387	35	not assigned
VIT_14s0030g01700	Vitvi14g00421	35	not assigned
VIT_14s0030g01790	Vitvi14g00427	35	not assigned
VIT_14s0030g01880	Vitvi14g00437	35	not assigned
VIT_14s0030g01890	Vitvi14g00438	35	not assigned
VIT_14s0030g01920	Vitvi14g02656	35	not assigned
VIT_14s0030g02310	Vitvi14g00483	35	not assigned
VIT_14s0036g01060	Vitvi14g00679	35	not assigned
VIT_14s0060g00040	Vitvi14g02431	35	not assigned
VIT_14s0060g00250	Vitvi14g00019	35	not assigned
VIT_14s0060g00900	Vitvi14g02463	35	not assigned
VIT_14s0060g00990	Vitvi14g00080	35	not assigned
VIT_14s0060g01300	Vitvi14g02476	35	not assigned
VIT_14s0060g01320	Vitvi14g00103	35	not assigned
VIT_14s0060g01430	Vitvi14g00114	35	not assigned
VIT_14s0060g01490	Vitvi14g00119	35	not assigned
VIT_14s0060g01530	Vitvi14g00124	35	not assigned
VIT_14s0060g01870	Vitvi14g02497	35	not assigned
VIT_14s0060g01880	Vitvi14g02498	35	not assigned
VIT_14s0060g01980	Vitvi14g00156	35	not assigned
VIT_14s0060g02000	Vitvi14g02502	35	not assigned
VIT_14s0060g02230	Vitvi14g02508	35	not assigned
VIT_14s0060g02300	Vitvi14g02510	35	not assigned
VIT_14s0060g02630	Vitvi14g02522	35	not assigned
VIT_14s0060g02730	Vitvi14g02530	35	not assigned
VIT_14s0066g00120	Vitvi14g02997	35	not assigned
VIT_14s0066g00160	Vitvi14g01656	35	not assigned
VIT_14s0066g00250	Vitvi14g01665	35	not assigned
VIT_14s0066g00300	Vitvi14g03000	35	not assigned
VIT_14s0066g00400	Vitvi14g01683	35	not assigned
VIT_14s0066g00570	Vitvi14g03002	35	not assigned
VIT_14s0066g01140	Vitvi14g03018	35	not assigned
VIT_14s0066g01190	Vitvi14g01761	35	not assigned
VIT_14s0066g01600	Vitvi14g01800	35	not assigned
VIT_14s0066g01710	Vitvi14g01811	35	not assigned
VIT_14s0066g01840	Vitvi14g03033	35	not assigned
VIT_14s0066g01850	Vitvi14g01821	35	not assigned
VIT_14s0066g02060	Vitvi14g03041	35	not assigned
VIT_14s0066g02640	Vitvi14g03053	35	not assigned
VIT_14s0068g00040	Vitvi14g02923	35	not assigned
VIT_14s0068g00050	Vitvi14g02924	35	not assigned
VIT_14s0068g00140	Vitvi14g01381	35	not assigned
VIT_14s0068g00160	Vitvi14g02930	35	not assigned
VIT_14s0068g00740	Vitvi14g02948	35	not assigned
VIT_14s0068g01360	Vitvi14g01485	35	not assigned
VIT_14s0068g01400	Vitvi14g01489	35	not assigned
VIT_14s0068g01620	Vitvi14g01511	35	not assigned
VIT_14s0068g01760	Vitvi14g01522	35	not assigned
VIT_14s0068g01990	Vitvi14g02971	35	not assigned
VIT_14s0068g02150	Vitvi14g01555	35	not assigned
VIT_14s0081g00010	Vitvi14g00484	35	not assigned
VIT_14s0081g00020	Vitvi14g00485	35	not assigned
VIT_14s0081g00030	Vitvi14g00487	35	not assigned
VIT_14s0081g00100	Vitvi14g02668	35	not assigned
VIT_14s0083g00080	Vitvi14g01240	35	not assigned
VIT_14s0083g00260	Vitvi14g02894	35	not assigned
VIT_14s0083g00400	Vitvi14g01272	35	not assigned
VIT_14s0083g00670	Vitvi14g02907	35	not assigned
VIT_14s0083g01140	Vitvi14g01354	35	not assigned
VIT_14s0108g00450	Vitvi14g03078	35	not assigned
VIT_14s0108g00520	Vitvi14g01937	35	not assigned
VIT_14s0108g00560	Vitvi14g01939	35	not assigned
VIT_14s0108g01000	Vitvi14g01975	35	not assigned
VIT_14s0108g01320	Vitvi14g02010	35	not assigned
VIT_14s0108g01350	Vitvi14g02013	35	not assigned
VIT_14s0128g00190	Vitvi14g00270	35	not assigned
VIT_14s0128g00570	Vitvi14g02553	35	not assigned
VIT_14s0171g00100	Vitvi14g01568	35	not assigned
VIT_14s0171g00150	Vitvi14g01573	35	not assigned
VIT_14s0171g00360	Vitvi14g02990	35	not assigned
VIT_14s0219g00040	Vitvi14g01614	35	not assigned
VIT_14s0219g00110	Vitvi14g01623	35	not assigned
VIT_14s0219g00210	Vitvi14g01633	35	not assigned
VIT_15s0021g00390	Vitvi15g01405	35	not assigned
VIT_15s0021g00540	Vitvi15g00459	35	not assigned
VIT_15s0021g00880	Vitvi15g00500	35	not assigned
VIT_15s0021g02270	Vitvi15g00617	35	not assigned
VIT_15s0021g02400	Vitvi15g01465	35	not assigned
VIT_15s0021g02700	Vitvi15g00643	35	not assigned
VIT_15s0024g00670	Vitvi15g01232	35	not assigned
VIT_15s0024g01680	Vitvi15g00179	35	not assigned
VIT_15s0045g00040	Vitvi15g01323	35	not assigned
VIT_15s0046g00120	Vitvi15g00933	35	not assigned
VIT_15s0046g01170	Vitvi15g01007	35	not assigned
VIT_15s0046g01340	Vitvi15g01629	35	not assigned
VIT_15s0046g01360	Vitvi15g01019	35	not assigned
VIT_15s0046g01450	Vitvi15g01028	35	not assigned
VIT_15s0046g01560	Vitvi15g01034	35	not assigned
VIT_15s0046g01570	Vitvi15g01035	35	not assigned
VIT_15s0046g01610	Vitvi15g01044	35	not assigned
VIT_15s0046g01990	Vitvi15g01075	35	not assigned
VIT_15s0046g02110	Vitvi15g01084	35	not assigned
VIT_15s0046g02160	Vitvi15g01088	35	not assigned
VIT_15s0046g02750	Vitvi15g01663	35	not assigned
VIT_15s0046g03430	Vitvi15g01697	35	not assigned
VIT_15s0046g03500	Vitvi15g01177	35	not assigned
VIT_15s0046g03780	Vitvi15g01711	35	not assigned
VIT_15s0048g00620	Vitvi15g01495	35	not assigned
VIT_15s0048g00630	Vitvi15g00714	35	not assigned
VIT_15s0048g00740	Vitvi15g00727	35	not assigned
VIT_15s0048g00880	Vitvi15g01500	35	not assigned
VIT_15s0048g01080	Vitvi15g01505	35	not assigned
VIT_15s0048g01880	Vitvi15g00828	35	not assigned
VIT_15s0048g02500	Vitvi15g01549	35	not assigned
VIT_15s0048g02530	Vitvi15g00878	35	not assigned
VIT_15s0048g02780	Vitvi15g01555	35	not assigned
VIT_15s0048g02910	Vitvi15g00916	35	not assigned
VIT_15s0048g02980	Vitvi15g00919	35	not assigned
VIT_15s0107g00550	Vitvi15g00263	35	not assigned
VIT_16s0013g00330	Vitvi16g00291	35	not assigned
VIT_16s0013g00390	Vitvi16g01638	35	not assigned
VIT_16s0013g00410	Vitvi16g01640	35	not assigned
VIT_16s0013g00440	Vitvi16g01642	35	not assigned
VIT_16s0013g00450	Vitvi16g01643	35	not assigned
VIT_16s0013g00480	Vitvi16g01646	35	not assigned
VIT_16s0013g00810	Vitvi16g01659	35	not assigned
VIT_16s0013g00920	Vitvi16g01663	35	not assigned
VIT_16s0013g01720	Vitvi16g01698	35	not assigned
VIT_16s0013g02190	Vitvi16g01713	35	not assigned
VIT_16s0022g00290	Vitvi16g01774	35	not assigned
VIT_16s0022g00460	Vitvi16g01780	35	not assigned
VIT_16s0022g00890	Vitvi16g00741	35	not assigned
VIT_16s0022g00960	Vitvi16g01800	35	not assigned
VIT_16s0022g01160	Vitvi16g01805	35	not assigned
VIT_16s0022g01430	Vitvi16g00793	35	not assigned
VIT_16s0039g01420	Vitvi16g00071	35	not assigned
VIT_16s0039g01770	Vitvi16g01526	35	not assigned
VIT_16s0039g01910	Vitvi16g00122	35	not assigned
VIT_16s0039g02350	Vitvi16g01548	35	not assigned
VIT_16s0039g02550	Vitvi16g00182	35	not assigned
VIT_16s0039g02610	Vitvi16g01554	35	not assigned
VIT_16s0050g00080	Vitvi16g01018	35	not assigned
VIT_16s0050g00400	Vitvi16g01037	35	not assigned
VIT_16s0050g01970	Vitvi16g01966	35	not assigned
VIT_16s0050g01990	Vitvi16g01968	35	not assigned
VIT_16s0050g02100	Vitvi16g01176	35	not assigned
VIT_16s0050g02240	Vitvi16g01981	35	not assigned
VIT_16s0098g00790	Vitvi16g02059	35	not assigned
VIT_16s0098g00800	Vitvi16g01328	35	not assigned
VIT_16s0098g00890	Vitvi16g01339	35	not assigned
VIT_16s0098g00990	Vitvi16g02066	35	not assigned
VIT_16s0098g01150	Vitvi16g01359	35	not assigned
VIT_16s0098g01280	Vitvi16g02073	35	not assigned
VIT_16s0098g01540	Vitvi16g01388	35	not assigned
VIT_16s0098g01640	Vitvi16g02084	35	not assigned
VIT_16s0098g01790	Vitvi16g01406	35	not assigned
VIT_16s0100g00270	Vitvi16g00926	35	not assigned
VIT_16s0100g00570	Vitvi16g00964	35	not assigned
VIT_16s0100g00740	Vitvi16g00985	35	not assigned
VIT_16s0115g00170	Vitvi16g01729	35	not assigned
VIT_16s0115g00500	Vitvi16g01743	35	not assigned
VIT_16s0148g00250	Vitvi16g02012	35	not assigned
VIT_17s0000g00010	Vitvi17g00011	35	not assigned
VIT_17s0000g00110	Vitvi17g00016	35	not assigned
VIT_17s0000g00130	Vitvi17g00018	35	not assigned
VIT_17s0000g00680	Vitvi17g01328	35	not assigned
VIT_17s0000g00710	Vitvi17g00061	35	not assigned
VIT_17s0000g01080	Vitvi17g00085	35	not assigned
VIT_17s0000g01120	Vitvi17g01341	35	not assigned
VIT_17s0000g01790	Vitvi17g00148	35	not assigned
VIT_17s0000g02120	Vitvi17g01360	35	not assigned
VIT_17s0000g02440	Vitvi17g01368	35	not assigned
VIT_17s0000g02470	Vitvi17g00217	35	not assigned
VIT_17s0000g02600	Vitvi17g00228	35	not assigned
VIT_17s0000g03130	Vitvi17g00271	35	not assigned
VIT_17s0000g03200	Vitvi17g00276	35	not assigned
VIT_17s0000g03280	Vitvi17g00283	35	not assigned
VIT_17s0000g03460	Vitvi17g00300	35	not assigned
VIT_17s0000g05250	Vitvi17g00497	35	not assigned
VIT_17s0000g05650	Vitvi17g00543	35	not assigned
VIT_17s0000g05840	Vitvi17g00560	35	not assigned
VIT_17s0000g06680	Vitvi17g00651	35	not assigned
VIT_17s0000g07470	Vitvi17g00722	35	not assigned
VIT_17s0000g07690	Vitvi17g01528	35	not assigned
VIT_17s0000g07840	Vitvi17g00758	35	not assigned
VIT_17s0000g07950	Vitvi17g00770	35	not assigned
VIT_17s0000g08190	Vitvi17g01541	35	not assigned
VIT_17s0000g08370	Vitvi17g00814	35	not assigned
VIT_17s0000g08430	Vitvi17g01545	35	not assigned
VIT_17s0000g08680	Vitvi17g00845	35	not assigned
VIT_17s0000g08920	Vitvi17g00881	35	not assigned
VIT_17s0000g09190	Vitvi17g00906	35	not assigned
VIT_17s0000g09400	Vitvi17g00931	35	not assigned
VIT_17s0000g09900	Vitvi17g00990	35	not assigned
VIT_17s0000g10000	Vitvi17g01003	35	not assigned
VIT_17s0053g00970	Vitvi17g01247	35	not assigned
VIT_17s0119g00110	Vitvi17g01104	35	not assigned
VIT_17s0119g00150	Vitvi17g01613	35	not assigned
VIT_18s0001g00140	Vitvi18g02495	35	not assigned
VIT_18s0001g00780	Vitvi18g02943	35	not assigned
VIT_18s0001g00820	Vitvi18g02503	35	not assigned
VIT_18s0001g00840	Vitvi18g00164	35	not assigned
VIT_18s0001g01300	Vitvi18g02512	35	not assigned
VIT_18s0001g01380	Vitvi18g01501	35	not assigned
VIT_18s0001g01490	Vitvi18g01507	35	not assigned
VIT_18s0001g01570	Vitvi18g01510	35	not assigned
VIT_18s0001g02100	Vitvi18g02528	35	not assigned
VIT_18s0001g02330	Vitvi18g02923	35	not assigned
VIT_18s0001g02760	Vitvi18g02533	35	not assigned
VIT_18s0001g02770	Vitvi18g02534	35	not assigned
VIT_18s0001g02790	Vitvi18g00274	35	not assigned
VIT_18s0001g03240	Vitvi18g00295	35	not assigned
VIT_18s0001g03610	Vitvi18g00313	35	not assigned
VIT_18s0001g03880	Vitvi18g02548	35	not assigned
VIT_18s0001g04520	Vitvi18g02555	35	not assigned
VIT_18s0001g04680	Vitvi18g00355	35	not assigned
VIT_18s0001g04920	Vitvi18g02566	35	not assigned
VIT_18s0001g05040	Vitvi18g00371	35	not assigned
VIT_18s0001g05840	Vitvi18g00416	35	not assigned
VIT_18s0001g06020	Vitvi18g00424	35	not assigned
VIT_18s0001g06070	Vitvi18g02230	35	not assigned
VIT_18s0001g06150	Vitvi18g00432	35	not assigned
VIT_18s0001g06170	Vitvi18g02584	35	not assigned
VIT_18s0001g06180	Vitvi18g00433	35	not assigned
VIT_18s0001g07840	Vitvi18g00548	35	not assigned
VIT_18s0001g08080	Vitvi18g02619	35	not assigned
VIT_18s0001g08090	Vitvi18g00571	35	not assigned
VIT_18s0001g08300	Vitvi18g00596	35	not assigned
VIT_18s0001g08320	Vitvi18g00598	35	not assigned
VIT_18s0001g08330	Vitvi18g00599	35	not assigned
VIT_18s0001g08340	Vitvi18g02621	35	not assigned
VIT_18s0001g08510	Vitvi18g00608	35	not assigned
VIT_18s0001g08590	Vitvi18g02630	35	not assigned
VIT_18s0001g08620	Vitvi18g00619	35	not assigned
VIT_18s0001g08810	Vitvi18g02636	35	not assigned
VIT_18s0001g08870	Vitvi18g02638	35	not assigned
VIT_18s0001g08910	Vitvi18g02642	35	not assigned
VIT_18s0001g09530	Vitvi18g00699	35	not assigned
VIT_18s0001g09900	Vitvi18g02673	35	not assigned
VIT_18s0001g09950	Vitvi18g02674	35	not assigned
VIT_18s0001g10040	Vitvi18g00743	35	not assigned
VIT_18s0001g10480	Vitvi18g00789	35	not assigned
VIT_18s0001g10510	Vitvi18g00793	35	not assigned
VIT_18s0001g10620	Vitvi18g02684	35	not assigned
VIT_18s0001g10630	Vitvi18g02685	35	not assigned
VIT_18s0001g11130	Vitvi18g00839	35	not assigned
VIT_18s0001g11160	Vitvi18g00842	35	not assigned
VIT_18s0001g11680	Vitvi18g02727	35	not assigned
VIT_18s0001g11830	Vitvi18g00905	35	not assigned
VIT_18s0001g11930	Vitvi18g00917	35	not assigned
VIT_18s0001g12340	Vitvi18g00948	35	not assigned
VIT_18s0001g12490	Vitvi18g00962	35	not assigned
VIT_18s0001g13020	Vitvi18g02765	35	not assigned
VIT_18s0001g13030	Vitvi18g02766	35	not assigned
VIT_18s0001g13670	Vitvi18g01063	35	not assigned
VIT_18s0001g13970	Vitvi18g01092	35	not assigned
VIT_18s0001g14040	Vitvi18g01098	35	not assigned
VIT_18s0001g14260	Vitvi18g02796	35	not assigned
VIT_18s0001g15000	Vitvi18g01177	35	not assigned
VIT_18s0001g15130	Vitvi18g02824	35	not assigned
VIT_18s0001g15220	Vitvi18g01202	35	not assigned
VIT_18s0001g15300	Vitvi18g02831	35	not assigned
VIT_18s0001g15390	Vitvi18g01221	35	not assigned
VIT_18s0001g15640	Vitvi18g02836	35	not assigned
VIT_18s0041g00350	Vitvi18g01970	35	not assigned
VIT_18s0041g00370	Vitvi18g03100	35	not assigned
VIT_18s0041g00390	Vitvi18g03101	35	not assigned
VIT_18s0041g00870	Vitvi18g02024	35	not assigned
VIT_18s0041g01220	Vitvi18g02063	35	not assigned
VIT_18s0072g00160	Vitvi18g01608	35	not assigned
VIT_18s0072g00450	Vitvi18g02977	35	not assigned
VIT_18s0076g00210	Vitvi18g01321	35	not assigned
VIT_18s0086g00320	Vitvi18g02870	35	not assigned
VIT_18s0086g00520	Vitvi18g02881	35	not assigned
VIT_18s0086g00680	Vitvi18g02889	35	not assigned
VIT_18s0089g00070	Vitvi18g03220	35	not assigned
VIT_18s0089g00660	Vitvi18g02382	35	not assigned
VIT_18s0089g00830	Vitvi18g03256	35	not assigned
VIT_18s0089g00980	Vitvi18g03263	35	not assigned
VIT_18s0089g01210	Vitvi18g02415	35	not assigned
VIT_18s0122g00280	Vitvi18g00018	35	not assigned
VIT_18s0122g00290	Vitvi18g02471	35	not assigned
VIT_18s0122g00360	Vitvi18g02473	35	not assigned
VIT_18s0122g00540	Vitvi18g02910	35	not assigned
VIT_18s0122g00620	Vitvi18g02476	35	not assigned
VIT_18s0157g00090	Vitvi18g01562	35	not assigned
VIT_18s0166g00060	Vitvi18g02845	35	not assigned
VIT_18s0166g00250	Vitvi18g01285	35	not assigned
VIT_19s0014g00090	Vitvi19g00008	35	not assigned
VIT_19s0014g00410	Vitvi19g01800	35	not assigned
VIT_19s0014g00450	Vitvi19g00041	35	not assigned
VIT_19s0014g00460	Vitvi19g00042	35	not assigned
VIT_19s0014g00540	Vitvi19g01808	35	not assigned
VIT_19s0014g00790	Vitvi19g01822	35	not assigned
VIT_19s0014g01480	Vitvi19g01840	35	not assigned
VIT_19s0014g02120	Vitvi19g00181	35	not assigned
VIT_19s0014g02130	Vitvi19g01856	35	not assigned
VIT_19s0014g02390	Vitvi19g01861	35	not assigned
VIT_19s0014g02740	Vitvi19g01871	35	not assigned
VIT_19s0014g02950	Vitvi19g01883	35	not assigned
VIT_19s0014g02970	Vitvi19g00242	35	not assigned
VIT_19s0014g03190	Vitvi19g00261	35	not assigned
VIT_19s0014g03390	Vitvi19g00278	35	not assigned
VIT_19s0014g03460	Vitvi19g00286	35	not assigned
VIT_19s0014g03610	Vitvi19g01906	35	not assigned
VIT_19s0014g03650	Vitvi19g01909	35	not assigned
VIT_19s0014g03730	Vitvi19g01911	35	not assigned
VIT_19s0014g03750	Vitvi19g01912	35	not assigned
VIT_19s0014g03810	Vitvi19g01917	35	not assigned
VIT_19s0014g04650	Vitvi19g00364	35	not assigned
VIT_19s0014g04720	Vitvi19g01972	35	not assigned
VIT_19s0014g04780	Vitvi19g00377	35	not assigned
VIT_19s0014g05180	Vitvi19g01984	35	not assigned
VIT_19s0014g05330	Vitvi19g00423	35	not assigned
VIT_19s0014g05360	Vitvi19g01988	35	not assigned
VIT_19s0014g05370	Vitvi19g01989	35	not assigned
VIT_19s0015g00540	Vitvi19g02065	35	not assigned
VIT_19s0015g00710	Vitvi19g00697	35	not assigned
VIT_19s0015g01080	Vitvi19g02079	35	not assigned
VIT_19s0015g01250	Vitvi19g02084	35	not assigned
VIT_19s0015g01310	Vitvi19g00761	35	not assigned
VIT_19s0015g01410	Vitvi19g02086	35	not assigned
VIT_19s0015g01900	Vitvi19g00929	35	not assigned
VIT_19s0027g01060	Vitvi19g01581	35	not assigned
VIT_19s0027g01070	Vitvi19g02282	35	not assigned
VIT_19s0027g01810	Vitvi19g02320	35	not assigned
VIT_19s0085g00010	Vitvi19g01665	35	not assigned
VIT_19s0085g00460	Vitvi19g01699	35	not assigned
VIT_19s0085g00470	Vitvi19g02342	35	not assigned
VIT_19s0085g00660	Vitvi19g02349	35	not assigned
VIT_19s0085g01050	Vitvi19g01760	35	not assigned
VIT_19s0085g01170	Vitvi19g02356	35	not assigned
VIT_19s0090g00330	Vitvi19g02011	35	not assigned
VIT_19s0090g00710	Vitvi19g00520	35	not assigned
VIT_19s0090g00960	Vitvi19g02032	35	not assigned
VIT_19s0090g01040	Vitvi19g00554	35	not assigned
VIT_19s0090g01340	Vitvi19g00581	35	not assigned
VIT_19s0090g01350	Vitvi19g02038	35	not assigned
VIT_19s0090g01360	Vitvi19g02039	35	not assigned
VIT_19s0090g01370	Vitvi19g02040	35	not assigned
VIT_19s0090g01380	Vitvi19g02041	35	not assigned
VIT_19s0090g01470	Vitvi19g00591	35	not assigned
VIT_19s0090g01490	Vitvi19g00596	35	not assigned
VIT_19s0135g00300	Vitvi19g02208	35	not assigned
VIT_19s0140g00090	Vitvi19g02228	35	not assigned
VIT_19s0177g00090	Vitvi19g00435	35	not assigned
VIT_19s0177g00110	Vitvi19g01996	35	not assigned
VIT_19s0177g00200	Vitvi19g00445	35	not assigned
VIT_19s0177g00230	Vitvi19g02000	35	not assigned
VIT_19s0177g00280	Vitvi19g02002	35	not assigned
VIT_00s0160g00110	Vitvi07g02832	35.1	not assigned.annotated
VIT_00s0194g00010	Vitvi10g00215	35.1	not assigned.annotated
VIT_00s0211g00160	Vitvi07g02610	35.1	not assigned.annotated
VIT_00s0214g00090	Vitvi04g01100	35.1	not assigned.annotated
VIT_00s0227g00200	Vitvi07g02490	35.1	not assigned.annotated
VIT_00s0229g00100	Vitvi02g00565	35.1	not assigned.annotated
VIT_00s0253g00080	Vitvi07g02517	35.1	not assigned.annotated
VIT_00s0253g00100	Vitvi07g02515	35.1	not assigned.annotated
VIT_00s0253g00140	Vitvi07g01300	35.1	not assigned.annotated
VIT_00s0270g00120	Vitvi04g00798	35.1	not assigned.annotated
VIT_00s0274g00080	Vitvi10g01734	35.1	not assigned.annotated
VIT_00s0274g00090	Vitvi10g01735	35.1	not assigned.annotated
VIT_00s0304g00070	Vitvi07g01364	35.1	not assigned.annotated
VIT_00s0323g00050	Vitvi02g00499	35.1	not assigned.annotated
VIT_00s0323g00060	Vitvi02g00500	35.1	not assigned.annotated
VIT_00s0323g00070	Vitvi02g00501	35.1	not assigned.annotated
VIT_00s0347g00040	Vitvi10g02327	35.1	not assigned.annotated
VIT_00s0357g00100	Vitvi07g01351	35.1	not assigned.annotated
VIT_00s0386g00050	Vitvi07g03060	35.1	not assigned.annotated
VIT_00s0414g00030	Vitvi10g02288	35.1	not assigned.annotated
VIT_00s0480g00040	Vitvi10g02335	35.1	not assigned.annotated
VIT_00s0625g00030	Vitvi07g03052	35.1	not assigned.annotated
VIT_00s0733g00010	Vitvi00g00903	35.1	not assigned.annotated
VIT_00s0975g00020	Vitvi10g02373	35.1	not assigned.annotated
VIT_00s1290g00010	Vitvi04g02300	35.1	not assigned.annotated
VIT_00s1682g00010	Vitvi00g01183	35.1	not assigned.annotated
VIT_00s1916g00010	Vitvi07g03146	35.1	not assigned.annotated
VIT_00s1937g00010	Vitvi02g01833	35.1	not assigned.annotated
VIT_00s2255g00010	Vitvi10g02411	35.1	not assigned.annotated
VIT_00s2497g00010	Vitvi19g02395	35.1	not assigned.annotated
VIT_00s2739g00010	Vitvi07g01528	35.1	not assigned.annotated
VIT_01s0010g00510	Vitvi01g01282	35.1	not assigned.annotated
VIT_01s0010g00940	Vitvi01g01345	35.1	not assigned.annotated
VIT_01s0010g01240	Vitvi01g02188	35.1	not assigned.annotated
VIT_01s0010g01570	Vitvi01g01429	35.1	not assigned.annotated
VIT_01s0010g01870	Vitvi01g01460	35.1	not assigned.annotated
VIT_01s0010g02290	Vitvi01g01512	35.1	not assigned.annotated
VIT_01s0010g02930	Vitvi01g02228	35.1	not assigned.annotated
VIT_01s0010g02940	Vitvi01g02229	35.1	not assigned.annotated
VIT_01s0011g00120	Vitvi01g00012	35.1	not assigned.annotated
VIT_01s0011g02470	Vitvi01g00198	35.1	not assigned.annotated
VIT_01s0011g02840	Vitvi01g00222	35.1	not assigned.annotated
VIT_01s0011g04080	Vitvi01g00337	35.1	not assigned.annotated
VIT_01s0011g05060	Vitvi01g00433	35.1	not assigned.annotated
VIT_01s0011g05110	Vitvi01g01976	35.1	not assigned.annotated
VIT_01s0011g05120	Vitvi01g01977	35.1	not assigned.annotated
VIT_01s0011g05140	Vitvi01g01978	35.1	not assigned.annotated
VIT_01s0011g05150	Vitvi01g01979	35.1	not assigned.annotated
VIT_01s0011g05170	Vitvi01g01980	35.1	not assigned.annotated
VIT_01s0011g05180	Vitvi01g01981	35.1	not assigned.annotated
VIT_01s0011g05190	Vitvi01g01982	35.1	not assigned.annotated
VIT_01s0011g05390	Vitvi01g00457	35.1	not assigned.annotated
VIT_01s0011g05450	Vitvi01g00463	35.1	not assigned.annotated
VIT_01s0011g05470	Vitvi01g00465	35.1	not assigned.annotated
VIT_01s0011g05670	Vitvi01g00483	35.1	not assigned.annotated
VIT_01s0011g06050	Vitvi01g00518	35.1	not assigned.annotated
VIT_01s0011g06290	Vitvi01g00539	35.1	not assigned.annotated
VIT_01s0011g06330	Vitvi01g00543	35.1	not assigned.annotated
VIT_01s0026g00350	Vitvi01g00801	35.1	not assigned.annotated
VIT_01s0026g00570	Vitvi01g00816	35.1	not assigned.annotated
VIT_01s0026g00880	Vitvi01g00849	35.1	not assigned.annotated
VIT_01s0026g01020	Vitvi01g00864	35.1	not assigned.annotated
VIT_01s0026g01790	Vitvi01g00945	35.1	not assigned.annotated
VIT_01s0026g02190	Vitvi01g00979	35.1	not assigned.annotated
VIT_01s0026g02270	Vitvi01g00989	35.1	not assigned.annotated
VIT_01s0026g02540	Vitvi01g01023	35.1	not assigned.annotated
VIT_01s0127g00540	Vitvi01g02057	35.1	not assigned.annotated
VIT_01s0127g00680	Vitvi01g00729	35.1	not assigned.annotated
VIT_01s0127g00740	Vitvi01g00738	35.1	not assigned.annotated
VIT_01s0137g00290	Vitvi01g00598	35.1	not assigned.annotated
VIT_01s0137g00430	Vitvi01g02024	35.1	not assigned.annotated
VIT_01s0150g00280	Vitvi01g01789	35.1	not assigned.annotated
VIT_01s0150g00300	Vitvi01g01791	35.1	not assigned.annotated
VIT_02s0012g00500	Vitvi02g01481	35.1	not assigned.annotated
VIT_02s0012g00660	Vitvi02g01486	35.1	not assigned.annotated
VIT_02s0012g00980	Vitvi02g00665	35.1	not assigned.annotated
VIT_02s0025g00500	Vitvi02g00046	35.1	not assigned.annotated
VIT_02s0025g01260	Vitvi02g00112	35.1	not assigned.annotated
VIT_02s0025g01380	Vitvi02g00125	35.1	not assigned.annotated
VIT_02s0025g02410	Vitvi02g00211	35.1	not assigned.annotated
VIT_02s0025g02600	Vitvi02g00230	35.1	not assigned.annotated
VIT_02s0025g03730	Vitvi02g00344	35.1	not assigned.annotated
VIT_02s0025g04230	Vitvi02g00391	35.1	not assigned.annotated
VIT_02s0025g04250	Vitvi02g00393	35.1	not assigned.annotated
VIT_02s0025g04260	Vitvi02g01403	35.1	not assigned.annotated
VIT_02s0025g04270	Vitvi02g01404	35.1	not assigned.annotated
VIT_02s0025g04280	Vitvi02g01405	35.1	not assigned.annotated
VIT_02s0025g04300	Vitvi02g01406	35.1	not assigned.annotated
VIT_02s0025g04330	Vitvi02g01408	35.1	not assigned.annotated
VIT_02s0025g04340	Vitvi02g01409	35.1	not assigned.annotated
VIT_02s0025g04550	Vitvi02g00416	35.1	not assigned.annotated
VIT_02s0033g01120	Vitvi02g01143	35.1	not assigned.annotated
VIT_02s0033g01330	Vitvi02g01171	35.1	not assigned.annotated
VIT_02s0087g00630	Vitvi02g01264	35.1	not assigned.annotated
VIT_02s0154g00040	Vitvi02g00509	35.1	not assigned.annotated
VIT_02s0154g00250	Vitvi02g01436	35.1	not assigned.annotated
VIT_02s0154g00310	Vitvi02g00531	35.1	not assigned.annotated
VIT_02s0154g00320	Vitvi02g00532	35.1	not assigned.annotated
VIT_03s0017g01210	Vitvi03g01169	35.1	not assigned.annotated
VIT_03s0017g02260	Vitvi03g01872	35.1	not assigned.annotated
VIT_03s0038g00220	Vitvi03g00015	35.1	not assigned.annotated
VIT_03s0038g00440	Vitvi03g00999	35.1	not assigned.annotated
VIT_03s0038g01050	Vitvi03g01016	35.1	not assigned.annotated
VIT_03s0038g01090	Vitvi03g01348	35.1	not assigned.annotated
VIT_03s0038g01110	Vitvi03g01350	35.1	not assigned.annotated
VIT_03s0038g01150	Vitvi03g01356	35.1	not assigned.annotated
VIT_03s0038g01830	Vitvi03g01388	35.1	not assigned.annotated
VIT_03s0038g02010	Vitvi03g01392	35.1	not assigned.annotated
VIT_03s0038g02110	Vitvi03g00119	35.1	not assigned.annotated
VIT_03s0038g02170	Vitvi03g00124	35.1	not assigned.annotated
VIT_03s0038g03130	Vitvi03g01426	35.1	not assigned.annotated
VIT_03s0038g03240	Vitvi03g00202	35.1	not assigned.annotated
VIT_03s0038g03400	Vitvi03g00206	35.1	not assigned.annotated
VIT_03s0038g03660	Vitvi03g00227	35.1	not assigned.annotated
VIT_03s0038g03860	Vitvi03g00242	35.1	not assigned.annotated
VIT_03s0038g04110	Vitvi03g00263	35.1	not assigned.annotated
VIT_03s0063g00010	Vitvi03g00537	35.1	not assigned.annotated
VIT_03s0063g00030	Vitvi03g00535	35.1	not assigned.annotated
VIT_03s0063g00120	Vitvi03g00527	35.1	not assigned.annotated
VIT_03s0063g00180	Vitvi03g00519	35.1	not assigned.annotated
VIT_03s0063g00800	Vitvi03g01553	35.1	not assigned.annotated
VIT_03s0063g00810	Vitvi03g00481	35.1	not assigned.annotated
VIT_03s0063g01960	Vitvi03g01517	35.1	not assigned.annotated
VIT_03s0063g01970	Vitvi03g00379	35.1	not assigned.annotated
VIT_03s0063g02340	Vitvi03g00352	35.1	not assigned.annotated
VIT_03s0063g02380	Vitvi03g01500	35.1	not assigned.annotated
VIT_03s0088g00210	Vitvi03g01631	35.1	not assigned.annotated
VIT_03s0088g00320	Vitvi03g00717	35.1	not assigned.annotated
VIT_03s0088g00570	Vitvi03g01646	35.1	not assigned.annotated
VIT_03s0088g00700	Vitvi03g01650	35.1	not assigned.annotated
VIT_03s0088g00710	Vitvi03g01651	35.1	not assigned.annotated
VIT_03s0088g00810	Vitvi03g00752	35.1	not assigned.annotated
VIT_03s0091g00450	Vitvi03g00601	35.1	not assigned.annotated
VIT_03s0091g01130	Vitvi03g01614	35.1	not assigned.annotated
VIT_03s0132g00100	Vitvi03g01723	35.1	not assigned.annotated
VIT_03s0167g00220	Vitvi03g00923	35.1	not assigned.annotated
VIT_03s0180g00070	Vitvi03g00545	35.1	not assigned.annotated
VIT_03s0180g00090	Vitvi03g00548	35.1	not assigned.annotated
VIT_03s0180g00140	Vitvi03g00552	35.1	not assigned.annotated
VIT_04s0008g01070	Vitvi04g00088	35.1	not assigned.annotated
VIT_04s0008g01380	Vitvi04g00121	35.1	not assigned.annotated
VIT_04s0008g01700	Vitvi04g00145	35.1	not assigned.annotated
VIT_04s0008g02640	Vitvi04g00229	35.1	not assigned.annotated
VIT_04s0008g02670	Vitvi04g00232	35.1	not assigned.annotated
VIT_04s0008g03950	Vitvi04g00342	35.1	not assigned.annotated
VIT_04s0008g04020	Vitvi04g01863	35.1	not assigned.annotated
VIT_04s0008g04050	Vitvi04g00350	35.1	not assigned.annotated
VIT_04s0008g04060	Vitvi04g00352	35.1	not assigned.annotated
VIT_04s0008g04160	Vitvi04g00357	35.1	not assigned.annotated
VIT_04s0008g04240	Vitvi04g00366	35.1	not assigned.annotated
VIT_04s0008g05120	Vitvi04g00454	35.1	not assigned.annotated
VIT_04s0008g05640	Vitvi04g00501	35.1	not assigned.annotated
VIT_04s0008g05830	Vitvi04g00517	35.1	not assigned.annotated
VIT_04s0023g00580	Vitvi04g02075	35.1	not assigned.annotated
VIT_04s0023g01140	Vitvi04g01224	35.1	not assigned.annotated
VIT_04s0023g03230	Vitvi04g01441	35.1	not assigned.annotated
VIT_04s0023g03540	Vitvi04g01470	35.1	not assigned.annotated
VIT_04s0023g03550	Vitvi04g01471	35.1	not assigned.annotated
VIT_04s0023g03610	Vitvi04g01475	35.1	not assigned.annotated
VIT_04s0043g00690	Vitvi04g01011	35.1	not assigned.annotated
VIT_04s0044g00220	Vitvi04g02205	35.1	not assigned.annotated
VIT_04s0044g00530	Vitvi04g01608	35.1	not assigned.annotated
VIT_04s0044g01100	Vitvi04g01666	35.1	not assigned.annotated
VIT_04s0044g01300	Vitvi04g01692	35.1	not assigned.annotated
VIT_04s0069g01010	Vitvi04g00764	35.1	not assigned.annotated
VIT_05s0020g01420	Vitvi05g00310	35.1	not assigned.annotated
VIT_05s0020g01820	Vitvi05g00349	35.1	not assigned.annotated
VIT_05s0020g02690	Vitvi05g00426	35.1	not assigned.annotated
VIT_05s0020g02890	Vitvi05g01879	35.1	not assigned.annotated
VIT_05s0020g03130	Vitvi05g00467	35.1	not assigned.annotated
VIT_05s0020g03490	Vitvi05g00505	35.1	not assigned.annotated
VIT_05s0020g04420	Vitvi05g00605	35.1	not assigned.annotated
VIT_05s0020g04690	Vitvi05g00630	35.1	not assigned.annotated
VIT_05s0020g05000	Vitvi05g01910	35.1	not assigned.annotated
VIT_05s0020g05020	Vitvi05g01911	35.1	not assigned.annotated
VIT_05s0029g00370	Vitvi05g02049	35.1	not assigned.annotated
VIT_05s0029g01000	Vitvi05g02074	35.1	not assigned.annotated
VIT_05s0049g00010	Vitvi05g00676	35.1	not assigned.annotated
VIT_05s0049g01130	Vitvi05g00752	35.1	not assigned.annotated
VIT_05s0049g01180	Vitvi05g00759	35.1	not assigned.annotated
VIT_05s0049g02240	Vitvi05g00857	35.1	not assigned.annotated
VIT_05s0062g00810	Vitvi05g01310	35.1	not assigned.annotated
VIT_05s0062g01190	Vitvi05g01357	35.1	not assigned.annotated
VIT_05s0062g01360	Vitvi05g02124	35.1	not assigned.annotated
VIT_05s0077g00170	Vitvi05g01805	35.1	not assigned.annotated
VIT_05s0077g01300	Vitvi05g01769	35.1	not assigned.annotated
VIT_05s0077g01530	Vitvi05g01760	35.1	not assigned.annotated
VIT_05s0077g01540	Vitvi05g00072	35.1	not assigned.annotated
VIT_05s0077g01550	Vitvi05g01759	35.1	not assigned.annotated
VIT_05s0077g01580	Vitvi05g01756	35.1	not assigned.annotated
VIT_05s0077g01650	Vitvi05g01752	35.1	not assigned.annotated
VIT_05s0077g01670	Vitvi05g00067	35.1	not assigned.annotated
VIT_05s0077g02230	Vitvi05g01737	35.1	not assigned.annotated
VIT_05s0094g00300	Vitvi05g01580	35.1	not assigned.annotated
VIT_05s0094g00340	Vitvi05g01583	35.1	not assigned.annotated
VIT_05s0094g00350	Vitvi05g02250	35.1	not assigned.annotated
VIT_05s0094g00360	Vitvi05g02251	35.1	not assigned.annotated
VIT_05s0094g01570	Vitvi05g01702	35.1	not assigned.annotated
VIT_05s0102g00450	Vitvi05g01500	35.1	not assigned.annotated
VIT_05s0124g00530	Vitvi05g02138	35.1	not assigned.annotated
VIT_06s0004g00980	Vitvi06g01596	35.1	not assigned.annotated
VIT_06s0004g00990	Vitvi06g01597	35.1	not assigned.annotated
VIT_06s0004g01010	Vitvi06g01599	35.1	not assigned.annotated
VIT_06s0004g01030	Vitvi06g01604	35.1	not assigned.annotated
VIT_06s0004g01750	Vitvi06g00182	35.1	not assigned.annotated
VIT_06s0004g02370	Vitvi06g00233	35.1	not assigned.annotated
VIT_06s0004g02380	Vitvi06g01644	35.1	not assigned.annotated
VIT_06s0004g02560	Vitvi06g01649	35.1	not assigned.annotated
VIT_06s0004g03260	Vitvi06g00323	35.1	not assigned.annotated
VIT_06s0004g04310	Vitvi06g01689	35.1	not assigned.annotated
VIT_06s0004g04320	Vitvi06g01690	35.1	not assigned.annotated
VIT_06s0004g04700	Vitvi06g00465	35.1	not assigned.annotated
VIT_06s0004g05910	Vitvi06g00575	35.1	not assigned.annotated
VIT_06s0004g07090	Vitvi06g00695	35.1	not assigned.annotated
VIT_06s0004g07550	Vitvi06g00745	35.1	not assigned.annotated
VIT_06s0004g07770	Vitvi06g00771	35.1	not assigned.annotated
VIT_06s0009g00980	Vitvi06g00984	35.1	not assigned.annotated
VIT_06s0009g01770	Vitvi06g01839	35.1	not assigned.annotated
VIT_06s0061g00280	Vitvi06g01297	35.1	not assigned.annotated
VIT_06s0061g00440	Vitvi06g01315	35.1	not assigned.annotated
VIT_06s0061g00710	Vitvi06g01344	35.1	not assigned.annotated
VIT_06s0061g01380	Vitvi06g01410	35.1	not assigned.annotated
VIT_06s0080g00150	Vitvi06g01459	35.1	not assigned.annotated
VIT_07s0005g00090	Vitvi07g00293	35.1	not assigned.annotated
VIT_07s0005g00280	Vitvi07g00313	35.1	not assigned.annotated
VIT_07s0005g00530	Vitvi07g02204	35.1	not assigned.annotated
VIT_07s0005g00830	Vitvi07g00358	35.1	not assigned.annotated
VIT_07s0005g00870	Vitvi07g00361	35.1	not assigned.annotated
VIT_07s0005g03400	Vitvi07g00605	35.1	not assigned.annotated
VIT_07s0005g03410	Vitvi07g02268	35.1	not assigned.annotated
VIT_07s0005g03420	Vitvi07g02269	35.1	not assigned.annotated
VIT_07s0005g04130	Vitvi07g00667	35.1	not assigned.annotated
VIT_07s0005g06200	Vitvi07g00890	35.1	not assigned.annotated
VIT_07s0031g00650	Vitvi07g02666	35.1	not assigned.annotated
VIT_07s0031g01160	Vitvi07g01794	35.1	not assigned.annotated
VIT_07s0031g03000	Vitvi07g01982	35.1	not assigned.annotated
VIT_07s0031g03220	Vitvi07g02006	35.1	not assigned.annotated
VIT_07s0095g00550	Vitvi07g02402	35.1	not assigned.annotated
VIT_07s0104g00410	Vitvi07g02143	35.1	not assigned.annotated
VIT_07s0104g00420	Vitvi07g02144	35.1	not assigned.annotated
VIT_07s0104g00730	Vitvi07g00198	35.1	not assigned.annotated
VIT_07s0129g00100	Vitvi07g01587	35.1	not assigned.annotated
VIT_07s0129g00120	Vitvi07g02632	35.1	not assigned.annotated
VIT_07s0129g00250	Vitvi07g01603	35.1	not assigned.annotated
VIT_07s0141g00720	Vitvi07g02455	35.1	not assigned.annotated
VIT_07s0151g00640	Vitvi07g02127	35.1	not assigned.annotated
VIT_07s0205g00070	Vitvi07g01539	35.1	not assigned.annotated
VIT_08s0007g00980	Vitvi08g01257	35.1	not assigned.annotated
VIT_08s0007g01300	Vitvi08g01276	35.1	not assigned.annotated
VIT_08s0007g01650	Vitvi08g01308	35.1	not assigned.annotated
VIT_08s0007g01930	Vitvi08g01337	35.1	not assigned.annotated
VIT_08s0007g02360	Vitvi08g01377	35.1	not assigned.annotated
VIT_08s0007g03630	Vitvi08g01484	35.1	not assigned.annotated
VIT_08s0007g03670	Vitvi08g01488	35.1	not assigned.annotated
VIT_08s0007g04240	Vitvi08g01547	35.1	not assigned.annotated
VIT_08s0007g05530	Vitvi08g01668	35.1	not assigned.annotated
VIT_08s0007g06170	Vitvi08g01711	35.1	not assigned.annotated
VIT_08s0007g06200	Vitvi08g01714	35.1	not assigned.annotated
VIT_08s0007g06950	Vitvi08g02359	35.1	not assigned.annotated
VIT_08s0007g06960	Vitvi08g02360	35.1	not assigned.annotated
VIT_08s0007g07000	Vitvi08g01777	35.1	not assigned.annotated
VIT_08s0007g08840	Vitvi08g01940	35.1	not assigned.annotated
VIT_08s0040g00130	Vitvi08g00886	35.1	not assigned.annotated
VIT_08s0040g00540	Vitvi08g00916	35.1	not assigned.annotated
VIT_08s0040g01200	Vitvi08g00973	35.1	not assigned.annotated
VIT_08s0040g03400	Vitvi08g01168	35.1	not assigned.annotated
VIT_08s0058g00350	Vitvi08g00754	35.1	not assigned.annotated
VIT_08s0058g00640	Vitvi08g00788	35.1	not assigned.annotated
VIT_08s0058g01210	Vitvi08g00853	35.1	not assigned.annotated
VIT_09s0002g00540	Vitvi09g00038	35.1	not assigned.annotated
VIT_09s0002g00550	Vitvi09g00039	35.1	not assigned.annotated
VIT_09s0002g00570	Vitvi09g00040	35.1	not assigned.annotated
VIT_09s0002g00580	Vitvi09g00041	35.1	not assigned.annotated
VIT_09s0002g00650	Vitvi09g00046	35.1	not assigned.annotated
VIT_09s0002g03140	Vitvi09g00264	35.1	not assigned.annotated
VIT_09s0002g03460	Vitvi09g00285	35.1	not assigned.annotated
VIT_09s0002g03860	Vitvi09g01588	35.1	not assigned.annotated
VIT_09s0002g04080	Vitvi09g00336	35.1	not assigned.annotated
VIT_09s0002g04280	Vitvi09g00355	35.1	not assigned.annotated
VIT_09s0002g04360	Vitvi09g01601	35.1	not assigned.annotated
VIT_09s0002g05150	Vitvi09g00436	35.1	not assigned.annotated
VIT_09s0002g05320	Vitvi09g00454	35.1	not assigned.annotated
VIT_09s0002g05700	Vitvi09g00488	35.1	not assigned.annotated
VIT_09s0002g06680	Vitvi09g00590	35.1	not assigned.annotated
VIT_09s0002g06920	Vitvi09g00610	35.1	not assigned.annotated
VIT_09s0002g07920	Vitvi09g00696	35.1	not assigned.annotated
VIT_09s0018g00520	Vitvi09g01155	35.1	not assigned.annotated
VIT_09s0018g00820	Vitvi09g01868	35.1	not assigned.annotated
VIT_09s0054g00070	Vitvi09g01325	35.1	not assigned.annotated
VIT_09s0054g00150	Vitvi09g01940	35.1	not assigned.annotated
VIT_10s0003g00090	Vitvi10g00485	35.1	not assigned.annotated
VIT_10s0003g00410	Vitvi10g00509	35.1	not assigned.annotated
VIT_10s0003g00620	Vitvi10g00524	35.1	not assigned.annotated
VIT_10s0003g01070	Vitvi10g00564	35.1	not assigned.annotated
VIT_10s0003g01280	Vitvi10g00583	35.1	not assigned.annotated
VIT_10s0003g01690	Vitvi10g00626	35.1	not assigned.annotated
VIT_10s0003g02040	Vitvi10g00660	35.1	not assigned.annotated
VIT_10s0003g02110	Vitvi10g00668	35.1	not assigned.annotated
VIT_10s0003g02120	Vitvi10g00669	35.1	not assigned.annotated
VIT_10s0003g04480	Vitvi10g00889	35.1	not assigned.annotated
VIT_10s0003g04490	Vitvi10g00892	35.1	not assigned.annotated
VIT_10s0003g04950	Vitvi10g01915	35.1	not assigned.annotated
VIT_10s0003g05480	Vitvi10g01035	35.1	not assigned.annotated
VIT_10s0116g00050	Vitvi10g00118	35.1	not assigned.annotated
VIT_10s0116g00290	Vitvi10g00126	35.1	not assigned.annotated
VIT_10s0116g00570	Vitvi10g00030	35.1	not assigned.annotated
VIT_10s0116g01340	Vitvi10g01989	35.1	not assigned.annotated
VIT_10s0116g01780	Vitvi10g00100	35.1	not assigned.annotated
VIT_10s0597g00010	Vitvi10g00474	35.1	not assigned.annotated
VIT_11s0016g00500	Vitvi11g00033	35.1	not assigned.annotated
VIT_11s0016g00590	Vitvi11g00040	35.1	not assigned.annotated
VIT_11s0016g01220	Vitvi11g00089	35.1	not assigned.annotated
VIT_11s0016g01810	Vitvi11g00140	35.1	not assigned.annotated
VIT_11s0016g02900	Vitvi11g00243	35.1	not assigned.annotated
VIT_11s0016g03140	Vitvi11g00267	35.1	not assigned.annotated
VIT_11s0016g03370	Vitvi11g01394	35.1	not assigned.annotated
VIT_11s0016g03540	Vitvi11g00301	35.1	not assigned.annotated
VIT_11s0016g03580	Vitvi11g00304	35.1	not assigned.annotated
VIT_11s0016g04080	Vitvi11g00351	35.1	not assigned.annotated
VIT_11s0016g04920	Vitvi11g01427	35.1	not assigned.annotated
VIT_11s0016g05520	Vitvi11g01445	35.1	not assigned.annotated
VIT_11s0016g05540	Vitvi11g00486	35.1	not assigned.annotated
VIT_11s0016g05840	Vitvi11g00518	35.1	not assigned.annotated
VIT_11s0037g00290	Vitvi11g00708	35.1	not assigned.annotated
VIT_11s0037g01430	Vitvi11g01544	35.1	not assigned.annotated
VIT_11s0052g00630	Vitvi11g01650	35.1	not assigned.annotated
VIT_11s0052g00970	Vitvi11g01243	35.1	not assigned.annotated
VIT_11s0052g01650	Vitvi11g01295	35.1	not assigned.annotated
VIT_11s0052g01680	Vitvi11g01696	35.1	not assigned.annotated
VIT_11s0065g00990	Vitvi11g01577	35.1	not assigned.annotated
VIT_11s0103g00110	Vitvi11g01605	35.1	not assigned.annotated
VIT_11s0118g00420	Vitvi11g01463	35.1	not assigned.annotated
VIT_12s0028g00980	Vitvi12g02204	35.1	not assigned.annotated
VIT_12s0028g01180	Vitvi12g00103	35.1	not assigned.annotated
VIT_12s0028g02160	Vitvi12g00183	35.1	not assigned.annotated
VIT_12s0028g02440	Vitvi12g00209	35.1	not assigned.annotated
VIT_12s0034g01140	Vitvi12g01813	35.1	not assigned.annotated
VIT_12s0034g01160	Vitvi12g01815	35.1	not assigned.annotated
VIT_12s0034g01180	Vitvi12g01818	35.1	not assigned.annotated
VIT_12s0034g01870	Vitvi12g01874	35.1	not assigned.annotated
VIT_12s0034g01890	Vitvi12g01876	35.1	not assigned.annotated
VIT_12s0034g01910	Vitvi12g01877	35.1	not assigned.annotated
VIT_12s0034g01950	Vitvi12g02659	35.1	not assigned.annotated
VIT_12s0034g01970	Vitvi12g01880	35.1	not assigned.annotated
VIT_12s0035g00010	Vitvi12g02685	35.1	not assigned.annotated
VIT_12s0035g00340	Vitvi12g01975	35.1	not assigned.annotated
VIT_12s0035g00380	Vitvi12g01979	35.1	not assigned.annotated
VIT_12s0055g00810	Vitvi12g01624	35.1	not assigned.annotated
VIT_12s0057g00200	Vitvi12g00638	35.1	not assigned.annotated
VIT_12s0057g00310	Vitvi12g02472	35.1	not assigned.annotated
VIT_12s0057g00420	Vitvi12g00649	35.1	not assigned.annotated
VIT_12s0057g00700	Vitvi12g00686	35.1	not assigned.annotated
VIT_12s0057g01110	Vitvi12g02499	35.1	not assigned.annotated
VIT_12s0059g00050	Vitvi12g02324	35.1	not assigned.annotated
VIT_12s0059g01120	Vitvi12g00414	35.1	not assigned.annotated
VIT_12s0059g01590	Vitvi12g00456	35.1	not assigned.annotated
VIT_12s0059g02320	Vitvi12g02414	35.1	not assigned.annotated
VIT_12s0059g02510	Vitvi12g00543	35.1	not assigned.annotated
VIT_12s0134g00240	Vitvi12g00594	35.1	not assigned.annotated
VIT_12s0134g00560	Vitvi12g00631	35.1	not assigned.annotated
VIT_12s0134g00590	Vitvi12g02444	35.1	not assigned.annotated
VIT_12s0134g00650	Vitvi12g02451	35.1	not assigned.annotated
VIT_12s0142g00110	Vitvi12g00913	35.1	not assigned.annotated
VIT_13s0019g00240	Vitvi13g00248	35.1	not assigned.annotated
VIT_13s0019g00420	Vitvi13g00258	35.1	not assigned.annotated
VIT_13s0019g00730	Vitvi13g01537	35.1	not assigned.annotated
VIT_13s0019g00740	Vitvi13g00275	35.1	not assigned.annotated
VIT_13s0019g00750	Vitvi13g02416	35.1	not assigned.annotated
VIT_13s0019g01020	Vitvi13g01970	35.1	not assigned.annotated
VIT_13s0047g01030	Vitvi13g02243	35.1	not assigned.annotated
VIT_13s0047g01040	Vitvi13g01214	35.1	not assigned.annotated
VIT_13s0064g01080	Vitvi13g01749	35.1	not assigned.annotated
VIT_13s0064g01260	Vitvi13g01760	35.1	not assigned.annotated
VIT_13s0064g01510	Vitvi13g01783	35.1	not assigned.annotated
VIT_13s0067g00260	Vitvi13g00015	35.1	not assigned.annotated
VIT_13s0067g00560	Vitvi13g01302	35.1	not assigned.annotated
VIT_13s0067g00620	Vitvi13g01298	35.1	not assigned.annotated
VIT_13s0067g02040	Vitvi13g02260	35.1	not assigned.annotated
VIT_13s0073g00590	Vitvi13g01054	35.1	not assigned.annotated
VIT_13s0074g00110	Vitvi13g00716	35.1	not assigned.annotated
VIT_13s0106g00120	Vitvi13g02117	35.1	not assigned.annotated
VIT_13s0106g00250	Vitvi13g00829	35.1	not assigned.annotated
VIT_13s0106g00720	Vitvi13g00879	35.1	not assigned.annotated
VIT_13s0158g00290	Vitvi13g01616	35.1	not assigned.annotated
VIT_14s0006g00300	Vitvi14g00786	35.1	not assigned.annotated
VIT_14s0030g00260	Vitvi14g00310	35.1	not assigned.annotated
VIT_14s0030g00930	Vitvi14g02615	35.1	not assigned.annotated
VIT_14s0030g01790	Vitvi14g00427	35.1	not assigned.annotated
VIT_14s0030g02310	Vitvi14g00483	35.1	not assigned.annotated
VIT_14s0060g00990	Vitvi14g00080	35.1	not assigned.annotated
VIT_14s0060g01530	Vitvi14g00124	35.1	not assigned.annotated
VIT_14s0060g01980	Vitvi14g00156	35.1	not assigned.annotated
VIT_14s0060g02000	Vitvi14g02502	35.1	not assigned.annotated
VIT_14s0060g02730	Vitvi14g02530	35.1	not assigned.annotated
VIT_14s0066g00120	Vitvi14g02997	35.1	not assigned.annotated
VIT_14s0066g00250	Vitvi14g01665	35.1	not assigned.annotated
VIT_14s0066g00400	Vitvi14g01683	35.1	not assigned.annotated
VIT_14s0066g01710	Vitvi14g01811	35.1	not assigned.annotated
VIT_14s0066g01840	Vitvi14g03033	35.1	not assigned.annotated
VIT_14s0066g01850	Vitvi14g01821	35.1	not assigned.annotated
VIT_14s0066g02060	Vitvi14g03041	35.1	not assigned.annotated
VIT_14s0068g01360	Vitvi14g01485	35.1	not assigned.annotated
VIT_14s0068g01400	Vitvi14g01489	35.1	not assigned.annotated
VIT_14s0068g02150	Vitvi14g01555	35.1	not assigned.annotated
VIT_14s0081g00010	Vitvi14g00484	35.1	not assigned.annotated
VIT_14s0081g00020	Vitvi14g00485	35.1	not assigned.annotated
VIT_14s0081g00030	Vitvi14g00487	35.1	not assigned.annotated
VIT_14s0083g00400	Vitvi14g01272	35.1	not assigned.annotated
VIT_14s0108g00520	Vitvi14g01937	35.1	not assigned.annotated
VIT_14s0108g01000	Vitvi14g01975	35.1	not assigned.annotated
VIT_14s0108g01320	Vitvi14g02010	35.1	not assigned.annotated
VIT_14s0128g00190	Vitvi14g00270	35.1	not assigned.annotated
VIT_14s0128g00570	Vitvi14g02553	35.1	not assigned.annotated
VIT_14s0171g00100	Vitvi14g01568	35.1	not assigned.annotated
VIT_14s0171g00150	Vitvi14g01573	35.1	not assigned.annotated
VIT_14s0219g00040	Vitvi14g01614	35.1	not assigned.annotated
VIT_14s0219g00210	Vitvi14g01633	35.1	not assigned.annotated
VIT_15s0021g00540	Vitvi15g00459	35.1	not assigned.annotated
VIT_15s0021g02700	Vitvi15g00643	35.1	not assigned.annotated
VIT_15s0045g00040	Vitvi15g01323	35.1	not assigned.annotated
VIT_15s0046g01170	Vitvi15g01007	35.1	not assigned.annotated
VIT_15s0046g01450	Vitvi15g01028	35.1	not assigned.annotated
VIT_15s0046g01560	Vitvi15g01034	35.1	not assigned.annotated
VIT_15s0046g01570	Vitvi15g01035	35.1	not assigned.annotated
VIT_15s0046g01610	Vitvi15g01044	35.1	not assigned.annotated
VIT_15s0046g01990	Vitvi15g01075	35.1	not assigned.annotated
VIT_15s0046g02110	Vitvi15g01084	35.1	not assigned.annotated
VIT_15s0046g02750	Vitvi15g01663	35.1	not assigned.annotated
VIT_15s0048g00630	Vitvi15g00714	35.1	not assigned.annotated
VIT_15s0048g01880	Vitvi15g00828	35.1	not assigned.annotated
VIT_15s0048g02500	Vitvi15g01549	35.1	not assigned.annotated
VIT_15s0048g02530	Vitvi15g00878	35.1	not assigned.annotated
VIT_15s0107g00550	Vitvi15g00263	35.1	not assigned.annotated
VIT_16s0013g00330	Vitvi16g00291	35.1	not assigned.annotated
VIT_16s0013g01720	Vitvi16g01698	35.1	not assigned.annotated
VIT_16s0022g00890	Vitvi16g00741	35.1	not assigned.annotated
VIT_16s0022g00960	Vitvi16g01800	35.1	not assigned.annotated
VIT_16s0022g01430	Vitvi16g00793	35.1	not assigned.annotated
VIT_16s0039g01420	Vitvi16g00071	35.1	not assigned.annotated
VIT_16s0039g01770	Vitvi16g01526	35.1	not assigned.annotated
VIT_16s0039g01910	Vitvi16g00122	35.1	not assigned.annotated
VIT_16s0039g02350	Vitvi16g01548	35.1	not assigned.annotated
VIT_16s0039g02550	Vitvi16g00182	35.1	not assigned.annotated
VIT_16s0050g00080	Vitvi16g01018	35.1	not assigned.annotated
VIT_16s0050g02100	Vitvi16g01176	35.1	not assigned.annotated
VIT_16s0050g02240	Vitvi16g01981	35.1	not assigned.annotated
VIT_16s0098g00790	Vitvi16g02059	35.1	not assigned.annotated
VIT_16s0098g00890	Vitvi16g01339	35.1	not assigned.annotated
VIT_16s0098g01150	Vitvi16g01359	35.1	not assigned.annotated
VIT_16s0098g01280	Vitvi16g02073	35.1	not assigned.annotated
VIT_16s0098g01540	Vitvi16g01388	35.1	not assigned.annotated
VIT_16s0100g00570	Vitvi16g00964	35.1	not assigned.annotated
VIT_17s0000g00130	Vitvi17g00018	35.1	not assigned.annotated
VIT_17s0000g00710	Vitvi17g00061	35.1	not assigned.annotated
VIT_17s0000g01080	Vitvi17g00085	35.1	not assigned.annotated
VIT_17s0000g01790	Vitvi17g00148	35.1	not assigned.annotated
VIT_17s0000g02120	Vitvi17g01360	35.1	not assigned.annotated
VIT_17s0000g02470	Vitvi17g00217	35.1	not assigned.annotated
VIT_17s0000g02600	Vitvi17g00228	35.1	not assigned.annotated
VIT_17s0000g05840	Vitvi17g00560	35.1	not assigned.annotated
VIT_17s0000g06680	Vitvi17g00651	35.1	not assigned.annotated
VIT_17s0000g07470	Vitvi17g00722	35.1	not assigned.annotated
VIT_17s0000g07690	Vitvi17g01528	35.1	not assigned.annotated
VIT_17s0000g07950	Vitvi17g00770	35.1	not assigned.annotated
VIT_17s0000g08370	Vitvi17g00814	35.1	not assigned.annotated
VIT_17s0000g08920	Vitvi17g00881	35.1	not assigned.annotated
VIT_17s0119g00110	Vitvi17g01104	35.1	not assigned.annotated
VIT_17s0119g00150	Vitvi17g01613	35.1	not assigned.annotated
VIT_18s0001g00820	Vitvi18g02503	35.1	not assigned.annotated
VIT_18s0001g01300	Vitvi18g02512	35.1	not assigned.annotated
VIT_18s0001g01380	Vitvi18g01501	35.1	not assigned.annotated
VIT_18s0001g01490	Vitvi18g01507	35.1	not assigned.annotated
VIT_18s0001g01570	Vitvi18g01510	35.1	not assigned.annotated
VIT_18s0001g02330	Vitvi18g02923	35.1	not assigned.annotated
VIT_18s0001g02760	Vitvi18g02533	35.1	not assigned.annotated
VIT_18s0001g02770	Vitvi18g02534	35.1	not assigned.annotated
VIT_18s0001g03240	Vitvi18g00295	35.1	not assigned.annotated
VIT_18s0001g03610	Vitvi18g00313	35.1	not assigned.annotated
VIT_18s0001g03880	Vitvi18g02548	35.1	not assigned.annotated
VIT_18s0001g05040	Vitvi18g00371	35.1	not assigned.annotated
VIT_18s0001g05840	Vitvi18g00416	35.1	not assigned.annotated
VIT_18s0001g06020	Vitvi18g00424	35.1	not assigned.annotated
VIT_18s0001g06150	Vitvi18g00432	35.1	not assigned.annotated
VIT_18s0001g06170	Vitvi18g02584	35.1	not assigned.annotated
VIT_18s0001g06180	Vitvi18g00433	35.1	not assigned.annotated
VIT_18s0001g08090	Vitvi18g00571	35.1	not assigned.annotated
VIT_18s0001g08330	Vitvi18g00599	35.1	not assigned.annotated
VIT_18s0001g08620	Vitvi18g00619	35.1	not assigned.annotated
VIT_18s0001g09530	Vitvi18g00699	35.1	not assigned.annotated
VIT_18s0001g10040	Vitvi18g00743	35.1	not assigned.annotated
VIT_18s0001g10510	Vitvi18g00793	35.1	not assigned.annotated
VIT_18s0001g11160	Vitvi18g00842	35.1	not assigned.annotated
VIT_18s0001g11830	Vitvi18g00905	35.1	not assigned.annotated
VIT_18s0001g11930	Vitvi18g00917	35.1	not assigned.annotated
VIT_18s0001g13670	Vitvi18g01063	35.1	not assigned.annotated
VIT_18s0001g13970	Vitvi18g01092	35.1	not assigned.annotated
VIT_18s0001g14040	Vitvi18g01098	35.1	not assigned.annotated
VIT_18s0001g15000	Vitvi18g01177	35.1	not assigned.annotated
VIT_18s0001g15390	Vitvi18g01221	35.1	not assigned.annotated
VIT_18s0001g15640	Vitvi18g02836	35.1	not assigned.annotated
VIT_18s0041g00870	Vitvi18g02024	35.1	not assigned.annotated
VIT_18s0072g00160	Vitvi18g01608	35.1	not assigned.annotated
VIT_18s0072g00450	Vitvi18g02977	35.1	not assigned.annotated
VIT_18s0076g00210	Vitvi18g01321	35.1	not assigned.annotated
VIT_18s0089g00660	Vitvi18g02382	35.1	not assigned.annotated
VIT_18s0122g00290	Vitvi18g02471	35.1	not assigned.annotated
VIT_18s0122g00620	Vitvi18g02476	35.1	not assigned.annotated
VIT_18s0157g00090	Vitvi18g01562	35.1	not assigned.annotated
VIT_19s0014g00090	Vitvi19g00008	35.1	not assigned.annotated
VIT_19s0014g00410	Vitvi19g01800	35.1	not assigned.annotated
VIT_19s0014g00450	Vitvi19g00041	35.1	not assigned.annotated
VIT_19s0014g00460	Vitvi19g00042	35.1	not assigned.annotated
VIT_19s0014g00790	Vitvi19g01822	35.1	not assigned.annotated
VIT_19s0014g02970	Vitvi19g00242	35.1	not assigned.annotated
VIT_19s0014g03460	Vitvi19g00286	35.1	not assigned.annotated
VIT_19s0014g04650	Vitvi19g00364	35.1	not assigned.annotated
VIT_19s0014g05180	Vitvi19g01984	35.1	not assigned.annotated
VIT_19s0014g05330	Vitvi19g00423	35.1	not assigned.annotated
VIT_19s0014g05360	Vitvi19g01988	35.1	not assigned.annotated
VIT_19s0015g00710	Vitvi19g00697	35.1	not assigned.annotated
VIT_19s0015g01310	Vitvi19g00761	35.1	not assigned.annotated
VIT_19s0015g01900	Vitvi19g00929	35.1	not assigned.annotated
VIT_19s0027g01070	Vitvi19g02282	35.1	not assigned.annotated
VIT_19s0085g00010	Vitvi19g01665	35.1	not assigned.annotated
VIT_19s0085g01050	Vitvi19g01760	35.1	not assigned.annotated
VIT_19s0090g00330	Vitvi19g02011	35.1	not assigned.annotated
VIT_19s0090g01490	Vitvi19g00596	35.1	not assigned.annotated
VIT_19s0177g00200	Vitvi19g00445	35.1	not assigned.annotated
VIT_19s0177g00280	Vitvi19g02002	35.1	not assigned.annotated
VIT_00s0125g00020	Vitvi10g01965	35.2	not assigned.not annotated
VIT_00s0125g00200	Vitvi10g01970	35.2	not assigned.not annotated
VIT_00s0160g00020	Vitvi07g02840	35.2	not assigned.not annotated
VIT_00s0160g00110	Vitvi07g02832	35.2	not assigned.not annotated
VIT_00s0160g00120	Vitvi07g02831	35.2	not assigned.not annotated
VIT_00s0160g00130	Vitvi07g02830	35.2	not assigned.not annotated
VIT_00s0160g00160	Vitvi07g02828	35.2	not assigned.not annotated
VIT_00s0160g00280	Vitvi07g02817	35.2	not assigned.not annotated
VIT_00s0160g00330	Vitvi07g02812	35.2	not assigned.not annotated
VIT_00s0174g00330	Vitvi07g01213	35.2	not assigned.not annotated
VIT_00s0179g00320	Vitvi07g00064	35.2	not assigned.not annotated
VIT_00s0184g00200	Vitvi07g02429	35.2	not assigned.not annotated
VIT_00s0187g00050	Vitvi10g01682	35.2	not assigned.not annotated
VIT_00s0187g00060	Vitvi10g01680	35.2	not assigned.not annotated
VIT_00s0187g00080	Vitvi10g01679	35.2	not assigned.not annotated
VIT_00s0187g00090	Vitvi10g01678	35.2	not assigned.not annotated
VIT_00s0187g00120	Vitvi10g01674	35.2	not assigned.not annotated
VIT_00s0187g00160	Vitvi10g01672	35.2	not assigned.not annotated
VIT_00s0187g00170	Vitvi10g01671	35.2	not assigned.not annotated
VIT_00s0189g00050	Vitvi07g02433	35.2	not assigned.not annotated
VIT_00s0194g00160	Vitvi10g00227	35.2	not assigned.not annotated
VIT_00s0194g00320	Vitvi10g01699	35.2	not assigned.not annotated
VIT_00s0194g00330	Vitvi10g01700	35.2	not assigned.not annotated
VIT_00s0203g00020	Vitvi10g01737	35.2	not assigned.not annotated
VIT_00s0203g00210	Vitvi10g00353	35.2	not assigned.not annotated
VIT_00s0207g00140	Vitvi07g01267	35.2	not assigned.not annotated
VIT_00s0207g00250	Vitvi07g02504	35.2	not assigned.not annotated
VIT_00s0211g00130	Vitvi07g02609	35.2	not assigned.not annotated
VIT_00s0214g00020	Vitvi04g01093	35.2	not assigned.not annotated
VIT_00s0225g00010	Vitvi01g00652	35.2	not assigned.not annotated
VIT_00s0226g00170	Vitvi05g02238	35.2	not assigned.not annotated
VIT_00s0230g00090	Vitvi16g02162	35.2	not assigned.not annotated
VIT_00s0239g00090	Vitvi18g03288	35.2	not assigned.not annotated
VIT_00s0259g00070	Vitvi10g00241	35.2	not assigned.not annotated
VIT_00s0269g00070	Vitvi07g02458	35.2	not assigned.not annotated
VIT_00s0270g00010	Vitvi04g01994	35.2	not assigned.not annotated
VIT_00s0274g00020	Vitvi10g01733	35.2	not assigned.not annotated
VIT_00s0274g00050	Vitvi10g00321	35.2	not assigned.not annotated
VIT_00s0274g00060	Vitvi10g00322	35.2	not assigned.not annotated
VIT_00s0279g00100	Vitvi16g01603	35.2	not assigned.not annotated
VIT_00s0285g00040	Vitvi10g02355	35.2	not assigned.not annotated
VIT_00s0304g00010	Vitvi07g01357	35.2	not assigned.not annotated
VIT_00s0332g00050	Vitvi01g02306	35.2	not assigned.not annotated
VIT_00s0333g00040	Vitvi07g01139	35.2	not assigned.not annotated
VIT_00s0333g00050	Vitvi07g02443	35.2	not assigned.not annotated
VIT_00s0333g00060	Vitvi07g01140	35.2	not assigned.not annotated
VIT_00s0347g00050	Vitvi10g02325	35.2	not assigned.not annotated
VIT_00s0370g00070	Vitvi10g02347	35.2	not assigned.not annotated
VIT_00s0404g00050	Vitvi10g00390	35.2	not assigned.not annotated
VIT_00s0432g00010	Vitvi07g02999	35.2	not assigned.not annotated
VIT_00s0463g00040	Vitvi10g01715	35.2	not assigned.not annotated
VIT_00s0477g00010	Vitvi07g02598	35.2	not assigned.not annotated
VIT_00s0505g00050	Vitvi09g02054	35.2	not assigned.not annotated
VIT_00s0524g00040	Vitvi00g02281	35.2	not assigned.not annotated
VIT_00s0533g00050	Vitvi02g01808	35.2	not assigned.not annotated
VIT_00s0665g00030	Vitvi07g01378	35.2	not assigned.not annotated
VIT_00s0753g00010	Vitvi10g02309	35.2	not assigned.not annotated
VIT_00s0780g00030	Vitvi10g01685	35.2	not assigned.not annotated
VIT_00s0802g00020	Vitvi07g01565	35.2	not assigned.not annotated
VIT_00s0983g00010	Vitvi00g01018	35.2	not assigned.not annotated
VIT_00s1306g00020	Vitvi10g02331	35.2	not assigned.not annotated
VIT_00s1814g00010	Vitvi00g02225	35.2	not assigned.not annotated
VIT_00s2290g00010	Vitvi07g03157	35.2	not assigned.not annotated
VIT_00s2313g00010	Vitvi00g01312	35.2	not assigned.not annotated
VIT_00s2417g00010	Vitvi07g03160	35.2	not assigned.not annotated
VIT_00s2439g00010	Vitvi00g02293	35.2	not assigned.not annotated
VIT_00s2507g00010	Vitvi18g03400	35.2	not assigned.not annotated
VIT_00s2536g00010	Vitvi00g02305	35.2	not assigned.not annotated
VIT_00s2600g00010	Vitvi07g03170	35.2	not assigned.not annotated
VIT_01s0010g00020	Vitvi01g01169	35.2	not assigned.not annotated
VIT_01s0010g01260	Vitvi01g01388	35.2	not assigned.not annotated
VIT_01s0010g03530	Vitvi01g01640	35.2	not assigned.not annotated
VIT_01s0010g03810	Vitvi01g01668	35.2	not assigned.not annotated
VIT_01s0010g04010	Vitvi01g02281	35.2	not assigned.not annotated
VIT_01s0011g00060	Vitvi01g01834	35.2	not assigned.not annotated
VIT_01s0011g00610	Vitvi01g00054	35.2	not assigned.not annotated
VIT_01s0011g00850	Vitvi01g00075	35.2	not assigned.not annotated
VIT_01s0011g01770	Vitvi01g01882	35.2	not assigned.not annotated
VIT_01s0011g01810	Vitvi01g00141	35.2	not assigned.not annotated
VIT_01s0011g02320	Vitvi01g00188	35.2	not assigned.not annotated
VIT_01s0011g02360	Vitvi01g00192	35.2	not assigned.not annotated
VIT_01s0011g02600	Vitvi01g01915	35.2	not assigned.not annotated
VIT_01s0011g02710	Vitvi01g01922	35.2	not assigned.not annotated
VIT_01s0011g02720	Vitvi01g01923	35.2	not assigned.not annotated
VIT_01s0011g03360	Vitvi01g01932	35.2	not assigned.not annotated
VIT_01s0011g03660	Vitvi01g00299	35.2	not assigned.not annotated
VIT_01s0011g03680	Vitvi01g01942	35.2	not assigned.not annotated
VIT_01s0011g04040	Vitvi01g01954	35.2	not assigned.not annotated
VIT_01s0011g04550	Vitvi01g00379	35.2	not assigned.not annotated
VIT_01s0011g04820	Vitvi01g00408	35.2	not assigned.not annotated
VIT_01s0011g04840	Vitvi01g01972	35.2	not assigned.not annotated
VIT_01s0011g06580	Vitvi01g00567	35.2	not assigned.not annotated
VIT_01s0011g06590	Vitvi01g02012	35.2	not assigned.not annotated
VIT_01s0026g00060	Vitvi01g02076	35.2	not assigned.not annotated
VIT_01s0026g00070	Vitvi01g02077	35.2	not assigned.not annotated
VIT_01s0026g00330	Vitvi01g00799	35.2	not assigned.not annotated
VIT_01s0026g01900	Vitvi01g02122	35.2	not assigned.not annotated
VIT_01s0127g00900	Vitvi01g02069	35.2	not assigned.not annotated
VIT_01s0137g00740	Vitvi01g00638	35.2	not assigned.not annotated
VIT_01s0146g00150	Vitvi01g01708	35.2	not assigned.not annotated
VIT_01s0146g00320	Vitvi01g02290	35.2	not assigned.not annotated
VIT_01s0146g00420	Vitvi01g01735	35.2	not assigned.not annotated
VIT_01s0150g00380	Vitvi01g01798	35.2	not assigned.not annotated
VIT_01s0150g00480	Vitvi01g01806	35.2	not assigned.not annotated
VIT_02s0012g00010	Vitvi02g01467	35.2	not assigned.not annotated
VIT_02s0012g00040	Vitvi02g01469	35.2	not assigned.not annotated
VIT_02s0012g00460	Vitvi02g00626	35.2	not assigned.not annotated
VIT_02s0012g00720	Vitvi02g01493	35.2	not assigned.not annotated
VIT_02s0012g00820	Vitvi02g01496	35.2	not assigned.not annotated
VIT_02s0012g01350	Vitvi02g00701	35.2	not assigned.not annotated
VIT_02s0012g01870	Vitvi02g01513	35.2	not assigned.not annotated
VIT_02s0025g00210	Vitvi02g00017	35.2	not assigned.not annotated
VIT_02s0025g00230	Vitvi02g01313	35.2	not assigned.not annotated
VIT_02s0025g00940	Vitvi02g01332	35.2	not assigned.not annotated
VIT_02s0025g01080	Vitvi02g01335	35.2	not assigned.not annotated
VIT_02s0025g01300	Vitvi02g00116	35.2	not assigned.not annotated
VIT_02s0025g01450	Vitvi02g01339	35.2	not assigned.not annotated
VIT_02s0025g02840	Vitvi02g00257	35.2	not assigned.not annotated
VIT_02s0025g03230	Vitvi02g00293	35.2	not assigned.not annotated
VIT_02s0025g03810	Vitvi02g01388	35.2	not assigned.not annotated
VIT_02s0025g03910	Vitvi02g01391	35.2	not assigned.not annotated
VIT_02s0025g04870	Vitvi02g01414	35.2	not assigned.not annotated
VIT_02s0033g00380	Vitvi02g01310	35.2	not assigned.not annotated
VIT_02s0154g00580	Vitvi02g01449	35.2	not assigned.not annotated
VIT_02s0241g00030	Vitvi02g01424	35.2	not assigned.not annotated
VIT_02s0241g00100	Vitvi02g00481	35.2	not assigned.not annotated
VIT_02s0488g00050	Vitvi02g01737	35.2	not assigned.not annotated
VIT_03s0017g00410	Vitvi03g01065	35.2	not assigned.not annotated
VIT_03s0017g00730	Vitvi03g01807	35.2	not assigned.not annotated
VIT_03s0017g01450	Vitvi03g01202	35.2	not assigned.not annotated
VIT_03s0017g01460	Vitvi03g01203	35.2	not assigned.not annotated
VIT_03s0017g01630	Vitvi03g01850	35.2	not assigned.not annotated
VIT_03s0017g01710	Vitvi03g01232	35.2	not assigned.not annotated
VIT_03s0017g01940	Vitvi03g01254	35.2	not assigned.not annotated
VIT_03s0017g02080	Vitvi03g01864	35.2	not assigned.not annotated
VIT_03s0038g00940	Vitvi03g01337	35.2	not assigned.not annotated
VIT_03s0038g01380	Vitvi03g00080	35.2	not assigned.not annotated
VIT_03s0038g01510	Vitvi03g01371	35.2	not assigned.not annotated
VIT_03s0038g01770	Vitvi03g01387	35.2	not assigned.not annotated
VIT_03s0038g02090	Vitvi03g01396	35.2	not assigned.not annotated
VIT_03s0038g02150	Vitvi03g01397	35.2	not assigned.not annotated
VIT_03s0038g02680	Vitvi03g00170	35.2	not assigned.not annotated
VIT_03s0038g02790	Vitvi03g01409	35.2	not assigned.not annotated
VIT_03s0038g02880	Vitvi03g01412	35.2	not assigned.not annotated
VIT_03s0038g03980	Vitvi03g00251	35.2	not assigned.not annotated
VIT_03s0038g04330	Vitvi03g01479	35.2	not assigned.not annotated
VIT_03s0038g04390	Vitvi03g01481	35.2	not assigned.not annotated
VIT_03s0063g01600	Vitvi03g01528	35.2	not assigned.not annotated
VIT_03s0063g01760	Vitvi03g01521	35.2	not assigned.not annotated
VIT_03s0063g01770	Vitvi03g01520	35.2	not assigned.not annotated
VIT_03s0063g01930	Vitvi03g00381	35.2	not assigned.not annotated
VIT_03s0063g02200	Vitvi03g01511	35.2	not assigned.not annotated
VIT_03s0063g02360	Vitvi03g01503	35.2	not assigned.not annotated
VIT_03s0088g00620	Vitvi03g00735	35.2	not assigned.not annotated
VIT_03s0088g00840	Vitvi03g01655	35.2	not assigned.not annotated
VIT_03s0091g00160	Vitvi03g01597	35.2	not assigned.not annotated
VIT_03s0091g00420	Vitvi03g00598	35.2	not assigned.not annotated
VIT_03s0091g00430	Vitvi03g00599	35.2	not assigned.not annotated
VIT_03s0091g00490	Vitvi03g01602	35.2	not assigned.not annotated
VIT_03s0091g00500	Vitvi03g01603	35.2	not assigned.not annotated
VIT_03s0097g00210	Vitvi03g01685	35.2	not assigned.not annotated
VIT_04s0008g00460	Vitvi04g00036	35.2	not assigned.not annotated
VIT_04s0008g01280	Vitvi04g01789	35.2	not assigned.not annotated
VIT_04s0008g01900	Vitvi04g00163	35.2	not assigned.not annotated
VIT_04s0008g01910	Vitvi04g00164	35.2	not assigned.not annotated
VIT_04s0008g02760	Vitvi04g00241	35.2	not assigned.not annotated
VIT_04s0008g03760	Vitvi04g01854	35.2	not assigned.not annotated
VIT_04s0008g05010	Vitvi04g00442	35.2	not assigned.not annotated
VIT_04s0008g05510	Vitvi04g00486	35.2	not assigned.not annotated
VIT_04s0008g06140	Vitvi04g01918	35.2	not assigned.not annotated
VIT_04s0008g06150	Vitvi04g01920	35.2	not assigned.not annotated
VIT_04s0008g07370	Vitvi04g00670	35.2	not assigned.not annotated
VIT_04s0023g00130	Vitvi04g01126	35.2	not assigned.not annotated
VIT_04s0023g00360	Vitvi04g01156	35.2	not assigned.not annotated
VIT_04s0023g01110	Vitvi04g01221	35.2	not assigned.not annotated
VIT_04s0023g01520	Vitvi04g01265	35.2	not assigned.not annotated
VIT_04s0023g01800	Vitvi04g01296	35.2	not assigned.not annotated
VIT_04s0023g02110	Vitvi04g01330	35.2	not assigned.not annotated
VIT_04s0023g02480	Vitvi04g01368	35.2	not assigned.not annotated
VIT_04s0023g02510	Vitvi04g01371	35.2	not assigned.not annotated
VIT_04s0044g00040	Vitvi04g01566	35.2	not assigned.not annotated
VIT_04s0044g01230	Vitvi04g01685	35.2	not assigned.not annotated
VIT_04s0044g01760	Vitvi04g02252	35.2	not assigned.not annotated
VIT_04s0044g01810	Vitvi04g02255	35.2	not assigned.not annotated
VIT_04s0044g01830	Vitvi04g02256	35.2	not assigned.not annotated
VIT_04s0079g00260	Vitvi04g00836	35.2	not assigned.not annotated
VIT_05s0020g00080	Vitvi05g01816	35.2	not assigned.not annotated
VIT_05s0020g00840	Vitvi05g01833	35.2	not assigned.not annotated
VIT_05s0020g00960	Vitvi05g01836	35.2	not assigned.not annotated
VIT_05s0020g01700	Vitvi05g01855	35.2	not assigned.not annotated
VIT_05s0020g01870	Vitvi05g01859	35.2	not assigned.not annotated
VIT_05s0020g02290	Vitvi05g00386	35.2	not assigned.not annotated
VIT_05s0020g02500	Vitvi05g00406	35.2	not assigned.not annotated
VIT_05s0020g02830	Vitvi05g01877	35.2	not assigned.not annotated
VIT_05s0020g03040	Vitvi05g00460	35.2	not assigned.not annotated
VIT_05s0020g03980	Vitvi05g00549	35.2	not assigned.not annotated
VIT_05s0020g04010	Vitvi05g00553	35.2	not assigned.not annotated
VIT_05s0020g05040	Vitvi05g00670	35.2	not assigned.not annotated
VIT_05s0029g00530	Vitvi05g01119	35.2	not assigned.not annotated
VIT_05s0049g00120	Vitvi05g00686	35.2	not assigned.not annotated
VIT_05s0049g00520	Vitvi05g01931	35.2	not assigned.not annotated
VIT_05s0049g00550	Vitvi05g01933	35.2	not assigned.not annotated
VIT_05s0049g00570	Vitvi05g01934	35.2	not assigned.not annotated
VIT_05s0049g00660	Vitvi05g01940	35.2	not assigned.not annotated
VIT_05s0049g00730	Vitvi05g01944	35.2	not assigned.not annotated
VIT_05s0049g00740	Vitvi05g01945	35.2	not assigned.not annotated
VIT_05s0049g00760	Vitvi05g01946	35.2	not assigned.not annotated
VIT_05s0049g00770	Vitvi05g01947	35.2	not assigned.not annotated
VIT_05s0049g00780	Vitvi05g01948	35.2	not assigned.not annotated
VIT_05s0049g00790	Vitvi05g01949	35.2	not assigned.not annotated
VIT_05s0049g00800	Vitvi05g01950	35.2	not assigned.not annotated
VIT_05s0049g00840	Vitvi05g01953	35.2	not assigned.not annotated
VIT_05s0049g01450	Vitvi05g00789	35.2	not assigned.not annotated
VIT_05s0051g00680	Vitvi05g02017	35.2	not assigned.not annotated
VIT_05s0051g00700	Vitvi05g02019	35.2	not assigned.not annotated
VIT_05s0062g01260	Vitvi05g02122	35.2	not assigned.not annotated
VIT_05s0077g00530	Vitvi05g00885	35.2	not assigned.not annotated
VIT_05s0077g00540	Vitvi05g00162	35.2	not assigned.not annotated
VIT_05s0077g01070	Vitvi05g00115	35.2	not assigned.not annotated
VIT_05s0077g01460	Vitvi05g01763	35.2	not assigned.not annotated
VIT_05s0077g01980	Vitvi05g01743	35.2	not assigned.not annotated
VIT_05s0077g02270	Vitvi05g00012	35.2	not assigned.not annotated
VIT_05s0094g00570	Vitvi05g02255	35.2	not assigned.not annotated
VIT_05s0094g00930	Vitvi05g01639	35.2	not assigned.not annotated
VIT_05s0102g00190	Vitvi05g01478	35.2	not assigned.not annotated
VIT_05s0102g00590	Vitvi05g02184	35.2	not assigned.not annotated
VIT_05s0102g00600	Vitvi05g02185	35.2	not assigned.not annotated
VIT_05s0102g00610	Vitvi05g02186	35.2	not assigned.not annotated
VIT_05s0102g00620	Vitvi05g02187	35.2	not assigned.not annotated
VIT_05s0102g00660	Vitvi05g02190	35.2	not assigned.not annotated
VIT_06s0004g00960	Vitvi06g01594	35.2	not assigned.not annotated
VIT_06s0004g01990	Vitvi06g01629	35.2	not assigned.not annotated
VIT_06s0004g02010	Vitvi06g01630	35.2	not assigned.not annotated
VIT_06s0004g02650	Vitvi06g01654	35.2	not assigned.not annotated
VIT_06s0004g03210	Vitvi06g00318	35.2	not assigned.not annotated
VIT_06s0004g03910	Vitvi06g00387	35.2	not assigned.not annotated
VIT_06s0004g04110	Vitvi06g00411	35.2	not assigned.not annotated
VIT_06s0004g04130	Vitvi06g00413	35.2	not assigned.not annotated
VIT_06s0004g04640	Vitvi06g00463	35.2	not assigned.not annotated
VIT_06s0004g04650	Vitvi06g01696	35.2	not assigned.not annotated
VIT_06s0004g05110	Vitvi06g01708	35.2	not assigned.not annotated
VIT_06s0004g05290	Vitvi06g01711	35.2	not assigned.not annotated
VIT_06s0004g05740	Vitvi06g00558	35.2	not assigned.not annotated
VIT_06s0004g06170	Vitvi06g01740	35.2	not assigned.not annotated
VIT_06s0004g06490	Vitvi06g00630	35.2	not assigned.not annotated
VIT_06s0004g06770	Vitvi06g01752	35.2	not assigned.not annotated
VIT_06s0004g07330	Vitvi06g01765	35.2	not assigned.not annotated
VIT_06s0009g01670	Vitvi06g01061	35.2	not assigned.not annotated
VIT_06s0009g02500	Vitvi06g01144	35.2	not assigned.not annotated
VIT_06s0061g00180	Vitvi06g01283	35.2	not assigned.not annotated
VIT_06s0061g00330	Vitvi06g01302	35.2	not assigned.not annotated
VIT_06s0061g00680	Vitvi06g01340	35.2	not assigned.not annotated
VIT_06s0061g01370	Vitvi06g01409	35.2	not assigned.not annotated
VIT_06s0080g00320	Vitvi06g01476	35.2	not assigned.not annotated
VIT_06s0080g00430	Vitvi06g01960	35.2	not assigned.not annotated
VIT_06s0080g00570	Vitvi06g01503	35.2	not assigned.not annotated
VIT_06s0080g00660	Vitvi06g01508	35.2	not assigned.not annotated
VIT_06s0080g00760	Vitvi06g01513	35.2	not assigned.not annotated
VIT_07s0005g00660	Vitvi07g00341	35.2	not assigned.not annotated
VIT_07s0005g01140	Vitvi07g00386	35.2	not assigned.not annotated
VIT_07s0005g01320	Vitvi07g02221	35.2	not assigned.not annotated
VIT_07s0005g01350	Vitvi07g00404	35.2	not assigned.not annotated
VIT_07s0005g01670	Vitvi07g02229	35.2	not assigned.not annotated
VIT_07s0005g01830	Vitvi07g00450	35.2	not assigned.not annotated
VIT_07s0005g02070	Vitvi07g02243	35.2	not assigned.not annotated
VIT_07s0005g02080	Vitvi07g02244	35.2	not assigned.not annotated
VIT_07s0005g02120	Vitvi07g00475	35.2	not assigned.not annotated
VIT_07s0005g02450	Vitvi07g02074	35.2	not assigned.not annotated
VIT_07s0005g02710	Vitvi07g00538	35.2	not assigned.not annotated
VIT_07s0005g03390	Vitvi07g00604	35.2	not assigned.not annotated
VIT_07s0005g04320	Vitvi07g02298	35.2	not assigned.not annotated
VIT_07s0005g05150	Vitvi07g02314	35.2	not assigned.not annotated
VIT_07s0005g06040	Vitvi07g00872	35.2	not assigned.not annotated
VIT_07s0005g06520	Vitvi07g00926	35.2	not assigned.not annotated
VIT_07s0031g00610	Vitvi07g01744	35.2	not assigned.not annotated
VIT_07s0031g01060	Vitvi07g02678	35.2	not assigned.not annotated
VIT_07s0031g02210	Vitvi07g02701	35.2	not assigned.not annotated
VIT_07s0031g02790	Vitvi07g02711	35.2	not assigned.not annotated
VIT_07s0104g00150	Vitvi07g02138	35.2	not assigned.not annotated
VIT_07s0104g00790	Vitvi07g00202	35.2	not assigned.not annotated
VIT_07s0104g01540	Vitvi07g02172	35.2	not assigned.not annotated
VIT_07s0129g00290	Vitvi07g01607	35.2	not assigned.not annotated
VIT_07s0141g00600	Vitvi07g01164	35.2	not assigned.not annotated
VIT_07s0151g00930	Vitvi07g00123	35.2	not assigned.not annotated
VIT_07s0255g00140	Vitvi07g01283	35.2	not assigned.not annotated
VIT_08s0007g00330	Vitvi08g01196	35.2	not assigned.not annotated
VIT_08s0007g00710	Vitvi08g01231	35.2	not assigned.not annotated
VIT_08s0007g01110	Vitvi08g02211	35.2	not assigned.not annotated
VIT_08s0007g01120	Vitvi08g02212	35.2	not assigned.not annotated
VIT_08s0007g01350	Vitvi08g02224	35.2	not assigned.not annotated
VIT_08s0007g01490	Vitvi08g01293	35.2	not assigned.not annotated
VIT_08s0007g01530	Vitvi08g01297	35.2	not assigned.not annotated
VIT_08s0007g01560	Vitvi08g01300	35.2	not assigned.not annotated
VIT_08s0007g03110	Vitvi08g01438	35.2	not assigned.not annotated
VIT_08s0007g04180	Vitvi08g01540	35.2	not assigned.not annotated
VIT_08s0007g04500	Vitvi08g02287	35.2	not assigned.not annotated
VIT_08s0007g04510	Vitvi08g01572	35.2	not assigned.not annotated
VIT_08s0007g05010	Vitvi08g01621	35.2	not assigned.not annotated
VIT_08s0007g05290	Vitvi08g02306	35.2	not assigned.not annotated
VIT_08s0007g05580	Vitvi08g01670	35.2	not assigned.not annotated
VIT_08s0007g05830	Vitvi08g02329	35.2	not assigned.not annotated
VIT_08s0007g05940	Vitvi08g01697	35.2	not assigned.not annotated
VIT_08s0007g06430	Vitvi08g02344	35.2	not assigned.not annotated
VIT_08s0007g06470	Vitvi08g01736	35.2	not assigned.not annotated
VIT_08s0007g07330	Vitvi08g02368	35.2	not assigned.not annotated
VIT_08s0007g07920	Vitvi08g01860	35.2	not assigned.not annotated
VIT_08s0007g07990	Vitvi08g02382	35.2	not assigned.not annotated
VIT_08s0007g08010	Vitvi08g02384	35.2	not assigned.not annotated
VIT_08s0007g08020	Vitvi08g02385	35.2	not assigned.not annotated
VIT_08s0007g08030	Vitvi08g02386	35.2	not assigned.not annotated
VIT_08s0007g08520	Vitvi08g02401	35.2	not assigned.not annotated
VIT_08s0007g08680	Vitvi08g01923	35.2	not assigned.not annotated
VIT_08s0032g00950	Vitvi08g00243	35.2	not assigned.not annotated
VIT_08s0040g00150	Vitvi08g00888	35.2	not assigned.not annotated
VIT_08s0040g00480	Vitvi08g00910	35.2	not assigned.not annotated
VIT_08s0040g00630	Vitvi08g02109	35.2	not assigned.not annotated
VIT_08s0040g00690	Vitvi08g02112	35.2	not assigned.not annotated
VIT_08s0040g01160	Vitvi08g02130	35.2	not assigned.not annotated
VIT_08s0040g01510	Vitvi08g02138	35.2	not assigned.not annotated
VIT_08s0040g01820	Vitvi08g02143	35.2	not assigned.not annotated
VIT_08s0040g01840	Vitvi08g02144	35.2	not assigned.not annotated
VIT_08s0040g02250	Vitvi08g02162	35.2	not assigned.not annotated
VIT_08s0040g02610	Vitvi08g02168	35.2	not assigned.not annotated
VIT_08s0040g02650	Vitvi08g02169	35.2	not assigned.not annotated
VIT_08s0040g02660	Vitvi08g02170	35.2	not assigned.not annotated
VIT_08s0040g03000	Vitvi08g01126	35.2	not assigned.not annotated
VIT_08s0040g03230	Vitvi08g01150	35.2	not assigned.not annotated
VIT_08s0056g00140	Vitvi08g01970	35.2	not assigned.not annotated
VIT_08s0056g00500	Vitvi08g00041	35.2	not assigned.not annotated
VIT_08s0056g01240	Vitvi08g01993	35.2	not assigned.not annotated
VIT_08s0058g00800	Vitvi08g00802	35.2	not assigned.not annotated
VIT_08s0058g01010	Vitvi08g02089	35.2	not assigned.not annotated
VIT_09s0002g00370	Vitvi09g00022	35.2	not assigned.not annotated
VIT_09s0002g00440	Vitvi09g01494	35.2	not assigned.not annotated
VIT_09s0002g00630	Vitvi09g02017	35.2	not assigned.not annotated
VIT_09s0002g00960	Vitvi09g00071	35.2	not assigned.not annotated
VIT_09s0002g01000	Vitvi09g00077	35.2	not assigned.not annotated
VIT_09s0002g01060	Vitvi09g00083	35.2	not assigned.not annotated
VIT_09s0002g01750	Vitvi09g01521	35.2	not assigned.not annotated
VIT_09s0002g01970	Vitvi09g00165	35.2	not assigned.not annotated
VIT_09s0002g02230	Vitvi09g00185	35.2	not assigned.not annotated
VIT_09s0002g02570	Vitvi09g01546	35.2	not assigned.not annotated
VIT_09s0002g02580	Vitvi09g01547	35.2	not assigned.not annotated
VIT_09s0002g03500	Vitvi09g01576	35.2	not assigned.not annotated
VIT_09s0002g04840	Vitvi09g01616	35.2	not assigned.not annotated
VIT_09s0002g04850	Vitvi09g01617	35.2	not assigned.not annotated
VIT_09s0002g04900	Vitvi09g01619	35.2	not assigned.not annotated
VIT_09s0002g05180	Vitvi09g01628	35.2	not assigned.not annotated
VIT_09s0002g06070	Vitvi09g00524	35.2	not assigned.not annotated
VIT_09s0002g06300	Vitvi09g00551	35.2	not assigned.not annotated
VIT_09s0002g06400	Vitvi09g00558	35.2	not assigned.not annotated
VIT_09s0002g06420	Vitvi09g00559	35.2	not assigned.not annotated
VIT_09s0002g06430	Vitvi09g00560	35.2	not assigned.not annotated
VIT_09s0002g07550	Vitvi09g01681	35.2	not assigned.not annotated
VIT_09s0002g08680	Vitvi09g01736	35.2	not assigned.not annotated
VIT_09s0054g00360	Vitvi09g01960	35.2	not assigned.not annotated
VIT_09s0054g00430	Vitvi09g01351	35.2	not assigned.not annotated
VIT_09s0054g00570	Vitvi09g01979	35.2	not assigned.not annotated
VIT_09s0054g01100	Vitvi09g01993	35.2	not assigned.not annotated
VIT_09s0054g01750	Vitvi09g02014	35.2	not assigned.not annotated
VIT_09s0054g01760	Vitvi09g01471	35.2	not assigned.not annotated
VIT_09s0070g00070	Vitvi09g01799	35.2	not assigned.not annotated
VIT_09s0070g00900	Vitvi09g01051	35.2	not assigned.not annotated
VIT_09s0070g00960	Vitvi09g01829	35.2	not assigned.not annotated
VIT_10s0003g00220	Vitvi10g01771	35.2	not assigned.not annotated
VIT_10s0003g03250	Vitvi10g00774	35.2	not assigned.not annotated
VIT_10s0042g00280	Vitvi10g01453	35.2	not assigned.not annotated
VIT_10s0042g00400	Vitvi10g02031	35.2	not assigned.not annotated
VIT_10s0042g00450	Vitvi10g01433	35.2	not assigned.not annotated
VIT_10s0071g00060	Vitvi10g02042	35.2	not assigned.not annotated
VIT_10s0071g00890	Vitvi10g01552	35.2	not assigned.not annotated
VIT_10s0092g00760	Vitvi10g01961	35.2	not assigned.not annotated
VIT_10s0116g00040	Vitvi10g00001	35.2	not assigned.not annotated
VIT_10s0116g00350	Vitvi10g00128	35.2	not assigned.not annotated
VIT_10s0116g00370	Vitvi10g01606	35.2	not assigned.not annotated
VIT_10s0116g01820	Vitvi10g01642	35.2	not assigned.not annotated
VIT_11s0016g00130	Vitvi11g00672	35.2	not assigned.not annotated
VIT_11s0016g00190	Vitvi11g00008	35.2	not assigned.not annotated
VIT_11s0016g00210	Vitvi11g01499	35.2	not assigned.not annotated
VIT_11s0016g02760	Vitvi11g01385	35.2	not assigned.not annotated
VIT_11s0016g02920	Vitvi11g00245	35.2	not assigned.not annotated
VIT_11s0016g03090	Vitvi11g01391	35.2	not assigned.not annotated
VIT_11s0016g03190	Vitvi11g01393	35.2	not assigned.not annotated
VIT_11s0016g03840	Vitvi11g01402	35.2	not assigned.not annotated
VIT_11s0016g04670	Vitvi11g01421	35.2	not assigned.not annotated
VIT_11s0016g04790	Vitvi11g01424	35.2	not assigned.not annotated
VIT_11s0016g05000	Vitvi11g00442	35.2	not assigned.not annotated
VIT_11s0016g05010	Vitvi11g00443	35.2	not assigned.not annotated
VIT_11s0016g05290	Vitvi11g01439	35.2	not assigned.not annotated
VIT_11s0016g05430	Vitvi11g00477	35.2	not assigned.not annotated
VIT_11s0016g05530	Vitvi11g00485	35.2	not assigned.not annotated
VIT_11s0016g05780	Vitvi11g01449	35.2	not assigned.not annotated
VIT_11s0016g05830	Vitvi11g01450	35.2	not assigned.not annotated
VIT_11s0052g00580	Vitvi11g01649	35.2	not assigned.not annotated
VIT_11s0065g00970	Vitvi11g01575	35.2	not assigned.not annotated
VIT_11s0065g01130	Vitvi11g00982	35.2	not assigned.not annotated
VIT_11s0078g00210	Vitvi11g01595	35.2	not assigned.not annotated
VIT_11s0103g00670	Vitvi11g01626	35.2	not assigned.not annotated
VIT_11s0118g00090	Vitvi11g00530	35.2	not assigned.not annotated
VIT_11s0118g00580	Vitvi11g00583	35.2	not assigned.not annotated
VIT_11s0118g00730	Vitvi11g01470	35.2	not assigned.not annotated
VIT_11s0206g00200	Vitvi11g01497	35.2	not assigned.not annotated
VIT_12s0028g00040	Vitvi12g00037	35.2	not assigned.not annotated
VIT_12s0028g00480	Vitvi12g02193	35.2	not assigned.not annotated
VIT_12s0028g00670	Vitvi12g02200	35.2	not assigned.not annotated
VIT_12s0028g01060	Vitvi12g02207	35.2	not assigned.not annotated
VIT_12s0028g01390	Vitvi12g00120	35.2	not assigned.not annotated
VIT_12s0028g01890	Vitvi12g00160	35.2	not assigned.not annotated
VIT_12s0028g03120	Vitvi12g00262	35.2	not assigned.not annotated
VIT_12s0028g03560	Vitvi12g00298	35.2	not assigned.not annotated
VIT_12s0028g03640	Vitvi12g00305	35.2	not assigned.not annotated
VIT_12s0034g00100	Vitvi12g02595	35.2	not assigned.not annotated
VIT_12s0034g00500	Vitvi12g02615	35.2	not assigned.not annotated
VIT_12s0034g01880	Vitvi12g02657	35.2	not assigned.not annotated
VIT_12s0034g01910	Vitvi12g01877	35.2	not assigned.not annotated
VIT_12s0035g00880	Vitvi12g02022	35.2	not assigned.not annotated
VIT_12s0035g01000	Vitvi12g02039	35.2	not assigned.not annotated
VIT_12s0035g01030	Vitvi12g02041	35.2	not assigned.not annotated
VIT_12s0035g01050	Vitvi12g02044	35.2	not assigned.not annotated
VIT_12s0035g01760	Vitvi12g02118	35.2	not assigned.not annotated
VIT_12s0035g02080	Vitvi12g02755	35.2	not assigned.not annotated
VIT_12s0055g00440	Vitvi12g02582	35.2	not assigned.not annotated
VIT_12s0057g00070	Vitvi12g02457	35.2	not assigned.not annotated
VIT_12s0057g00080	Vitvi12g02458	35.2	not assigned.not annotated
VIT_12s0057g00090	Vitvi12g02459	35.2	not assigned.not annotated
VIT_12s0057g00100	Vitvi12g02460	35.2	not assigned.not annotated
VIT_12s0057g00120	Vitvi12g02462	35.2	not assigned.not annotated
VIT_12s0057g00140	Vitvi12g02464	35.2	not assigned.not annotated
VIT_12s0057g00150	Vitvi12g02465	35.2	not assigned.not annotated
VIT_12s0057g00170	Vitvi12g02466	35.2	not assigned.not annotated
VIT_12s0057g00180	Vitvi12g02467	35.2	not assigned.not annotated
VIT_12s0057g00190	Vitvi12g02468	35.2	not assigned.not annotated
VIT_12s0057g00210	Vitvi12g02469	35.2	not assigned.not annotated
VIT_12s0057g01310	Vitvi12g00753	35.2	not assigned.not annotated
VIT_12s0057g01550	Vitvi12g00782	35.2	not assigned.not annotated
VIT_12s0059g00230	Vitvi12g02334	35.2	not assigned.not annotated
VIT_12s0059g00310	Vitvi12g02337	35.2	not assigned.not annotated
VIT_12s0059g00370	Vitvi12g02342	35.2	not assigned.not annotated
VIT_12s0059g00480	Vitvi12g02354	35.2	not assigned.not annotated
VIT_12s0059g00490	Vitvi12g00355	35.2	not assigned.not annotated
VIT_12s0059g00590	Vitvi12g02356	35.2	not assigned.not annotated
VIT_12s0059g01050	Vitvi12g02375	35.2	not assigned.not annotated
VIT_12s0059g01340	Vitvi12g00443	35.2	not assigned.not annotated
VIT_12s0059g01720	Vitvi12g02388	35.2	not assigned.not annotated
VIT_12s0059g01830	Vitvi12g02394	35.2	not assigned.not annotated
VIT_12s0059g01900	Vitvi12g00482	35.2	not assigned.not annotated
VIT_12s0134g00170	Vitvi12g02429	35.2	not assigned.not annotated
VIT_12s0134g00470	Vitvi12g00624	35.2	not assigned.not annotated
VIT_12s0142g00160	Vitvi12g02185	35.2	not assigned.not annotated
VIT_13s0019g00110	Vitvi13g02335	35.2	not assigned.not annotated
VIT_13s0019g00650	Vitvi13g01960	35.2	not assigned.not annotated
VIT_13s0019g01040	Vitvi13g00285	35.2	not assigned.not annotated
VIT_13s0019g01200	Vitvi13g00293	35.2	not assigned.not annotated
VIT_13s0019g01520	Vitvi13g02427	35.2	not assigned.not annotated
VIT_13s0019g02320	Vitvi13g02004	35.2	not assigned.not annotated
VIT_13s0019g02660	Vitvi13g02012	35.2	not assigned.not annotated
VIT_13s0019g03910	Vitvi13g02053	35.2	not assigned.not annotated
VIT_13s0019g03930	Vitvi13g02055	35.2	not assigned.not annotated
VIT_13s0064g00460	Vitvi13g01686	35.2	not assigned.not annotated
VIT_13s0064g00910	Vitvi13g02505	35.2	not assigned.not annotated
VIT_13s0064g01100	Vitvi13g02508	35.2	not assigned.not annotated
VIT_13s0064g01110	Vitvi13g02509	35.2	not assigned.not annotated
VIT_13s0064g01130	Vitvi13g02511	35.2	not assigned.not annotated
VIT_13s0064g01170	Vitvi13g02517	35.2	not assigned.not annotated
VIT_13s0067g00700	Vitvi13g00035	35.2	not assigned.not annotated
VIT_13s0067g01090	Vitvi13g01283	35.2	not assigned.not annotated
VIT_13s0067g01150	Vitvi13g00062	35.2	not assigned.not annotated
VIT_13s0067g01980	Vitvi13g01898	35.2	not assigned.not annotated
VIT_13s0067g02280	Vitvi13g00139	35.2	not assigned.not annotated
VIT_13s0067g02300	Vitvi13g01902	35.2	not assigned.not annotated
VIT_13s0067g02390	Vitvi13g01903	35.2	not assigned.not annotated
VIT_13s0067g02410	Vitvi13g02281	35.2	not assigned.not annotated
VIT_13s0067g02560	Vitvi13g00155	35.2	not assigned.not annotated
VIT_13s0067g02710	Vitvi13g00161	35.2	not assigned.not annotated
VIT_13s0067g02910	Vitvi13g01913	35.2	not assigned.not annotated
VIT_13s0067g03340	Vitvi13g01921	35.2	not assigned.not annotated
VIT_13s0067g03660	Vitvi13g00218	35.2	not assigned.not annotated
VIT_13s0073g00160	Vitvi13g01007	35.2	not assigned.not annotated
VIT_13s0074g00530	Vitvi13g02098	35.2	not assigned.not annotated
VIT_13s0101g00210	Vitvi13g02155	35.2	not assigned.not annotated
VIT_13s0101g00520	Vitvi13g00981	35.2	not assigned.not annotated
VIT_13s0106g00230	Vitvi13g00824	35.2	not assigned.not annotated
VIT_13s0147g00180	Vitvi13g02147	35.2	not assigned.not annotated
VIT_13s0156g00100	Vitvi13g02576	35.2	not assigned.not annotated
VIT_13s0156g00190	Vitvi13g02570	35.2	not assigned.not annotated
VIT_13s0158g00270	Vitvi13g02451	35.2	not assigned.not annotated
VIT_13s0175g00040	Vitvi13g02189	35.2	not assigned.not annotated
VIT_13s0320g00030	Vitvi13g01852	35.2	not assigned.not annotated
VIT_13s0320g00060	Vitvi13g01855	35.2	not assigned.not annotated
VIT_14s0006g00060	Vitvi14g02769	35.2	not assigned.not annotated
VIT_14s0006g00070	Vitvi14g02770	35.2	not assigned.not annotated
VIT_14s0006g01040	Vitvi14g02812	35.2	not assigned.not annotated
VIT_14s0006g01580	Vitvi14g00971	35.2	not assigned.not annotated
VIT_14s0006g01600	Vitvi14g00972	35.2	not assigned.not annotated
VIT_14s0006g02530	Vitvi14g02869	35.2	not assigned.not annotated
VIT_14s0006g02550	Vitvi14g01128	35.2	not assigned.not annotated
VIT_14s0006g02760	Vitvi14g01162	35.2	not assigned.not annotated
VIT_14s0006g03100	Vitvi14g02885	35.2	not assigned.not annotated
VIT_14s0006g03110	Vitvi14g02886	35.2	not assigned.not annotated
VIT_14s0030g00140	Vitvi14g00297	35.2	not assigned.not annotated
VIT_14s0030g00190	Vitvi14g00303	35.2	not assigned.not annotated
VIT_14s0030g00520	Vitvi14g02594	35.2	not assigned.not annotated
VIT_14s0030g00860	Vitvi14g02610	35.2	not assigned.not annotated
VIT_14s0030g01040	Vitvi14g02622	35.2	not assigned.not annotated
VIT_14s0030g01150	Vitvi14g02630	35.2	not assigned.not annotated
VIT_14s0030g01300	Vitvi14g00387	35.2	not assigned.not annotated
VIT_14s0030g01700	Vitvi14g00421	35.2	not assigned.not annotated
VIT_14s0030g01880	Vitvi14g00437	35.2	not assigned.not annotated
VIT_14s0030g01890	Vitvi14g00438	35.2	not assigned.not annotated
VIT_14s0030g01920	Vitvi14g02656	35.2	not assigned.not annotated
VIT_14s0036g01060	Vitvi14g00679	35.2	not assigned.not annotated
VIT_14s0060g00040	Vitvi14g02431	35.2	not assigned.not annotated
VIT_14s0060g00250	Vitvi14g00019	35.2	not assigned.not annotated
VIT_14s0060g00900	Vitvi14g02463	35.2	not assigned.not annotated
VIT_14s0060g01300	Vitvi14g02476	35.2	not assigned.not annotated
VIT_14s0060g01320	Vitvi14g00103	35.2	not assigned.not annotated
VIT_14s0060g01430	Vitvi14g00114	35.2	not assigned.not annotated
VIT_14s0060g01490	Vitvi14g00119	35.2	not assigned.not annotated
VIT_14s0060g01870	Vitvi14g02497	35.2	not assigned.not annotated
VIT_14s0060g01880	Vitvi14g02498	35.2	not assigned.not annotated
VIT_14s0060g02230	Vitvi14g02508	35.2	not assigned.not annotated
VIT_14s0060g02300	Vitvi14g02510	35.2	not assigned.not annotated
VIT_14s0060g02630	Vitvi14g02522	35.2	not assigned.not annotated
VIT_14s0066g00160	Vitvi14g01656	35.2	not assigned.not annotated
VIT_14s0066g00300	Vitvi14g03000	35.2	not assigned.not annotated
VIT_14s0066g00570	Vitvi14g03002	35.2	not assigned.not annotated
VIT_14s0066g01140	Vitvi14g03018	35.2	not assigned.not annotated
VIT_14s0066g01190	Vitvi14g01761	35.2	not assigned.not annotated
VIT_14s0066g01600	Vitvi14g01800	35.2	not assigned.not annotated
VIT_14s0066g02640	Vitvi14g03053	35.2	not assigned.not annotated
VIT_14s0068g00040	Vitvi14g02923	35.2	not assigned.not annotated
VIT_14s0068g00050	Vitvi14g02924	35.2	not assigned.not annotated
VIT_14s0068g00140	Vitvi14g01381	35.2	not assigned.not annotated
VIT_14s0068g00160	Vitvi14g02930	35.2	not assigned.not annotated
VIT_14s0068g00740	Vitvi14g02948	35.2	not assigned.not annotated
VIT_14s0068g01620	Vitvi14g01511	35.2	not assigned.not annotated
VIT_14s0068g01760	Vitvi14g01522	35.2	not assigned.not annotated
VIT_14s0068g01990	Vitvi14g02971	35.2	not assigned.not annotated
VIT_14s0081g00100	Vitvi14g02668	35.2	not assigned.not annotated
VIT_14s0083g00080	Vitvi14g01240	35.2	not assigned.not annotated
VIT_14s0083g00260	Vitvi14g02894	35.2	not assigned.not annotated
VIT_14s0083g00670	Vitvi14g02907	35.2	not assigned.not annotated
VIT_14s0083g01140	Vitvi14g01354	35.2	not assigned.not annotated
VIT_14s0108g00450	Vitvi14g03078	35.2	not assigned.not annotated
VIT_14s0108g00560	Vitvi14g01939	35.2	not assigned.not annotated
VIT_14s0108g01350	Vitvi14g02013	35.2	not assigned.not annotated
VIT_14s0171g00360	Vitvi14g02990	35.2	not assigned.not annotated
VIT_14s0219g00110	Vitvi14g01623	35.2	not assigned.not annotated
VIT_15s0021g00390	Vitvi15g01405	35.2	not assigned.not annotated
VIT_15s0021g00880	Vitvi15g00500	35.2	not assigned.not annotated
VIT_15s0021g02270	Vitvi15g00617	35.2	not assigned.not annotated
VIT_15s0021g02400	Vitvi15g01465	35.2	not assigned.not annotated
VIT_15s0024g00670	Vitvi15g01232	35.2	not assigned.not annotated
VIT_15s0024g01680	Vitvi15g00179	35.2	not assigned.not annotated
VIT_15s0046g00120	Vitvi15g00933	35.2	not assigned.not annotated
VIT_15s0046g01340	Vitvi15g01629	35.2	not assigned.not annotated
VIT_15s0046g01360	Vitvi15g01019	35.2	not assigned.not annotated
VIT_15s0046g02160	Vitvi15g01088	35.2	not assigned.not annotated
VIT_15s0046g03430	Vitvi15g01697	35.2	not assigned.not annotated
VIT_15s0046g03500	Vitvi15g01177	35.2	not assigned.not annotated
VIT_15s0046g03780	Vitvi15g01711	35.2	not assigned.not annotated
VIT_15s0048g00620	Vitvi15g01495	35.2	not assigned.not annotated
VIT_15s0048g00740	Vitvi15g00727	35.2	not assigned.not annotated
VIT_15s0048g00880	Vitvi15g01500	35.2	not assigned.not annotated
VIT_15s0048g01080	Vitvi15g01505	35.2	not assigned.not annotated
VIT_15s0048g02780	Vitvi15g01555	35.2	not assigned.not annotated
VIT_15s0048g02910	Vitvi15g00916	35.2	not assigned.not annotated
VIT_15s0048g02980	Vitvi15g00919	35.2	not assigned.not annotated
VIT_16s0013g00390	Vitvi16g01638	35.2	not assigned.not annotated
VIT_16s0013g00410	Vitvi16g01640	35.2	not assigned.not annotated
VIT_16s0013g00440	Vitvi16g01642	35.2	not assigned.not annotated
VIT_16s0013g00450	Vitvi16g01643	35.2	not assigned.not annotated
VIT_16s0013g00480	Vitvi16g01646	35.2	not assigned.not annotated
VIT_16s0013g00810	Vitvi16g01659	35.2	not assigned.not annotated
VIT_16s0013g00920	Vitvi16g01663	35.2	not assigned.not annotated
VIT_16s0013g02190	Vitvi16g01713	35.2	not assigned.not annotated
VIT_16s0022g00290	Vitvi16g01774	35.2	not assigned.not annotated
VIT_16s0022g00460	Vitvi16g01780	35.2	not assigned.not annotated
VIT_16s0022g01160	Vitvi16g01805	35.2	not assigned.not annotated
VIT_16s0039g02610	Vitvi16g01554	35.2	not assigned.not annotated
VIT_16s0050g00400	Vitvi16g01037	35.2	not assigned.not annotated
VIT_16s0050g01970	Vitvi16g01966	35.2	not assigned.not annotated
VIT_16s0050g01990	Vitvi16g01968	35.2	not assigned.not annotated
VIT_16s0098g00800	Vitvi16g01328	35.2	not assigned.not annotated
VIT_16s0098g00990	Vitvi16g02066	35.2	not assigned.not annotated
VIT_16s0098g01640	Vitvi16g02084	35.2	not assigned.not annotated
VIT_16s0098g01790	Vitvi16g01406	35.2	not assigned.not annotated
VIT_16s0100g00270	Vitvi16g00926	35.2	not assigned.not annotated
VIT_16s0100g00740	Vitvi16g00985	35.2	not assigned.not annotated
VIT_16s0115g00170	Vitvi16g01729	35.2	not assigned.not annotated
VIT_16s0115g00500	Vitvi16g01743	35.2	not assigned.not annotated
VIT_16s0148g00250	Vitvi16g02012	35.2	not assigned.not annotated
VIT_17s0000g00010	Vitvi17g00011	35.2	not assigned.not annotated
VIT_17s0000g00110	Vitvi17g00016	35.2	not assigned.not annotated
VIT_17s0000g00680	Vitvi17g01328	35.2	not assigned.not annotated
VIT_17s0000g01120	Vitvi17g01341	35.2	not assigned.not annotated
VIT_17s0000g02440	Vitvi17g01368	35.2	not assigned.not annotated
VIT_17s0000g03130	Vitvi17g00271	35.2	not assigned.not annotated
VIT_17s0000g03200	Vitvi17g00276	35.2	not assigned.not annotated
VIT_17s0000g03280	Vitvi17g00283	35.2	not assigned.not annotated
VIT_17s0000g03460	Vitvi17g00300	35.2	not assigned.not annotated
VIT_17s0000g05250	Vitvi17g00497	35.2	not assigned.not annotated
VIT_17s0000g05650	Vitvi17g00543	35.2	not assigned.not annotated
VIT_17s0000g07840	Vitvi17g00758	35.2	not assigned.not annotated
VIT_17s0000g08190	Vitvi17g01541	35.2	not assigned.not annotated
VIT_17s0000g08430	Vitvi17g01545	35.2	not assigned.not annotated
VIT_17s0000g08680	Vitvi17g00845	35.2	not assigned.not annotated
VIT_17s0000g09190	Vitvi17g00906	35.2	not assigned.not annotated
VIT_17s0000g09400	Vitvi17g00931	35.2	not assigned.not annotated
VIT_17s0000g09900	Vitvi17g00990	35.2	not assigned.not annotated
VIT_17s0000g10000	Vitvi17g01003	35.2	not assigned.not annotated
VIT_17s0053g00970	Vitvi17g01247	35.2	not assigned.not annotated
VIT_18s0001g00140	Vitvi18g02495	35.2	not assigned.not annotated
VIT_18s0001g00780	Vitvi18g02943	35.2	not assigned.not annotated
VIT_18s0001g00840	Vitvi18g00164	35.2	not assigned.not annotated
VIT_18s0001g02100	Vitvi18g02528	35.2	not assigned.not annotated
VIT_18s0001g02790	Vitvi18g00274	35.2	not assigned.not annotated
VIT_18s0001g04520	Vitvi18g02555	35.2	not assigned.not annotated
VIT_18s0001g04680	Vitvi18g00355	35.2	not assigned.not annotated
VIT_18s0001g04920	Vitvi18g02566	35.2	not assigned.not annotated
VIT_18s0001g06070	Vitvi18g02230	35.2	not assigned.not annotated
VIT_18s0001g07840	Vitvi18g00548	35.2	not assigned.not annotated
VIT_18s0001g08080	Vitvi18g02619	35.2	not assigned.not annotated
VIT_18s0001g08300	Vitvi18g00596	35.2	not assigned.not annotated
VIT_18s0001g08320	Vitvi18g00598	35.2	not assigned.not annotated
VIT_18s0001g08340	Vitvi18g02621	35.2	not assigned.not annotated
VIT_18s0001g08510	Vitvi18g00608	35.2	not assigned.not annotated
VIT_18s0001g08590	Vitvi18g02630	35.2	not assigned.not annotated
VIT_18s0001g08810	Vitvi18g02636	35.2	not assigned.not annotated
VIT_18s0001g08870	Vitvi18g02638	35.2	not assigned.not annotated
VIT_18s0001g08910	Vitvi18g02642	35.2	not assigned.not annotated
VIT_18s0001g09900	Vitvi18g02673	35.2	not assigned.not annotated
VIT_18s0001g09950	Vitvi18g02674	35.2	not assigned.not annotated
VIT_18s0001g10480	Vitvi18g00789	35.2	not assigned.not annotated
VIT_18s0001g10620	Vitvi18g02684	35.2	not assigned.not annotated
VIT_18s0001g10630	Vitvi18g02685	35.2	not assigned.not annotated
VIT_18s0001g11130	Vitvi18g00839	35.2	not assigned.not annotated
VIT_18s0001g11680	Vitvi18g02727	35.2	not assigned.not annotated
VIT_18s0001g12340	Vitvi18g00948	35.2	not assigned.not annotated
VIT_18s0001g12490	Vitvi18g00962	35.2	not assigned.not annotated
VIT_18s0001g13020	Vitvi18g02765	35.2	not assigned.not annotated
VIT_18s0001g13030	Vitvi18g02766	35.2	not assigned.not annotated
VIT_18s0001g14260	Vitvi18g02796	35.2	not assigned.not annotated
VIT_18s0001g15130	Vitvi18g02824	35.2	not assigned.not annotated
VIT_18s0001g15220	Vitvi18g01202	35.2	not assigned.not annotated
VIT_18s0001g15300	Vitvi18g02831	35.2	not assigned.not annotated
VIT_18s0041g00350	Vitvi18g01970	35.2	not assigned.not annotated
VIT_18s0041g00370	Vitvi18g03100	35.2	not assigned.not annotated
VIT_18s0041g00390	Vitvi18g03101	35.2	not assigned.not annotated
VIT_18s0041g01220	Vitvi18g02063	35.2	not assigned.not annotated
VIT_18s0086g00320	Vitvi18g02870	35.2	not assigned.not annotated
VIT_18s0086g00520	Vitvi18g02881	35.2	not assigned.not annotated
VIT_18s0086g00680	Vitvi18g02889	35.2	not assigned.not annotated
VIT_18s0089g00070	Vitvi18g03220	35.2	not assigned.not annotated
VIT_18s0089g00830	Vitvi18g03256	35.2	not assigned.not annotated
VIT_18s0089g00980	Vitvi18g03263	35.2	not assigned.not annotated
VIT_18s0089g01210	Vitvi18g02415	35.2	not assigned.not annotated
VIT_18s0122g00280	Vitvi18g00018	35.2	not assigned.not annotated
VIT_18s0122g00360	Vitvi18g02473	35.2	not assigned.not annotated
VIT_18s0122g00540	Vitvi18g02910	35.2	not assigned.not annotated
VIT_18s0166g00060	Vitvi18g02845	35.2	not assigned.not annotated
VIT_18s0166g00250	Vitvi18g01285	35.2	not assigned.not annotated
VIT_19s0014g00540	Vitvi19g01808	35.2	not assigned.not annotated
VIT_19s0014g01480	Vitvi19g01840	35.2	not assigned.not annotated
VIT_19s0014g02120	Vitvi19g00181	35.2	not assigned.not annotated
VIT_19s0014g02130	Vitvi19g01856	35.2	not assigned.not annotated
VIT_19s0014g02390	Vitvi19g01861	35.2	not assigned.not annotated
VIT_19s0014g02740	Vitvi19g01871	35.2	not assigned.not annotated
VIT_19s0014g02950	Vitvi19g01883	35.2	not assigned.not annotated
VIT_19s0014g03190	Vitvi19g00261	35.2	not assigned.not annotated
VIT_19s0014g03390	Vitvi19g00278	35.2	not assigned.not annotated
VIT_19s0014g03610	Vitvi19g01906	35.2	not assigned.not annotated
VIT_19s0014g03650	Vitvi19g01909	35.2	not assigned.not annotated
VIT_19s0014g03730	Vitvi19g01911	35.2	not assigned.not annotated
VIT_19s0014g03750	Vitvi19g01912	35.2	not assigned.not annotated
VIT_19s0014g03810	Vitvi19g01917	35.2	not assigned.not annotated
VIT_19s0014g04720	Vitvi19g01972	35.2	not assigned.not annotated
VIT_19s0014g04780	Vitvi19g00377	35.2	not assigned.not annotated
VIT_19s0014g05370	Vitvi19g01989	35.2	not assigned.not annotated
VIT_19s0015g00540	Vitvi19g02065	35.2	not assigned.not annotated
VIT_19s0015g01080	Vitvi19g02079	35.2	not assigned.not annotated
VIT_19s0015g01250	Vitvi19g02084	35.2	not assigned.not annotated
VIT_19s0015g01410	Vitvi19g02086	35.2	not assigned.not annotated
VIT_19s0027g01060	Vitvi19g01581	35.2	not assigned.not annotated
VIT_19s0027g01810	Vitvi19g02320	35.2	not assigned.not annotated
VIT_19s0085g00460	Vitvi19g01699	35.2	not assigned.not annotated
VIT_19s0085g00470	Vitvi19g02342	35.2	not assigned.not annotated
VIT_19s0085g00660	Vitvi19g02349	35.2	not assigned.not annotated
VIT_19s0085g01170	Vitvi19g02356	35.2	not assigned.not annotated
VIT_19s0090g00710	Vitvi19g00520	35.2	not assigned.not annotated
VIT_19s0090g00960	Vitvi19g02032	35.2	not assigned.not annotated
VIT_19s0090g01040	Vitvi19g00554	35.2	not assigned.not annotated
VIT_19s0090g01340	Vitvi19g00581	35.2	not assigned.not annotated
VIT_19s0090g01350	Vitvi19g02038	35.2	not assigned.not annotated
VIT_19s0090g01360	Vitvi19g02039	35.2	not assigned.not annotated
VIT_19s0090g01370	Vitvi19g02040	35.2	not assigned.not annotated
VIT_19s0090g01380	Vitvi19g02041	35.2	not assigned.not annotated
VIT_19s0090g01470	Vitvi19g00591	35.2	not assigned.not annotated
VIT_19s0135g00300	Vitvi19g02208	35.2	not assigned.not annotated
VIT_19s0140g00090	Vitvi19g02228	35.2	not assigned.not annotated
VIT_19s0177g00090	Vitvi19g00435	35.2	not assigned.not annotated
VIT_19s0177g00110	Vitvi19g01996	35.2	not assigned.not annotated
VIT_19s0177g00230	Vitvi19g02000	35.2	not assigned.not annotated
VIT_00s0187g00300	Vitvi10g00184	4	Amino acid metabolism
VIT_00s2478g00010	Vitvi00g01354	4	Amino acid metabolism
VIT_04s0008g06570	Vitvi04g00594	4	Amino acid metabolism
VIT_05s0020g03860	Vitvi05g00539	4	Amino acid metabolism
VIT_06s0004g06830	Vitvi06g00666	4	Amino acid metabolism
VIT_09s0002g05250	Vitvi09g00444	4	Amino acid metabolism
VIT_09s0018g01870	Vitvi09g01297	4	Amino acid metabolism
VIT_18s0001g08430	Vitvi18g02625	4	Amino acid metabolism
VIT_18s0001g09910	Vitvi18g00730	4	Amino acid metabolism
VIT_18s0001g14980	Vitvi18g01174	4	Amino acid metabolism
VIT_19s0014g01800	Vitvi19g00150	4	Amino acid metabolism
VIT_19s0085g00880	Vitvi19g01741	4	Amino acid metabolism
VIT_19s0135g00060	Vitvi19g01394	4	Amino acid metabolism
VIT_04s0008g06570	Vitvi04g00594	4.1	Amino acid metabolism.biosynthesis
VIT_05s0020g03860	Vitvi05g00539	4.1	Amino acid metabolism.biosynthesis
VIT_06s0004g06830	Vitvi06g00666	4.1	Amino acid metabolism.biosynthesis
VIT_09s0018g01870	Vitvi09g01297	4.1	Amino acid metabolism.biosynthesis
VIT_18s0001g08430	Vitvi18g02625	4.1	Amino acid metabolism.biosynthesis
VIT_18s0001g09910	Vitvi18g00730	4.1	Amino acid metabolism.biosynthesis
VIT_05s0020g03860	Vitvi05g00539	4.1.2	Amino acid metabolism.biosynthesis.aspartate family
VIT_06s0004g06830	Vitvi06g00666	4.1.2	Amino acid metabolism.biosynthesis.aspartate family
VIT_18s0001g08430	Vitvi18g02625	4.1.2	Amino acid metabolism.biosynthesis.aspartate family
VIT_18s0001g09910	Vitvi18g00730	4.1.2	Amino acid metabolism.biosynthesis.aspartate family
VIT_06s0004g06830	Vitvi06g00666	4.1.2.1	Amino acid metabolism.biosynthesis.aspartate family.asparagine
VIT_18s0001g09910	Vitvi18g00730	4.1.2.1	Amino acid metabolism.biosynthesis.aspartate family.asparagine
VIT_06s0004g06830	Vitvi06g00666	4.1.2.1.1	Amino acid metabolism.biosynthesis.aspartate family.asparagine.glutamine-dependent asparagine synthetase
VIT_18s0001g09910	Vitvi18g00730	4.1.2.1.2	Amino acid metabolism.biosynthesis.aspartate family.asparagine.L-asparaginase
VIT_05s0020g03860	Vitvi05g00539	4.1.2.2	Amino acid metabolism.biosynthesis.aspartate family.aspartate-derived amino acids
VIT_18s0001g08430	Vitvi18g02625	4.1.2.2	Amino acid metabolism.biosynthesis.aspartate family.aspartate-derived amino acids
VIT_05s0020g03860	Vitvi05g00539	4.1.2.2.6	Amino acid metabolism.biosynthesis.aspartate family.aspartate-derived amino acids.methionine
VIT_05s0020g03860	Vitvi05g00539	4.1.2.2.6.3	Amino acid metabolism.biosynthesis.aspartate family.aspartate-derived amino acids.methionine.S-methylmethionine cycle
VIT_05s0020g03860	Vitvi05g00539	4.1.2.2.6.3.1	Amino acid metabolism.biosynthesis.aspartate family.aspartate-derived amino acids.methionine.S-methylmethionine cycle.homocysteine S-methyltransferase
VIT_18s0001g08430	Vitvi18g02625	4.1.2.2.8	Amino acid metabolism.biosynthesis.aspartate family.aspartate-derived amino acids.isoleucine
VIT_18s0001g08430	Vitvi18g02625	4.1.2.2.8.6	Amino acid metabolism.biosynthesis.aspartate family.aspartate-derived amino acids.isoleucine.valine/leucine/isoleucine aminotransferase
VIT_18s0001g08430	Vitvi18g02625	4.1.3	Amino acid metabolism.biosynthesis.pyruvate family
VIT_18s0001g08430	Vitvi18g02625	4.1.3.2	Amino acid metabolism.biosynthesis.pyruvate family.pyruvate-derived amino acids
VIT_18s0001g08430	Vitvi18g02625	4.1.3.2.4	Amino acid metabolism.biosynthesis.pyruvate family.pyruvate-derived amino acids.valine/leucine/isoleucine aminotransferase
VIT_09s0018g01870	Vitvi09g01297	4.1.4	Amino acid metabolism.biosynthesis.serine family
VIT_09s0018g01870	Vitvi09g01297	4.1.4.1	Amino acid metabolism.biosynthesis.serine family.non-photorespiratory serine
VIT_09s0018g01870	Vitvi09g01297	4.1.4.1.1	Amino acid metabolism.biosynthesis.serine family.non-photorespiratory serine.phosphoglycerate dehydrogenase
VIT_04s0008g06570	Vitvi04g00594	4.1.5	Amino acid metabolism.biosynthesis.shikimate family
VIT_04s0008g06570	Vitvi04g00594	4.1.5.2	Amino acid metabolism.biosynthesis.shikimate family.phenylalanine and tyrosine
VIT_04s0008g06570	Vitvi04g00594	4.1.5.2.1	Amino acid metabolism.biosynthesis.shikimate family.phenylalanine and tyrosine.chorismate mutase
VIT_00s0187g00300	Vitvi10g00184	4.2	Amino acid metabolism.degradation
VIT_00s2478g00010	Vitvi00g01354	4.2	Amino acid metabolism.degradation
VIT_09s0002g05250	Vitvi09g00444	4.2	Amino acid metabolism.degradation
VIT_18s0001g08430	Vitvi18g02625	4.2	Amino acid metabolism.degradation
VIT_18s0001g14980	Vitvi18g01174	4.2	Amino acid metabolism.degradation
VIT_19s0014g01800	Vitvi19g00150	4.2	Amino acid metabolism.degradation
VIT_19s0085g00880	Vitvi19g01741	4.2	Amino acid metabolism.degradation
VIT_19s0135g00060	Vitvi19g01394	4.2	Amino acid metabolism.degradation
VIT_00s2478g00010	Vitvi00g01354	4.2.1	Amino acid metabolism.degradation.arginine
VIT_00s2478g00010	Vitvi00g01354	4.2.1.2	Amino acid metabolism.degradation.arginine.urease
VIT_00s2478g00010	Vitvi00g01354	4.2.1.3	Amino acid metabolism.degradation.arginine.urease accessory protein activities
VIT_00s2478g00010	Vitvi00g01354	4.2.1.3.1	Amino acid metabolism.degradation.arginine.urease accessory protein activities.urease accessory protein (ureD)
VIT_19s0085g00880	Vitvi19g01741	4.2.2	Amino acid metabolism.degradation.gamma-aminobutyrate (GABA)
VIT_19s0085g00880	Vitvi19g01741	4.2.2.2	Amino acid metabolism.degradation.gamma-aminobutyrate (GABA).succinate formation
VIT_19s0085g00880	Vitvi19g01741	4.2.2.2.1	Amino acid metabolism.degradation.gamma-aminobutyrate (GABA).succinate formation.NAD-dependent succinic semialdehyde dehydrogenase
VIT_19s0135g00060	Vitvi19g01394	4.2.6	Amino acid metabolism.degradation.cysteine
VIT_19s0135g00060	Vitvi19g01394	4.2.6.2	Amino acid metabolism.degradation.cysteine.sulfur dioxygenase
VIT_18s0001g08430	Vitvi18g02625	4.2.7	Amino acid metabolism.degradation.branched-chain amino acid
VIT_18s0001g14980	Vitvi18g01174	4.2.7	Amino acid metabolism.degradation.branched-chain amino acid
VIT_18s0001g08430	Vitvi18g02625	4.2.7.1	Amino acid metabolism.degradation.branched-chain amino acid.branched-chain aminotransferase (BCAT)
VIT_18s0001g14980	Vitvi18g01174	4.2.7.2	Amino acid metabolism.degradation.branched-chain amino acid.branched-chain alpha-keto acid dehydrogenase complex
VIT_18s0001g14980	Vitvi18g01174	4.2.7.2.1	Amino acid metabolism.degradation.branched-chain amino acid.branched-chain alpha-keto acid dehydrogenase complex.E1 2-oxoisovalerate dehydrogenase subcomplex
VIT_18s0001g14980	Vitvi18g01174	4.2.7.2.1.1	Amino acid metabolism.degradation.branched-chain amino acid.branched-chain alpha-keto acid dehydrogenase complex.E1 2-oxoisovalerate dehydrogenase subcomplex.subunit alpha
VIT_00s0187g00300	Vitvi10g00184	4.2.8	Amino acid metabolism.degradation.aromatic amino acid
VIT_09s0002g05250	Vitvi09g00444	4.2.8	Amino acid metabolism.degradation.aromatic amino acid
VIT_19s0014g01800	Vitvi19g00150	4.2.8	Amino acid metabolism.degradation.aromatic amino acid
VIT_09s0002g05250	Vitvi09g00444	4.2.8.1	Amino acid metabolism.degradation.aromatic amino acid.aromatic-amino-acid aminotransferase
VIT_00s0187g00300	Vitvi10g00184	4.2.8.3	Amino acid metabolism.degradation.aromatic amino acid.tyrosine
VIT_19s0014g01800	Vitvi19g00150	4.2.8.3	Amino acid metabolism.degradation.aromatic amino acid.tyrosine
VIT_19s0014g01800	Vitvi19g00150	4.2.8.3.1	Amino acid metabolism.degradation.aromatic amino acid.tyrosine.homogentisate dioxygenase
VIT_00s0187g00300	Vitvi10g00184	4.2.8.3.3	Amino acid metabolism.degradation.aromatic amino acid.tyrosine.fumarylacetoacetate hydrolase
VIT_00s0583g00030	Vitvi10g00414	5	Lipid metabolism
VIT_00s1667g00010	Vitvi00g02208	5	Lipid metabolism
VIT_01s0011g04160	Vitvi01g01956	5	Lipid metabolism
VIT_01s0011g04370	Vitvi01g00362	5	Lipid metabolism
VIT_01s0011g05200	Vitvi01g00441	5	Lipid metabolism
VIT_01s0146g00070	Vitvi01g01701	5	Lipid metabolism
VIT_01s0146g00090	Vitvi01g01703	5	Lipid metabolism
VIT_01s0150g00210	Vitvi01g01782	5	Lipid metabolism
VIT_01s0244g00030	Vitvi01g01748	5	Lipid metabolism
VIT_02s0234g00110	Vitvi02g01778	5	Lipid metabolism
VIT_03s0038g02920	Vitvi03g00185	5	Lipid metabolism
VIT_03s0088g01190	Vitvi03g00785	5	Lipid metabolism
VIT_04s0008g00540	Vitvi04g00042	5	Lipid metabolism
VIT_04s0008g01210	Vitvi04g00103	5	Lipid metabolism
VIT_04s0008g04710	Vitvi04g00410	5	Lipid metabolism
VIT_05s0020g00930	Vitvi05g01835	5	Lipid metabolism
VIT_05s0020g04540	Vitvi05g00616	5	Lipid metabolism
VIT_05s0029g00480	Vitvi05g01116	5	Lipid metabolism
VIT_05s0049g01780	Vitvi05g00819	5	Lipid metabolism
VIT_06s0004g01250	Vitvi06g00119	5	Lipid metabolism
VIT_06s0004g06660	Vitvi06g00648	5	Lipid metabolism
VIT_07s0005g00170	Vitvi07g00301	5	Lipid metabolism
VIT_07s0005g01240	Vitvi07g00395	5	Lipid metabolism
VIT_07s0031g00590	Vitvi07g01742	5	Lipid metabolism
VIT_07s0141g00360	Vitvi07g00039	5	Lipid metabolism
VIT_08s0007g02000	Vitvi08g01342	5	Lipid metabolism
VIT_08s0007g07270	Vitvi08g01801	5	Lipid metabolism
VIT_08s0007g08470	Vitvi08g01905	5	Lipid metabolism
VIT_08s0105g00430	Vitvi08g00662	5	Lipid metabolism
VIT_11s0016g00130	Vitvi11g00672	5	Lipid metabolism
VIT_11s0016g03210	Vitvi11g00272	5	Lipid metabolism
VIT_11s0052g00240	Vitvi11g01634	5	Lipid metabolism
VIT_11s0103g00190	Vitvi11g01098	5	Lipid metabolism
VIT_12s0028g02000	Vitvi12g00167	5	Lipid metabolism
VIT_12s0059g02350	Vitvi12g00526	5	Lipid metabolism
VIT_13s0064g00440	Vitvi13g01684	5	Lipid metabolism
VIT_13s0067g00890	Vitvi13g00047	5	Lipid metabolism
VIT_13s0067g01120	Vitvi13g00060	5	Lipid metabolism
VIT_13s0067g03890	Vitvi13g00230	5	Lipid metabolism
VIT_14s0006g02990	Vitvi14g01198	5	Lipid metabolism
VIT_14s0066g00700	Vitvi14g03008	5	Lipid metabolism
VIT_14s0066g00710	Vitvi14g01708	5	Lipid metabolism
VIT_16s0013g00880	Vitvi16g00347	5	Lipid metabolism
VIT_17s0000g03010	Vitvi17g00261	5	Lipid metabolism
VIT_17s0000g04210	Vitvi17g00379	5	Lipid metabolism
VIT_17s0000g09000	Vitvi17g01554	5	Lipid metabolism
VIT_18s0001g00370	Vitvi18g00131	5	Lipid metabolism
VIT_18s0001g00770	Vitvi18g00159	5	Lipid metabolism
VIT_18s0001g10830	Vitvi18g02692	5	Lipid metabolism
VIT_18s0001g11910	Vitvi18g00915	5	Lipid metabolism
VIT_18s0001g15460	Vitvi18g01231	5	Lipid metabolism
VIT_19s0090g01170	Vitvi19g00565	5	Lipid metabolism
VIT_01s0244g00030	Vitvi01g01748	5.1	Lipid metabolism.fatty acid biosynthesis
VIT_04s0008g04710	Vitvi04g00410	5.1	Lipid metabolism.fatty acid biosynthesis
VIT_05s0020g04540	Vitvi05g00616	5.1	Lipid metabolism.fatty acid biosynthesis
VIT_05s0029g00480	Vitvi05g01116	5.1	Lipid metabolism.fatty acid biosynthesis
VIT_06s0004g01250	Vitvi06g00119	5.1	Lipid metabolism.fatty acid biosynthesis
VIT_08s0007g07270	Vitvi08g01801	5.1	Lipid metabolism.fatty acid biosynthesis
VIT_08s0105g00430	Vitvi08g00662	5.1	Lipid metabolism.fatty acid biosynthesis
VIT_11s0016g00130	Vitvi11g00672	5.1	Lipid metabolism.fatty acid biosynthesis
VIT_11s0016g03210	Vitvi11g00272	5.1	Lipid metabolism.fatty acid biosynthesis
VIT_13s0067g01120	Vitvi13g00060	5.1	Lipid metabolism.fatty acid biosynthesis
VIT_13s0067g03890	Vitvi13g00230	5.1	Lipid metabolism.fatty acid biosynthesis
VIT_14s0006g02990	Vitvi14g01198	5.1	Lipid metabolism.fatty acid biosynthesis
VIT_18s0001g15460	Vitvi18g01231	5.1	Lipid metabolism.fatty acid biosynthesis
VIT_19s0090g01170	Vitvi19g00565	5.1	Lipid metabolism.fatty acid biosynthesis
VIT_08s0007g07270	Vitvi08g01801	5.1.1	Lipid metabolism.fatty acid biosynthesis.citrate shuttle
VIT_11s0016g03210	Vitvi11g00272	5.1.1	Lipid metabolism.fatty acid biosynthesis.citrate shuttle
VIT_19s0090g01170	Vitvi19g00565	5.1.1	Lipid metabolism.fatty acid biosynthesis.citrate shuttle
VIT_08s0007g07270	Vitvi08g01801	5.1.1.1	Lipid metabolism.fatty acid biosynthesis.citrate shuttle.mitochondrial dicarboxylate transporter
VIT_11s0016g03210	Vitvi11g00272	5.1.1.4	Lipid metabolism.fatty acid biosynthesis.citrate shuttle.cytosolic NADP-dependent malic enzyme
VIT_19s0090g01170	Vitvi19g00565	5.1.1.5	Lipid metabolism.fatty acid biosynthesis.citrate shuttle.mitochondrial pyruvate transporter
VIT_01s0244g00030	Vitvi01g01748	5.1.4	Lipid metabolism.fatty acid biosynthesis.plastidial fatty acid synthase (ptFAS) system
VIT_01s0244g00030	Vitvi01g01748	5.1.4.1	Lipid metabolism.fatty acid biosynthesis.plastidial fatty acid synthase (ptFAS) system.acyl carrier protein (ptACP)
VIT_04s0008g04710	Vitvi04g00410	5.1.6	Lipid metabolism.fatty acid biosynthesis.endoplasmic reticulum-localized fatty acid elongase (FAE) system
VIT_05s0020g04540	Vitvi05g00616	5.1.6	Lipid metabolism.fatty acid biosynthesis.endoplasmic reticulum-localized fatty acid elongase (FAE) system
VIT_05s0029g00480	Vitvi05g01116	5.1.6	Lipid metabolism.fatty acid biosynthesis.endoplasmic reticulum-localized fatty acid elongase (FAE) system
VIT_13s0067g03890	Vitvi13g00230	5.1.6	Lipid metabolism.fatty acid biosynthesis.endoplasmic reticulum-localized fatty acid elongase (FAE) system
VIT_14s0006g02990	Vitvi14g01198	5.1.6	Lipid metabolism.fatty acid biosynthesis.endoplasmic reticulum-localized fatty acid elongase (FAE) system
VIT_04s0008g04710	Vitvi04g00410	5.1.6.1	Lipid metabolism.fatty acid biosynthesis.endoplasmic reticulum-localized fatty acid elongase (FAE) system.fatty acid elongation complex
VIT_05s0020g04540	Vitvi05g00616	5.1.6.1	Lipid metabolism.fatty acid biosynthesis.endoplasmic reticulum-localized fatty acid elongase (FAE) system.fatty acid elongation complex
VIT_13s0067g03890	Vitvi13g00230	5.1.6.1	Lipid metabolism.fatty acid biosynthesis.endoplasmic reticulum-localized fatty acid elongase (FAE) system.fatty acid elongation complex
VIT_14s0006g02990	Vitvi14g01198	5.1.6.1	Lipid metabolism.fatty acid biosynthesis.endoplasmic reticulum-localized fatty acid elongase (FAE) system.fatty acid elongation complex
VIT_04s0008g04710	Vitvi04g00410	5.1.6.1.1	Lipid metabolism.fatty acid biosynthesis.endoplasmic reticulum-localized fatty acid elongase (FAE) system.fatty acid elongation complex.3-ketoacyl-CoA synthase (KCS)
VIT_05s0020g04540	Vitvi05g00616	5.1.6.1.1	Lipid metabolism.fatty acid biosynthesis.endoplasmic reticulum-localized fatty acid elongase (FAE) system.fatty acid elongation complex.3-ketoacyl-CoA synthase (KCS)
VIT_13s0067g03890	Vitvi13g00230	5.1.6.1.1	Lipid metabolism.fatty acid biosynthesis.endoplasmic reticulum-localized fatty acid elongase (FAE) system.fatty acid elongation complex.3-ketoacyl-CoA synthase (KCS)
VIT_14s0006g02990	Vitvi14g01198	5.1.6.1.1	Lipid metabolism.fatty acid biosynthesis.endoplasmic reticulum-localized fatty acid elongase (FAE) system.fatty acid elongation complex.3-ketoacyl-CoA synthase (KCS)
VIT_05s0029g00480	Vitvi05g01116	5.1.6.2	Lipid metabolism.fatty acid biosynthesis.endoplasmic reticulum-localized fatty acid elongase (FAE) system.very long chain fatty acid elongation
VIT_05s0029g00480	Vitvi05g01116	5.1.6.2.1	Lipid metabolism.fatty acid biosynthesis.endoplasmic reticulum-localized fatty acid elongase (FAE) system.very long chain fatty acid elongation.catalytic protein (CER2)
VIT_06s0004g01250	Vitvi06g00119	5.1.7	Lipid metabolism.fatty acid biosynthesis.fatty acid desaturation
VIT_08s0105g00430	Vitvi08g00662	5.1.7	Lipid metabolism.fatty acid biosynthesis.fatty acid desaturation
VIT_11s0016g00130	Vitvi11g00672	5.1.7	Lipid metabolism.fatty acid biosynthesis.fatty acid desaturation
VIT_13s0067g01120	Vitvi13g00060	5.1.7	Lipid metabolism.fatty acid biosynthesis.fatty acid desaturation
VIT_18s0001g15460	Vitvi18g01231	5.1.7	Lipid metabolism.fatty acid biosynthesis.fatty acid desaturation
VIT_18s0001g15460	Vitvi18g01231	5.1.7.1	Lipid metabolism.fatty acid biosynthesis.fatty acid desaturation.stearoyl-ACP desaturase
VIT_06s0004g01250	Vitvi06g00119	5.1.7.3	Lipid metabolism.fatty acid biosynthesis.fatty acid desaturation.omega-3/omega-6 fatty acid desaturase (FAD2/3/6-8)
VIT_08s0105g00430	Vitvi08g00662	5.1.7.3	Lipid metabolism.fatty acid biosynthesis.fatty acid desaturation.omega-3/omega-6 fatty acid desaturase (FAD2/3/6-8)
VIT_11s0016g00130	Vitvi11g00672	5.1.7.3	Lipid metabolism.fatty acid biosynthesis.fatty acid desaturation.omega-3/omega-6 fatty acid desaturase (FAD2/3/6-8)
VIT_13s0067g01120	Vitvi13g00060	5.1.7.3	Lipid metabolism.fatty acid biosynthesis.fatty acid desaturation.omega-3/omega-6 fatty acid desaturase (FAD2/3/6-8)
VIT_01s0011g04160	Vitvi01g01956	5.2	Lipid metabolism.glycerolipid biosynthesis
VIT_01s0011g04370	Vitvi01g00362	5.2	Lipid metabolism.glycerolipid biosynthesis
VIT_01s0011g05200	Vitvi01g00441	5.2	Lipid metabolism.glycerolipid biosynthesis
VIT_05s0020g00930	Vitvi05g01835	5.2	Lipid metabolism.glycerolipid biosynthesis
VIT_08s0007g02000	Vitvi08g01342	5.2	Lipid metabolism.glycerolipid biosynthesis
VIT_17s0000g03010	Vitvi17g00261	5.2	Lipid metabolism.glycerolipid biosynthesis
VIT_18s0001g11910	Vitvi18g00915	5.2	Lipid metabolism.glycerolipid biosynthesis
VIT_08s0007g02000	Vitvi08g01342	5.2.1	Lipid metabolism.glycerolipid biosynthesis.phosphatidate
VIT_18s0001g11910	Vitvi18g00915	5.2.1	Lipid metabolism.glycerolipid biosynthesis.phosphatidate
VIT_08s0007g02000	Vitvi08g01342	5.2.1.2	Lipid metabolism.glycerolipid biosynthesis.phosphatidate.endoplasmic reticulum phosphatidate biosynthesis
VIT_18s0001g11910	Vitvi18g00915	5.2.1.2	Lipid metabolism.glycerolipid biosynthesis.phosphatidate.endoplasmic reticulum phosphatidate biosynthesis
VIT_08s0007g02000	Vitvi08g01342	5.2.1.2.2	Lipid metabolism.glycerolipid biosynthesis.phosphatidate.endoplasmic reticulum phosphatidate biosynthesis.glycerol-3-phosphate acyltransferase (GPAT4-8)
VIT_18s0001g11910	Vitvi18g00915	5.2.1.2.4	Lipid metabolism.glycerolipid biosynthesis.phosphatidate.endoplasmic reticulum phosphatidate biosynthesis.lysophosphatidate acyltransferase (LPAT)
VIT_05s0020g00930	Vitvi05g01835	5.2.10	Lipid metabolism.glycerolipid biosynthesis.triacylglycerols
VIT_05s0020g00930	Vitvi05g01835	5.2.10.2	Lipid metabolism.glycerolipid biosynthesis.triacylglycerols.iron-sulfur protein (DGAT3)
VIT_01s0011g04160	Vitvi01g01956	5.2.2	Lipid metabolism.glycerolipid biosynthesis.diacylglycerol
VIT_01s0011g04160	Vitvi01g01956	5.2.2.1	Lipid metabolism.glycerolipid biosynthesis.diacylglycerol.phosphatidate phosphatase (LPP-alpha)
VIT_01s0011g05200	Vitvi01g00441	5.2.4	Lipid metabolism.glycerolipid biosynthesis.phosphatidylcholine
VIT_01s0011g05200	Vitvi01g00441	5.2.4.1	Lipid metabolism.glycerolipid biosynthesis.phosphatidylcholine.phospho-base N-methyltransferase
VIT_01s0011g04370	Vitvi01g00362	5.2.5	Lipid metabolism.glycerolipid biosynthesis.phosphatidylserine
VIT_17s0000g03010	Vitvi17g00261	5.2.5	Lipid metabolism.glycerolipid biosynthesis.phosphatidylserine
VIT_01s0011g04370	Vitvi01g00362	5.2.5.1	Lipid metabolism.glycerolipid biosynthesis.phosphatidylserine.base-exchange pathway
VIT_17s0000g03010	Vitvi17g00261	5.2.5.1	Lipid metabolism.glycerolipid biosynthesis.phosphatidylserine.base-exchange pathway
VIT_01s0011g04370	Vitvi01g00362	5.2.5.1.1	Lipid metabolism.glycerolipid biosynthesis.phosphatidylserine.base-exchange pathway.base-exchange-type phosphatidylserine synthase
VIT_17s0000g03010	Vitvi17g00261	5.2.5.1.1	Lipid metabolism.glycerolipid biosynthesis.phosphatidylserine.base-exchange pathway.base-exchange-type phosphatidylserine synthase
VIT_00s0583g00030	Vitvi10g00414	5.4	Lipid metabolism.sphingolipid biosynthesis
VIT_04s0008g01210	Vitvi04g00103	5.4	Lipid metabolism.sphingolipid biosynthesis
VIT_11s0052g00240	Vitvi11g01634	5.4	Lipid metabolism.sphingolipid biosynthesis
VIT_00s0583g00030	Vitvi10g00414	5.4.4	Lipid metabolism.sphingolipid biosynthesis.delta-4 sphingolipid desaturase
VIT_11s0052g00240	Vitvi11g01634	5.4.6	Lipid metabolism.sphingolipid biosynthesis.sphingosine transfer protein
VIT_04s0008g01210	Vitvi04g00103	5.4.9	Lipid metabolism.sphingolipid biosynthesis.delta-8 sphingolipid desaturase
VIT_01s0150g00210	Vitvi01g01782	5.5	Lipid metabolism.phytosterol biosynthesis
VIT_03s0038g02920	Vitvi03g00185	5.5	Lipid metabolism.phytosterol biosynthesis
VIT_08s0007g08470	Vitvi08g01905	5.5	Lipid metabolism.phytosterol biosynthesis
VIT_13s0064g00440	Vitvi13g01684	5.5	Lipid metabolism.phytosterol biosynthesis
VIT_01s0150g00210	Vitvi01g01782	5.5.1	Lipid metabolism.phytosterol biosynthesis.campesterol
VIT_03s0038g02920	Vitvi03g00185	5.5.1	Lipid metabolism.phytosterol biosynthesis.campesterol
VIT_08s0007g08470	Vitvi08g01905	5.5.1	Lipid metabolism.phytosterol biosynthesis.campesterol
VIT_13s0064g00440	Vitvi13g01684	5.5.1	Lipid metabolism.phytosterol biosynthesis.campesterol
VIT_03s0038g02920	Vitvi03g00185	5.5.1.1	Lipid metabolism.phytosterol biosynthesis.campesterol.sterol C-24 methyltransferase
VIT_08s0007g08470	Vitvi08g01905	5.5.1.1	Lipid metabolism.phytosterol biosynthesis.campesterol.sterol C-24 methyltransferase
VIT_13s0064g00440	Vitvi13g01684	5.5.1.1	Lipid metabolism.phytosterol biosynthesis.campesterol.sterol C-24 methyltransferase
VIT_01s0150g00210	Vitvi01g01782	5.5.1.2	Lipid metabolism.phytosterol biosynthesis.campesterol.obtusifoliol 14-alpha demethylase
VIT_03s0088g01190	Vitvi03g00785	5.7	Lipid metabolism.lipid degradation
VIT_06s0004g06660	Vitvi06g00648	5.7	Lipid metabolism.lipid degradation
VIT_07s0005g01240	Vitvi07g00395	5.7	Lipid metabolism.lipid degradation
VIT_07s0031g00590	Vitvi07g01742	5.7	Lipid metabolism.lipid degradation
VIT_07s0141g00360	Vitvi07g00039	5.7	Lipid metabolism.lipid degradation
VIT_11s0103g00190	Vitvi11g01098	5.7	Lipid metabolism.lipid degradation
VIT_12s0028g02000	Vitvi12g00167	5.7	Lipid metabolism.lipid degradation
VIT_12s0059g02350	Vitvi12g00526	5.7	Lipid metabolism.lipid degradation
VIT_13s0067g00890	Vitvi13g00047	5.7	Lipid metabolism.lipid degradation
VIT_18s0001g00370	Vitvi18g00131	5.7	Lipid metabolism.lipid degradation
VIT_18s0001g00770	Vitvi18g00159	5.7	Lipid metabolism.lipid degradation
VIT_18s0001g10830	Vitvi18g02692	5.7	Lipid metabolism.lipid degradation
VIT_07s0031g00590	Vitvi07g01742	5.7.1	Lipid metabolism.lipid degradation.triacylglycerol lipase activities
VIT_07s0031g00590	Vitvi07g01742	5.7.1.2	Lipid metabolism.lipid degradation.triacylglycerol lipase activities.diacyl-/triacylglycerol lipase activities
VIT_07s0031g00590	Vitvi07g01742	5.7.1.2.3	Lipid metabolism.lipid degradation.triacylglycerol lipase activities.diacyl-/triacylglycerol lipase activities.lipase (OBL)
VIT_06s0004g06660	Vitvi06g00648	5.7.2	Lipid metabolism.lipid degradation.phospholipase activities
VIT_07s0005g01240	Vitvi07g00395	5.7.2	Lipid metabolism.lipid degradation.phospholipase activities
VIT_07s0141g00360	Vitvi07g00039	5.7.2	Lipid metabolism.lipid degradation.phospholipase activities
VIT_11s0103g00190	Vitvi11g01098	5.7.2	Lipid metabolism.lipid degradation.phospholipase activities
VIT_12s0028g02000	Vitvi12g00167	5.7.2	Lipid metabolism.lipid degradation.phospholipase activities
VIT_13s0067g00890	Vitvi13g00047	5.7.2	Lipid metabolism.lipid degradation.phospholipase activities
VIT_18s0001g00770	Vitvi18g00159	5.7.2	Lipid metabolism.lipid degradation.phospholipase activities
VIT_18s0001g10830	Vitvi18g02692	5.7.2	Lipid metabolism.lipid degradation.phospholipase activities
VIT_07s0005g01240	Vitvi07g00395	5.7.2.1	Lipid metabolism.lipid degradation.phospholipase activities.phospholipase A1 activities
VIT_07s0141g00360	Vitvi07g00039	5.7.2.1	Lipid metabolism.lipid degradation.phospholipase activities.phospholipase A1 activities
VIT_12s0028g02000	Vitvi12g00167	5.7.2.1	Lipid metabolism.lipid degradation.phospholipase activities.phospholipase A1 activities
VIT_07s0141g00360	Vitvi07g00039	5.7.2.1.1	Lipid metabolism.lipid degradation.phospholipase activities.phospholipase A1 activities.phospholipase A1 (PC-PLA1)
VIT_12s0028g02000	Vitvi12g00167	5.7.2.1.1	Lipid metabolism.lipid degradation.phospholipase activities.phospholipase A1 activities.phospholipase A1 (PC-PLA1)
VIT_07s0005g01240	Vitvi07g00395	5.7.2.1.3	Lipid metabolism.lipid degradation.phospholipase activities.phospholipase A1 activities.phosphatidylglycerol lipase (PLIP1)
VIT_11s0103g00190	Vitvi11g01098	5.7.2.2	Lipid metabolism.lipid degradation.phospholipase activities.phospholipase A2 activities
VIT_18s0001g10830	Vitvi18g02692	5.7.2.2	Lipid metabolism.lipid degradation.phospholipase activities.phospholipase A2 activities
VIT_11s0103g00190	Vitvi11g01098	5.7.2.2.1	Lipid metabolism.lipid degradation.phospholipase activities.phospholipase A2 activities.phospholipase A2 (sPLA2)
VIT_18s0001g10830	Vitvi18g02692	5.7.2.2.3	Lipid metabolism.lipid degradation.phospholipase activities.phospholipase A2 activities.phospholipase A2 (pPLA2-II)
VIT_06s0004g06660	Vitvi06g00648	5.7.2.3	Lipid metabolism.lipid degradation.phospholipase activities.phospholipase C activities
VIT_13s0067g00890	Vitvi13g00047	5.7.2.3	Lipid metabolism.lipid degradation.phospholipase activities.phospholipase C activities
VIT_06s0004g06660	Vitvi06g00648	5.7.2.3.2	Lipid metabolism.lipid degradation.phospholipase activities.phospholipase C activities.phospholipase C (PI-PLC)
VIT_13s0067g00890	Vitvi13g00047	5.7.2.3.2	Lipid metabolism.lipid degradation.phospholipase activities.phospholipase C activities.phospholipase C (PI-PLC)
VIT_18s0001g00770	Vitvi18g00159	5.7.2.4	Lipid metabolism.lipid degradation.phospholipase activities.phospholipase D activities
VIT_18s0001g00770	Vitvi18g00159	5.7.2.4.3	Lipid metabolism.lipid degradation.phospholipase activities.phospholipase D activities.phospholipase D (PLD-delta)
VIT_03s0088g01190	Vitvi03g00785	5.7.3	Lipid metabolism.lipid degradation.fatty acid degradation
VIT_12s0059g02350	Vitvi12g00526	5.7.3	Lipid metabolism.lipid degradation.fatty acid degradation
VIT_03s0088g01190	Vitvi03g00785	5.7.3.6	Lipid metabolism.lipid degradation.fatty acid degradation.glyoxylate cycle
VIT_12s0059g02350	Vitvi12g00526	5.7.3.6	Lipid metabolism.lipid degradation.fatty acid degradation.glyoxylate cycle
VIT_12s0059g02350	Vitvi12g00526	5.7.3.6.3	Lipid metabolism.lipid degradation.fatty acid degradation.glyoxylate cycle.isocitrate lyase
VIT_03s0088g01190	Vitvi03g00785	5.7.3.6.5	Lipid metabolism.lipid degradation.fatty acid degradation.glyoxylate cycle.peroxisomal NAD-dependent malate dehydrogenase
VIT_18s0001g00370	Vitvi18g00131	5.7.5	Lipid metabolism.lipid degradation.sphingolipid degradation
VIT_18s0001g00370	Vitvi18g00131	5.7.5.1	Lipid metabolism.lipid degradation.sphingolipid degradation.ceramidase activities
VIT_18s0001g00370	Vitvi18g00131	5.7.5.1.1	Lipid metabolism.lipid degradation.sphingolipid degradation.ceramidase activities.neutral ceramidase (NCER)
VIT_00s1667g00010	Vitvi00g02208	5.8	Lipid metabolism.lipid trafficking
VIT_00s1667g00010	Vitvi00g02208	5.8.2	Lipid metabolism.lipid trafficking.endoplasmic reticulum-plastid lipid transfer
VIT_00s1667g00010	Vitvi00g02208	5.8.2.1	Lipid metabolism.lipid trafficking.endoplasmic reticulum-plastid lipid transfer.phospholipid transverse translocation
VIT_00s1667g00010	Vitvi00g02208	5.8.2.1.1	Lipid metabolism.lipid trafficking.endoplasmic reticulum-plastid lipid transfer.phospholipid transverse translocation.ALA-ALIS flippase complex
VIT_00s1667g00010	Vitvi00g02208	5.8.2.1.1.2	Lipid metabolism.lipid trafficking.endoplasmic reticulum-plastid lipid transfer.phospholipid transverse translocation.ALA-ALIS flippase complex.regulatory component ALIS
VIT_01s0146g00070	Vitvi01g01701	5.9	Lipid metabolism.lipid bodies-associated activities
VIT_01s0146g00090	Vitvi01g01703	5.9	Lipid metabolism.lipid bodies-associated activities
VIT_02s0234g00110	Vitvi02g01778	5.9	Lipid metabolism.lipid bodies-associated activities
VIT_04s0008g00540	Vitvi04g00042	5.9	Lipid metabolism.lipid bodies-associated activities
VIT_05s0049g01780	Vitvi05g00819	5.9	Lipid metabolism.lipid bodies-associated activities
VIT_07s0005g00170	Vitvi07g00301	5.9	Lipid metabolism.lipid bodies-associated activities
VIT_14s0066g00700	Vitvi14g03008	5.9	Lipid metabolism.lipid bodies-associated activities
VIT_14s0066g00710	Vitvi14g01708	5.9	Lipid metabolism.lipid bodies-associated activities
VIT_16s0013g00880	Vitvi16g00347	5.9	Lipid metabolism.lipid bodies-associated activities
VIT_17s0000g04210	Vitvi17g00379	5.9	Lipid metabolism.lipid bodies-associated activities
VIT_17s0000g09000	Vitvi17g01554	5.9	Lipid metabolism.lipid bodies-associated activities
VIT_02s0234g00110	Vitvi02g01778	5.9.2	Lipid metabolism.lipid bodies-associated activities.oleosin structural protein
VIT_04s0008g00540	Vitvi04g00042	5.9.2	Lipid metabolism.lipid bodies-associated activities.oleosin structural protein
VIT_14s0066g00700	Vitvi14g03008	5.9.2	Lipid metabolism.lipid bodies-associated activities.oleosin structural protein
VIT_14s0066g00710	Vitvi14g01708	5.9.2	Lipid metabolism.lipid bodies-associated activities.oleosin structural protein
VIT_16s0013g00880	Vitvi16g00347	5.9.2	Lipid metabolism.lipid bodies-associated activities.oleosin structural protein
VIT_17s0000g04210	Vitvi17g00379	5.9.2	Lipid metabolism.lipid bodies-associated activities.oleosin structural protein
VIT_17s0000g09000	Vitvi17g01554	5.9.2	Lipid metabolism.lipid bodies-associated activities.oleosin structural protein
VIT_05s0049g01780	Vitvi05g00819	5.9.3	Lipid metabolism.lipid bodies-associated activities.caleosin lipid body surface protein (CLO/PXG)
VIT_01s0146g00070	Vitvi01g01701	5.9.4	Lipid metabolism.lipid bodies-associated activities.steroleosin dehydrogenase (HSD/SLO)
VIT_01s0146g00090	Vitvi01g01703	5.9.4	Lipid metabolism.lipid bodies-associated activities.steroleosin dehydrogenase (HSD/SLO)
VIT_07s0005g00170	Vitvi07g00301	5.9.5	Lipid metabolism.lipid bodies-associated activities.associated factor (LDAP)
VIT_00s0207g00010	Vitvi07g01255	50	Enzyme classification
VIT_00s0233g00010	Vitvi02g01703	50	Enzyme classification
VIT_00s0233g00020	Vitvi02g01702	50	Enzyme classification
VIT_00s0253g00040	Vitvi07g01308	50	Enzyme classification
VIT_00s0301g00100	Vitvi10g00400	50	Enzyme classification
VIT_00s0324g00070	Vitvi07g01395	50	Enzyme classification
VIT_00s0324g00080	Vitvi07g02559	50	Enzyme classification
VIT_00s0371g00050	Vitvi07g03077	50	Enzyme classification
VIT_00s0371g00100	Vitvi07g03081	50	Enzyme classification
VIT_00s0375g00030	Vitvi10g00436	50	Enzyme classification
VIT_00s0389g00030	Vitvi02g01727	50	Enzyme classification
VIT_00s0389g00040	Vitvi02g01728	50	Enzyme classification
VIT_00s0437g00010	Vitvi00g00663	50	Enzyme classification
VIT_00s0615g00030	Vitvi07g03083	50	Enzyme classification
VIT_00s1389g00010	Vitvi07g03130	50	Enzyme classification
VIT_00s1542g00020	Vitvi07g03136	50	Enzyme classification
VIT_00s2594g00010	Vitvi10g02419	50	Enzyme classification
VIT_01s0011g00760	Vitvi01g00067	50	Enzyme classification
VIT_01s0011g03670	Vitvi01g00300	50	Enzyme classification
VIT_01s0011g04290	Vitvi01g00352	50	Enzyme classification
VIT_01s0011g04720	Vitvi01g00397	50	Enzyme classification
VIT_01s0011g04740	Vitvi01g00398	50	Enzyme classification
VIT_01s0026g00200	Vitvi01g00784	50	Enzyme classification
VIT_01s0137g00410	Vitvi01g00612	50	Enzyme classification
VIT_01s0137g00550	Vitvi01g00620	50	Enzyme classification
VIT_01s0150g00460	Vitvi01g01805	50	Enzyme classification
VIT_02s0012g00450	Vitvi02g01479	50	Enzyme classification
VIT_02s0012g02220	Vitvi02g00792	50	Enzyme classification
VIT_02s0012g02810	Vitvi02g01537	50	Enzyme classification
VIT_02s0025g01240	Vitvi02g00110	50	Enzyme classification
VIT_02s0025g01330	Vitvi02g00118	50	Enzyme classification
VIT_02s0025g02770	Vitvi02g00248	50	Enzyme classification
VIT_02s0025g02920	Vitvi02g00263	50	Enzyme classification
VIT_02s0025g04730	Vitvi02g00436	50	Enzyme classification
VIT_02s0025g04880	Vitvi02g01415	50	Enzyme classification
VIT_02s0025g04890	Vitvi02g01416	50	Enzyme classification
VIT_02s0033g00290	Vitvi02g01003	50	Enzyme classification
VIT_02s0033g01000	Vitvi02g01110	50	Enzyme classification
VIT_02s0033g01020	Vitvi02g01113	50	Enzyme classification
VIT_02s0087g00370	Vitvi02g01227	50	Enzyme classification
VIT_02s0087g00720	Vitvi02g01270	50	Enzyme classification
VIT_02s0154g00080	Vitvi02g00511	50	Enzyme classification
VIT_03s0017g00870	Vitvi03g01816	50	Enzyme classification
VIT_03s0038g03090	Vitvi03g00194	50	Enzyme classification
VIT_03s0038g03570	Vitvi03g00217	50	Enzyme classification
VIT_03s0038g04680	Vitvi03g01489	50	Enzyme classification
VIT_03s0038g04700	Vitvi03g00310	50	Enzyme classification
VIT_03s0063g01150	Vitvi03g01543	50	Enzyme classification
VIT_03s0063g01290	Vitvi03g00435	50	Enzyme classification
VIT_03s0063g01340	Vitvi03g01538	50	Enzyme classification
VIT_03s0063g01480	Vitvi03g00413	50	Enzyme classification
VIT_03s0063g01560	Vitvi03g01531	50	Enzyme classification
VIT_03s0063g01690	Vitvi03g01524	50	Enzyme classification
VIT_03s0063g01880	Vitvi03g00388	50	Enzyme classification
VIT_03s0063g02490	Vitvi03g00340	50	Enzyme classification
VIT_03s0088g00060	Vitvi03g00700	50	Enzyme classification
VIT_03s0088g00140	Vitvi03g00703	50	Enzyme classification
VIT_04s0023g02200	Vitvi04g01339	50	Enzyme classification
VIT_04s0023g02280	Vitvi04g02122	50	Enzyme classification
VIT_04s0023g02810	Vitvi04g01402	50	Enzyme classification
VIT_04s0023g03650	Vitvi04g01481	50	Enzyme classification
VIT_04s0023g03810	Vitvi04g02169	50	Enzyme classification
VIT_04s0044g00190	Vitvi04g01585	50	Enzyme classification
VIT_04s0044g00730	Vitvi04g01636	50	Enzyme classification
VIT_05s0020g03170	Vitvi05g00472	50	Enzyme classification
VIT_05s0020g04130	Vitvi05g00565	50	Enzyme classification
VIT_05s0049g00270	Vitvi05g01922	50	Enzyme classification
VIT_05s0049g00390	Vitvi05g01928	50	Enzyme classification
VIT_05s0049g00400	Vitvi05g01929	50	Enzyme classification
VIT_05s0049g00420	Vitvi05g00706	50	Enzyme classification
VIT_05s0049g01320	Vitvi05g00778	50	Enzyme classification
VIT_05s0062g00240	Vitvi05g01265	50	Enzyme classification
VIT_05s0062g00250	Vitvi05g01266	50	Enzyme classification
VIT_05s0062g00430	Vitvi05g01276	50	Enzyme classification
VIT_05s0062g00480	Vitvi05g02108	50	Enzyme classification
VIT_05s0062g00520	Vitvi05g01285	50	Enzyme classification
VIT_05s0062g00610	Vitvi05g02111	50	Enzyme classification
VIT_05s0062g00630	Vitvi05g01291	50	Enzyme classification
VIT_05s0062g00700	Vitvi05g01300	50	Enzyme classification
VIT_05s0062g00820	Vitvi05g01314	50	Enzyme classification
VIT_05s0062g00980	Vitvi05g01334	50	Enzyme classification
VIT_05s0062g01430	Vitvi05g01375	50	Enzyme classification
VIT_05s0077g01150	Vitvi05g00107	50	Enzyme classification
VIT_05s0094g01160	Vitvi05g02268	50	Enzyme classification
VIT_05s0094g01250	Vitvi05g01674	50	Enzyme classification
VIT_05s0094g01260	Vitvi05g01675	50	Enzyme classification
VIT_06s0004g01390	Vitvi06g00136	50	Enzyme classification
VIT_06s0004g01640	Vitvi06g00169	50	Enzyme classification
VIT_06s0004g05310	Vitvi06g01712	50	Enzyme classification
VIT_06s0004g05320	Vitvi06g01713	50	Enzyme classification
VIT_06s0004g05330	Vitvi06g01714	50	Enzyme classification
VIT_06s0004g05380	Vitvi06g01718	50	Enzyme classification
VIT_06s0004g05400	Vitvi06g00526	50	Enzyme classification
VIT_06s0004g05430	Vitvi06g00529	50	Enzyme classification
VIT_06s0004g05780	Vitvi06g00562	50	Enzyme classification
VIT_06s0004g06790	Vitvi06g00659	50	Enzyme classification
VIT_06s0004g07230	Vitvi06g01762	50	Enzyme classification
VIT_06s0004g07310	Vitvi06g00715	50	Enzyme classification
VIT_06s0009g00810	Vitvi06g00962	50	Enzyme classification
VIT_06s0009g02810	Vitvi06g01882	50	Enzyme classification
VIT_06s0009g03000	Vitvi06g01894	50	Enzyme classification
VIT_06s0009g03010	Vitvi06g01895	50	Enzyme classification
VIT_06s0061g00670	Vitvi06g01339	50	Enzyme classification
VIT_06s0080g00420	Vitvi06g01489	50	Enzyme classification
VIT_07s0005g01790	Vitvi07g00445	50	Enzyme classification
VIT_07s0005g02590	Vitvi07g00525	50	Enzyme classification
VIT_07s0031g01680	Vitvi07g01844	50	Enzyme classification
VIT_07s0031g02630	Vitvi07g01934	50	Enzyme classification
VIT_07s0129g00730	Vitvi07g01651	50	Enzyme classification
VIT_07s0185g00050	Vitvi07g02755	50	Enzyme classification
VIT_08s0007g01040	Vitvi08g02210	50	Enzyme classification
VIT_08s0007g03040	Vitvi08g02261	50	Enzyme classification
VIT_08s0007g03240	Vitvi08g01454	50	Enzyme classification
VIT_08s0007g04800	Vitvi08g01604	50	Enzyme classification
VIT_08s0007g06040	Vitvi08g01701	50	Enzyme classification
VIT_08s0007g06060	Vitvi08g01702	50	Enzyme classification
VIT_08s0007g07720	Vitvi08g01846	50	Enzyme classification
VIT_08s0032g00240	Vitvi08g00171	50	Enzyme classification
VIT_08s0032g00470	Vitvi08g00189	50	Enzyme classification
VIT_08s0105g00380	Vitvi08g00656	50	Enzyme classification
VIT_09s0002g00810	Vitvi09g01499	50	Enzyme classification
VIT_09s0002g05280	Vitvi09g00449	50	Enzyme classification
VIT_09s0002g05980	Vitvi09g00516	50	Enzyme classification
VIT_09s0002g08090	Vitvi09g00720	50	Enzyme classification
VIT_09s0018g01490	Vitvi09g01895	50	Enzyme classification
VIT_10s0003g01360	Vitvi10g00591	50	Enzyme classification
VIT_10s0003g02440	Vitvi10g00693	50	Enzyme classification
VIT_10s0003g05420	Vitvi10g01020	50	Enzyme classification
VIT_10s0003g05450	Vitvi10g01029	50	Enzyme classification
VIT_10s0071g01100	Vitvi10g02085	50	Enzyme classification
VIT_11s0016g01020	Vitvi11g00074	50	Enzyme classification
VIT_11s0016g02960	Vitvi11g00249	50	Enzyme classification
VIT_11s0052g01190	Vitvi11g01263	50	Enzyme classification
VIT_11s0052g01200	Vitvi11g01675	50	Enzyme classification
VIT_11s0052g01250	Vitvi11g01268	50	Enzyme classification
VIT_11s0052g01260	Vitvi11g01676	50	Enzyme classification
VIT_11s0052g01270	Vitvi11g01677	50	Enzyme classification
VIT_11s0052g01280	Vitvi11g01678	50	Enzyme classification
VIT_11s0052g01300	Vitvi11g01680	50	Enzyme classification
VIT_11s0052g01320	Vitvi11g01682	50	Enzyme classification
VIT_11s0052g01330	Vitvi11g01683	50	Enzyme classification
VIT_11s0052g01340	Vitvi11g01684	50	Enzyme classification
VIT_11s0065g00130	Vitvi11g00900	50	Enzyme classification
VIT_11s0065g00350	Vitvi11g00924	50	Enzyme classification
VIT_12s0028g01640	Vitvi12g00145	50	Enzyme classification
VIT_12s0028g01670	Vitvi12g00146	50	Enzyme classification
VIT_12s0055g00160	Vitvi12g01699	50	Enzyme classification
VIT_12s0055g00180	Vitvi12g02588	50	Enzyme classification
VIT_12s0059g00770	Vitvi12g00382	50	Enzyme classification
VIT_12s0059g01750	Vitvi12g02389	50	Enzyme classification
VIT_12s0059g01790	Vitvi12g02393	50	Enzyme classification
VIT_12s0134g00160	Vitvi12g00586	50	Enzyme classification
VIT_12s0134g00630	Vitvi12g02448	50	Enzyme classification
VIT_13s0019g02130	Vitvi13g01997	50	Enzyme classification
VIT_13s0019g02140	Vitvi13g01998	50	Enzyme classification
VIT_13s0019g02180	Vitvi13g00343	50	Enzyme classification
VIT_13s0019g02910	Vitvi13g02022	50	Enzyme classification
VIT_13s0019g03040	Vitvi13g02026	50	Enzyme classification
VIT_13s0019g03060	Vitvi13g02028	50	Enzyme classification
VIT_13s0064g01320	Vitvi13g01766	50	Enzyme classification
VIT_13s0064g01660	Vitvi13g01788	50	Enzyme classification
VIT_13s0064g01760	Vitvi13g01792	50	Enzyme classification
VIT_13s0074g00730	Vitvi13g00793	50	Enzyme classification
VIT_13s0084g00240	Vitvi13g01379	50	Enzyme classification
VIT_13s0106g00550	Vitvi13g00864	50	Enzyme classification
VIT_14s0006g00520	Vitvi14g00821	50	Enzyme classification
VIT_14s0030g02020	Vitvi14g02663	50	Enzyme classification
VIT_14s0066g00170	Vitvi14g01657	50	Enzyme classification
VIT_14s0108g00340	Vitvi14g03074	50	Enzyme classification
VIT_14s0219g00280	Vitvi14g01639	50	Enzyme classification
VIT_15s0045g01490	Vitvi15g00396	50	Enzyme classification
VIT_15s0046g01190	Vitvi15g01623	50	Enzyme classification
VIT_15s0046g02000	Vitvi15g01076	50	Enzyme classification
VIT_15s0046g03570	Vitvi15g01181	50	Enzyme classification
VIT_15s0046g03580	Vitvi15g01706	50	Enzyme classification
VIT_16s0022g01650	Vitvi16g00811	50	Enzyme classification
VIT_16s0022g01770	Vitvi16g00831	50	Enzyme classification
VIT_16s0022g01970	Vitvi16g00849	50	Enzyme classification
VIT_16s0039g00570	Vitvi16g00028	50	Enzyme classification
VIT_16s0050g00240	Vitvi16g01882	50	Enzyme classification
VIT_16s0050g00480	Vitvi16g01046	50	Enzyme classification
VIT_16s0050g01660	Vitvi16g01149	50	Enzyme classification
VIT_16s0050g01680	Vitvi16g01150	50	Enzyme classification
VIT_16s0050g01710	Vitvi16g01949	50	Enzyme classification
VIT_16s0050g01720	Vitvi16g01158	50	Enzyme classification
VIT_16s0050g01960	Vitvi16g01965	50	Enzyme classification
VIT_16s0098g00160	Vitvi16g01273	50	Enzyme classification
VIT_16s0115g00340	Vitvi16g00571	50	Enzyme classification
VIT_16s0148g00320	Vitvi16g01259	50	Enzyme classification
VIT_17s0000g00290	Vitvi17g00031	50	Enzyme classification
VIT_17s0000g02140	Vitvi17g00178	50	Enzyme classification
VIT_17s0000g03890	Vitvi17g01412	50	Enzyme classification
VIT_17s0000g05110	Vitvi17g00484	50	Enzyme classification
VIT_17s0000g07790	Vitvi17g00753	50	Enzyme classification
VIT_17s0000g08070	Vitvi17g00786	50	Enzyme classification
VIT_18s0001g00470	Vitvi18g00137	50	Enzyme classification
VIT_18s0001g05910	Vitvi18g00421	50	Enzyme classification
VIT_18s0001g06060	Vitvi18g02581	50	Enzyme classification
VIT_18s0001g06690	Vitvi18g00466	50	Enzyme classification
VIT_18s0001g09550	Vitvi18g00703	50	Enzyme classification
VIT_18s0001g11430	Vitvi18g02712	50	Enzyme classification
VIT_18s0001g11470	Vitvi18g02715	50	Enzyme classification
VIT_18s0001g11520	Vitvi18g02720	50	Enzyme classification
VIT_18s0001g11580	Vitvi18g00879	50	Enzyme classification
VIT_18s0001g12180	Vitvi18g02739	50	Enzyme classification
VIT_18s0001g12190	Vitvi18g02740	50	Enzyme classification
VIT_18s0001g14910	Vitvi18g01167	50	Enzyme classification
VIT_18s0041g00740	Vitvi18g02014	50	Enzyme classification
VIT_18s0041g00840	Vitvi18g02021	50	Enzyme classification
VIT_18s0117g00550	Vitvi18g03065	50	Enzyme classification
VIT_18s0122g00420	Vitvi18g01482	50	Enzyme classification
VIT_18s0122g00980	Vitvi18g00070	50	Enzyme classification
VIT_18s0164g00100	Vitvi18g01438	50	Enzyme classification
VIT_19s0014g01950	Vitvi19g00165	50	Enzyme classification
VIT_19s0014g05380	Vitvi19g01990	50	Enzyme classification
VIT_19s0015g02500	Vitvi19g01005	50	Enzyme classification
VIT_19s0015g02910	Vitvi19g01058	50	Enzyme classification
VIT_19s0090g01070	Vitvi19g00557	50	Enzyme classification
VIT_00s0253g00040	Vitvi07g01308	50.1	Enzyme classification.EC_1 oxidoreductases
VIT_00s0371g00050	Vitvi07g03077	50.1	Enzyme classification.EC_1 oxidoreductases
VIT_00s0371g00100	Vitvi07g03081	50.1	Enzyme classification.EC_1 oxidoreductases
VIT_00s0389g00030	Vitvi02g01727	50.1	Enzyme classification.EC_1 oxidoreductases
VIT_00s0389g00040	Vitvi02g01728	50.1	Enzyme classification.EC_1 oxidoreductases
VIT_00s0615g00030	Vitvi07g03083	50.1	Enzyme classification.EC_1 oxidoreductases
VIT_00s1389g00010	Vitvi07g03130	50.1	Enzyme classification.EC_1 oxidoreductases
VIT_01s0011g04720	Vitvi01g00397	50.1	Enzyme classification.EC_1 oxidoreductases
VIT_01s0011g04740	Vitvi01g00398	50.1	Enzyme classification.EC_1 oxidoreductases
VIT_01s0137g00410	Vitvi01g00612	50.1	Enzyme classification.EC_1 oxidoreductases
VIT_01s0137g00550	Vitvi01g00620	50.1	Enzyme classification.EC_1 oxidoreductases
VIT_02s0012g00450	Vitvi02g01479	50.1	Enzyme classification.EC_1 oxidoreductases
VIT_02s0012g02810	Vitvi02g01537	50.1	Enzyme classification.EC_1 oxidoreductases
VIT_02s0025g04730	Vitvi02g00436	50.1	Enzyme classification.EC_1 oxidoreductases
VIT_02s0025g04880	Vitvi02g01415	50.1	Enzyme classification.EC_1 oxidoreductases
VIT_02s0025g04890	Vitvi02g01416	50.1	Enzyme classification.EC_1 oxidoreductases
VIT_02s0033g00290	Vitvi02g01003	50.1	Enzyme classification.EC_1 oxidoreductases
VIT_02s0154g00080	Vitvi02g00511	50.1	Enzyme classification.EC_1 oxidoreductases
VIT_03s0038g03570	Vitvi03g00217	50.1	Enzyme classification.EC_1 oxidoreductases
VIT_03s0038g04680	Vitvi03g01489	50.1	Enzyme classification.EC_1 oxidoreductases
VIT_03s0038g04700	Vitvi03g00310	50.1	Enzyme classification.EC_1 oxidoreductases
VIT_03s0063g01150	Vitvi03g01543	50.1	Enzyme classification.EC_1 oxidoreductases
VIT_03s0063g01290	Vitvi03g00435	50.1	Enzyme classification.EC_1 oxidoreductases
VIT_03s0063g01340	Vitvi03g01538	50.1	Enzyme classification.EC_1 oxidoreductases
VIT_03s0063g01480	Vitvi03g00413	50.1	Enzyme classification.EC_1 oxidoreductases
VIT_03s0063g01560	Vitvi03g01531	50.1	Enzyme classification.EC_1 oxidoreductases
VIT_03s0063g01690	Vitvi03g01524	50.1	Enzyme classification.EC_1 oxidoreductases
VIT_03s0088g00060	Vitvi03g00700	50.1	Enzyme classification.EC_1 oxidoreductases
VIT_03s0088g00140	Vitvi03g00703	50.1	Enzyme classification.EC_1 oxidoreductases
VIT_04s0023g02810	Vitvi04g01402	50.1	Enzyme classification.EC_1 oxidoreductases
VIT_04s0044g00190	Vitvi04g01585	50.1	Enzyme classification.EC_1 oxidoreductases
VIT_05s0020g03170	Vitvi05g00472	50.1	Enzyme classification.EC_1 oxidoreductases
VIT_05s0020g04130	Vitvi05g00565	50.1	Enzyme classification.EC_1 oxidoreductases
VIT_05s0049g00270	Vitvi05g01922	50.1	Enzyme classification.EC_1 oxidoreductases
VIT_05s0049g00390	Vitvi05g01928	50.1	Enzyme classification.EC_1 oxidoreductases
VIT_05s0049g00400	Vitvi05g01929	50.1	Enzyme classification.EC_1 oxidoreductases
VIT_05s0049g00420	Vitvi05g00706	50.1	Enzyme classification.EC_1 oxidoreductases
VIT_05s0062g00980	Vitvi05g01334	50.1	Enzyme classification.EC_1 oxidoreductases
VIT_05s0094g01160	Vitvi05g02268	50.1	Enzyme classification.EC_1 oxidoreductases
VIT_05s0094g01250	Vitvi05g01674	50.1	Enzyme classification.EC_1 oxidoreductases
VIT_05s0094g01260	Vitvi05g01675	50.1	Enzyme classification.EC_1 oxidoreductases
VIT_06s0004g05310	Vitvi06g01712	50.1	Enzyme classification.EC_1 oxidoreductases
VIT_06s0004g05320	Vitvi06g01713	50.1	Enzyme classification.EC_1 oxidoreductases
VIT_06s0004g05330	Vitvi06g01714	50.1	Enzyme classification.EC_1 oxidoreductases
VIT_06s0004g05380	Vitvi06g01718	50.1	Enzyme classification.EC_1 oxidoreductases
VIT_06s0004g05400	Vitvi06g00526	50.1	Enzyme classification.EC_1 oxidoreductases
VIT_06s0004g05430	Vitvi06g00529	50.1	Enzyme classification.EC_1 oxidoreductases
VIT_06s0004g06790	Vitvi06g00659	50.1	Enzyme classification.EC_1 oxidoreductases
VIT_06s0009g02810	Vitvi06g01882	50.1	Enzyme classification.EC_1 oxidoreductases
VIT_06s0009g03000	Vitvi06g01894	50.1	Enzyme classification.EC_1 oxidoreductases
VIT_06s0009g03010	Vitvi06g01895	50.1	Enzyme classification.EC_1 oxidoreductases
VIT_06s0061g00670	Vitvi06g01339	50.1	Enzyme classification.EC_1 oxidoreductases
VIT_07s0031g01680	Vitvi07g01844	50.1	Enzyme classification.EC_1 oxidoreductases
VIT_07s0031g02630	Vitvi07g01934	50.1	Enzyme classification.EC_1 oxidoreductases
VIT_07s0129g00730	Vitvi07g01651	50.1	Enzyme classification.EC_1 oxidoreductases
VIT_08s0007g01040	Vitvi08g02210	50.1	Enzyme classification.EC_1 oxidoreductases
VIT_08s0007g03040	Vitvi08g02261	50.1	Enzyme classification.EC_1 oxidoreductases
VIT_08s0007g07720	Vitvi08g01846	50.1	Enzyme classification.EC_1 oxidoreductases
VIT_08s0032g00240	Vitvi08g00171	50.1	Enzyme classification.EC_1 oxidoreductases
VIT_08s0105g00380	Vitvi08g00656	50.1	Enzyme classification.EC_1 oxidoreductases
VIT_09s0002g00810	Vitvi09g01499	50.1	Enzyme classification.EC_1 oxidoreductases
VIT_09s0002g05280	Vitvi09g00449	50.1	Enzyme classification.EC_1 oxidoreductases
VIT_09s0002g05980	Vitvi09g00516	50.1	Enzyme classification.EC_1 oxidoreductases
VIT_09s0002g08090	Vitvi09g00720	50.1	Enzyme classification.EC_1 oxidoreductases
VIT_10s0003g05420	Vitvi10g01020	50.1	Enzyme classification.EC_1 oxidoreductases
VIT_10s0003g05450	Vitvi10g01029	50.1	Enzyme classification.EC_1 oxidoreductases
VIT_11s0016g01020	Vitvi11g00074	50.1	Enzyme classification.EC_1 oxidoreductases
VIT_11s0065g00130	Vitvi11g00900	50.1	Enzyme classification.EC_1 oxidoreductases
VIT_11s0065g00350	Vitvi11g00924	50.1	Enzyme classification.EC_1 oxidoreductases
VIT_12s0059g00770	Vitvi12g00382	50.1	Enzyme classification.EC_1 oxidoreductases
VIT_13s0019g02130	Vitvi13g01997	50.1	Enzyme classification.EC_1 oxidoreductases
VIT_13s0019g02140	Vitvi13g01998	50.1	Enzyme classification.EC_1 oxidoreductases
VIT_13s0019g02180	Vitvi13g00343	50.1	Enzyme classification.EC_1 oxidoreductases
VIT_13s0064g01320	Vitvi13g01766	50.1	Enzyme classification.EC_1 oxidoreductases
VIT_14s0030g02020	Vitvi14g02663	50.1	Enzyme classification.EC_1 oxidoreductases
VIT_14s0066g00170	Vitvi14g01657	50.1	Enzyme classification.EC_1 oxidoreductases
VIT_14s0219g00280	Vitvi14g01639	50.1	Enzyme classification.EC_1 oxidoreductases
VIT_15s0046g03570	Vitvi15g01181	50.1	Enzyme classification.EC_1 oxidoreductases
VIT_15s0046g03580	Vitvi15g01706	50.1	Enzyme classification.EC_1 oxidoreductases
VIT_16s0050g00480	Vitvi16g01046	50.1	Enzyme classification.EC_1 oxidoreductases
VIT_17s0000g02140	Vitvi17g00178	50.1	Enzyme classification.EC_1 oxidoreductases
VIT_17s0000g03890	Vitvi17g01412	50.1	Enzyme classification.EC_1 oxidoreductases
VIT_17s0000g05110	Vitvi17g00484	50.1	Enzyme classification.EC_1 oxidoreductases
VIT_17s0000g08070	Vitvi17g00786	50.1	Enzyme classification.EC_1 oxidoreductases
VIT_18s0001g00470	Vitvi18g00137	50.1	Enzyme classification.EC_1 oxidoreductases
VIT_18s0001g06690	Vitvi18g00466	50.1	Enzyme classification.EC_1 oxidoreductases
VIT_18s0001g11430	Vitvi18g02712	50.1	Enzyme classification.EC_1 oxidoreductases
VIT_18s0001g11470	Vitvi18g02715	50.1	Enzyme classification.EC_1 oxidoreductases
VIT_18s0001g11520	Vitvi18g02720	50.1	Enzyme classification.EC_1 oxidoreductases
VIT_18s0001g11580	Vitvi18g00879	50.1	Enzyme classification.EC_1 oxidoreductases
VIT_18s0001g12180	Vitvi18g02739	50.1	Enzyme classification.EC_1 oxidoreductases
VIT_18s0001g12190	Vitvi18g02740	50.1	Enzyme classification.EC_1 oxidoreductases
VIT_18s0001g14910	Vitvi18g01167	50.1	Enzyme classification.EC_1 oxidoreductases
VIT_18s0117g00550	Vitvi18g03065	50.1	Enzyme classification.EC_1 oxidoreductases
VIT_18s0122g00420	Vitvi18g01482	50.1	Enzyme classification.EC_1 oxidoreductases
VIT_18s0164g00100	Vitvi18g01438	50.1	Enzyme classification.EC_1 oxidoreductases
VIT_19s0014g05380	Vitvi19g01990	50.1	Enzyme classification.EC_1 oxidoreductases
VIT_19s0015g02500	Vitvi19g01005	50.1	Enzyme classification.EC_1 oxidoreductases
VIT_19s0015g02910	Vitvi19g01058	50.1	Enzyme classification.EC_1 oxidoreductases
VIT_00s0371g00050	Vitvi07g03077	50.1.1	Enzyme classification.EC_1 oxidoreductases.EC_1.1 oxidoreductase acting on CH-OH group of donor
VIT_00s0371g00100	Vitvi07g03081	50.1.1	Enzyme classification.EC_1 oxidoreductases.EC_1.1 oxidoreductase acting on CH-OH group of donor
VIT_00s0615g00030	Vitvi07g03083	50.1.1	Enzyme classification.EC_1 oxidoreductases.EC_1.1 oxidoreductase acting on CH-OH group of donor
VIT_00s1389g00010	Vitvi07g03130	50.1.1	Enzyme classification.EC_1 oxidoreductases.EC_1.1 oxidoreductase acting on CH-OH group of donor
VIT_02s0025g04730	Vitvi02g00436	50.1.1	Enzyme classification.EC_1 oxidoreductases.EC_1.1 oxidoreductase acting on CH-OH group of donor
VIT_04s0044g00190	Vitvi04g01585	50.1.1	Enzyme classification.EC_1 oxidoreductases.EC_1.1 oxidoreductase acting on CH-OH group of donor
VIT_05s0020g04130	Vitvi05g00565	50.1.1	Enzyme classification.EC_1 oxidoreductases.EC_1.1 oxidoreductase acting on CH-OH group of donor
VIT_05s0062g00980	Vitvi05g01334	50.1.1	Enzyme classification.EC_1 oxidoreductases.EC_1.1 oxidoreductase acting on CH-OH group of donor
VIT_06s0004g05310	Vitvi06g01712	50.1.1	Enzyme classification.EC_1 oxidoreductases.EC_1.1 oxidoreductase acting on CH-OH group of donor
VIT_06s0004g05320	Vitvi06g01713	50.1.1	Enzyme classification.EC_1 oxidoreductases.EC_1.1 oxidoreductase acting on CH-OH group of donor
VIT_06s0004g05330	Vitvi06g01714	50.1.1	Enzyme classification.EC_1 oxidoreductases.EC_1.1 oxidoreductase acting on CH-OH group of donor
VIT_06s0004g05380	Vitvi06g01718	50.1.1	Enzyme classification.EC_1 oxidoreductases.EC_1.1 oxidoreductase acting on CH-OH group of donor
VIT_06s0004g05400	Vitvi06g00526	50.1.1	Enzyme classification.EC_1 oxidoreductases.EC_1.1 oxidoreductase acting on CH-OH group of donor
VIT_06s0004g05430	Vitvi06g00529	50.1.1	Enzyme classification.EC_1 oxidoreductases.EC_1.1 oxidoreductase acting on CH-OH group of donor
VIT_06s0061g00670	Vitvi06g01339	50.1.1	Enzyme classification.EC_1 oxidoreductases.EC_1.1 oxidoreductase acting on CH-OH group of donor
VIT_08s0007g01040	Vitvi08g02210	50.1.1	Enzyme classification.EC_1 oxidoreductases.EC_1.1 oxidoreductase acting on CH-OH group of donor
VIT_09s0002g00810	Vitvi09g01499	50.1.1	Enzyme classification.EC_1 oxidoreductases.EC_1.1 oxidoreductase acting on CH-OH group of donor
VIT_10s0003g05420	Vitvi10g01020	50.1.1	Enzyme classification.EC_1 oxidoreductases.EC_1.1 oxidoreductase acting on CH-OH group of donor
VIT_10s0003g05450	Vitvi10g01029	50.1.1	Enzyme classification.EC_1 oxidoreductases.EC_1.1 oxidoreductase acting on CH-OH group of donor
VIT_13s0019g02130	Vitvi13g01997	50.1.1	Enzyme classification.EC_1 oxidoreductases.EC_1.1 oxidoreductase acting on CH-OH group of donor
VIT_13s0019g02140	Vitvi13g01998	50.1.1	Enzyme classification.EC_1 oxidoreductases.EC_1.1 oxidoreductase acting on CH-OH group of donor
VIT_13s0019g02180	Vitvi13g00343	50.1.1	Enzyme classification.EC_1 oxidoreductases.EC_1.1 oxidoreductase acting on CH-OH group of donor
VIT_14s0030g02020	Vitvi14g02663	50.1.1	Enzyme classification.EC_1 oxidoreductases.EC_1.1 oxidoreductase acting on CH-OH group of donor
VIT_14s0219g00280	Vitvi14g01639	50.1.1	Enzyme classification.EC_1 oxidoreductases.EC_1.1 oxidoreductase acting on CH-OH group of donor
VIT_15s0046g03570	Vitvi15g01181	50.1.1	Enzyme classification.EC_1 oxidoreductases.EC_1.1 oxidoreductase acting on CH-OH group of donor
VIT_15s0046g03580	Vitvi15g01706	50.1.1	Enzyme classification.EC_1 oxidoreductases.EC_1.1 oxidoreductase acting on CH-OH group of donor
VIT_17s0000g02140	Vitvi17g00178	50.1.1	Enzyme classification.EC_1 oxidoreductases.EC_1.1 oxidoreductase acting on CH-OH group of donor
VIT_18s0001g14910	Vitvi18g01167	50.1.1	Enzyme classification.EC_1 oxidoreductases.EC_1.1 oxidoreductase acting on CH-OH group of donor
VIT_00s0253g00040	Vitvi07g01308	50.1.10	Enzyme classification.EC_1 oxidoreductases.EC_1.10 oxidoreductase acting on diphenol or related substance as donor
VIT_01s0011g04720	Vitvi01g00397	50.1.10	Enzyme classification.EC_1 oxidoreductases.EC_1.10 oxidoreductase acting on diphenol or related substance as donor
VIT_01s0011g04740	Vitvi01g00398	50.1.10	Enzyme classification.EC_1 oxidoreductases.EC_1.10 oxidoreductase acting on diphenol or related substance as donor
VIT_02s0154g00080	Vitvi02g00511	50.1.10	Enzyme classification.EC_1 oxidoreductases.EC_1.10 oxidoreductase acting on diphenol or related substance as donor
VIT_03s0038g03570	Vitvi03g00217	50.1.10	Enzyme classification.EC_1 oxidoreductases.EC_1.10 oxidoreductase acting on diphenol or related substance as donor
VIT_12s0059g00770	Vitvi12g00382	50.1.10	Enzyme classification.EC_1 oxidoreductases.EC_1.10 oxidoreductase acting on diphenol or related substance as donor
VIT_18s0001g00470	Vitvi18g00137	50.1.10	Enzyme classification.EC_1 oxidoreductases.EC_1.10 oxidoreductase acting on diphenol or related substance as donor
VIT_18s0117g00550	Vitvi18g03065	50.1.10	Enzyme classification.EC_1 oxidoreductases.EC_1.10 oxidoreductase acting on diphenol or related substance as donor
VIT_18s0122g00420	Vitvi18g01482	50.1.10	Enzyme classification.EC_1 oxidoreductases.EC_1.10 oxidoreductase acting on diphenol or related substance as donor
VIT_18s0164g00100	Vitvi18g01438	50.1.10	Enzyme classification.EC_1 oxidoreductases.EC_1.10 oxidoreductase acting on diphenol or related substance as donor
VIT_05s0020g03170	Vitvi05g00472	50.1.12	Enzyme classification.EC_1 oxidoreductases.EC_1.13 oxidoreductase acting on single donor with incorporation of molecular oxygen (oxygenase)
VIT_00s0389g00030	Vitvi02g01727	50.1.13	Enzyme classification.EC_1 oxidoreductases.EC_1.14 oxidoreductase acting on paired donor with incorporation or reduction of molecular oxygen
VIT_00s0389g00040	Vitvi02g01728	50.1.13	Enzyme classification.EC_1 oxidoreductases.EC_1.14 oxidoreductase acting on paired donor with incorporation or reduction of molecular oxygen
VIT_01s0137g00410	Vitvi01g00612	50.1.13	Enzyme classification.EC_1 oxidoreductases.EC_1.14 oxidoreductase acting on paired donor with incorporation or reduction of molecular oxygen
VIT_01s0137g00550	Vitvi01g00620	50.1.13	Enzyme classification.EC_1 oxidoreductases.EC_1.14 oxidoreductase acting on paired donor with incorporation or reduction of molecular oxygen
VIT_02s0012g00450	Vitvi02g01479	50.1.13	Enzyme classification.EC_1 oxidoreductases.EC_1.14 oxidoreductase acting on paired donor with incorporation or reduction of molecular oxygen
VIT_02s0012g02810	Vitvi02g01537	50.1.13	Enzyme classification.EC_1 oxidoreductases.EC_1.14 oxidoreductase acting on paired donor with incorporation or reduction of molecular oxygen
VIT_02s0025g04880	Vitvi02g01415	50.1.13	Enzyme classification.EC_1 oxidoreductases.EC_1.14 oxidoreductase acting on paired donor with incorporation or reduction of molecular oxygen
VIT_02s0025g04890	Vitvi02g01416	50.1.13	Enzyme classification.EC_1 oxidoreductases.EC_1.14 oxidoreductase acting on paired donor with incorporation or reduction of molecular oxygen
VIT_03s0063g01150	Vitvi03g01543	50.1.13	Enzyme classification.EC_1 oxidoreductases.EC_1.14 oxidoreductase acting on paired donor with incorporation or reduction of molecular oxygen
VIT_03s0063g01290	Vitvi03g00435	50.1.13	Enzyme classification.EC_1 oxidoreductases.EC_1.14 oxidoreductase acting on paired donor with incorporation or reduction of molecular oxygen
VIT_03s0063g01340	Vitvi03g01538	50.1.13	Enzyme classification.EC_1 oxidoreductases.EC_1.14 oxidoreductase acting on paired donor with incorporation or reduction of molecular oxygen
VIT_03s0063g01480	Vitvi03g00413	50.1.13	Enzyme classification.EC_1 oxidoreductases.EC_1.14 oxidoreductase acting on paired donor with incorporation or reduction of molecular oxygen
VIT_03s0063g01560	Vitvi03g01531	50.1.13	Enzyme classification.EC_1 oxidoreductases.EC_1.14 oxidoreductase acting on paired donor with incorporation or reduction of molecular oxygen
VIT_03s0063g01690	Vitvi03g01524	50.1.13	Enzyme classification.EC_1 oxidoreductases.EC_1.14 oxidoreductase acting on paired donor with incorporation or reduction of molecular oxygen
VIT_05s0049g00270	Vitvi05g01922	50.1.13	Enzyme classification.EC_1 oxidoreductases.EC_1.14 oxidoreductase acting on paired donor with incorporation or reduction of molecular oxygen
VIT_05s0049g00390	Vitvi05g01928	50.1.13	Enzyme classification.EC_1 oxidoreductases.EC_1.14 oxidoreductase acting on paired donor with incorporation or reduction of molecular oxygen
VIT_05s0049g00400	Vitvi05g01929	50.1.13	Enzyme classification.EC_1 oxidoreductases.EC_1.14 oxidoreductase acting on paired donor with incorporation or reduction of molecular oxygen
VIT_05s0049g00420	Vitvi05g00706	50.1.13	Enzyme classification.EC_1 oxidoreductases.EC_1.14 oxidoreductase acting on paired donor with incorporation or reduction of molecular oxygen
VIT_06s0004g06790	Vitvi06g00659	50.1.13	Enzyme classification.EC_1 oxidoreductases.EC_1.14 oxidoreductase acting on paired donor with incorporation or reduction of molecular oxygen
VIT_06s0009g02810	Vitvi06g01882	50.1.13	Enzyme classification.EC_1 oxidoreductases.EC_1.14 oxidoreductase acting on paired donor with incorporation or reduction of molecular oxygen
VIT_06s0009g03000	Vitvi06g01894	50.1.13	Enzyme classification.EC_1 oxidoreductases.EC_1.14 oxidoreductase acting on paired donor with incorporation or reduction of molecular oxygen
VIT_06s0009g03010	Vitvi06g01895	50.1.13	Enzyme classification.EC_1 oxidoreductases.EC_1.14 oxidoreductase acting on paired donor with incorporation or reduction of molecular oxygen
VIT_07s0031g01680	Vitvi07g01844	50.1.13	Enzyme classification.EC_1 oxidoreductases.EC_1.14 oxidoreductase acting on paired donor with incorporation or reduction of molecular oxygen
VIT_07s0129g00730	Vitvi07g01651	50.1.13	Enzyme classification.EC_1 oxidoreductases.EC_1.14 oxidoreductase acting on paired donor with incorporation or reduction of molecular oxygen
VIT_08s0007g03040	Vitvi08g02261	50.1.13	Enzyme classification.EC_1 oxidoreductases.EC_1.14 oxidoreductase acting on paired donor with incorporation or reduction of molecular oxygen
VIT_08s0007g07720	Vitvi08g01846	50.1.13	Enzyme classification.EC_1 oxidoreductases.EC_1.14 oxidoreductase acting on paired donor with incorporation or reduction of molecular oxygen
VIT_08s0032g00240	Vitvi08g00171	50.1.13	Enzyme classification.EC_1 oxidoreductases.EC_1.14 oxidoreductase acting on paired donor with incorporation or reduction of molecular oxygen
VIT_08s0105g00380	Vitvi08g00656	50.1.13	Enzyme classification.EC_1 oxidoreductases.EC_1.14 oxidoreductase acting on paired donor with incorporation or reduction of molecular oxygen
VIT_09s0002g05280	Vitvi09g00449	50.1.13	Enzyme classification.EC_1 oxidoreductases.EC_1.14 oxidoreductase acting on paired donor with incorporation or reduction of molecular oxygen
VIT_09s0002g05980	Vitvi09g00516	50.1.13	Enzyme classification.EC_1 oxidoreductases.EC_1.14 oxidoreductase acting on paired donor with incorporation or reduction of molecular oxygen
VIT_09s0002g08090	Vitvi09g00720	50.1.13	Enzyme classification.EC_1 oxidoreductases.EC_1.14 oxidoreductase acting on paired donor with incorporation or reduction of molecular oxygen
VIT_11s0016g01020	Vitvi11g00074	50.1.13	Enzyme classification.EC_1 oxidoreductases.EC_1.14 oxidoreductase acting on paired donor with incorporation or reduction of molecular oxygen
VIT_11s0065g00130	Vitvi11g00900	50.1.13	Enzyme classification.EC_1 oxidoreductases.EC_1.14 oxidoreductase acting on paired donor with incorporation or reduction of molecular oxygen
VIT_11s0065g00350	Vitvi11g00924	50.1.13	Enzyme classification.EC_1 oxidoreductases.EC_1.14 oxidoreductase acting on paired donor with incorporation or reduction of molecular oxygen
VIT_13s0064g01320	Vitvi13g01766	50.1.13	Enzyme classification.EC_1 oxidoreductases.EC_1.14 oxidoreductase acting on paired donor with incorporation or reduction of molecular oxygen
VIT_14s0066g00170	Vitvi14g01657	50.1.13	Enzyme classification.EC_1 oxidoreductases.EC_1.14 oxidoreductase acting on paired donor with incorporation or reduction of molecular oxygen
VIT_16s0050g00480	Vitvi16g01046	50.1.13	Enzyme classification.EC_1 oxidoreductases.EC_1.14 oxidoreductase acting on paired donor with incorporation or reduction of molecular oxygen
VIT_17s0000g03890	Vitvi17g01412	50.1.13	Enzyme classification.EC_1 oxidoreductases.EC_1.14 oxidoreductase acting on paired donor with incorporation or reduction of molecular oxygen
VIT_17s0000g05110	Vitvi17g00484	50.1.13	Enzyme classification.EC_1 oxidoreductases.EC_1.14 oxidoreductase acting on paired donor with incorporation or reduction of molecular oxygen
VIT_18s0001g06690	Vitvi18g00466	50.1.13	Enzyme classification.EC_1 oxidoreductases.EC_1.14 oxidoreductase acting on paired donor with incorporation or reduction of molecular oxygen
VIT_18s0001g11430	Vitvi18g02712	50.1.13	Enzyme classification.EC_1 oxidoreductases.EC_1.14 oxidoreductase acting on paired donor with incorporation or reduction of molecular oxygen
VIT_18s0001g11470	Vitvi18g02715	50.1.13	Enzyme classification.EC_1 oxidoreductases.EC_1.14 oxidoreductase acting on paired donor with incorporation or reduction of molecular oxygen
VIT_18s0001g11520	Vitvi18g02720	50.1.13	Enzyme classification.EC_1 oxidoreductases.EC_1.14 oxidoreductase acting on paired donor with incorporation or reduction of molecular oxygen
VIT_18s0001g11580	Vitvi18g00879	50.1.13	Enzyme classification.EC_1 oxidoreductases.EC_1.14 oxidoreductase acting on paired donor with incorporation or reduction of molecular oxygen
VIT_18s0001g12180	Vitvi18g02739	50.1.13	Enzyme classification.EC_1 oxidoreductases.EC_1.14 oxidoreductase acting on paired donor with incorporation or reduction of molecular oxygen
VIT_18s0001g12190	Vitvi18g02740	50.1.13	Enzyme classification.EC_1 oxidoreductases.EC_1.14 oxidoreductase acting on paired donor with incorporation or reduction of molecular oxygen
VIT_19s0015g02500	Vitvi19g01005	50.1.13	Enzyme classification.EC_1 oxidoreductases.EC_1.14 oxidoreductase acting on paired donor with incorporation or reduction of molecular oxygen
VIT_19s0015g02910	Vitvi19g01058	50.1.13	Enzyme classification.EC_1 oxidoreductases.EC_1.14 oxidoreductase acting on paired donor with incorporation or reduction of molecular oxygen
VIT_04s0023g02810	Vitvi04g01402	50.1.2	Enzyme classification.EC_1 oxidoreductases.EC_1.2 oxidoreductase acting on aldehyde or oxo group of donor
VIT_07s0031g02630	Vitvi07g01934	50.1.2	Enzyme classification.EC_1 oxidoreductases.EC_1.2 oxidoreductase acting on aldehyde or oxo group of donor
VIT_17s0000g08070	Vitvi17g00786	50.1.2	Enzyme classification.EC_1 oxidoreductases.EC_1.2 oxidoreductase acting on aldehyde or oxo group of donor
VIT_02s0033g00290	Vitvi02g01003	50.1.3	Enzyme classification.EC_1 oxidoreductases.EC_1.3 oxidoreductase acting on CH-CH group of donor
VIT_03s0038g04680	Vitvi03g01489	50.1.3	Enzyme classification.EC_1 oxidoreductases.EC_1.3 oxidoreductase acting on CH-CH group of donor
VIT_03s0038g04700	Vitvi03g00310	50.1.3	Enzyme classification.EC_1 oxidoreductases.EC_1.3 oxidoreductase acting on CH-CH group of donor
VIT_03s0088g00060	Vitvi03g00700	50.1.3	Enzyme classification.EC_1 oxidoreductases.EC_1.3 oxidoreductase acting on CH-CH group of donor
VIT_03s0088g00140	Vitvi03g00703	50.1.3	Enzyme classification.EC_1 oxidoreductases.EC_1.3 oxidoreductase acting on CH-CH group of donor
VIT_05s0094g01160	Vitvi05g02268	50.1.3	Enzyme classification.EC_1 oxidoreductases.EC_1.3 oxidoreductase acting on CH-CH group of donor
VIT_05s0094g01250	Vitvi05g01674	50.1.3	Enzyme classification.EC_1 oxidoreductases.EC_1.3 oxidoreductase acting on CH-CH group of donor
VIT_05s0094g01260	Vitvi05g01675	50.1.3	Enzyme classification.EC_1 oxidoreductases.EC_1.3 oxidoreductase acting on CH-CH group of donor
VIT_19s0014g05380	Vitvi19g01990	50.1.6	Enzyme classification.EC_1 oxidoreductases.EC_1.6 oxidoreductase acting on NADH or NADPH
VIT_00s0207g00010	Vitvi07g01255	50.2	Enzyme classification.EC_2 transferases
VIT_00s0233g00020	Vitvi02g01702	50.2	Enzyme classification.EC_2 transferases
VIT_00s0324g00070	Vitvi07g01395	50.2	Enzyme classification.EC_2 transferases
VIT_00s0324g00080	Vitvi07g02559	50.2	Enzyme classification.EC_2 transferases
VIT_00s0437g00010	Vitvi00g00663	50.2	Enzyme classification.EC_2 transferases
VIT_00s1542g00020	Vitvi07g03136	50.2	Enzyme classification.EC_2 transferases
VIT_00s2594g00010	Vitvi10g02419	50.2	Enzyme classification.EC_2 transferases
VIT_01s0011g04290	Vitvi01g00352	50.2	Enzyme classification.EC_2 transferases
VIT_01s0026g00200	Vitvi01g00784	50.2	Enzyme classification.EC_2 transferases
VIT_01s0150g00460	Vitvi01g01805	50.2	Enzyme classification.EC_2 transferases
VIT_02s0012g02220	Vitvi02g00792	50.2	Enzyme classification.EC_2 transferases
VIT_02s0025g01240	Vitvi02g00110	50.2	Enzyme classification.EC_2 transferases
VIT_02s0025g02920	Vitvi02g00263	50.2	Enzyme classification.EC_2 transferases
VIT_02s0033g01000	Vitvi02g01110	50.2	Enzyme classification.EC_2 transferases
VIT_02s0033g01020	Vitvi02g01113	50.2	Enzyme classification.EC_2 transferases
VIT_02s0087g00370	Vitvi02g01227	50.2	Enzyme classification.EC_2 transferases
VIT_02s0087g00720	Vitvi02g01270	50.2	Enzyme classification.EC_2 transferases
VIT_03s0017g00870	Vitvi03g01816	50.2	Enzyme classification.EC_2 transferases
VIT_03s0038g03090	Vitvi03g00194	50.2	Enzyme classification.EC_2 transferases
VIT_04s0023g02200	Vitvi04g01339	50.2	Enzyme classification.EC_2 transferases
VIT_04s0023g02280	Vitvi04g02122	50.2	Enzyme classification.EC_2 transferases
VIT_04s0023g03810	Vitvi04g02169	50.2	Enzyme classification.EC_2 transferases
VIT_04s0044g00730	Vitvi04g01636	50.2	Enzyme classification.EC_2 transferases
VIT_05s0062g00240	Vitvi05g01265	50.2	Enzyme classification.EC_2 transferases
VIT_05s0062g00250	Vitvi05g01266	50.2	Enzyme classification.EC_2 transferases
VIT_05s0062g00430	Vitvi05g01276	50.2	Enzyme classification.EC_2 transferases
VIT_05s0062g00480	Vitvi05g02108	50.2	Enzyme classification.EC_2 transferases
VIT_05s0062g00520	Vitvi05g01285	50.2	Enzyme classification.EC_2 transferases
VIT_05s0062g00610	Vitvi05g02111	50.2	Enzyme classification.EC_2 transferases
VIT_05s0062g00630	Vitvi05g01291	50.2	Enzyme classification.EC_2 transferases
VIT_05s0062g00700	Vitvi05g01300	50.2	Enzyme classification.EC_2 transferases
VIT_06s0004g01390	Vitvi06g00136	50.2	Enzyme classification.EC_2 transferases
VIT_06s0004g01640	Vitvi06g00169	50.2	Enzyme classification.EC_2 transferases
VIT_06s0004g05780	Vitvi06g00562	50.2	Enzyme classification.EC_2 transferases
VIT_06s0004g07230	Vitvi06g01762	50.2	Enzyme classification.EC_2 transferases
VIT_06s0004g07310	Vitvi06g00715	50.2	Enzyme classification.EC_2 transferases
VIT_07s0185g00050	Vitvi07g02755	50.2	Enzyme classification.EC_2 transferases
VIT_09s0018g01490	Vitvi09g01895	50.2	Enzyme classification.EC_2 transferases
VIT_10s0003g02440	Vitvi10g00693	50.2	Enzyme classification.EC_2 transferases
VIT_11s0052g01190	Vitvi11g01263	50.2	Enzyme classification.EC_2 transferases
VIT_11s0052g01200	Vitvi11g01675	50.2	Enzyme classification.EC_2 transferases
VIT_11s0052g01250	Vitvi11g01268	50.2	Enzyme classification.EC_2 transferases
VIT_11s0052g01260	Vitvi11g01676	50.2	Enzyme classification.EC_2 transferases
VIT_11s0052g01270	Vitvi11g01677	50.2	Enzyme classification.EC_2 transferases
VIT_11s0052g01280	Vitvi11g01678	50.2	Enzyme classification.EC_2 transferases
VIT_11s0052g01300	Vitvi11g01680	50.2	Enzyme classification.EC_2 transferases
VIT_11s0052g01320	Vitvi11g01682	50.2	Enzyme classification.EC_2 transferases
VIT_11s0052g01330	Vitvi11g01683	50.2	Enzyme classification.EC_2 transferases
VIT_11s0052g01340	Vitvi11g01684	50.2	Enzyme classification.EC_2 transferases
VIT_12s0028g01640	Vitvi12g00145	50.2	Enzyme classification.EC_2 transferases
VIT_12s0028g01670	Vitvi12g00146	50.2	Enzyme classification.EC_2 transferases
VIT_12s0055g00160	Vitvi12g01699	50.2	Enzyme classification.EC_2 transferases
VIT_12s0055g00180	Vitvi12g02588	50.2	Enzyme classification.EC_2 transferases
VIT_12s0059g01750	Vitvi12g02389	50.2	Enzyme classification.EC_2 transferases
VIT_12s0059g01790	Vitvi12g02393	50.2	Enzyme classification.EC_2 transferases
VIT_12s0134g00160	Vitvi12g00586	50.2	Enzyme classification.EC_2 transferases
VIT_12s0134g00630	Vitvi12g02448	50.2	Enzyme classification.EC_2 transferases
VIT_13s0019g02910	Vitvi13g02022	50.2	Enzyme classification.EC_2 transferases
VIT_13s0019g03040	Vitvi13g02026	50.2	Enzyme classification.EC_2 transferases
VIT_13s0019g03060	Vitvi13g02028	50.2	Enzyme classification.EC_2 transferases
VIT_13s0074g00730	Vitvi13g00793	50.2	Enzyme classification.EC_2 transferases
VIT_13s0084g00240	Vitvi13g01379	50.2	Enzyme classification.EC_2 transferases
VIT_13s0106g00550	Vitvi13g00864	50.2	Enzyme classification.EC_2 transferases
VIT_14s0108g00340	Vitvi14g03074	50.2	Enzyme classification.EC_2 transferases
VIT_15s0045g01490	Vitvi15g00396	50.2	Enzyme classification.EC_2 transferases
VIT_15s0046g01190	Vitvi15g01623	50.2	Enzyme classification.EC_2 transferases
VIT_16s0022g01650	Vitvi16g00811	50.2	Enzyme classification.EC_2 transferases
VIT_16s0022g01970	Vitvi16g00849	50.2	Enzyme classification.EC_2 transferases
VIT_16s0039g00570	Vitvi16g00028	50.2	Enzyme classification.EC_2 transferases
VIT_16s0050g00240	Vitvi16g01882	50.2	Enzyme classification.EC_2 transferases
VIT_16s0050g01660	Vitvi16g01149	50.2	Enzyme classification.EC_2 transferases
VIT_16s0050g01680	Vitvi16g01150	50.2	Enzyme classification.EC_2 transferases
VIT_16s0050g01710	Vitvi16g01949	50.2	Enzyme classification.EC_2 transferases
VIT_16s0050g01720	Vitvi16g01158	50.2	Enzyme classification.EC_2 transferases
VIT_16s0050g01960	Vitvi16g01965	50.2	Enzyme classification.EC_2 transferases
VIT_16s0098g00160	Vitvi16g01273	50.2	Enzyme classification.EC_2 transferases
VIT_16s0115g00340	Vitvi16g00571	50.2	Enzyme classification.EC_2 transferases
VIT_16s0148g00320	Vitvi16g01259	50.2	Enzyme classification.EC_2 transferases
VIT_17s0000g07790	Vitvi17g00753	50.2	Enzyme classification.EC_2 transferases
VIT_18s0001g05910	Vitvi18g00421	50.2	Enzyme classification.EC_2 transferases
VIT_18s0001g06060	Vitvi18g02581	50.2	Enzyme classification.EC_2 transferases
VIT_18s0001g09550	Vitvi18g00703	50.2	Enzyme classification.EC_2 transferases
VIT_18s0041g00740	Vitvi18g02014	50.2	Enzyme classification.EC_2 transferases
VIT_18s0041g00840	Vitvi18g02021	50.2	Enzyme classification.EC_2 transferases
VIT_19s0014g01950	Vitvi19g00165	50.2	Enzyme classification.EC_2 transferases
VIT_02s0025g02920	Vitvi02g00263	50.2.1	Enzyme classification.EC_2 transferases.EC_2.1 transferase transferring one-carbon group
VIT_03s0038g03090	Vitvi03g00194	50.2.1	Enzyme classification.EC_2 transferases.EC_2.1 transferase transferring one-carbon group
VIT_04s0023g02200	Vitvi04g01339	50.2.1	Enzyme classification.EC_2 transferases.EC_2.1 transferase transferring one-carbon group
VIT_04s0023g02280	Vitvi04g02122	50.2.1	Enzyme classification.EC_2 transferases.EC_2.1 transferase transferring one-carbon group
VIT_04s0023g03810	Vitvi04g02169	50.2.1	Enzyme classification.EC_2 transferases.EC_2.1 transferase transferring one-carbon group
VIT_12s0059g01750	Vitvi12g02389	50.2.1	Enzyme classification.EC_2 transferases.EC_2.1 transferase transferring one-carbon group
VIT_12s0059g01790	Vitvi12g02393	50.2.1	Enzyme classification.EC_2 transferases.EC_2.1 transferase transferring one-carbon group
VIT_15s0045g01490	Vitvi15g00396	50.2.1	Enzyme classification.EC_2 transferases.EC_2.1 transferase transferring one-carbon group
VIT_00s0233g00020	Vitvi02g01702	50.2.2	Enzyme classification.EC_2 transferases.EC_2.2 transferase transferring aldehyde or ketonic group
VIT_00s0207g00010	Vitvi07g01255	50.2.3	Enzyme classification.EC_2 transferases.EC_2.3 acyltransferase
VIT_02s0033g01000	Vitvi02g01110	50.2.3	Enzyme classification.EC_2 transferases.EC_2.3 acyltransferase
VIT_02s0033g01020	Vitvi02g01113	50.2.3	Enzyme classification.EC_2 transferases.EC_2.3 acyltransferase
VIT_02s0087g00370	Vitvi02g01227	50.2.3	Enzyme classification.EC_2 transferases.EC_2.3 acyltransferase
VIT_03s0017g00870	Vitvi03g01816	50.2.3	Enzyme classification.EC_2 transferases.EC_2.3 acyltransferase
VIT_09s0018g01490	Vitvi09g01895	50.2.3	Enzyme classification.EC_2 transferases.EC_2.3 acyltransferase
VIT_12s0134g00630	Vitvi12g02448	50.2.3	Enzyme classification.EC_2 transferases.EC_2.3 acyltransferase
VIT_16s0039g00570	Vitvi16g00028	50.2.3	Enzyme classification.EC_2 transferases.EC_2.3 acyltransferase
VIT_00s0324g00070	Vitvi07g01395	50.2.4	Enzyme classification.EC_2 transferases.EC_2.4 glycosyltransferase
VIT_00s0324g00080	Vitvi07g02559	50.2.4	Enzyme classification.EC_2 transferases.EC_2.4 glycosyltransferase
VIT_01s0026g00200	Vitvi01g00784	50.2.4	Enzyme classification.EC_2 transferases.EC_2.4 glycosyltransferase
VIT_01s0150g00460	Vitvi01g01805	50.2.4	Enzyme classification.EC_2 transferases.EC_2.4 glycosyltransferase
VIT_02s0012g02220	Vitvi02g00792	50.2.4	Enzyme classification.EC_2 transferases.EC_2.4 glycosyltransferase
VIT_02s0025g01240	Vitvi02g00110	50.2.4	Enzyme classification.EC_2 transferases.EC_2.4 glycosyltransferase
VIT_05s0062g00240	Vitvi05g01265	50.2.4	Enzyme classification.EC_2 transferases.EC_2.4 glycosyltransferase
VIT_05s0062g00250	Vitvi05g01266	50.2.4	Enzyme classification.EC_2 transferases.EC_2.4 glycosyltransferase
VIT_05s0062g00430	Vitvi05g01276	50.2.4	Enzyme classification.EC_2 transferases.EC_2.4 glycosyltransferase
VIT_05s0062g00480	Vitvi05g02108	50.2.4	Enzyme classification.EC_2 transferases.EC_2.4 glycosyltransferase
VIT_05s0062g00520	Vitvi05g01285	50.2.4	Enzyme classification.EC_2 transferases.EC_2.4 glycosyltransferase
VIT_05s0062g00610	Vitvi05g02111	50.2.4	Enzyme classification.EC_2 transferases.EC_2.4 glycosyltransferase
VIT_05s0062g00630	Vitvi05g01291	50.2.4	Enzyme classification.EC_2 transferases.EC_2.4 glycosyltransferase
VIT_05s0062g00700	Vitvi05g01300	50.2.4	Enzyme classification.EC_2 transferases.EC_2.4 glycosyltransferase
VIT_06s0004g01640	Vitvi06g00169	50.2.4	Enzyme classification.EC_2 transferases.EC_2.4 glycosyltransferase
VIT_06s0004g05780	Vitvi06g00562	50.2.4	Enzyme classification.EC_2 transferases.EC_2.4 glycosyltransferase
VIT_06s0004g07230	Vitvi06g01762	50.2.4	Enzyme classification.EC_2 transferases.EC_2.4 glycosyltransferase
VIT_06s0004g07310	Vitvi06g00715	50.2.4	Enzyme classification.EC_2 transferases.EC_2.4 glycosyltransferase
VIT_07s0185g00050	Vitvi07g02755	50.2.4	Enzyme classification.EC_2 transferases.EC_2.4 glycosyltransferase
VIT_10s0003g02440	Vitvi10g00693	50.2.4	Enzyme classification.EC_2 transferases.EC_2.4 glycosyltransferase
VIT_11s0052g01190	Vitvi11g01263	50.2.4	Enzyme classification.EC_2 transferases.EC_2.4 glycosyltransferase
VIT_11s0052g01200	Vitvi11g01675	50.2.4	Enzyme classification.EC_2 transferases.EC_2.4 glycosyltransferase
VIT_11s0052g01250	Vitvi11g01268	50.2.4	Enzyme classification.EC_2 transferases.EC_2.4 glycosyltransferase
VIT_11s0052g01260	Vitvi11g01676	50.2.4	Enzyme classification.EC_2 transferases.EC_2.4 glycosyltransferase
VIT_11s0052g01270	Vitvi11g01677	50.2.4	Enzyme classification.EC_2 transferases.EC_2.4 glycosyltransferase
VIT_11s0052g01280	Vitvi11g01678	50.2.4	Enzyme classification.EC_2 transferases.EC_2.4 glycosyltransferase
VIT_11s0052g01300	Vitvi11g01680	50.2.4	Enzyme classification.EC_2 transferases.EC_2.4 glycosyltransferase
VIT_11s0052g01320	Vitvi11g01682	50.2.4	Enzyme classification.EC_2 transferases.EC_2.4 glycosyltransferase
VIT_11s0052g01330	Vitvi11g01683	50.2.4	Enzyme classification.EC_2 transferases.EC_2.4 glycosyltransferase
VIT_11s0052g01340	Vitvi11g01684	50.2.4	Enzyme classification.EC_2 transferases.EC_2.4 glycosyltransferase
VIT_12s0028g01670	Vitvi12g00146	50.2.4	Enzyme classification.EC_2 transferases.EC_2.4 glycosyltransferase
VIT_12s0055g00160	Vitvi12g01699	50.2.4	Enzyme classification.EC_2 transferases.EC_2.4 glycosyltransferase
VIT_12s0055g00180	Vitvi12g02588	50.2.4	Enzyme classification.EC_2 transferases.EC_2.4 glycosyltransferase
VIT_12s0134g00160	Vitvi12g00586	50.2.4	Enzyme classification.EC_2 transferases.EC_2.4 glycosyltransferase
VIT_13s0019g02910	Vitvi13g02022	50.2.4	Enzyme classification.EC_2 transferases.EC_2.4 glycosyltransferase
VIT_13s0019g03040	Vitvi13g02026	50.2.4	Enzyme classification.EC_2 transferases.EC_2.4 glycosyltransferase
VIT_13s0019g03060	Vitvi13g02028	50.2.4	Enzyme classification.EC_2 transferases.EC_2.4 glycosyltransferase
VIT_15s0046g01190	Vitvi15g01623	50.2.4	Enzyme classification.EC_2 transferases.EC_2.4 glycosyltransferase
VIT_16s0022g01970	Vitvi16g00849	50.2.4	Enzyme classification.EC_2 transferases.EC_2.4 glycosyltransferase
VIT_16s0050g00240	Vitvi16g01882	50.2.4	Enzyme classification.EC_2 transferases.EC_2.4 glycosyltransferase
VIT_16s0050g01660	Vitvi16g01149	50.2.4	Enzyme classification.EC_2 transferases.EC_2.4 glycosyltransferase
VIT_16s0050g01680	Vitvi16g01150	50.2.4	Enzyme classification.EC_2 transferases.EC_2.4 glycosyltransferase
VIT_16s0115g00340	Vitvi16g00571	50.2.4	Enzyme classification.EC_2 transferases.EC_2.4 glycosyltransferase
VIT_17s0000g07790	Vitvi17g00753	50.2.4	Enzyme classification.EC_2 transferases.EC_2.4 glycosyltransferase
VIT_18s0001g05910	Vitvi18g00421	50.2.4	Enzyme classification.EC_2 transferases.EC_2.4 glycosyltransferase
VIT_18s0001g06060	Vitvi18g02581	50.2.4	Enzyme classification.EC_2 transferases.EC_2.4 glycosyltransferase
VIT_18s0041g00740	Vitvi18g02014	50.2.4	Enzyme classification.EC_2 transferases.EC_2.4 glycosyltransferase
VIT_18s0041g00840	Vitvi18g02021	50.2.4	Enzyme classification.EC_2 transferases.EC_2.4 glycosyltransferase
VIT_19s0014g01950	Vitvi19g00165	50.2.4	Enzyme classification.EC_2 transferases.EC_2.4 glycosyltransferase
VIT_00s0437g00010	Vitvi00g00663	50.2.7	Enzyme classification.EC_2 transferases.EC_2.7 transferase transferring phosphorus-containing group
VIT_00s1542g00020	Vitvi07g03136	50.2.7	Enzyme classification.EC_2 transferases.EC_2.7 transferase transferring phosphorus-containing group
VIT_00s2594g00010	Vitvi10g02419	50.2.7	Enzyme classification.EC_2 transferases.EC_2.7 transferase transferring phosphorus-containing group
VIT_01s0011g04290	Vitvi01g00352	50.2.7	Enzyme classification.EC_2 transferases.EC_2.7 transferase transferring phosphorus-containing group
VIT_02s0087g00720	Vitvi02g01270	50.2.7	Enzyme classification.EC_2 transferases.EC_2.7 transferase transferring phosphorus-containing group
VIT_04s0044g00730	Vitvi04g01636	50.2.7	Enzyme classification.EC_2 transferases.EC_2.7 transferase transferring phosphorus-containing group
VIT_06s0004g01390	Vitvi06g00136	50.2.7	Enzyme classification.EC_2 transferases.EC_2.7 transferase transferring phosphorus-containing group
VIT_12s0028g01640	Vitvi12g00145	50.2.7	Enzyme classification.EC_2 transferases.EC_2.7 transferase transferring phosphorus-containing group
VIT_13s0074g00730	Vitvi13g00793	50.2.7	Enzyme classification.EC_2 transferases.EC_2.7 transferase transferring phosphorus-containing group
VIT_14s0108g00340	Vitvi14g03074	50.2.7	Enzyme classification.EC_2 transferases.EC_2.7 transferase transferring phosphorus-containing group
VIT_16s0022g01650	Vitvi16g00811	50.2.7	Enzyme classification.EC_2 transferases.EC_2.7 transferase transferring phosphorus-containing group
VIT_16s0050g01710	Vitvi16g01949	50.2.7	Enzyme classification.EC_2 transferases.EC_2.7 transferase transferring phosphorus-containing group
VIT_16s0050g01720	Vitvi16g01158	50.2.7	Enzyme classification.EC_2 transferases.EC_2.7 transferase transferring phosphorus-containing group
VIT_16s0050g01960	Vitvi16g01965	50.2.7	Enzyme classification.EC_2 transferases.EC_2.7 transferase transferring phosphorus-containing group
VIT_16s0098g00160	Vitvi16g01273	50.2.7	Enzyme classification.EC_2 transferases.EC_2.7 transferase transferring phosphorus-containing group
VIT_16s0148g00320	Vitvi16g01259	50.2.7	Enzyme classification.EC_2 transferases.EC_2.7 transferase transferring phosphorus-containing group
VIT_18s0001g09550	Vitvi18g00703	50.2.7	Enzyme classification.EC_2 transferases.EC_2.7 transferase transferring phosphorus-containing group
VIT_13s0084g00240	Vitvi13g01379	50.2.8	Enzyme classification.EC_2 transferases.EC_2.8 transferase transferring sulfur-containing group
VIT_13s0106g00550	Vitvi13g00864	50.2.8	Enzyme classification.EC_2 transferases.EC_2.8 transferase transferring sulfur-containing group
VIT_00s0233g00010	Vitvi02g01703	50.3	Enzyme classification.EC_3 hydrolases
VIT_00s0301g00100	Vitvi10g00400	50.3	Enzyme classification.EC_3 hydrolases
VIT_00s0375g00030	Vitvi10g00436	50.3	Enzyme classification.EC_3 hydrolases
VIT_01s0011g00760	Vitvi01g00067	50.3	Enzyme classification.EC_3 hydrolases
VIT_01s0011g03670	Vitvi01g00300	50.3	Enzyme classification.EC_3 hydrolases
VIT_02s0025g01330	Vitvi02g00118	50.3	Enzyme classification.EC_3 hydrolases
VIT_02s0025g02770	Vitvi02g00248	50.3	Enzyme classification.EC_3 hydrolases
VIT_03s0063g02490	Vitvi03g00340	50.3	Enzyme classification.EC_3 hydrolases
VIT_04s0023g03650	Vitvi04g01481	50.3	Enzyme classification.EC_3 hydrolases
VIT_05s0049g01320	Vitvi05g00778	50.3	Enzyme classification.EC_3 hydrolases
VIT_05s0062g00820	Vitvi05g01314	50.3	Enzyme classification.EC_3 hydrolases
VIT_05s0062g01430	Vitvi05g01375	50.3	Enzyme classification.EC_3 hydrolases
VIT_05s0077g01150	Vitvi05g00107	50.3	Enzyme classification.EC_3 hydrolases
VIT_06s0009g00810	Vitvi06g00962	50.3	Enzyme classification.EC_3 hydrolases
VIT_06s0080g00420	Vitvi06g01489	50.3	Enzyme classification.EC_3 hydrolases
VIT_07s0005g02590	Vitvi07g00525	50.3	Enzyme classification.EC_3 hydrolases
VIT_08s0007g06040	Vitvi08g01701	50.3	Enzyme classification.EC_3 hydrolases
VIT_08s0007g06060	Vitvi08g01702	50.3	Enzyme classification.EC_3 hydrolases
VIT_08s0032g00470	Vitvi08g00189	50.3	Enzyme classification.EC_3 hydrolases
VIT_10s0003g01360	Vitvi10g00591	50.3	Enzyme classification.EC_3 hydrolases
VIT_10s0071g01100	Vitvi10g02085	50.3	Enzyme classification.EC_3 hydrolases
VIT_11s0016g02960	Vitvi11g00249	50.3	Enzyme classification.EC_3 hydrolases
VIT_13s0064g01660	Vitvi13g01788	50.3	Enzyme classification.EC_3 hydrolases
VIT_13s0064g01760	Vitvi13g01792	50.3	Enzyme classification.EC_3 hydrolases
VIT_14s0006g00520	Vitvi14g00821	50.3	Enzyme classification.EC_3 hydrolases
VIT_15s0046g02000	Vitvi15g01076	50.3	Enzyme classification.EC_3 hydrolases
VIT_17s0000g00290	Vitvi17g00031	50.3	Enzyme classification.EC_3 hydrolases
VIT_18s0122g00980	Vitvi18g00070	50.3	Enzyme classification.EC_3 hydrolases
VIT_19s0090g01070	Vitvi19g00557	50.3	Enzyme classification.EC_3 hydrolases
VIT_00s0301g00100	Vitvi10g00400	50.3.1	Enzyme classification.EC_3 hydrolases.EC_3.1 hydrolase acting on ester bond
VIT_01s0011g03670	Vitvi01g00300	50.3.1	Enzyme classification.EC_3 hydrolases.EC_3.1 hydrolase acting on ester bond
VIT_00s0233g00010	Vitvi02g01703	50.3.2	Enzyme classification.EC_3 hydrolases.EC_3.2 glycosylase
VIT_00s0375g00030	Vitvi10g00436	50.3.2	Enzyme classification.EC_3 hydrolases.EC_3.2 glycosylase
VIT_01s0011g00760	Vitvi01g00067	50.3.2	Enzyme classification.EC_3 hydrolases.EC_3.2 glycosylase
VIT_02s0025g01330	Vitvi02g00118	50.3.2	Enzyme classification.EC_3 hydrolases.EC_3.2 glycosylase
VIT_02s0025g02770	Vitvi02g00248	50.3.2	Enzyme classification.EC_3 hydrolases.EC_3.2 glycosylase
VIT_03s0063g02490	Vitvi03g00340	50.3.2	Enzyme classification.EC_3 hydrolases.EC_3.2 glycosylase
VIT_04s0023g03650	Vitvi04g01481	50.3.2	Enzyme classification.EC_3 hydrolases.EC_3.2 glycosylase
VIT_05s0062g01430	Vitvi05g01375	50.3.2	Enzyme classification.EC_3 hydrolases.EC_3.2 glycosylase
VIT_05s0077g01150	Vitvi05g00107	50.3.2	Enzyme classification.EC_3 hydrolases.EC_3.2 glycosylase
VIT_06s0009g00810	Vitvi06g00962	50.3.2	Enzyme classification.EC_3 hydrolases.EC_3.2 glycosylase
VIT_06s0080g00420	Vitvi06g01489	50.3.2	Enzyme classification.EC_3 hydrolases.EC_3.2 glycosylase
VIT_07s0005g02590	Vitvi07g00525	50.3.2	Enzyme classification.EC_3 hydrolases.EC_3.2 glycosylase
VIT_08s0007g06040	Vitvi08g01701	50.3.2	Enzyme classification.EC_3 hydrolases.EC_3.2 glycosylase
VIT_08s0007g06060	Vitvi08g01702	50.3.2	Enzyme classification.EC_3 hydrolases.EC_3.2 glycosylase
VIT_08s0032g00470	Vitvi08g00189	50.3.2	Enzyme classification.EC_3 hydrolases.EC_3.2 glycosylase
VIT_10s0071g01100	Vitvi10g02085	50.3.2	Enzyme classification.EC_3 hydrolases.EC_3.2 glycosylase
VIT_11s0016g02960	Vitvi11g00249	50.3.2	Enzyme classification.EC_3 hydrolases.EC_3.2 glycosylase
VIT_13s0064g01660	Vitvi13g01788	50.3.2	Enzyme classification.EC_3 hydrolases.EC_3.2 glycosylase
VIT_13s0064g01760	Vitvi13g01792	50.3.2	Enzyme classification.EC_3 hydrolases.EC_3.2 glycosylase
VIT_14s0006g00520	Vitvi14g00821	50.3.2	Enzyme classification.EC_3 hydrolases.EC_3.2 glycosylase
VIT_15s0046g02000	Vitvi15g01076	50.3.2	Enzyme classification.EC_3 hydrolases.EC_3.2 glycosylase
VIT_17s0000g00290	Vitvi17g00031	50.3.2	Enzyme classification.EC_3 hydrolases.EC_3.2 glycosylase
VIT_18s0122g00980	Vitvi18g00070	50.3.2	Enzyme classification.EC_3 hydrolases.EC_3.2 glycosylase
VIT_19s0090g01070	Vitvi19g00557	50.3.2	Enzyme classification.EC_3 hydrolases.EC_3.2 glycosylase
VIT_10s0003g01360	Vitvi10g00591	50.3.4	Enzyme classification.EC_3 hydrolases.EC_3.4 hydrolase acting on peptide bond (peptidase)
VIT_05s0049g01320	Vitvi05g00778	50.3.6	Enzyme classification.EC_3 hydrolases.EC_3.6 hydrolase acting on acid anhydride
VIT_05s0062g00820	Vitvi05g01314	50.3.6	Enzyme classification.EC_3 hydrolases.EC_3.6 hydrolase acting on acid anhydride
VIT_08s0007g03240	Vitvi08g01454	50.4	Enzyme classification.EC_4 lyases
VIT_08s0007g04800	Vitvi08g01604	50.4	Enzyme classification.EC_4 lyases
VIT_16s0022g01770	Vitvi16g00831	50.4	Enzyme classification.EC_4 lyases
VIT_08s0007g03240	Vitvi08g01454	50.4.2	Enzyme classification.EC_4 lyases.EC_4.2 carbon-oxygen lyase
VIT_08s0007g04800	Vitvi08g01604	50.4.2	Enzyme classification.EC_4 lyases.EC_4.2 carbon-oxygen lyase
VIT_16s0022g01770	Vitvi16g00831	50.4.2	Enzyme classification.EC_4 lyases.EC_4.2 carbon-oxygen lyase
VIT_03s0063g01880	Vitvi03g00388	50.6	Enzyme classification.EC_6 ligases
VIT_07s0005g01790	Vitvi07g00445	50.6	Enzyme classification.EC_6 ligases
VIT_03s0063g01880	Vitvi03g00388	50.6.2	Enzyme classification.EC_6 ligases.EC_6.2 ligase forming carbon-sulfur bond
VIT_07s0005g01790	Vitvi07g00445	50.6.2	Enzyme classification.EC_6 ligases.EC_6.2 ligase forming carbon-sulfur bond
VIT_01s0010g00240	Vitvi01g01236	6	Nucleotide metabolism
VIT_08s0007g03690	Vitvi08g01490	6	Nucleotide metabolism
VIT_08s0058g00930	Vitvi08g00816	6	Nucleotide metabolism
VIT_09s0002g07120	Vitvi09g00629	6	Nucleotide metabolism
VIT_08s0007g03690	Vitvi08g01490	6.1	Nucleotide metabolism.purines
VIT_09s0002g07120	Vitvi09g00629	6.1	Nucleotide metabolism.purines
VIT_09s0002g07120	Vitvi09g00629	6.1.2	Nucleotide metabolism.purines.salvage pathway
VIT_09s0002g07120	Vitvi09g00629	6.1.2.1	Nucleotide metabolism.purines.salvage pathway.adenine phosphoribosyltransferase
VIT_08s0007g03690	Vitvi08g01490	6.1.4	Nucleotide metabolism.purines.catabolism
VIT_08s0007g03690	Vitvi08g01490	6.1.4.3	Nucleotide metabolism.purines.catabolism.NSH1-NSH2 nucleoside hydrolase heterodimer
VIT_08s0007g03690	Vitvi08g01490	6.1.4.3.1	Nucleotide metabolism.purines.catabolism.NSH1-NSH2 nucleoside hydrolase heterodimer.component NSH1
VIT_01s0010g00240	Vitvi01g01236	6.2	Nucleotide metabolism.pyrimidines
VIT_08s0058g00930	Vitvi08g00816	6.2	Nucleotide metabolism.pyrimidines
VIT_01s0010g00240	Vitvi01g01236	6.2.1	Nucleotide metabolism.pyrimidines.de novo biosynthesis
VIT_01s0010g00240	Vitvi01g01236	6.2.1.6	Nucleotide metabolism.pyrimidines.de novo biosynthesis.CTP synthetase
VIT_08s0058g00930	Vitvi08g00816	6.2.4	Nucleotide metabolism.pyrimidines.catabolism
VIT_08s0058g00930	Vitvi08g00816	6.2.4.6	Nucleotide metabolism.pyrimidines.catabolism.alanine aminotransferase (PYD4)
VIT_02s0025g04660	Vitvi02g00429	7	Coenzyme metabolism
VIT_03s0017g00650	Vitvi03g01092	7	Coenzyme metabolism
VIT_05s0020g01840	Vitvi05g00350	7	Coenzyme metabolism
VIT_05s0102g00310	Vitvi05g01492	7	Coenzyme metabolism
VIT_06s0004g01160	Vitvi06g00110	7	Coenzyme metabolism
VIT_06s0004g08380	Vitvi06g00834	7	Coenzyme metabolism
VIT_08s0007g05000	Vitvi08g01620	7	Coenzyme metabolism
VIT_08s0007g08540	Vitvi08g01915	7	Coenzyme metabolism
VIT_08s0040g00390	Vitvi08g00903	7	Coenzyme metabolism
VIT_08s0105g00590	Vitvi08g00678	7	Coenzyme metabolism
VIT_10s0116g00530	Vitvi10g00027	7	Coenzyme metabolism
VIT_11s0052g01090	Vitvi11g01257	7	Coenzyme metabolism
VIT_12s0059g00270	Vitvi12g00346	7	Coenzyme metabolism
VIT_18s0001g01210	Vitvi18g00193	7	Coenzyme metabolism
VIT_18s0001g11090	Vitvi18g00835	7	Coenzyme metabolism
VIT_18s0089g01420	Vitvi18g02434	7	Coenzyme metabolism
VIT_19s0014g03160	Vitvi19g00257	7	Coenzyme metabolism
VIT_03s0017g00650	Vitvi03g01092	7.10	Coenzyme metabolism.FMN/FAD biosynthesis
VIT_03s0017g00650	Vitvi03g01092	7.10.2	Coenzyme metabolism.FMN/FAD biosynthesis.bifunctional GTP cyclohydrolase II (RibA) and DHBP synthase (RibB)
VIT_02s0025g04660	Vitvi02g00429	7.12	Coenzyme metabolism.tetrapyrrol biosynthesis
VIT_05s0020g01840	Vitvi05g00350	7.12	Coenzyme metabolism.tetrapyrrol biosynthesis
VIT_05s0102g00310	Vitvi05g01492	7.12	Coenzyme metabolism.tetrapyrrol biosynthesis
VIT_06s0004g08380	Vitvi06g00834	7.12	Coenzyme metabolism.tetrapyrrol biosynthesis
VIT_08s0007g08540	Vitvi08g01915	7.12	Coenzyme metabolism.tetrapyrrol biosynthesis
VIT_08s0040g00390	Vitvi08g00903	7.12	Coenzyme metabolism.tetrapyrrol biosynthesis
VIT_08s0105g00590	Vitvi08g00678	7.12	Coenzyme metabolism.tetrapyrrol biosynthesis
VIT_12s0059g00270	Vitvi12g00346	7.12	Coenzyme metabolism.tetrapyrrol biosynthesis
VIT_18s0001g01210	Vitvi18g00193	7.12	Coenzyme metabolism.tetrapyrrol biosynthesis
VIT_18s0001g11090	Vitvi18g00835	7.12	Coenzyme metabolism.tetrapyrrol biosynthesis
VIT_18s0089g01420	Vitvi18g02434	7.12	Coenzyme metabolism.tetrapyrrol biosynthesis
VIT_19s0014g03160	Vitvi19g00257	7.12	Coenzyme metabolism.tetrapyrrol biosynthesis
VIT_18s0001g11090	Vitvi18g00835	7.12.2	Coenzyme metabolism.tetrapyrrol biosynthesis.uroporphyrinogen III formation
VIT_18s0001g11090	Vitvi18g00835	7.12.2.3	Coenzyme metabolism.tetrapyrrol biosynthesis.uroporphyrinogen III formation.uroporphyrinogen III synthase
VIT_02s0025g04660	Vitvi02g00429	7.12.6	Coenzyme metabolism.tetrapyrrol biosynthesis.chlorophyll metabolism
VIT_05s0020g01840	Vitvi05g00350	7.12.6	Coenzyme metabolism.tetrapyrrol biosynthesis.chlorophyll metabolism
VIT_05s0102g00310	Vitvi05g01492	7.12.6	Coenzyme metabolism.tetrapyrrol biosynthesis.chlorophyll metabolism
VIT_06s0004g08380	Vitvi06g00834	7.12.6	Coenzyme metabolism.tetrapyrrol biosynthesis.chlorophyll metabolism
VIT_08s0007g08540	Vitvi08g01915	7.12.6	Coenzyme metabolism.tetrapyrrol biosynthesis.chlorophyll metabolism
VIT_08s0040g00390	Vitvi08g00903	7.12.6	Coenzyme metabolism.tetrapyrrol biosynthesis.chlorophyll metabolism
VIT_08s0105g00590	Vitvi08g00678	7.12.6	Coenzyme metabolism.tetrapyrrol biosynthesis.chlorophyll metabolism
VIT_12s0059g00270	Vitvi12g00346	7.12.6	Coenzyme metabolism.tetrapyrrol biosynthesis.chlorophyll metabolism
VIT_18s0001g01210	Vitvi18g00193	7.12.6	Coenzyme metabolism.tetrapyrrol biosynthesis.chlorophyll metabolism
VIT_18s0089g01420	Vitvi18g02434	7.12.6	Coenzyme metabolism.tetrapyrrol biosynthesis.chlorophyll metabolism
VIT_19s0014g03160	Vitvi19g00257	7.12.6	Coenzyme metabolism.tetrapyrrol biosynthesis.chlorophyll metabolism
VIT_05s0102g00310	Vitvi05g01492	7.12.6.1	Coenzyme metabolism.tetrapyrrol biosynthesis.chlorophyll metabolism.magnesium-chelatase complex
VIT_08s0007g08540	Vitvi08g01915	7.12.6.1	Coenzyme metabolism.tetrapyrrol biosynthesis.chlorophyll metabolism.magnesium-chelatase complex
VIT_08s0007g08540	Vitvi08g01915	7.12.6.1.2	Coenzyme metabolism.tetrapyrrol biosynthesis.chlorophyll metabolism.magnesium-chelatase complex.component CHL-H
VIT_05s0102g00310	Vitvi05g01492	7.12.6.1.4	Coenzyme metabolism.tetrapyrrol biosynthesis.chlorophyll metabolism.magnesium-chelatase complex.accessory component GUN4
VIT_06s0004g08380	Vitvi06g00834	7.12.6.3	Coenzyme metabolism.tetrapyrrol biosynthesis.chlorophyll metabolism.Mg-protoporphyrin IX monomethylester cyclase complex
VIT_08s0040g00390	Vitvi08g00903	7.12.6.3	Coenzyme metabolism.tetrapyrrol biosynthesis.chlorophyll metabolism.Mg-protoporphyrin IX monomethylester cyclase complex
VIT_08s0040g00390	Vitvi08g00903	7.12.6.3.1	Coenzyme metabolism.tetrapyrrol biosynthesis.chlorophyll metabolism.Mg-protoporphyrin IX monomethylester cyclase complex.catalytic component CRD1
VIT_06s0004g08380	Vitvi06g00834	7.12.6.3.2	Coenzyme metabolism.tetrapyrrol biosynthesis.chlorophyll metabolism.Mg-protoporphyrin IX monomethylester cyclase complex.scaffolding component LCAA
VIT_05s0020g01840	Vitvi05g00350	7.12.6.4	Coenzyme metabolism.tetrapyrrol biosynthesis.chlorophyll metabolism.divinyl chlorophyllide-a 8-vinyl-reductase
VIT_12s0059g00270	Vitvi12g00346	7.12.6.5	Coenzyme metabolism.tetrapyrrol biosynthesis.chlorophyll metabolism.protochlorophyllide oxidoreductase (POR) activities
VIT_19s0014g03160	Vitvi19g00257	7.12.6.5	Coenzyme metabolism.tetrapyrrol biosynthesis.chlorophyll metabolism.protochlorophyllide oxidoreductase (POR) activities
VIT_12s0059g00270	Vitvi12g00346	7.12.6.5.1	Coenzyme metabolism.tetrapyrrol biosynthesis.chlorophyll metabolism.protochlorophyllide oxidoreductase (POR) activities.light-dependent POR
VIT_19s0014g03160	Vitvi19g00257	7.12.6.5.1	Coenzyme metabolism.tetrapyrrol biosynthesis.chlorophyll metabolism.protochlorophyllide oxidoreductase (POR) activities.light-dependent POR
VIT_08s0105g00590	Vitvi08g00678	7.12.6.6	Coenzyme metabolism.tetrapyrrol biosynthesis.chlorophyll metabolism.chlorophyll(ide) interconversions
VIT_08s0105g00590	Vitvi08g00678	7.12.6.6.2	Coenzyme metabolism.tetrapyrrol biosynthesis.chlorophyll metabolism.chlorophyll(ide) interconversions.chlorophyll synthase (ChlG)
VIT_02s0025g04660	Vitvi02g00429	7.12.6.7	Coenzyme metabolism.tetrapyrrol biosynthesis.chlorophyll metabolism.chlorophyll breakdown
VIT_18s0001g01210	Vitvi18g00193	7.12.6.7	Coenzyme metabolism.tetrapyrrol biosynthesis.chlorophyll metabolism.chlorophyll breakdown
VIT_18s0089g01420	Vitvi18g02434	7.12.6.7	Coenzyme metabolism.tetrapyrrol biosynthesis.chlorophyll metabolism.chlorophyll breakdown
VIT_18s0089g01420	Vitvi18g02434	7.12.6.7.2	Coenzyme metabolism.tetrapyrrol biosynthesis.chlorophyll metabolism.chlorophyll breakdown.chlorophyll dephytylase (CLD)
VIT_02s0025g04660	Vitvi02g00429	7.12.6.7.3	Coenzyme metabolism.tetrapyrrol biosynthesis.chlorophyll metabolism.chlorophyll breakdown.magnesium dechelatase
VIT_18s0001g01210	Vitvi18g00193	7.12.6.7.3	Coenzyme metabolism.tetrapyrrol biosynthesis.chlorophyll metabolism.chlorophyll breakdown.magnesium dechelatase
VIT_10s0116g00530	Vitvi10g00027	7.2	Coenzyme metabolism.thiamine pyrophosphate biosynthesis
VIT_10s0116g00530	Vitvi10g00027	7.2.2	Coenzyme metabolism.thiamine pyrophosphate biosynthesis.thiazole biosynthesis
VIT_10s0116g00530	Vitvi10g00027	7.2.2.1	Coenzyme metabolism.thiamine pyrophosphate biosynthesis.thiazole biosynthesis.biosynthetic protein (Thi4)
VIT_08s0007g05000	Vitvi08g01620	7.3	Coenzyme metabolism.S-adenosyl methionine (SAM) cycle
VIT_08s0007g05000	Vitvi08g01620	7.3.1	Coenzyme metabolism.S-adenosyl methionine (SAM) cycle.S-adenosyl methionine synthetase
VIT_06s0004g01160	Vitvi06g00110	7.5	Coenzyme metabolism.tetrahydrofolate biosynthesis
VIT_06s0004g01160	Vitvi06g00110	7.5.7	Coenzyme metabolism.tetrahydrofolate biosynthesis.tetrahydrofolate (THF) interconversions
VIT_06s0004g01160	Vitvi06g00110	7.5.7.1	Coenzyme metabolism.tetrahydrofolate biosynthesis.tetrahydrofolate (THF) interconversions.10-formyl-THF synthetase
VIT_11s0052g01090	Vitvi11g01257	7.8	Coenzyme metabolism.prenylquinone biosynthesis
VIT_11s0052g01090	Vitvi11g01257	7.8.1	Coenzyme metabolism.prenylquinone biosynthesis.4-hydroxybenzoate biosynthesis
VIT_11s0052g01090	Vitvi11g01257	7.8.1.1	Coenzyme metabolism.prenylquinone biosynthesis.4-hydroxybenzoate biosynthesis.p-coumarate:CoA ligase
VIT_04s0008g01740	Vitvi04g00148	8	Polyamine metabolism
VIT_05s0020g03280	Vitvi05g00483	8	Polyamine metabolism
VIT_05s0020g03320	Vitvi05g00485	8	Polyamine metabolism
VIT_11s0037g00570	Vitvi11g00730	8	Polyamine metabolism
VIT_04s0008g01740	Vitvi04g00148	8.2	Polyamine metabolism.spermidine biosynthesis
VIT_04s0008g01740	Vitvi04g00148	8.2.4	Polyamine metabolism.spermidine biosynthesis.thermospermine synthase
VIT_11s0037g00570	Vitvi11g00730	8.4	Polyamine metabolism.polyamine conjugation
VIT_11s0037g00570	Vitvi11g00730	8.4.2	Polyamine metabolism.polyamine conjugation.spermidine hydroxycinnamoyl transferase
VIT_05s0020g03280	Vitvi05g00483	8.5	Polyamine metabolism.polyamine degradation
VIT_05s0020g03320	Vitvi05g00485	8.5	Polyamine metabolism.polyamine degradation
VIT_05s0020g03280	Vitvi05g00483	8.5.1	Polyamine metabolism.polyamine degradation.copper-containing amine oxidase (CuAO)
VIT_05s0020g03320	Vitvi05g00485	8.5.1	Polyamine metabolism.polyamine degradation.copper-containing amine oxidase (CuAO)
VIT_00s0361g00040	Vitvi10g02185	9	Secondary metabolism
VIT_00s0480g00040	Vitvi10g02335	9	Secondary metabolism
VIT_01s0010g03510	Vitvi01g02265	9	Secondary metabolism
VIT_01s0011g02960	Vitvi01g00234	9	Secondary metabolism
VIT_02s0025g02960	Vitvi02g00270	9	Secondary metabolism
VIT_02s0025g02970	Vitvi02g00271	9	Secondary metabolism
VIT_02s0087g00910	Vitvi02g01286	9	Secondary metabolism
VIT_02s0087g00930	Vitvi02g01288	9	Secondary metabolism
VIT_03s0017g00870	Vitvi03g01816	9	Secondary metabolism
VIT_03s0038g00450	Vitvi03g00034	9	Secondary metabolism
VIT_03s0063g01690	Vitvi03g01524	9	Secondary metabolism
VIT_03s0180g00280	Vitvi03g00566	9	Secondary metabolism
VIT_04s0044g01740	Vitvi04g01740	9	Secondary metabolism
VIT_04s0079g00680	Vitvi04g02011	9	Secondary metabolism
VIT_04s0079g00690	Vitvi04g00880	9	Secondary metabolism
VIT_05s0020g02130	Vitvi05g00372	9	Secondary metabolism
VIT_05s0136g00260	Vitvi05g01044	9	Secondary metabolism
VIT_06s0004g08150	Vitvi06g00803	9	Secondary metabolism
VIT_06s0009g02810	Vitvi06g01882	9	Secondary metabolism
VIT_06s0009g02970	Vitvi06g01192	9	Secondary metabolism
VIT_06s0009g03000	Vitvi06g01894	9	Secondary metabolism
VIT_06s0009g03010	Vitvi06g01895	9	Secondary metabolism
VIT_07s0104g01800	Vitvi07g02188	9	Secondary metabolism
VIT_08s0007g07120	Vitvi08g01787	9	Secondary metabolism
VIT_08s0040g01710	Vitvi08g01022	9	Secondary metabolism
VIT_08s0105g00380	Vitvi08g00656	9	Secondary metabolism
VIT_09s0054g01220	Vitvi09g01427	9	Secondary metabolism
VIT_10s0003g04240	Vitvi10g00870	9	Secondary metabolism
VIT_10s0116g00560	Vitvi10g00442	9	Secondary metabolism
VIT_11s0016g01020	Vitvi11g00074	9	Secondary metabolism
VIT_11s0016g01880	Vitvi11g00148	9	Secondary metabolism
VIT_11s0052g01090	Vitvi11g01257	9	Secondary metabolism
VIT_12s0134g00630	Vitvi12g02448	9	Secondary metabolism
VIT_13s0019g04460	Vitvi13g00622	9	Secondary metabolism
VIT_13s0106g00550	Vitvi13g00864	9	Secondary metabolism
VIT_14s0006g02880	Vitvi14g01185	9	Secondary metabolism
VIT_14s0066g00400	Vitvi14g01683	9	Secondary metabolism
VIT_14s0068g00920	Vitvi14g01448	9	Secondary metabolism
VIT_16s0039g01100	Vitvi16g00054	9	Secondary metabolism
VIT_16s0039g01120	Vitvi16g01503	9	Secondary metabolism
VIT_16s0039g01170	Vitvi16g00057	9	Secondary metabolism
VIT_16s0039g01240	Vitvi16g00060	9	Secondary metabolism
VIT_16s0039g01280	Vitvi16g00061	9	Secondary metabolism
VIT_16s0039g01300	Vitvi16g01507	9	Secondary metabolism
VIT_16s0039g02230	Vitvi16g00156	9	Secondary metabolism
VIT_16s0050g00910	Vitvi16g01913	9	Secondary metabolism
VIT_16s0050g01090	Vitvi16g01099	9	Secondary metabolism
VIT_16s0098g00860	Vitvi16g01336	9	Secondary metabolism
VIT_16s0100g00750	Vitvi16g01485	9	Secondary metabolism
VIT_16s0100g00770	Vitvi16g01486	9	Secondary metabolism
VIT_16s0100g00780	Vitvi16g01457	9	Secondary metabolism
VIT_16s0100g00830	Vitvi16g00991	9	Secondary metabolism
VIT_16s0100g00880	Vitvi16g01462	9	Secondary metabolism
VIT_16s0100g00910	Vitvi16g01464	9	Secondary metabolism
VIT_16s0100g00990	Vitvi16g01468	9	Secondary metabolism
VIT_16s0100g01000	Vitvi16g01469	9	Secondary metabolism
VIT_16s0100g01010	Vitvi16g01470	9	Secondary metabolism
VIT_16s0100g01020	Vitvi16g01471	9	Secondary metabolism
VIT_16s0100g01030	Vitvi16g01472	9	Secondary metabolism
VIT_16s0100g01070	Vitvi16g01474	9	Secondary metabolism
VIT_16s0100g01100	Vitvi16g01475	9	Secondary metabolism
VIT_16s0100g01140	Vitvi16g01479	9	Secondary metabolism
VIT_16s0100g01150	Vitvi16g01480	9	Secondary metabolism
VIT_16s0100g01160	Vitvi16g01481	9	Secondary metabolism
VIT_16s0100g01190	Vitvi16g01483	9	Secondary metabolism
VIT_16s0100g01200	Vitvi16g01484	9	Secondary metabolism
VIT_17s0000g04150	Vitvi17g00371	9	Secondary metabolism
VIT_18s0001g03430	Vitvi18g02538	9	Secondary metabolism
VIT_18s0001g03470	Vitvi18g02541	9	Secondary metabolism
VIT_18s0001g08550	Vitvi18g00612	9	Secondary metabolism
VIT_18s0001g11430	Vitvi18g02712	9	Secondary metabolism
VIT_18s0001g11520	Vitvi18g02720	9	Secondary metabolism
VIT_18s0122g00610	Vitvi18g00043	9	Secondary metabolism
VIT_02s0087g00910	Vitvi02g01286	9.1	Secondary metabolism.terpenoids
VIT_02s0087g00930	Vitvi02g01288	9.1	Secondary metabolism.terpenoids
VIT_03s0038g00450	Vitvi03g00034	9.1	Secondary metabolism.terpenoids
VIT_04s0044g01740	Vitvi04g01740	9.1	Secondary metabolism.terpenoids
VIT_04s0079g00680	Vitvi04g02011	9.1	Secondary metabolism.terpenoids
VIT_05s0020g02130	Vitvi05g00372	9.1	Secondary metabolism.terpenoids
VIT_09s0054g01220	Vitvi09g01427	9.1	Secondary metabolism.terpenoids
VIT_11s0016g01880	Vitvi11g00148	9.1	Secondary metabolism.terpenoids
VIT_14s0006g02880	Vitvi14g01185	9.1	Secondary metabolism.terpenoids
VIT_16s0050g01090	Vitvi16g01099	9.1	Secondary metabolism.terpenoids
VIT_18s0001g08550	Vitvi18g00612	9.1	Secondary metabolism.terpenoids
VIT_18s0122g00610	Vitvi18g00043	9.1	Secondary metabolism.terpenoids
VIT_04s0044g01740	Vitvi04g01740	9.1.1	Secondary metabolism.terpenoids.mevalonate pathway
VIT_18s0122g00610	Vitvi18g00043	9.1.1	Secondary metabolism.terpenoids.mevalonate pathway
VIT_04s0044g01740	Vitvi04g01740	9.1.1.3	Secondary metabolism.terpenoids.mevalonate pathway.3-hydroxy-3-methylglutaryl-CoA reductase
VIT_18s0122g00610	Vitvi18g00043	9.1.1.3	Secondary metabolism.terpenoids.mevalonate pathway.3-hydroxy-3-methylglutaryl-CoA reductase
VIT_05s0020g02130	Vitvi05g00372	9.1.2	Secondary metabolism.terpenoids.methylerythritol phosphate (MEP) pathway
VIT_05s0020g02130	Vitvi05g00372	9.1.2.2	Secondary metabolism.terpenoids.methylerythritol phosphate (MEP) pathway.1-deoxy-D-xylulose 5-phosphate synthase (DXS)
VIT_09s0054g01220	Vitvi09g01427	9.1.4	Secondary metabolism.terpenoids.terpene biosynthesis
VIT_09s0054g01220	Vitvi09g01427	9.1.4.3	Secondary metabolism.terpenoids.terpene biosynthesis.triterpenoid synthase
VIT_03s0038g00450	Vitvi03g00034	9.1.5	Secondary metabolism.terpenoids.cycloartenol biosynthesis
VIT_18s0001g08550	Vitvi18g00612	9.1.5	Secondary metabolism.terpenoids.cycloartenol biosynthesis
VIT_03s0038g00450	Vitvi03g00034	9.1.5.1	Secondary metabolism.terpenoids.cycloartenol biosynthesis.squalene synthase
VIT_18s0001g08550	Vitvi18g00612	9.1.5.2	Secondary metabolism.terpenoids.cycloartenol biosynthesis.squalene epoxidase
VIT_02s0087g00910	Vitvi02g01286	9.1.6	Secondary metabolism.terpenoids.carotenoid biosynthesis
VIT_02s0087g00930	Vitvi02g01288	9.1.6	Secondary metabolism.terpenoids.carotenoid biosynthesis
VIT_04s0079g00680	Vitvi04g02011	9.1.6	Secondary metabolism.terpenoids.carotenoid biosynthesis
VIT_11s0016g01880	Vitvi11g00148	9.1.6	Secondary metabolism.terpenoids.carotenoid biosynthesis
VIT_14s0006g02880	Vitvi14g01185	9.1.6	Secondary metabolism.terpenoids.carotenoid biosynthesis
VIT_16s0050g01090	Vitvi16g01099	9.1.6	Secondary metabolism.terpenoids.carotenoid biosynthesis
VIT_04s0079g00680	Vitvi04g02011	9.1.6.1	Secondary metabolism.terpenoids.carotenoid biosynthesis.carotenes
VIT_11s0016g01880	Vitvi11g00148	9.1.6.1	Secondary metabolism.terpenoids.carotenoid biosynthesis.carotenes
VIT_04s0079g00680	Vitvi04g02011	9.1.6.1.1	Secondary metabolism.terpenoids.carotenoid biosynthesis.carotenes.phytoene synthase (PSY)
VIT_11s0016g01880	Vitvi11g00148	9.1.6.1.5	Secondary metabolism.terpenoids.carotenoid biosynthesis.carotenes.lycopene epsilon cyclase (LCY-e)
VIT_14s0006g02880	Vitvi14g01185	9.1.6.2	Secondary metabolism.terpenoids.carotenoid biosynthesis.xanthophylls
VIT_16s0050g01090	Vitvi16g01099	9.1.6.2	Secondary metabolism.terpenoids.carotenoid biosynthesis.xanthophylls
VIT_16s0050g01090	Vitvi16g01099	9.1.6.2.1	Secondary metabolism.terpenoids.carotenoid biosynthesis.xanthophylls.carotenoid hydroxylase activities
VIT_16s0050g01090	Vitvi16g01099	9.1.6.2.1.1	Secondary metabolism.terpenoids.carotenoid biosynthesis.xanthophylls.carotenoid hydroxylase activities.carotenoid beta-ring hydroxylase (BCH)
VIT_14s0006g02880	Vitvi14g01185	9.1.6.2.4	Secondary metabolism.terpenoids.carotenoid biosynthesis.xanthophylls.neoxanthin synthase (ABA4)
VIT_02s0087g00910	Vitvi02g01286	9.1.6.3	Secondary metabolism.terpenoids.carotenoid biosynthesis.apocarotenoids
VIT_02s0087g00930	Vitvi02g01288	9.1.6.3	Secondary metabolism.terpenoids.carotenoid biosynthesis.apocarotenoids
VIT_02s0087g00910	Vitvi02g01286	9.1.6.3.2	Secondary metabolism.terpenoids.carotenoid biosynthesis.apocarotenoids.class-CCD4 carotenoid cleavage dioxygenase
VIT_02s0087g00930	Vitvi02g01288	9.1.6.3.2	Secondary metabolism.terpenoids.carotenoid biosynthesis.apocarotenoids.class-CCD4 carotenoid cleavage dioxygenase
VIT_00s0361g00040	Vitvi10g02185	9.2	Secondary metabolism.phenolics
VIT_00s0480g00040	Vitvi10g02335	9.2	Secondary metabolism.phenolics
VIT_01s0010g03510	Vitvi01g02265	9.2	Secondary metabolism.phenolics
VIT_01s0011g02960	Vitvi01g00234	9.2	Secondary metabolism.phenolics
VIT_02s0025g02960	Vitvi02g00270	9.2	Secondary metabolism.phenolics
VIT_02s0025g02970	Vitvi02g00271	9.2	Secondary metabolism.phenolics
VIT_03s0017g00870	Vitvi03g01816	9.2	Secondary metabolism.phenolics
VIT_03s0063g01690	Vitvi03g01524	9.2	Secondary metabolism.phenolics
VIT_03s0180g00280	Vitvi03g00566	9.2	Secondary metabolism.phenolics
VIT_04s0079g00690	Vitvi04g00880	9.2	Secondary metabolism.phenolics
VIT_05s0136g00260	Vitvi05g01044	9.2	Secondary metabolism.phenolics
VIT_06s0004g08150	Vitvi06g00803	9.2	Secondary metabolism.phenolics
VIT_06s0009g02810	Vitvi06g01882	9.2	Secondary metabolism.phenolics
VIT_06s0009g02970	Vitvi06g01192	9.2	Secondary metabolism.phenolics
VIT_06s0009g03000	Vitvi06g01894	9.2	Secondary metabolism.phenolics
VIT_06s0009g03010	Vitvi06g01895	9.2	Secondary metabolism.phenolics
VIT_07s0104g01800	Vitvi07g02188	9.2	Secondary metabolism.phenolics
VIT_08s0007g07120	Vitvi08g01787	9.2	Secondary metabolism.phenolics
VIT_08s0040g01710	Vitvi08g01022	9.2	Secondary metabolism.phenolics
VIT_08s0105g00380	Vitvi08g00656	9.2	Secondary metabolism.phenolics
VIT_10s0116g00560	Vitvi10g00442	9.2	Secondary metabolism.phenolics
VIT_11s0016g01020	Vitvi11g00074	9.2	Secondary metabolism.phenolics
VIT_11s0052g01090	Vitvi11g01257	9.2	Secondary metabolism.phenolics
VIT_12s0134g00630	Vitvi12g02448	9.2	Secondary metabolism.phenolics
VIT_13s0019g04460	Vitvi13g00622	9.2	Secondary metabolism.phenolics
VIT_13s0106g00550	Vitvi13g00864	9.2	Secondary metabolism.phenolics
VIT_14s0066g00400	Vitvi14g01683	9.2	Secondary metabolism.phenolics
VIT_14s0068g00920	Vitvi14g01448	9.2	Secondary metabolism.phenolics
VIT_16s0039g01100	Vitvi16g00054	9.2	Secondary metabolism.phenolics
VIT_16s0039g01120	Vitvi16g01503	9.2	Secondary metabolism.phenolics
VIT_16s0039g01170	Vitvi16g00057	9.2	Secondary metabolism.phenolics
VIT_16s0039g01240	Vitvi16g00060	9.2	Secondary metabolism.phenolics
VIT_16s0039g01280	Vitvi16g00061	9.2	Secondary metabolism.phenolics
VIT_16s0039g01300	Vitvi16g01507	9.2	Secondary metabolism.phenolics
VIT_16s0039g02230	Vitvi16g00156	9.2	Secondary metabolism.phenolics
VIT_16s0050g00910	Vitvi16g01913	9.2	Secondary metabolism.phenolics
VIT_16s0098g00860	Vitvi16g01336	9.2	Secondary metabolism.phenolics
VIT_16s0100g00750	Vitvi16g01485	9.2	Secondary metabolism.phenolics
VIT_16s0100g00770	Vitvi16g01486	9.2	Secondary metabolism.phenolics
VIT_16s0100g00780	Vitvi16g01457	9.2	Secondary metabolism.phenolics
VIT_16s0100g00830	Vitvi16g00991	9.2	Secondary metabolism.phenolics
VIT_16s0100g00880	Vitvi16g01462	9.2	Secondary metabolism.phenolics
VIT_16s0100g00910	Vitvi16g01464	9.2	Secondary metabolism.phenolics
VIT_16s0100g00990	Vitvi16g01468	9.2	Secondary metabolism.phenolics
VIT_16s0100g01000	Vitvi16g01469	9.2	Secondary metabolism.phenolics
VIT_16s0100g01010	Vitvi16g01470	9.2	Secondary metabolism.phenolics
VIT_16s0100g01020	Vitvi16g01471	9.2	Secondary metabolism.phenolics
VIT_16s0100g01030	Vitvi16g01472	9.2	Secondary metabolism.phenolics
VIT_16s0100g01070	Vitvi16g01474	9.2	Secondary metabolism.phenolics
VIT_16s0100g01100	Vitvi16g01475	9.2	Secondary metabolism.phenolics
VIT_16s0100g01140	Vitvi16g01479	9.2	Secondary metabolism.phenolics
VIT_16s0100g01150	Vitvi16g01480	9.2	Secondary metabolism.phenolics
VIT_16s0100g01160	Vitvi16g01481	9.2	Secondary metabolism.phenolics
VIT_16s0100g01190	Vitvi16g01483	9.2	Secondary metabolism.phenolics
VIT_16s0100g01200	Vitvi16g01484	9.2	Secondary metabolism.phenolics
VIT_17s0000g04150	Vitvi17g00371	9.2	Secondary metabolism.phenolics
VIT_18s0001g03430	Vitvi18g02538	9.2	Secondary metabolism.phenolics
VIT_18s0001g03470	Vitvi18g02541	9.2	Secondary metabolism.phenolics
VIT_18s0001g11430	Vitvi18g02712	9.2	Secondary metabolism.phenolics
VIT_18s0001g11520	Vitvi18g02720	9.2	Secondary metabolism.phenolics
VIT_06s0004g08150	Vitvi06g00803	9.2.1	Secondary metabolism.phenolics.p-coumaroyl-CoA biosynthesis
VIT_08s0007g07120	Vitvi08g01787	9.2.1	Secondary metabolism.phenolics.p-coumaroyl-CoA biosynthesis
VIT_08s0040g01710	Vitvi08g01022	9.2.1	Secondary metabolism.phenolics.p-coumaroyl-CoA biosynthesis
VIT_11s0052g01090	Vitvi11g01257	9.2.1	Secondary metabolism.phenolics.p-coumaroyl-CoA biosynthesis
VIT_13s0019g04460	Vitvi13g00622	9.2.1	Secondary metabolism.phenolics.p-coumaroyl-CoA biosynthesis
VIT_16s0039g01100	Vitvi16g00054	9.2.1	Secondary metabolism.phenolics.p-coumaroyl-CoA biosynthesis
VIT_16s0039g01120	Vitvi16g01503	9.2.1	Secondary metabolism.phenolics.p-coumaroyl-CoA biosynthesis
VIT_16s0039g01170	Vitvi16g00057	9.2.1	Secondary metabolism.phenolics.p-coumaroyl-CoA biosynthesis
VIT_16s0039g01240	Vitvi16g00060	9.2.1	Secondary metabolism.phenolics.p-coumaroyl-CoA biosynthesis
VIT_16s0039g01280	Vitvi16g00061	9.2.1	Secondary metabolism.phenolics.p-coumaroyl-CoA biosynthesis
VIT_16s0039g01300	Vitvi16g01507	9.2.1	Secondary metabolism.phenolics.p-coumaroyl-CoA biosynthesis
VIT_08s0007g07120	Vitvi08g01787	9.2.1.1	Secondary metabolism.phenolics.p-coumaroyl-CoA biosynthesis.phenylalanine ammonia lyase activity
VIT_08s0040g01710	Vitvi08g01022	9.2.1.1	Secondary metabolism.phenolics.p-coumaroyl-CoA biosynthesis.phenylalanine ammonia lyase activity
VIT_13s0019g04460	Vitvi13g00622	9.2.1.1	Secondary metabolism.phenolics.p-coumaroyl-CoA biosynthesis.phenylalanine ammonia lyase activity
VIT_16s0039g01100	Vitvi16g00054	9.2.1.1	Secondary metabolism.phenolics.p-coumaroyl-CoA biosynthesis.phenylalanine ammonia lyase activity
VIT_16s0039g01120	Vitvi16g01503	9.2.1.1	Secondary metabolism.phenolics.p-coumaroyl-CoA biosynthesis.phenylalanine ammonia lyase activity
VIT_16s0039g01170	Vitvi16g00057	9.2.1.1	Secondary metabolism.phenolics.p-coumaroyl-CoA biosynthesis.phenylalanine ammonia lyase activity
VIT_16s0039g01240	Vitvi16g00060	9.2.1.1	Secondary metabolism.phenolics.p-coumaroyl-CoA biosynthesis.phenylalanine ammonia lyase activity
VIT_16s0039g01280	Vitvi16g00061	9.2.1.1	Secondary metabolism.phenolics.p-coumaroyl-CoA biosynthesis.phenylalanine ammonia lyase activity
VIT_16s0039g01300	Vitvi16g01507	9.2.1.1	Secondary metabolism.phenolics.p-coumaroyl-CoA biosynthesis.phenylalanine ammonia lyase activity
VIT_08s0040g01710	Vitvi08g01022	9.2.1.1.1	Secondary metabolism.phenolics.p-coumaroyl-CoA biosynthesis.phenylalanine ammonia lyase activity.phenylalanine ammonia lyase (PAL)
VIT_13s0019g04460	Vitvi13g00622	9.2.1.1.1	Secondary metabolism.phenolics.p-coumaroyl-CoA biosynthesis.phenylalanine ammonia lyase activity.phenylalanine ammonia lyase (PAL)
VIT_16s0039g01100	Vitvi16g00054	9.2.1.1.1	Secondary metabolism.phenolics.p-coumaroyl-CoA biosynthesis.phenylalanine ammonia lyase activity.phenylalanine ammonia lyase (PAL)
VIT_16s0039g01120	Vitvi16g01503	9.2.1.1.1	Secondary metabolism.phenolics.p-coumaroyl-CoA biosynthesis.phenylalanine ammonia lyase activity.phenylalanine ammonia lyase (PAL)
VIT_16s0039g01170	Vitvi16g00057	9.2.1.1.1	Secondary metabolism.phenolics.p-coumaroyl-CoA biosynthesis.phenylalanine ammonia lyase activity.phenylalanine ammonia lyase (PAL)
VIT_16s0039g01240	Vitvi16g00060	9.2.1.1.1	Secondary metabolism.phenolics.p-coumaroyl-CoA biosynthesis.phenylalanine ammonia lyase activity.phenylalanine ammonia lyase (PAL)
VIT_16s0039g01280	Vitvi16g00061	9.2.1.1.1	Secondary metabolism.phenolics.p-coumaroyl-CoA biosynthesis.phenylalanine ammonia lyase activity.phenylalanine ammonia lyase (PAL)
VIT_16s0039g01300	Vitvi16g01507	9.2.1.1.1	Secondary metabolism.phenolics.p-coumaroyl-CoA biosynthesis.phenylalanine ammonia lyase activity.phenylalanine ammonia lyase (PAL)
VIT_08s0007g07120	Vitvi08g01787	9.2.1.1.2	Secondary metabolism.phenolics.p-coumaroyl-CoA biosynthesis.phenylalanine ammonia lyase activity.proteolytic phenylalanine ammonia-lyase regulator (KFB-PAL)
VIT_06s0004g08150	Vitvi06g00803	9.2.1.2	Secondary metabolism.phenolics.p-coumaroyl-CoA biosynthesis.cinnamate 4-hydroxylase (C4H)
VIT_11s0052g01090	Vitvi11g01257	9.2.1.3	Secondary metabolism.phenolics.p-coumaroyl-CoA biosynthesis.4-coumarate:CoA ligase (4CL)
VIT_00s0361g00040	Vitvi10g02185	9.2.2	Secondary metabolism.phenolics.flavonoid biosynthesis
VIT_00s0480g00040	Vitvi10g02335	9.2.2	Secondary metabolism.phenolics.flavonoid biosynthesis
VIT_01s0010g03510	Vitvi01g02265	9.2.2	Secondary metabolism.phenolics.flavonoid biosynthesis
VIT_01s0011g02960	Vitvi01g00234	9.2.2	Secondary metabolism.phenolics.flavonoid biosynthesis
VIT_02s0025g02960	Vitvi02g00270	9.2.2	Secondary metabolism.phenolics.flavonoid biosynthesis
VIT_02s0025g02970	Vitvi02g00271	9.2.2	Secondary metabolism.phenolics.flavonoid biosynthesis
VIT_03s0017g00870	Vitvi03g01816	9.2.2	Secondary metabolism.phenolics.flavonoid biosynthesis
VIT_03s0063g01690	Vitvi03g01524	9.2.2	Secondary metabolism.phenolics.flavonoid biosynthesis
VIT_04s0079g00690	Vitvi04g00880	9.2.2	Secondary metabolism.phenolics.flavonoid biosynthesis
VIT_05s0136g00260	Vitvi05g01044	9.2.2	Secondary metabolism.phenolics.flavonoid biosynthesis
VIT_06s0009g02810	Vitvi06g01882	9.2.2	Secondary metabolism.phenolics.flavonoid biosynthesis
VIT_06s0009g02970	Vitvi06g01192	9.2.2	Secondary metabolism.phenolics.flavonoid biosynthesis
VIT_06s0009g03000	Vitvi06g01894	9.2.2	Secondary metabolism.phenolics.flavonoid biosynthesis
VIT_06s0009g03010	Vitvi06g01895	9.2.2	Secondary metabolism.phenolics.flavonoid biosynthesis
VIT_07s0104g01800	Vitvi07g02188	9.2.2	Secondary metabolism.phenolics.flavonoid biosynthesis
VIT_08s0105g00380	Vitvi08g00656	9.2.2	Secondary metabolism.phenolics.flavonoid biosynthesis
VIT_10s0116g00560	Vitvi10g00442	9.2.2	Secondary metabolism.phenolics.flavonoid biosynthesis
VIT_11s0016g01020	Vitvi11g00074	9.2.2	Secondary metabolism.phenolics.flavonoid biosynthesis
VIT_12s0134g00630	Vitvi12g02448	9.2.2	Secondary metabolism.phenolics.flavonoid biosynthesis
VIT_13s0106g00550	Vitvi13g00864	9.2.2	Secondary metabolism.phenolics.flavonoid biosynthesis
VIT_14s0066g00400	Vitvi14g01683	9.2.2	Secondary metabolism.phenolics.flavonoid biosynthesis
VIT_14s0068g00920	Vitvi14g01448	9.2.2	Secondary metabolism.phenolics.flavonoid biosynthesis
VIT_16s0039g02230	Vitvi16g00156	9.2.2	Secondary metabolism.phenolics.flavonoid biosynthesis
VIT_16s0050g00910	Vitvi16g01913	9.2.2	Secondary metabolism.phenolics.flavonoid biosynthesis
VIT_16s0098g00860	Vitvi16g01336	9.2.2	Secondary metabolism.phenolics.flavonoid biosynthesis
VIT_17s0000g04150	Vitvi17g00371	9.2.2	Secondary metabolism.phenolics.flavonoid biosynthesis
VIT_18s0001g03430	Vitvi18g02538	9.2.2	Secondary metabolism.phenolics.flavonoid biosynthesis
VIT_18s0001g03470	Vitvi18g02541	9.2.2	Secondary metabolism.phenolics.flavonoid biosynthesis
VIT_18s0001g11430	Vitvi18g02712	9.2.2	Secondary metabolism.phenolics.flavonoid biosynthesis
VIT_18s0001g11520	Vitvi18g02720	9.2.2	Secondary metabolism.phenolics.flavonoid biosynthesis
VIT_05s0136g00260	Vitvi05g01044	9.2.2.1	Secondary metabolism.phenolics.flavonoid biosynthesis.chalcones
VIT_14s0068g00920	Vitvi14g01448	9.2.2.1	Secondary metabolism.phenolics.flavonoid biosynthesis.chalcones
VIT_05s0136g00260	Vitvi05g01044	9.2.2.1.1	Secondary metabolism.phenolics.flavonoid biosynthesis.chalcones.chalcone synthase activity
VIT_14s0068g00920	Vitvi14g01448	9.2.2.1.1	Secondary metabolism.phenolics.flavonoid biosynthesis.chalcones.chalcone synthase activity
VIT_05s0136g00260	Vitvi05g01044	9.2.2.1.1.1	Secondary metabolism.phenolics.flavonoid biosynthesis.chalcones.chalcone synthase activity.chalcone synthase (CHS)
VIT_14s0068g00920	Vitvi14g01448	9.2.2.1.1.1	Secondary metabolism.phenolics.flavonoid biosynthesis.chalcones.chalcone synthase activity.chalcone synthase (CHS)
VIT_12s0134g00630	Vitvi12g02448	9.2.2.10	Secondary metabolism.phenolics.flavonoid biosynthesis.flavonols
VIT_13s0106g00550	Vitvi13g00864	9.2.2.10	Secondary metabolism.phenolics.flavonoid biosynthesis.flavonols
VIT_18s0001g03430	Vitvi18g02538	9.2.2.10	Secondary metabolism.phenolics.flavonoid biosynthesis.flavonols
VIT_18s0001g03470	Vitvi18g02541	9.2.2.10	Secondary metabolism.phenolics.flavonoid biosynthesis.flavonols
VIT_00s0361g00040	Vitvi10g02185	9.2.2.11	Secondary metabolism.phenolics.flavonoid biosynthesis.anthocyanins and proanthocyanidins biosynthesis
VIT_01s0011g02960	Vitvi01g00234	9.2.2.11	Secondary metabolism.phenolics.flavonoid biosynthesis.anthocyanins and proanthocyanidins biosynthesis
VIT_03s0017g00870	Vitvi03g01816	9.2.2.11	Secondary metabolism.phenolics.flavonoid biosynthesis.anthocyanins and proanthocyanidins biosynthesis
VIT_08s0105g00380	Vitvi08g00656	9.2.2.11	Secondary metabolism.phenolics.flavonoid biosynthesis.anthocyanins and proanthocyanidins biosynthesis
VIT_16s0050g00910	Vitvi16g01913	9.2.2.11	Secondary metabolism.phenolics.flavonoid biosynthesis.anthocyanins and proanthocyanidins biosynthesis
VIT_17s0000g04150	Vitvi17g00371	9.2.2.11	Secondary metabolism.phenolics.flavonoid biosynthesis.anthocyanins and proanthocyanidins biosynthesis
VIT_01s0010g03510	Vitvi01g02265	9.2.2.12	Secondary metabolism.phenolics.flavonoid biosynthesis.anthocyanins modifications and transport
VIT_03s0017g00870	Vitvi03g01816	9.2.2.12	Secondary metabolism.phenolics.flavonoid biosynthesis.anthocyanins modifications and transport
VIT_04s0079g00690	Vitvi04g00880	9.2.2.12	Secondary metabolism.phenolics.flavonoid biosynthesis.anthocyanins modifications and transport
VIT_07s0104g01800	Vitvi07g02188	9.2.2.12	Secondary metabolism.phenolics.flavonoid biosynthesis.anthocyanins modifications and transport
VIT_16s0039g02230	Vitvi16g00156	9.2.2.12	Secondary metabolism.phenolics.flavonoid biosynthesis.anthocyanins modifications and transport
VIT_16s0050g00910	Vitvi16g01913	9.2.2.12	Secondary metabolism.phenolics.flavonoid biosynthesis.anthocyanins modifications and transport
VIT_02s0025g02960	Vitvi02g00270	9.2.2.13	Secondary metabolism.phenolics.flavonoid biosynthesis.early flavonoid pathway
VIT_02s0025g02970	Vitvi02g00271	9.2.2.13	Secondary metabolism.phenolics.flavonoid biosynthesis.early flavonoid pathway
VIT_03s0063g01690	Vitvi03g01524	9.2.2.13	Secondary metabolism.phenolics.flavonoid biosynthesis.early flavonoid pathway
VIT_06s0009g02810	Vitvi06g01882	9.2.2.13	Secondary metabolism.phenolics.flavonoid biosynthesis.early flavonoid pathway
VIT_06s0009g02970	Vitvi06g01192	9.2.2.13	Secondary metabolism.phenolics.flavonoid biosynthesis.early flavonoid pathway
VIT_06s0009g03000	Vitvi06g01894	9.2.2.13	Secondary metabolism.phenolics.flavonoid biosynthesis.early flavonoid pathway
VIT_06s0009g03010	Vitvi06g01895	9.2.2.13	Secondary metabolism.phenolics.flavonoid biosynthesis.early flavonoid pathway
VIT_11s0016g01020	Vitvi11g00074	9.2.2.13	Secondary metabolism.phenolics.flavonoid biosynthesis.early flavonoid pathway
VIT_14s0066g00400	Vitvi14g01683	9.2.2.13	Secondary metabolism.phenolics.flavonoid biosynthesis.early flavonoid pathway
VIT_16s0098g00860	Vitvi16g01336	9.2.2.13	Secondary metabolism.phenolics.flavonoid biosynthesis.early flavonoid pathway
VIT_18s0001g11430	Vitvi18g02712	9.2.2.13	Secondary metabolism.phenolics.flavonoid biosynthesis.early flavonoid pathway
VIT_18s0001g11520	Vitvi18g02720	9.2.2.13	Secondary metabolism.phenolics.flavonoid biosynthesis.early flavonoid pathway
VIT_16s0098g00860	Vitvi16g01336	9.2.2.3	Secondary metabolism.phenolics.flavonoid biosynthesis.flavones
VIT_16s0098g00860	Vitvi16g01336	9.2.2.3.1	Secondary metabolism.phenolics.flavonoid biosynthesis.flavones.type-I flavone synthase
VIT_06s0009g02970	Vitvi06g01192	9.2.2.4	Secondary metabolism.phenolics.flavonoid biosynthesis.dihydroflavonols
VIT_06s0009g02970	Vitvi06g01192	9.2.2.4.2	Secondary metabolism.phenolics.flavonoid biosynthesis.dihydroflavonols.flavonoid 3,5-hydroxylase
VIT_18s0001g03430	Vitvi18g02538	9.2.2.5	Secondary metabolism.phenolics.flavonoid biosynthesis.flavonols
VIT_18s0001g03470	Vitvi18g02541	9.2.2.5	Secondary metabolism.phenolics.flavonoid biosynthesis.flavonols
VIT_18s0001g03430	Vitvi18g02538	9.2.2.5.1	Secondary metabolism.phenolics.flavonoid biosynthesis.flavonols.flavonol synthase
VIT_18s0001g03470	Vitvi18g02541	9.2.2.5.1	Secondary metabolism.phenolics.flavonoid biosynthesis.flavonols.flavonol synthase
VIT_16s0039g02230	Vitvi16g00156	9.2.2.6	Secondary metabolism.phenolics.flavonoid biosynthesis.flavonol glycosides
VIT_16s0039g02230	Vitvi16g00156	9.2.2.6.2	Secondary metabolism.phenolics.flavonoid biosynthesis.flavonol glycosides.flavonol-3-O-rhamnosyltransferase
VIT_00s0480g00040	Vitvi10g02335	9.2.2.7	Secondary metabolism.phenolics.flavonoid biosynthesis.aurones
VIT_10s0116g00560	Vitvi10g00442	9.2.2.7	Secondary metabolism.phenolics.flavonoid biosynthesis.aurones
VIT_00s0480g00040	Vitvi10g02335	9.2.2.7.1	Secondary metabolism.phenolics.flavonoid biosynthesis.aurones.aureusidin synthase
VIT_10s0116g00560	Vitvi10g00442	9.2.2.7.1	Secondary metabolism.phenolics.flavonoid biosynthesis.aurones.aureusidin synthase
VIT_00s0361g00040	Vitvi10g02185	9.2.2.9	Secondary metabolism.phenolics.flavonoid biosynthesis.anthocyanidins
VIT_01s0011g02960	Vitvi01g00234	9.2.2.9	Secondary metabolism.phenolics.flavonoid biosynthesis.anthocyanidins
VIT_17s0000g04150	Vitvi17g00371	9.2.2.9	Secondary metabolism.phenolics.flavonoid biosynthesis.anthocyanidins
VIT_00s0361g00040	Vitvi10g02185	9.2.2.9.3	Secondary metabolism.phenolics.flavonoid biosynthesis.anthocyanidins.anthocyanidin reductase
VIT_01s0011g02960	Vitvi01g00234	9.2.2.9.4	Secondary metabolism.phenolics.flavonoid biosynthesis.anthocyanidins.leucoanthocyanidin reductase
VIT_17s0000g04150	Vitvi17g00371	9.2.2.9.4	Secondary metabolism.phenolics.flavonoid biosynthesis.anthocyanidins.leucoanthocyanidin reductase
VIT_03s0180g00280	Vitvi03g00566	9.2.3	Secondary metabolism.phenolics.stilbenoid biosynthesis
VIT_16s0100g00750	Vitvi16g01485	9.2.3	Secondary metabolism.phenolics.stilbenoid biosynthesis
VIT_16s0100g00770	Vitvi16g01486	9.2.3	Secondary metabolism.phenolics.stilbenoid biosynthesis
VIT_16s0100g00780	Vitvi16g01457	9.2.3	Secondary metabolism.phenolics.stilbenoid biosynthesis
VIT_16s0100g00830	Vitvi16g00991	9.2.3	Secondary metabolism.phenolics.stilbenoid biosynthesis
VIT_16s0100g00880	Vitvi16g01462	9.2.3	Secondary metabolism.phenolics.stilbenoid biosynthesis
VIT_16s0100g00910	Vitvi16g01464	9.2.3	Secondary metabolism.phenolics.stilbenoid biosynthesis
VIT_16s0100g00990	Vitvi16g01468	9.2.3	Secondary metabolism.phenolics.stilbenoid biosynthesis
VIT_16s0100g01000	Vitvi16g01469	9.2.3	Secondary metabolism.phenolics.stilbenoid biosynthesis
VIT_16s0100g01010	Vitvi16g01470	9.2.3	Secondary metabolism.phenolics.stilbenoid biosynthesis
VIT_16s0100g01020	Vitvi16g01471	9.2.3	Secondary metabolism.phenolics.stilbenoid biosynthesis
VIT_16s0100g01030	Vitvi16g01472	9.2.3	Secondary metabolism.phenolics.stilbenoid biosynthesis
VIT_16s0100g01070	Vitvi16g01474	9.2.3	Secondary metabolism.phenolics.stilbenoid biosynthesis
VIT_16s0100g01100	Vitvi16g01475	9.2.3	Secondary metabolism.phenolics.stilbenoid biosynthesis
VIT_16s0100g01140	Vitvi16g01479	9.2.3	Secondary metabolism.phenolics.stilbenoid biosynthesis
VIT_16s0100g01150	Vitvi16g01480	9.2.3	Secondary metabolism.phenolics.stilbenoid biosynthesis
VIT_16s0100g01160	Vitvi16g01481	9.2.3	Secondary metabolism.phenolics.stilbenoid biosynthesis
VIT_16s0100g01190	Vitvi16g01483	9.2.3	Secondary metabolism.phenolics.stilbenoid biosynthesis
VIT_16s0100g01200	Vitvi16g01484	9.2.3	Secondary metabolism.phenolics.stilbenoid biosynthesis
VIT_10s0003g04240	Vitvi10g00870	9.3	Secondary metabolism.alkaloids
VIT_10s0003g04240	Vitvi10g00870	9.3.1	Secondary metabolism.alkaloids.indole alkaloid biosynthesis
VIT_10s0003g04240	Vitvi10g00870	9.3.1.1	Secondary metabolism.alkaloids.indole alkaloid biosynthesis.aromatic L-amino acid decarboxylase
