V1_gene	Annotation_gene	TermID	TermName
VIT_00s0125g00280	Vitvi05_01chr10g21500	1	mapman:Photosynthesis
VIT_00s0204g00170	Vitvi05_01chr02g09210	1	mapman:Photosynthesis
VIT_00s1547g00010	Vitvi05_01chr17g09140	1	mapman:Photosynthesis
VIT_01s0010g01170	Vitvi05_01chr01g18760	1	mapman:Photosynthesis
VIT_01s0010g03620	Vitvi05_01chr01g22740	1	mapman:Photosynthesis
VIT_01s0011g02740	Vitvi05_01chr01g03360	1	mapman:Photosynthesis
VIT_01s0011g05290	Vitvi05_01chr01g06790	1	mapman:Photosynthesis
VIT_01s0137g00210	Vitvi05_01chr01g08970	1	mapman:Photosynthesis
VIT_02s0012g00980	Vitvi05_01chr02g11320	1	mapman:Photosynthesis
VIT_02s0012g01120	Vitvi05_01chr02g11510	1	mapman:Photosynthesis
VIT_02s0025g01470	Vitvi05_01chr02g01640	1	mapman:Photosynthesis
VIT_02s0025g04710	Vitvi05_01chr02g05850	1	mapman:Photosynthesis
VIT_02s0025g04730	Vitvi05_01chr02g05880	1	mapman:Photosynthesis
VIT_02s0109g00080	Vitvi05_01chr02g14730	1	mapman:Photosynthesis
VIT_03s0038g00670	Vitvi05_01chr03g00560	1	mapman:Photosynthesis
VIT_03s0038g02510	Vitvi05_01chr03g02460	1	mapman:Photosynthesis
VIT_03s0063g02020	Vitvi05_01chr03g06210	1	mapman:Photosynthesis
VIT_03s0180g00110	Vitvi05_01chr03g08710	1	mapman:Photosynthesis
VIT_04s0008g01730	Vitvi05_01chr04g01950	1	mapman:Photosynthesis
VIT_04s0008g05340	Vitvi05_01chr04g06560	1	mapman:Photosynthesis
VIT_04s0023g00410	Vitvi05_01chr04g16130	1	mapman:Photosynthesis
VIT_04s0023g03010	Vitvi05_01chr04g19810	1	mapman:Photosynthesis
VIT_04s0023g03510	Vitvi05_01chr04g20440	1	mapman:Photosynthesis
VIT_04s0044g01310	Vitvi05_01chr04g24370	1	mapman:Photosynthesis
VIT_04s0044g01410	Vitvi05_01chr04g24510	1	mapman:Photosynthesis
VIT_05s0020g03490	Vitvi05_01chr05g07610	1	mapman:Photosynthesis
VIT_05s0020g04110	Vitvi05_01chr05g08450	1	mapman:Photosynthesis
VIT_05s0049g00950	Vitvi05_01chr05g10960	1	mapman:Photosynthesis
VIT_05s0049g01760	Vitvi05_01chr05g12040	1	mapman:Photosynthesis
VIT_06s0004g00260	Vitvi05_01chr06g00500	1	mapman:Photosynthesis
VIT_06s0004g05180	Vitvi05_01chr06g07770	1	mapman:Photosynthesis
VIT_06s0080g00920	Vitvi05_01chr06g22400	1	mapman:Photosynthesis
VIT_07s0005g02220	Vitvi05_01chr07g07410	1	mapman:Photosynthesis
VIT_07s0005g04400	Vitvi05_01chr07g10580	1	mapman:Photosynthesis
VIT_07s0005g04920	Vitvi05_01chr07g11260	1	mapman:Photosynthesis
VIT_08s0007g00780	Vitvi05_01chr08g14220	1	mapman:Photosynthesis
VIT_08s0007g00840	Vitvi05_01chr08g14280	1	mapman:Photosynthesis
VIT_08s0007g01570	Vitvi05_01chr08g15200	1	mapman:Photosynthesis
VIT_08s0007g02190	Vitvi05_01chr08g16090	1	mapman:Photosynthesis
VIT_08s0007g03240	Vitvi05_01chr08g17500	1	mapman:Photosynthesis
VIT_08s0007g04800	Vitvi05_01chr08g19490	1	mapman:Photosynthesis
VIT_08s0007g07480	Vitvi05_01chr08g22880	1	mapman:Photosynthesis
VIT_09s0002g04320	Vitvi05_01chr09g05070	1	mapman:Photosynthesis
VIT_09s0002g04360	Vitvi05_01chr09g05150	1	mapman:Photosynthesis
VIT_10s0003g02890	Vitvi05_01chr10g13070	1	mapman:Photosynthesis
VIT_10s0003g02900	Vitvi05_01chr10g13080	1	mapman:Photosynthesis
VIT_10s0003g04350	Vitvi05_01chr10g15410	1	mapman:Photosynthesis
VIT_10s0116g01540	Vitvi05_01chr10g01300	1	mapman:Photosynthesis
VIT_11s0016g00730	Vitvi05_01chr11g00800	1	mapman:Photosynthesis
VIT_11s0016g01400	Vitvi05_01chr11g01510	1	mapman:Photosynthesis
VIT_11s0016g05270	Vitvi05_01chr11g06510	1	mapman:Photosynthesis
VIT_11s0016g05570	Vitvi05_01chr11g06900	1	mapman:Photosynthesis
VIT_11s0052g00820	Vitvi05_01chr11g17780	1	mapman:Photosynthesis
VIT_12s0028g00320	Vitvi05_01chr12g00970	1	mapman:Photosynthesis
VIT_12s0028g01080	Vitvi05_01chr12g01610	1	mapman:Photosynthesis
VIT_12s0028g02180	Vitvi05_01chr12g03120	1	mapman:Photosynthesis
VIT_12s0035g00270	Vitvi05_01chr12g20350	1	mapman:Photosynthesis
VIT_12s0055g01110	Vitvi05_01chr12g15030	1	mapman:Photosynthesis
VIT_12s0057g00630	Vitvi05_01chr12g10890	1	mapman:Photosynthesis
VIT_13s0019g00260	Vitvi05_01chr13g03690	1	mapman:Photosynthesis
VIT_13s0019g02050	Vitvi05_01chr13g05160	1	mapman:Photosynthesis
VIT_13s0019g03350	Vitvi05_01chr13g06760	1	mapman:Photosynthesis
VIT_14s0068g00680	Vitvi05_01chr14g21520	1	mapman:Photosynthesis
VIT_14s0128g00050	Vitvi05_01chr14g04710	1	mapman:Photosynthesis
VIT_15s0024g00040	Vitvi05_01chr15g00110	1	mapman:Photosynthesis
VIT_15s0048g00370	Vitvi05_01chr15g12500	1	mapman:Photosynthesis
VIT_16s0022g00630	Vitvi05_01chr16g10380	1	mapman:Photosynthesis
VIT_17s0000g03690	Vitvi05_01chr17g04920	1	mapman:Photosynthesis
VIT_17s0000g05250	Vitvi05_01chr17g07520	1	mapman:Photosynthesis
VIT_17s0000g05650	Vitvi05_01chr17g08040	1	mapman:Photosynthesis
VIT_17s0000g06350	Vitvi05_01chr17g09040	1	mapman:Photosynthesis
VIT_18s0001g00760	Vitvi05_01chr18g02140	1	mapman:Photosynthesis
VIT_18s0001g02740	Vitvi05_01chr18g04050	1	mapman:Photosynthesis
VIT_18s0001g06720	Vitvi05_01chr18g33340	1	mapman:Photosynthesis
VIT_18s0001g11370	Vitvi05_01chr18g12980	1	mapman:Photosynthesis
VIT_18s0001g11710	Vitvi05_01chr18g13410	1	mapman:Photosynthesis
VIT_18s0001g14450	Vitvi05_01chr18g17030	1	mapman:Photosynthesis
VIT_18s0001g15310	Vitvi05_01chr18g18090	1	mapman:Photosynthesis
VIT_18s0089g01170	Vitvi05_01chr18g37010	1	mapman:Photosynthesis
VIT_19s0014g00160	Vitvi05_01chr19g00240	1	mapman:Photosynthesis
VIT_19s0014g03660	Vitvi05_01chr19g04970	1	mapman:Photosynthesis
VIT_19s0014g03850	Vitvi05_01chr19g05210	1	mapman:Photosynthesis
VIT_19s0014g05080	Vitvi05_01chr19g06950	1	mapman:Photosynthesis
VIT_19s0093g00510	Vitvi05_01chr19g16950	1	mapman:Photosynthesis
VIT_00s0125g00280	Vitvi05_01chr10g21500	1.1	mapman:Photosynthesis.photophosphorylation
VIT_00s0204g00170	Vitvi05_01chr02g09210	1.1	mapman:Photosynthesis.photophosphorylation
VIT_00s1547g00010	Vitvi05_01chr17g09140	1.1	mapman:Photosynthesis.photophosphorylation
VIT_01s0010g01170	Vitvi05_01chr01g18760	1.1	mapman:Photosynthesis.photophosphorylation
VIT_01s0010g03620	Vitvi05_01chr01g22740	1.1	mapman:Photosynthesis.photophosphorylation
VIT_01s0011g05290	Vitvi05_01chr01g06790	1.1	mapman:Photosynthesis.photophosphorylation
VIT_01s0137g00210	Vitvi05_01chr01g08970	1.1	mapman:Photosynthesis.photophosphorylation
VIT_02s0012g00980	Vitvi05_01chr02g11320	1.1	mapman:Photosynthesis.photophosphorylation
VIT_02s0025g01470	Vitvi05_01chr02g01640	1.1	mapman:Photosynthesis.photophosphorylation
VIT_02s0025g04710	Vitvi05_01chr02g05850	1.1	mapman:Photosynthesis.photophosphorylation
VIT_03s0063g02020	Vitvi05_01chr03g06210	1.1	mapman:Photosynthesis.photophosphorylation
VIT_03s0180g00110	Vitvi05_01chr03g08710	1.1	mapman:Photosynthesis.photophosphorylation
VIT_04s0008g01730	Vitvi05_01chr04g01950	1.1	mapman:Photosynthesis.photophosphorylation
VIT_04s0023g00410	Vitvi05_01chr04g16130	1.1	mapman:Photosynthesis.photophosphorylation
VIT_04s0023g03510	Vitvi05_01chr04g20440	1.1	mapman:Photosynthesis.photophosphorylation
VIT_04s0044g01310	Vitvi05_01chr04g24370	1.1	mapman:Photosynthesis.photophosphorylation
VIT_04s0044g01410	Vitvi05_01chr04g24510	1.1	mapman:Photosynthesis.photophosphorylation
VIT_05s0020g03490	Vitvi05_01chr05g07610	1.1	mapman:Photosynthesis.photophosphorylation
VIT_05s0020g04110	Vitvi05_01chr05g08450	1.1	mapman:Photosynthesis.photophosphorylation
VIT_05s0049g01760	Vitvi05_01chr05g12040	1.1	mapman:Photosynthesis.photophosphorylation
VIT_06s0004g00260	Vitvi05_01chr06g00500	1.1	mapman:Photosynthesis.photophosphorylation
VIT_06s0080g00920	Vitvi05_01chr06g22400	1.1	mapman:Photosynthesis.photophosphorylation
VIT_07s0005g02220	Vitvi05_01chr07g07410	1.1	mapman:Photosynthesis.photophosphorylation
VIT_07s0005g04400	Vitvi05_01chr07g10580	1.1	mapman:Photosynthesis.photophosphorylation
VIT_07s0005g04920	Vitvi05_01chr07g11260	1.1	mapman:Photosynthesis.photophosphorylation
VIT_08s0007g00780	Vitvi05_01chr08g14220	1.1	mapman:Photosynthesis.photophosphorylation
VIT_08s0007g02190	Vitvi05_01chr08g16090	1.1	mapman:Photosynthesis.photophosphorylation
VIT_08s0007g07480	Vitvi05_01chr08g22880	1.1	mapman:Photosynthesis.photophosphorylation
VIT_09s0002g04320	Vitvi05_01chr09g05070	1.1	mapman:Photosynthesis.photophosphorylation
VIT_09s0002g04360	Vitvi05_01chr09g05150	1.1	mapman:Photosynthesis.photophosphorylation
VIT_10s0003g02890	Vitvi05_01chr10g13070	1.1	mapman:Photosynthesis.photophosphorylation
VIT_10s0003g02900	Vitvi05_01chr10g13080	1.1	mapman:Photosynthesis.photophosphorylation
VIT_10s0003g04350	Vitvi05_01chr10g15410	1.1	mapman:Photosynthesis.photophosphorylation
VIT_11s0016g00730	Vitvi05_01chr11g00800	1.1	mapman:Photosynthesis.photophosphorylation
VIT_11s0016g01400	Vitvi05_01chr11g01510	1.1	mapman:Photosynthesis.photophosphorylation
VIT_11s0016g05570	Vitvi05_01chr11g06900	1.1	mapman:Photosynthesis.photophosphorylation
VIT_12s0028g00320	Vitvi05_01chr12g00970	1.1	mapman:Photosynthesis.photophosphorylation
VIT_12s0028g01080	Vitvi05_01chr12g01610	1.1	mapman:Photosynthesis.photophosphorylation
VIT_12s0035g00270	Vitvi05_01chr12g20350	1.1	mapman:Photosynthesis.photophosphorylation
VIT_12s0055g01110	Vitvi05_01chr12g15030	1.1	mapman:Photosynthesis.photophosphorylation
VIT_12s0057g00630	Vitvi05_01chr12g10890	1.1	mapman:Photosynthesis.photophosphorylation
VIT_13s0019g00260	Vitvi05_01chr13g03690	1.1	mapman:Photosynthesis.photophosphorylation
VIT_14s0128g00050	Vitvi05_01chr14g04710	1.1	mapman:Photosynthesis.photophosphorylation
VIT_15s0024g00040	Vitvi05_01chr15g00110	1.1	mapman:Photosynthesis.photophosphorylation
VIT_16s0022g00630	Vitvi05_01chr16g10380	1.1	mapman:Photosynthesis.photophosphorylation
VIT_17s0000g05250	Vitvi05_01chr17g07520	1.1	mapman:Photosynthesis.photophosphorylation
VIT_17s0000g05650	Vitvi05_01chr17g08040	1.1	mapman:Photosynthesis.photophosphorylation
VIT_17s0000g06350	Vitvi05_01chr17g09040	1.1	mapman:Photosynthesis.photophosphorylation
VIT_18s0001g00760	Vitvi05_01chr18g02140	1.1	mapman:Photosynthesis.photophosphorylation
VIT_18s0001g02740	Vitvi05_01chr18g04050	1.1	mapman:Photosynthesis.photophosphorylation
VIT_18s0001g06720	Vitvi05_01chr18g33340	1.1	mapman:Photosynthesis.photophosphorylation
VIT_18s0001g11370	Vitvi05_01chr18g12980	1.1	mapman:Photosynthesis.photophosphorylation
VIT_18s0001g11710	Vitvi05_01chr18g13410	1.1	mapman:Photosynthesis.photophosphorylation
VIT_18s0001g14450	Vitvi05_01chr18g17030	1.1	mapman:Photosynthesis.photophosphorylation
VIT_18s0001g15310	Vitvi05_01chr18g18090	1.1	mapman:Photosynthesis.photophosphorylation
VIT_18s0089g01170	Vitvi05_01chr18g37010	1.1	mapman:Photosynthesis.photophosphorylation
VIT_19s0014g00160	Vitvi05_01chr19g00240	1.1	mapman:Photosynthesis.photophosphorylation
VIT_19s0014g03660	Vitvi05_01chr19g04970	1.1	mapman:Photosynthesis.photophosphorylation
VIT_19s0014g03850	Vitvi05_01chr19g05210	1.1	mapman:Photosynthesis.photophosphorylation
VIT_19s0014g05080	Vitvi05_01chr19g06950	1.1	mapman:Photosynthesis.photophosphorylation
VIT_00s0204g00170	Vitvi05_01chr02g09210	1.1.1	mapman:Photosynthesis.photophosphorylation.photosystem II
VIT_01s0137g00210	Vitvi05_01chr01g08970	1.1.1	mapman:Photosynthesis.photophosphorylation.photosystem II
VIT_03s0180g00110	Vitvi05_01chr03g08710	1.1.1	mapman:Photosynthesis.photophosphorylation.photosystem II
VIT_04s0008g01730	Vitvi05_01chr04g01950	1.1.1	mapman:Photosynthesis.photophosphorylation.photosystem II
VIT_05s0020g04110	Vitvi05_01chr05g08450	1.1.1	mapman:Photosynthesis.photophosphorylation.photosystem II
VIT_06s0004g00260	Vitvi05_01chr06g00500	1.1.1	mapman:Photosynthesis.photophosphorylation.photosystem II
VIT_07s0005g02220	Vitvi05_01chr07g07410	1.1.1	mapman:Photosynthesis.photophosphorylation.photosystem II
VIT_07s0005g04400	Vitvi05_01chr07g10580	1.1.1	mapman:Photosynthesis.photophosphorylation.photosystem II
VIT_08s0007g00780	Vitvi05_01chr08g14220	1.1.1	mapman:Photosynthesis.photophosphorylation.photosystem II
VIT_08s0007g02190	Vitvi05_01chr08g16090	1.1.1	mapman:Photosynthesis.photophosphorylation.photosystem II
VIT_09s0002g04360	Vitvi05_01chr09g05150	1.1.1	mapman:Photosynthesis.photophosphorylation.photosystem II
VIT_10s0003g02890	Vitvi05_01chr10g13070	1.1.1	mapman:Photosynthesis.photophosphorylation.photosystem II
VIT_10s0003g02900	Vitvi05_01chr10g13080	1.1.1	mapman:Photosynthesis.photophosphorylation.photosystem II
VIT_11s0016g01400	Vitvi05_01chr11g01510	1.1.1	mapman:Photosynthesis.photophosphorylation.photosystem II
VIT_11s0016g05570	Vitvi05_01chr11g06900	1.1.1	mapman:Photosynthesis.photophosphorylation.photosystem II
VIT_12s0028g00320	Vitvi05_01chr12g00970	1.1.1	mapman:Photosynthesis.photophosphorylation.photosystem II
VIT_12s0028g01080	Vitvi05_01chr12g01610	1.1.1	mapman:Photosynthesis.photophosphorylation.photosystem II
VIT_12s0055g01110	Vitvi05_01chr12g15030	1.1.1	mapman:Photosynthesis.photophosphorylation.photosystem II
VIT_12s0057g00630	Vitvi05_01chr12g10890	1.1.1	mapman:Photosynthesis.photophosphorylation.photosystem II
VIT_13s0019g00260	Vitvi05_01chr13g03690	1.1.1	mapman:Photosynthesis.photophosphorylation.photosystem II
VIT_14s0128g00050	Vitvi05_01chr14g04710	1.1.1	mapman:Photosynthesis.photophosphorylation.photosystem II
VIT_16s0022g00630	Vitvi05_01chr16g10380	1.1.1	mapman:Photosynthesis.photophosphorylation.photosystem II
VIT_17s0000g05250	Vitvi05_01chr17g07520	1.1.1	mapman:Photosynthesis.photophosphorylation.photosystem II
VIT_17s0000g05650	Vitvi05_01chr17g08040	1.1.1	mapman:Photosynthesis.photophosphorylation.photosystem II
VIT_18s0001g02740	Vitvi05_01chr18g04050	1.1.1	mapman:Photosynthesis.photophosphorylation.photosystem II
VIT_18s0001g06720	Vitvi05_01chr18g33340	1.1.1	mapman:Photosynthesis.photophosphorylation.photosystem II
VIT_18s0001g11710	Vitvi05_01chr18g13410	1.1.1	mapman:Photosynthesis.photophosphorylation.photosystem II
VIT_18s0001g15310	Vitvi05_01chr18g18090	1.1.1	mapman:Photosynthesis.photophosphorylation.photosystem II
VIT_18s0089g01170	Vitvi05_01chr18g37010	1.1.1	mapman:Photosynthesis.photophosphorylation.photosystem II
VIT_19s0014g00160	Vitvi05_01chr19g00240	1.1.1	mapman:Photosynthesis.photophosphorylation.photosystem II
VIT_19s0014g03660	Vitvi05_01chr19g04970	1.1.1	mapman:Photosynthesis.photophosphorylation.photosystem II
VIT_07s0005g02220	Vitvi05_01chr07g07410	1.1.1.1	mapman:Photosynthesis.photophosphorylation.photosystem II.LHC-II complex
VIT_08s0007g02190	Vitvi05_01chr08g16090	1.1.1.1	mapman:Photosynthesis.photophosphorylation.photosystem II.LHC-II complex
VIT_10s0003g02890	Vitvi05_01chr10g13070	1.1.1.1	mapman:Photosynthesis.photophosphorylation.photosystem II.LHC-II complex
VIT_10s0003g02900	Vitvi05_01chr10g13080	1.1.1.1	mapman:Photosynthesis.photophosphorylation.photosystem II.LHC-II complex
VIT_12s0028g00320	Vitvi05_01chr12g00970	1.1.1.1	mapman:Photosynthesis.photophosphorylation.photosystem II.LHC-II complex
VIT_12s0055g01110	Vitvi05_01chr12g15030	1.1.1.1	mapman:Photosynthesis.photophosphorylation.photosystem II.LHC-II complex
VIT_12s0057g00630	Vitvi05_01chr12g10890	1.1.1.1	mapman:Photosynthesis.photophosphorylation.photosystem II.LHC-II complex
VIT_18s0089g01170	Vitvi05_01chr18g37010	1.1.1.1	mapman:Photosynthesis.photophosphorylation.photosystem II.LHC-II complex
VIT_19s0014g00160	Vitvi05_01chr19g00240	1.1.1.1	mapman:Photosynthesis.photophosphorylation.photosystem II.LHC-II complex
VIT_19s0014g03660	Vitvi05_01chr19g04970	1.1.1.1	mapman:Photosynthesis.photophosphorylation.photosystem II.LHC-II complex
VIT_07s0005g02220	Vitvi05_01chr07g07410	1.1.1.1.1	mapman:Photosynthesis.photophosphorylation.photosystem II.LHC-II complex.component *(LHCb1/2/3)
VIT_10s0003g02890	Vitvi05_01chr10g13070	1.1.1.1.1	mapman:Photosynthesis.photophosphorylation.photosystem II.LHC-II complex.component *(LHCb1/2/3)
VIT_10s0003g02900	Vitvi05_01chr10g13080	1.1.1.1.1	mapman:Photosynthesis.photophosphorylation.photosystem II.LHC-II complex.component *(LHCb1/2/3)
VIT_12s0028g00320	Vitvi05_01chr12g00970	1.1.1.1.1	mapman:Photosynthesis.photophosphorylation.photosystem II.LHC-II complex.component *(LHCb1/2/3)
VIT_12s0057g00630	Vitvi05_01chr12g10890	1.1.1.1.1	mapman:Photosynthesis.photophosphorylation.photosystem II.LHC-II complex.component *(LHCb1/2/3)
VIT_19s0014g00160	Vitvi05_01chr19g00240	1.1.1.1.1	mapman:Photosynthesis.photophosphorylation.photosystem II.LHC-II complex.component *(LHCb1/2/3)
VIT_19s0014g03660	Vitvi05_01chr19g04970	1.1.1.1.1	mapman:Photosynthesis.photophosphorylation.photosystem II.LHC-II complex.component *(LHCb1/2/3)
VIT_08s0007g02190	Vitvi05_01chr08g16090	1.1.1.1.2	mapman:Photosynthesis.photophosphorylation.photosystem II.LHC-II complex.component *(LHCb4)
VIT_18s0089g01170	Vitvi05_01chr18g37010	1.1.1.1.3	mapman:Photosynthesis.photophosphorylation.photosystem II.LHC-II complex.component *(LHCb5)
VIT_12s0055g01110	Vitvi05_01chr12g15030	1.1.1.1.4	mapman:Photosynthesis.photophosphorylation.photosystem II.LHC-II complex.component *(LHCb6)
VIT_01s0137g00210	Vitvi05_01chr01g08970	1.1.1.2	mapman:Photosynthesis.photophosphorylation.photosystem II.PS-II complex
VIT_04s0008g01730	Vitvi05_01chr04g01950	1.1.1.2	mapman:Photosynthesis.photophosphorylation.photosystem II.PS-II complex
VIT_11s0016g01400	Vitvi05_01chr11g01510	1.1.1.2	mapman:Photosynthesis.photophosphorylation.photosystem II.PS-II complex
VIT_12s0028g01080	Vitvi05_01chr12g01610	1.1.1.2	mapman:Photosynthesis.photophosphorylation.photosystem II.PS-II complex
VIT_18s0001g11710	Vitvi05_01chr18g13410	1.1.1.2	mapman:Photosynthesis.photophosphorylation.photosystem II.PS-II complex
VIT_04s0008g01730	Vitvi05_01chr04g01950	1.1.1.2.12	mapman:Photosynthesis.photophosphorylation.photosystem II.PS-II complex.component *(PsbX)
VIT_11s0016g01400	Vitvi05_01chr11g01510	1.1.1.2.12	mapman:Photosynthesis.photophosphorylation.photosystem II.PS-II complex.component *(PsbX)
VIT_01s0137g00210	Vitvi05_01chr01g08970	1.1.1.2.13	mapman:Photosynthesis.photophosphorylation.photosystem II.PS-II complex.component *(PsbY)
VIT_12s0028g01080	Vitvi05_01chr12g01610	1.1.1.2.2	mapman:Photosynthesis.photophosphorylation.photosystem II.PS-II complex.oxygen-evolving center (OEC) extrinsic components
VIT_18s0001g11710	Vitvi05_01chr18g13410	1.1.1.2.2	mapman:Photosynthesis.photophosphorylation.photosystem II.PS-II complex.oxygen-evolving center (OEC) extrinsic components
VIT_18s0001g11710	Vitvi05_01chr18g13410	1.1.1.2.2.1	mapman:Photosynthesis.photophosphorylation.photosystem II.PS-II complex.oxygen-evolving center (OEC) extrinsic components.component *(OEC33/PsbO)
VIT_12s0028g01080	Vitvi05_01chr12g01610	1.1.1.2.2.2	mapman:Photosynthesis.photophosphorylation.photosystem II.PS-II complex.oxygen-evolving center (OEC) extrinsic components.component *(OEC23/PsbP)
VIT_00s0204g00170	Vitvi05_01chr02g09210	1.1.1.3	mapman:Photosynthesis.photophosphorylation.photosystem II.assembly
VIT_07s0005g04400	Vitvi05_01chr07g10580	1.1.1.3	mapman:Photosynthesis.photophosphorylation.photosystem II.assembly
VIT_08s0007g00780	Vitvi05_01chr08g14220	1.1.1.3	mapman:Photosynthesis.photophosphorylation.photosystem II.assembly
VIT_14s0128g00050	Vitvi05_01chr14g04710	1.1.1.3	mapman:Photosynthesis.photophosphorylation.photosystem II.assembly
VIT_16s0022g00630	Vitvi05_01chr16g10380	1.1.1.3	mapman:Photosynthesis.photophosphorylation.photosystem II.assembly
VIT_18s0001g06720	Vitvi05_01chr18g33340	1.1.1.3	mapman:Photosynthesis.photophosphorylation.photosystem II.assembly
VIT_18s0001g15310	Vitvi05_01chr18g18090	1.1.1.3	mapman:Photosynthesis.photophosphorylation.photosystem II.assembly
VIT_14s0128g00050	Vitvi05_01chr14g04710	1.1.1.3.11	mapman:Photosynthesis.photophosphorylation.photosystem II.assembly.assembly factor *(Psb32)
VIT_18s0001g06720	Vitvi05_01chr18g33340	1.1.1.3.12	mapman:Photosynthesis.photophosphorylation.photosystem II.assembly.stabilizing factor *(Psb33)
VIT_16s0022g00630	Vitvi05_01chr16g10380	1.1.1.3.13	mapman:Photosynthesis.photophosphorylation.photosystem II.assembly.assembly factor *(PAM68)
VIT_18s0001g15310	Vitvi05_01chr18g18090	1.1.1.3.20	mapman:Photosynthesis.photophosphorylation.photosystem II.assembly.thioredoxin *(TRX-M)
VIT_00s0204g00170	Vitvi05_01chr02g09210	1.1.1.3.21	mapman:Photosynthesis.photophosphorylation.photosystem II.assembly.LHCII-stabilizing factor *(SEP3)
VIT_08s0007g00780	Vitvi05_01chr08g14220	1.1.1.3.7	mapman:Photosynthesis.photophosphorylation.photosystem II.assembly.HCF244-OHP assembly factor complex
VIT_08s0007g00780	Vitvi05_01chr08g14220	1.1.1.3.7.2	mapman:Photosynthesis.photophosphorylation.photosystem II.assembly.HCF244-OHP assembly factor complex.component *(OHP1)
VIT_07s0005g04400	Vitvi05_01chr07g10580	1.1.1.3.9	mapman:Photosynthesis.photophosphorylation.photosystem II.assembly.regulatory protein *(Psb28)
VIT_05s0020g04110	Vitvi05_01chr05g08450	1.1.1.4	mapman:Photosynthesis.photophosphorylation.photosystem II.repair and reassembly cycle
VIT_06s0004g00260	Vitvi05_01chr06g00500	1.1.1.4	mapman:Photosynthesis.photophosphorylation.photosystem II.repair and reassembly cycle
VIT_13s0019g00260	Vitvi05_01chr13g03690	1.1.1.4	mapman:Photosynthesis.photophosphorylation.photosystem II.repair and reassembly cycle
VIT_05s0020g04110	Vitvi05_01chr05g08450	1.1.1.4.3	mapman:Photosynthesis.photophosphorylation.photosystem II.repair and reassembly cycle.stabilizing factor *(ELIP)
VIT_13s0019g00260	Vitvi05_01chr13g03690	1.1.1.4.4	mapman:Photosynthesis.photophosphorylation.photosystem II.repair and reassembly cycle.repair factor *(PPL1)
VIT_06s0004g00260	Vitvi05_01chr06g00500	1.1.1.4.7	mapman:Photosynthesis.photophosphorylation.photosystem II.repair and reassembly cycle.assembly factor *(MET1)
VIT_03s0180g00110	Vitvi05_01chr03g08710	1.1.1.5	mapman:Photosynthesis.photophosphorylation.photosystem II.photosynthetic acclimation
VIT_09s0002g04360	Vitvi05_01chr09g05150	1.1.1.5	mapman:Photosynthesis.photophosphorylation.photosystem II.photosynthetic acclimation
VIT_11s0016g05570	Vitvi05_01chr11g06900	1.1.1.5	mapman:Photosynthesis.photophosphorylation.photosystem II.photosynthetic acclimation
VIT_17s0000g05250	Vitvi05_01chr17g07520	1.1.1.5	mapman:Photosynthesis.photophosphorylation.photosystem II.photosynthetic acclimation
VIT_17s0000g05650	Vitvi05_01chr17g08040	1.1.1.5	mapman:Photosynthesis.photophosphorylation.photosystem II.photosynthetic acclimation
VIT_18s0001g02740	Vitvi05_01chr18g04050	1.1.1.5	mapman:Photosynthesis.photophosphorylation.photosystem II.photosynthetic acclimation
VIT_18s0001g02740	Vitvi05_01chr18g04050	1.1.1.5.3	mapman:Photosynthesis.photophosphorylation.photosystem II.photosynthetic acclimation.non-photochemical quenching (NPQ)
VIT_18s0001g02740	Vitvi05_01chr18g04050	1.1.1.5.3.1	mapman:Photosynthesis.photophosphorylation.photosystem II.photosynthetic acclimation.non-photochemical quenching (NPQ).qE/qZ-type quenching
VIT_18s0001g02740	Vitvi05_01chr18g04050	1.1.1.5.3.1.1	mapman:Photosynthesis.photophosphorylation.photosystem II.photosynthetic acclimation.non-photochemical quenching (NPQ).qE/qZ-type quenching.pH-sensor protein *(PsbS)
VIT_09s0002g04360	Vitvi05_01chr09g05150	1.1.1.5.4	mapman:Photosynthesis.photophosphorylation.photosystem II.photosynthetic acclimation.thylakoid grana stacking
VIT_17s0000g05250	Vitvi05_01chr17g07520	1.1.1.5.4	mapman:Photosynthesis.photophosphorylation.photosystem II.photosynthetic acclimation.thylakoid grana stacking
VIT_17s0000g05650	Vitvi05_01chr17g08040	1.1.1.5.4	mapman:Photosynthesis.photophosphorylation.photosystem II.photosynthetic acclimation.thylakoid grana stacking
VIT_17s0000g05250	Vitvi05_01chr17g07520	1.1.1.5.4.1	mapman:Photosynthesis.photophosphorylation.photosystem II.photosynthetic acclimation.thylakoid grana stacking.regulatory factor *(RIQ)
VIT_17s0000g05650	Vitvi05_01chr17g08040	1.1.1.5.4.1	mapman:Photosynthesis.photophosphorylation.photosystem II.photosynthetic acclimation.thylakoid grana stacking.regulatory factor *(RIQ)
VIT_09s0002g04360	Vitvi05_01chr09g05150	1.1.1.5.4.2	mapman:Photosynthesis.photophosphorylation.photosystem II.photosynthetic acclimation.thylakoid grana stacking.regulatory factor *(CURT)
VIT_03s0180g00110	Vitvi05_01chr03g08710	1.1.1.5.5	mapman:Photosynthesis.photophosphorylation.photosystem II.photosynthetic acclimation.acclimation factor activities
VIT_11s0016g05570	Vitvi05_01chr11g06900	1.1.1.5.5	mapman:Photosynthesis.photophosphorylation.photosystem II.photosynthetic acclimation.acclimation factor activities
VIT_11s0016g05570	Vitvi05_01chr11g06900	1.1.1.5.5.1	mapman:Photosynthesis.photophosphorylation.photosystem II.photosynthetic acclimation.acclimation factor activities.acclimation factor *(MPH2)
VIT_03s0180g00110	Vitvi05_01chr03g08710	1.1.1.5.5.3	mapman:Photosynthesis.photophosphorylation.photosystem II.photosynthetic acclimation.acclimation factor activities.light-responsive regulatory protein *(SEP1)
VIT_01s0010g01170	Vitvi05_01chr01g18760	1.1.2	mapman:Photosynthesis.photophosphorylation.cytochrome b6/f complex
VIT_18s0001g11370	Vitvi05_01chr18g12980	1.1.2	mapman:Photosynthesis.photophosphorylation.cytochrome b6/f complex
VIT_19s0014g03850	Vitvi05_01chr19g05210	1.1.2	mapman:Photosynthesis.photophosphorylation.cytochrome b6/f complex
VIT_19s0014g03850	Vitvi05_01chr19g05210	1.1.2.3	mapman:Photosynthesis.photophosphorylation.cytochrome b6/f complex.Rieske iron-sulfur component *(PetC)
VIT_18s0001g11370	Vitvi05_01chr18g12980	1.1.2.7	mapman:Photosynthesis.photophosphorylation.cytochrome b6/f complex.component *(PetM/VII)
VIT_01s0010g01170	Vitvi05_01chr01g18760	1.1.2.9	mapman:Photosynthesis.photophosphorylation.cytochrome b6/f complex.assembly
VIT_01s0010g01170	Vitvi05_01chr01g18760	1.1.2.9.1	mapman:Photosynthesis.photophosphorylation.cytochrome b6/f complex.assembly.CCB cytochrome b6 maturation system (system IV)
VIT_01s0010g01170	Vitvi05_01chr01g18760	1.1.2.9.1.3	mapman:Photosynthesis.photophosphorylation.cytochrome b6/f complex.assembly.CCB cytochrome b6 maturation system (system IV).assembly factor *(CCB3)
VIT_18s0001g00760	Vitvi05_01chr18g02140	1.1.3	mapman:Photosynthesis.photophosphorylation.Cytb6/f to PS-I electron carriers
VIT_18s0001g00760	Vitvi05_01chr18g02140	1.1.3.1	mapman:Photosynthesis.photophosphorylation.Cytb6/f to PS-I electron carriers.plastocyanin copper-protein *(PetE)
VIT_00s0125g00280	Vitvi05_01chr10g21500	1.1.4	mapman:Photosynthesis.photophosphorylation.photosystem I
VIT_01s0010g03620	Vitvi05_01chr01g22740	1.1.4	mapman:Photosynthesis.photophosphorylation.photosystem I
VIT_04s0023g00410	Vitvi05_01chr04g16130	1.1.4	mapman:Photosynthesis.photophosphorylation.photosystem I
VIT_04s0044g01410	Vitvi05_01chr04g24510	1.1.4	mapman:Photosynthesis.photophosphorylation.photosystem I
VIT_06s0080g00920	Vitvi05_01chr06g22400	1.1.4	mapman:Photosynthesis.photophosphorylation.photosystem I
VIT_07s0005g04920	Vitvi05_01chr07g11260	1.1.4	mapman:Photosynthesis.photophosphorylation.photosystem I
VIT_09s0002g04320	Vitvi05_01chr09g05070	1.1.4	mapman:Photosynthesis.photophosphorylation.photosystem I
VIT_10s0003g04350	Vitvi05_01chr10g15410	1.1.4	mapman:Photosynthesis.photophosphorylation.photosystem I
VIT_15s0024g00040	Vitvi05_01chr15g00110	1.1.4	mapman:Photosynthesis.photophosphorylation.photosystem I
VIT_17s0000g06350	Vitvi05_01chr17g09040	1.1.4	mapman:Photosynthesis.photophosphorylation.photosystem I
VIT_01s0010g03620	Vitvi05_01chr01g22740	1.1.4.1	mapman:Photosynthesis.photophosphorylation.photosystem I.LHC-I complex
VIT_15s0024g00040	Vitvi05_01chr15g00110	1.1.4.1	mapman:Photosynthesis.photophosphorylation.photosystem I.LHC-I complex
VIT_17s0000g06350	Vitvi05_01chr17g09040	1.1.4.1	mapman:Photosynthesis.photophosphorylation.photosystem I.LHC-I complex
VIT_01s0010g03620	Vitvi05_01chr01g22740	1.1.4.1.2	mapman:Photosynthesis.photophosphorylation.photosystem I.LHC-I complex.component *(LHCa2)
VIT_15s0024g00040	Vitvi05_01chr15g00110	1.1.4.1.3	mapman:Photosynthesis.photophosphorylation.photosystem I.LHC-I complex.component *(LHCa3)
VIT_17s0000g06350	Vitvi05_01chr17g09040	1.1.4.1.4	mapman:Photosynthesis.photophosphorylation.photosystem I.LHC-I complex.component *(LHCa4)
VIT_00s0125g00280	Vitvi05_01chr10g21500	1.1.4.2	mapman:Photosynthesis.photophosphorylation.photosystem I.PS-I complex
VIT_04s0023g00410	Vitvi05_01chr04g16130	1.1.4.2	mapman:Photosynthesis.photophosphorylation.photosystem I.PS-I complex
VIT_04s0044g01410	Vitvi05_01chr04g24510	1.1.4.2	mapman:Photosynthesis.photophosphorylation.photosystem I.PS-I complex
VIT_06s0080g00920	Vitvi05_01chr06g22400	1.1.4.2	mapman:Photosynthesis.photophosphorylation.photosystem I.PS-I complex
VIT_07s0005g04920	Vitvi05_01chr07g11260	1.1.4.2	mapman:Photosynthesis.photophosphorylation.photosystem I.PS-I complex
VIT_09s0002g04320	Vitvi05_01chr09g05070	1.1.4.2	mapman:Photosynthesis.photophosphorylation.photosystem I.PS-I complex
VIT_10s0003g04350	Vitvi05_01chr10g15410	1.1.4.2	mapman:Photosynthesis.photophosphorylation.photosystem I.PS-I complex
VIT_10s0003g04350	Vitvi05_01chr10g15410	1.1.4.2.11	mapman:Photosynthesis.photophosphorylation.photosystem I.PS-I complex.component *(PsaK)
VIT_04s0023g00410	Vitvi05_01chr04g16130	1.1.4.2.12	mapman:Photosynthesis.photophosphorylation.photosystem I.PS-I complex.component *(PsaL)
VIT_04s0044g01410	Vitvi05_01chr04g24510	1.1.4.2.14	mapman:Photosynthesis.photophosphorylation.photosystem I.PS-I complex.component *(PsaN)
VIT_06s0080g00920	Vitvi05_01chr06g22400	1.1.4.2.15	mapman:Photosynthesis.photophosphorylation.photosystem I.PS-I complex.component *(PsaO)
VIT_07s0005g04920	Vitvi05_01chr07g11260	1.1.4.2.5	mapman:Photosynthesis.photophosphorylation.photosystem I.PS-I complex.component *(PsaE)
VIT_00s0125g00280	Vitvi05_01chr10g21500	1.1.4.2.6	mapman:Photosynthesis.photophosphorylation.photosystem I.PS-I complex.component *(PsaF)
VIT_09s0002g04320	Vitvi05_01chr09g05070	1.1.4.2.8	mapman:Photosynthesis.photophosphorylation.photosystem I.PS-I complex.component *(PsaH)
VIT_02s0012g00980	Vitvi05_01chr02g11320	1.1.5	mapman:Photosynthesis.photophosphorylation.linear electron flow
VIT_03s0063g02020	Vitvi05_01chr03g06210	1.1.5	mapman:Photosynthesis.photophosphorylation.linear electron flow
VIT_04s0023g03510	Vitvi05_01chr04g20440	1.1.5	mapman:Photosynthesis.photophosphorylation.linear electron flow
VIT_05s0020g03490	Vitvi05_01chr05g07610	1.1.5	mapman:Photosynthesis.photophosphorylation.linear electron flow
VIT_12s0035g00270	Vitvi05_01chr12g20350	1.1.5	mapman:Photosynthesis.photophosphorylation.linear electron flow
VIT_18s0001g14450	Vitvi05_01chr18g17030	1.1.5	mapman:Photosynthesis.photophosphorylation.linear electron flow
VIT_02s0012g00980	Vitvi05_01chr02g11320	1.1.5.1	mapman:Photosynthesis.photophosphorylation.linear electron flow.ferredoxin electron carrier activities
VIT_05s0020g03490	Vitvi05_01chr05g07610	1.1.5.1	mapman:Photosynthesis.photophosphorylation.linear electron flow.ferredoxin electron carrier activities
VIT_12s0035g00270	Vitvi05_01chr12g20350	1.1.5.1	mapman:Photosynthesis.photophosphorylation.linear electron flow.ferredoxin electron carrier activities
VIT_12s0035g00270	Vitvi05_01chr12g20350	1.1.5.1.1	mapman:Photosynthesis.photophosphorylation.linear electron flow.ferredoxin electron carrier activities.ferredoxin targeted to NADP reduction
VIT_02s0012g00980	Vitvi05_01chr02g11320	1.1.5.1.2	mapman:Photosynthesis.photophosphorylation.linear electron flow.ferredoxin electron carrier activities.ferredoxin targeted to non-NADP reduction
VIT_05s0020g03490	Vitvi05_01chr05g07610	1.1.5.1.2	mapman:Photosynthesis.photophosphorylation.linear electron flow.ferredoxin electron carrier activities.ferredoxin targeted to non-NADP reduction
VIT_03s0063g02020	Vitvi05_01chr03g06210	1.1.5.2	mapman:Photosynthesis.photophosphorylation.linear electron flow.ferredoxin-NADP reductase (FNR) activity
VIT_04s0023g03510	Vitvi05_01chr04g20440	1.1.5.2	mapman:Photosynthesis.photophosphorylation.linear electron flow.ferredoxin-NADP reductase (FNR) activity
VIT_18s0001g14450	Vitvi05_01chr18g17030	1.1.5.2	mapman:Photosynthesis.photophosphorylation.linear electron flow.ferredoxin-NADP reductase (FNR) activity
VIT_04s0023g03510	Vitvi05_01chr04g20440	1.1.5.2.1	mapman:Photosynthesis.photophosphorylation.linear electron flow.ferredoxin-NADP reductase (FNR) activity.ferredoxin-NADP oxidoreductase
VIT_18s0001g14450	Vitvi05_01chr18g17030	1.1.5.2.1	mapman:Photosynthesis.photophosphorylation.linear electron flow.ferredoxin-NADP reductase (FNR) activity.ferredoxin-NADP oxidoreductase
VIT_03s0063g02020	Vitvi05_01chr03g06210	1.1.5.2.2	mapman:Photosynthesis.photophosphorylation.linear electron flow.ferredoxin-NADP reductase (FNR) activity.FNR membrane-tethering
VIT_03s0063g02020	Vitvi05_01chr03g06210	1.1.5.2.2.2	mapman:Photosynthesis.photophosphorylation.linear electron flow.ferredoxin-NADP reductase (FNR) activity.FNR membrane-tethering.FNR-interacting protein *(TIC62)
VIT_02s0025g04710	Vitvi05_01chr02g05850	1.1.6	mapman:Photosynthesis.photophosphorylation.cyclic electron flow
VIT_05s0049g01760	Vitvi05_01chr05g12040	1.1.6	mapman:Photosynthesis.photophosphorylation.cyclic electron flow
VIT_02s0025g04710	Vitvi05_01chr02g05850	1.1.6.1	mapman:Photosynthesis.photophosphorylation.cyclic electron flow.PGR5-PGRL1 complex
VIT_05s0049g01760	Vitvi05_01chr05g12040	1.1.6.1	mapman:Photosynthesis.photophosphorylation.cyclic electron flow.PGR5-PGRL1 complex
VIT_05s0049g01760	Vitvi05_01chr05g12040	1.1.6.1.1	mapman:Photosynthesis.photophosphorylation.cyclic electron flow.PGR5-PGRL1 complex.component *(PGR5)
VIT_02s0025g04710	Vitvi05_01chr02g05850	1.1.6.1.2	mapman:Photosynthesis.photophosphorylation.cyclic electron flow.PGR5-PGRL1 complex.component *(PGRL1)
VIT_00s1547g00010	Vitvi05_01chr17g09140	1.1.8	mapman:Photosynthesis.photophosphorylation.chlororespiration
VIT_01s0011g05290	Vitvi05_01chr01g06790	1.1.8	mapman:Photosynthesis.photophosphorylation.chlororespiration
VIT_02s0025g01470	Vitvi05_01chr02g01640	1.1.8	mapman:Photosynthesis.photophosphorylation.chlororespiration
VIT_04s0044g01310	Vitvi05_01chr04g24370	1.1.8	mapman:Photosynthesis.photophosphorylation.chlororespiration
VIT_08s0007g07480	Vitvi05_01chr08g22880	1.1.8	mapman:Photosynthesis.photophosphorylation.chlororespiration
VIT_11s0016g00730	Vitvi05_01chr11g00800	1.1.8	mapman:Photosynthesis.photophosphorylation.chlororespiration
VIT_19s0014g05080	Vitvi05_01chr19g06950	1.1.8	mapman:Photosynthesis.photophosphorylation.chlororespiration
VIT_00s1547g00010	Vitvi05_01chr17g09140	1.1.8.1	mapman:Photosynthesis.photophosphorylation.chlororespiration.NADH dehydrogenase-like (NDH) complex
VIT_01s0011g05290	Vitvi05_01chr01g06790	1.1.8.1	mapman:Photosynthesis.photophosphorylation.chlororespiration.NADH dehydrogenase-like (NDH) complex
VIT_02s0025g01470	Vitvi05_01chr02g01640	1.1.8.1	mapman:Photosynthesis.photophosphorylation.chlororespiration.NADH dehydrogenase-like (NDH) complex
VIT_04s0044g01310	Vitvi05_01chr04g24370	1.1.8.1	mapman:Photosynthesis.photophosphorylation.chlororespiration.NADH dehydrogenase-like (NDH) complex
VIT_08s0007g07480	Vitvi05_01chr08g22880	1.1.8.1	mapman:Photosynthesis.photophosphorylation.chlororespiration.NADH dehydrogenase-like (NDH) complex
VIT_11s0016g00730	Vitvi05_01chr11g00800	1.1.8.1	mapman:Photosynthesis.photophosphorylation.chlororespiration.NADH dehydrogenase-like (NDH) complex
VIT_19s0014g05080	Vitvi05_01chr19g06950	1.1.8.1	mapman:Photosynthesis.photophosphorylation.chlororespiration.NADH dehydrogenase-like (NDH) complex
VIT_01s0011g05290	Vitvi05_01chr01g06790	1.1.8.1.2	mapman:Photosynthesis.photophosphorylation.chlororespiration.NADH dehydrogenase-like (NDH) complex.subcomplex A
VIT_04s0044g01310	Vitvi05_01chr04g24370	1.1.8.1.2	mapman:Photosynthesis.photophosphorylation.chlororespiration.NADH dehydrogenase-like (NDH) complex.subcomplex A
VIT_01s0011g05290	Vitvi05_01chr01g06790	1.1.8.1.2.5	mapman:Photosynthesis.photophosphorylation.chlororespiration.NADH dehydrogenase-like (NDH) complex.subcomplex A.component *(NdhL)
VIT_04s0044g01310	Vitvi05_01chr04g24370	1.1.8.1.2.8	mapman:Photosynthesis.photophosphorylation.chlororespiration.NADH dehydrogenase-like (NDH) complex.subcomplex A.component *(NdhO)
VIT_00s1547g00010	Vitvi05_01chr17g09140	1.1.8.1.3	mapman:Photosynthesis.photophosphorylation.chlororespiration.NADH dehydrogenase-like (NDH) complex.subcomplex B
VIT_00s1547g00010	Vitvi05_01chr17g09140	1.1.8.1.3.4	mapman:Photosynthesis.photophosphorylation.chlororespiration.NADH dehydrogenase-like (NDH) complex.subcomplex B.component *(PnsB4/NDF6)
VIT_19s0014g05080	Vitvi05_01chr19g06950	1.1.8.1.4	mapman:Photosynthesis.photophosphorylation.chlororespiration.NADH dehydrogenase-like (NDH) complex.lumen subcomplex L
VIT_19s0014g05080	Vitvi05_01chr19g06950	1.1.8.1.4.3	mapman:Photosynthesis.photophosphorylation.chlororespiration.NADH dehydrogenase-like (NDH) complex.lumen subcomplex L.component *(PnsL3/PQL2)
VIT_02s0025g01470	Vitvi05_01chr02g01640	1.1.8.1.5	mapman:Photosynthesis.photophosphorylation.chlororespiration.NADH dehydrogenase-like (NDH) complex.electron donor-binding subcomplex E
VIT_02s0025g01470	Vitvi05_01chr02g01640	1.1.8.1.5.1	mapman:Photosynthesis.photophosphorylation.chlororespiration.NADH dehydrogenase-like (NDH) complex.electron donor-binding subcomplex E.component *(NdhS)
VIT_08s0007g07480	Vitvi05_01chr08g22880	1.1.8.1.6	mapman:Photosynthesis.photophosphorylation.chlororespiration.NADH dehydrogenase-like (NDH) complex.assembly and maintenance
VIT_08s0007g07480	Vitvi05_01chr08g22880	1.1.8.1.6.7	mapman:Photosynthesis.photophosphorylation.chlororespiration.NADH dehydrogenase-like (NDH) complex.assembly and maintenance.assembly factor *(NDF5)
VIT_11s0016g00730	Vitvi05_01chr11g00800	1.1.8.1.7	mapman:Photosynthesis.photophosphorylation.chlororespiration.NADH dehydrogenase-like (NDH) complex.link between NDH complex and photosystem I
VIT_11s0016g00730	Vitvi05_01chr11g00800	1.1.8.1.7.2	mapman:Photosynthesis.photophosphorylation.chlororespiration.NADH dehydrogenase-like (NDH) complex.link between NDH complex and photosystem I.linker protein *(LHCa6)
VIT_02s0109g00080	Vitvi05_01chr02g14730	1.2	mapman:Photosynthesis.calvin cycle
VIT_03s0038g00670	Vitvi05_01chr03g00560	1.2	mapman:Photosynthesis.calvin cycle
VIT_04s0008g05340	Vitvi05_01chr04g06560	1.2	mapman:Photosynthesis.calvin cycle
VIT_04s0023g03010	Vitvi05_01chr04g19810	1.2	mapman:Photosynthesis.calvin cycle
VIT_06s0004g05180	Vitvi05_01chr06g07770	1.2	mapman:Photosynthesis.calvin cycle
VIT_08s0007g00840	Vitvi05_01chr08g14280	1.2	mapman:Photosynthesis.calvin cycle
VIT_08s0007g01570	Vitvi05_01chr08g15200	1.2	mapman:Photosynthesis.calvin cycle
VIT_11s0016g05270	Vitvi05_01chr11g06510	1.2	mapman:Photosynthesis.calvin cycle
VIT_11s0052g00820	Vitvi05_01chr11g17780	1.2	mapman:Photosynthesis.calvin cycle
VIT_13s0019g02050	Vitvi05_01chr13g05160	1.2	mapman:Photosynthesis.calvin cycle
VIT_13s0019g03350	Vitvi05_01chr13g06760	1.2	mapman:Photosynthesis.calvin cycle
VIT_14s0068g00680	Vitvi05_01chr14g21520	1.2	mapman:Photosynthesis.calvin cycle
VIT_15s0048g00370	Vitvi05_01chr15g12500	1.2	mapman:Photosynthesis.calvin cycle
VIT_17s0000g03690	Vitvi05_01chr17g04920	1.2	mapman:Photosynthesis.calvin cycle
VIT_04s0008g05340	Vitvi05_01chr04g06560	1.2.1	mapman:Photosynthesis.calvin cycle.ribulose-1,5-bisphosphat carboxylase/oxygenase (RuBisCo) activity
VIT_06s0004g05180	Vitvi05_01chr06g07770	1.2.1	mapman:Photosynthesis.calvin cycle.ribulose-1,5-bisphosphat carboxylase/oxygenase (RuBisCo) activity
VIT_08s0007g00840	Vitvi05_01chr08g14280	1.2.1	mapman:Photosynthesis.calvin cycle.ribulose-1,5-bisphosphat carboxylase/oxygenase (RuBisCo) activity
VIT_11s0016g05270	Vitvi05_01chr11g06510	1.2.1	mapman:Photosynthesis.calvin cycle.ribulose-1,5-bisphosphat carboxylase/oxygenase (RuBisCo) activity
VIT_11s0052g00820	Vitvi05_01chr11g17780	1.2.1	mapman:Photosynthesis.calvin cycle.ribulose-1,5-bisphosphat carboxylase/oxygenase (RuBisCo) activity
VIT_13s0019g02050	Vitvi05_01chr13g05160	1.2.1	mapman:Photosynthesis.calvin cycle.ribulose-1,5-bisphosphat carboxylase/oxygenase (RuBisCo) activity
VIT_17s0000g03690	Vitvi05_01chr17g04920	1.2.1	mapman:Photosynthesis.calvin cycle.ribulose-1,5-bisphosphat carboxylase/oxygenase (RuBisCo) activity
VIT_11s0052g00820	Vitvi05_01chr11g17780	1.2.1.1	mapman:Photosynthesis.calvin cycle.ribulose-1,5-bisphosphat carboxylase/oxygenase (RuBisCo) activity.RuBisCo heterodimer
VIT_17s0000g03690	Vitvi05_01chr17g04920	1.2.1.1	mapman:Photosynthesis.calvin cycle.ribulose-1,5-bisphosphat carboxylase/oxygenase (RuBisCo) activity.RuBisCo heterodimer
VIT_11s0052g00820	Vitvi05_01chr11g17780	1.2.1.1.2	mapman:Photosynthesis.calvin cycle.ribulose-1,5-bisphosphat carboxylase/oxygenase (RuBisCo) activity.RuBisCo heterodimer.small subunit
VIT_17s0000g03690	Vitvi05_01chr17g04920	1.2.1.1.2	mapman:Photosynthesis.calvin cycle.ribulose-1,5-bisphosphat carboxylase/oxygenase (RuBisCo) activity.RuBisCo heterodimer.small subunit
VIT_04s0008g05340	Vitvi05_01chr04g06560	1.2.1.2	mapman:Photosynthesis.calvin cycle.ribulose-1,5-bisphosphat carboxylase/oxygenase (RuBisCo) activity.RuBisCo assembly
VIT_11s0016g05270	Vitvi05_01chr11g06510	1.2.1.2	mapman:Photosynthesis.calvin cycle.ribulose-1,5-bisphosphat carboxylase/oxygenase (RuBisCo) activity.RuBisCo assembly
VIT_04s0008g05340	Vitvi05_01chr04g06560	1.2.1.2.7	mapman:Photosynthesis.calvin cycle.ribulose-1,5-bisphosphat carboxylase/oxygenase (RuBisCo) activity.RuBisCo assembly.assembly factor *(BSD2)
VIT_11s0016g05270	Vitvi05_01chr11g06510	1.2.1.2.7	mapman:Photosynthesis.calvin cycle.ribulose-1,5-bisphosphat carboxylase/oxygenase (RuBisCo) activity.RuBisCo assembly.assembly factor *(BSD2)
VIT_06s0004g05180	Vitvi05_01chr06g07770	1.2.1.3	mapman:Photosynthesis.calvin cycle.ribulose-1,5-bisphosphat carboxylase/oxygenase (RuBisCo) activity.RuBisCo regulation
VIT_08s0007g00840	Vitvi05_01chr08g14280	1.2.1.3	mapman:Photosynthesis.calvin cycle.ribulose-1,5-bisphosphat carboxylase/oxygenase (RuBisCo) activity.RuBisCo regulation
VIT_13s0019g02050	Vitvi05_01chr13g05160	1.2.1.3	mapman:Photosynthesis.calvin cycle.ribulose-1,5-bisphosphat carboxylase/oxygenase (RuBisCo) activity.RuBisCo regulation
VIT_06s0004g05180	Vitvi05_01chr06g07770	1.2.1.3.3	mapman:Photosynthesis.calvin cycle.ribulose-1,5-bisphosphat carboxylase/oxygenase (RuBisCo) activity.RuBisCo regulation.ATP-dependent activase *(RCA)
VIT_08s0007g00840	Vitvi05_01chr08g14280	1.2.1.3.3	mapman:Photosynthesis.calvin cycle.ribulose-1,5-bisphosphat carboxylase/oxygenase (RuBisCo) activity.RuBisCo regulation.ATP-dependent activase *(RCA)
VIT_13s0019g02050	Vitvi05_01chr13g05160	1.2.1.3.3	mapman:Photosynthesis.calvin cycle.ribulose-1,5-bisphosphat carboxylase/oxygenase (RuBisCo) activity.RuBisCo regulation.ATP-dependent activase *(RCA)
VIT_02s0109g00080	Vitvi05_01chr02g14730	1.2.11	mapman:Photosynthesis.calvin cycle.phosphoribulokinase *(PRK)
VIT_14s0068g00680	Vitvi05_01chr14g21520	1.2.3	mapman:Photosynthesis.calvin cycle.glyceraldehyde 3-phosphate dehydrogenase (GAPDH) activity
VIT_14s0068g00680	Vitvi05_01chr14g21520	1.2.3.1	mapman:Photosynthesis.calvin cycle.glyceraldehyde 3-phosphate dehydrogenase (GAPDH) activity.glyceraldehyde 3-phosphate dehydrogenase *(GAPDH)
VIT_03s0038g00670	Vitvi05_01chr03g00560	1.2.5	mapman:Photosynthesis.calvin cycle.fructose 1,6-bisphosphate aldolase
VIT_04s0023g03010	Vitvi05_01chr04g19810	1.2.5	mapman:Photosynthesis.calvin cycle.fructose 1,6-bisphosphate aldolase
VIT_08s0007g01570	Vitvi05_01chr08g15200	1.2.6	mapman:Photosynthesis.calvin cycle.fructose-1,6-bisphosphatase
VIT_15s0048g00370	Vitvi05_01chr15g12500	1.2.7	mapman:Photosynthesis.calvin cycle.transketolase
VIT_13s0019g03350	Vitvi05_01chr13g06760	1.2.8	mapman:Photosynthesis.calvin cycle.sedoheptulose-1,7-bisphosphatase
VIT_02s0012g01120	Vitvi05_01chr02g11510	1.3	mapman:Photosynthesis.photorespiration
VIT_02s0025g04730	Vitvi05_01chr02g05880	1.3	mapman:Photosynthesis.photorespiration
VIT_03s0038g02510	Vitvi05_01chr03g02460	1.3	mapman:Photosynthesis.photorespiration
VIT_10s0116g01540	Vitvi05_01chr10g01300	1.3	mapman:Photosynthesis.photorespiration
VIT_19s0093g00510	Vitvi05_01chr19g16950	1.3	mapman:Photosynthesis.photorespiration
VIT_19s0093g00510	Vitvi05_01chr19g16950	1.3.2	mapman:Photosynthesis.photorespiration.glycolate oxidase
VIT_02s0012g01120	Vitvi05_01chr02g11510	1.3.4	mapman:Photosynthesis.photorespiration.glycine decarboxylase complex
VIT_10s0116g01540	Vitvi05_01chr10g01300	1.3.4	mapman:Photosynthesis.photorespiration.glycine decarboxylase complex
VIT_10s0116g01540	Vitvi05_01chr10g01300	1.3.4.2	mapman:Photosynthesis.photorespiration.glycine decarboxylase complex.aminomethyltransferase component *(T-protein)
VIT_02s0012g01120	Vitvi05_01chr02g11510	1.3.4.4	mapman:Photosynthesis.photorespiration.glycine decarboxylase complex.lipoamide-containing component *(H-protein)
VIT_02s0025g04730	Vitvi05_01chr02g05880	1.3.6	mapman:Photosynthesis.photorespiration.hydroxypyruvate reductase activities
VIT_03s0038g02510	Vitvi05_01chr03g02460	1.3.6	mapman:Photosynthesis.photorespiration.hydroxypyruvate reductase activities
VIT_03s0038g02510	Vitvi05_01chr03g02460	1.3.6.1	mapman:Photosynthesis.photorespiration.hydroxypyruvate reductase activities.peroxisomal hydroxypyruvate reductase *(HPR1)
VIT_02s0025g04730	Vitvi05_01chr02g05880	1.3.6.2	mapman:Photosynthesis.photorespiration.hydroxypyruvate reductase activities.non-peroxisomal hydroxypyruvate reductase *(HPR)
VIT_01s0011g02740	Vitvi05_01chr01g03360	1.4	mapman:Photosynthesis.CAM/C4 photosynthesis
VIT_05s0049g00950	Vitvi05_01chr05g10960	1.4	mapman:Photosynthesis.CAM/C4 photosynthesis
VIT_08s0007g03240	Vitvi05_01chr08g17500	1.4	mapman:Photosynthesis.CAM/C4 photosynthesis
VIT_08s0007g04800	Vitvi05_01chr08g19490	1.4	mapman:Photosynthesis.CAM/C4 photosynthesis
VIT_12s0028g02180	Vitvi05_01chr12g03120	1.4	mapman:Photosynthesis.CAM/C4 photosynthesis
VIT_08s0007g03240	Vitvi05_01chr08g17500	1.4.1	mapman:Photosynthesis.CAM/C4 photosynthesis.carbon dioxide-bicarbonate equilibrium
VIT_08s0007g04800	Vitvi05_01chr08g19490	1.4.1	mapman:Photosynthesis.CAM/C4 photosynthesis.carbon dioxide-bicarbonate equilibrium
VIT_08s0007g03240	Vitvi05_01chr08g17500	1.4.1.1	mapman:Photosynthesis.CAM/C4 photosynthesis.carbon dioxide-bicarbonate equilibrium.alpha-type carbonic anhydrase
VIT_08s0007g04800	Vitvi05_01chr08g19490	1.4.1.1	mapman:Photosynthesis.CAM/C4 photosynthesis.carbon dioxide-bicarbonate equilibrium.alpha-type carbonic anhydrase
VIT_01s0011g02740	Vitvi05_01chr01g03360	1.4.2	mapman:Photosynthesis.CAM/C4 photosynthesis.phosphoenolpyruvate (PEP) carboxylase activity
VIT_05s0049g00950	Vitvi05_01chr05g10960	1.4.2	mapman:Photosynthesis.CAM/C4 photosynthesis.phosphoenolpyruvate (PEP) carboxylase activity
VIT_12s0028g02180	Vitvi05_01chr12g03120	1.4.2	mapman:Photosynthesis.CAM/C4 photosynthesis.phosphoenolpyruvate (PEP) carboxylase activity
VIT_01s0011g02740	Vitvi05_01chr01g03360	1.4.2.1	mapman:Photosynthesis.CAM/C4 photosynthesis.phosphoenolpyruvate (PEP) carboxylase activity.PEP carboxylase *(PPC)
VIT_12s0028g02180	Vitvi05_01chr12g03120	1.4.2.1	mapman:Photosynthesis.CAM/C4 photosynthesis.phosphoenolpyruvate (PEP) carboxylase activity.PEP carboxylase *(PPC)
VIT_05s0049g00950	Vitvi05_01chr05g10960	1.4.2.2	mapman:Photosynthesis.CAM/C4 photosynthesis.phosphoenolpyruvate (PEP) carboxylase activity.regulatory PPC-phosphorylating kinase *(PPCK)
VIT_01s0011g02840	Vitvi05_01chr01g03450	10	mapman:Redox homeostasis
VIT_01s0026g02400	Vitvi05_01chr01g15090	10	mapman:Redox homeostasis
VIT_01s0127g00560	Vitvi05_01chr01g11120	10	mapman:Redox homeostasis
VIT_01s0127g00590	Vitvi05_01chr01g11190	10	mapman:Redox homeostasis
VIT_01s0127g00740	Vitvi05_01chr01g11370	10	mapman:Redox homeostasis
VIT_02s0025g03590	Vitvi05_01chr02g04230	10	mapman:Redox homeostasis
VIT_02s0025g03600	Vitvi05_01chr02g04240	10	mapman:Redox homeostasis
VIT_03s0038g01350	Vitvi05_01chr03g14690	10	mapman:Redox homeostasis
VIT_03s0088g01250	Vitvi05_01chr03g12120	10	mapman:Redox homeostasis
VIT_04s0044g00020	Vitvi05_01chr04g22260	10	mapman:Redox homeostasis
VIT_04s0079g00690	Vitvi05_01chr04g12550	10	mapman:Redox homeostasis
VIT_05s0020g00600	Vitvi05_01chr05g03780	10	mapman:Redox homeostasis
VIT_05s0020g03170	Vitvi05_01chr05g07150	10	mapman:Redox homeostasis
VIT_05s0020g04510	Vitvi05_01chr05g09140	10	mapman:Redox homeostasis
VIT_05s0102g00120	Vitvi05_01chr05g22460	10	mapman:Redox homeostasis
VIT_06s0004g03690	Vitvi05_01chr06g05620	10	mapman:Redox homeostasis
VIT_06s0004g05680	Vitvi05_01chr06g08370	10	mapman:Redox homeostasis
VIT_07s0005g04890	Vitvi05_01chr07g11230	10	mapman:Redox homeostasis
VIT_07s0104g01800	Vitvi05_01chr07g04650	10	mapman:Redox homeostasis
VIT_07s0104g01820	Vitvi05_01chr07g04670	10	mapman:Redox homeostasis
VIT_07s0104g01830	Vitvi05_01chr07g04680	10	mapman:Redox homeostasis
VIT_08s0040g00920	Vitvi05_01chr08g09690	10	mapman:Redox homeostasis
VIT_08s0040g03150	Vitvi05_01chr08g12970	10	mapman:Redox homeostasis
VIT_11s0016g00560	Vitvi05_01chr11g00610	10	mapman:Redox homeostasis
VIT_12s0028g00920	Vitvi05_01chr12g01430	10	mapman:Redox homeostasis
VIT_13s0019g02330	Vitvi05_01chr13g05450	10	mapman:Redox homeostasis
VIT_13s0074g00040	Vitvi05_01chr13g10100	10	mapman:Redox homeostasis
VIT_14s0030g02180	Vitvi05_01chr14g08120	10	mapman:Redox homeostasis
VIT_15s0024g01540	Vitvi05_01chr15g02810	10	mapman:Redox homeostasis
VIT_15s0024g01630	Vitvi05_01chr15g03010	10	mapman:Redox homeostasis
VIT_15s0024g01650	Vitvi05_01chr15g03030	10	mapman:Redox homeostasis
VIT_15s0046g03520	Vitvi05_01chr15g20410	10	mapman:Redox homeostasis
VIT_16s0039g00970	Vitvi05_01chr16g00640	10	mapman:Redox homeostasis
VIT_16s0039g00990	Vitvi05_01chr16g00650	10	mapman:Redox homeostasis
VIT_16s0039g01410	Vitvi05_01chr16g01080	10	mapman:Redox homeostasis
VIT_18s0001g00820	Vitvi05_01chr18g02200	10	mapman:Redox homeostasis
VIT_18s0001g13240	Vitvi05_01chr18g15400	10	mapman:Redox homeostasis
VIT_19s0014g02190	Vitvi05_01chr19g03080	10	mapman:Redox homeostasis
VIT_19s0014g02830	Vitvi05_01chr19g03820	10	mapman:Redox homeostasis
VIT_19s0015g02590	Vitvi05_01chr19g14390	10	mapman:Redox homeostasis
VIT_19s0015g02680	Vitvi05_01chr19g14530	10	mapman:Redox homeostasis
VIT_19s0015g02700	Vitvi05_01chr19g14560	10	mapman:Redox homeostasis
VIT_19s0015g02880	Vitvi05_01chr19g14860	10	mapman:Redox homeostasis
VIT_19s0090g01000	Vitvi05_01chr19g09070	10	mapman:Redox homeostasis
VIT_19s0093g00160	Vitvi05_01chr19g17550	10	mapman:Redox homeostasis
VIT_19s0093g00220	Vitvi05_01chr19g17470	10	mapman:Redox homeostasis
VIT_19s0093g00310	Vitvi05_01chr19g17400	10	mapman:Redox homeostasis
VIT_02s0025g03590	Vitvi05_01chr02g04230	10.1	mapman:Redox homeostasis.reactive oxygen scavenging
VIT_02s0025g03600	Vitvi05_01chr02g04240	10.1	mapman:Redox homeostasis.reactive oxygen scavenging
VIT_04s0044g00020	Vitvi05_01chr04g22260	10.1	mapman:Redox homeostasis.reactive oxygen scavenging
VIT_05s0102g00120	Vitvi05_01chr05g22460	10.1	mapman:Redox homeostasis.reactive oxygen scavenging
VIT_04s0044g00020	Vitvi05_01chr04g22260	10.1.2	mapman:Redox homeostasis.reactive oxygen scavenging.catalase
VIT_02s0025g03590	Vitvi05_01chr02g04230	10.1.3	mapman:Redox homeostasis.reactive oxygen scavenging.glutathione peroxidase
VIT_02s0025g03600	Vitvi05_01chr02g04240	10.1.3	mapman:Redox homeostasis.reactive oxygen scavenging.glutathione peroxidase
VIT_05s0102g00120	Vitvi05_01chr05g22460	10.1.3	mapman:Redox homeostasis.reactive oxygen scavenging.glutathione peroxidase
VIT_01s0026g02400	Vitvi05_01chr01g15090	10.2	mapman:Redox homeostasis.glutathione-based redox regulation
VIT_03s0038g01350	Vitvi05_01chr03g14690	10.2	mapman:Redox homeostasis.glutathione-based redox regulation
VIT_04s0079g00690	Vitvi05_01chr04g12550	10.2	mapman:Redox homeostasis.glutathione-based redox regulation
VIT_06s0004g03690	Vitvi05_01chr06g05620	10.2	mapman:Redox homeostasis.glutathione-based redox regulation
VIT_06s0004g05680	Vitvi05_01chr06g08370	10.2	mapman:Redox homeostasis.glutathione-based redox regulation
VIT_07s0005g04890	Vitvi05_01chr07g11230	10.2	mapman:Redox homeostasis.glutathione-based redox regulation
VIT_07s0104g01800	Vitvi05_01chr07g04650	10.2	mapman:Redox homeostasis.glutathione-based redox regulation
VIT_07s0104g01820	Vitvi05_01chr07g04670	10.2	mapman:Redox homeostasis.glutathione-based redox regulation
VIT_07s0104g01830	Vitvi05_01chr07g04680	10.2	mapman:Redox homeostasis.glutathione-based redox regulation
VIT_08s0040g00920	Vitvi05_01chr08g09690	10.2	mapman:Redox homeostasis.glutathione-based redox regulation
VIT_12s0028g00920	Vitvi05_01chr12g01430	10.2	mapman:Redox homeostasis.glutathione-based redox regulation
VIT_15s0024g01540	Vitvi05_01chr15g02810	10.2	mapman:Redox homeostasis.glutathione-based redox regulation
VIT_15s0024g01630	Vitvi05_01chr15g03010	10.2	mapman:Redox homeostasis.glutathione-based redox regulation
VIT_15s0024g01650	Vitvi05_01chr15g03030	10.2	mapman:Redox homeostasis.glutathione-based redox regulation
VIT_16s0039g00970	Vitvi05_01chr16g00640	10.2	mapman:Redox homeostasis.glutathione-based redox regulation
VIT_16s0039g00990	Vitvi05_01chr16g00650	10.2	mapman:Redox homeostasis.glutathione-based redox regulation
VIT_19s0015g02590	Vitvi05_01chr19g14390	10.2	mapman:Redox homeostasis.glutathione-based redox regulation
VIT_19s0015g02680	Vitvi05_01chr19g14530	10.2	mapman:Redox homeostasis.glutathione-based redox regulation
VIT_19s0015g02700	Vitvi05_01chr19g14560	10.2	mapman:Redox homeostasis.glutathione-based redox regulation
VIT_19s0015g02880	Vitvi05_01chr19g14860	10.2	mapman:Redox homeostasis.glutathione-based redox regulation
VIT_19s0093g00160	Vitvi05_01chr19g17550	10.2	mapman:Redox homeostasis.glutathione-based redox regulation
VIT_19s0093g00220	Vitvi05_01chr19g17470	10.2	mapman:Redox homeostasis.glutathione-based redox regulation
VIT_19s0093g00310	Vitvi05_01chr19g17400	10.2	mapman:Redox homeostasis.glutathione-based redox regulation
VIT_03s0038g01350	Vitvi05_01chr03g14690	10.2.2	mapman:Redox homeostasis.glutathione-based redox regulation.glutathione degradation
VIT_03s0038g01350	Vitvi05_01chr03g14690	10.2.2.4	mapman:Redox homeostasis.glutathione-based redox regulation.glutathione degradation.gamma-glutamyl peptidase *(GGP)
VIT_01s0026g02400	Vitvi05_01chr01g15090	10.2.3	mapman:Redox homeostasis.glutathione-based redox regulation.glutathione S-transferase activities
VIT_04s0079g00690	Vitvi05_01chr04g12550	10.2.3	mapman:Redox homeostasis.glutathione-based redox regulation.glutathione S-transferase activities
VIT_06s0004g03690	Vitvi05_01chr06g05620	10.2.3	mapman:Redox homeostasis.glutathione-based redox regulation.glutathione S-transferase activities
VIT_06s0004g05680	Vitvi05_01chr06g08370	10.2.3	mapman:Redox homeostasis.glutathione-based redox regulation.glutathione S-transferase activities
VIT_07s0005g04890	Vitvi05_01chr07g11230	10.2.3	mapman:Redox homeostasis.glutathione-based redox regulation.glutathione S-transferase activities
VIT_07s0104g01800	Vitvi05_01chr07g04650	10.2.3	mapman:Redox homeostasis.glutathione-based redox regulation.glutathione S-transferase activities
VIT_07s0104g01820	Vitvi05_01chr07g04670	10.2.3	mapman:Redox homeostasis.glutathione-based redox regulation.glutathione S-transferase activities
VIT_07s0104g01830	Vitvi05_01chr07g04680	10.2.3	mapman:Redox homeostasis.glutathione-based redox regulation.glutathione S-transferase activities
VIT_08s0040g00920	Vitvi05_01chr08g09690	10.2.3	mapman:Redox homeostasis.glutathione-based redox regulation.glutathione S-transferase activities
VIT_12s0028g00920	Vitvi05_01chr12g01430	10.2.3	mapman:Redox homeostasis.glutathione-based redox regulation.glutathione S-transferase activities
VIT_15s0024g01540	Vitvi05_01chr15g02810	10.2.3	mapman:Redox homeostasis.glutathione-based redox regulation.glutathione S-transferase activities
VIT_15s0024g01630	Vitvi05_01chr15g03010	10.2.3	mapman:Redox homeostasis.glutathione-based redox regulation.glutathione S-transferase activities
VIT_15s0024g01650	Vitvi05_01chr15g03030	10.2.3	mapman:Redox homeostasis.glutathione-based redox regulation.glutathione S-transferase activities
VIT_16s0039g00970	Vitvi05_01chr16g00640	10.2.3	mapman:Redox homeostasis.glutathione-based redox regulation.glutathione S-transferase activities
VIT_16s0039g00990	Vitvi05_01chr16g00650	10.2.3	mapman:Redox homeostasis.glutathione-based redox regulation.glutathione S-transferase activities
VIT_19s0015g02590	Vitvi05_01chr19g14390	10.2.3	mapman:Redox homeostasis.glutathione-based redox regulation.glutathione S-transferase activities
VIT_19s0015g02680	Vitvi05_01chr19g14530	10.2.3	mapman:Redox homeostasis.glutathione-based redox regulation.glutathione S-transferase activities
VIT_19s0015g02700	Vitvi05_01chr19g14560	10.2.3	mapman:Redox homeostasis.glutathione-based redox regulation.glutathione S-transferase activities
VIT_19s0015g02880	Vitvi05_01chr19g14860	10.2.3	mapman:Redox homeostasis.glutathione-based redox regulation.glutathione S-transferase activities
VIT_19s0093g00160	Vitvi05_01chr19g17550	10.2.3	mapman:Redox homeostasis.glutathione-based redox regulation.glutathione S-transferase activities
VIT_19s0093g00220	Vitvi05_01chr19g17470	10.2.3	mapman:Redox homeostasis.glutathione-based redox regulation.glutathione S-transferase activities
VIT_19s0093g00310	Vitvi05_01chr19g17400	10.2.3	mapman:Redox homeostasis.glutathione-based redox regulation.glutathione S-transferase activities
VIT_01s0026g02400	Vitvi05_01chr01g15090	10.2.3.3	mapman:Redox homeostasis.glutathione-based redox regulation.glutathione S-transferase activities.class tau glutathione S-transferase
VIT_06s0004g05680	Vitvi05_01chr06g08370	10.2.3.3	mapman:Redox homeostasis.glutathione-based redox regulation.glutathione S-transferase activities.class tau glutathione S-transferase
VIT_07s0005g04890	Vitvi05_01chr07g11230	10.2.3.3	mapman:Redox homeostasis.glutathione-based redox regulation.glutathione S-transferase activities.class tau glutathione S-transferase
VIT_08s0040g00920	Vitvi05_01chr08g09690	10.2.3.3	mapman:Redox homeostasis.glutathione-based redox regulation.glutathione S-transferase activities.class tau glutathione S-transferase
VIT_15s0024g01540	Vitvi05_01chr15g02810	10.2.3.3	mapman:Redox homeostasis.glutathione-based redox regulation.glutathione S-transferase activities.class tau glutathione S-transferase
VIT_15s0024g01630	Vitvi05_01chr15g03010	10.2.3.3	mapman:Redox homeostasis.glutathione-based redox regulation.glutathione S-transferase activities.class tau glutathione S-transferase
VIT_15s0024g01650	Vitvi05_01chr15g03030	10.2.3.3	mapman:Redox homeostasis.glutathione-based redox regulation.glutathione S-transferase activities.class tau glutathione S-transferase
VIT_16s0039g00970	Vitvi05_01chr16g00640	10.2.3.3	mapman:Redox homeostasis.glutathione-based redox regulation.glutathione S-transferase activities.class tau glutathione S-transferase
VIT_16s0039g00990	Vitvi05_01chr16g00650	10.2.3.3	mapman:Redox homeostasis.glutathione-based redox regulation.glutathione S-transferase activities.class tau glutathione S-transferase
VIT_19s0015g02590	Vitvi05_01chr19g14390	10.2.3.3	mapman:Redox homeostasis.glutathione-based redox regulation.glutathione S-transferase activities.class tau glutathione S-transferase
VIT_19s0015g02680	Vitvi05_01chr19g14530	10.2.3.3	mapman:Redox homeostasis.glutathione-based redox regulation.glutathione S-transferase activities.class tau glutathione S-transferase
VIT_19s0015g02700	Vitvi05_01chr19g14560	10.2.3.3	mapman:Redox homeostasis.glutathione-based redox regulation.glutathione S-transferase activities.class tau glutathione S-transferase
VIT_19s0015g02880	Vitvi05_01chr19g14860	10.2.3.3	mapman:Redox homeostasis.glutathione-based redox regulation.glutathione S-transferase activities.class tau glutathione S-transferase
VIT_19s0093g00160	Vitvi05_01chr19g17550	10.2.3.3	mapman:Redox homeostasis.glutathione-based redox regulation.glutathione S-transferase activities.class tau glutathione S-transferase
VIT_19s0093g00220	Vitvi05_01chr19g17470	10.2.3.3	mapman:Redox homeostasis.glutathione-based redox regulation.glutathione S-transferase activities.class tau glutathione S-transferase
VIT_19s0093g00310	Vitvi05_01chr19g17400	10.2.3.3	mapman:Redox homeostasis.glutathione-based redox regulation.glutathione S-transferase activities.class tau glutathione S-transferase
VIT_04s0079g00690	Vitvi05_01chr04g12550	10.2.3.4	mapman:Redox homeostasis.glutathione-based redox regulation.glutathione S-transferase activities.class phi glutathione S-transferase
VIT_07s0104g01800	Vitvi05_01chr07g04650	10.2.3.4	mapman:Redox homeostasis.glutathione-based redox regulation.glutathione S-transferase activities.class phi glutathione S-transferase
VIT_07s0104g01820	Vitvi05_01chr07g04670	10.2.3.4	mapman:Redox homeostasis.glutathione-based redox regulation.glutathione S-transferase activities.class phi glutathione S-transferase
VIT_07s0104g01830	Vitvi05_01chr07g04680	10.2.3.4	mapman:Redox homeostasis.glutathione-based redox regulation.glutathione S-transferase activities.class phi glutathione S-transferase
VIT_12s0028g00920	Vitvi05_01chr12g01430	10.2.3.4	mapman:Redox homeostasis.glutathione-based redox regulation.glutathione S-transferase activities.class phi glutathione S-transferase
VIT_06s0004g03690	Vitvi05_01chr06g05620	10.2.3.5	mapman:Redox homeostasis.glutathione-based redox regulation.glutathione S-transferase activities.class lambda glutathione S-transferase
VIT_01s0127g00560	Vitvi05_01chr01g11120	10.3	mapman:Redox homeostasis.thiol-based redox regulation
VIT_01s0127g00590	Vitvi05_01chr01g11190	10.3	mapman:Redox homeostasis.thiol-based redox regulation
VIT_05s0020g00600	Vitvi05_01chr05g03780	10.3	mapman:Redox homeostasis.thiol-based redox regulation
VIT_11s0016g00560	Vitvi05_01chr11g00610	10.3	mapman:Redox homeostasis.thiol-based redox regulation
VIT_18s0001g00820	Vitvi05_01chr18g02200	10.3	mapman:Redox homeostasis.thiol-based redox regulation
VIT_18s0001g13240	Vitvi05_01chr18g15400	10.3	mapman:Redox homeostasis.thiol-based redox regulation
VIT_05s0020g00600	Vitvi05_01chr05g03780	10.3.2	mapman:Redox homeostasis.thiol-based redox regulation.peroxiredoxin activities
VIT_11s0016g00560	Vitvi05_01chr11g00610	10.3.2	mapman:Redox homeostasis.thiol-based redox regulation.peroxiredoxin activities
VIT_11s0016g00560	Vitvi05_01chr11g00610	10.3.2.2	mapman:Redox homeostasis.thiol-based redox regulation.peroxiredoxin activities.atypical 2-Cys peroxiredoxin *(PrxQ)
VIT_05s0020g00600	Vitvi05_01chr05g03780	10.3.2.3	mapman:Redox homeostasis.thiol-based redox regulation.peroxiredoxin activities.1-Cys peroxiredoxin *(PER1)
VIT_01s0127g00560	Vitvi05_01chr01g11120	10.3.3	mapman:Redox homeostasis.thiol-based redox regulation.thioredoxin activities
VIT_01s0127g00590	Vitvi05_01chr01g11190	10.3.3	mapman:Redox homeostasis.thiol-based redox regulation.thioredoxin activities
VIT_18s0001g00820	Vitvi05_01chr18g02200	10.3.3	mapman:Redox homeostasis.thiol-based redox regulation.thioredoxin activities
VIT_18s0001g13240	Vitvi05_01chr18g15400	10.3.3	mapman:Redox homeostasis.thiol-based redox regulation.thioredoxin activities
VIT_01s0127g00560	Vitvi05_01chr01g11120	10.3.3.10	mapman:Redox homeostasis.thiol-based redox regulation.thioredoxin activities.nucleoredoxin *(NRX)
VIT_01s0127g00590	Vitvi05_01chr01g11190	10.3.3.10	mapman:Redox homeostasis.thiol-based redox regulation.thioredoxin activities.nucleoredoxin *(NRX)
VIT_18s0001g13240	Vitvi05_01chr18g15400	10.3.3.2	mapman:Redox homeostasis.thiol-based redox regulation.thioredoxin activities.H-type thioredoxin *(Trx-H)
VIT_18s0001g00820	Vitvi05_01chr18g02200	10.3.3.8	mapman:Redox homeostasis.thiol-based redox regulation.thioredoxin activities.plastidial thioredoxin *(TrxL1)
VIT_01s0011g02840	Vitvi05_01chr01g03450	10.4	mapman:Redox homeostasis.ascorbate-based redox regulation
VIT_03s0088g01250	Vitvi05_01chr03g12120	10.4	mapman:Redox homeostasis.ascorbate-based redox regulation
VIT_05s0020g04510	Vitvi05_01chr05g09140	10.4	mapman:Redox homeostasis.ascorbate-based redox regulation
VIT_08s0040g03150	Vitvi05_01chr08g12970	10.4	mapman:Redox homeostasis.ascorbate-based redox regulation
VIT_13s0019g02330	Vitvi05_01chr13g05450	10.4	mapman:Redox homeostasis.ascorbate-based redox regulation
VIT_14s0030g02180	Vitvi05_01chr14g08120	10.4	mapman:Redox homeostasis.ascorbate-based redox regulation
VIT_15s0046g03520	Vitvi05_01chr15g20410	10.4	mapman:Redox homeostasis.ascorbate-based redox regulation
VIT_19s0090g01000	Vitvi05_01chr19g09070	10.4	mapman:Redox homeostasis.ascorbate-based redox regulation
VIT_08s0040g03150	Vitvi05_01chr08g12970	10.4.1	mapman:Redox homeostasis.ascorbate-based redox regulation.cytosolic ascorbate peroxidase *(APX)
VIT_01s0011g02840	Vitvi05_01chr01g03450	10.4.7	mapman:Redox homeostasis.ascorbate-based redox regulation.cyt-b561 electron shuttle hemoprotein *(CYBASC)
VIT_03s0088g01250	Vitvi05_01chr03g12120	10.4.8	mapman:Redox homeostasis.ascorbate-based redox regulation.ascorbate metabolism
VIT_05s0020g04510	Vitvi05_01chr05g09140	10.4.8	mapman:Redox homeostasis.ascorbate-based redox regulation.ascorbate metabolism
VIT_13s0019g02330	Vitvi05_01chr13g05450	10.4.8	mapman:Redox homeostasis.ascorbate-based redox regulation.ascorbate metabolism
VIT_14s0030g02180	Vitvi05_01chr14g08120	10.4.8	mapman:Redox homeostasis.ascorbate-based redox regulation.ascorbate metabolism
VIT_15s0046g03520	Vitvi05_01chr15g20410	10.4.8	mapman:Redox homeostasis.ascorbate-based redox regulation.ascorbate metabolism
VIT_19s0090g01000	Vitvi05_01chr19g09070	10.4.8	mapman:Redox homeostasis.ascorbate-based redox regulation.ascorbate metabolism
VIT_03s0088g01250	Vitvi05_01chr03g12120	10.4.8.1	mapman:Redox homeostasis.ascorbate-based redox regulation.ascorbate metabolism.L-galactose biosynthesis pathway
VIT_05s0020g04510	Vitvi05_01chr05g09140	10.4.8.1	mapman:Redox homeostasis.ascorbate-based redox regulation.ascorbate metabolism.L-galactose biosynthesis pathway
VIT_13s0019g02330	Vitvi05_01chr13g05450	10.4.8.1	mapman:Redox homeostasis.ascorbate-based redox regulation.ascorbate metabolism.L-galactose biosynthesis pathway
VIT_14s0030g02180	Vitvi05_01chr14g08120	10.4.8.1	mapman:Redox homeostasis.ascorbate-based redox regulation.ascorbate metabolism.L-galactose biosynthesis pathway
VIT_15s0046g03520	Vitvi05_01chr15g20410	10.4.8.1	mapman:Redox homeostasis.ascorbate-based redox regulation.ascorbate metabolism.L-galactose biosynthesis pathway
VIT_19s0090g01000	Vitvi05_01chr19g09070	10.4.8.1	mapman:Redox homeostasis.ascorbate-based redox regulation.ascorbate metabolism.L-galactose biosynthesis pathway
VIT_15s0046g03520	Vitvi05_01chr15g20410	10.4.8.1.2	mapman:Redox homeostasis.ascorbate-based redox regulation.ascorbate metabolism.L-galactose biosynthesis pathway.phosphomannomutase *(PMM)
VIT_13s0019g02330	Vitvi05_01chr13g05450	10.4.8.1.3	mapman:Redox homeostasis.ascorbate-based redox regulation.ascorbate metabolism.L-galactose biosynthesis pathway.GDP-D-mannose pyrophosphorylase *(VTC1)
VIT_05s0020g04510	Vitvi05_01chr05g09140	10.4.8.1.4	mapman:Redox homeostasis.ascorbate-based redox regulation.ascorbate metabolism.L-galactose biosynthesis pathway.GDP-D-mannose-epimerase *(GME)
VIT_14s0030g02180	Vitvi05_01chr14g08120	10.4.8.1.4	mapman:Redox homeostasis.ascorbate-based redox regulation.ascorbate metabolism.L-galactose biosynthesis pathway.GDP-D-mannose-epimerase *(GME)
VIT_19s0090g01000	Vitvi05_01chr19g09070	10.4.8.1.5	mapman:Redox homeostasis.ascorbate-based redox regulation.ascorbate metabolism.L-galactose biosynthesis pathway.GDP-L-galactose phosphorylase *(VTC2/5)
VIT_03s0088g01250	Vitvi05_01chr03g12120	10.4.8.1.7	mapman:Redox homeostasis.ascorbate-based redox regulation.ascorbate metabolism.L-galactose biosynthesis pathway.L-galactose dehydrogenase *(GalDH)
VIT_13s0074g00040	Vitvi05_01chr13g10100	10.5	mapman:Redox homeostasis.tocopherol biosynthesis
VIT_16s0039g01410	Vitvi05_01chr16g01080	10.5	mapman:Redox homeostasis.tocopherol biosynthesis
VIT_19s0014g02190	Vitvi05_01chr19g03080	10.5	mapman:Redox homeostasis.tocopherol biosynthesis
VIT_19s0014g02190	Vitvi05_01chr19g03080	10.5.1	mapman:Redox homeostasis.tocopherol biosynthesis.tyrosine aminotransferase
VIT_16s0039g01410	Vitvi05_01chr16g01080	10.5.6	mapman:Redox homeostasis.tocopherol biosynthesis.gamma-tocopherol methyltransferase *(VTE4/TMT)
VIT_13s0074g00040	Vitvi05_01chr13g10100	10.5.7	mapman:Redox homeostasis.tocopherol biosynthesis.phytol kinase *(VTE5)
VIT_19s0014g02830	Vitvi05_01chr19g03820	10.6	mapman:Redox homeostasis.reactive oxygen-induced signalling
VIT_19s0014g02830	Vitvi05_01chr19g03820	10.6.1	mapman:Redox homeostasis.reactive oxygen-induced signalling.reactive oxygen (ROS) generation
VIT_19s0014g02830	Vitvi05_01chr19g03820	10.6.1.1	mapman:Redox homeostasis.reactive oxygen-induced signalling.reactive oxygen (ROS) generation.NADPH-oxidase *(Rboh)
VIT_01s0127g00740	Vitvi05_01chr01g11370	10.7	mapman:Redox homeostasis.reactive electrophilic lipid homeostasis
VIT_05s0020g03170	Vitvi05_01chr05g07150	10.7	mapman:Redox homeostasis.reactive electrophilic lipid homeostasis
VIT_05s0020g03170	Vitvi05_01chr05g07150	10.7.1	mapman:Redox homeostasis.reactive electrophilic lipid homeostasis.oxylipin generation
VIT_05s0020g03170	Vitvi05_01chr05g07150	10.7.1.1	mapman:Redox homeostasis.reactive electrophilic lipid homeostasis.oxylipin generation.9-lipoxygenase
VIT_01s0127g00740	Vitvi05_01chr01g11370	10.7.2	mapman:Redox homeostasis.reactive electrophilic lipid homeostasis.oxylipin carbonyl degradation
VIT_01s0127g00740	Vitvi05_01chr01g11370	10.7.2.2	mapman:Redox homeostasis.reactive electrophilic lipid homeostasis.oxylipin carbonyl degradation.plastidial alkenal/alkenone oxidoreductase *(AOR)
VIT_00s0225g00230	Vitvi05_01chr01g10290	11	mapman:Phytohormone action
VIT_00s1542g00010	Vitvi05_01chr07g27360	11	mapman:Phytohormone action
VIT_00s2086g00010	Vitvi05_01chr10g02480	11	mapman:Phytohormone action
VIT_01s0011g03400	Vitvi05_01chr01g04180	11	mapman:Phytohormone action
VIT_01s0150g00300	Vitvi05_01chr01g24840	11	mapman:Phytohormone action
VIT_02s0012g01270	Vitvi05_01chr02g11700	11	mapman:Phytohormone action
VIT_02s0025g00360	Vitvi05_01chr02g00380	11	mapman:Phytohormone action
VIT_02s0025g02970	Vitvi05_01chr02g03380	11	mapman:Phytohormone action
VIT_02s0087g00710	Vitvi05_01chr02g19170	11	mapman:Phytohormone action
VIT_03s0038g02140	Vitvi05_01chr03g02070	11	mapman:Phytohormone action
VIT_03s0088g00700	Vitvi05_01chr03g11570	11	mapman:Phytohormone action
VIT_03s0088g00710	Vitvi05_01chr03g11580	11	mapman:Phytohormone action
VIT_03s0088g00810	Vitvi05_01chr03g11650	11	mapman:Phytohormone action
VIT_04s0008g01880	Vitvi05_01chr04g02140	11	mapman:Phytohormone action
VIT_04s0008g01970	Vitvi05_01chr04g02220	11	mapman:Phytohormone action
VIT_04s0023g00320	Vitvi05_01chr04g16050	11	mapman:Phytohormone action
VIT_04s0023g02650	Vitvi05_01chr04g19270	11	mapman:Phytohormone action
VIT_04s0043g00160	Vitvi05_01chr04g13450	11	mapman:Phytohormone action
VIT_04s0044g01850	Vitvi05_01chr04g25210	11	mapman:Phytohormone action
VIT_04s0044g01860	Vitvi05_01chr04g25220	11	mapman:Phytohormone action
VIT_04s0044g01870	Vitvi05_01chr04g25240	11	mapman:Phytohormone action
VIT_04s0044g01880	Vitvi05_01chr04g25250	11	mapman:Phytohormone action
VIT_05s0020g04690	Vitvi05_01chr05g09330	11	mapman:Phytohormone action
VIT_05s0062g01120	Vitvi05_01chr05g20450	11	mapman:Phytohormone action
VIT_05s0077g00520	Vitvi05_01chr05g02480	11	mapman:Phytohormone action
VIT_06s0004g00590	Vitvi05_01chr06g00980	11	mapman:Phytohormone action
VIT_06s0004g01510	Vitvi05_01chr06g02410	11	mapman:Phytohormone action
VIT_06s0004g07880	Vitvi05_01chr06g11400	11	mapman:Phytohormone action
VIT_06s0061g01290	Vitvi05_01chr06g20590	11	mapman:Phytohormone action
VIT_07s0005g00090	Vitvi05_01chr07g04800	11	mapman:Phytohormone action
VIT_07s0129g00580	Vitvi05_01chr07g26930	11	mapman:Phytohormone action
VIT_07s0129g00660	Vitvi05_01chr07g26990	11	mapman:Phytohormone action
VIT_07s0129g00870	Vitvi05_01chr07g27230	11	mapman:Phytohormone action
VIT_07s0129g00960	Vitvi05_01chr07g27320	11	mapman:Phytohormone action
VIT_07s0129g00970	Vitvi05_01chr07g27350	11	mapman:Phytohormone action
VIT_07s0151g01070	Vitvi05_01chr07g02330	11	mapman:Phytohormone action
VIT_08s0007g01520	Vitvi05_01chr08g15150	11	mapman:Phytohormone action
VIT_08s0007g02030	Vitvi05_01chr08g15900	11	mapman:Phytohormone action
VIT_08s0007g02290	Vitvi05_01chr08g16260	11	mapman:Phytohormone action
VIT_08s0007g05860	Vitvi05_01chr08g20890	11	mapman:Phytohormone action
VIT_08s0007g08540	Vitvi05_01chr08g24250	11	mapman:Phytohormone action
VIT_08s0056g01240	Vitvi05_01chr08g01740	11	mapman:Phytohormone action
VIT_08s0105g00380	Vitvi05_01chr08g05700	11	mapman:Phytohormone action
VIT_09s0002g03520	Vitvi05_01chr09g04010	11	mapman:Phytohormone action
VIT_09s0002g04080	Vitvi05_01chr09g04690	11	mapman:Phytohormone action
VIT_09s0002g05150	Vitvi05_01chr09g06200	11	mapman:Phytohormone action
VIT_10s0003g00330	Vitvi05_01chr10g09040	11	mapman:Phytohormone action
VIT_10s0003g03490	Vitvi05_01chr10g13890	11	mapman:Phytohormone action
VIT_10s0116g01040	Vitvi05_01chr10g00860	11	mapman:Phytohormone action
VIT_11s0016g02110	Vitvi05_01chr11g02410	11	mapman:Phytohormone action
VIT_11s0016g02380	Vitvi05_01chr11g02760	11	mapman:Phytohormone action
VIT_11s0016g04810	Vitvi05_01chr11g05900	11	mapman:Phytohormone action
VIT_11s0052g01650	Vitvi05_01chr11g18890	11	mapman:Phytohormone action
VIT_12s0028g03060	Vitvi05_01chr12g04240	11	mapman:Phytohormone action
VIT_13s0064g01480	Vitvi05_01chr13g27350	11	mapman:Phytohormone action
VIT_13s0067g00110	Vitvi05_01chr13g00080	11	mapman:Phytohormone action
VIT_13s0067g00330	Vitvi05_01chr13g00230	11	mapman:Phytohormone action
VIT_13s0067g00990	Vitvi05_01chr13g00680	11	mapman:Phytohormone action
VIT_13s0067g03070	Vitvi05_01chr13g02430	11	mapman:Phytohormone action
VIT_13s0067g03780	Vitvi05_01chr13g03060	11	mapman:Phytohormone action
VIT_13s0084g00240	Vitvi05_01chr13g19870	11	mapman:Phytohormone action
VIT_14s0006g02880	Vitvi05_01chr14g17670	11	mapman:Phytohormone action
VIT_14s0068g00010	Vitvi05_01chr14g20530	11	mapman:Phytohormone action
VIT_14s0068g00030	Vitvi05_01chr14g20540	11	mapman:Phytohormone action
VIT_14s0068g02120	Vitvi05_01chr14g23480	11	mapman:Phytohormone action
VIT_14s0081g00010	Vitvi05_01chr14g08310	11	mapman:Phytohormone action
VIT_14s0083g00110	Vitvi05_01chr14g18550	11	mapman:Phytohormone action
VIT_14s0083g01110	Vitvi05_01chr14g20220	11	mapman:Phytohormone action
VIT_14s0108g00430	Vitvi05_01chr14g28990	11	mapman:Phytohormone action
VIT_14s0128g00320	Vitvi05_01chr14g04300	11	mapman:Phytohormone action
VIT_14s0171g00360	Vitvi05_01chr14g24420	11	mapman:Phytohormone action
VIT_15s0021g01060	Vitvi05_01chr15g08870	11	mapman:Phytohormone action
VIT_16s0013g01990	Vitvi05_01chr16g07000	11	mapman:Phytohormone action
VIT_16s0050g01020	Vitvi05_01chr16g16230	11	mapman:Phytohormone action
VIT_16s0098g01640	Vitvi05_01chr16g21950	11	mapman:Phytohormone action
VIT_17s0000g01490	Vitvi05_01chr17g01730	11	mapman:Phytohormone action
VIT_17s0000g06210	Vitvi05_01chr17g08830	11	mapman:Phytohormone action
VIT_17s0000g07580	Vitvi05_01chr17g11190	11	mapman:Phytohormone action
VIT_18s0001g00290	Vitvi05_01chr18g01720	11	mapman:Phytohormone action
VIT_18s0001g02540	Vitvi05_01chr18g03930	11	mapman:Phytohormone action
VIT_18s0001g02570	Vitvi05_01chr18g03950	11	mapman:Phytohormone action
VIT_18s0001g08090	Vitvi05_01chr18g08610	11	mapman:Phytohormone action
VIT_18s0001g08230	Vitvi05_01chr18g08820	11	mapman:Phytohormone action
VIT_18s0001g08240	Vitvi05_01chr18g08830	11	mapman:Phytohormone action
VIT_18s0001g09140	Vitvi05_01chr18g09980	11	mapman:Phytohormone action
VIT_18s0001g10500	Vitvi05_01chr18g11920	11	mapman:Phytohormone action
VIT_18s0001g10690	Vitvi05_01chr18g12140	11	mapman:Phytohormone action
VIT_18s0001g11320	Vitvi05_01chr18g12910	11	mapman:Phytohormone action
VIT_18s0001g11630	Vitvi05_01chr18g13290	11	mapman:Phytohormone action
VIT_18s0001g12020	Vitvi05_01chr18g13780	11	mapman:Phytohormone action
VIT_18s0001g13200	Vitvi05_01chr18g15360	11	mapman:Phytohormone action
VIT_18s0072g01110	Vitvi05_01chr18g25490	11	mapman:Phytohormone action
VIT_18s0122g00620	Vitvi05_01chr18g00640	11	mapman:Phytohormone action
VIT_19s0140g00140	Vitvi05_01chr19g16180	11	mapman:Phytohormone action
VIT_02s0012g01270	Vitvi05_01chr02g11700	11.1	mapman:Phytohormone action.abscisic acid
VIT_02s0087g00710	Vitvi05_01chr02g19170	11.1	mapman:Phytohormone action.abscisic acid
VIT_08s0007g08540	Vitvi05_01chr08g24250	11.1	mapman:Phytohormone action.abscisic acid
VIT_14s0006g02880	Vitvi05_01chr14g17670	11.1	mapman:Phytohormone action.abscisic acid
VIT_14s0171g00360	Vitvi05_01chr14g24420	11.1	mapman:Phytohormone action.abscisic acid
VIT_18s0001g10500	Vitvi05_01chr18g11920	11.1	mapman:Phytohormone action.abscisic acid
VIT_18s0122g00620	Vitvi05_01chr18g00640	11.1	mapman:Phytohormone action.abscisic acid
VIT_14s0006g02880	Vitvi05_01chr14g17670	11.1.1	mapman:Phytohormone action.abscisic acid.biosynthesis
VIT_14s0006g02880	Vitvi05_01chr14g17670	11.1.1.2	mapman:Phytohormone action.abscisic acid.biosynthesis.neoxanthin synthase *(ABA4)
VIT_02s0012g01270	Vitvi05_01chr02g11700	11.1.2	mapman:Phytohormone action.abscisic acid.perception and signalling
VIT_08s0007g08540	Vitvi05_01chr08g24250	11.1.2	mapman:Phytohormone action.abscisic acid.perception and signalling
VIT_14s0171g00360	Vitvi05_01chr14g24420	11.1.2	mapman:Phytohormone action.abscisic acid.perception and signalling
VIT_02s0012g01270	Vitvi05_01chr02g11700	11.1.2.1	mapman:Phytohormone action.abscisic acid.perception and signalling.receptor activities
VIT_08s0007g08540	Vitvi05_01chr08g24250	11.1.2.1	mapman:Phytohormone action.abscisic acid.perception and signalling.receptor activities
VIT_02s0012g01270	Vitvi05_01chr02g11700	11.1.2.1.1	mapman:Phytohormone action.abscisic acid.perception and signalling.receptor activities.cytoplasm-localized receptor complex
VIT_02s0012g01270	Vitvi05_01chr02g11700	11.1.2.1.1.1	mapman:Phytohormone action.abscisic acid.perception and signalling.receptor activities.cytoplasm-localized receptor complex.receptor component *(PYL/RCAR)
VIT_08s0007g08540	Vitvi05_01chr08g24250	11.1.2.1.5	mapman:Phytohormone action.abscisic acid.perception and signalling.receptor activities.perception modulator *(ABAR)
VIT_14s0171g00360	Vitvi05_01chr14g24420	11.1.2.2	mapman:Phytohormone action.abscisic acid.perception and signalling.signal transduction
VIT_14s0171g00360	Vitvi05_01chr14g24420	11.1.2.2.5	mapman:Phytohormone action.abscisic acid.perception and signalling.signal transduction.transcriptional repressor *(AITR)
VIT_02s0087g00710	Vitvi05_01chr02g19170	11.1.3	mapman:Phytohormone action.abscisic acid.conjugation and degradation
VIT_18s0001g10500	Vitvi05_01chr18g11920	11.1.3	mapman:Phytohormone action.abscisic acid.conjugation and degradation
VIT_18s0122g00620	Vitvi05_01chr18g00640	11.1.3	mapman:Phytohormone action.abscisic acid.conjugation and degradation
VIT_02s0087g00710	Vitvi05_01chr02g19170	11.1.3.1	mapman:Phytohormone action.abscisic acid.conjugation and degradation.abscisic acid hydroxylase *(CYP707A)
VIT_18s0001g10500	Vitvi05_01chr18g11920	11.1.3.1	mapman:Phytohormone action.abscisic acid.conjugation and degradation.abscisic acid hydroxylase *(CYP707A)
VIT_18s0122g00620	Vitvi05_01chr18g00640	11.1.3.3	mapman:Phytohormone action.abscisic acid.conjugation and degradation.phaseic acid reductase *(CRL1/2)
VIT_00s1542g00010	Vitvi05_01chr07g27360	11.11	mapman:Phytohormone action.signalling peptides
VIT_03s0088g00700	Vitvi05_01chr03g11570	11.11	mapman:Phytohormone action.signalling peptides
VIT_03s0088g00710	Vitvi05_01chr03g11580	11.11	mapman:Phytohormone action.signalling peptides
VIT_03s0088g00810	Vitvi05_01chr03g11650	11.11	mapman:Phytohormone action.signalling peptides
VIT_04s0008g01970	Vitvi05_01chr04g02220	11.11	mapman:Phytohormone action.signalling peptides
VIT_06s0004g07880	Vitvi05_01chr06g11400	11.11	mapman:Phytohormone action.signalling peptides
VIT_06s0061g01290	Vitvi05_01chr06g20590	11.11	mapman:Phytohormone action.signalling peptides
VIT_07s0129g00580	Vitvi05_01chr07g26930	11.11	mapman:Phytohormone action.signalling peptides
VIT_07s0129g00870	Vitvi05_01chr07g27230	11.11	mapman:Phytohormone action.signalling peptides
VIT_07s0129g00960	Vitvi05_01chr07g27320	11.11	mapman:Phytohormone action.signalling peptides
VIT_07s0129g00970	Vitvi05_01chr07g27350	11.11	mapman:Phytohormone action.signalling peptides
VIT_08s0007g05860	Vitvi05_01chr08g20890	11.11	mapman:Phytohormone action.signalling peptides
VIT_08s0056g01240	Vitvi05_01chr08g01740	11.11	mapman:Phytohormone action.signalling peptides
VIT_10s0003g00330	Vitvi05_01chr10g09040	11.11	mapman:Phytohormone action.signalling peptides
VIT_10s0116g01040	Vitvi05_01chr10g00860	11.11	mapman:Phytohormone action.signalling peptides
VIT_11s0052g01650	Vitvi05_01chr11g18890	11.11	mapman:Phytohormone action.signalling peptides
VIT_12s0028g03060	Vitvi05_01chr12g04240	11.11	mapman:Phytohormone action.signalling peptides
VIT_13s0067g03780	Vitvi05_01chr13g03060	11.11	mapman:Phytohormone action.signalling peptides
VIT_14s0068g00010	Vitvi05_01chr14g20530	11.11	mapman:Phytohormone action.signalling peptides
VIT_14s0068g00030	Vitvi05_01chr14g20540	11.11	mapman:Phytohormone action.signalling peptides
VIT_16s0013g01990	Vitvi05_01chr16g07000	11.11	mapman:Phytohormone action.signalling peptides
VIT_16s0050g01020	Vitvi05_01chr16g16230	11.11	mapman:Phytohormone action.signalling peptides
VIT_16s0098g01640	Vitvi05_01chr16g21950	11.11	mapman:Phytohormone action.signalling peptides
VIT_17s0000g06210	Vitvi05_01chr17g08830	11.11	mapman:Phytohormone action.signalling peptides
VIT_18s0001g08230	Vitvi05_01chr18g08820	11.11	mapman:Phytohormone action.signalling peptides
VIT_18s0001g08240	Vitvi05_01chr18g08830	11.11	mapman:Phytohormone action.signalling peptides
VIT_18s0072g01110	Vitvi05_01chr18g25490	11.11	mapman:Phytohormone action.signalling peptides
VIT_03s0088g00700	Vitvi05_01chr03g11570	11.11.1	mapman:Phytohormone action.signalling peptides.NCRP (non-cysteine-rich-peptide) category
VIT_03s0088g00710	Vitvi05_01chr03g11580	11.11.1	mapman:Phytohormone action.signalling peptides.NCRP (non-cysteine-rich-peptide) category
VIT_03s0088g00810	Vitvi05_01chr03g11650	11.11.1	mapman:Phytohormone action.signalling peptides.NCRP (non-cysteine-rich-peptide) category
VIT_06s0061g01290	Vitvi05_01chr06g20590	11.11.1	mapman:Phytohormone action.signalling peptides.NCRP (non-cysteine-rich-peptide) category
VIT_08s0056g01240	Vitvi05_01chr08g01740	11.11.1	mapman:Phytohormone action.signalling peptides.NCRP (non-cysteine-rich-peptide) category
VIT_10s0003g00330	Vitvi05_01chr10g09040	11.11.1	mapman:Phytohormone action.signalling peptides.NCRP (non-cysteine-rich-peptide) category
VIT_11s0052g01650	Vitvi05_01chr11g18890	11.11.1	mapman:Phytohormone action.signalling peptides.NCRP (non-cysteine-rich-peptide) category
VIT_12s0028g03060	Vitvi05_01chr12g04240	11.11.1	mapman:Phytohormone action.signalling peptides.NCRP (non-cysteine-rich-peptide) category
VIT_16s0013g01990	Vitvi05_01chr16g07000	11.11.1	mapman:Phytohormone action.signalling peptides.NCRP (non-cysteine-rich-peptide) category
VIT_16s0098g01640	Vitvi05_01chr16g21950	11.11.1	mapman:Phytohormone action.signalling peptides.NCRP (non-cysteine-rich-peptide) category
VIT_18s0001g08230	Vitvi05_01chr18g08820	11.11.1	mapman:Phytohormone action.signalling peptides.NCRP (non-cysteine-rich-peptide) category
VIT_18s0001g08240	Vitvi05_01chr18g08830	11.11.1	mapman:Phytohormone action.signalling peptides.NCRP (non-cysteine-rich-peptide) category
VIT_18s0001g08230	Vitvi05_01chr18g08820	11.11.1.1	mapman:Phytohormone action.signalling peptides.NCRP (non-cysteine-rich-peptide) category.PIP/PIPL-peptide activity
VIT_18s0001g08230	Vitvi05_01chr18g08820	11.11.1.1.2	mapman:Phytohormone action.signalling peptides.NCRP (non-cysteine-rich-peptide) category.PIP/PIPL-peptide activity.PIP/PIPL peptide receptor *(RLK7)
VIT_08s0056g01240	Vitvi05_01chr08g01740	11.11.1.12	mapman:Phytohormone action.signalling peptides.NCRP (non-cysteine-rich-peptide) category.PSY-peptide activity
VIT_16s0098g01640	Vitvi05_01chr16g21950	11.11.1.12	mapman:Phytohormone action.signalling peptides.NCRP (non-cysteine-rich-peptide) category.PSY-peptide activity
VIT_08s0056g01240	Vitvi05_01chr08g01740	11.11.1.12.1	mapman:Phytohormone action.signalling peptides.NCRP (non-cysteine-rich-peptide) category.PSY-peptide activity.PSY precursor polypeptide
VIT_16s0098g01640	Vitvi05_01chr16g21950	11.11.1.12.1	mapman:Phytohormone action.signalling peptides.NCRP (non-cysteine-rich-peptide) category.PSY-peptide activity.PSY precursor polypeptide
VIT_03s0088g00700	Vitvi05_01chr03g11570	11.11.1.13	mapman:Phytohormone action.signalling peptides.NCRP (non-cysteine-rich-peptide) category.CAPE-peptide activity
VIT_03s0088g00710	Vitvi05_01chr03g11580	11.11.1.13	mapman:Phytohormone action.signalling peptides.NCRP (non-cysteine-rich-peptide) category.CAPE-peptide activity
VIT_03s0088g00810	Vitvi05_01chr03g11650	11.11.1.13	mapman:Phytohormone action.signalling peptides.NCRP (non-cysteine-rich-peptide) category.CAPE-peptide activity
VIT_11s0052g01650	Vitvi05_01chr11g18890	11.11.1.13	mapman:Phytohormone action.signalling peptides.NCRP (non-cysteine-rich-peptide) category.CAPE-peptide activity
VIT_03s0088g00700	Vitvi05_01chr03g11570	11.11.1.13.1	mapman:Phytohormone action.signalling peptides.NCRP (non-cysteine-rich-peptide) category.CAPE-peptide activity.CAPE precursor polypeptide
VIT_03s0088g00710	Vitvi05_01chr03g11580	11.11.1.13.1	mapman:Phytohormone action.signalling peptides.NCRP (non-cysteine-rich-peptide) category.CAPE-peptide activity.CAPE precursor polypeptide
VIT_03s0088g00810	Vitvi05_01chr03g11650	11.11.1.13.1	mapman:Phytohormone action.signalling peptides.NCRP (non-cysteine-rich-peptide) category.CAPE-peptide activity.CAPE precursor polypeptide
VIT_11s0052g01650	Vitvi05_01chr11g18890	11.11.1.13.1	mapman:Phytohormone action.signalling peptides.NCRP (non-cysteine-rich-peptide) category.CAPE-peptide activity.CAPE precursor polypeptide
VIT_06s0061g01290	Vitvi05_01chr06g20590	11.11.1.2	mapman:Phytohormone action.signalling peptides.NCRP (non-cysteine-rich-peptide) category.phytosulfokine activity
VIT_06s0061g01290	Vitvi05_01chr06g20590	11.11.1.2.1	mapman:Phytohormone action.signalling peptides.NCRP (non-cysteine-rich-peptide) category.phytosulfokine activity.pythosulfokine precursor polypeptide *(PSK)
VIT_18s0001g08240	Vitvi05_01chr18g08830	11.11.1.3	mapman:Phytohormone action.signalling peptides.NCRP (non-cysteine-rich-peptide) category.CEP-peptide activity
VIT_18s0001g08240	Vitvi05_01chr18g08830	11.11.1.3.2	mapman:Phytohormone action.signalling peptides.NCRP (non-cysteine-rich-peptide) category.CEP-peptide activity.CEP-peptide receptor *(CEPR)
VIT_10s0003g00330	Vitvi05_01chr10g09040	11.11.1.5	mapman:Phytohormone action.signalling peptides.NCRP (non-cysteine-rich-peptide) category.IDL-peptide activity
VIT_12s0028g03060	Vitvi05_01chr12g04240	11.11.1.5	mapman:Phytohormone action.signalling peptides.NCRP (non-cysteine-rich-peptide) category.IDL-peptide activity
VIT_10s0003g00330	Vitvi05_01chr10g09040	11.11.1.5.2	mapman:Phytohormone action.signalling peptides.NCRP (non-cysteine-rich-peptide) category.IDL-peptide activity.IDA/IDL-peptide receptor kinase *(HAESA)
VIT_12s0028g03060	Vitvi05_01chr12g04240	11.11.1.5.2	mapman:Phytohormone action.signalling peptides.NCRP (non-cysteine-rich-peptide) category.IDL-peptide activity.IDA/IDL-peptide receptor kinase *(HAESA)
VIT_16s0013g01990	Vitvi05_01chr16g07000	11.11.1.8	mapman:Phytohormone action.signalling peptides.NCRP (non-cysteine-rich-peptide) category.CLE-TDIF-peptide activity
VIT_16s0013g01990	Vitvi05_01chr16g07000	11.11.1.8.2	mapman:Phytohormone action.signalling peptides.NCRP (non-cysteine-rich-peptide) category.CLE-TDIF-peptide activity.TDIF-peptide receptor *(PXY)
VIT_00s1542g00010	Vitvi05_01chr07g27360	11.11.2	mapman:Phytohormone action.signalling peptides.CRP (cysteine-rich-peptide) category
VIT_04s0008g01970	Vitvi05_01chr04g02220	11.11.2	mapman:Phytohormone action.signalling peptides.CRP (cysteine-rich-peptide) category
VIT_06s0004g07880	Vitvi05_01chr06g11400	11.11.2	mapman:Phytohormone action.signalling peptides.CRP (cysteine-rich-peptide) category
VIT_07s0129g00580	Vitvi05_01chr07g26930	11.11.2	mapman:Phytohormone action.signalling peptides.CRP (cysteine-rich-peptide) category
VIT_07s0129g00870	Vitvi05_01chr07g27230	11.11.2	mapman:Phytohormone action.signalling peptides.CRP (cysteine-rich-peptide) category
VIT_07s0129g00960	Vitvi05_01chr07g27320	11.11.2	mapman:Phytohormone action.signalling peptides.CRP (cysteine-rich-peptide) category
VIT_07s0129g00970	Vitvi05_01chr07g27350	11.11.2	mapman:Phytohormone action.signalling peptides.CRP (cysteine-rich-peptide) category
VIT_08s0007g05860	Vitvi05_01chr08g20890	11.11.2	mapman:Phytohormone action.signalling peptides.CRP (cysteine-rich-peptide) category
VIT_10s0116g01040	Vitvi05_01chr10g00860	11.11.2	mapman:Phytohormone action.signalling peptides.CRP (cysteine-rich-peptide) category
VIT_13s0067g03780	Vitvi05_01chr13g03060	11.11.2	mapman:Phytohormone action.signalling peptides.CRP (cysteine-rich-peptide) category
VIT_14s0068g00010	Vitvi05_01chr14g20530	11.11.2	mapman:Phytohormone action.signalling peptides.CRP (cysteine-rich-peptide) category
VIT_14s0068g00030	Vitvi05_01chr14g20540	11.11.2	mapman:Phytohormone action.signalling peptides.CRP (cysteine-rich-peptide) category
VIT_16s0050g01020	Vitvi05_01chr16g16230	11.11.2	mapman:Phytohormone action.signalling peptides.CRP (cysteine-rich-peptide) category
VIT_17s0000g06210	Vitvi05_01chr17g08830	11.11.2	mapman:Phytohormone action.signalling peptides.CRP (cysteine-rich-peptide) category
VIT_18s0072g01110	Vitvi05_01chr18g25490	11.11.2	mapman:Phytohormone action.signalling peptides.CRP (cysteine-rich-peptide) category
VIT_07s0129g00580	Vitvi05_01chr07g26930	11.11.2.1	mapman:Phytohormone action.signalling peptides.CRP (cysteine-rich-peptide) category.GASA/GAST-peptide activity
VIT_08s0007g05860	Vitvi05_01chr08g20890	11.11.2.1	mapman:Phytohormone action.signalling peptides.CRP (cysteine-rich-peptide) category.GASA/GAST-peptide activity
VIT_17s0000g06210	Vitvi05_01chr17g08830	11.11.2.1	mapman:Phytohormone action.signalling peptides.CRP (cysteine-rich-peptide) category.GASA/GAST-peptide activity
VIT_18s0072g01110	Vitvi05_01chr18g25490	11.11.2.1	mapman:Phytohormone action.signalling peptides.CRP (cysteine-rich-peptide) category.GASA/GAST-peptide activity
VIT_07s0129g00580	Vitvi05_01chr07g26930	11.11.2.1.1	mapman:Phytohormone action.signalling peptides.CRP (cysteine-rich-peptide) category.GASA/GAST-peptide activity.GASA-precursor polypeptide
VIT_08s0007g05860	Vitvi05_01chr08g20890	11.11.2.1.1	mapman:Phytohormone action.signalling peptides.CRP (cysteine-rich-peptide) category.GASA/GAST-peptide activity.GASA-precursor polypeptide
VIT_17s0000g06210	Vitvi05_01chr17g08830	11.11.2.1.1	mapman:Phytohormone action.signalling peptides.CRP (cysteine-rich-peptide) category.GASA/GAST-peptide activity.GASA-precursor polypeptide
VIT_18s0072g01110	Vitvi05_01chr18g25490	11.11.2.1.1	mapman:Phytohormone action.signalling peptides.CRP (cysteine-rich-peptide) category.GASA/GAST-peptide activity.GASA-precursor polypeptide
VIT_10s0116g01040	Vitvi05_01chr10g00860	11.11.2.2	mapman:Phytohormone action.signalling peptides.CRP (cysteine-rich-peptide) category.STIG1-peptide activity
VIT_10s0116g01040	Vitvi05_01chr10g00860	11.11.2.2.1	mapman:Phytohormone action.signalling peptides.CRP (cysteine-rich-peptide) category.STIG1-peptide activity.STIG1/GRI-precursor polypeptide
VIT_04s0008g01970	Vitvi05_01chr04g02220	11.11.2.3	mapman:Phytohormone action.signalling peptides.CRP (cysteine-rich-peptide) category.EPF/EPFL-peptide activity
VIT_06s0004g07880	Vitvi05_01chr06g11400	11.11.2.3	mapman:Phytohormone action.signalling peptides.CRP (cysteine-rich-peptide) category.EPF/EPFL-peptide activity
VIT_06s0004g07880	Vitvi05_01chr06g11400	11.11.2.3.1	mapman:Phytohormone action.signalling peptides.CRP (cysteine-rich-peptide) category.EPF/EPFL-peptide activity.EPF/EPFL-precursor polypeptide
VIT_04s0008g01970	Vitvi05_01chr04g02220	11.11.2.3.2	mapman:Phytohormone action.signalling peptides.CRP (cysteine-rich-peptide) category.EPF/EPFL-peptide activity.ERF-peptide receptor *(ER)
VIT_00s1542g00010	Vitvi05_01chr07g27360	11.11.2.4	mapman:Phytohormone action.signalling peptides.CRP (cysteine-rich-peptide) category.RALF/RALFL-peptide activity
VIT_07s0129g00870	Vitvi05_01chr07g27230	11.11.2.4	mapman:Phytohormone action.signalling peptides.CRP (cysteine-rich-peptide) category.RALF/RALFL-peptide activity
VIT_07s0129g00960	Vitvi05_01chr07g27320	11.11.2.4	mapman:Phytohormone action.signalling peptides.CRP (cysteine-rich-peptide) category.RALF/RALFL-peptide activity
VIT_07s0129g00970	Vitvi05_01chr07g27350	11.11.2.4	mapman:Phytohormone action.signalling peptides.CRP (cysteine-rich-peptide) category.RALF/RALFL-peptide activity
VIT_13s0067g03780	Vitvi05_01chr13g03060	11.11.2.4	mapman:Phytohormone action.signalling peptides.CRP (cysteine-rich-peptide) category.RALF/RALFL-peptide activity
VIT_14s0068g00010	Vitvi05_01chr14g20530	11.11.2.4	mapman:Phytohormone action.signalling peptides.CRP (cysteine-rich-peptide) category.RALF/RALFL-peptide activity
VIT_14s0068g00030	Vitvi05_01chr14g20540	11.11.2.4	mapman:Phytohormone action.signalling peptides.CRP (cysteine-rich-peptide) category.RALF/RALFL-peptide activity
VIT_16s0050g01020	Vitvi05_01chr16g16230	11.11.2.4	mapman:Phytohormone action.signalling peptides.CRP (cysteine-rich-peptide) category.RALF/RALFL-peptide activity
VIT_00s1542g00010	Vitvi05_01chr07g27360	11.11.2.4.2	mapman:Phytohormone action.signalling peptides.CRP (cysteine-rich-peptide) category.RALF/RALFL-peptide activity.RALF-peptide receptor *(CrRLK1L)
VIT_07s0129g00870	Vitvi05_01chr07g27230	11.11.2.4.2	mapman:Phytohormone action.signalling peptides.CRP (cysteine-rich-peptide) category.RALF/RALFL-peptide activity.RALF-peptide receptor *(CrRLK1L)
VIT_07s0129g00960	Vitvi05_01chr07g27320	11.11.2.4.2	mapman:Phytohormone action.signalling peptides.CRP (cysteine-rich-peptide) category.RALF/RALFL-peptide activity.RALF-peptide receptor *(CrRLK1L)
VIT_07s0129g00970	Vitvi05_01chr07g27350	11.11.2.4.2	mapman:Phytohormone action.signalling peptides.CRP (cysteine-rich-peptide) category.RALF/RALFL-peptide activity.RALF-peptide receptor *(CrRLK1L)
VIT_13s0067g03780	Vitvi05_01chr13g03060	11.11.2.4.2	mapman:Phytohormone action.signalling peptides.CRP (cysteine-rich-peptide) category.RALF/RALFL-peptide activity.RALF-peptide receptor *(CrRLK1L)
VIT_14s0068g00010	Vitvi05_01chr14g20530	11.11.2.4.2	mapman:Phytohormone action.signalling peptides.CRP (cysteine-rich-peptide) category.RALF/RALFL-peptide activity.RALF-peptide receptor *(CrRLK1L)
VIT_14s0068g00030	Vitvi05_01chr14g20540	11.11.2.4.2	mapman:Phytohormone action.signalling peptides.CRP (cysteine-rich-peptide) category.RALF/RALFL-peptide activity.RALF-peptide receptor *(CrRLK1L)
VIT_16s0050g01020	Vitvi05_01chr16g16230	11.11.2.4.2	mapman:Phytohormone action.signalling peptides.CRP (cysteine-rich-peptide) category.RALF/RALFL-peptide activity.RALF-peptide receptor *(CrRLK1L)
VIT_00s0225g00230	Vitvi05_01chr01g10290	11.2	mapman:Phytohormone action.auxin
VIT_01s0150g00300	Vitvi05_01chr01g24840	11.2	mapman:Phytohormone action.auxin
VIT_03s0038g02140	Vitvi05_01chr03g02070	11.2	mapman:Phytohormone action.auxin
VIT_04s0023g00320	Vitvi05_01chr04g16050	11.2	mapman:Phytohormone action.auxin
VIT_04s0043g00160	Vitvi05_01chr04g13450	11.2	mapman:Phytohormone action.auxin
VIT_04s0044g01850	Vitvi05_01chr04g25210	11.2	mapman:Phytohormone action.auxin
VIT_04s0044g01860	Vitvi05_01chr04g25220	11.2	mapman:Phytohormone action.auxin
VIT_04s0044g01870	Vitvi05_01chr04g25240	11.2	mapman:Phytohormone action.auxin
VIT_04s0044g01880	Vitvi05_01chr04g25250	11.2	mapman:Phytohormone action.auxin
VIT_05s0020g04690	Vitvi05_01chr05g09330	11.2	mapman:Phytohormone action.auxin
VIT_05s0062g01120	Vitvi05_01chr05g20450	11.2	mapman:Phytohormone action.auxin
VIT_07s0005g00090	Vitvi05_01chr07g04800	11.2	mapman:Phytohormone action.auxin
VIT_07s0129g00660	Vitvi05_01chr07g26990	11.2	mapman:Phytohormone action.auxin
VIT_08s0007g02030	Vitvi05_01chr08g15900	11.2	mapman:Phytohormone action.auxin
VIT_08s0007g02290	Vitvi05_01chr08g16260	11.2	mapman:Phytohormone action.auxin
VIT_09s0002g04080	Vitvi05_01chr09g04690	11.2	mapman:Phytohormone action.auxin
VIT_09s0002g05150	Vitvi05_01chr09g06200	11.2	mapman:Phytohormone action.auxin
VIT_13s0067g00330	Vitvi05_01chr13g00230	11.2	mapman:Phytohormone action.auxin
VIT_14s0081g00010	Vitvi05_01chr14g08310	11.2	mapman:Phytohormone action.auxin
VIT_14s0108g00430	Vitvi05_01chr14g28990	11.2	mapman:Phytohormone action.auxin
VIT_14s0128g00320	Vitvi05_01chr14g04300	11.2	mapman:Phytohormone action.auxin
VIT_18s0001g02570	Vitvi05_01chr18g03950	11.2	mapman:Phytohormone action.auxin
VIT_18s0001g08090	Vitvi05_01chr18g08610	11.2	mapman:Phytohormone action.auxin
VIT_00s0225g00230	Vitvi05_01chr01g10290	11.2.1	mapman:Phytohormone action.auxin.biosynthesis
VIT_14s0128g00320	Vitvi05_01chr14g04300	11.2.1	mapman:Phytohormone action.auxin.biosynthesis
VIT_00s0225g00230	Vitvi05_01chr01g10290	11.2.1.1	mapman:Phytohormone action.auxin.biosynthesis.indole-3-pyruvic acid (IPyA) pathway
VIT_00s0225g00230	Vitvi05_01chr01g10290	11.2.1.1.1	mapman:Phytohormone action.auxin.biosynthesis.indole-3-pyruvic acid (IPyA) pathway.tryptophan aminotransferase
VIT_14s0128g00320	Vitvi05_01chr14g04300	11.2.1.2	mapman:Phytohormone action.auxin.biosynthesis.indole-3-acetamide (IAM) pathway
VIT_14s0128g00320	Vitvi05_01chr14g04300	11.2.1.2.1	mapman:Phytohormone action.auxin.biosynthesis.indole-3-acetamide (IAM) pathway.indole-3-acetamide hydrolase
VIT_04s0043g00160	Vitvi05_01chr04g13450	11.2.2	mapman:Phytohormone action.auxin.perception and signal transduction
VIT_05s0020g04690	Vitvi05_01chr05g09330	11.2.2	mapman:Phytohormone action.auxin.perception and signal transduction
VIT_08s0007g02290	Vitvi05_01chr08g16260	11.2.2	mapman:Phytohormone action.auxin.perception and signal transduction
VIT_09s0002g04080	Vitvi05_01chr09g04690	11.2.2	mapman:Phytohormone action.auxin.perception and signal transduction
VIT_09s0002g05150	Vitvi05_01chr09g06200	11.2.2	mapman:Phytohormone action.auxin.perception and signal transduction
VIT_14s0081g00010	Vitvi05_01chr14g08310	11.2.2	mapman:Phytohormone action.auxin.perception and signal transduction
VIT_18s0001g08090	Vitvi05_01chr18g08610	11.2.2	mapman:Phytohormone action.auxin.perception and signal transduction
VIT_05s0020g04690	Vitvi05_01chr05g09330	11.2.2.2	mapman:Phytohormone action.auxin.perception and signal transduction.transcriptional repressor *(IAA/AUX)
VIT_09s0002g04080	Vitvi05_01chr09g04690	11.2.2.2	mapman:Phytohormone action.auxin.perception and signal transduction.transcriptional repressor *(IAA/AUX)
VIT_09s0002g05150	Vitvi05_01chr09g06200	11.2.2.2	mapman:Phytohormone action.auxin.perception and signal transduction.transcriptional repressor *(IAA/AUX)
VIT_14s0081g00010	Vitvi05_01chr14g08310	11.2.2.2	mapman:Phytohormone action.auxin.perception and signal transduction.transcriptional repressor *(IAA/AUX)
VIT_18s0001g08090	Vitvi05_01chr18g08610	11.2.2.2	mapman:Phytohormone action.auxin.perception and signal transduction.transcriptional repressor *(IAA/AUX)
VIT_04s0043g00160	Vitvi05_01chr04g13450	11.2.2.5	mapman:Phytohormone action.auxin.perception and signal transduction.receptor complex
VIT_08s0007g02290	Vitvi05_01chr08g16260	11.2.2.5	mapman:Phytohormone action.auxin.perception and signal transduction.receptor complex
VIT_04s0043g00160	Vitvi05_01chr04g13450	11.2.2.5.2	mapman:Phytohormone action.auxin.perception and signal transduction.receptor complex.protein kinase component *(TMK)
VIT_08s0007g02290	Vitvi05_01chr08g16260	11.2.2.5.2	mapman:Phytohormone action.auxin.perception and signal transduction.receptor complex.protein kinase component *(TMK)
VIT_01s0150g00300	Vitvi05_01chr01g24840	11.2.3	mapman:Phytohormone action.auxin.conjugation and degradation
VIT_07s0005g00090	Vitvi05_01chr07g04800	11.2.3	mapman:Phytohormone action.auxin.conjugation and degradation
VIT_07s0129g00660	Vitvi05_01chr07g26990	11.2.3	mapman:Phytohormone action.auxin.conjugation and degradation
VIT_18s0001g02570	Vitvi05_01chr18g03950	11.2.3	mapman:Phytohormone action.auxin.conjugation and degradation
VIT_01s0150g00300	Vitvi05_01chr01g24840	11.2.3.1	mapman:Phytohormone action.auxin.conjugation and degradation.indole-3-acetic acid-amido synthetase *(GH3)
VIT_07s0005g00090	Vitvi05_01chr07g04800	11.2.3.1	mapman:Phytohormone action.auxin.conjugation and degradation.indole-3-acetic acid-amido synthetase *(GH3)
VIT_07s0129g00660	Vitvi05_01chr07g26990	11.2.3.1	mapman:Phytohormone action.auxin.conjugation and degradation.indole-3-acetic acid-amido synthetase *(GH3)
VIT_18s0001g02570	Vitvi05_01chr18g03950	11.2.3.3	mapman:Phytohormone action.auxin.conjugation and degradation.indole-3-acetic acid amidohydrolase *(ILR)
VIT_03s0038g02140	Vitvi05_01chr03g02070	11.2.4	mapman:Phytohormone action.auxin.transport
VIT_04s0023g00320	Vitvi05_01chr04g16050	11.2.4	mapman:Phytohormone action.auxin.transport
VIT_04s0044g01850	Vitvi05_01chr04g25210	11.2.4	mapman:Phytohormone action.auxin.transport
VIT_04s0044g01860	Vitvi05_01chr04g25220	11.2.4	mapman:Phytohormone action.auxin.transport
VIT_04s0044g01870	Vitvi05_01chr04g25240	11.2.4	mapman:Phytohormone action.auxin.transport
VIT_04s0044g01880	Vitvi05_01chr04g25250	11.2.4	mapman:Phytohormone action.auxin.transport
VIT_05s0062g01120	Vitvi05_01chr05g20450	11.2.4	mapman:Phytohormone action.auxin.transport
VIT_08s0007g02030	Vitvi05_01chr08g15900	11.2.4	mapman:Phytohormone action.auxin.transport
VIT_13s0067g00330	Vitvi05_01chr13g00230	11.2.4	mapman:Phytohormone action.auxin.transport
VIT_14s0108g00430	Vitvi05_01chr14g28990	11.2.4	mapman:Phytohormone action.auxin.transport
VIT_04s0023g00320	Vitvi05_01chr04g16050	11.2.4.1	mapman:Phytohormone action.auxin.transport.polar auxin transport system
VIT_05s0062g01120	Vitvi05_01chr05g20450	11.2.4.1	mapman:Phytohormone action.auxin.transport.polar auxin transport system
VIT_04s0023g00320	Vitvi05_01chr04g16050	11.2.4.1.1	mapman:Phytohormone action.auxin.transport.polar auxin transport system.auxin transporter *(PIN)
VIT_05s0062g01120	Vitvi05_01chr05g20450	11.2.4.1.1	mapman:Phytohormone action.auxin.transport.polar auxin transport system.auxin transporter *(PIN)
VIT_03s0038g02140	Vitvi05_01chr03g02070	11.2.4.2	mapman:Phytohormone action.auxin.transport.auxin influx
VIT_08s0007g02030	Vitvi05_01chr08g15900	11.2.4.2	mapman:Phytohormone action.auxin.transport.auxin influx
VIT_13s0067g00330	Vitvi05_01chr13g00230	11.2.4.2	mapman:Phytohormone action.auxin.transport.auxin influx
VIT_03s0038g02140	Vitvi05_01chr03g02070	11.2.4.2.1	mapman:Phytohormone action.auxin.transport.auxin influx.auxin transporter *(AUX/LAX)
VIT_08s0007g02030	Vitvi05_01chr08g15900	11.2.4.2.1	mapman:Phytohormone action.auxin.transport.auxin influx.auxin transporter *(AUX/LAX)
VIT_13s0067g00330	Vitvi05_01chr13g00230	11.2.4.2.1	mapman:Phytohormone action.auxin.transport.auxin influx.auxin transporter *(AUX/LAX)
VIT_04s0044g01850	Vitvi05_01chr04g25210	11.2.4.3	mapman:Phytohormone action.auxin.transport.auxin efflux
VIT_04s0044g01860	Vitvi05_01chr04g25220	11.2.4.3	mapman:Phytohormone action.auxin.transport.auxin efflux
VIT_04s0044g01870	Vitvi05_01chr04g25240	11.2.4.3	mapman:Phytohormone action.auxin.transport.auxin efflux
VIT_04s0044g01880	Vitvi05_01chr04g25250	11.2.4.3	mapman:Phytohormone action.auxin.transport.auxin efflux
VIT_14s0108g00430	Vitvi05_01chr14g28990	11.2.4.3	mapman:Phytohormone action.auxin.transport.auxin efflux
VIT_04s0044g01850	Vitvi05_01chr04g25210	11.2.4.3.1	mapman:Phytohormone action.auxin.transport.auxin efflux.auxin efflux transporter *(PILS)
VIT_04s0044g01860	Vitvi05_01chr04g25220	11.2.4.3.1	mapman:Phytohormone action.auxin.transport.auxin efflux.auxin efflux transporter *(PILS)
VIT_04s0044g01870	Vitvi05_01chr04g25240	11.2.4.3.1	mapman:Phytohormone action.auxin.transport.auxin efflux.auxin efflux transporter *(PILS)
VIT_04s0044g01880	Vitvi05_01chr04g25250	11.2.4.3.1	mapman:Phytohormone action.auxin.transport.auxin efflux.auxin efflux transporter *(PILS)
VIT_14s0108g00430	Vitvi05_01chr14g28990	11.2.4.3.2	mapman:Phytohormone action.auxin.transport.auxin efflux.auxin efflux transporter *(ABCB19)
VIT_04s0023g02650	Vitvi05_01chr04g19270	11.3	mapman:Phytohormone action.brassinosteroid
VIT_08s0007g01520	Vitvi05_01chr08g15150	11.3	mapman:Phytohormone action.brassinosteroid
VIT_11s0016g04810	Vitvi05_01chr11g05900	11.3	mapman:Phytohormone action.brassinosteroid
VIT_14s0083g01110	Vitvi05_01chr14g20220	11.3	mapman:Phytohormone action.brassinosteroid
VIT_18s0001g10690	Vitvi05_01chr18g12140	11.3	mapman:Phytohormone action.brassinosteroid
VIT_18s0001g12020	Vitvi05_01chr18g13780	11.3	mapman:Phytohormone action.brassinosteroid
VIT_04s0023g02650	Vitvi05_01chr04g19270	11.3.1	mapman:Phytohormone action.brassinosteroid.biosynthesis
VIT_14s0083g01110	Vitvi05_01chr14g20220	11.3.1	mapman:Phytohormone action.brassinosteroid.biosynthesis
VIT_04s0023g02650	Vitvi05_01chr04g19270	11.3.1.4	mapman:Phytohormone action.brassinosteroid.biosynthesis.3-epi-6-deoxocathasterone 23-monooxygenase
VIT_14s0083g01110	Vitvi05_01chr14g20220	11.3.1.5	mapman:Phytohormone action.brassinosteroid.biosynthesis.6-deoxocastasterone 6-oxidase *(BR6OX)
VIT_08s0007g01520	Vitvi05_01chr08g15150	11.3.2	mapman:Phytohormone action.brassinosteroid.perception and signal transduction
VIT_18s0001g10690	Vitvi05_01chr18g12140	11.3.2	mapman:Phytohormone action.brassinosteroid.perception and signal transduction
VIT_18s0001g12020	Vitvi05_01chr18g13780	11.3.2	mapman:Phytohormone action.brassinosteroid.perception and signal transduction
VIT_08s0007g01520	Vitvi05_01chr08g15150	11.3.2.1	mapman:Phytohormone action.brassinosteroid.perception and signal transduction.receptor complex
VIT_18s0001g10690	Vitvi05_01chr18g12140	11.3.2.1	mapman:Phytohormone action.brassinosteroid.perception and signal transduction.receptor complex
VIT_18s0001g10690	Vitvi05_01chr18g12140	11.3.2.1.3	mapman:Phytohormone action.brassinosteroid.perception and signal transduction.receptor complex.kinase-regulatory protein *(BKI1)
VIT_08s0007g01520	Vitvi05_01chr08g15150	11.3.2.1.5	mapman:Phytohormone action.brassinosteroid.perception and signal transduction.receptor complex.signalling protein kinase *(BSK)
VIT_18s0001g12020	Vitvi05_01chr18g13780	11.3.2.4	mapman:Phytohormone action.brassinosteroid.perception and signal transduction.transcription factor *(BES/BZR)
VIT_11s0016g04810	Vitvi05_01chr11g05900	11.3.3	mapman:Phytohormone action.brassinosteroid.conjugation and degradation
VIT_11s0016g04810	Vitvi05_01chr11g05900	11.3.3.2	mapman:Phytohormone action.brassinosteroid.conjugation and degradation.brassinosteroid hydroxylase *(CYP72B)
VIT_04s0008g01880	Vitvi05_01chr04g02140	11.4	mapman:Phytohormone action.cytokinin
VIT_06s0004g00590	Vitvi05_01chr06g00980	11.4	mapman:Phytohormone action.cytokinin
VIT_09s0002g03520	Vitvi05_01chr09g04010	11.4	mapman:Phytohormone action.cytokinin
VIT_11s0016g02110	Vitvi05_01chr11g02410	11.4	mapman:Phytohormone action.cytokinin
VIT_13s0067g03070	Vitvi05_01chr13g02430	11.4	mapman:Phytohormone action.cytokinin
VIT_17s0000g07580	Vitvi05_01chr17g11190	11.4	mapman:Phytohormone action.cytokinin
VIT_18s0001g02540	Vitvi05_01chr18g03930	11.4	mapman:Phytohormone action.cytokinin
VIT_18s0001g13200	Vitvi05_01chr18g15360	11.4	mapman:Phytohormone action.cytokinin
VIT_06s0004g00590	Vitvi05_01chr06g00980	11.4.1	mapman:Phytohormone action.cytokinin.biosynthesis
VIT_06s0004g00590	Vitvi05_01chr06g00980	11.4.1.3	mapman:Phytohormone action.cytokinin.biosynthesis.cytokinin phosphoribohydrolase *(LOG)
VIT_09s0002g03520	Vitvi05_01chr09g04010	11.4.2	mapman:Phytohormone action.cytokinin.perception and signal transduction
VIT_13s0067g03070	Vitvi05_01chr13g02430	11.4.2	mapman:Phytohormone action.cytokinin.perception and signal transduction
VIT_17s0000g07580	Vitvi05_01chr17g11190	11.4.2	mapman:Phytohormone action.cytokinin.perception and signal transduction
VIT_18s0001g02540	Vitvi05_01chr18g03930	11.4.2	mapman:Phytohormone action.cytokinin.perception and signal transduction
VIT_09s0002g03520	Vitvi05_01chr09g04010	11.4.2.2	mapman:Phytohormone action.cytokinin.perception and signal transduction.signal transducer *(AHP)
VIT_13s0067g03070	Vitvi05_01chr13g02430	11.4.2.6	mapman:Phytohormone action.cytokinin.perception and signal transduction.A-type ARR response regulator
VIT_17s0000g07580	Vitvi05_01chr17g11190	11.4.2.6	mapman:Phytohormone action.cytokinin.perception and signal transduction.A-type ARR response regulator
VIT_18s0001g02540	Vitvi05_01chr18g03930	11.4.2.6	mapman:Phytohormone action.cytokinin.perception and signal transduction.A-type ARR response regulator
VIT_04s0008g01880	Vitvi05_01chr04g02140	11.4.3	mapman:Phytohormone action.cytokinin.conjugation and degradation
VIT_11s0016g02110	Vitvi05_01chr11g02410	11.4.3	mapman:Phytohormone action.cytokinin.conjugation and degradation
VIT_18s0001g13200	Vitvi05_01chr18g15360	11.4.3	mapman:Phytohormone action.cytokinin.conjugation and degradation
VIT_04s0008g01880	Vitvi05_01chr04g02140	11.4.3.2	mapman:Phytohormone action.cytokinin.conjugation and degradation.cytokinin dehydrogenase *(CKX)
VIT_11s0016g02110	Vitvi05_01chr11g02410	11.4.3.2	mapman:Phytohormone action.cytokinin.conjugation and degradation.cytokinin dehydrogenase *(CKX)
VIT_18s0001g13200	Vitvi05_01chr18g15360	11.4.3.2	mapman:Phytohormone action.cytokinin.conjugation and degradation.cytokinin dehydrogenase *(CKX)
VIT_00s2086g00010	Vitvi05_01chr10g02480	11.5	mapman:Phytohormone action.ethylene
VIT_02s0025g00360	Vitvi05_01chr02g00380	11.5	mapman:Phytohormone action.ethylene
VIT_11s0016g02380	Vitvi05_01chr11g02760	11.5	mapman:Phytohormone action.ethylene
VIT_00s2086g00010	Vitvi05_01chr10g02480	11.5.1	mapman:Phytohormone action.ethylene.biosynthesis
VIT_02s0025g00360	Vitvi05_01chr02g00380	11.5.1	mapman:Phytohormone action.ethylene.biosynthesis
VIT_11s0016g02380	Vitvi05_01chr11g02760	11.5.1	mapman:Phytohormone action.ethylene.biosynthesis
VIT_02s0025g00360	Vitvi05_01chr02g00380	11.5.1.1	mapman:Phytohormone action.ethylene.biosynthesis.1-aminocyclopropane-1-carboxylate (ACC) synthase
VIT_00s2086g00010	Vitvi05_01chr10g02480	11.5.1.2	mapman:Phytohormone action.ethylene.biosynthesis.1-aminocyclopropane-1-carboxylate (ACC) oxidase
VIT_11s0016g02380	Vitvi05_01chr11g02760	11.5.1.2	mapman:Phytohormone action.ethylene.biosynthesis.1-aminocyclopropane-1-carboxylate (ACC) oxidase
VIT_01s0011g03400	Vitvi05_01chr01g04180	11.6	mapman:Phytohormone action.gibberellin
VIT_05s0077g00520	Vitvi05_01chr05g02480	11.6	mapman:Phytohormone action.gibberellin
VIT_07s0151g01070	Vitvi05_01chr07g02330	11.6	mapman:Phytohormone action.gibberellin
VIT_10s0003g03490	Vitvi05_01chr10g13890	11.6	mapman:Phytohormone action.gibberellin
VIT_13s0067g00110	Vitvi05_01chr13g00080	11.6	mapman:Phytohormone action.gibberellin
VIT_15s0021g01060	Vitvi05_01chr15g08870	11.6	mapman:Phytohormone action.gibberellin
VIT_18s0001g11320	Vitvi05_01chr18g12910	11.6	mapman:Phytohormone action.gibberellin
VIT_19s0140g00140	Vitvi05_01chr19g16180	11.6	mapman:Phytohormone action.gibberellin
VIT_07s0151g01070	Vitvi05_01chr07g02330	11.6.1	mapman:Phytohormone action.gibberellin.biosynthesis
VIT_18s0001g11320	Vitvi05_01chr18g12910	11.6.1	mapman:Phytohormone action.gibberellin.biosynthesis
VIT_07s0151g01070	Vitvi05_01chr07g02330	11.6.1.1	mapman:Phytohormone action.gibberellin.biosynthesis.ent-copalyl diphosphate synthase
VIT_18s0001g11320	Vitvi05_01chr18g12910	11.6.1.4	mapman:Phytohormone action.gibberellin.biosynthesis.ent-kaurenoic acid oxidase *(KO1)
VIT_05s0077g00520	Vitvi05_01chr05g02480	11.6.3	mapman:Phytohormone action.gibberellin.conjugation and degradation
VIT_10s0003g03490	Vitvi05_01chr10g13890	11.6.3	mapman:Phytohormone action.gibberellin.conjugation and degradation
VIT_13s0067g00110	Vitvi05_01chr13g00080	11.6.3	mapman:Phytohormone action.gibberellin.conjugation and degradation
VIT_15s0021g01060	Vitvi05_01chr15g08870	11.6.3	mapman:Phytohormone action.gibberellin.conjugation and degradation
VIT_19s0140g00140	Vitvi05_01chr19g16180	11.6.3	mapman:Phytohormone action.gibberellin.conjugation and degradation
VIT_13s0067g00110	Vitvi05_01chr13g00080	11.6.3.1	mapman:Phytohormone action.gibberellin.conjugation and degradation.gibberellin modification enzyme *(ELA)
VIT_15s0021g01060	Vitvi05_01chr15g08870	11.6.3.1	mapman:Phytohormone action.gibberellin.conjugation and degradation.gibberellin modification enzyme *(ELA)
VIT_05s0077g00520	Vitvi05_01chr05g02480	11.6.3.4	mapman:Phytohormone action.gibberellin.conjugation and degradation.gibberellin 2-oxidase *(Ga2-Ox)
VIT_10s0003g03490	Vitvi05_01chr10g13890	11.6.3.4	mapman:Phytohormone action.gibberellin.conjugation and degradation.gibberellin 2-oxidase *(Ga2-Ox)
VIT_19s0140g00140	Vitvi05_01chr19g16180	11.6.3.4	mapman:Phytohormone action.gibberellin.conjugation and degradation.gibberellin 2-oxidase *(Ga2-Ox)
VIT_01s0011g03400	Vitvi05_01chr01g04180	11.6.4	mapman:Phytohormone action.gibberellin.transport
VIT_01s0011g03400	Vitvi05_01chr01g04180	11.6.4.1	mapman:Phytohormone action.gibberellin.transport.multi-functional transporter *(NPF3-1)
VIT_06s0004g01510	Vitvi05_01chr06g02410	11.7	mapman:Phytohormone action.jasmonic acid
VIT_08s0105g00380	Vitvi05_01chr08g05700	11.7	mapman:Phytohormone action.jasmonic acid
VIT_13s0064g01480	Vitvi05_01chr13g27350	11.7	mapman:Phytohormone action.jasmonic acid
VIT_13s0084g00240	Vitvi05_01chr13g19870	11.7	mapman:Phytohormone action.jasmonic acid
VIT_14s0068g02120	Vitvi05_01chr14g23480	11.7	mapman:Phytohormone action.jasmonic acid
VIT_14s0083g00110	Vitvi05_01chr14g18550	11.7	mapman:Phytohormone action.jasmonic acid
VIT_17s0000g01490	Vitvi05_01chr17g01730	11.7	mapman:Phytohormone action.jasmonic acid
VIT_18s0001g00290	Vitvi05_01chr18g01720	11.7	mapman:Phytohormone action.jasmonic acid
VIT_18s0001g11630	Vitvi05_01chr18g13290	11.7	mapman:Phytohormone action.jasmonic acid
VIT_06s0004g01510	Vitvi05_01chr06g02410	11.7.1	mapman:Phytohormone action.jasmonic acid.biosynthesis
VIT_13s0064g01480	Vitvi05_01chr13g27350	11.7.1	mapman:Phytohormone action.jasmonic acid.biosynthesis
VIT_14s0083g00110	Vitvi05_01chr14g18550	11.7.1	mapman:Phytohormone action.jasmonic acid.biosynthesis
VIT_18s0001g00290	Vitvi05_01chr18g01720	11.7.1	mapman:Phytohormone action.jasmonic acid.biosynthesis
VIT_18s0001g11630	Vitvi05_01chr18g13290	11.7.1	mapman:Phytohormone action.jasmonic acid.biosynthesis
VIT_06s0004g01510	Vitvi05_01chr06g02410	11.7.1.2	mapman:Phytohormone action.jasmonic acid.biosynthesis.13-lipoxygenase *(LOX)
VIT_13s0064g01480	Vitvi05_01chr13g27350	11.7.1.2	mapman:Phytohormone action.jasmonic acid.biosynthesis.13-lipoxygenase *(LOX)
VIT_18s0001g11630	Vitvi05_01chr18g13290	11.7.1.3	mapman:Phytohormone action.jasmonic acid.biosynthesis.allene oxidase synthase *(AOS)
VIT_14s0083g00110	Vitvi05_01chr14g18550	11.7.1.4	mapman:Phytohormone action.jasmonic acid.biosynthesis.allene oxidase cyclase *(AOC)
VIT_18s0001g00290	Vitvi05_01chr18g01720	11.7.1.8	mapman:Phytohormone action.jasmonic acid.biosynthesis.OPC-8:CoA synthetase *(ACS)
VIT_08s0105g00380	Vitvi05_01chr08g05700	11.7.3	mapman:Phytohormone action.jasmonic acid.conjugation and degradation
VIT_13s0084g00240	Vitvi05_01chr13g19870	11.7.3	mapman:Phytohormone action.jasmonic acid.conjugation and degradation
VIT_14s0068g02120	Vitvi05_01chr14g23480	11.7.3	mapman:Phytohormone action.jasmonic acid.conjugation and degradation
VIT_17s0000g01490	Vitvi05_01chr17g01730	11.7.3	mapman:Phytohormone action.jasmonic acid.conjugation and degradation
VIT_14s0068g02120	Vitvi05_01chr14g23480	11.7.3.4	mapman:Phytohormone action.jasmonic acid.conjugation and degradation.jasmonoyl-amino acid hydroxylase *(CYP94B)
VIT_17s0000g01490	Vitvi05_01chr17g01730	11.7.3.4	mapman:Phytohormone action.jasmonic acid.conjugation and degradation.jasmonoyl-amino acid hydroxylase *(CYP94B)
VIT_08s0105g00380	Vitvi05_01chr08g05700	11.7.3.5	mapman:Phytohormone action.jasmonic acid.conjugation and degradation.jasmonic acid oxidase *(JOX/JAO)
VIT_13s0084g00240	Vitvi05_01chr13g19870	11.7.3.6	mapman:Phytohormone action.jasmonic acid.conjugation and degradation.jasmonate sulfotransferase *(ST2)
VIT_02s0025g02970	Vitvi05_01chr02g03380	11.8	mapman:Phytohormone action.salicylic acid
VIT_02s0025g02970	Vitvi05_01chr02g03380	11.8.3	mapman:Phytohormone action.salicylic acid.conjugation and degradation
VIT_02s0025g02970	Vitvi05_01chr02g03380	11.8.3.1	mapman:Phytohormone action.salicylic acid.conjugation and degradation.salicylic acid 3-hydroxylase *(DLO)
VIT_13s0067g00990	Vitvi05_01chr13g00680	11.9	mapman:Phytohormone action.strigolactone
VIT_18s0001g09140	Vitvi05_01chr18g09980	11.9	mapman:Phytohormone action.strigolactone
VIT_13s0067g00990	Vitvi05_01chr13g00680	11.9.2	mapman:Phytohormone action.strigolactone.perception and signal transduction
VIT_18s0001g09140	Vitvi05_01chr18g09980	11.9.2	mapman:Phytohormone action.strigolactone.perception and signal transduction
VIT_18s0001g09140	Vitvi05_01chr18g09980	11.9.2.1	mapman:Phytohormone action.strigolactone.perception and signal transduction.strigolactone receptor protein *(D14)
VIT_13s0067g00990	Vitvi05_01chr13g00680	11.9.2.3	mapman:Phytohormone action.strigolactone.perception and signal transduction.regulatory protein *(SMXL6/7)
VIT_00s0225g00010	Vitvi05_01chr01g09940	12	mapman:Chromatin organisation
VIT_00s0301g00100	Vitvi05_01chr10g07350	12	mapman:Chromatin organisation
VIT_01s0011g00610	Vitvi05_01chr01g00770	12	mapman:Chromatin organisation
VIT_01s0011g03670	Vitvi05_01chr01g04510	12	mapman:Chromatin organisation
VIT_03s0091g00430	Vitvi05_01chr03g09570	12	mapman:Chromatin organisation
VIT_04s0023g03130	Vitvi05_01chr04g19930	12	mapman:Chromatin organisation
VIT_04s0023g03240	Vitvi05_01chr04g20080	12	mapman:Chromatin organisation
VIT_14s0060g00570	Vitvi05_01chr14g00710	12	mapman:Chromatin organisation
VIT_14s0060g01530	Vitvi05_01chr14g01840	12	mapman:Chromatin organisation
VIT_18s0001g11970	Vitvi05_01chr18g13730	12	mapman:Chromatin organisation
VIT_04s0023g03130	Vitvi05_01chr04g19930	12.1	mapman:Chromatin organisation.chromatin structure
VIT_04s0023g03130	Vitvi05_01chr04g19930	12.1.2	mapman:Chromatin organisation.chromatin structure.DNA bridging
VIT_04s0023g03130	Vitvi05_01chr04g19930	12.1.2.1	mapman:Chromatin organisation.chromatin structure.DNA bridging.linker histone *(H1)
VIT_14s0060g00570	Vitvi05_01chr14g00710	12.2	mapman:Chromatin organisation.histone chaperone activities
VIT_14s0060g00570	Vitvi05_01chr14g00710	12.2.2	mapman:Chromatin organisation.histone chaperone activities.FACT histone chaperone complex
VIT_14s0060g00570	Vitvi05_01chr14g00710	12.2.2.1	mapman:Chromatin organisation.histone chaperone activities.FACT histone chaperone complex.component *(SPT16)
VIT_01s0011g00610	Vitvi05_01chr01g00770	12.3	mapman:Chromatin organisation.post-translational histone modification
VIT_04s0023g03240	Vitvi05_01chr04g20080	12.3	mapman:Chromatin organisation.post-translational histone modification
VIT_18s0001g11970	Vitvi05_01chr18g13730	12.3	mapman:Chromatin organisation.post-translational histone modification
VIT_01s0011g00610	Vitvi05_01chr01g00770	12.3.2	mapman:Chromatin organisation.post-translational histone modification.histone acetylation
VIT_04s0023g03240	Vitvi05_01chr04g20080	12.3.2	mapman:Chromatin organisation.post-translational histone modification.histone acetylation
VIT_18s0001g11970	Vitvi05_01chr18g13730	12.3.2	mapman:Chromatin organisation.post-translational histone modification.histone acetylation
VIT_01s0011g00610	Vitvi05_01chr01g00770	12.3.2.1	mapman:Chromatin organisation.post-translational histone modification.histone acetylation.NuA4 histone acetyltransferase complex
VIT_04s0023g03240	Vitvi05_01chr04g20080	12.3.2.1	mapman:Chromatin organisation.post-translational histone modification.histone acetylation.NuA4 histone acetyltransferase complex
VIT_01s0011g00610	Vitvi05_01chr01g00770	12.3.2.1.3	mapman:Chromatin organisation.post-translational histone modification.histone acetylation.NuA4 histone acetyltransferase complex.TINTIN module
VIT_01s0011g00610	Vitvi05_01chr01g00770	12.3.2.1.3.1	mapman:Chromatin organisation.post-translational histone modification.histone acetylation.NuA4 histone acetyltransferase complex.TINTIN module.component *(EAF7)
VIT_04s0023g03240	Vitvi05_01chr04g20080	12.3.2.1.4	mapman:Chromatin organisation.post-translational histone modification.histone acetylation.NuA4 histone acetyltransferase complex.module shared with SWR1 complexes
VIT_04s0023g03240	Vitvi05_01chr04g20080	12.3.2.1.4.2	mapman:Chromatin organisation.post-translational histone modification.histone acetylation.NuA4 histone acetyltransferase complex.module shared with SWR1 complexes.component *(YAF9)
VIT_18s0001g11970	Vitvi05_01chr18g13730	12.3.2.3	mapman:Chromatin organisation.post-translational histone modification.histone acetylation.HD1-type histone deacetylase family
VIT_18s0001g11970	Vitvi05_01chr18g13730	12.3.2.3.1	mapman:Chromatin organisation.post-translational histone modification.histone acetylation.HD1-type histone deacetylase family.class-I histone deacetylase activities
VIT_18s0001g11970	Vitvi05_01chr18g13730	12.3.2.3.1.2	mapman:Chromatin organisation.post-translational histone modification.histone acetylation.HD1-type histone deacetylase family.class-I histone deacetylase activities.HDA19 histone deacetylase complex
VIT_18s0001g11970	Vitvi05_01chr18g13730	12.3.2.3.1.2.4	mapman:Chromatin organisation.post-translational histone modification.histone acetylation.HD1-type histone deacetylase family.class-I histone deacetylase activities.HDA19 histone deacetylase complex.associated component *(AFR)
VIT_04s0023g03240	Vitvi05_01chr04g20080	12.4	mapman:Chromatin organisation.nucleosome remodeling
VIT_04s0023g03240	Vitvi05_01chr04g20080	12.4.4	mapman:Chromatin organisation.nucleosome remodeling.SWR1 chromatin remodeling complex
VIT_04s0023g03240	Vitvi05_01chr04g20080	12.4.4.7	mapman:Chromatin organisation.nucleosome remodeling.SWR1 chromatin remodeling complex.module shared with NuA4 complexes
VIT_04s0023g03240	Vitvi05_01chr04g20080	12.4.4.7.2	mapman:Chromatin organisation.nucleosome remodeling.SWR1 chromatin remodeling complex.module shared with NuA4 complexes.component *(YAF9)
VIT_00s0301g00100	Vitvi05_01chr10g07350	12.6	mapman:Chromatin organisation.DNA homeostasis
VIT_01s0011g03670	Vitvi05_01chr01g04510	12.6	mapman:Chromatin organisation.DNA homeostasis
VIT_00s0301g00100	Vitvi05_01chr10g07350	12.6.2	mapman:Chromatin organisation.DNA homeostasis.bifunctional ssDNA & RNA endonuclease *(ENDO)
VIT_01s0011g03670	Vitvi05_01chr01g04510	12.6.2	mapman:Chromatin organisation.DNA homeostasis.bifunctional ssDNA & RNA endonuclease *(ENDO)
VIT_00s0225g00010	Vitvi05_01chr01g09940	12.7	mapman:Chromatin organisation.organelle machinery
VIT_03s0091g00430	Vitvi05_01chr03g09570	12.7	mapman:Chromatin organisation.organelle machinery
VIT_14s0060g01530	Vitvi05_01chr14g01840	12.7	mapman:Chromatin organisation.organelle machinery
VIT_03s0091g00430	Vitvi05_01chr03g09570	12.7.1	mapman:Chromatin organisation.organelle machinery.SWI-B chromatin-remodeling complexes
VIT_03s0091g00430	Vitvi05_01chr03g09570	12.7.1.1	mapman:Chromatin organisation.organelle machinery.SWI-B chromatin-remodeling complexes.component *(SWIB)
VIT_00s0225g00010	Vitvi05_01chr01g09940	12.7.2	mapman:Chromatin organisation.organelle machinery.plastid nucleoid-associated activities
VIT_00s0225g00010	Vitvi05_01chr01g09940	12.7.2.2	mapman:Chromatin organisation.organelle machinery.plastid nucleoid-associated activities.regulatory protein *(TCP34)
VIT_14s0060g01530	Vitvi05_01chr14g01840	12.7.3	mapman:Chromatin organisation.organelle machinery.DNA homeostasis
VIT_14s0060g01530	Vitvi05_01chr14g01840	12.7.3.1	mapman:Chromatin organisation.organelle machinery.DNA homeostasis.DNA exonuclease *(DPD1)
VIT_00s0194g00280	Vitvi05_01chr10g03600	13	mapman:Cell division
VIT_00s0203g00160	Vitvi05_01chr10g06670	13	mapman:Cell division
VIT_00s0225g00120	Vitvi05_01chr01g10100	13	mapman:Cell division
VIT_03s0038g02800	Vitvi05_01chr03g02750	13	mapman:Cell division
VIT_03s0091g01060	Vitvi05_01chr03g10410	13	mapman:Cell division
VIT_07s0129g00200	Vitvi05_01chr07g26410	13	mapman:Cell division
VIT_10s0003g04560	Vitvi05_01chr10g15860	13	mapman:Cell division
VIT_13s0019g01840	Vitvi05_01chr13g04860	13	mapman:Cell division
VIT_15s0021g01280	Vitvi05_01chr15g09050	13	mapman:Cell division
VIT_16s0013g00630	Vitvi05_01chr16g04760	13	mapman:Cell division
VIT_17s0000g05210	Vitvi05_01chr17g07470	13	mapman:Cell division
VIT_18s0001g09920	Vitvi05_01chr18g11140	13	mapman:Cell division
VIT_19s0090g01230	Vitvi05_01chr19g09300	13	mapman:Cell division
VIT_00s0194g00280	Vitvi05_01chr10g03600	13.2	mapman:Cell division.cell cycle organisation
VIT_00s0203g00160	Vitvi05_01chr10g06670	13.2	mapman:Cell division.cell cycle organisation
VIT_00s0225g00120	Vitvi05_01chr01g10100	13.2	mapman:Cell division.cell cycle organisation
VIT_03s0038g02800	Vitvi05_01chr03g02750	13.2	mapman:Cell division.cell cycle organisation
VIT_03s0091g01060	Vitvi05_01chr03g10410	13.2	mapman:Cell division.cell cycle organisation
VIT_07s0129g00200	Vitvi05_01chr07g26410	13.2	mapman:Cell division.cell cycle organisation
VIT_13s0019g01840	Vitvi05_01chr13g04860	13.2	mapman:Cell division.cell cycle organisation
VIT_15s0021g01280	Vitvi05_01chr15g09050	13.2	mapman:Cell division.cell cycle organisation
VIT_16s0013g00630	Vitvi05_01chr16g04760	13.2	mapman:Cell division.cell cycle organisation
VIT_18s0001g09920	Vitvi05_01chr18g11140	13.2	mapman:Cell division.cell cycle organisation
VIT_00s0194g00280	Vitvi05_01chr10g03600	13.2.1	mapman:Cell division.cell cycle organisation.cell cycle control
VIT_00s0203g00160	Vitvi05_01chr10g06670	13.2.1	mapman:Cell division.cell cycle organisation.cell cycle control
VIT_00s0225g00120	Vitvi05_01chr01g10100	13.2.1	mapman:Cell division.cell cycle organisation.cell cycle control
VIT_03s0038g02800	Vitvi05_01chr03g02750	13.2.1	mapman:Cell division.cell cycle organisation.cell cycle control
VIT_03s0091g01060	Vitvi05_01chr03g10410	13.2.1	mapman:Cell division.cell cycle organisation.cell cycle control
VIT_07s0129g00200	Vitvi05_01chr07g26410	13.2.1	mapman:Cell division.cell cycle organisation.cell cycle control
VIT_15s0021g01280	Vitvi05_01chr15g09050	13.2.1	mapman:Cell division.cell cycle organisation.cell cycle control
VIT_16s0013g00630	Vitvi05_01chr16g04760	13.2.1	mapman:Cell division.cell cycle organisation.cell cycle control
VIT_18s0001g09920	Vitvi05_01chr18g11140	13.2.1	mapman:Cell division.cell cycle organisation.cell cycle control
VIT_00s0194g00280	Vitvi05_01chr10g03600	13.2.1.1	mapman:Cell division.cell cycle organisation.cell cycle control.CYCLIN regulatory protein activities
VIT_00s0203g00160	Vitvi05_01chr10g06670	13.2.1.1	mapman:Cell division.cell cycle organisation.cell cycle control.CYCLIN regulatory protein activities
VIT_03s0038g02800	Vitvi05_01chr03g02750	13.2.1.1	mapman:Cell division.cell cycle organisation.cell cycle control.CYCLIN regulatory protein activities
VIT_03s0091g01060	Vitvi05_01chr03g10410	13.2.1.1	mapman:Cell division.cell cycle organisation.cell cycle control.CYCLIN regulatory protein activities
VIT_07s0129g00200	Vitvi05_01chr07g26410	13.2.1.1	mapman:Cell division.cell cycle organisation.cell cycle control.CYCLIN regulatory protein activities
VIT_15s0021g01280	Vitvi05_01chr15g09050	13.2.1.1	mapman:Cell division.cell cycle organisation.cell cycle control.CYCLIN regulatory protein activities
VIT_16s0013g00630	Vitvi05_01chr16g04760	13.2.1.1	mapman:Cell division.cell cycle organisation.cell cycle control.CYCLIN regulatory protein activities
VIT_18s0001g09920	Vitvi05_01chr18g11140	13.2.1.1	mapman:Cell division.cell cycle organisation.cell cycle control.CYCLIN regulatory protein activities
VIT_03s0038g02800	Vitvi05_01chr03g02750	13.2.1.1.2	mapman:Cell division.cell cycle organisation.cell cycle control.CYCLIN regulatory protein activities.regulatory protein *(CYCB)
VIT_00s0194g00280	Vitvi05_01chr10g03600	13.2.1.1.4	mapman:Cell division.cell cycle organisation.cell cycle control.CYCLIN regulatory protein activities.regulatory protein *(CYCD)
VIT_00s0203g00160	Vitvi05_01chr10g06670	13.2.1.1.4	mapman:Cell division.cell cycle organisation.cell cycle control.CYCLIN regulatory protein activities.regulatory protein *(CYCD)
VIT_03s0091g01060	Vitvi05_01chr03g10410	13.2.1.1.4	mapman:Cell division.cell cycle organisation.cell cycle control.CYCLIN regulatory protein activities.regulatory protein *(CYCD)
VIT_07s0129g00200	Vitvi05_01chr07g26410	13.2.1.1.4	mapman:Cell division.cell cycle organisation.cell cycle control.CYCLIN regulatory protein activities.regulatory protein *(CYCD)
VIT_18s0001g09920	Vitvi05_01chr18g11140	13.2.1.1.4	mapman:Cell division.cell cycle organisation.cell cycle control.CYCLIN regulatory protein activities.regulatory protein *(CYCD)
VIT_15s0021g01280	Vitvi05_01chr15g09050	13.2.1.1.7	mapman:Cell division.cell cycle organisation.cell cycle control.CYCLIN regulatory protein activities.regulatory protein *(CYCP/CYCU)
VIT_16s0013g00630	Vitvi05_01chr16g04760	13.2.1.1.7	mapman:Cell division.cell cycle organisation.cell cycle control.CYCLIN regulatory protein activities.regulatory protein *(CYCP/CYCU)
VIT_00s0225g00120	Vitvi05_01chr01g10100	13.2.1.3	mapman:Cell division.cell cycle organisation.cell cycle control.CYCLIN-dependent protein kinase inhibitor activities
VIT_00s0225g00120	Vitvi05_01chr01g10100	13.2.1.3.2	mapman:Cell division.cell cycle organisation.cell cycle control.CYCLIN-dependent protein kinase inhibitor activities.inhibitor *(SIM)
VIT_13s0019g01840	Vitvi05_01chr13g04860	13.2.4	mapman:Cell division.cell cycle organisation.metaphase to anaphase transition
VIT_13s0019g01840	Vitvi05_01chr13g04860	13.2.4.1	mapman:Cell division.cell cycle organisation.metaphase to anaphase transition.Anaphase-Promoting Complex/Cyclosome (APC/C)-dependent ubiquitination
VIT_13s0019g01840	Vitvi05_01chr13g04860	13.2.4.1.1	mapman:Cell division.cell cycle organisation.metaphase to anaphase transition.Anaphase-Promoting Complex/Cyclosome (APC/C)-dependent ubiquitination.APC/C E3 ubiquitin ligase complex
VIT_13s0019g01840	Vitvi05_01chr13g04860	13.2.4.1.1.4	mapman:Cell division.cell cycle organisation.metaphase to anaphase transition.Anaphase-Promoting Complex/Cyclosome (APC/C)-dependent ubiquitination.APC/C E3 ubiquitin ligase complex.substrate specificity module
VIT_13s0019g01840	Vitvi05_01chr13g04860	13.2.4.1.1.4.1	mapman:Cell division.cell cycle organisation.metaphase to anaphase transition.Anaphase-Promoting Complex/Cyclosome (APC/C)-dependent ubiquitination.APC/C E3 ubiquitin ligase complex.substrate specificity module.substrate specificity component *(FZR/CCS52)
VIT_10s0003g04560	Vitvi05_01chr10g15860	13.4	mapman:Cell division.cytokinesis
VIT_17s0000g05210	Vitvi05_01chr17g07470	13.4	mapman:Cell division.cytokinesis
VIT_19s0090g01230	Vitvi05_01chr19g09300	13.4	mapman:Cell division.cytokinesis
VIT_17s0000g05210	Vitvi05_01chr17g07470	13.4.1	mapman:Cell division.cytokinesis.preprophase microtubule organization
VIT_17s0000g05210	Vitvi05_01chr17g07470	13.4.1.2	mapman:Cell division.cytokinesis.preprophase microtubule organization.TON1-TRM-PP2A (TTP) preprophase band formation complex
VIT_17s0000g05210	Vitvi05_01chr17g07470	13.4.1.2.2	mapman:Cell division.cytokinesis.preprophase microtubule organization.TON1-TRM-PP2A (TTP) preprophase band formation complex.component *(TRM)
VIT_10s0003g04560	Vitvi05_01chr10g15860	13.4.2	mapman:Cell division.cytokinesis.cell-plate formation
VIT_10s0003g04560	Vitvi05_01chr10g15860	13.4.2.5	mapman:Cell division.cytokinesis.cell-plate formation.cell plate maturation factor *(AIR9)
VIT_19s0090g01230	Vitvi05_01chr19g09300	13.4.3	mapman:Cell division.cytokinesis.phragmoplast microtubule organization
VIT_19s0090g01230	Vitvi05_01chr19g09300	13.4.3.5	mapman:Cell division.cytokinesis.phragmoplast microtubule organization.microtubule-associated protein *(MAP65-2)
VIT_00s0375g00040	Vitvi05_01chr10g07660	15	mapman:RNA biosynthesis
VIT_00s0956g00020	Vitvi05_01chr10g03980	15	mapman:RNA biosynthesis
VIT_00s1203g00010	Vitvi05_01chr15g03800	15	mapman:RNA biosynthesis
VIT_01s0010g03710	Vitvi05_01chr01g22860	15	mapman:RNA biosynthesis
VIT_01s0010g03930	Vitvi05_01chr01g23290	15	mapman:RNA biosynthesis
VIT_01s0011g00110	Vitvi05_01chr01g00330	15	mapman:RNA biosynthesis
VIT_01s0011g03070	Vitvi05_01chr01g03750	15	mapman:RNA biosynthesis
VIT_01s0011g06200	Vitvi05_01chr01g08090	15	mapman:RNA biosynthesis
VIT_01s0026g01050	Vitvi05_01chr01g13260	15	mapman:RNA biosynthesis
VIT_01s0026g01910	Vitvi05_01chr01g14450	15	mapman:RNA biosynthesis
VIT_01s0026g02580	Vitvi05_01chr01g15360	15	mapman:RNA biosynthesis
VIT_02s0012g00570	Vitvi05_01chr02g10740	15	mapman:RNA biosynthesis
VIT_02s0012g01040	Vitvi05_01chr02g11400	15	mapman:RNA biosynthesis
VIT_02s0012g01450	Vitvi05_01chr02g11980	15	mapman:RNA biosynthesis
VIT_02s0025g00200	Vitvi05_01chr02g00190	15	mapman:RNA biosynthesis
VIT_02s0025g01280	Vitvi05_01chr02g01420	15	mapman:RNA biosynthesis
VIT_02s0025g01740	Vitvi05_01chr02g02030	15	mapman:RNA biosynthesis
VIT_02s0033g00300	Vitvi05_01chr02g15870	15	mapman:RNA biosynthesis
VIT_02s0033g00390	Vitvi05_01chr02g15970	15	mapman:RNA biosynthesis
VIT_02s0033g00410	Vitvi05_01chr02g15990	15	mapman:RNA biosynthesis
VIT_02s0033g00450	Vitvi05_01chr02g16040	15	mapman:RNA biosynthesis
VIT_02s0154g00070	Vitvi05_01chr02g07130	15	mapman:RNA biosynthesis
VIT_03s0038g04110	Vitvi05_01chr03g04560	15	mapman:RNA biosynthesis
VIT_03s0038g04760	Vitvi05_01chr03g05290	15	mapman:RNA biosynthesis
VIT_03s0063g00460	Vitvi05_01chr03g08070	15	mapman:RNA biosynthesis
VIT_03s0063g02620	Vitvi05_01chr03g05500	15	mapman:RNA biosynthesis
VIT_03s0091g00210	Vitvi05_01chr03g09280	15	mapman:RNA biosynthesis
VIT_03s0091g00260	Vitvi05_01chr03g09350	15	mapman:RNA biosynthesis
VIT_03s0167g00010	Vitvi05_01chr03g13770	15	mapman:RNA biosynthesis
VIT_03s0180g00210	Vitvi05_01chr03g08840	15	mapman:RNA biosynthesis
VIT_04s0008g01110	Vitvi05_01chr04g01220	15	mapman:RNA biosynthesis
VIT_04s0008g01160	Vitvi05_01chr04g01270	15	mapman:RNA biosynthesis
VIT_04s0008g01850	Vitvi05_01chr04g02110	15	mapman:RNA biosynthesis
VIT_04s0008g03270	Vitvi05_01chr04g03800	15	mapman:RNA biosynthesis
VIT_04s0023g01660	Vitvi05_01chr04g18040	15	mapman:RNA biosynthesis
VIT_04s0023g03240	Vitvi05_01chr04g20080	15	mapman:RNA biosynthesis
VIT_04s0023g03710	Vitvi05_01chr04g20720	15	mapman:RNA biosynthesis
VIT_05s0020g03880	Vitvi05_01chr05g08080	15	mapman:RNA biosynthesis
VIT_05s0020g04780	Vitvi05_01chr05g09450	15	mapman:RNA biosynthesis
VIT_05s0029g00390	Vitvi05_01chr05g16590	15	mapman:RNA biosynthesis
VIT_05s0049g01020	Vitvi05_01chr05g11030	15	mapman:RNA biosynthesis
VIT_05s0062g01190	Vitvi05_01chr05g20580	15	mapman:RNA biosynthesis
VIT_05s0077g01450	Vitvi05_01chr05g01140	15	mapman:RNA biosynthesis
VIT_05s0077g01860	Vitvi05_01chr05g00650	15	mapman:RNA biosynthesis
VIT_05s0102g00750	Vitvi05_01chr05g23360	15	mapman:RNA biosynthesis
VIT_06s0004g00490	Vitvi05_01chr06g00870	15	mapman:RNA biosynthesis
VIT_06s0004g01870	Vitvi05_01chr06g02930	15	mapman:RNA biosynthesis
VIT_06s0004g03130	Vitvi05_01chr06g04710	15	mapman:RNA biosynthesis
VIT_06s0004g05230	Vitvi05_01chr06g07820	15	mapman:RNA biosynthesis
VIT_06s0004g07090	Vitvi05_01chr06g10270	15	mapman:RNA biosynthesis
VIT_06s0004g07790	Vitvi05_01chr06g11280	15	mapman:RNA biosynthesis
VIT_06s0061g00760	Vitvi05_01chr06g19800	15	mapman:RNA biosynthesis
VIT_07s0005g01210	Vitvi05_01chr07g06160	15	mapman:RNA biosynthesis
VIT_07s0005g03340	Vitvi05_01chr07g09050	15	mapman:RNA biosynthesis
VIT_07s0031g01710	Vitvi05_01chr07g29730	15	mapman:RNA biosynthesis
VIT_07s0031g01930	Vitvi05_01chr07g30020	15	mapman:RNA biosynthesis
VIT_07s0031g01980	Vitvi05_01chr07g30110	15	mapman:RNA biosynthesis
VIT_07s0129g00240	Vitvi05_01chr07g26470	15	mapman:RNA biosynthesis
VIT_07s0129g00330	Vitvi05_01chr07g26590	15	mapman:RNA biosynthesis
VIT_07s0197g00060	Vitvi05_01chr07g22110	15	mapman:RNA biosynthesis
VIT_08s0007g03820	Vitvi05_01chr08g18210	15	mapman:RNA biosynthesis
VIT_08s0007g04180	Vitvi05_01chr08g18660	15	mapman:RNA biosynthesis
VIT_08s0007g04770	Vitvi05_01chr08g19440	15	mapman:RNA biosynthesis
VIT_08s0007g05540	Vitvi05_01chr08g20400	15	mapman:RNA biosynthesis
VIT_08s0007g07550	Vitvi05_01chr08g22950	15	mapman:RNA biosynthesis
VIT_08s0007g07640	Vitvi05_01chr08g23070	15	mapman:RNA biosynthesis
VIT_08s0032g01110	Vitvi05_01chr08g04310	15	mapman:RNA biosynthesis
VIT_09s0002g04120	Vitvi05_01chr09g04750	15	mapman:RNA biosynthesis
VIT_09s0018g00240	Vitvi05_01chr09g16470	15	mapman:RNA biosynthesis
VIT_10s0003g00350	Vitvi05_01chr10g09060	15	mapman:RNA biosynthesis
VIT_10s0003g00380	Vitvi05_01chr10g09090	15	mapman:RNA biosynthesis
VIT_10s0003g00420	Vitvi05_01chr10g09140	15	mapman:RNA biosynthesis
VIT_10s0003g01280	Vitvi05_01chr10g10370	15	mapman:RNA biosynthesis
VIT_10s0003g03810	Vitvi05_01chr10g14400	15	mapman:RNA biosynthesis
VIT_10s0003g04100	Vitvi05_01chr10g14990	15	mapman:RNA biosynthesis
VIT_10s0003g04670	Vitvi05_01chr10g16080	15	mapman:RNA biosynthesis
VIT_10s0042g00170	Vitvi05_01chr10g24740	15	mapman:RNA biosynthesis
VIT_11s0016g00660	Vitvi05_01chr11g00730	15	mapman:RNA biosynthesis
VIT_11s0016g00670	Vitvi05_01chr11g00740	15	mapman:RNA biosynthesis
VIT_11s0016g01480	Vitvi05_01chr11g01580	15	mapman:RNA biosynthesis
VIT_11s0016g04080	Vitvi05_01chr11g04870	15	mapman:RNA biosynthesis
VIT_11s0052g00100	Vitvi05_01chr11g16410	15	mapman:RNA biosynthesis
VIT_11s0052g00630	Vitvi05_01chr11g17530	15	mapman:RNA biosynthesis
VIT_12s0028g00860	Vitvi05_01chr12g01380	15	mapman:RNA biosynthesis
VIT_12s0028g01210	Vitvi05_01chr12g01840	15	mapman:RNA biosynthesis
VIT_12s0028g02160	Vitvi05_01chr12g03100	15	mapman:RNA biosynthesis
VIT_12s0028g02520	Vitvi05_01chr12g03580	15	mapman:RNA biosynthesis
VIT_12s0028g03100	Vitvi05_01chr12g04290	15	mapman:RNA biosynthesis
VIT_12s0028g03350	Vitvi05_01chr12g04580	15	mapman:RNA biosynthesis
VIT_12s0035g00690	Vitvi05_01chr12g20940	15	mapman:RNA biosynthesis
VIT_12s0035g00900	Vitvi05_01chr12g21300	15	mapman:RNA biosynthesis
VIT_12s0059g00880	Vitvi05_01chr12g06640	15	mapman:RNA biosynthesis
VIT_12s0059g02320	Vitvi05_01chr12g08480	15	mapman:RNA biosynthesis
VIT_12s0059g02360	Vitvi05_01chr12g08540	15	mapman:RNA biosynthesis
VIT_13s0019g00480	Vitvi05_01chr13g03890	15	mapman:RNA biosynthesis
VIT_13s0019g04390	Vitvi05_01chr13g08290	15	mapman:RNA biosynthesis
VIT_13s0064g01290	Vitvi05_01chr13g26960	15	mapman:RNA biosynthesis
VIT_13s0067g01350	Vitvi05_01chr13g00940	15	mapman:RNA biosynthesis
VIT_13s0067g02860	Vitvi05_01chr13g20950	15	mapman:RNA biosynthesis
VIT_13s0156g00260	Vitvi05_01chr13g28230	15	mapman:RNA biosynthesis
VIT_14s0030g02200	Vitvi05_01chr14g08150	15	mapman:RNA biosynthesis
VIT_14s0066g01090	Vitvi05_01chr14g26520	15	mapman:RNA biosynthesis
VIT_14s0068g01380	Vitvi05_01chr14g22450	15	mapman:RNA biosynthesis
VIT_14s0068g01490	Vitvi05_01chr14g22620	15	mapman:RNA biosynthesis
VIT_14s0083g01030	Vitvi05_01chr14g20050	15	mapman:RNA biosynthesis
VIT_14s0108g01070	Vitvi05_01chr14g29610	15	mapman:RNA biosynthesis
VIT_15s0021g01880	Vitvi05_01chr15g10140	15	mapman:RNA biosynthesis
VIT_15s0021g02300	Vitvi05_01chr15g10880	15	mapman:RNA biosynthesis
VIT_15s0021g02510	Vitvi05_01chr15g11290	15	mapman:RNA biosynthesis
VIT_15s0046g00150	Vitvi05_01chr15g16360	15	mapman:RNA biosynthesis
VIT_15s0046g00170	Vitvi05_01chr15g16380	15	mapman:RNA biosynthesis
VIT_15s0046g00230	Vitvi05_01chr15g16460	15	mapman:RNA biosynthesis
VIT_15s0046g00290	Vitvi05_01chr15g16550	15	mapman:RNA biosynthesis
VIT_15s0046g01140	Vitvi05_01chr15g17730	15	mapman:RNA biosynthesis
VIT_15s0048g00550	Vitvi05_01chr15g12720	15	mapman:RNA biosynthesis
VIT_15s0048g00830	Vitvi05_01chr15g13120	15	mapman:RNA biosynthesis
VIT_15s0048g02280	Vitvi05_01chr15g15030	15	mapman:RNA biosynthesis
VIT_15s0048g02870	Vitvi05_01chr15g15830	15	mapman:RNA biosynthesis
VIT_16s0013g00950	Vitvi05_01chr16g05310	15	mapman:RNA biosynthesis
VIT_16s0013g00970	Vitvi05_01chr16g05320	15	mapman:RNA biosynthesis
VIT_16s0013g00980	Vitvi05_01chr16g05330	15	mapman:RNA biosynthesis
VIT_16s0013g01000	Vitvi05_01chr16g05370	15	mapman:RNA biosynthesis
VIT_16s0013g01050	Vitvi05_01chr16g05400	15	mapman:RNA biosynthesis
VIT_16s0013g01060	Vitvi05_01chr16g05410	15	mapman:RNA biosynthesis
VIT_16s0013g01070	Vitvi05_01chr16g05440	15	mapman:RNA biosynthesis
VIT_16s0098g01080	Vitvi05_01chr16g21260	15	mapman:RNA biosynthesis
VIT_16s0100g00380	Vitvi05_01chr16g13550	15	mapman:RNA biosynthesis
VIT_17s0000g05020	Vitvi05_01chr17g07220	15	mapman:RNA biosynthesis
VIT_17s0000g08290	Vitvi05_01chr17g12090	15	mapman:RNA biosynthesis
VIT_18s0001g06430	Vitvi05_01chr18g06560	15	mapman:RNA biosynthesis
VIT_18s0001g08710	Vitvi05_01chr18g09420	15	mapman:RNA biosynthesis
VIT_18s0001g12020	Vitvi05_01chr18g13780	15	mapman:RNA biosynthesis
VIT_18s0001g15730	Vitvi05_01chr18g18600	15	mapman:RNA biosynthesis
VIT_18s0041g01880	Vitvi05_01chr18g31960	15	mapman:RNA biosynthesis
VIT_18s0072g00260	Vitvi05_01chr18g24180	15	mapman:RNA biosynthesis
VIT_18s0117g00140	Vitvi05_01chr18g28120	15	mapman:RNA biosynthesis
VIT_18s0122g01140	Vitvi05_01chr18g01130	15	mapman:RNA biosynthesis
VIT_19s0014g01350	Vitvi05_01chr19g01890	15	mapman:RNA biosynthesis
VIT_19s0014g01780	Vitvi05_01chr19g02480	15	mapman:RNA biosynthesis
VIT_19s0014g03290	Vitvi05_01chr19g04530	15	mapman:RNA biosynthesis
VIT_19s0085g00050	Vitvi05_01chr19g21610	15	mapman:RNA biosynthesis
VIT_19s0177g00230	Vitvi05_01chr19g07670	15	mapman:RNA biosynthesis
VIT_08s0007g05540	Vitvi05_01chr08g20400	15.1	mapman:RNA biosynthesis.DNA-dependent RNA polymerase complexes
VIT_12s0028g01210	Vitvi05_01chr12g01840	15.1	mapman:RNA biosynthesis.DNA-dependent RNA polymerase complexes
VIT_08s0007g05540	Vitvi05_01chr08g20400	15.1.5	mapman:RNA biosynthesis.DNA-dependent RNA polymerase complexes.RNA polymerase V complex
VIT_08s0007g05540	Vitvi05_01chr08g20400	15.1.5.5	mapman:RNA biosynthesis.DNA-dependent RNA polymerase complexes.RNA polymerase V complex.component *(NRPE5)
VIT_12s0028g01210	Vitvi05_01chr12g01840	15.1.6	mapman:RNA biosynthesis.DNA-dependent RNA polymerase complexes.RNA polymerase I/II/III/IV/V shared components
VIT_12s0028g01210	Vitvi05_01chr12g01840	15.1.6.1	mapman:RNA biosynthesis.DNA-dependent RNA polymerase complexes.RNA polymerase I/II/III/IV/V shared components.component *(NRP-ABCDE6)
VIT_04s0023g03240	Vitvi05_01chr04g20080	15.3	mapman:RNA biosynthesis.RNA polymerase II-dependent transcription
VIT_04s0023g03240	Vitvi05_01chr04g20080	15.3.4	mapman:RNA biosynthesis.RNA polymerase II-dependent transcription.transcription co-activation
VIT_04s0023g03240	Vitvi05_01chr04g20080	15.3.4.2	mapman:RNA biosynthesis.RNA polymerase II-dependent transcription.transcription co-activation.TFIId complex
VIT_04s0023g03240	Vitvi05_01chr04g20080	15.3.4.2.9	mapman:RNA biosynthesis.RNA polymerase II-dependent transcription.transcription co-activation.TFIId complex.component *(TAF14)
VIT_00s0375g00040	Vitvi05_01chr10g07660	15.5	mapman:RNA biosynthesis.DNA-binding transcriptional regulation
VIT_00s0956g00020	Vitvi05_01chr10g03980	15.5	mapman:RNA biosynthesis.DNA-binding transcriptional regulation
VIT_00s1203g00010	Vitvi05_01chr15g03800	15.5	mapman:RNA biosynthesis.DNA-binding transcriptional regulation
VIT_01s0010g03710	Vitvi05_01chr01g22860	15.5	mapman:RNA biosynthesis.DNA-binding transcriptional regulation
VIT_01s0010g03930	Vitvi05_01chr01g23290	15.5	mapman:RNA biosynthesis.DNA-binding transcriptional regulation
VIT_01s0011g00110	Vitvi05_01chr01g00330	15.5	mapman:RNA biosynthesis.DNA-binding transcriptional regulation
VIT_01s0011g03070	Vitvi05_01chr01g03750	15.5	mapman:RNA biosynthesis.DNA-binding transcriptional regulation
VIT_01s0011g06200	Vitvi05_01chr01g08090	15.5	mapman:RNA biosynthesis.DNA-binding transcriptional regulation
VIT_01s0026g01050	Vitvi05_01chr01g13260	15.5	mapman:RNA biosynthesis.DNA-binding transcriptional regulation
VIT_01s0026g01910	Vitvi05_01chr01g14450	15.5	mapman:RNA biosynthesis.DNA-binding transcriptional regulation
VIT_01s0026g02580	Vitvi05_01chr01g15360	15.5	mapman:RNA biosynthesis.DNA-binding transcriptional regulation
VIT_02s0012g00570	Vitvi05_01chr02g10740	15.5	mapman:RNA biosynthesis.DNA-binding transcriptional regulation
VIT_02s0012g01040	Vitvi05_01chr02g11400	15.5	mapman:RNA biosynthesis.DNA-binding transcriptional regulation
VIT_02s0012g01450	Vitvi05_01chr02g11980	15.5	mapman:RNA biosynthesis.DNA-binding transcriptional regulation
VIT_02s0025g00200	Vitvi05_01chr02g00190	15.5	mapman:RNA biosynthesis.DNA-binding transcriptional regulation
VIT_02s0025g01280	Vitvi05_01chr02g01420	15.5	mapman:RNA biosynthesis.DNA-binding transcriptional regulation
VIT_02s0025g01740	Vitvi05_01chr02g02030	15.5	mapman:RNA biosynthesis.DNA-binding transcriptional regulation
VIT_02s0033g00300	Vitvi05_01chr02g15870	15.5	mapman:RNA biosynthesis.DNA-binding transcriptional regulation
VIT_02s0033g00390	Vitvi05_01chr02g15970	15.5	mapman:RNA biosynthesis.DNA-binding transcriptional regulation
VIT_02s0033g00410	Vitvi05_01chr02g15990	15.5	mapman:RNA biosynthesis.DNA-binding transcriptional regulation
VIT_02s0033g00450	Vitvi05_01chr02g16040	15.5	mapman:RNA biosynthesis.DNA-binding transcriptional regulation
VIT_02s0154g00070	Vitvi05_01chr02g07130	15.5	mapman:RNA biosynthesis.DNA-binding transcriptional regulation
VIT_03s0038g04110	Vitvi05_01chr03g04560	15.5	mapman:RNA biosynthesis.DNA-binding transcriptional regulation
VIT_03s0038g04760	Vitvi05_01chr03g05290	15.5	mapman:RNA biosynthesis.DNA-binding transcriptional regulation
VIT_03s0063g00460	Vitvi05_01chr03g08070	15.5	mapman:RNA biosynthesis.DNA-binding transcriptional regulation
VIT_03s0063g02620	Vitvi05_01chr03g05500	15.5	mapman:RNA biosynthesis.DNA-binding transcriptional regulation
VIT_03s0091g00210	Vitvi05_01chr03g09280	15.5	mapman:RNA biosynthesis.DNA-binding transcriptional regulation
VIT_03s0091g00260	Vitvi05_01chr03g09350	15.5	mapman:RNA biosynthesis.DNA-binding transcriptional regulation
VIT_03s0167g00010	Vitvi05_01chr03g13770	15.5	mapman:RNA biosynthesis.DNA-binding transcriptional regulation
VIT_03s0180g00210	Vitvi05_01chr03g08840	15.5	mapman:RNA biosynthesis.DNA-binding transcriptional regulation
VIT_04s0008g01110	Vitvi05_01chr04g01220	15.5	mapman:RNA biosynthesis.DNA-binding transcriptional regulation
VIT_04s0008g01160	Vitvi05_01chr04g01270	15.5	mapman:RNA biosynthesis.DNA-binding transcriptional regulation
VIT_04s0008g01850	Vitvi05_01chr04g02110	15.5	mapman:RNA biosynthesis.DNA-binding transcriptional regulation
VIT_04s0008g03270	Vitvi05_01chr04g03800	15.5	mapman:RNA biosynthesis.DNA-binding transcriptional regulation
VIT_04s0023g01660	Vitvi05_01chr04g18040	15.5	mapman:RNA biosynthesis.DNA-binding transcriptional regulation
VIT_04s0023g03710	Vitvi05_01chr04g20720	15.5	mapman:RNA biosynthesis.DNA-binding transcriptional regulation
VIT_05s0020g03880	Vitvi05_01chr05g08080	15.5	mapman:RNA biosynthesis.DNA-binding transcriptional regulation
VIT_05s0020g04780	Vitvi05_01chr05g09450	15.5	mapman:RNA biosynthesis.DNA-binding transcriptional regulation
VIT_05s0029g00390	Vitvi05_01chr05g16590	15.5	mapman:RNA biosynthesis.DNA-binding transcriptional regulation
VIT_05s0049g01020	Vitvi05_01chr05g11030	15.5	mapman:RNA biosynthesis.DNA-binding transcriptional regulation
VIT_05s0077g01450	Vitvi05_01chr05g01140	15.5	mapman:RNA biosynthesis.DNA-binding transcriptional regulation
VIT_05s0077g01860	Vitvi05_01chr05g00650	15.5	mapman:RNA biosynthesis.DNA-binding transcriptional regulation
VIT_05s0102g00750	Vitvi05_01chr05g23360	15.5	mapman:RNA biosynthesis.DNA-binding transcriptional regulation
VIT_06s0004g00490	Vitvi05_01chr06g00870	15.5	mapman:RNA biosynthesis.DNA-binding transcriptional regulation
VIT_06s0004g01870	Vitvi05_01chr06g02930	15.5	mapman:RNA biosynthesis.DNA-binding transcriptional regulation
VIT_06s0004g03130	Vitvi05_01chr06g04710	15.5	mapman:RNA biosynthesis.DNA-binding transcriptional regulation
VIT_06s0004g07090	Vitvi05_01chr06g10270	15.5	mapman:RNA biosynthesis.DNA-binding transcriptional regulation
VIT_06s0004g07790	Vitvi05_01chr06g11280	15.5	mapman:RNA biosynthesis.DNA-binding transcriptional regulation
VIT_06s0061g00760	Vitvi05_01chr06g19800	15.5	mapman:RNA biosynthesis.DNA-binding transcriptional regulation
VIT_07s0005g01210	Vitvi05_01chr07g06160	15.5	mapman:RNA biosynthesis.DNA-binding transcriptional regulation
VIT_07s0005g03340	Vitvi05_01chr07g09050	15.5	mapman:RNA biosynthesis.DNA-binding transcriptional regulation
VIT_07s0031g01710	Vitvi05_01chr07g29730	15.5	mapman:RNA biosynthesis.DNA-binding transcriptional regulation
VIT_07s0031g01930	Vitvi05_01chr07g30020	15.5	mapman:RNA biosynthesis.DNA-binding transcriptional regulation
VIT_07s0031g01980	Vitvi05_01chr07g30110	15.5	mapman:RNA biosynthesis.DNA-binding transcriptional regulation
VIT_07s0129g00240	Vitvi05_01chr07g26470	15.5	mapman:RNA biosynthesis.DNA-binding transcriptional regulation
VIT_07s0129g00330	Vitvi05_01chr07g26590	15.5	mapman:RNA biosynthesis.DNA-binding transcriptional regulation
VIT_07s0197g00060	Vitvi05_01chr07g22110	15.5	mapman:RNA biosynthesis.DNA-binding transcriptional regulation
VIT_08s0007g03820	Vitvi05_01chr08g18210	15.5	mapman:RNA biosynthesis.DNA-binding transcriptional regulation
VIT_08s0007g04180	Vitvi05_01chr08g18660	15.5	mapman:RNA biosynthesis.DNA-binding transcriptional regulation
VIT_08s0007g04770	Vitvi05_01chr08g19440	15.5	mapman:RNA biosynthesis.DNA-binding transcriptional regulation
VIT_08s0007g07550	Vitvi05_01chr08g22950	15.5	mapman:RNA biosynthesis.DNA-binding transcriptional regulation
VIT_08s0007g07640	Vitvi05_01chr08g23070	15.5	mapman:RNA biosynthesis.DNA-binding transcriptional regulation
VIT_08s0032g01110	Vitvi05_01chr08g04310	15.5	mapman:RNA biosynthesis.DNA-binding transcriptional regulation
VIT_09s0002g04120	Vitvi05_01chr09g04750	15.5	mapman:RNA biosynthesis.DNA-binding transcriptional regulation
VIT_09s0018g00240	Vitvi05_01chr09g16470	15.5	mapman:RNA biosynthesis.DNA-binding transcriptional regulation
VIT_10s0003g00350	Vitvi05_01chr10g09060	15.5	mapman:RNA biosynthesis.DNA-binding transcriptional regulation
VIT_10s0003g00380	Vitvi05_01chr10g09090	15.5	mapman:RNA biosynthesis.DNA-binding transcriptional regulation
VIT_10s0003g00420	Vitvi05_01chr10g09140	15.5	mapman:RNA biosynthesis.DNA-binding transcriptional regulation
VIT_10s0003g01280	Vitvi05_01chr10g10370	15.5	mapman:RNA biosynthesis.DNA-binding transcriptional regulation
VIT_10s0003g04100	Vitvi05_01chr10g14990	15.5	mapman:RNA biosynthesis.DNA-binding transcriptional regulation
VIT_10s0003g04670	Vitvi05_01chr10g16080	15.5	mapman:RNA biosynthesis.DNA-binding transcriptional regulation
VIT_10s0042g00170	Vitvi05_01chr10g24740	15.5	mapman:RNA biosynthesis.DNA-binding transcriptional regulation
VIT_11s0016g00660	Vitvi05_01chr11g00730	15.5	mapman:RNA biosynthesis.DNA-binding transcriptional regulation
VIT_11s0016g00670	Vitvi05_01chr11g00740	15.5	mapman:RNA biosynthesis.DNA-binding transcriptional regulation
VIT_11s0016g01480	Vitvi05_01chr11g01580	15.5	mapman:RNA biosynthesis.DNA-binding transcriptional regulation
VIT_11s0052g00100	Vitvi05_01chr11g16410	15.5	mapman:RNA biosynthesis.DNA-binding transcriptional regulation
VIT_11s0052g00630	Vitvi05_01chr11g17530	15.5	mapman:RNA biosynthesis.DNA-binding transcriptional regulation
VIT_12s0028g00860	Vitvi05_01chr12g01380	15.5	mapman:RNA biosynthesis.DNA-binding transcriptional regulation
VIT_12s0028g02160	Vitvi05_01chr12g03100	15.5	mapman:RNA biosynthesis.DNA-binding transcriptional regulation
VIT_12s0028g02520	Vitvi05_01chr12g03580	15.5	mapman:RNA biosynthesis.DNA-binding transcriptional regulation
VIT_12s0028g03100	Vitvi05_01chr12g04290	15.5	mapman:RNA biosynthesis.DNA-binding transcriptional regulation
VIT_12s0028g03350	Vitvi05_01chr12g04580	15.5	mapman:RNA biosynthesis.DNA-binding transcriptional regulation
VIT_12s0035g00690	Vitvi05_01chr12g20940	15.5	mapman:RNA biosynthesis.DNA-binding transcriptional regulation
VIT_12s0059g00880	Vitvi05_01chr12g06640	15.5	mapman:RNA biosynthesis.DNA-binding transcriptional regulation
VIT_12s0059g02320	Vitvi05_01chr12g08480	15.5	mapman:RNA biosynthesis.DNA-binding transcriptional regulation
VIT_12s0059g02360	Vitvi05_01chr12g08540	15.5	mapman:RNA biosynthesis.DNA-binding transcriptional regulation
VIT_13s0019g00480	Vitvi05_01chr13g03890	15.5	mapman:RNA biosynthesis.DNA-binding transcriptional regulation
VIT_13s0019g04390	Vitvi05_01chr13g08290	15.5	mapman:RNA biosynthesis.DNA-binding transcriptional regulation
VIT_13s0064g01290	Vitvi05_01chr13g26960	15.5	mapman:RNA biosynthesis.DNA-binding transcriptional regulation
VIT_13s0067g01350	Vitvi05_01chr13g00940	15.5	mapman:RNA biosynthesis.DNA-binding transcriptional regulation
VIT_13s0067g02860	Vitvi05_01chr13g20950	15.5	mapman:RNA biosynthesis.DNA-binding transcriptional regulation
VIT_13s0156g00260	Vitvi05_01chr13g28230	15.5	mapman:RNA biosynthesis.DNA-binding transcriptional regulation
VIT_14s0030g02200	Vitvi05_01chr14g08150	15.5	mapman:RNA biosynthesis.DNA-binding transcriptional regulation
VIT_14s0066g01090	Vitvi05_01chr14g26520	15.5	mapman:RNA biosynthesis.DNA-binding transcriptional regulation
VIT_14s0068g01380	Vitvi05_01chr14g22450	15.5	mapman:RNA biosynthesis.DNA-binding transcriptional regulation
VIT_14s0068g01490	Vitvi05_01chr14g22620	15.5	mapman:RNA biosynthesis.DNA-binding transcriptional regulation
VIT_14s0083g01030	Vitvi05_01chr14g20050	15.5	mapman:RNA biosynthesis.DNA-binding transcriptional regulation
VIT_14s0108g01070	Vitvi05_01chr14g29610	15.5	mapman:RNA biosynthesis.DNA-binding transcriptional regulation
VIT_15s0021g01880	Vitvi05_01chr15g10140	15.5	mapman:RNA biosynthesis.DNA-binding transcriptional regulation
VIT_15s0021g02300	Vitvi05_01chr15g10880	15.5	mapman:RNA biosynthesis.DNA-binding transcriptional regulation
VIT_15s0021g02510	Vitvi05_01chr15g11290	15.5	mapman:RNA biosynthesis.DNA-binding transcriptional regulation
VIT_15s0046g00150	Vitvi05_01chr15g16360	15.5	mapman:RNA biosynthesis.DNA-binding transcriptional regulation
VIT_15s0046g00170	Vitvi05_01chr15g16380	15.5	mapman:RNA biosynthesis.DNA-binding transcriptional regulation
VIT_15s0046g00230	Vitvi05_01chr15g16460	15.5	mapman:RNA biosynthesis.DNA-binding transcriptional regulation
VIT_15s0046g00290	Vitvi05_01chr15g16550	15.5	mapman:RNA biosynthesis.DNA-binding transcriptional regulation
VIT_15s0046g01140	Vitvi05_01chr15g17730	15.5	mapman:RNA biosynthesis.DNA-binding transcriptional regulation
VIT_15s0048g00550	Vitvi05_01chr15g12720	15.5	mapman:RNA biosynthesis.DNA-binding transcriptional regulation
VIT_15s0048g00830	Vitvi05_01chr15g13120	15.5	mapman:RNA biosynthesis.DNA-binding transcriptional regulation
VIT_15s0048g02280	Vitvi05_01chr15g15030	15.5	mapman:RNA biosynthesis.DNA-binding transcriptional regulation
VIT_15s0048g02870	Vitvi05_01chr15g15830	15.5	mapman:RNA biosynthesis.DNA-binding transcriptional regulation
VIT_16s0013g00950	Vitvi05_01chr16g05310	15.5	mapman:RNA biosynthesis.DNA-binding transcriptional regulation
VIT_16s0013g00970	Vitvi05_01chr16g05320	15.5	mapman:RNA biosynthesis.DNA-binding transcriptional regulation
VIT_16s0013g00980	Vitvi05_01chr16g05330	15.5	mapman:RNA biosynthesis.DNA-binding transcriptional regulation
VIT_16s0013g01000	Vitvi05_01chr16g05370	15.5	mapman:RNA biosynthesis.DNA-binding transcriptional regulation
VIT_16s0013g01050	Vitvi05_01chr16g05400	15.5	mapman:RNA biosynthesis.DNA-binding transcriptional regulation
VIT_16s0013g01060	Vitvi05_01chr16g05410	15.5	mapman:RNA biosynthesis.DNA-binding transcriptional regulation
VIT_16s0013g01070	Vitvi05_01chr16g05440	15.5	mapman:RNA biosynthesis.DNA-binding transcriptional regulation
VIT_16s0098g01080	Vitvi05_01chr16g21260	15.5	mapman:RNA biosynthesis.DNA-binding transcriptional regulation
VIT_16s0100g00380	Vitvi05_01chr16g13550	15.5	mapman:RNA biosynthesis.DNA-binding transcriptional regulation
VIT_17s0000g05020	Vitvi05_01chr17g07220	15.5	mapman:RNA biosynthesis.DNA-binding transcriptional regulation
VIT_17s0000g08290	Vitvi05_01chr17g12090	15.5	mapman:RNA biosynthesis.DNA-binding transcriptional regulation
VIT_18s0001g06430	Vitvi05_01chr18g06560	15.5	mapman:RNA biosynthesis.DNA-binding transcriptional regulation
VIT_18s0001g08710	Vitvi05_01chr18g09420	15.5	mapman:RNA biosynthesis.DNA-binding transcriptional regulation
VIT_18s0001g12020	Vitvi05_01chr18g13780	15.5	mapman:RNA biosynthesis.DNA-binding transcriptional regulation
VIT_18s0001g15730	Vitvi05_01chr18g18600	15.5	mapman:RNA biosynthesis.DNA-binding transcriptional regulation
VIT_18s0041g01880	Vitvi05_01chr18g31960	15.5	mapman:RNA biosynthesis.DNA-binding transcriptional regulation
VIT_18s0072g00260	Vitvi05_01chr18g24180	15.5	mapman:RNA biosynthesis.DNA-binding transcriptional regulation
VIT_18s0117g00140	Vitvi05_01chr18g28120	15.5	mapman:RNA biosynthesis.DNA-binding transcriptional regulation
VIT_18s0122g01140	Vitvi05_01chr18g01130	15.5	mapman:RNA biosynthesis.DNA-binding transcriptional regulation
VIT_19s0014g01350	Vitvi05_01chr19g01890	15.5	mapman:RNA biosynthesis.DNA-binding transcriptional regulation
VIT_19s0014g01780	Vitvi05_01chr19g02480	15.5	mapman:RNA biosynthesis.DNA-binding transcriptional regulation
VIT_19s0014g03290	Vitvi05_01chr19g04530	15.5	mapman:RNA biosynthesis.DNA-binding transcriptional regulation
VIT_19s0085g00050	Vitvi05_01chr19g21610	15.5	mapman:RNA biosynthesis.DNA-binding transcriptional regulation
VIT_19s0177g00230	Vitvi05_01chr19g07670	15.5	mapman:RNA biosynthesis.DNA-binding transcriptional regulation
VIT_02s0012g01450	Vitvi05_01chr02g11980	15.5.1	mapman:RNA biosynthesis.DNA-binding transcriptional regulation.basic DNA-binding domain
VIT_03s0038g04760	Vitvi05_01chr03g05290	15.5.1	mapman:RNA biosynthesis.DNA-binding transcriptional regulation.basic DNA-binding domain
VIT_03s0091g00210	Vitvi05_01chr03g09280	15.5.1	mapman:RNA biosynthesis.DNA-binding transcriptional regulation.basic DNA-binding domain
VIT_05s0020g04780	Vitvi05_01chr05g09450	15.5.1	mapman:RNA biosynthesis.DNA-binding transcriptional regulation.basic DNA-binding domain
VIT_05s0029g00390	Vitvi05_01chr05g16590	15.5.1	mapman:RNA biosynthesis.DNA-binding transcriptional regulation.basic DNA-binding domain
VIT_09s0002g04120	Vitvi05_01chr09g04750	15.5.1	mapman:RNA biosynthesis.DNA-binding transcriptional regulation.basic DNA-binding domain
VIT_11s0052g00100	Vitvi05_01chr11g16410	15.5.1	mapman:RNA biosynthesis.DNA-binding transcriptional regulation.basic DNA-binding domain
VIT_11s0052g00630	Vitvi05_01chr11g17530	15.5.1	mapman:RNA biosynthesis.DNA-binding transcriptional regulation.basic DNA-binding domain
VIT_12s0059g02320	Vitvi05_01chr12g08480	15.5.1	mapman:RNA biosynthesis.DNA-binding transcriptional regulation.basic DNA-binding domain
VIT_13s0064g01290	Vitvi05_01chr13g26960	15.5.1	mapman:RNA biosynthesis.DNA-binding transcriptional regulation.basic DNA-binding domain
VIT_13s0067g01350	Vitvi05_01chr13g00940	15.5.1	mapman:RNA biosynthesis.DNA-binding transcriptional regulation.basic DNA-binding domain
VIT_14s0030g02200	Vitvi05_01chr14g08150	15.5.1	mapman:RNA biosynthesis.DNA-binding transcriptional regulation.basic DNA-binding domain
VIT_18s0001g08710	Vitvi05_01chr18g09420	15.5.1	mapman:RNA biosynthesis.DNA-binding transcriptional regulation.basic DNA-binding domain
VIT_18s0001g12020	Vitvi05_01chr18g13780	15.5.1	mapman:RNA biosynthesis.DNA-binding transcriptional regulation.basic DNA-binding domain
VIT_19s0014g01780	Vitvi05_01chr19g02480	15.5.1	mapman:RNA biosynthesis.DNA-binding transcriptional regulation.basic DNA-binding domain
VIT_19s0177g00230	Vitvi05_01chr19g07670	15.5.1	mapman:RNA biosynthesis.DNA-binding transcriptional regulation.basic DNA-binding domain
VIT_14s0030g02200	Vitvi05_01chr14g08150	15.5.1.1	mapman:RNA biosynthesis.DNA-binding transcriptional regulation.basic DNA-binding domain.basic leucine zipper (bZIP) domain
VIT_18s0001g08710	Vitvi05_01chr18g09420	15.5.1.1	mapman:RNA biosynthesis.DNA-binding transcriptional regulation.basic DNA-binding domain.basic leucine zipper (bZIP) domain
VIT_19s0014g01780	Vitvi05_01chr19g02480	15.5.1.1	mapman:RNA biosynthesis.DNA-binding transcriptional regulation.basic DNA-binding domain.basic leucine zipper (bZIP) domain
VIT_18s0001g08710	Vitvi05_01chr18g09420	15.5.1.1.13	mapman:RNA biosynthesis.DNA-binding transcriptional regulation.basic DNA-binding domain.basic leucine zipper (bZIP) domain.bZIP class-S/SE transcription factor
VIT_14s0030g02200	Vitvi05_01chr14g08150	15.5.1.1.3	mapman:RNA biosynthesis.DNA-binding transcriptional regulation.basic DNA-binding domain.basic leucine zipper (bZIP) domain.bZIP class-C transcription factor
VIT_19s0014g01780	Vitvi05_01chr19g02480	15.5.1.1.5	mapman:RNA biosynthesis.DNA-binding transcriptional regulation.basic DNA-binding domain.basic leucine zipper (bZIP) domain.bZIP class-E transcription factor
VIT_02s0012g01450	Vitvi05_01chr02g11980	15.5.1.2	mapman:RNA biosynthesis.DNA-binding transcriptional regulation.basic DNA-binding domain.basic helix-loop-helix (bHLH) domain
VIT_03s0038g04760	Vitvi05_01chr03g05290	15.5.1.2	mapman:RNA biosynthesis.DNA-binding transcriptional regulation.basic DNA-binding domain.basic helix-loop-helix (bHLH) domain
VIT_03s0091g00210	Vitvi05_01chr03g09280	15.5.1.2	mapman:RNA biosynthesis.DNA-binding transcriptional regulation.basic DNA-binding domain.basic helix-loop-helix (bHLH) domain
VIT_05s0020g04780	Vitvi05_01chr05g09450	15.5.1.2	mapman:RNA biosynthesis.DNA-binding transcriptional regulation.basic DNA-binding domain.basic helix-loop-helix (bHLH) domain
VIT_05s0029g00390	Vitvi05_01chr05g16590	15.5.1.2	mapman:RNA biosynthesis.DNA-binding transcriptional regulation.basic DNA-binding domain.basic helix-loop-helix (bHLH) domain
VIT_09s0002g04120	Vitvi05_01chr09g04750	15.5.1.2	mapman:RNA biosynthesis.DNA-binding transcriptional regulation.basic DNA-binding domain.basic helix-loop-helix (bHLH) domain
VIT_11s0052g00100	Vitvi05_01chr11g16410	15.5.1.2	mapman:RNA biosynthesis.DNA-binding transcriptional regulation.basic DNA-binding domain.basic helix-loop-helix (bHLH) domain
VIT_11s0052g00630	Vitvi05_01chr11g17530	15.5.1.2	mapman:RNA biosynthesis.DNA-binding transcriptional regulation.basic DNA-binding domain.basic helix-loop-helix (bHLH) domain
VIT_12s0059g02320	Vitvi05_01chr12g08480	15.5.1.2	mapman:RNA biosynthesis.DNA-binding transcriptional regulation.basic DNA-binding domain.basic helix-loop-helix (bHLH) domain
VIT_13s0064g01290	Vitvi05_01chr13g26960	15.5.1.2	mapman:RNA biosynthesis.DNA-binding transcriptional regulation.basic DNA-binding domain.basic helix-loop-helix (bHLH) domain
VIT_13s0067g01350	Vitvi05_01chr13g00940	15.5.1.2	mapman:RNA biosynthesis.DNA-binding transcriptional regulation.basic DNA-binding domain.basic helix-loop-helix (bHLH) domain
VIT_18s0001g12020	Vitvi05_01chr18g13780	15.5.1.2	mapman:RNA biosynthesis.DNA-binding transcriptional regulation.basic DNA-binding domain.basic helix-loop-helix (bHLH) domain
VIT_19s0177g00230	Vitvi05_01chr19g07670	15.5.1.2	mapman:RNA biosynthesis.DNA-binding transcriptional regulation.basic DNA-binding domain.basic helix-loop-helix (bHLH) domain
VIT_02s0012g01450	Vitvi05_01chr02g11980	15.5.1.2.1	mapman:RNA biosynthesis.DNA-binding transcriptional regulation.basic DNA-binding domain.basic helix-loop-helix (bHLH) domain.bHLH class-Ia transcription factor
VIT_05s0020g04780	Vitvi05_01chr05g09450	15.5.1.2.13	mapman:RNA biosynthesis.DNA-binding transcriptional regulation.basic DNA-binding domain.basic helix-loop-helix (bHLH) domain.bHLH class-IVd transcription factor
VIT_13s0067g01350	Vitvi05_01chr13g00940	15.5.1.2.15	mapman:RNA biosynthesis.DNA-binding transcriptional regulation.basic DNA-binding domain.basic helix-loop-helix (bHLH) domain.bHLH class-Vb transcription factor
VIT_13s0064g01290	Vitvi05_01chr13g26960	15.5.1.2.20	mapman:RNA biosynthesis.DNA-binding transcriptional regulation.basic DNA-binding domain.basic helix-loop-helix (bHLH) domain.bHLH class-IX transcription factor
VIT_03s0091g00210	Vitvi05_01chr03g09280	15.5.1.2.21	mapman:RNA biosynthesis.DNA-binding transcriptional regulation.basic DNA-binding domain.basic helix-loop-helix (bHLH) domain.bHLH class-X transcription factor
VIT_09s0002g04120	Vitvi05_01chr09g04750	15.5.1.2.21	mapman:RNA biosynthesis.DNA-binding transcriptional regulation.basic DNA-binding domain.basic helix-loop-helix (bHLH) domain.bHLH class-X transcription factor
VIT_12s0059g02320	Vitvi05_01chr12g08480	15.5.1.2.21	mapman:RNA biosynthesis.DNA-binding transcriptional regulation.basic DNA-binding domain.basic helix-loop-helix (bHLH) domain.bHLH class-X transcription factor
VIT_19s0177g00230	Vitvi05_01chr19g07670	15.5.1.2.21	mapman:RNA biosynthesis.DNA-binding transcriptional regulation.basic DNA-binding domain.basic helix-loop-helix (bHLH) domain.bHLH class-X transcription factor
VIT_03s0038g04760	Vitvi05_01chr03g05290	15.5.1.2.23	mapman:RNA biosynthesis.DNA-binding transcriptional regulation.basic DNA-binding domain.basic helix-loop-helix (bHLH) domain.bHLH class-XII transcription factor
VIT_05s0029g00390	Vitvi05_01chr05g16590	15.5.1.2.23	mapman:RNA biosynthesis.DNA-binding transcriptional regulation.basic DNA-binding domain.basic helix-loop-helix (bHLH) domain.bHLH class-XII transcription factor
VIT_11s0052g00630	Vitvi05_01chr11g17530	15.5.1.2.29	mapman:RNA biosynthesis.DNA-binding transcriptional regulation.basic DNA-binding domain.basic helix-loop-helix (bHLH) domain.bHLH transcription factor *(HLH3)
VIT_12s0059g02320	Vitvi05_01chr12g08480	15.5.1.2.33	mapman:RNA biosynthesis.DNA-binding transcriptional regulation.basic DNA-binding domain.basic helix-loop-helix (bHLH) domain.bHLH transcription factor *(VUP)
VIT_19s0177g00230	Vitvi05_01chr19g07670	15.5.1.2.33	mapman:RNA biosynthesis.DNA-binding transcriptional regulation.basic DNA-binding domain.basic helix-loop-helix (bHLH) domain.bHLH transcription factor *(VUP)
VIT_18s0001g12020	Vitvi05_01chr18g13780	15.5.1.2.34	mapman:RNA biosynthesis.DNA-binding transcriptional regulation.basic DNA-binding domain.basic helix-loop-helix (bHLH) domain.BZR-type transcription factor
VIT_11s0052g00100	Vitvi05_01chr11g16410	15.5.1.2.6	mapman:RNA biosynthesis.DNA-binding transcriptional regulation.basic DNA-binding domain.basic helix-loop-helix (bHLH) domain.bHLH class-IIIc transcription factor
VIT_04s0023g01660	Vitvi05_01chr04g18040	15.5.10	mapman:RNA biosynthesis.DNA-binding transcriptional regulation.undefined DNA-binding domain
VIT_05s0020g03880	Vitvi05_01chr05g08080	15.5.10	mapman:RNA biosynthesis.DNA-binding transcriptional regulation.undefined DNA-binding domain
VIT_06s0004g07090	Vitvi05_01chr06g10270	15.5.10	mapman:RNA biosynthesis.DNA-binding transcriptional regulation.undefined DNA-binding domain
VIT_10s0003g01280	Vitvi05_01chr10g10370	15.5.10	mapman:RNA biosynthesis.DNA-binding transcriptional regulation.undefined DNA-binding domain
VIT_12s0028g02160	Vitvi05_01chr12g03100	15.5.10	mapman:RNA biosynthesis.DNA-binding transcriptional regulation.undefined DNA-binding domain
VIT_19s0014g01350	Vitvi05_01chr19g01890	15.5.10	mapman:RNA biosynthesis.DNA-binding transcriptional regulation.undefined DNA-binding domain
VIT_05s0020g03880	Vitvi05_01chr05g08080	15.5.10.1	mapman:RNA biosynthesis.DNA-binding transcriptional regulation.undefined DNA-binding domain.TCX/CPP transcription factor *(TSO1)
VIT_04s0023g01660	Vitvi05_01chr04g18040	15.5.10.2	mapman:RNA biosynthesis.DNA-binding transcriptional regulation.undefined DNA-binding domain.GRAS transcription factor
VIT_06s0004g07090	Vitvi05_01chr06g10270	15.5.10.7	mapman:RNA biosynthesis.DNA-binding transcriptional regulation.undefined DNA-binding domain.ALOG transcription factor
VIT_10s0003g01280	Vitvi05_01chr10g10370	15.5.10.7	mapman:RNA biosynthesis.DNA-binding transcriptional regulation.undefined DNA-binding domain.ALOG transcription factor
VIT_12s0028g02160	Vitvi05_01chr12g03100	15.5.10.7	mapman:RNA biosynthesis.DNA-binding transcriptional regulation.undefined DNA-binding domain.ALOG transcription factor
VIT_19s0014g01350	Vitvi05_01chr19g01890	15.5.10.7	mapman:RNA biosynthesis.DNA-binding transcriptional regulation.undefined DNA-binding domain.ALOG transcription factor
VIT_01s0010g03710	Vitvi05_01chr01g22860	15.5.2	mapman:RNA biosynthesis.DNA-binding transcriptional regulation.zinc-coordinating DNA-binding domain
VIT_01s0011g06200	Vitvi05_01chr01g08090	15.5.2	mapman:RNA biosynthesis.DNA-binding transcriptional regulation.zinc-coordinating DNA-binding domain
VIT_01s0026g02580	Vitvi05_01chr01g15360	15.5.2	mapman:RNA biosynthesis.DNA-binding transcriptional regulation.zinc-coordinating DNA-binding domain
VIT_03s0091g00260	Vitvi05_01chr03g09350	15.5.2	mapman:RNA biosynthesis.DNA-binding transcriptional regulation.zinc-coordinating DNA-binding domain
VIT_04s0008g01160	Vitvi05_01chr04g01270	15.5.2	mapman:RNA biosynthesis.DNA-binding transcriptional regulation.zinc-coordinating DNA-binding domain
VIT_04s0008g03270	Vitvi05_01chr04g03800	15.5.2	mapman:RNA biosynthesis.DNA-binding transcriptional regulation.zinc-coordinating DNA-binding domain
VIT_05s0077g01450	Vitvi05_01chr05g01140	15.5.2	mapman:RNA biosynthesis.DNA-binding transcriptional regulation.zinc-coordinating DNA-binding domain
VIT_06s0004g01870	Vitvi05_01chr06g02930	15.5.2	mapman:RNA biosynthesis.DNA-binding transcriptional regulation.zinc-coordinating DNA-binding domain
VIT_06s0004g07790	Vitvi05_01chr06g11280	15.5.2	mapman:RNA biosynthesis.DNA-binding transcriptional regulation.zinc-coordinating DNA-binding domain
VIT_06s0061g00760	Vitvi05_01chr06g19800	15.5.2	mapman:RNA biosynthesis.DNA-binding transcriptional regulation.zinc-coordinating DNA-binding domain
VIT_07s0129g00240	Vitvi05_01chr07g26470	15.5.2	mapman:RNA biosynthesis.DNA-binding transcriptional regulation.zinc-coordinating DNA-binding domain
VIT_07s0129g00330	Vitvi05_01chr07g26590	15.5.2	mapman:RNA biosynthesis.DNA-binding transcriptional regulation.zinc-coordinating DNA-binding domain
VIT_08s0007g04770	Vitvi05_01chr08g19440	15.5.2	mapman:RNA biosynthesis.DNA-binding transcriptional regulation.zinc-coordinating DNA-binding domain
VIT_08s0007g07550	Vitvi05_01chr08g22950	15.5.2	mapman:RNA biosynthesis.DNA-binding transcriptional regulation.zinc-coordinating DNA-binding domain
VIT_12s0028g03350	Vitvi05_01chr12g04580	15.5.2	mapman:RNA biosynthesis.DNA-binding transcriptional regulation.zinc-coordinating DNA-binding domain
VIT_13s0019g00480	Vitvi05_01chr13g03890	15.5.2	mapman:RNA biosynthesis.DNA-binding transcriptional regulation.zinc-coordinating DNA-binding domain
VIT_13s0019g04390	Vitvi05_01chr13g08290	15.5.2	mapman:RNA biosynthesis.DNA-binding transcriptional regulation.zinc-coordinating DNA-binding domain
VIT_13s0067g02860	Vitvi05_01chr13g20950	15.5.2	mapman:RNA biosynthesis.DNA-binding transcriptional regulation.zinc-coordinating DNA-binding domain
VIT_15s0021g02300	Vitvi05_01chr15g10880	15.5.2	mapman:RNA biosynthesis.DNA-binding transcriptional regulation.zinc-coordinating DNA-binding domain
VIT_15s0021g02510	Vitvi05_01chr15g11290	15.5.2	mapman:RNA biosynthesis.DNA-binding transcriptional regulation.zinc-coordinating DNA-binding domain
VIT_15s0046g00150	Vitvi05_01chr15g16360	15.5.2	mapman:RNA biosynthesis.DNA-binding transcriptional regulation.zinc-coordinating DNA-binding domain
VIT_15s0046g00230	Vitvi05_01chr15g16460	15.5.2	mapman:RNA biosynthesis.DNA-binding transcriptional regulation.zinc-coordinating DNA-binding domain
VIT_15s0048g00830	Vitvi05_01chr15g13120	15.5.2	mapman:RNA biosynthesis.DNA-binding transcriptional regulation.zinc-coordinating DNA-binding domain
VIT_16s0098g01080	Vitvi05_01chr16g21260	15.5.2	mapman:RNA biosynthesis.DNA-binding transcriptional regulation.zinc-coordinating DNA-binding domain
VIT_17s0000g05020	Vitvi05_01chr17g07220	15.5.2	mapman:RNA biosynthesis.DNA-binding transcriptional regulation.zinc-coordinating DNA-binding domain
VIT_17s0000g08290	Vitvi05_01chr17g12090	15.5.2	mapman:RNA biosynthesis.DNA-binding transcriptional regulation.zinc-coordinating DNA-binding domain
VIT_18s0001g15730	Vitvi05_01chr18g18600	15.5.2	mapman:RNA biosynthesis.DNA-binding transcriptional regulation.zinc-coordinating DNA-binding domain
VIT_04s0008g01160	Vitvi05_01chr04g01270	15.5.2.1	mapman:RNA biosynthesis.DNA-binding transcriptional regulation.zinc-coordinating DNA-binding domain.Cys2-His2-related domain
VIT_06s0004g01870	Vitvi05_01chr06g02930	15.5.2.1	mapman:RNA biosynthesis.DNA-binding transcriptional regulation.zinc-coordinating DNA-binding domain.Cys2-His2-related domain
VIT_04s0008g01160	Vitvi05_01chr04g01270	15.5.2.1.2	mapman:RNA biosynthesis.DNA-binding transcriptional regulation.zinc-coordinating DNA-binding domain.Cys2-His2-related domain.IDD/IDZ-type transcription factor
VIT_06s0004g01870	Vitvi05_01chr06g02930	15.5.2.1.3	mapman:RNA biosynthesis.DNA-binding transcriptional regulation.zinc-coordinating DNA-binding domain.Cys2-His2-related domain.WIP-type transcription factor
VIT_04s0008g03270	Vitvi05_01chr04g03800	15.5.2.2	mapman:RNA biosynthesis.DNA-binding transcriptional regulation.zinc-coordinating DNA-binding domain.Cys4-GATA-related domain
VIT_05s0077g01450	Vitvi05_01chr05g01140	15.5.2.2	mapman:RNA biosynthesis.DNA-binding transcriptional regulation.zinc-coordinating DNA-binding domain.Cys4-GATA-related domain
VIT_08s0007g07550	Vitvi05_01chr08g22950	15.5.2.2	mapman:RNA biosynthesis.DNA-binding transcriptional regulation.zinc-coordinating DNA-binding domain.Cys4-GATA-related domain
VIT_13s0019g04390	Vitvi05_01chr13g08290	15.5.2.2	mapman:RNA biosynthesis.DNA-binding transcriptional regulation.zinc-coordinating DNA-binding domain.Cys4-GATA-related domain
VIT_15s0021g02510	Vitvi05_01chr15g11290	15.5.2.2	mapman:RNA biosynthesis.DNA-binding transcriptional regulation.zinc-coordinating DNA-binding domain.Cys4-GATA-related domain
VIT_04s0008g03270	Vitvi05_01chr04g03800	15.5.2.2.1	mapman:RNA biosynthesis.DNA-binding transcriptional regulation.zinc-coordinating DNA-binding domain.Cys4-GATA-related domain.A/B-GATA-type transcription factor
VIT_05s0077g01450	Vitvi05_01chr05g01140	15.5.2.2.1	mapman:RNA biosynthesis.DNA-binding transcriptional regulation.zinc-coordinating DNA-binding domain.Cys4-GATA-related domain.A/B-GATA-type transcription factor
VIT_08s0007g07550	Vitvi05_01chr08g22950	15.5.2.2.1	mapman:RNA biosynthesis.DNA-binding transcriptional regulation.zinc-coordinating DNA-binding domain.Cys4-GATA-related domain.A/B-GATA-type transcription factor
VIT_13s0019g04390	Vitvi05_01chr13g08290	15.5.2.2.1	mapman:RNA biosynthesis.DNA-binding transcriptional regulation.zinc-coordinating DNA-binding domain.Cys4-GATA-related domain.A/B-GATA-type transcription factor
VIT_15s0021g02510	Vitvi05_01chr15g11290	15.5.2.2.1	mapman:RNA biosynthesis.DNA-binding transcriptional regulation.zinc-coordinating DNA-binding domain.Cys4-GATA-related domain.A/B-GATA-type transcription factor
VIT_01s0026g02580	Vitvi05_01chr01g15360	15.5.2.3	mapman:RNA biosynthesis.DNA-binding transcriptional regulation.zinc-coordinating DNA-binding domain.DOF transcription factor
VIT_15s0046g00150	Vitvi05_01chr15g16360	15.5.2.3	mapman:RNA biosynthesis.DNA-binding transcriptional regulation.zinc-coordinating DNA-binding domain.DOF transcription factor
VIT_17s0000g08290	Vitvi05_01chr17g12090	15.5.2.3	mapman:RNA biosynthesis.DNA-binding transcriptional regulation.zinc-coordinating DNA-binding domain.DOF transcription factor
VIT_18s0001g15730	Vitvi05_01chr18g18600	15.5.2.3	mapman:RNA biosynthesis.DNA-binding transcriptional regulation.zinc-coordinating DNA-binding domain.DOF transcription factor
VIT_01s0010g03710	Vitvi05_01chr01g22860	15.5.2.4	mapman:RNA biosynthesis.DNA-binding transcriptional regulation.zinc-coordinating DNA-binding domain.SBP transcription factor
VIT_12s0028g03350	Vitvi05_01chr12g04580	15.5.2.4	mapman:RNA biosynthesis.DNA-binding transcriptional regulation.zinc-coordinating DNA-binding domain.SBP transcription factor
VIT_15s0021g02300	Vitvi05_01chr15g10880	15.5.2.4	mapman:RNA biosynthesis.DNA-binding transcriptional regulation.zinc-coordinating DNA-binding domain.SBP transcription factor
VIT_17s0000g05020	Vitvi05_01chr17g07220	15.5.2.4	mapman:RNA biosynthesis.DNA-binding transcriptional regulation.zinc-coordinating DNA-binding domain.SBP transcription factor
VIT_06s0004g07790	Vitvi05_01chr06g11280	15.5.2.5	mapman:RNA biosynthesis.DNA-binding transcriptional regulation.zinc-coordinating DNA-binding domain.AS2/LOB transcription factor
VIT_07s0129g00330	Vitvi05_01chr07g26590	15.5.2.5	mapman:RNA biosynthesis.DNA-binding transcriptional regulation.zinc-coordinating DNA-binding domain.AS2/LOB transcription factor
VIT_15s0046g00230	Vitvi05_01chr15g16460	15.5.2.5	mapman:RNA biosynthesis.DNA-binding transcriptional regulation.zinc-coordinating DNA-binding domain.AS2/LOB transcription factor
VIT_15s0048g00830	Vitvi05_01chr15g13120	15.5.2.5	mapman:RNA biosynthesis.DNA-binding transcriptional regulation.zinc-coordinating DNA-binding domain.AS2/LOB transcription factor
VIT_16s0098g01080	Vitvi05_01chr16g21260	15.5.2.6	mapman:RNA biosynthesis.DNA-binding transcriptional regulation.zinc-coordinating DNA-binding domain.GRF transcription factor
VIT_13s0067g02860	Vitvi05_01chr13g20950	15.5.2.7	mapman:RNA biosynthesis.DNA-binding transcriptional regulation.zinc-coordinating DNA-binding domain.STY/SRS transcription factor
VIT_06s0061g00760	Vitvi05_01chr06g19800	15.5.2.8	mapman:RNA biosynthesis.DNA-binding transcriptional regulation.zinc-coordinating DNA-binding domain.ZAT transcription factor
VIT_07s0129g00240	Vitvi05_01chr07g26470	15.5.2.8	mapman:RNA biosynthesis.DNA-binding transcriptional regulation.zinc-coordinating DNA-binding domain.ZAT transcription factor
VIT_08s0007g04770	Vitvi05_01chr08g19440	15.5.2.8	mapman:RNA biosynthesis.DNA-binding transcriptional regulation.zinc-coordinating DNA-binding domain.ZAT transcription factor
VIT_13s0019g00480	Vitvi05_01chr13g03890	15.5.2.8	mapman:RNA biosynthesis.DNA-binding transcriptional regulation.zinc-coordinating DNA-binding domain.ZAT transcription factor
VIT_01s0011g06200	Vitvi05_01chr01g08090	15.5.2.9	mapman:RNA biosynthesis.DNA-binding transcriptional regulation.zinc-coordinating DNA-binding domain.ZFP transcription factor
VIT_03s0091g00260	Vitvi05_01chr03g09350	15.5.2.9	mapman:RNA biosynthesis.DNA-binding transcriptional regulation.zinc-coordinating DNA-binding domain.ZFP transcription factor
VIT_01s0026g01050	Vitvi05_01chr01g13260	15.5.3	mapman:RNA biosynthesis.DNA-binding transcriptional regulation.helix-turn-helix DNA-binding domain
VIT_01s0026g01910	Vitvi05_01chr01g14450	15.5.3	mapman:RNA biosynthesis.DNA-binding transcriptional regulation.helix-turn-helix DNA-binding domain
VIT_02s0012g00570	Vitvi05_01chr02g10740	15.5.3	mapman:RNA biosynthesis.DNA-binding transcriptional regulation.helix-turn-helix DNA-binding domain
VIT_02s0025g00200	Vitvi05_01chr02g00190	15.5.3	mapman:RNA biosynthesis.DNA-binding transcriptional regulation.helix-turn-helix DNA-binding domain
VIT_02s0033g00300	Vitvi05_01chr02g15870	15.5.3	mapman:RNA biosynthesis.DNA-binding transcriptional regulation.helix-turn-helix DNA-binding domain
VIT_02s0033g00390	Vitvi05_01chr02g15970	15.5.3	mapman:RNA biosynthesis.DNA-binding transcriptional regulation.helix-turn-helix DNA-binding domain
VIT_02s0033g00410	Vitvi05_01chr02g15990	15.5.3	mapman:RNA biosynthesis.DNA-binding transcriptional regulation.helix-turn-helix DNA-binding domain
VIT_02s0033g00450	Vitvi05_01chr02g16040	15.5.3	mapman:RNA biosynthesis.DNA-binding transcriptional regulation.helix-turn-helix DNA-binding domain
VIT_03s0063g02620	Vitvi05_01chr03g05500	15.5.3	mapman:RNA biosynthesis.DNA-binding transcriptional regulation.helix-turn-helix DNA-binding domain
VIT_03s0180g00210	Vitvi05_01chr03g08840	15.5.3	mapman:RNA biosynthesis.DNA-binding transcriptional regulation.helix-turn-helix DNA-binding domain
VIT_04s0008g01110	Vitvi05_01chr04g01220	15.5.3	mapman:RNA biosynthesis.DNA-binding transcriptional regulation.helix-turn-helix DNA-binding domain
VIT_04s0008g01850	Vitvi05_01chr04g02110	15.5.3	mapman:RNA biosynthesis.DNA-binding transcriptional regulation.helix-turn-helix DNA-binding domain
VIT_04s0023g03710	Vitvi05_01chr04g20720	15.5.3	mapman:RNA biosynthesis.DNA-binding transcriptional regulation.helix-turn-helix DNA-binding domain
VIT_05s0049g01020	Vitvi05_01chr05g11030	15.5.3	mapman:RNA biosynthesis.DNA-binding transcriptional regulation.helix-turn-helix DNA-binding domain
VIT_07s0005g01210	Vitvi05_01chr07g06160	15.5.3	mapman:RNA biosynthesis.DNA-binding transcriptional regulation.helix-turn-helix DNA-binding domain
VIT_07s0005g03340	Vitvi05_01chr07g09050	15.5.3	mapman:RNA biosynthesis.DNA-binding transcriptional regulation.helix-turn-helix DNA-binding domain
VIT_07s0031g01930	Vitvi05_01chr07g30020	15.5.3	mapman:RNA biosynthesis.DNA-binding transcriptional regulation.helix-turn-helix DNA-binding domain
VIT_07s0197g00060	Vitvi05_01chr07g22110	15.5.3	mapman:RNA biosynthesis.DNA-binding transcriptional regulation.helix-turn-helix DNA-binding domain
VIT_08s0007g03820	Vitvi05_01chr08g18210	15.5.3	mapman:RNA biosynthesis.DNA-binding transcriptional regulation.helix-turn-helix DNA-binding domain
VIT_08s0007g04180	Vitvi05_01chr08g18660	15.5.3	mapman:RNA biosynthesis.DNA-binding transcriptional regulation.helix-turn-helix DNA-binding domain
VIT_10s0003g00380	Vitvi05_01chr10g09090	15.5.3	mapman:RNA biosynthesis.DNA-binding transcriptional regulation.helix-turn-helix DNA-binding domain
VIT_10s0003g04670	Vitvi05_01chr10g16080	15.5.3	mapman:RNA biosynthesis.DNA-binding transcriptional regulation.helix-turn-helix DNA-binding domain
VIT_12s0028g03100	Vitvi05_01chr12g04290	15.5.3	mapman:RNA biosynthesis.DNA-binding transcriptional regulation.helix-turn-helix DNA-binding domain
VIT_12s0059g02360	Vitvi05_01chr12g08540	15.5.3	mapman:RNA biosynthesis.DNA-binding transcriptional regulation.helix-turn-helix DNA-binding domain
VIT_13s0156g00260	Vitvi05_01chr13g28230	15.5.3	mapman:RNA biosynthesis.DNA-binding transcriptional regulation.helix-turn-helix DNA-binding domain
VIT_14s0066g01090	Vitvi05_01chr14g26520	15.5.3	mapman:RNA biosynthesis.DNA-binding transcriptional regulation.helix-turn-helix DNA-binding domain
VIT_15s0021g01880	Vitvi05_01chr15g10140	15.5.3	mapman:RNA biosynthesis.DNA-binding transcriptional regulation.helix-turn-helix DNA-binding domain
VIT_15s0046g00170	Vitvi05_01chr15g16380	15.5.3	mapman:RNA biosynthesis.DNA-binding transcriptional regulation.helix-turn-helix DNA-binding domain
VIT_15s0048g02870	Vitvi05_01chr15g15830	15.5.3	mapman:RNA biosynthesis.DNA-binding transcriptional regulation.helix-turn-helix DNA-binding domain
VIT_18s0001g06430	Vitvi05_01chr18g06560	15.5.3	mapman:RNA biosynthesis.DNA-binding transcriptional regulation.helix-turn-helix DNA-binding domain
VIT_18s0122g01140	Vitvi05_01chr18g01130	15.5.3	mapman:RNA biosynthesis.DNA-binding transcriptional regulation.helix-turn-helix DNA-binding domain
VIT_19s0085g00050	Vitvi05_01chr19g21610	15.5.3	mapman:RNA biosynthesis.DNA-binding transcriptional regulation.helix-turn-helix DNA-binding domain
VIT_02s0025g00200	Vitvi05_01chr02g00190	15.5.3.1	mapman:RNA biosynthesis.DNA-binding transcriptional regulation.helix-turn-helix DNA-binding domain.HOMEO domain
VIT_10s0003g00380	Vitvi05_01chr10g09090	15.5.3.1	mapman:RNA biosynthesis.DNA-binding transcriptional regulation.helix-turn-helix DNA-binding domain.HOMEO domain
VIT_10s0003g04670	Vitvi05_01chr10g16080	15.5.3.1	mapman:RNA biosynthesis.DNA-binding transcriptional regulation.helix-turn-helix DNA-binding domain.HOMEO domain
VIT_13s0156g00260	Vitvi05_01chr13g28230	15.5.3.1	mapman:RNA biosynthesis.DNA-binding transcriptional regulation.helix-turn-helix DNA-binding domain.HOMEO domain
VIT_15s0021g01880	Vitvi05_01chr15g10140	15.5.3.1	mapman:RNA biosynthesis.DNA-binding transcriptional regulation.helix-turn-helix DNA-binding domain.HOMEO domain
VIT_15s0048g02870	Vitvi05_01chr15g15830	15.5.3.1	mapman:RNA biosynthesis.DNA-binding transcriptional regulation.helix-turn-helix DNA-binding domain.HOMEO domain
VIT_18s0001g06430	Vitvi05_01chr18g06560	15.5.3.1	mapman:RNA biosynthesis.DNA-binding transcriptional regulation.helix-turn-helix DNA-binding domain.HOMEO domain
VIT_18s0122g01140	Vitvi05_01chr18g01130	15.5.3.1	mapman:RNA biosynthesis.DNA-binding transcriptional regulation.helix-turn-helix DNA-binding domain.HOMEO domain
VIT_10s0003g00380	Vitvi05_01chr10g09090	15.5.3.1.1	mapman:RNA biosynthesis.DNA-binding transcriptional regulation.helix-turn-helix DNA-binding domain.HOMEO domain.HD-ZIP I/II-type transcription factor
VIT_13s0156g00260	Vitvi05_01chr13g28230	15.5.3.1.1	mapman:RNA biosynthesis.DNA-binding transcriptional regulation.helix-turn-helix DNA-binding domain.HOMEO domain.HD-ZIP I/II-type transcription factor
VIT_15s0021g01880	Vitvi05_01chr15g10140	15.5.3.1.1	mapman:RNA biosynthesis.DNA-binding transcriptional regulation.helix-turn-helix DNA-binding domain.HOMEO domain.HD-ZIP I/II-type transcription factor
VIT_15s0048g02870	Vitvi05_01chr15g15830	15.5.3.1.1	mapman:RNA biosynthesis.DNA-binding transcriptional regulation.helix-turn-helix DNA-binding domain.HOMEO domain.HD-ZIP I/II-type transcription factor
VIT_18s0001g06430	Vitvi05_01chr18g06560	15.5.3.1.1	mapman:RNA biosynthesis.DNA-binding transcriptional regulation.helix-turn-helix DNA-binding domain.HOMEO domain.HD-ZIP I/II-type transcription factor
VIT_10s0003g04670	Vitvi05_01chr10g16080	15.5.3.1.2	mapman:RNA biosynthesis.DNA-binding transcriptional regulation.helix-turn-helix DNA-binding domain.HOMEO domain.HD-ZIP III-type transcription factor activity
VIT_10s0003g04670	Vitvi05_01chr10g16080	15.5.3.1.2.1	mapman:RNA biosynthesis.DNA-binding transcriptional regulation.helix-turn-helix DNA-binding domain.HOMEO domain.HD-ZIP III-type transcription factor activity.HD-ZIP III-type transcription factor
VIT_02s0025g00200	Vitvi05_01chr02g00190	15.5.3.1.4	mapman:RNA biosynthesis.DNA-binding transcriptional regulation.helix-turn-helix DNA-binding domain.HOMEO domain.TALE transcription factor family
VIT_02s0025g00200	Vitvi05_01chr02g00190	15.5.3.1.4.3	mapman:RNA biosynthesis.DNA-binding transcriptional regulation.helix-turn-helix DNA-binding domain.HOMEO domain.TALE transcription factor family.BEL transcription factor
VIT_18s0122g01140	Vitvi05_01chr18g01130	15.5.3.1.5	mapman:RNA biosynthesis.DNA-binding transcriptional regulation.helix-turn-helix DNA-binding domain.HOMEO domain.WOX-type transcription factor
VIT_01s0026g01050	Vitvi05_01chr01g13260	15.5.3.2	mapman:RNA biosynthesis.DNA-binding transcriptional regulation.helix-turn-helix DNA-binding domain.tryptophan-cluster structure
VIT_03s0063g02620	Vitvi05_01chr03g05500	15.5.3.2	mapman:RNA biosynthesis.DNA-binding transcriptional regulation.helix-turn-helix DNA-binding domain.tryptophan-cluster structure
VIT_07s0031g01930	Vitvi05_01chr07g30020	15.5.3.2	mapman:RNA biosynthesis.DNA-binding transcriptional regulation.helix-turn-helix DNA-binding domain.tryptophan-cluster structure
VIT_03s0063g02620	Vitvi05_01chr03g05500	15.5.3.2.1	mapman:RNA biosynthesis.DNA-binding transcriptional regulation.helix-turn-helix DNA-binding domain.tryptophan-cluster structure.RADIALIS-type transcription factor
VIT_07s0031g01930	Vitvi05_01chr07g30020	15.5.3.2.6	mapman:RNA biosynthesis.DNA-binding transcriptional regulation.helix-turn-helix DNA-binding domain.tryptophan-cluster structure.transcription factor *(TKI)
VIT_01s0026g01050	Vitvi05_01chr01g13260	15.5.3.2.7	mapman:RNA biosynthesis.DNA-binding transcriptional regulation.helix-turn-helix DNA-binding domain.tryptophan-cluster structure.MYBR-R-type transcription factor
VIT_02s0012g00570	Vitvi05_01chr02g10740	15.5.3.3	mapman:RNA biosynthesis.DNA-binding transcriptional regulation.helix-turn-helix DNA-binding domain.GARP-G2-like domain
VIT_02s0033g00300	Vitvi05_01chr02g15870	15.5.3.3	mapman:RNA biosynthesis.DNA-binding transcriptional regulation.helix-turn-helix DNA-binding domain.GARP-G2-like domain
VIT_07s0197g00060	Vitvi05_01chr07g22110	15.5.3.3	mapman:RNA biosynthesis.DNA-binding transcriptional regulation.helix-turn-helix DNA-binding domain.GARP-G2-like domain
VIT_12s0028g03100	Vitvi05_01chr12g04290	15.5.3.3	mapman:RNA biosynthesis.DNA-binding transcriptional regulation.helix-turn-helix DNA-binding domain.GARP-G2-like domain
VIT_02s0012g00570	Vitvi05_01chr02g10740	15.5.3.3.1	mapman:RNA biosynthesis.DNA-binding transcriptional regulation.helix-turn-helix DNA-binding domain.GARP-G2-like domain.transcription factor *(GLK1/2)
VIT_12s0028g03100	Vitvi05_01chr12g04290	15.5.3.3.1	mapman:RNA biosynthesis.DNA-binding transcriptional regulation.helix-turn-helix DNA-binding domain.GARP-G2-like domain.transcription factor *(GLK1/2)
VIT_07s0197g00060	Vitvi05_01chr07g22110	15.5.3.3.2	mapman:RNA biosynthesis.DNA-binding transcriptional regulation.helix-turn-helix DNA-binding domain.GARP-G2-like domain.HHO-type transcription factor
VIT_02s0033g00300	Vitvi05_01chr02g15870	15.5.3.3.3	mapman:RNA biosynthesis.DNA-binding transcriptional regulation.helix-turn-helix DNA-binding domain.GARP-G2-like domain.PHL-type transcription factor
VIT_04s0008g01110	Vitvi05_01chr04g01220	15.5.3.4	mapman:RNA biosynthesis.DNA-binding transcriptional regulation.helix-turn-helix DNA-binding domain.HSF transcription factor
VIT_04s0008g01850	Vitvi05_01chr04g02110	15.5.3.7	mapman:RNA biosynthesis.DNA-binding transcriptional regulation.helix-turn-helix DNA-binding domain.TRIHELIX family
VIT_08s0007g03820	Vitvi05_01chr08g18210	15.5.3.7	mapman:RNA biosynthesis.DNA-binding transcriptional regulation.helix-turn-helix DNA-binding domain.TRIHELIX family
VIT_08s0007g04180	Vitvi05_01chr08g18660	15.5.3.7	mapman:RNA biosynthesis.DNA-binding transcriptional regulation.helix-turn-helix DNA-binding domain.TRIHELIX family
VIT_04s0008g01850	Vitvi05_01chr04g02110	15.5.3.7.4	mapman:RNA biosynthesis.DNA-binding transcriptional regulation.helix-turn-helix DNA-binding domain.TRIHELIX family.transcription factor *(GT2)
VIT_08s0007g03820	Vitvi05_01chr08g18210	15.5.3.7.4	mapman:RNA biosynthesis.DNA-binding transcriptional regulation.helix-turn-helix DNA-binding domain.TRIHELIX family.transcription factor *(GT2)
VIT_08s0007g04180	Vitvi05_01chr08g18660	15.5.3.7.7	mapman:RNA biosynthesis.DNA-binding transcriptional regulation.helix-turn-helix DNA-binding domain.TRIHELIX family.transcription factor
VIT_01s0026g01910	Vitvi05_01chr01g14450	15.5.3.9	mapman:RNA biosynthesis.DNA-binding transcriptional regulation.helix-turn-helix DNA-binding domain.MYB  transcription factor family
VIT_02s0033g00390	Vitvi05_01chr02g15970	15.5.3.9	mapman:RNA biosynthesis.DNA-binding transcriptional regulation.helix-turn-helix DNA-binding domain.MYB  transcription factor family
VIT_02s0033g00410	Vitvi05_01chr02g15990	15.5.3.9	mapman:RNA biosynthesis.DNA-binding transcriptional regulation.helix-turn-helix DNA-binding domain.MYB  transcription factor family
VIT_02s0033g00450	Vitvi05_01chr02g16040	15.5.3.9	mapman:RNA biosynthesis.DNA-binding transcriptional regulation.helix-turn-helix DNA-binding domain.MYB  transcription factor family
VIT_03s0180g00210	Vitvi05_01chr03g08840	15.5.3.9	mapman:RNA biosynthesis.DNA-binding transcriptional regulation.helix-turn-helix DNA-binding domain.MYB  transcription factor family
VIT_04s0023g03710	Vitvi05_01chr04g20720	15.5.3.9	mapman:RNA biosynthesis.DNA-binding transcriptional regulation.helix-turn-helix DNA-binding domain.MYB  transcription factor family
VIT_05s0049g01020	Vitvi05_01chr05g11030	15.5.3.9	mapman:RNA biosynthesis.DNA-binding transcriptional regulation.helix-turn-helix DNA-binding domain.MYB  transcription factor family
VIT_07s0005g01210	Vitvi05_01chr07g06160	15.5.3.9	mapman:RNA biosynthesis.DNA-binding transcriptional regulation.helix-turn-helix DNA-binding domain.MYB  transcription factor family
VIT_07s0005g03340	Vitvi05_01chr07g09050	15.5.3.9	mapman:RNA biosynthesis.DNA-binding transcriptional regulation.helix-turn-helix DNA-binding domain.MYB  transcription factor family
VIT_12s0059g02360	Vitvi05_01chr12g08540	15.5.3.9	mapman:RNA biosynthesis.DNA-binding transcriptional regulation.helix-turn-helix DNA-binding domain.MYB  transcription factor family
VIT_14s0066g01090	Vitvi05_01chr14g26520	15.5.3.9	mapman:RNA biosynthesis.DNA-binding transcriptional regulation.helix-turn-helix DNA-binding domain.MYB  transcription factor family
VIT_15s0046g00170	Vitvi05_01chr15g16380	15.5.3.9	mapman:RNA biosynthesis.DNA-binding transcriptional regulation.helix-turn-helix DNA-binding domain.MYB  transcription factor family
VIT_19s0085g00050	Vitvi05_01chr19g21610	15.5.3.9	mapman:RNA biosynthesis.DNA-binding transcriptional regulation.helix-turn-helix DNA-binding domain.MYB  transcription factor family
VIT_12s0059g02360	Vitvi05_01chr12g08540	15.5.3.9.1	mapman:RNA biosynthesis.DNA-binding transcriptional regulation.helix-turn-helix DNA-binding domain.MYB  transcription factor family.R3-MYB transcription factor
VIT_01s0026g01910	Vitvi05_01chr01g14450	15.5.3.9.2	mapman:RNA biosynthesis.DNA-binding transcriptional regulation.helix-turn-helix DNA-binding domain.MYB  transcription factor family.R2R3-MYB transcription factor family
VIT_02s0033g00390	Vitvi05_01chr02g15970	15.5.3.9.2	mapman:RNA biosynthesis.DNA-binding transcriptional regulation.helix-turn-helix DNA-binding domain.MYB  transcription factor family.R2R3-MYB transcription factor family
VIT_02s0033g00410	Vitvi05_01chr02g15990	15.5.3.9.2	mapman:RNA biosynthesis.DNA-binding transcriptional regulation.helix-turn-helix DNA-binding domain.MYB  transcription factor family.R2R3-MYB transcription factor family
VIT_02s0033g00450	Vitvi05_01chr02g16040	15.5.3.9.2	mapman:RNA biosynthesis.DNA-binding transcriptional regulation.helix-turn-helix DNA-binding domain.MYB  transcription factor family.R2R3-MYB transcription factor family
VIT_03s0180g00210	Vitvi05_01chr03g08840	15.5.3.9.2	mapman:RNA biosynthesis.DNA-binding transcriptional regulation.helix-turn-helix DNA-binding domain.MYB  transcription factor family.R2R3-MYB transcription factor family
VIT_04s0023g03710	Vitvi05_01chr04g20720	15.5.3.9.2	mapman:RNA biosynthesis.DNA-binding transcriptional regulation.helix-turn-helix DNA-binding domain.MYB  transcription factor family.R2R3-MYB transcription factor family
VIT_05s0049g01020	Vitvi05_01chr05g11030	15.5.3.9.2	mapman:RNA biosynthesis.DNA-binding transcriptional regulation.helix-turn-helix DNA-binding domain.MYB  transcription factor family.R2R3-MYB transcription factor family
VIT_07s0005g01210	Vitvi05_01chr07g06160	15.5.3.9.2	mapman:RNA biosynthesis.DNA-binding transcriptional regulation.helix-turn-helix DNA-binding domain.MYB  transcription factor family.R2R3-MYB transcription factor family
VIT_07s0005g03340	Vitvi05_01chr07g09050	15.5.3.9.2	mapman:RNA biosynthesis.DNA-binding transcriptional regulation.helix-turn-helix DNA-binding domain.MYB  transcription factor family.R2R3-MYB transcription factor family
VIT_14s0066g01090	Vitvi05_01chr14g26520	15.5.3.9.2	mapman:RNA biosynthesis.DNA-binding transcriptional regulation.helix-turn-helix DNA-binding domain.MYB  transcription factor family.R2R3-MYB transcription factor family
VIT_15s0046g00170	Vitvi05_01chr15g16380	15.5.3.9.2	mapman:RNA biosynthesis.DNA-binding transcriptional regulation.helix-turn-helix DNA-binding domain.MYB  transcription factor family.R2R3-MYB transcription factor family
VIT_19s0085g00050	Vitvi05_01chr19g21610	15.5.3.9.2	mapman:RNA biosynthesis.DNA-binding transcriptional regulation.helix-turn-helix DNA-binding domain.MYB  transcription factor family.R2R3-MYB transcription factor family
VIT_14s0066g01090	Vitvi05_01chr14g26520	15.5.3.9.2.15	mapman:RNA biosynthesis.DNA-binding transcriptional regulation.helix-turn-helix DNA-binding domain.MYB  transcription factor family.R2R3-MYB transcription factor family.subgroup-19/20 transcription factor
VIT_03s0180g00210	Vitvi05_01chr03g08840	15.5.3.9.2.17	mapman:RNA biosynthesis.DNA-binding transcriptional regulation.helix-turn-helix DNA-binding domain.MYB  transcription factor family.R2R3-MYB transcription factor family.subgroup-22/23 transcription factor
VIT_15s0046g00170	Vitvi05_01chr15g16380	15.5.3.9.2.19	mapman:RNA biosynthesis.DNA-binding transcriptional regulation.helix-turn-helix DNA-binding domain.MYB  transcription factor family.R2R3-MYB transcription factor family.subgroup transcription factor *(MYB5)
VIT_05s0049g01020	Vitvi05_01chr05g11030	15.5.3.9.2.2	mapman:RNA biosynthesis.DNA-binding transcriptional regulation.helix-turn-helix DNA-binding domain.MYB  transcription factor family.R2R3-MYB transcription factor family.subgroup-2 transcription factor
VIT_07s0005g03340	Vitvi05_01chr07g09050	15.5.3.9.2.2	mapman:RNA biosynthesis.DNA-binding transcriptional regulation.helix-turn-helix DNA-binding domain.MYB  transcription factor family.R2R3-MYB transcription factor family.subgroup-2 transcription factor
VIT_01s0026g01910	Vitvi05_01chr01g14450	15.5.3.9.2.24	mapman:RNA biosynthesis.DNA-binding transcriptional regulation.helix-turn-helix DNA-binding domain.MYB  transcription factor family.R2R3-MYB transcription factor family.subgroup transcription factor *(FLP/MYB88)
VIT_19s0085g00050	Vitvi05_01chr19g21610	15.5.3.9.2.3	mapman:RNA biosynthesis.DNA-binding transcriptional regulation.helix-turn-helix DNA-binding domain.MYB  transcription factor family.R2R3-MYB transcription factor family.subgroup-3 transcription factor
VIT_04s0023g03710	Vitvi05_01chr04g20720	15.5.3.9.2.4	mapman:RNA biosynthesis.DNA-binding transcriptional regulation.helix-turn-helix DNA-binding domain.MYB  transcription factor family.R2R3-MYB transcription factor family.subgroup-4 transcription factor
VIT_02s0033g00390	Vitvi05_01chr02g15970	15.5.3.9.2.5	mapman:RNA biosynthesis.DNA-binding transcriptional regulation.helix-turn-helix DNA-binding domain.MYB  transcription factor family.R2R3-MYB transcription factor family.subgroup-6 transcription factor
VIT_02s0033g00410	Vitvi05_01chr02g15990	15.5.3.9.2.5	mapman:RNA biosynthesis.DNA-binding transcriptional regulation.helix-turn-helix DNA-binding domain.MYB  transcription factor family.R2R3-MYB transcription factor family.subgroup-6 transcription factor
VIT_02s0033g00450	Vitvi05_01chr02g16040	15.5.3.9.2.5	mapman:RNA biosynthesis.DNA-binding transcriptional regulation.helix-turn-helix DNA-binding domain.MYB  transcription factor family.R2R3-MYB transcription factor family.subgroup-6 transcription factor
VIT_07s0005g01210	Vitvi05_01chr07g06160	15.5.3.9.2.6	mapman:RNA biosynthesis.DNA-binding transcriptional regulation.helix-turn-helix DNA-binding domain.MYB  transcription factor family.R2R3-MYB transcription factor family.subgroup-7 transcription factor
VIT_00s0956g00020	Vitvi05_01chr10g03980	15.5.4	mapman:RNA biosynthesis.DNA-binding transcriptional regulation.other all-alpha-helix DNA-binding domain
VIT_02s0154g00070	Vitvi05_01chr02g07130	15.5.4	mapman:RNA biosynthesis.DNA-binding transcriptional regulation.other all-alpha-helix DNA-binding domain
VIT_05s0102g00750	Vitvi05_01chr05g23360	15.5.4	mapman:RNA biosynthesis.DNA-binding transcriptional regulation.other all-alpha-helix DNA-binding domain
VIT_08s0032g01110	Vitvi05_01chr08g04310	15.5.4	mapman:RNA biosynthesis.DNA-binding transcriptional regulation.other all-alpha-helix DNA-binding domain
VIT_11s0016g01480	Vitvi05_01chr11g01580	15.5.4	mapman:RNA biosynthesis.DNA-binding transcriptional regulation.other all-alpha-helix DNA-binding domain
VIT_14s0068g01380	Vitvi05_01chr14g22450	15.5.4	mapman:RNA biosynthesis.DNA-binding transcriptional regulation.other all-alpha-helix DNA-binding domain
VIT_15s0048g00550	Vitvi05_01chr15g12720	15.5.4	mapman:RNA biosynthesis.DNA-binding transcriptional regulation.other all-alpha-helix DNA-binding domain
VIT_02s0154g00070	Vitvi05_01chr02g07130	15.5.4.1	mapman:RNA biosynthesis.DNA-binding transcriptional regulation.other all-alpha-helix DNA-binding domain.transcription factor *(YABBY)
VIT_08s0032g01110	Vitvi05_01chr08g04310	15.5.4.1	mapman:RNA biosynthesis.DNA-binding transcriptional regulation.other all-alpha-helix DNA-binding domain.transcription factor *(YABBY)
VIT_15s0048g00550	Vitvi05_01chr15g12720	15.5.4.1	mapman:RNA biosynthesis.DNA-binding transcriptional regulation.other all-alpha-helix DNA-binding domain.transcription factor *(YABBY)
VIT_00s0956g00020	Vitvi05_01chr10g03980	15.5.4.3	mapman:RNA biosynthesis.DNA-binding transcriptional regulation.other all-alpha-helix DNA-binding domain.NF-Y transcription factor complex
VIT_11s0016g01480	Vitvi05_01chr11g01580	15.5.4.3	mapman:RNA biosynthesis.DNA-binding transcriptional regulation.other all-alpha-helix DNA-binding domain.NF-Y transcription factor complex
VIT_11s0016g01480	Vitvi05_01chr11g01580	15.5.4.3.1	mapman:RNA biosynthesis.DNA-binding transcriptional regulation.other all-alpha-helix DNA-binding domain.NF-Y transcription factor complex.component *(NF-YA)
VIT_00s0956g00020	Vitvi05_01chr10g03980	15.5.4.3.2	mapman:RNA biosynthesis.DNA-binding transcriptional regulation.other all-alpha-helix DNA-binding domain.NF-Y transcription factor complex.component *(NF-YB)
VIT_05s0102g00750	Vitvi05_01chr05g23360	15.5.4.5	mapman:RNA biosynthesis.DNA-binding transcriptional regulation.other all-alpha-helix DNA-binding domain.BBX family
VIT_14s0068g01380	Vitvi05_01chr14g22450	15.5.4.5	mapman:RNA biosynthesis.DNA-binding transcriptional regulation.other all-alpha-helix DNA-binding domain.BBX family
VIT_14s0068g01380	Vitvi05_01chr14g22450	15.5.4.5.2	mapman:RNA biosynthesis.DNA-binding transcriptional regulation.other all-alpha-helix DNA-binding domain.BBX family.class-II transcription factor
VIT_05s0102g00750	Vitvi05_01chr05g23360	15.5.4.5.4	mapman:RNA biosynthesis.DNA-binding transcriptional regulation.other all-alpha-helix DNA-binding domain.BBX family.class-IV transcription factor
VIT_01s0011g00110	Vitvi05_01chr01g00330	15.5.6	mapman:RNA biosynthesis.DNA-binding transcriptional regulation.alpha-helix exposed by beta-structure
VIT_14s0083g01030	Vitvi05_01chr14g20050	15.5.6	mapman:RNA biosynthesis.DNA-binding transcriptional regulation.alpha-helix exposed by beta-structure
VIT_18s0041g01880	Vitvi05_01chr18g31960	15.5.6	mapman:RNA biosynthesis.DNA-binding transcriptional regulation.alpha-helix exposed by beta-structure
VIT_01s0011g00110	Vitvi05_01chr01g00330	15.5.6.1	mapman:RNA biosynthesis.DNA-binding transcriptional regulation.alpha-helix exposed by beta-structure.MADS/AGL transcription factor
VIT_14s0083g01030	Vitvi05_01chr14g20050	15.5.6.1	mapman:RNA biosynthesis.DNA-binding transcriptional regulation.alpha-helix exposed by beta-structure.MADS/AGL transcription factor
VIT_18s0041g01880	Vitvi05_01chr18g31960	15.5.6.1	mapman:RNA biosynthesis.DNA-binding transcriptional regulation.alpha-helix exposed by beta-structure.MADS/AGL transcription factor
VIT_00s0375g00040	Vitvi05_01chr10g07660	15.5.7	mapman:RNA biosynthesis.DNA-binding transcriptional regulation.beta-hairpin exposed by alpha/beta-scaffold structure
VIT_01s0010g03930	Vitvi05_01chr01g23290	15.5.7	mapman:RNA biosynthesis.DNA-binding transcriptional regulation.beta-hairpin exposed by alpha/beta-scaffold structure
VIT_01s0011g03070	Vitvi05_01chr01g03750	15.5.7	mapman:RNA biosynthesis.DNA-binding transcriptional regulation.beta-hairpin exposed by alpha/beta-scaffold structure
VIT_02s0012g01040	Vitvi05_01chr02g11400	15.5.7	mapman:RNA biosynthesis.DNA-binding transcriptional regulation.beta-hairpin exposed by alpha/beta-scaffold structure
VIT_02s0025g01280	Vitvi05_01chr02g01420	15.5.7	mapman:RNA biosynthesis.DNA-binding transcriptional regulation.beta-hairpin exposed by alpha/beta-scaffold structure
VIT_03s0063g00460	Vitvi05_01chr03g08070	15.5.7	mapman:RNA biosynthesis.DNA-binding transcriptional regulation.beta-hairpin exposed by alpha/beta-scaffold structure
VIT_05s0077g01860	Vitvi05_01chr05g00650	15.5.7	mapman:RNA biosynthesis.DNA-binding transcriptional regulation.beta-hairpin exposed by alpha/beta-scaffold structure
VIT_06s0004g00490	Vitvi05_01chr06g00870	15.5.7	mapman:RNA biosynthesis.DNA-binding transcriptional regulation.beta-hairpin exposed by alpha/beta-scaffold structure
VIT_07s0031g01710	Vitvi05_01chr07g29730	15.5.7	mapman:RNA biosynthesis.DNA-binding transcriptional regulation.beta-hairpin exposed by alpha/beta-scaffold structure
VIT_07s0031g01980	Vitvi05_01chr07g30110	15.5.7	mapman:RNA biosynthesis.DNA-binding transcriptional regulation.beta-hairpin exposed by alpha/beta-scaffold structure
VIT_08s0007g07640	Vitvi05_01chr08g23070	15.5.7	mapman:RNA biosynthesis.DNA-binding transcriptional regulation.beta-hairpin exposed by alpha/beta-scaffold structure
VIT_09s0018g00240	Vitvi05_01chr09g16470	15.5.7	mapman:RNA biosynthesis.DNA-binding transcriptional regulation.beta-hairpin exposed by alpha/beta-scaffold structure
VIT_10s0003g00350	Vitvi05_01chr10g09060	15.5.7	mapman:RNA biosynthesis.DNA-binding transcriptional regulation.beta-hairpin exposed by alpha/beta-scaffold structure
VIT_10s0042g00170	Vitvi05_01chr10g24740	15.5.7	mapman:RNA biosynthesis.DNA-binding transcriptional regulation.beta-hairpin exposed by alpha/beta-scaffold structure
VIT_11s0016g00660	Vitvi05_01chr11g00730	15.5.7	mapman:RNA biosynthesis.DNA-binding transcriptional regulation.beta-hairpin exposed by alpha/beta-scaffold structure
VIT_11s0016g00670	Vitvi05_01chr11g00740	15.5.7	mapman:RNA biosynthesis.DNA-binding transcriptional regulation.beta-hairpin exposed by alpha/beta-scaffold structure
VIT_12s0028g00860	Vitvi05_01chr12g01380	15.5.7	mapman:RNA biosynthesis.DNA-binding transcriptional regulation.beta-hairpin exposed by alpha/beta-scaffold structure
VIT_12s0028g02520	Vitvi05_01chr12g03580	15.5.7	mapman:RNA biosynthesis.DNA-binding transcriptional regulation.beta-hairpin exposed by alpha/beta-scaffold structure
VIT_12s0035g00690	Vitvi05_01chr12g20940	15.5.7	mapman:RNA biosynthesis.DNA-binding transcriptional regulation.beta-hairpin exposed by alpha/beta-scaffold structure
VIT_12s0059g00880	Vitvi05_01chr12g06640	15.5.7	mapman:RNA biosynthesis.DNA-binding transcriptional regulation.beta-hairpin exposed by alpha/beta-scaffold structure
VIT_14s0068g01490	Vitvi05_01chr14g22620	15.5.7	mapman:RNA biosynthesis.DNA-binding transcriptional regulation.beta-hairpin exposed by alpha/beta-scaffold structure
VIT_14s0108g01070	Vitvi05_01chr14g29610	15.5.7	mapman:RNA biosynthesis.DNA-binding transcriptional regulation.beta-hairpin exposed by alpha/beta-scaffold structure
VIT_15s0046g01140	Vitvi05_01chr15g17730	15.5.7	mapman:RNA biosynthesis.DNA-binding transcriptional regulation.beta-hairpin exposed by alpha/beta-scaffold structure
VIT_15s0048g02280	Vitvi05_01chr15g15030	15.5.7	mapman:RNA biosynthesis.DNA-binding transcriptional regulation.beta-hairpin exposed by alpha/beta-scaffold structure
VIT_16s0013g00950	Vitvi05_01chr16g05310	15.5.7	mapman:RNA biosynthesis.DNA-binding transcriptional regulation.beta-hairpin exposed by alpha/beta-scaffold structure
VIT_16s0013g00970	Vitvi05_01chr16g05320	15.5.7	mapman:RNA biosynthesis.DNA-binding transcriptional regulation.beta-hairpin exposed by alpha/beta-scaffold structure
VIT_16s0013g00980	Vitvi05_01chr16g05330	15.5.7	mapman:RNA biosynthesis.DNA-binding transcriptional regulation.beta-hairpin exposed by alpha/beta-scaffold structure
VIT_16s0013g01000	Vitvi05_01chr16g05370	15.5.7	mapman:RNA biosynthesis.DNA-binding transcriptional regulation.beta-hairpin exposed by alpha/beta-scaffold structure
VIT_16s0013g01050	Vitvi05_01chr16g05400	15.5.7	mapman:RNA biosynthesis.DNA-binding transcriptional regulation.beta-hairpin exposed by alpha/beta-scaffold structure
VIT_16s0013g01060	Vitvi05_01chr16g05410	15.5.7	mapman:RNA biosynthesis.DNA-binding transcriptional regulation.beta-hairpin exposed by alpha/beta-scaffold structure
VIT_16s0013g01070	Vitvi05_01chr16g05440	15.5.7	mapman:RNA biosynthesis.DNA-binding transcriptional regulation.beta-hairpin exposed by alpha/beta-scaffold structure
VIT_16s0100g00380	Vitvi05_01chr16g13550	15.5.7	mapman:RNA biosynthesis.DNA-binding transcriptional regulation.beta-hairpin exposed by alpha/beta-scaffold structure
VIT_18s0072g00260	Vitvi05_01chr18g24180	15.5.7	mapman:RNA biosynthesis.DNA-binding transcriptional regulation.beta-hairpin exposed by alpha/beta-scaffold structure
VIT_18s0117g00140	Vitvi05_01chr18g28120	15.5.7	mapman:RNA biosynthesis.DNA-binding transcriptional regulation.beta-hairpin exposed by alpha/beta-scaffold structure
VIT_19s0014g03290	Vitvi05_01chr19g04530	15.5.7	mapman:RNA biosynthesis.DNA-binding transcriptional regulation.beta-hairpin exposed by alpha/beta-scaffold structure
VIT_00s0375g00040	Vitvi05_01chr10g07660	15.5.7.1	mapman:RNA biosynthesis.DNA-binding transcriptional regulation.beta-hairpin exposed by alpha/beta-scaffold structure.NAC transcription factor
VIT_02s0012g01040	Vitvi05_01chr02g11400	15.5.7.1	mapman:RNA biosynthesis.DNA-binding transcriptional regulation.beta-hairpin exposed by alpha/beta-scaffold structure.NAC transcription factor
VIT_08s0007g07640	Vitvi05_01chr08g23070	15.5.7.1	mapman:RNA biosynthesis.DNA-binding transcriptional regulation.beta-hairpin exposed by alpha/beta-scaffold structure.NAC transcription factor
VIT_10s0003g00350	Vitvi05_01chr10g09060	15.5.7.1	mapman:RNA biosynthesis.DNA-binding transcriptional regulation.beta-hairpin exposed by alpha/beta-scaffold structure.NAC transcription factor
VIT_12s0028g00860	Vitvi05_01chr12g01380	15.5.7.1	mapman:RNA biosynthesis.DNA-binding transcriptional regulation.beta-hairpin exposed by alpha/beta-scaffold structure.NAC transcription factor
VIT_14s0068g01490	Vitvi05_01chr14g22620	15.5.7.1	mapman:RNA biosynthesis.DNA-binding transcriptional regulation.beta-hairpin exposed by alpha/beta-scaffold structure.NAC transcription factor
VIT_14s0108g01070	Vitvi05_01chr14g29610	15.5.7.1	mapman:RNA biosynthesis.DNA-binding transcriptional regulation.beta-hairpin exposed by alpha/beta-scaffold structure.NAC transcription factor
VIT_15s0048g02280	Vitvi05_01chr15g15030	15.5.7.1	mapman:RNA biosynthesis.DNA-binding transcriptional regulation.beta-hairpin exposed by alpha/beta-scaffold structure.NAC transcription factor
VIT_19s0014g03290	Vitvi05_01chr19g04530	15.5.7.1	mapman:RNA biosynthesis.DNA-binding transcriptional regulation.beta-hairpin exposed by alpha/beta-scaffold structure.NAC transcription factor
VIT_18s0117g00140	Vitvi05_01chr18g28120	15.5.7.4	mapman:RNA biosynthesis.DNA-binding transcriptional regulation.beta-hairpin exposed by alpha/beta-scaffold structure.FRS/FRF transcription factor
VIT_01s0010g03930	Vitvi05_01chr01g23290	15.5.7.5	mapman:RNA biosynthesis.DNA-binding transcriptional regulation.beta-hairpin exposed by alpha/beta-scaffold structure.WRKY transcription factor activity
VIT_02s0025g01280	Vitvi05_01chr02g01420	15.5.7.5	mapman:RNA biosynthesis.DNA-binding transcriptional regulation.beta-hairpin exposed by alpha/beta-scaffold structure.WRKY transcription factor activity
VIT_07s0031g01710	Vitvi05_01chr07g29730	15.5.7.5	mapman:RNA biosynthesis.DNA-binding transcriptional regulation.beta-hairpin exposed by alpha/beta-scaffold structure.WRKY transcription factor activity
VIT_09s0018g00240	Vitvi05_01chr09g16470	15.5.7.5	mapman:RNA biosynthesis.DNA-binding transcriptional regulation.beta-hairpin exposed by alpha/beta-scaffold structure.WRKY transcription factor activity
VIT_12s0059g00880	Vitvi05_01chr12g06640	15.5.7.5	mapman:RNA biosynthesis.DNA-binding transcriptional regulation.beta-hairpin exposed by alpha/beta-scaffold structure.WRKY transcription factor activity
VIT_15s0046g01140	Vitvi05_01chr15g17730	15.5.7.5	mapman:RNA biosynthesis.DNA-binding transcriptional regulation.beta-hairpin exposed by alpha/beta-scaffold structure.WRKY transcription factor activity
VIT_01s0010g03930	Vitvi05_01chr01g23290	15.5.7.5.1	mapman:RNA biosynthesis.DNA-binding transcriptional regulation.beta-hairpin exposed by alpha/beta-scaffold structure.WRKY transcription factor activity.transcription factor *(WRKY)
VIT_02s0025g01280	Vitvi05_01chr02g01420	15.5.7.5.1	mapman:RNA biosynthesis.DNA-binding transcriptional regulation.beta-hairpin exposed by alpha/beta-scaffold structure.WRKY transcription factor activity.transcription factor *(WRKY)
VIT_07s0031g01710	Vitvi05_01chr07g29730	15.5.7.5.1	mapman:RNA biosynthesis.DNA-binding transcriptional regulation.beta-hairpin exposed by alpha/beta-scaffold structure.WRKY transcription factor activity.transcription factor *(WRKY)
VIT_09s0018g00240	Vitvi05_01chr09g16470	15.5.7.5.1	mapman:RNA biosynthesis.DNA-binding transcriptional regulation.beta-hairpin exposed by alpha/beta-scaffold structure.WRKY transcription factor activity.transcription factor *(WRKY)
VIT_12s0059g00880	Vitvi05_01chr12g06640	15.5.7.5.1	mapman:RNA biosynthesis.DNA-binding transcriptional regulation.beta-hairpin exposed by alpha/beta-scaffold structure.WRKY transcription factor activity.transcription factor *(WRKY)
VIT_15s0046g01140	Vitvi05_01chr15g17730	15.5.7.5.1	mapman:RNA biosynthesis.DNA-binding transcriptional regulation.beta-hairpin exposed by alpha/beta-scaffold structure.WRKY transcription factor activity.transcription factor *(WRKY)
VIT_01s0011g03070	Vitvi05_01chr01g03750	15.5.7.6	mapman:RNA biosynthesis.DNA-binding transcriptional regulation.beta-hairpin exposed by alpha/beta-scaffold structure.AP2/ERF family
VIT_03s0063g00460	Vitvi05_01chr03g08070	15.5.7.6	mapman:RNA biosynthesis.DNA-binding transcriptional regulation.beta-hairpin exposed by alpha/beta-scaffold structure.AP2/ERF family
VIT_05s0077g01860	Vitvi05_01chr05g00650	15.5.7.6	mapman:RNA biosynthesis.DNA-binding transcriptional regulation.beta-hairpin exposed by alpha/beta-scaffold structure.AP2/ERF family
VIT_06s0004g00490	Vitvi05_01chr06g00870	15.5.7.6	mapman:RNA biosynthesis.DNA-binding transcriptional regulation.beta-hairpin exposed by alpha/beta-scaffold structure.AP2/ERF family
VIT_07s0031g01980	Vitvi05_01chr07g30110	15.5.7.6	mapman:RNA biosynthesis.DNA-binding transcriptional regulation.beta-hairpin exposed by alpha/beta-scaffold structure.AP2/ERF family
VIT_11s0016g00660	Vitvi05_01chr11g00730	15.5.7.6	mapman:RNA biosynthesis.DNA-binding transcriptional regulation.beta-hairpin exposed by alpha/beta-scaffold structure.AP2/ERF family
VIT_11s0016g00670	Vitvi05_01chr11g00740	15.5.7.6	mapman:RNA biosynthesis.DNA-binding transcriptional regulation.beta-hairpin exposed by alpha/beta-scaffold structure.AP2/ERF family
VIT_16s0013g00950	Vitvi05_01chr16g05310	15.5.7.6	mapman:RNA biosynthesis.DNA-binding transcriptional regulation.beta-hairpin exposed by alpha/beta-scaffold structure.AP2/ERF family
VIT_16s0013g00970	Vitvi05_01chr16g05320	15.5.7.6	mapman:RNA biosynthesis.DNA-binding transcriptional regulation.beta-hairpin exposed by alpha/beta-scaffold structure.AP2/ERF family
VIT_16s0013g00980	Vitvi05_01chr16g05330	15.5.7.6	mapman:RNA biosynthesis.DNA-binding transcriptional regulation.beta-hairpin exposed by alpha/beta-scaffold structure.AP2/ERF family
VIT_16s0013g01000	Vitvi05_01chr16g05370	15.5.7.6	mapman:RNA biosynthesis.DNA-binding transcriptional regulation.beta-hairpin exposed by alpha/beta-scaffold structure.AP2/ERF family
VIT_16s0013g01050	Vitvi05_01chr16g05400	15.5.7.6	mapman:RNA biosynthesis.DNA-binding transcriptional regulation.beta-hairpin exposed by alpha/beta-scaffold structure.AP2/ERF family
VIT_16s0013g01060	Vitvi05_01chr16g05410	15.5.7.6	mapman:RNA biosynthesis.DNA-binding transcriptional regulation.beta-hairpin exposed by alpha/beta-scaffold structure.AP2/ERF family
VIT_16s0013g01070	Vitvi05_01chr16g05440	15.5.7.6	mapman:RNA biosynthesis.DNA-binding transcriptional regulation.beta-hairpin exposed by alpha/beta-scaffold structure.AP2/ERF family
VIT_16s0100g00380	Vitvi05_01chr16g13550	15.5.7.6	mapman:RNA biosynthesis.DNA-binding transcriptional regulation.beta-hairpin exposed by alpha/beta-scaffold structure.AP2/ERF family
VIT_18s0072g00260	Vitvi05_01chr18g24180	15.5.7.6	mapman:RNA biosynthesis.DNA-binding transcriptional regulation.beta-hairpin exposed by alpha/beta-scaffold structure.AP2/ERF family
VIT_03s0063g00460	Vitvi05_01chr03g08070	15.5.7.6.1	mapman:RNA biosynthesis.DNA-binding transcriptional regulation.beta-hairpin exposed by alpha/beta-scaffold structure.AP2/ERF family.ERF subfamily
VIT_05s0077g01860	Vitvi05_01chr05g00650	15.5.7.6.1	mapman:RNA biosynthesis.DNA-binding transcriptional regulation.beta-hairpin exposed by alpha/beta-scaffold structure.AP2/ERF family.ERF subfamily
VIT_06s0004g00490	Vitvi05_01chr06g00870	15.5.7.6.1	mapman:RNA biosynthesis.DNA-binding transcriptional regulation.beta-hairpin exposed by alpha/beta-scaffold structure.AP2/ERF family.ERF subfamily
VIT_07s0031g01980	Vitvi05_01chr07g30110	15.5.7.6.1	mapman:RNA biosynthesis.DNA-binding transcriptional regulation.beta-hairpin exposed by alpha/beta-scaffold structure.AP2/ERF family.ERF subfamily
VIT_11s0016g00660	Vitvi05_01chr11g00730	15.5.7.6.1	mapman:RNA biosynthesis.DNA-binding transcriptional regulation.beta-hairpin exposed by alpha/beta-scaffold structure.AP2/ERF family.ERF subfamily
VIT_11s0016g00670	Vitvi05_01chr11g00740	15.5.7.6.1	mapman:RNA biosynthesis.DNA-binding transcriptional regulation.beta-hairpin exposed by alpha/beta-scaffold structure.AP2/ERF family.ERF subfamily
VIT_16s0013g00950	Vitvi05_01chr16g05310	15.5.7.6.1	mapman:RNA biosynthesis.DNA-binding transcriptional regulation.beta-hairpin exposed by alpha/beta-scaffold structure.AP2/ERF family.ERF subfamily
VIT_16s0013g00970	Vitvi05_01chr16g05320	15.5.7.6.1	mapman:RNA biosynthesis.DNA-binding transcriptional regulation.beta-hairpin exposed by alpha/beta-scaffold structure.AP2/ERF family.ERF subfamily
VIT_16s0013g00980	Vitvi05_01chr16g05330	15.5.7.6.1	mapman:RNA biosynthesis.DNA-binding transcriptional regulation.beta-hairpin exposed by alpha/beta-scaffold structure.AP2/ERF family.ERF subfamily
VIT_16s0013g01000	Vitvi05_01chr16g05370	15.5.7.6.1	mapman:RNA biosynthesis.DNA-binding transcriptional regulation.beta-hairpin exposed by alpha/beta-scaffold structure.AP2/ERF family.ERF subfamily
VIT_16s0013g01050	Vitvi05_01chr16g05400	15.5.7.6.1	mapman:RNA biosynthesis.DNA-binding transcriptional regulation.beta-hairpin exposed by alpha/beta-scaffold structure.AP2/ERF family.ERF subfamily
VIT_16s0013g01060	Vitvi05_01chr16g05410	15.5.7.6.1	mapman:RNA biosynthesis.DNA-binding transcriptional regulation.beta-hairpin exposed by alpha/beta-scaffold structure.AP2/ERF family.ERF subfamily
VIT_16s0013g01070	Vitvi05_01chr16g05440	15.5.7.6.1	mapman:RNA biosynthesis.DNA-binding transcriptional regulation.beta-hairpin exposed by alpha/beta-scaffold structure.AP2/ERF family.ERF subfamily
VIT_16s0100g00380	Vitvi05_01chr16g13550	15.5.7.6.1	mapman:RNA biosynthesis.DNA-binding transcriptional regulation.beta-hairpin exposed by alpha/beta-scaffold structure.AP2/ERF family.ERF subfamily
VIT_18s0072g00260	Vitvi05_01chr18g24180	15.5.7.6.1	mapman:RNA biosynthesis.DNA-binding transcriptional regulation.beta-hairpin exposed by alpha/beta-scaffold structure.AP2/ERF family.ERF subfamily
VIT_16s0013g00950	Vitvi05_01chr16g05310	15.5.7.6.1.11	mapman:RNA biosynthesis.DNA-binding transcriptional regulation.beta-hairpin exposed by alpha/beta-scaffold structure.AP2/ERF family.ERF subfamily.subgroup ERF-IX transcription factor
VIT_16s0013g00970	Vitvi05_01chr16g05320	15.5.7.6.1.11	mapman:RNA biosynthesis.DNA-binding transcriptional regulation.beta-hairpin exposed by alpha/beta-scaffold structure.AP2/ERF family.ERF subfamily.subgroup ERF-IX transcription factor
VIT_16s0013g00980	Vitvi05_01chr16g05330	15.5.7.6.1.11	mapman:RNA biosynthesis.DNA-binding transcriptional regulation.beta-hairpin exposed by alpha/beta-scaffold structure.AP2/ERF family.ERF subfamily.subgroup ERF-IX transcription factor
VIT_16s0013g01000	Vitvi05_01chr16g05370	15.5.7.6.1.11	mapman:RNA biosynthesis.DNA-binding transcriptional regulation.beta-hairpin exposed by alpha/beta-scaffold structure.AP2/ERF family.ERF subfamily.subgroup ERF-IX transcription factor
VIT_16s0013g01050	Vitvi05_01chr16g05400	15.5.7.6.1.11	mapman:RNA biosynthesis.DNA-binding transcriptional regulation.beta-hairpin exposed by alpha/beta-scaffold structure.AP2/ERF family.ERF subfamily.subgroup ERF-IX transcription factor
VIT_16s0013g01060	Vitvi05_01chr16g05410	15.5.7.6.1.11	mapman:RNA biosynthesis.DNA-binding transcriptional regulation.beta-hairpin exposed by alpha/beta-scaffold structure.AP2/ERF family.ERF subfamily.subgroup ERF-IX transcription factor
VIT_16s0013g01070	Vitvi05_01chr16g05440	15.5.7.6.1.11	mapman:RNA biosynthesis.DNA-binding transcriptional regulation.beta-hairpin exposed by alpha/beta-scaffold structure.AP2/ERF family.ERF subfamily.subgroup ERF-IX transcription factor
VIT_03s0063g00460	Vitvi05_01chr03g08070	15.5.7.6.1.12	mapman:RNA biosynthesis.DNA-binding transcriptional regulation.beta-hairpin exposed by alpha/beta-scaffold structure.AP2/ERF family.ERF subfamily.subgroup ERF-X transcription factor
VIT_07s0031g01980	Vitvi05_01chr07g30110	15.5.7.6.1.12	mapman:RNA biosynthesis.DNA-binding transcriptional regulation.beta-hairpin exposed by alpha/beta-scaffold structure.AP2/ERF family.ERF subfamily.subgroup ERF-X transcription factor
VIT_18s0072g00260	Vitvi05_01chr18g24180	15.5.7.6.1.12	mapman:RNA biosynthesis.DNA-binding transcriptional regulation.beta-hairpin exposed by alpha/beta-scaffold structure.AP2/ERF family.ERF subfamily.subgroup ERF-X transcription factor
VIT_11s0016g00660	Vitvi05_01chr11g00730	15.5.7.6.1.3	mapman:RNA biosynthesis.DNA-binding transcriptional regulation.beta-hairpin exposed by alpha/beta-scaffold structure.AP2/ERF family.ERF subfamily.subgroup ERF-II transcription factor *(ERF16/17/18)
VIT_11s0016g00670	Vitvi05_01chr11g00740	15.5.7.6.1.3	mapman:RNA biosynthesis.DNA-binding transcriptional regulation.beta-hairpin exposed by alpha/beta-scaffold structure.AP2/ERF family.ERF subfamily.subgroup ERF-II transcription factor *(ERF16/17/18)
VIT_16s0100g00380	Vitvi05_01chr16g13550	15.5.7.6.1.5	mapman:RNA biosynthesis.DNA-binding transcriptional regulation.beta-hairpin exposed by alpha/beta-scaffold structure.AP2/ERF family.ERF subfamily.subgroup ERF-III transcription factor
VIT_06s0004g00490	Vitvi05_01chr06g00870	15.5.7.6.1.7	mapman:RNA biosynthesis.DNA-binding transcriptional regulation.beta-hairpin exposed by alpha/beta-scaffold structure.AP2/ERF family.ERF subfamily.subgroup ERF-V transcription factor *(SHN)
VIT_05s0077g01860	Vitvi05_01chr05g00650	15.5.7.6.1.9	mapman:RNA biosynthesis.DNA-binding transcriptional regulation.beta-hairpin exposed by alpha/beta-scaffold structure.AP2/ERF family.ERF subfamily.subgroup ERF-VII transcription factor
VIT_01s0011g03070	Vitvi05_01chr01g03750	15.5.7.6.3	mapman:RNA biosynthesis.DNA-binding transcriptional regulation.beta-hairpin exposed by alpha/beta-scaffold structure.AP2/ERF family.RAV-EDF subfamily
VIT_01s0011g03070	Vitvi05_01chr01g03750	15.5.7.6.3.1	mapman:RNA biosynthesis.DNA-binding transcriptional regulation.beta-hairpin exposed by alpha/beta-scaffold structure.AP2/ERF family.RAV-EDF subfamily.transcription factor *(EDF)
VIT_10s0042g00170	Vitvi05_01chr10g24740	15.5.7.7	mapman:RNA biosynthesis.DNA-binding transcriptional regulation.beta-hairpin exposed by alpha/beta-scaffold structure.TCP transcription factor activity
VIT_12s0028g02520	Vitvi05_01chr12g03580	15.5.7.7	mapman:RNA biosynthesis.DNA-binding transcriptional regulation.beta-hairpin exposed by alpha/beta-scaffold structure.TCP transcription factor activity
VIT_12s0035g00690	Vitvi05_01chr12g20940	15.5.7.7	mapman:RNA biosynthesis.DNA-binding transcriptional regulation.beta-hairpin exposed by alpha/beta-scaffold structure.TCP transcription factor activity
VIT_10s0042g00170	Vitvi05_01chr10g24740	15.5.7.7.1	mapman:RNA biosynthesis.DNA-binding transcriptional regulation.beta-hairpin exposed by alpha/beta-scaffold structure.TCP transcription factor activity.transcription factor *(TCP)
VIT_12s0028g02520	Vitvi05_01chr12g03580	15.5.7.7.1	mapman:RNA biosynthesis.DNA-binding transcriptional regulation.beta-hairpin exposed by alpha/beta-scaffold structure.TCP transcription factor activity.transcription factor *(TCP)
VIT_12s0035g00690	Vitvi05_01chr12g20940	15.5.7.7.1	mapman:RNA biosynthesis.DNA-binding transcriptional regulation.beta-hairpin exposed by alpha/beta-scaffold structure.TCP transcription factor activity.transcription factor *(TCP)
VIT_03s0038g04110	Vitvi05_01chr03g04560	15.5.8	mapman:RNA biosynthesis.DNA-binding transcriptional regulation.beta-sheet DNA-binding domain
VIT_03s0038g04110	Vitvi05_01chr03g04560	15.5.8.1	mapman:RNA biosynthesis.DNA-binding transcriptional regulation.beta-sheet DNA-binding domain.AHL family
VIT_03s0038g04110	Vitvi05_01chr03g04560	15.5.8.1.1	mapman:RNA biosynthesis.DNA-binding transcriptional regulation.beta-sheet DNA-binding domain.AHL family.clade-A transcription factor
VIT_00s1203g00010	Vitvi05_01chr15g03800	15.5.9	mapman:RNA biosynthesis.DNA-binding transcriptional regulation.beta-barrel DNA-binding domain
VIT_02s0025g01740	Vitvi05_01chr02g02030	15.5.9	mapman:RNA biosynthesis.DNA-binding transcriptional regulation.beta-barrel DNA-binding domain
VIT_03s0167g00010	Vitvi05_01chr03g13770	15.5.9	mapman:RNA biosynthesis.DNA-binding transcriptional regulation.beta-barrel DNA-binding domain
VIT_06s0004g03130	Vitvi05_01chr06g04710	15.5.9	mapman:RNA biosynthesis.DNA-binding transcriptional regulation.beta-barrel DNA-binding domain
VIT_10s0003g00420	Vitvi05_01chr10g09140	15.5.9	mapman:RNA biosynthesis.DNA-binding transcriptional regulation.beta-barrel DNA-binding domain
VIT_10s0003g04100	Vitvi05_01chr10g14990	15.5.9	mapman:RNA biosynthesis.DNA-binding transcriptional regulation.beta-barrel DNA-binding domain
VIT_15s0046g00290	Vitvi05_01chr15g16550	15.5.9	mapman:RNA biosynthesis.DNA-binding transcriptional regulation.beta-barrel DNA-binding domain
VIT_00s1203g00010	Vitvi05_01chr15g03800	15.5.9.1	mapman:RNA biosynthesis.DNA-binding transcriptional regulation.beta-barrel DNA-binding domain.ARF transcription factor
VIT_02s0025g01740	Vitvi05_01chr02g02030	15.5.9.1	mapman:RNA biosynthesis.DNA-binding transcriptional regulation.beta-barrel DNA-binding domain.ARF transcription factor
VIT_03s0167g00010	Vitvi05_01chr03g13770	15.5.9.1	mapman:RNA biosynthesis.DNA-binding transcriptional regulation.beta-barrel DNA-binding domain.ARF transcription factor
VIT_06s0004g03130	Vitvi05_01chr06g04710	15.5.9.1	mapman:RNA biosynthesis.DNA-binding transcriptional regulation.beta-barrel DNA-binding domain.ARF transcription factor
VIT_10s0003g00420	Vitvi05_01chr10g09140	15.5.9.1	mapman:RNA biosynthesis.DNA-binding transcriptional regulation.beta-barrel DNA-binding domain.ARF transcription factor
VIT_10s0003g04100	Vitvi05_01chr10g14990	15.5.9.1	mapman:RNA biosynthesis.DNA-binding transcriptional regulation.beta-barrel DNA-binding domain.ARF transcription factor
VIT_15s0046g00290	Vitvi05_01chr15g16550	15.5.9.1	mapman:RNA biosynthesis.DNA-binding transcriptional regulation.beta-barrel DNA-binding domain.ARF transcription factor
VIT_05s0062g01190	Vitvi05_01chr05g20580	15.6	mapman:RNA biosynthesis.transcriptional co-regulation
VIT_10s0003g03810	Vitvi05_01chr10g14400	15.6	mapman:RNA biosynthesis.transcriptional co-regulation
VIT_11s0016g04080	Vitvi05_01chr11g04870	15.6	mapman:RNA biosynthesis.transcriptional co-regulation
VIT_12s0035g00900	Vitvi05_01chr12g21300	15.6	mapman:RNA biosynthesis.transcriptional co-regulation
VIT_05s0062g01190	Vitvi05_01chr05g20580	15.6.3	mapman:RNA biosynthesis.transcriptional co-regulation.PIRIN transcriptional co-regulator *(PRN1)
VIT_11s0016g04080	Vitvi05_01chr11g04870	15.6.4	mapman:RNA biosynthesis.transcriptional co-regulation.transcriptional co-regulator *(MBF1)
VIT_10s0003g03810	Vitvi05_01chr10g14400	15.6.8	mapman:RNA biosynthesis.transcriptional co-regulation.JAZ-TPR transcriptional repressor complexes
VIT_12s0035g00900	Vitvi05_01chr12g21300	15.6.8	mapman:RNA biosynthesis.transcriptional co-regulation.JAZ-TPR transcriptional repressor complexes
VIT_10s0003g03810	Vitvi05_01chr10g14400	15.6.8.1	mapman:RNA biosynthesis.transcriptional co-regulation.JAZ-TPR transcriptional repressor complexes.JAZ co-regulator components
VIT_12s0035g00900	Vitvi05_01chr12g21300	15.6.8.1	mapman:RNA biosynthesis.transcriptional co-regulation.JAZ-TPR transcriptional repressor complexes.JAZ co-regulator components
VIT_12s0035g00900	Vitvi05_01chr12g21300	15.6.8.1.1	mapman:RNA biosynthesis.transcriptional co-regulation.JAZ-TPR transcriptional repressor complexes.JAZ co-regulator components.co-regulator component *(TIFY3)
VIT_10s0003g03810	Vitvi05_01chr10g14400	15.6.8.1.2	mapman:RNA biosynthesis.transcriptional co-regulation.JAZ-TPR transcriptional repressor complexes.JAZ co-regulator components.co-regulator component *(TIFY5)
VIT_06s0004g05230	Vitvi05_01chr06g07820	15.7	mapman:RNA biosynthesis.organellar gene expression machinery
VIT_06s0004g05230	Vitvi05_01chr06g07820	15.7.1	mapman:RNA biosynthesis.organellar gene expression machinery.plastid-encoded RNA polymerase (PEP) complex
VIT_06s0004g05230	Vitvi05_01chr06g07820	15.7.1.3	mapman:RNA biosynthesis.organellar gene expression machinery.plastid-encoded RNA polymerase (PEP) complex.regulatory co-factor components
VIT_06s0004g05230	Vitvi05_01chr06g07820	15.7.1.3.5	mapman:RNA biosynthesis.organellar gene expression machinery.plastid-encoded RNA polymerase (PEP) complex.regulatory co-factor components.component *(TAC16)
VIT_07s0104g00510	Vitvi05_01chr07g02970	16	mapman:RNA processing
VIT_11s0037g00130	Vitvi05_01chr11g10100	16	mapman:RNA processing
VIT_12s0035g00970	Vitvi05_01chr12g21370	16	mapman:RNA processing
VIT_13s0019g02230	Vitvi05_01chr13g05350	16	mapman:RNA processing
VIT_13s0067g01070	Vitvi05_01chr13g00730	16	mapman:RNA processing
VIT_14s0060g00820	Vitvi05_01chr14g01010	16	mapman:RNA processing
VIT_16s0013g00870	Vitvi05_01chr16g05220	16	mapman:RNA processing
VIT_18s0072g01010	Vitvi05_01chr18g25270	16	mapman:RNA processing
VIT_11s0037g00130	Vitvi05_01chr11g10100	16.2	mapman:RNA processing.RNA modification
VIT_12s0035g00970	Vitvi05_01chr12g21370	16.2	mapman:RNA processing.RNA modification
VIT_11s0037g00130	Vitvi05_01chr11g10100	16.2.1	mapman:RNA processing.RNA modification.mRNA modification
VIT_12s0035g00970	Vitvi05_01chr12g21370	16.2.1	mapman:RNA processing.RNA modification.mRNA modification
VIT_11s0037g00130	Vitvi05_01chr11g10100	16.2.1.3	mapman:RNA processing.RNA modification.mRNA modification.Cleavage and Polyadenylation Specificity Factor (CPSF) complex
VIT_11s0037g00130	Vitvi05_01chr11g10100	16.2.1.3.6	mapman:RNA processing.RNA modification.mRNA modification.Cleavage and Polyadenylation Specificity Factor (CPSF) complex.component *(Fip1)
VIT_12s0035g00970	Vitvi05_01chr12g21370	16.2.1.7	mapman:RNA processing.RNA modification.mRNA modification.mRNA methylation
VIT_12s0035g00970	Vitvi05_01chr12g21370	16.2.1.7.2	mapman:RNA processing.RNA modification.mRNA modification.mRNA methylation.N6-methyladenosine methylation reading
VIT_12s0035g00970	Vitvi05_01chr12g21370	16.2.1.7.2.1	mapman:RNA processing.RNA modification.mRNA modification.mRNA methylation.N6-methyladenosine methylation reading.methylation reader *(ECT1)
VIT_13s0067g01070	Vitvi05_01chr13g00730	16.4	mapman:RNA processing.RNA homeostasis
VIT_16s0013g00870	Vitvi05_01chr16g05220	16.4	mapman:RNA processing.RNA homeostasis
VIT_18s0072g01010	Vitvi05_01chr18g25270	16.4	mapman:RNA processing.RNA homeostasis
VIT_13s0067g01070	Vitvi05_01chr13g00730	16.4.10	mapman:RNA processing.RNA homeostasis.post-transcriptional regulation
VIT_16s0013g00870	Vitvi05_01chr16g05220	16.4.10	mapman:RNA processing.RNA homeostasis.post-transcriptional regulation
VIT_13s0067g01070	Vitvi05_01chr13g00730	16.4.10.1	mapman:RNA processing.RNA homeostasis.post-transcriptional regulation.CCCH-ZF-type RNA-binding activity
VIT_16s0013g00870	Vitvi05_01chr16g05220	16.4.10.1	mapman:RNA processing.RNA homeostasis.post-transcriptional regulation.CCCH-ZF-type RNA-binding activity
VIT_13s0067g01070	Vitvi05_01chr13g00730	16.4.10.1.9	mapman:RNA processing.RNA homeostasis.post-transcriptional regulation.CCCH-ZF-type RNA-binding activity.tandem-ZF-type RNA-binding activity
VIT_16s0013g00870	Vitvi05_01chr16g05220	16.4.10.1.9	mapman:RNA processing.RNA homeostasis.post-transcriptional regulation.CCCH-ZF-type RNA-binding activity.tandem-ZF-type RNA-binding activity
VIT_13s0067g01070	Vitvi05_01chr13g00730	16.4.10.1.9.1	mapman:RNA processing.RNA homeostasis.post-transcriptional regulation.CCCH-ZF-type RNA-binding activity.tandem-ZF-type RNA-binding activity.regulatory protein *(OXS2)
VIT_16s0013g00870	Vitvi05_01chr16g05220	16.4.10.1.9.4	mapman:RNA processing.RNA homeostasis.post-transcriptional regulation.CCCH-ZF-type RNA-binding activity.tandem-ZF-type RNA-binding activity.regulatory protein *(TZF6)
VIT_18s0072g01010	Vitvi05_01chr18g25270	16.4.6	mapman:RNA processing.RNA homeostasis.NMD Nonsense-Mediated Decay
VIT_18s0072g01010	Vitvi05_01chr18g25270	16.4.6.1	mapman:RNA processing.RNA homeostasis.NMD Nonsense-Mediated Decay.eRF1-eRF3 aberrant mRNA detection complex
VIT_18s0072g01010	Vitvi05_01chr18g25270	16.4.6.1.1	mapman:RNA processing.RNA homeostasis.NMD Nonsense-Mediated Decay.eRF1-eRF3 aberrant mRNA detection complex.component *(eRF1)
VIT_13s0019g02230	Vitvi05_01chr13g05350	16.5	mapman:RNA processing.mRNA silencing
VIT_13s0019g02230	Vitvi05_01chr13g05350	16.5.2	mapman:RNA processing.mRNA silencing.miRNA pathway
VIT_13s0019g02230	Vitvi05_01chr13g05350	16.5.2.3	mapman:RNA processing.mRNA silencing.miRNA pathway.miRNA degradation
VIT_13s0019g02230	Vitvi05_01chr13g05350	16.5.2.3.1	mapman:RNA processing.mRNA silencing.miRNA pathway.miRNA degradation.uridylyltransferase *(HESO1)
VIT_07s0104g00510	Vitvi05_01chr07g02970	16.6	mapman:RNA processing.organelle RNA processing machinery
VIT_14s0060g00820	Vitvi05_01chr14g01010	16.6	mapman:RNA processing.organelle RNA processing machinery
VIT_07s0104g00510	Vitvi05_01chr07g02970	16.6.3	mapman:RNA processing.organelle RNA processing machinery.RNA homeostasis
VIT_14s0060g00820	Vitvi05_01chr14g01010	16.6.3	mapman:RNA processing.organelle RNA processing machinery.RNA homeostasis
VIT_07s0104g00510	Vitvi05_01chr07g02970	16.6.3.1	mapman:RNA processing.organelle RNA processing machinery.RNA homeostasis.ribonuclease activities
VIT_14s0060g00820	Vitvi05_01chr14g01010	16.6.3.1	mapman:RNA processing.organelle RNA processing machinery.RNA homeostasis.ribonuclease activities
VIT_07s0104g00510	Vitvi05_01chr07g02970	16.6.3.1.3	mapman:RNA processing.organelle RNA processing machinery.RNA homeostasis.ribonuclease activities.endoribonuclease *(CSP41)
VIT_14s0060g00820	Vitvi05_01chr14g01010	16.6.3.1.3	mapman:RNA processing.organelle RNA processing machinery.RNA homeostasis.ribonuclease activities.endoribonuclease *(CSP41)
VIT_00s0616g00020	Vitvi05_01chr02g08920	17	mapman:Protein biosynthesis
VIT_00s0873g00010	Vitvi05_01chr10g20580	17	mapman:Protein biosynthesis
VIT_00s2478g00020	Vitvi05_01chr01g01700	17	mapman:Protein biosynthesis
VIT_05s0020g01140	Vitvi05_01chr05g04340	17	mapman:Protein biosynthesis
VIT_05s0049g01480	Vitvi05_01chr05g11770	17	mapman:Protein biosynthesis
VIT_06s0004g03240	Vitvi05_01chr06g04890	17	mapman:Protein biosynthesis
VIT_06s0061g00770	Vitvi05_01chr06g19810	17	mapman:Protein biosynthesis
VIT_07s0005g01340	Vitvi05_01chr07g06310	17	mapman:Protein biosynthesis
VIT_07s0095g00760	Vitvi05_01chr07g14200	17	mapman:Protein biosynthesis
VIT_09s0002g00970	Vitvi05_01chr09g00970	17	mapman:Protein biosynthesis
VIT_09s0002g04330	Vitvi05_01chr09g05090	17	mapman:Protein biosynthesis
VIT_13s0019g04300	Vitvi05_01chr13g08180	17	mapman:Protein biosynthesis
VIT_13s0064g01240	Vitvi05_01chr13g26910	17	mapman:Protein biosynthesis
VIT_14s0108g00850	Vitvi05_01chr14g29370	17	mapman:Protein biosynthesis
VIT_15s0046g01500	Vitvi05_01chr15g18120	17	mapman:Protein biosynthesis
VIT_15s0046g01590	Vitvi05_01chr15g18270	17	mapman:Protein biosynthesis
VIT_17s0000g09370	Vitvi05_01chr17g13600	17	mapman:Protein biosynthesis
VIT_07s0005g01340	Vitvi05_01chr07g06310	17.1	mapman:Protein biosynthesis.ribosome biogenesis
VIT_09s0002g00970	Vitvi05_01chr09g00970	17.1	mapman:Protein biosynthesis.ribosome biogenesis
VIT_13s0019g04300	Vitvi05_01chr13g08180	17.1	mapman:Protein biosynthesis.ribosome biogenesis
VIT_13s0064g01240	Vitvi05_01chr13g26910	17.1	mapman:Protein biosynthesis.ribosome biogenesis
VIT_14s0108g00850	Vitvi05_01chr14g29370	17.1	mapman:Protein biosynthesis.ribosome biogenesis
VIT_15s0046g01590	Vitvi05_01chr15g18270	17.1	mapman:Protein biosynthesis.ribosome biogenesis
VIT_15s0046g01590	Vitvi05_01chr15g18270	17.1.1	mapman:Protein biosynthesis.ribosome biogenesis.rRNA maturation
VIT_15s0046g01590	Vitvi05_01chr15g18270	17.1.1.6	mapman:Protein biosynthesis.ribosome biogenesis.rRNA maturation.RNA endonuclease *(FCF1)
VIT_07s0005g01340	Vitvi05_01chr07g06310	17.1.2	mapman:Protein biosynthesis.ribosome biogenesis.large ribosomal subunit (LSU)
VIT_13s0019g04300	Vitvi05_01chr13g08180	17.1.2	mapman:Protein biosynthesis.ribosome biogenesis.large ribosomal subunit (LSU)
VIT_13s0064g01240	Vitvi05_01chr13g26910	17.1.2	mapman:Protein biosynthesis.ribosome biogenesis.large ribosomal subunit (LSU)
VIT_14s0108g00850	Vitvi05_01chr14g29370	17.1.2	mapman:Protein biosynthesis.ribosome biogenesis.large ribosomal subunit (LSU)
VIT_07s0005g01340	Vitvi05_01chr07g06310	17.1.2.1	mapman:Protein biosynthesis.ribosome biogenesis.large ribosomal subunit (LSU).LSU proteome
VIT_13s0019g04300	Vitvi05_01chr13g08180	17.1.2.1	mapman:Protein biosynthesis.ribosome biogenesis.large ribosomal subunit (LSU).LSU proteome
VIT_13s0064g01240	Vitvi05_01chr13g26910	17.1.2.1	mapman:Protein biosynthesis.ribosome biogenesis.large ribosomal subunit (LSU).LSU proteome
VIT_14s0108g00850	Vitvi05_01chr14g29370	17.1.2.1	mapman:Protein biosynthesis.ribosome biogenesis.large ribosomal subunit (LSU).LSU proteome
VIT_13s0019g04300	Vitvi05_01chr13g08180	17.1.2.1.10	mapman:Protein biosynthesis.ribosome biogenesis.large ribosomal subunit (LSU).LSU proteome.component *(uL11)
VIT_07s0005g01340	Vitvi05_01chr07g06310	17.1.2.1.30	mapman:Protein biosynthesis.ribosome biogenesis.large ribosomal subunit (LSU).LSU proteome.component *(eL29)
VIT_13s0064g01240	Vitvi05_01chr13g26910	17.1.2.1.34	mapman:Protein biosynthesis.ribosome biogenesis.large ribosomal subunit (LSU).LSU proteome.component *(eL31)
VIT_14s0108g00850	Vitvi05_01chr14g29370	17.1.2.1.37	mapman:Protein biosynthesis.ribosome biogenesis.large ribosomal subunit (LSU).LSU proteome.component *(eL34)
VIT_09s0002g00970	Vitvi05_01chr09g00970	17.1.3	mapman:Protein biosynthesis.ribosome biogenesis.small ribosomal subunit (SSU)
VIT_09s0002g00970	Vitvi05_01chr09g00970	17.1.3.1	mapman:Protein biosynthesis.ribosome biogenesis.small ribosomal subunit (SSU).SSU proteome
VIT_09s0002g00970	Vitvi05_01chr09g00970	17.1.3.1.19	mapman:Protein biosynthesis.ribosome biogenesis.small ribosomal subunit (SSU).SSU proteome.component *(uS14)
VIT_07s0095g00760	Vitvi05_01chr07g14200	17.2	mapman:Protein biosynthesis.aminoacyl-tRNA synthetase activities
VIT_07s0095g00760	Vitvi05_01chr07g14200	17.2.14	mapman:Protein biosynthesis.aminoacyl-tRNA synthetase activities.methionine-tRNA ligase
VIT_15s0046g01500	Vitvi05_01chr15g18120	17.3	mapman:Protein biosynthesis.translation initiation
VIT_15s0046g01500	Vitvi05_01chr15g18120	17.3.1	mapman:Protein biosynthesis.translation initiation.Pre-Initiation Complex (PIC) module
VIT_15s0046g01500	Vitvi05_01chr15g18120	17.3.1.1	mapman:Protein biosynthesis.translation initiation.Pre-Initiation Complex (PIC) module.eIF1 PIC assembly factor activity
VIT_15s0046g01500	Vitvi05_01chr15g18120	17.3.1.1.2	mapman:Protein biosynthesis.translation initiation.Pre-Initiation Complex (PIC) module.eIF1 PIC assembly factor activity.assembly factor *(eIF1A)
VIT_06s0004g03240	Vitvi05_01chr06g04890	17.4	mapman:Protein biosynthesis.translation elongation
VIT_06s0004g03240	Vitvi05_01chr06g04890	17.4.1	mapman:Protein biosynthesis.translation elongation.eEF1 aminoacyl-tRNA binding factor activity
VIT_06s0004g03240	Vitvi05_01chr06g04890	17.4.1.1	mapman:Protein biosynthesis.translation elongation.eEF1 aminoacyl-tRNA binding factor activity.aminoacyl-tRNA binding factor *(eEF1A)
VIT_00s0616g00020	Vitvi05_01chr02g08920	17.6	mapman:Protein biosynthesis.organellar translation machinery
VIT_00s0873g00010	Vitvi05_01chr10g20580	17.6	mapman:Protein biosynthesis.organellar translation machinery
VIT_00s2478g00020	Vitvi05_01chr01g01700	17.6	mapman:Protein biosynthesis.organellar translation machinery
VIT_05s0020g01140	Vitvi05_01chr05g04340	17.6	mapman:Protein biosynthesis.organellar translation machinery
VIT_05s0049g01480	Vitvi05_01chr05g11770	17.6	mapman:Protein biosynthesis.organellar translation machinery
VIT_06s0061g00770	Vitvi05_01chr06g19810	17.6	mapman:Protein biosynthesis.organellar translation machinery
VIT_09s0002g04330	Vitvi05_01chr09g05090	17.6	mapman:Protein biosynthesis.organellar translation machinery
VIT_17s0000g09370	Vitvi05_01chr17g13600	17.6	mapman:Protein biosynthesis.organellar translation machinery
VIT_00s0873g00010	Vitvi05_01chr10g20580	17.6.1	mapman:Protein biosynthesis.organellar translation machinery.mitochondrial ribosome biogenesis
VIT_00s2478g00020	Vitvi05_01chr01g01700	17.6.1	mapman:Protein biosynthesis.organellar translation machinery.mitochondrial ribosome biogenesis
VIT_00s2478g00020	Vitvi05_01chr01g01700	17.6.1.2	mapman:Protein biosynthesis.organellar translation machinery.mitochondrial ribosome biogenesis.large ribosomal subunit proteome
VIT_00s2478g00020	Vitvi05_01chr01g01700	17.6.1.2.10	mapman:Protein biosynthesis.organellar translation machinery.mitochondrial ribosome biogenesis.large ribosomal subunit proteome.component *(bL12m)
VIT_00s0873g00010	Vitvi05_01chr10g20580	17.6.1.3	mapman:Protein biosynthesis.organellar translation machinery.mitochondrial ribosome biogenesis.small ribosomal subunit proteome
VIT_00s0873g00010	Vitvi05_01chr10g20580	17.6.1.3.11	mapman:Protein biosynthesis.organellar translation machinery.mitochondrial ribosome biogenesis.small ribosomal subunit proteome.component *(uS12m)
VIT_00s0616g00020	Vitvi05_01chr02g08920	17.6.2	mapman:Protein biosynthesis.organellar translation machinery.plastidial ribosome biogenesis
VIT_05s0020g01140	Vitvi05_01chr05g04340	17.6.2	mapman:Protein biosynthesis.organellar translation machinery.plastidial ribosome biogenesis
VIT_05s0049g01480	Vitvi05_01chr05g11770	17.6.2	mapman:Protein biosynthesis.organellar translation machinery.plastidial ribosome biogenesis
VIT_06s0061g00770	Vitvi05_01chr06g19810	17.6.2	mapman:Protein biosynthesis.organellar translation machinery.plastidial ribosome biogenesis
VIT_09s0002g04330	Vitvi05_01chr09g05090	17.6.2	mapman:Protein biosynthesis.organellar translation machinery.plastidial ribosome biogenesis
VIT_00s0616g00020	Vitvi05_01chr02g08920	17.6.2.2	mapman:Protein biosynthesis.organellar translation machinery.plastidial ribosome biogenesis.large ribosomal subunit proteome
VIT_05s0020g01140	Vitvi05_01chr05g04340	17.6.2.2	mapman:Protein biosynthesis.organellar translation machinery.plastidial ribosome biogenesis.large ribosomal subunit proteome
VIT_05s0049g01480	Vitvi05_01chr05g11770	17.6.2.2	mapman:Protein biosynthesis.organellar translation machinery.plastidial ribosome biogenesis.large ribosomal subunit proteome
VIT_06s0061g00770	Vitvi05_01chr06g19810	17.6.2.2	mapman:Protein biosynthesis.organellar translation machinery.plastidial ribosome biogenesis.large ribosomal subunit proteome
VIT_05s0020g01140	Vitvi05_01chr05g04340	17.6.2.2.16	mapman:Protein biosynthesis.organellar translation machinery.plastidial ribosome biogenesis.large ribosomal subunit proteome.component *(uL18c)
VIT_00s0616g00020	Vitvi05_01chr02g08920	17.6.2.2.17	mapman:Protein biosynthesis.organellar translation machinery.plastidial ribosome biogenesis.large ribosomal subunit proteome.component *(bL19c)
VIT_05s0049g01480	Vitvi05_01chr05g11770	17.6.2.2.24	mapman:Protein biosynthesis.organellar translation machinery.plastidial ribosome biogenesis.large ribosomal subunit proteome.component *(bL28c)
VIT_06s0061g00770	Vitvi05_01chr06g19810	17.6.2.2.7	mapman:Protein biosynthesis.organellar translation machinery.plastidial ribosome biogenesis.large ribosomal subunit proteome.component *(bL9c)
VIT_09s0002g04330	Vitvi05_01chr09g05090	17.6.2.3	mapman:Protein biosynthesis.organellar translation machinery.plastidial ribosome biogenesis.small ribosomal subunit proteome
VIT_09s0002g04330	Vitvi05_01chr09g05090	17.6.2.3.17	mapman:Protein biosynthesis.organellar translation machinery.plastidial ribosome biogenesis.small ribosomal subunit proteome.component *(uS17c)
VIT_17s0000g09370	Vitvi05_01chr17g13600	17.6.4	mapman:Protein biosynthesis.organellar translation machinery.translation elongation
VIT_17s0000g09370	Vitvi05_01chr17g13600	17.6.4.1	mapman:Protein biosynthesis.organellar translation machinery.translation elongation.elongation factor *(EF-Tu)
VIT_00s0929g00020	Vitvi05_01chr07g24440	18	mapman:Protein modification
VIT_00s1353g00010	Vitvi05_01chr07g25320	18	mapman:Protein modification
VIT_00s1542g00010	Vitvi05_01chr07g27360	18	mapman:Protein modification
VIT_01s0011g00930	Vitvi05_01chr01g01100	18	mapman:Protein modification
VIT_01s0011g04060	Vitvi05_01chr01g05100	18	mapman:Protein modification
VIT_01s0026g01420	Vitvi05_01chr01g13690	18	mapman:Protein modification
VIT_01s0026g01780	Vitvi05_01chr01g14170	18	mapman:Protein modification
VIT_01s0127g00680	Vitvi05_01chr01g11280	18	mapman:Protein modification
VIT_01s0150g00510	Vitvi05_01chr01g25070	18	mapman:Protein modification
VIT_02s0025g03240	Vitvi05_01chr02g03800	18	mapman:Protein modification
VIT_02s0025g03700	Vitvi05_01chr02g04350	18	mapman:Protein modification
VIT_02s0087g00170	Vitvi05_01chr02g18320	18	mapman:Protein modification
VIT_02s0087g01020	Vitvi05_01chr02g19550	18	mapman:Protein modification
VIT_03s0038g02400	Vitvi05_01chr03g02340	18	mapman:Protein modification
VIT_03s0063g00210	Vitvi05_01chr03g08350	18	mapman:Protein modification
VIT_04s0008g01970	Vitvi05_01chr04g02220	18	mapman:Protein modification
VIT_04s0008g03240	Vitvi05_01chr04g03750	18	mapman:Protein modification
VIT_04s0008g05770	Vitvi05_01chr04g07060	18	mapman:Protein modification
VIT_04s0043g00160	Vitvi05_01chr04g13450	18	mapman:Protein modification
VIT_04s0044g00730	Vitvi05_01chr04g23540	18	mapman:Protein modification
VIT_05s0020g00730	Vitvi05_01chr05g03890	18	mapman:Protein modification
VIT_05s0020g04570	Vitvi05_01chr05g09190	18	mapman:Protein modification
VIT_05s0049g00950	Vitvi05_01chr05g10960	18	mapman:Protein modification
VIT_06s0004g00220	Vitvi05_01chr06g00460	18	mapman:Protein modification
VIT_06s0004g01140	Vitvi05_01chr06g01760	18	mapman:Protein modification
VIT_06s0004g01390	Vitvi05_01chr06g02160	18	mapman:Protein modification
VIT_06s0004g02640	Vitvi05_01chr06g04090	18	mapman:Protein modification
VIT_06s0004g08210	Vitvi05_01chr06g11850	18	mapman:Protein modification
VIT_07s0005g02410	Vitvi05_01chr07g07670	18	mapman:Protein modification
VIT_07s0031g00120	Vitvi05_01chr07g27670	18	mapman:Protein modification
VIT_07s0031g00480	Vitvi05_01chr07g28100	18	mapman:Protein modification
VIT_07s0129g00870	Vitvi05_01chr07g27230	18	mapman:Protein modification
VIT_07s0129g00960	Vitvi05_01chr07g27320	18	mapman:Protein modification
VIT_07s0129g00970	Vitvi05_01chr07g27350	18	mapman:Protein modification
VIT_08s0007g01520	Vitvi05_01chr08g15150	18	mapman:Protein modification
VIT_08s0007g02290	Vitvi05_01chr08g16260	18	mapman:Protein modification
VIT_08s0007g04340	Vitvi05_01chr08g18840	18	mapman:Protein modification
VIT_08s0056g00150	Vitvi05_01chr08g00300	18	mapman:Protein modification
VIT_08s0058g01090	Vitvi05_01chr08g08060	18	mapman:Protein modification
VIT_09s0002g00150	Vitvi05_01chr09g00120	18	mapman:Protein modification
VIT_09s0002g07110	Vitvi05_01chr09g08740	18	mapman:Protein modification
VIT_10s0003g00330	Vitvi05_01chr10g09040	18	mapman:Protein modification
VIT_10s0003g00390	Vitvi05_01chr10g09100	18	mapman:Protein modification
VIT_10s0003g01410	Vitvi05_01chr10g10620	18	mapman:Protein modification
VIT_10s0003g01960	Vitvi05_01chr10g11490	18	mapman:Protein modification
VIT_10s0003g01990	Vitvi05_01chr10g11530	18	mapman:Protein modification
VIT_10s0003g02000	Vitvi05_01chr10g11540	18	mapman:Protein modification
VIT_10s0523g00020	Vitvi05_01chr10g02500	18	mapman:Protein modification
VIT_11s0016g02430	Vitvi05_01chr11g02850	18	mapman:Protein modification
VIT_11s0016g04500	Vitvi05_01chr11g05530	18	mapman:Protein modification
VIT_11s0016g04570	Vitvi05_01chr11g05600	18	mapman:Protein modification
VIT_11s0052g01700	Vitvi05_01chr11g18950	18	mapman:Protein modification
VIT_12s0028g03010	Vitvi05_01chr12g04160	18	mapman:Protein modification
VIT_12s0028g03060	Vitvi05_01chr12g04240	18	mapman:Protein modification
VIT_13s0019g02300	Vitvi05_01chr13g05430	18	mapman:Protein modification
VIT_13s0067g03780	Vitvi05_01chr13g03060	18	mapman:Protein modification
VIT_14s0060g00460	Vitvi05_01chr14g00600	18	mapman:Protein modification
VIT_14s0066g01050	Vitvi05_01chr14g26470	18	mapman:Protein modification
VIT_14s0066g02250	Vitvi05_01chr14g27950	18	mapman:Protein modification
VIT_14s0068g00010	Vitvi05_01chr14g20530	18	mapman:Protein modification
VIT_14s0068g00030	Vitvi05_01chr14g20540	18	mapman:Protein modification
VIT_14s0068g00940	Vitvi05_01chr14g21870	18	mapman:Protein modification
VIT_14s0068g01570	Vitvi05_01chr14g22710	18	mapman:Protein modification
VIT_14s0083g00620	Vitvi05_01chr14g19340	18	mapman:Protein modification
VIT_14s0108g00890	Vitvi05_01chr14g29410	18	mapman:Protein modification
VIT_15s0046g02030	Vitvi05_01chr15g18820	18	mapman:Protein modification
VIT_16s0013g01990	Vitvi05_01chr16g07000	18	mapman:Protein modification
VIT_16s0050g01020	Vitvi05_01chr16g16230	18	mapman:Protein modification
VIT_16s0050g02680	Vitvi05_01chr16g18350	18	mapman:Protein modification
VIT_16s0098g00720	Vitvi05_01chr16g20760	18	mapman:Protein modification
VIT_17s0000g02010	Vitvi05_01chr17g02380	18	mapman:Protein modification
VIT_17s0000g02530	Vitvi05_01chr17g03260	18	mapman:Protein modification
VIT_17s0000g05570	Vitvi05_01chr17g07940	18	mapman:Protein modification
VIT_17s0000g08370	Vitvi05_01chr17g12180	18	mapman:Protein modification
VIT_18s0001g08230	Vitvi05_01chr18g08820	18	mapman:Protein modification
VIT_18s0001g08240	Vitvi05_01chr18g08830	18	mapman:Protein modification
VIT_18s0001g09550	Vitvi05_01chr18g10520	18	mapman:Protein modification
VIT_18s0001g10070	Vitvi05_01chr18g11280	18	mapman:Protein modification
VIT_18s0001g10310	Vitvi05_01chr18g11650	18	mapman:Protein modification
VIT_18s0001g11590	Vitvi05_01chr18g13250	18	mapman:Protein modification
VIT_18s0001g13240	Vitvi05_01chr18g15400	18	mapman:Protein modification
VIT_19s0014g00110	Vitvi05_01chr19g00120	18	mapman:Protein modification
VIT_19s0014g00790	Vitvi05_01chr19g01040	18	mapman:Protein modification
VIT_19s0014g04540	Vitvi05_01chr19g06290	18	mapman:Protein modification
VIT_14s0108g00890	Vitvi05_01chr14g29410	18.1	mapman:Protein modification.glycosylation
VIT_14s0108g00890	Vitvi05_01chr14g29410	18.1.1	mapman:Protein modification.glycosylation.N-linked glycosylation
VIT_14s0108g00890	Vitvi05_01chr14g29410	18.1.1.6	mapman:Protein modification.glycosylation.N-linked glycosylation.complex N-glycan maturation
VIT_14s0108g00890	Vitvi05_01chr14g29410	18.1.1.6.9	mapman:Protein modification.glycosylation.N-linked glycosylation.complex N-glycan maturation.beta-1,3-galactosyltransferase
VIT_01s0011g00930	Vitvi05_01chr01g01100	18.14	mapman:Protein modification.protein folding
VIT_07s0005g02410	Vitvi05_01chr07g07670	18.14	mapman:Protein modification.protein folding
VIT_08s0007g04340	Vitvi05_01chr08g18840	18.14	mapman:Protein modification.protein folding
VIT_17s0000g02530	Vitvi05_01chr17g03260	18.14	mapman:Protein modification.protein folding
VIT_07s0005g02410	Vitvi05_01chr07g07670	18.14.1	mapman:Protein modification.protein folding.Cyclophilin-type chaperone activities
VIT_07s0005g02410	Vitvi05_01chr07g07670	18.14.1.8	mapman:Protein modification.protein folding.Cyclophilin-type chaperone activities.peptidyl-prolyl cis-trans isomerase *(ROC4)
VIT_01s0011g00930	Vitvi05_01chr01g01100	18.14.2	mapman:Protein modification.protein folding.FKBP-type chaperone activities
VIT_08s0007g04340	Vitvi05_01chr08g18840	18.14.2	mapman:Protein modification.protein folding.FKBP-type chaperone activities
VIT_17s0000g02530	Vitvi05_01chr17g03260	18.14.2	mapman:Protein modification.protein folding.FKBP-type chaperone activities
VIT_08s0007g04340	Vitvi05_01chr08g18840	18.14.2.11	mapman:Protein modification.protein folding.FKBP-type chaperone activities.peptidyl-prolyl cis-trans isomerase *(FKBP16-4)
VIT_17s0000g02530	Vitvi05_01chr17g03260	18.14.2.12	mapman:Protein modification.protein folding.FKBP-type chaperone activities.peptidyl-prolyl cis-trans isomerase *(FKBP17-2/3)
VIT_01s0011g00930	Vitvi05_01chr01g01100	18.14.2.2	mapman:Protein modification.protein folding.FKBP-type chaperone activities.peptidyl-prolyl cis-trans isomerase *(FKBP13)
VIT_00s0929g00020	Vitvi05_01chr07g24440	18.4	mapman:Protein modification.phosphorylation
VIT_00s1353g00010	Vitvi05_01chr07g25320	18.4	mapman:Protein modification.phosphorylation
VIT_00s1542g00010	Vitvi05_01chr07g27360	18.4	mapman:Protein modification.phosphorylation
VIT_01s0011g04060	Vitvi05_01chr01g05100	18.4	mapman:Protein modification.phosphorylation
VIT_01s0026g01420	Vitvi05_01chr01g13690	18.4	mapman:Protein modification.phosphorylation
VIT_01s0026g01780	Vitvi05_01chr01g14170	18.4	mapman:Protein modification.phosphorylation
VIT_02s0025g03240	Vitvi05_01chr02g03800	18.4	mapman:Protein modification.phosphorylation
VIT_02s0025g03700	Vitvi05_01chr02g04350	18.4	mapman:Protein modification.phosphorylation
VIT_02s0087g00170	Vitvi05_01chr02g18320	18.4	mapman:Protein modification.phosphorylation
VIT_02s0087g01020	Vitvi05_01chr02g19550	18.4	mapman:Protein modification.phosphorylation
VIT_03s0038g02400	Vitvi05_01chr03g02340	18.4	mapman:Protein modification.phosphorylation
VIT_03s0063g00210	Vitvi05_01chr03g08350	18.4	mapman:Protein modification.phosphorylation
VIT_04s0008g01970	Vitvi05_01chr04g02220	18.4	mapman:Protein modification.phosphorylation
VIT_04s0008g03240	Vitvi05_01chr04g03750	18.4	mapman:Protein modification.phosphorylation
VIT_04s0008g05770	Vitvi05_01chr04g07060	18.4	mapman:Protein modification.phosphorylation
VIT_04s0043g00160	Vitvi05_01chr04g13450	18.4	mapman:Protein modification.phosphorylation
VIT_04s0044g00730	Vitvi05_01chr04g23540	18.4	mapman:Protein modification.phosphorylation
VIT_05s0020g00730	Vitvi05_01chr05g03890	18.4	mapman:Protein modification.phosphorylation
VIT_05s0020g04570	Vitvi05_01chr05g09190	18.4	mapman:Protein modification.phosphorylation
VIT_05s0049g00950	Vitvi05_01chr05g10960	18.4	mapman:Protein modification.phosphorylation
VIT_06s0004g00220	Vitvi05_01chr06g00460	18.4	mapman:Protein modification.phosphorylation
VIT_06s0004g01140	Vitvi05_01chr06g01760	18.4	mapman:Protein modification.phosphorylation
VIT_06s0004g01390	Vitvi05_01chr06g02160	18.4	mapman:Protein modification.phosphorylation
VIT_06s0004g02640	Vitvi05_01chr06g04090	18.4	mapman:Protein modification.phosphorylation
VIT_06s0004g08210	Vitvi05_01chr06g11850	18.4	mapman:Protein modification.phosphorylation
VIT_07s0031g00120	Vitvi05_01chr07g27670	18.4	mapman:Protein modification.phosphorylation
VIT_07s0031g00480	Vitvi05_01chr07g28100	18.4	mapman:Protein modification.phosphorylation
VIT_07s0129g00870	Vitvi05_01chr07g27230	18.4	mapman:Protein modification.phosphorylation
VIT_07s0129g00960	Vitvi05_01chr07g27320	18.4	mapman:Protein modification.phosphorylation
VIT_07s0129g00970	Vitvi05_01chr07g27350	18.4	mapman:Protein modification.phosphorylation
VIT_08s0007g01520	Vitvi05_01chr08g15150	18.4	mapman:Protein modification.phosphorylation
VIT_08s0007g02290	Vitvi05_01chr08g16260	18.4	mapman:Protein modification.phosphorylation
VIT_08s0056g00150	Vitvi05_01chr08g00300	18.4	mapman:Protein modification.phosphorylation
VIT_08s0058g01090	Vitvi05_01chr08g08060	18.4	mapman:Protein modification.phosphorylation
VIT_09s0002g00150	Vitvi05_01chr09g00120	18.4	mapman:Protein modification.phosphorylation
VIT_09s0002g07110	Vitvi05_01chr09g08740	18.4	mapman:Protein modification.phosphorylation
VIT_10s0003g00330	Vitvi05_01chr10g09040	18.4	mapman:Protein modification.phosphorylation
VIT_10s0003g01410	Vitvi05_01chr10g10620	18.4	mapman:Protein modification.phosphorylation
VIT_10s0003g01960	Vitvi05_01chr10g11490	18.4	mapman:Protein modification.phosphorylation
VIT_10s0003g01990	Vitvi05_01chr10g11530	18.4	mapman:Protein modification.phosphorylation
VIT_10s0003g02000	Vitvi05_01chr10g11540	18.4	mapman:Protein modification.phosphorylation
VIT_11s0016g02430	Vitvi05_01chr11g02850	18.4	mapman:Protein modification.phosphorylation
VIT_11s0016g04570	Vitvi05_01chr11g05600	18.4	mapman:Protein modification.phosphorylation
VIT_11s0052g01700	Vitvi05_01chr11g18950	18.4	mapman:Protein modification.phosphorylation
VIT_12s0028g03060	Vitvi05_01chr12g04240	18.4	mapman:Protein modification.phosphorylation
VIT_13s0019g02300	Vitvi05_01chr13g05430	18.4	mapman:Protein modification.phosphorylation
VIT_13s0067g03780	Vitvi05_01chr13g03060	18.4	mapman:Protein modification.phosphorylation
VIT_14s0060g00460	Vitvi05_01chr14g00600	18.4	mapman:Protein modification.phosphorylation
VIT_14s0066g01050	Vitvi05_01chr14g26470	18.4	mapman:Protein modification.phosphorylation
VIT_14s0066g02250	Vitvi05_01chr14g27950	18.4	mapman:Protein modification.phosphorylation
VIT_14s0068g00010	Vitvi05_01chr14g20530	18.4	mapman:Protein modification.phosphorylation
VIT_14s0068g00030	Vitvi05_01chr14g20540	18.4	mapman:Protein modification.phosphorylation
VIT_14s0068g00940	Vitvi05_01chr14g21870	18.4	mapman:Protein modification.phosphorylation
VIT_14s0083g00620	Vitvi05_01chr14g19340	18.4	mapman:Protein modification.phosphorylation
VIT_15s0046g02030	Vitvi05_01chr15g18820	18.4	mapman:Protein modification.phosphorylation
VIT_16s0013g01990	Vitvi05_01chr16g07000	18.4	mapman:Protein modification.phosphorylation
VIT_16s0050g01020	Vitvi05_01chr16g16230	18.4	mapman:Protein modification.phosphorylation
VIT_16s0098g00720	Vitvi05_01chr16g20760	18.4	mapman:Protein modification.phosphorylation
VIT_17s0000g02010	Vitvi05_01chr17g02380	18.4	mapman:Protein modification.phosphorylation
VIT_17s0000g05570	Vitvi05_01chr17g07940	18.4	mapman:Protein modification.phosphorylation
VIT_18s0001g08230	Vitvi05_01chr18g08820	18.4	mapman:Protein modification.phosphorylation
VIT_18s0001g08240	Vitvi05_01chr18g08830	18.4	mapman:Protein modification.phosphorylation
VIT_18s0001g09550	Vitvi05_01chr18g10520	18.4	mapman:Protein modification.phosphorylation
VIT_18s0001g10070	Vitvi05_01chr18g11280	18.4	mapman:Protein modification.phosphorylation
VIT_18s0001g10310	Vitvi05_01chr18g11650	18.4	mapman:Protein modification.phosphorylation
VIT_18s0001g11590	Vitvi05_01chr18g13250	18.4	mapman:Protein modification.phosphorylation
VIT_19s0014g00110	Vitvi05_01chr19g00120	18.4	mapman:Protein modification.phosphorylation
VIT_19s0014g00790	Vitvi05_01chr19g01040	18.4	mapman:Protein modification.phosphorylation
VIT_19s0014g04540	Vitvi05_01chr19g06290	18.4	mapman:Protein modification.phosphorylation
VIT_00s0929g00020	Vitvi05_01chr07g24440	18.4.1	mapman:Protein modification.phosphorylation.TKL protein kinase families
VIT_00s1353g00010	Vitvi05_01chr07g25320	18.4.1	mapman:Protein modification.phosphorylation.TKL protein kinase families
VIT_00s1542g00010	Vitvi05_01chr07g27360	18.4.1	mapman:Protein modification.phosphorylation.TKL protein kinase families
VIT_01s0011g04060	Vitvi05_01chr01g05100	18.4.1	mapman:Protein modification.phosphorylation.TKL protein kinase families
VIT_01s0026g01420	Vitvi05_01chr01g13690	18.4.1	mapman:Protein modification.phosphorylation.TKL protein kinase families
VIT_01s0026g01780	Vitvi05_01chr01g14170	18.4.1	mapman:Protein modification.phosphorylation.TKL protein kinase families
VIT_02s0025g03240	Vitvi05_01chr02g03800	18.4.1	mapman:Protein modification.phosphorylation.TKL protein kinase families
VIT_02s0025g03700	Vitvi05_01chr02g04350	18.4.1	mapman:Protein modification.phosphorylation.TKL protein kinase families
VIT_02s0087g00170	Vitvi05_01chr02g18320	18.4.1	mapman:Protein modification.phosphorylation.TKL protein kinase families
VIT_02s0087g01020	Vitvi05_01chr02g19550	18.4.1	mapman:Protein modification.phosphorylation.TKL protein kinase families
VIT_03s0038g02400	Vitvi05_01chr03g02340	18.4.1	mapman:Protein modification.phosphorylation.TKL protein kinase families
VIT_03s0063g00210	Vitvi05_01chr03g08350	18.4.1	mapman:Protein modification.phosphorylation.TKL protein kinase families
VIT_04s0008g01970	Vitvi05_01chr04g02220	18.4.1	mapman:Protein modification.phosphorylation.TKL protein kinase families
VIT_04s0008g03240	Vitvi05_01chr04g03750	18.4.1	mapman:Protein modification.phosphorylation.TKL protein kinase families
VIT_04s0043g00160	Vitvi05_01chr04g13450	18.4.1	mapman:Protein modification.phosphorylation.TKL protein kinase families
VIT_04s0044g00730	Vitvi05_01chr04g23540	18.4.1	mapman:Protein modification.phosphorylation.TKL protein kinase families
VIT_05s0020g00730	Vitvi05_01chr05g03890	18.4.1	mapman:Protein modification.phosphorylation.TKL protein kinase families
VIT_06s0004g00220	Vitvi05_01chr06g00460	18.4.1	mapman:Protein modification.phosphorylation.TKL protein kinase families
VIT_06s0004g01390	Vitvi05_01chr06g02160	18.4.1	mapman:Protein modification.phosphorylation.TKL protein kinase families
VIT_06s0004g02640	Vitvi05_01chr06g04090	18.4.1	mapman:Protein modification.phosphorylation.TKL protein kinase families
VIT_06s0004g08210	Vitvi05_01chr06g11850	18.4.1	mapman:Protein modification.phosphorylation.TKL protein kinase families
VIT_07s0031g00120	Vitvi05_01chr07g27670	18.4.1	mapman:Protein modification.phosphorylation.TKL protein kinase families
VIT_07s0031g00480	Vitvi05_01chr07g28100	18.4.1	mapman:Protein modification.phosphorylation.TKL protein kinase families
VIT_07s0129g00870	Vitvi05_01chr07g27230	18.4.1	mapman:Protein modification.phosphorylation.TKL protein kinase families
VIT_07s0129g00960	Vitvi05_01chr07g27320	18.4.1	mapman:Protein modification.phosphorylation.TKL protein kinase families
VIT_07s0129g00970	Vitvi05_01chr07g27350	18.4.1	mapman:Protein modification.phosphorylation.TKL protein kinase families
VIT_08s0007g01520	Vitvi05_01chr08g15150	18.4.1	mapman:Protein modification.phosphorylation.TKL protein kinase families
VIT_08s0007g02290	Vitvi05_01chr08g16260	18.4.1	mapman:Protein modification.phosphorylation.TKL protein kinase families
VIT_08s0056g00150	Vitvi05_01chr08g00300	18.4.1	mapman:Protein modification.phosphorylation.TKL protein kinase families
VIT_09s0002g00150	Vitvi05_01chr09g00120	18.4.1	mapman:Protein modification.phosphorylation.TKL protein kinase families
VIT_09s0002g07110	Vitvi05_01chr09g08740	18.4.1	mapman:Protein modification.phosphorylation.TKL protein kinase families
VIT_10s0003g00330	Vitvi05_01chr10g09040	18.4.1	mapman:Protein modification.phosphorylation.TKL protein kinase families
VIT_10s0003g01960	Vitvi05_01chr10g11490	18.4.1	mapman:Protein modification.phosphorylation.TKL protein kinase families
VIT_10s0003g01990	Vitvi05_01chr10g11530	18.4.1	mapman:Protein modification.phosphorylation.TKL protein kinase families
VIT_10s0003g02000	Vitvi05_01chr10g11540	18.4.1	mapman:Protein modification.phosphorylation.TKL protein kinase families
VIT_11s0016g02430	Vitvi05_01chr11g02850	18.4.1	mapman:Protein modification.phosphorylation.TKL protein kinase families
VIT_11s0016g04570	Vitvi05_01chr11g05600	18.4.1	mapman:Protein modification.phosphorylation.TKL protein kinase families
VIT_12s0028g03060	Vitvi05_01chr12g04240	18.4.1	mapman:Protein modification.phosphorylation.TKL protein kinase families
VIT_13s0019g02300	Vitvi05_01chr13g05430	18.4.1	mapman:Protein modification.phosphorylation.TKL protein kinase families
VIT_13s0067g03780	Vitvi05_01chr13g03060	18.4.1	mapman:Protein modification.phosphorylation.TKL protein kinase families
VIT_14s0060g00460	Vitvi05_01chr14g00600	18.4.1	mapman:Protein modification.phosphorylation.TKL protein kinase families
VIT_14s0066g02250	Vitvi05_01chr14g27950	18.4.1	mapman:Protein modification.phosphorylation.TKL protein kinase families
VIT_14s0068g00010	Vitvi05_01chr14g20530	18.4.1	mapman:Protein modification.phosphorylation.TKL protein kinase families
VIT_14s0068g00030	Vitvi05_01chr14g20540	18.4.1	mapman:Protein modification.phosphorylation.TKL protein kinase families
VIT_14s0068g00940	Vitvi05_01chr14g21870	18.4.1	mapman:Protein modification.phosphorylation.TKL protein kinase families
VIT_14s0083g00620	Vitvi05_01chr14g19340	18.4.1	mapman:Protein modification.phosphorylation.TKL protein kinase families
VIT_15s0046g02030	Vitvi05_01chr15g18820	18.4.1	mapman:Protein modification.phosphorylation.TKL protein kinase families
VIT_16s0013g01990	Vitvi05_01chr16g07000	18.4.1	mapman:Protein modification.phosphorylation.TKL protein kinase families
VIT_16s0050g01020	Vitvi05_01chr16g16230	18.4.1	mapman:Protein modification.phosphorylation.TKL protein kinase families
VIT_16s0098g00720	Vitvi05_01chr16g20760	18.4.1	mapman:Protein modification.phosphorylation.TKL protein kinase families
VIT_17s0000g02010	Vitvi05_01chr17g02380	18.4.1	mapman:Protein modification.phosphorylation.TKL protein kinase families
VIT_17s0000g05570	Vitvi05_01chr17g07940	18.4.1	mapman:Protein modification.phosphorylation.TKL protein kinase families
VIT_18s0001g08230	Vitvi05_01chr18g08820	18.4.1	mapman:Protein modification.phosphorylation.TKL protein kinase families
VIT_18s0001g08240	Vitvi05_01chr18g08830	18.4.1	mapman:Protein modification.phosphorylation.TKL protein kinase families
VIT_18s0001g09550	Vitvi05_01chr18g10520	18.4.1	mapman:Protein modification.phosphorylation.TKL protein kinase families
VIT_18s0001g10070	Vitvi05_01chr18g11280	18.4.1	mapman:Protein modification.phosphorylation.TKL protein kinase families
VIT_18s0001g10310	Vitvi05_01chr18g11650	18.4.1	mapman:Protein modification.phosphorylation.TKL protein kinase families
VIT_18s0001g11590	Vitvi05_01chr18g13250	18.4.1	mapman:Protein modification.phosphorylation.TKL protein kinase families
VIT_19s0014g00110	Vitvi05_01chr19g00120	18.4.1	mapman:Protein modification.phosphorylation.TKL protein kinase families
VIT_19s0014g00790	Vitvi05_01chr19g01040	18.4.1	mapman:Protein modification.phosphorylation.TKL protein kinase families
VIT_19s0014g04540	Vitvi05_01chr19g06290	18.4.1	mapman:Protein modification.phosphorylation.TKL protein kinase families
VIT_14s0066g02250	Vitvi05_01chr14g27950	18.4.1.10	mapman:Protein modification.phosphorylation.TKL protein kinase families.LRR-X protein kinase families
VIT_14s0066g02250	Vitvi05_01chr14g27950	18.4.1.10.1	mapman:Protein modification.phosphorylation.TKL protein kinase families.LRR-X protein kinase families.LRR-Xa protein kinase
VIT_00s1353g00010	Vitvi05_01chr07g25320	18.4.1.11	mapman:Protein modification.phosphorylation.TKL protein kinase families.LRR-XI protein kinase
VIT_04s0008g03240	Vitvi05_01chr04g03750	18.4.1.11	mapman:Protein modification.phosphorylation.TKL protein kinase families.LRR-XI protein kinase
VIT_10s0003g00330	Vitvi05_01chr10g09040	18.4.1.11	mapman:Protein modification.phosphorylation.TKL protein kinase families.LRR-XI protein kinase
VIT_12s0028g03060	Vitvi05_01chr12g04240	18.4.1.11	mapman:Protein modification.phosphorylation.TKL protein kinase families.LRR-XI protein kinase
VIT_16s0013g01990	Vitvi05_01chr16g07000	18.4.1.11	mapman:Protein modification.phosphorylation.TKL protein kinase families.LRR-XI protein kinase
VIT_18s0001g08230	Vitvi05_01chr18g08820	18.4.1.11	mapman:Protein modification.phosphorylation.TKL protein kinase families.LRR-XI protein kinase
VIT_18s0001g08240	Vitvi05_01chr18g08830	18.4.1.11	mapman:Protein modification.phosphorylation.TKL protein kinase families.LRR-XI protein kinase
VIT_18s0001g09550	Vitvi05_01chr18g10520	18.4.1.12	mapman:Protein modification.phosphorylation.TKL protein kinase families.LRR-XII protein kinase
VIT_02s0087g00170	Vitvi05_01chr02g18320	18.4.1.13	mapman:Protein modification.phosphorylation.TKL protein kinase families.LRR-XIII protein kinase families
VIT_04s0008g01970	Vitvi05_01chr04g02220	18.4.1.13	mapman:Protein modification.phosphorylation.TKL protein kinase families.LRR-XIII protein kinase families
VIT_17s0000g05570	Vitvi05_01chr17g07940	18.4.1.13	mapman:Protein modification.phosphorylation.TKL protein kinase families.LRR-XIII protein kinase families
VIT_19s0014g00110	Vitvi05_01chr19g00120	18.4.1.13	mapman:Protein modification.phosphorylation.TKL protein kinase families.LRR-XIII protein kinase families
VIT_02s0087g00170	Vitvi05_01chr02g18320	18.4.1.13.1	mapman:Protein modification.phosphorylation.TKL protein kinase families.LRR-XIII protein kinase families.LRR-XIIIa protein kinase
VIT_17s0000g05570	Vitvi05_01chr17g07940	18.4.1.13.1	mapman:Protein modification.phosphorylation.TKL protein kinase families.LRR-XIII protein kinase families.LRR-XIIIa protein kinase
VIT_19s0014g00110	Vitvi05_01chr19g00120	18.4.1.13.1	mapman:Protein modification.phosphorylation.TKL protein kinase families.LRR-XIII protein kinase families.LRR-XIIIa protein kinase
VIT_04s0008g01970	Vitvi05_01chr04g02220	18.4.1.13.2	mapman:Protein modification.phosphorylation.TKL protein kinase families.LRR-XIII protein kinase families.LRR-XIIIb protein kinase
VIT_00s1542g00010	Vitvi05_01chr07g27360	18.4.1.16	mapman:Protein modification.phosphorylation.TKL protein kinase families.CrlRLK1 protein kinase
VIT_07s0129g00870	Vitvi05_01chr07g27230	18.4.1.16	mapman:Protein modification.phosphorylation.TKL protein kinase families.CrlRLK1 protein kinase
VIT_07s0129g00960	Vitvi05_01chr07g27320	18.4.1.16	mapman:Protein modification.phosphorylation.TKL protein kinase families.CrlRLK1 protein kinase
VIT_07s0129g00970	Vitvi05_01chr07g27350	18.4.1.16	mapman:Protein modification.phosphorylation.TKL protein kinase families.CrlRLK1 protein kinase
VIT_13s0067g03780	Vitvi05_01chr13g03060	18.4.1.16	mapman:Protein modification.phosphorylation.TKL protein kinase families.CrlRLK1 protein kinase
VIT_14s0068g00010	Vitvi05_01chr14g20530	18.4.1.16	mapman:Protein modification.phosphorylation.TKL protein kinase families.CrlRLK1 protein kinase
VIT_14s0068g00030	Vitvi05_01chr14g20540	18.4.1.16	mapman:Protein modification.phosphorylation.TKL protein kinase families.CrlRLK1 protein kinase
VIT_16s0050g01020	Vitvi05_01chr16g16230	18.4.1.16	mapman:Protein modification.phosphorylation.TKL protein kinase families.CrlRLK1 protein kinase
VIT_02s0087g01020	Vitvi05_01chr02g19550	18.4.1.17	mapman:Protein modification.phosphorylation.TKL protein kinase families.DUF26 protein kinase
VIT_04s0044g00730	Vitvi05_01chr04g23540	18.4.1.19	mapman:Protein modification.phosphorylation.TKL protein kinase families.Lectin receptor-like protein kinase families
VIT_06s0004g01390	Vitvi05_01chr06g02160	18.4.1.19	mapman:Protein modification.phosphorylation.TKL protein kinase families.Lectin receptor-like protein kinase families
VIT_16s0098g00720	Vitvi05_01chr16g20760	18.4.1.19	mapman:Protein modification.phosphorylation.TKL protein kinase families.Lectin receptor-like protein kinase families
VIT_19s0014g04540	Vitvi05_01chr19g06290	18.4.1.19	mapman:Protein modification.phosphorylation.TKL protein kinase families.Lectin receptor-like protein kinase families
VIT_04s0044g00730	Vitvi05_01chr04g23540	18.4.1.19.1	mapman:Protein modification.phosphorylation.TKL protein kinase families.Lectin receptor-like protein kinase families.G-Lectin protein kinase activity
VIT_06s0004g01390	Vitvi05_01chr06g02160	18.4.1.19.1	mapman:Protein modification.phosphorylation.TKL protein kinase families.Lectin receptor-like protein kinase families.G-Lectin protein kinase activity
VIT_19s0014g04540	Vitvi05_01chr19g06290	18.4.1.19.1	mapman:Protein modification.phosphorylation.TKL protein kinase families.Lectin receptor-like protein kinase families.G-Lectin protein kinase activity
VIT_19s0014g04540	Vitvi05_01chr19g06290	18.4.1.19.1.1	mapman:Protein modification.phosphorylation.TKL protein kinase families.Lectin receptor-like protein kinase families.G-Lectin protein kinase activity.SD-1 protein kinase
VIT_04s0044g00730	Vitvi05_01chr04g23540	18.4.1.19.1.2	mapman:Protein modification.phosphorylation.TKL protein kinase families.Lectin receptor-like protein kinase families.G-Lectin protein kinase activity.SD-2 protein kinase
VIT_06s0004g01390	Vitvi05_01chr06g02160	18.4.1.19.1.2	mapman:Protein modification.phosphorylation.TKL protein kinase families.Lectin receptor-like protein kinase families.G-Lectin protein kinase activity.SD-2 protein kinase
VIT_16s0098g00720	Vitvi05_01chr16g20760	18.4.1.19.2	mapman:Protein modification.phosphorylation.TKL protein kinase families.Lectin receptor-like protein kinase families.L-Lectin protein kinase
VIT_14s0083g00620	Vitvi05_01chr14g19340	18.4.1.2	mapman:Protein modification.phosphorylation.TKL protein kinase families.LRR-II protein kinase
VIT_01s0026g01420	Vitvi05_01chr01g13690	18.4.1.20	mapman:Protein modification.phosphorylation.TKL protein kinase families.LRK10-1-like protein kinase
VIT_13s0019g02300	Vitvi05_01chr13g05430	18.4.1.24	mapman:Protein modification.phosphorylation.TKL protein kinase families.WAK/WAKL protein kinase
VIT_03s0063g00210	Vitvi05_01chr03g08350	18.4.1.26	mapman:Protein modification.phosphorylation.TKL protein kinase families.URK kinase families
VIT_03s0063g00210	Vitvi05_01chr03g08350	18.4.1.26.1	mapman:Protein modification.phosphorylation.TKL protein kinase families.URK kinase families.URK-1 protein kinase
VIT_09s0002g07110	Vitvi05_01chr09g08740	18.4.1.27	mapman:Protein modification.phosphorylation.TKL protein kinase families.MLK protein kinase families
VIT_09s0002g07110	Vitvi05_01chr09g08740	18.4.1.27.2	mapman:Protein modification.phosphorylation.TKL protein kinase families.MLK protein kinase families.MLK-II protein kinase
VIT_11s0016g02430	Vitvi05_01chr11g02850	18.4.1.28	mapman:Protein modification.phosphorylation.TKL protein kinase families.PERK-related protein kinase
VIT_18s0001g11590	Vitvi05_01chr18g13250	18.4.1.28	mapman:Protein modification.phosphorylation.TKL protein kinase families.PERK-related protein kinase
VIT_01s0011g04060	Vitvi05_01chr01g05100	18.4.1.3	mapman:Protein modification.phosphorylation.TKL protein kinase families.LRR-III protein kinase
VIT_06s0004g08210	Vitvi05_01chr06g11850	18.4.1.3	mapman:Protein modification.phosphorylation.TKL protein kinase families.LRR-III protein kinase
VIT_07s0031g00120	Vitvi05_01chr07g27670	18.4.1.3	mapman:Protein modification.phosphorylation.TKL protein kinase families.LRR-III protein kinase
VIT_11s0016g04570	Vitvi05_01chr11g05600	18.4.1.3	mapman:Protein modification.phosphorylation.TKL protein kinase families.LRR-III protein kinase
VIT_17s0000g02010	Vitvi05_01chr17g02380	18.4.1.3	mapman:Protein modification.phosphorylation.TKL protein kinase families.LRR-III protein kinase
VIT_18s0001g10070	Vitvi05_01chr18g11280	18.4.1.3	mapman:Protein modification.phosphorylation.TKL protein kinase families.LRR-III protein kinase
VIT_05s0020g00730	Vitvi05_01chr05g03890	18.4.1.31	mapman:Protein modification.phosphorylation.TKL protein kinase families.RLCK-V receptor-like protein kinase
VIT_07s0031g00480	Vitvi05_01chr07g28100	18.4.1.31	mapman:Protein modification.phosphorylation.TKL protein kinase families.RLCK-V receptor-like protein kinase
VIT_14s0060g00460	Vitvi05_01chr14g00600	18.4.1.31	mapman:Protein modification.phosphorylation.TKL protein kinase families.RLCK-V receptor-like protein kinase
VIT_15s0046g02030	Vitvi05_01chr15g18820	18.4.1.31	mapman:Protein modification.phosphorylation.TKL protein kinase families.RLCK-V receptor-like protein kinase
VIT_18s0001g10310	Vitvi05_01chr18g11650	18.4.1.31	mapman:Protein modification.phosphorylation.TKL protein kinase families.RLCK-V receptor-like protein kinase
VIT_00s0929g00020	Vitvi05_01chr07g24440	18.4.1.32	mapman:Protein modification.phosphorylation.TKL protein kinase families.RLCK-VI receptor-like protein kinase
VIT_03s0038g02400	Vitvi05_01chr03g02340	18.4.1.32	mapman:Protein modification.phosphorylation.TKL protein kinase families.RLCK-VI receptor-like protein kinase
VIT_06s0004g00220	Vitvi05_01chr06g00460	18.4.1.33	mapman:Protein modification.phosphorylation.TKL protein kinase families.RLCK-VII receptor-like protein kinase families
VIT_08s0056g00150	Vitvi05_01chr08g00300	18.4.1.33	mapman:Protein modification.phosphorylation.TKL protein kinase families.RLCK-VII receptor-like protein kinase families
VIT_06s0004g00220	Vitvi05_01chr06g00460	18.4.1.33.1	mapman:Protein modification.phosphorylation.TKL protein kinase families.RLCK-VII receptor-like protein kinase families.RLCK-VIIa receptor-like protein kinase
VIT_08s0056g00150	Vitvi05_01chr08g00300	18.4.1.33.1	mapman:Protein modification.phosphorylation.TKL protein kinase families.RLCK-VII receptor-like protein kinase families.RLCK-VIIa receptor-like protein kinase
VIT_06s0004g02640	Vitvi05_01chr06g04090	18.4.1.34	mapman:Protein modification.phosphorylation.TKL protein kinase families.RLCK-VIII receptor-like protein kinase families
VIT_06s0004g02640	Vitvi05_01chr06g04090	18.4.1.34.2	mapman:Protein modification.phosphorylation.TKL protein kinase families.RLCK-VIII receptor-like protein kinase families.RLCK-VIII-sis receptor-like protein kinase
VIT_14s0068g00940	Vitvi05_01chr14g21870	18.4.1.35	mapman:Protein modification.phosphorylation.TKL protein kinase families.RLCK-IX receptor-like protein kinase families
VIT_14s0068g00940	Vitvi05_01chr14g21870	18.4.1.35.1	mapman:Protein modification.phosphorylation.TKL protein kinase families.RLCK-IX receptor-like protein kinase families.RLCK-IXa receptor-like protein kinase
VIT_08s0007g01520	Vitvi05_01chr08g15150	18.4.1.38	mapman:Protein modification.phosphorylation.TKL protein kinase families.RLCK-XII receptor-like protein kinase
VIT_02s0025g03240	Vitvi05_01chr02g03800	18.4.1.39	mapman:Protein modification.phosphorylation.TKL protein kinase families.RLCK-XIII receptor-like protein kinase
VIT_09s0002g00150	Vitvi05_01chr09g00120	18.4.1.5	mapman:Protein modification.phosphorylation.TKL protein kinase families.LRR-V protein kinase
VIT_01s0026g01780	Vitvi05_01chr01g14170	18.4.1.6	mapman:Protein modification.phosphorylation.TKL protein kinase families.LRR-VI protein kinase families
VIT_02s0025g03700	Vitvi05_01chr02g04350	18.4.1.6	mapman:Protein modification.phosphorylation.TKL protein kinase families.LRR-VI protein kinase families
VIT_01s0026g01780	Vitvi05_01chr01g14170	18.4.1.6.1	mapman:Protein modification.phosphorylation.TKL protein kinase families.LRR-VI protein kinase families.LRR-VI-1 protein kinase
VIT_02s0025g03700	Vitvi05_01chr02g04350	18.4.1.6.2	mapman:Protein modification.phosphorylation.TKL protein kinase families.LRR-VI protein kinase families.LRR-VI-2 protein kinase
VIT_10s0003g01960	Vitvi05_01chr10g11490	18.4.1.8	mapman:Protein modification.phosphorylation.TKL protein kinase families.LRR-VIII protein kinase families
VIT_10s0003g01990	Vitvi05_01chr10g11530	18.4.1.8	mapman:Protein modification.phosphorylation.TKL protein kinase families.LRR-VIII protein kinase families
VIT_10s0003g02000	Vitvi05_01chr10g11540	18.4.1.8	mapman:Protein modification.phosphorylation.TKL protein kinase families.LRR-VIII protein kinase families
VIT_19s0014g00790	Vitvi05_01chr19g01040	18.4.1.8	mapman:Protein modification.phosphorylation.TKL protein kinase families.LRR-VIII protein kinase families
VIT_10s0003g01960	Vitvi05_01chr10g11490	18.4.1.8.2	mapman:Protein modification.phosphorylation.TKL protein kinase families.LRR-VIII protein kinase families.LRR-VIII-2 protein kinase
VIT_10s0003g01990	Vitvi05_01chr10g11530	18.4.1.8.2	mapman:Protein modification.phosphorylation.TKL protein kinase families.LRR-VIII protein kinase families.LRR-VIII-2 protein kinase
VIT_10s0003g02000	Vitvi05_01chr10g11540	18.4.1.8.2	mapman:Protein modification.phosphorylation.TKL protein kinase families.LRR-VIII protein kinase families.LRR-VIII-2 protein kinase
VIT_19s0014g00790	Vitvi05_01chr19g01040	18.4.1.8.2	mapman:Protein modification.phosphorylation.TKL protein kinase families.LRR-VIII protein kinase families.LRR-VIII-2 protein kinase
VIT_04s0043g00160	Vitvi05_01chr04g13450	18.4.1.9	mapman:Protein modification.phosphorylation.TKL protein kinase families.LRR-IX protein kinase
VIT_08s0007g02290	Vitvi05_01chr08g16260	18.4.1.9	mapman:Protein modification.phosphorylation.TKL protein kinase families.LRR-IX protein kinase
VIT_14s0066g01050	Vitvi05_01chr14g26470	18.4.3	mapman:Protein modification.phosphorylation.CMGC protein kinase families
VIT_14s0066g01050	Vitvi05_01chr14g26470	18.4.3.4	mapman:Protein modification.phosphorylation.CMGC protein kinase families.GSK protein kinase
VIT_04s0008g05770	Vitvi05_01chr04g07060	18.4.4	mapman:Protein modification.phosphorylation.CAMK protein kinase families
VIT_05s0020g04570	Vitvi05_01chr05g09190	18.4.4	mapman:Protein modification.phosphorylation.CAMK protein kinase families
VIT_05s0049g00950	Vitvi05_01chr05g10960	18.4.4	mapman:Protein modification.phosphorylation.CAMK protein kinase families
VIT_06s0004g01140	Vitvi05_01chr06g01760	18.4.4	mapman:Protein modification.phosphorylation.CAMK protein kinase families
VIT_08s0058g01090	Vitvi05_01chr08g08060	18.4.4	mapman:Protein modification.phosphorylation.CAMK protein kinase families
VIT_10s0003g01410	Vitvi05_01chr10g10620	18.4.4	mapman:Protein modification.phosphorylation.CAMK protein kinase families
VIT_11s0052g01700	Vitvi05_01chr11g18950	18.4.4	mapman:Protein modification.phosphorylation.CAMK protein kinase families
VIT_04s0008g05770	Vitvi05_01chr04g07060	18.4.4.3	mapman:Protein modification.phosphorylation.CAMK protein kinase families.SnRK3 SNF1-related protein kinase
VIT_05s0020g04570	Vitvi05_01chr05g09190	18.4.4.3	mapman:Protein modification.phosphorylation.CAMK protein kinase families.SnRK3 SNF1-related protein kinase
VIT_08s0058g01090	Vitvi05_01chr08g08060	18.4.4.3	mapman:Protein modification.phosphorylation.CAMK protein kinase families.SnRK3 SNF1-related protein kinase
VIT_10s0003g01410	Vitvi05_01chr10g10620	18.4.4.3	mapman:Protein modification.phosphorylation.CAMK protein kinase families.SnRK3 SNF1-related protein kinase
VIT_11s0052g01700	Vitvi05_01chr11g18950	18.4.4.3	mapman:Protein modification.phosphorylation.CAMK protein kinase families.SnRK3 SNF1-related protein kinase
VIT_05s0049g00950	Vitvi05_01chr05g10960	18.4.4.7	mapman:Protein modification.phosphorylation.CAMK protein kinase families.PPCK PEP carboxylase kinase
VIT_06s0004g01140	Vitvi05_01chr06g01760	18.4.4.9	mapman:Protein modification.phosphorylation.CAMK protein kinase families.GRIK protein kinase
VIT_01s0150g00510	Vitvi05_01chr01g25070	18.5	mapman:Protein modification.dephosphorylation
VIT_10s0523g00020	Vitvi05_01chr10g02500	18.5	mapman:Protein modification.dephosphorylation
VIT_11s0016g04500	Vitvi05_01chr11g05530	18.5	mapman:Protein modification.dephosphorylation
VIT_16s0050g02680	Vitvi05_01chr16g18350	18.5	mapman:Protein modification.dephosphorylation
VIT_01s0150g00510	Vitvi05_01chr01g25070	18.5.1	mapman:Protein modification.dephosphorylation.protein serine/threonine phosphatase families
VIT_11s0016g04500	Vitvi05_01chr11g05530	18.5.1	mapman:Protein modification.dephosphorylation.protein serine/threonine phosphatase families
VIT_16s0050g02680	Vitvi05_01chr16g18350	18.5.1	mapman:Protein modification.dephosphorylation.protein serine/threonine phosphatase families
VIT_11s0016g04500	Vitvi05_01chr11g05530	18.5.1.1	mapman:Protein modification.dephosphorylation.protein serine/threonine phosphatase families.PPP Fe-Zn-dependent phosphatase families
VIT_11s0016g04500	Vitvi05_01chr11g05530	18.5.1.1.2	mapman:Protein modification.dephosphorylation.protein serine/threonine phosphatase families.PPP Fe-Zn-dependent phosphatase families.PP2A-class  phosphatase complexes
VIT_11s0016g04500	Vitvi05_01chr11g05530	18.5.1.1.2.3	mapman:Protein modification.dephosphorylation.protein serine/threonine phosphatase families.PPP Fe-Zn-dependent phosphatase families.PP2A-class  phosphatase complexes.regulatory component B1
VIT_01s0150g00510	Vitvi05_01chr01g25070	18.5.1.2	mapman:Protein modification.dephosphorylation.protein serine/threonine phosphatase families.PPM/PP2C Mn/Mg-dependent phosphatase families
VIT_16s0050g02680	Vitvi05_01chr16g18350	18.5.1.2	mapman:Protein modification.dephosphorylation.protein serine/threonine phosphatase families.PPM/PP2C Mn/Mg-dependent phosphatase families
VIT_16s0050g02680	Vitvi05_01chr16g18350	18.5.1.2.1	mapman:Protein modification.dephosphorylation.protein serine/threonine phosphatase families.PPM/PP2C Mn/Mg-dependent phosphatase families.clade A phosphatase
VIT_01s0150g00510	Vitvi05_01chr01g25070	18.5.1.2.3	mapman:Protein modification.dephosphorylation.protein serine/threonine phosphatase families.PPM/PP2C Mn/Mg-dependent phosphatase families.clade C phosphatase
VIT_10s0523g00020	Vitvi05_01chr10g02500	18.5.3	mapman:Protein modification.dephosphorylation.protein tyrosine phosphatase (PTP) families
VIT_10s0523g00020	Vitvi05_01chr10g02500	18.5.3.4	mapman:Protein modification.dephosphorylation.protein tyrosine phosphatase (PTP) families.atypical PTP phosphatase *(PFA-DSP)
VIT_01s0127g00680	Vitvi05_01chr01g11280	18.6	mapman:Protein modification.ADP-ribosylation
VIT_17s0000g08370	Vitvi05_01chr17g12180	18.6	mapman:Protein modification.ADP-ribosylation
VIT_01s0127g00680	Vitvi05_01chr01g11280	18.6.4	mapman:Protein modification.ADP-ribosylation.mono-ADP-ribosyltransferase *(SRO2)
VIT_17s0000g08370	Vitvi05_01chr17g12180	18.6.4	mapman:Protein modification.ADP-ribosylation.mono-ADP-ribosyltransferase *(SRO2)
VIT_18s0001g13240	Vitvi05_01chr18g15400	18.8	mapman:Protein modification.S-nitrosylation
VIT_18s0001g13240	Vitvi05_01chr18g15400	18.8.2	mapman:Protein modification.S-nitrosylation.protein-S-nitrosothiol reductase *(TRX5)
VIT_10s0003g00390	Vitvi05_01chr10g09100	18.9	mapman:Protein modification.S-glutathionylation
VIT_12s0028g03010	Vitvi05_01chr12g04160	18.9	mapman:Protein modification.S-glutathionylation
VIT_14s0068g01570	Vitvi05_01chr14g22710	18.9	mapman:Protein modification.S-glutathionylation
VIT_10s0003g00390	Vitvi05_01chr10g09100	18.9.1	mapman:Protein modification.S-glutathionylation.glutaredoxin
VIT_12s0028g03010	Vitvi05_01chr12g04160	18.9.1	mapman:Protein modification.S-glutathionylation.glutaredoxin
VIT_14s0068g01570	Vitvi05_01chr14g22710	18.9.1	mapman:Protein modification.S-glutathionylation.glutaredoxin
VIT_00s0270g00120	Vitvi05_01chr04g11600	19	mapman:Protein homeostasis
VIT_00s0323g00100	Vitvi05_01chr02g07050	19	mapman:Protein homeostasis
VIT_00s0524g00030	Vitvi05_01chr07g18530	19	mapman:Protein homeostasis
VIT_01s0010g01390	Vitvi05_01chr01g19250	19	mapman:Protein homeostasis
VIT_01s0011g02000	Vitvi05_01chr01g02380	19	mapman:Protein homeostasis
VIT_01s0011g02030	Vitvi05_01chr01g02410	19	mapman:Protein homeostasis
VIT_01s0011g02930	Vitvi05_01chr01g03590	19	mapman:Protein homeostasis
VIT_01s0011g03210	Vitvi05_01chr01g03920	19	mapman:Protein homeostasis
VIT_01s0011g04080	Vitvi05_01chr01g05120	19	mapman:Protein homeostasis
VIT_01s0026g02540	Vitvi05_01chr01g15310	19	mapman:Protein homeostasis
VIT_01s0137g00290	Vitvi05_01chr01g09140	19	mapman:Protein homeostasis
VIT_02s0025g00280	Vitvi05_01chr02g00300	19	mapman:Protein homeostasis
VIT_02s0025g01050	Vitvi05_01chr02g01110	19	mapman:Protein homeostasis
VIT_02s0025g04130	Vitvi05_01chr02g05010	19	mapman:Protein homeostasis
VIT_02s0154g00250	Vitvi05_01chr02g07440	19	mapman:Protein homeostasis
VIT_02s0154g00480	Vitvi05_01chr02g07710	19	mapman:Protein homeostasis
VIT_03s0038g00270	Vitvi05_01chr00g08110	19	mapman:Protein homeostasis
VIT_03s0038g02230	Vitvi05_01chr03g02170	19	mapman:Protein homeostasis
VIT_03s0038g03660	Vitvi05_01chr03g03960	19	mapman:Protein homeostasis
VIT_03s0063g00180	Vitvi05_01chr03g08380	19	mapman:Protein homeostasis
VIT_04s0008g01520	Vitvi05_01chr04g01690	19	mapman:Protein homeostasis
VIT_04s0008g01560	Vitvi05_01chr04g01740	19	mapman:Protein homeostasis
VIT_04s0008g01570	Vitvi05_01chr04g01750	19	mapman:Protein homeostasis
VIT_05s0077g00560	Vitvi05_01chr05g02430	19	mapman:Protein homeostasis
VIT_05s0094g00470	Vitvi05_01chr05g25240	19	mapman:Protein homeostasis
VIT_06s0004g03260	Vitvi05_01chr06g04920	19	mapman:Protein homeostasis
VIT_06s0004g04110	Vitvi05_01chr06g06170	19	mapman:Protein homeostasis
VIT_06s0004g05770	Vitvi05_01chr06g08500	19	mapman:Protein homeostasis
VIT_06s0061g00710	Vitvi05_01chr06g19740	19	mapman:Protein homeostasis
VIT_07s0005g00830	Vitvi05_01chr07g05690	19	mapman:Protein homeostasis
VIT_07s0005g03400	Vitvi05_01chr07g09130	19	mapman:Protein homeostasis
VIT_07s0005g03410	Vitvi05_01chr07g09140	19	mapman:Protein homeostasis
VIT_07s0005g03420	Vitvi05_01chr07g09150	19	mapman:Protein homeostasis
VIT_07s0005g04130	Vitvi05_01chr07g10240	19	mapman:Protein homeostasis
VIT_07s0129g00210	Vitvi05_01chr07g26430	19	mapman:Protein homeostasis
VIT_07s0129g00250	Vitvi05_01chr07g26480	19	mapman:Protein homeostasis
VIT_07s0129g00490	Vitvi05_01chr07g26800	19	mapman:Protein homeostasis
VIT_07s0151g00640	Vitvi05_01chr07g01900	19	mapman:Protein homeostasis
VIT_08s0007g00470	Vitvi05_01chr08g13890	19	mapman:Protein homeostasis
VIT_08s0007g02440	Vitvi05_01chr08g16550	19	mapman:Protein homeostasis
VIT_08s0007g02470	Vitvi05_01chr08g16620	19	mapman:Protein homeostasis
VIT_08s0040g01130	Vitvi05_01chr08g09990	19	mapman:Protein homeostasis
VIT_08s0040g01950	Vitvi05_01chr08g11320	19	mapman:Protein homeostasis
VIT_08s0056g01300	Vitvi05_01chr08g01830	19	mapman:Protein homeostasis
VIT_08s0058g00210	Vitvi05_01chr08g06640	19	mapman:Protein homeostasis
VIT_09s0002g00640	Vitvi05_01chr09g00610	19	mapman:Protein homeostasis
VIT_09s0002g05700	Vitvi05_01chr09g06840	19	mapman:Protein homeostasis
VIT_09s0002g08960	Vitvi05_01chr09g11900	19	mapman:Protein homeostasis
VIT_09s0018g01220	Vitvi05_01chr09g17970	19	mapman:Protein homeostasis
VIT_09s0018g01670	Vitvi05_01chr09g18420	19	mapman:Protein homeostasis
VIT_10s0003g00260	Vitvi05_01chr10g08980	19	mapman:Protein homeostasis
VIT_10s0003g04490	Vitvi05_01chr10g15670	19	mapman:Protein homeostasis
VIT_10s0116g00290	Vitvi05_01chr10g02040	19	mapman:Protein homeostasis
VIT_11s0016g00960	Vitvi05_01chr11g01060	19	mapman:Protein homeostasis
VIT_11s0037g00510	Vitvi05_01chr11g10550	19	mapman:Protein homeostasis
VIT_11s0103g00550	Vitvi05_01chr11g16060	19	mapman:Protein homeostasis
VIT_11s0206g00110	Vitvi05_01chr11g09490	19	mapman:Protein homeostasis
VIT_12s0028g02530	Vitvi05_01chr12g03600	19	mapman:Protein homeostasis
VIT_12s0028g03860	Vitvi05_01chr12g05370	19	mapman:Protein homeostasis
VIT_12s0034g01870	Vitvi05_01chr12g18970	19	mapman:Protein homeostasis
VIT_12s0034g01890	Vitvi05_01chr12g18980	19	mapman:Protein homeostasis
VIT_12s0034g01910	Vitvi05_01chr12g19000	19	mapman:Protein homeostasis
VIT_12s0035g01910	Vitvi05_01chr12g23020	19	mapman:Protein homeostasis
VIT_13s0019g00860	Vitvi05_01chr13g04160	19	mapman:Protein homeostasis
VIT_13s0019g01020	Vitvi05_01chr13g04260	19	mapman:Protein homeostasis
VIT_13s0019g02770	Vitvi05_01chr13g05990	19	mapman:Protein homeostasis
VIT_13s0019g02780	Vitvi05_01chr13g06010	19	mapman:Protein homeostasis
VIT_13s0019g02840	Vitvi05_01chr13g06070	19	mapman:Protein homeostasis
VIT_13s0019g02850	Vitvi05_01chr13g06080	19	mapman:Protein homeostasis
VIT_13s0019g02930	Vitvi05_01chr13g06220	19	mapman:Protein homeostasis
VIT_13s0019g03000	Vitvi05_01chr13g06290	19	mapman:Protein homeostasis
VIT_13s0019g03090	Vitvi05_01chr13g06400	19	mapman:Protein homeostasis
VIT_13s0019g03160	Vitvi05_01chr13g06460	19	mapman:Protein homeostasis
VIT_13s0019g05120	Vitvi05_01chr13g09330	19	mapman:Protein homeostasis
VIT_13s0047g00110	Vitvi05_01chr13g15900	19	mapman:Protein homeostasis
VIT_13s0074g00470	Vitvi05_01chr13g10870	19	mapman:Protein homeostasis
VIT_13s0084g00820	Vitvi05_01chr13g20750	19	mapman:Protein homeostasis
VIT_13s0158g00080	Vitvi05_01chr13g24770	19	mapman:Protein homeostasis
VIT_14s0006g00180	Vitvi05_01chr14g12410	19	mapman:Protein homeostasis
VIT_14s0006g03260	Vitvi05_01chr14g18380	19	mapman:Protein homeostasis
VIT_14s0108g00090	Vitvi05_01chr14g28610	19	mapman:Protein homeostasis
VIT_14s0128g00200	Vitvi05_01chr14g04460	19	mapman:Protein homeostasis
VIT_14s0128g00210	Vitvi05_01chr14g04450	19	mapman:Protein homeostasis
VIT_15s0046g00360	Vitvi05_01chr15g16610	19	mapman:Protein homeostasis
VIT_15s0046g02160	Vitvi05_01chr15g18970	19	mapman:Protein homeostasis
VIT_16s0022g00510	Vitvi05_01chr16g10010	19	mapman:Protein homeostasis
VIT_16s0022g02200	Vitvi05_01chr16g12420	19	mapman:Protein homeostasis
VIT_16s0050g01150	Vitvi05_01chr16g16390	19	mapman:Protein homeostasis
VIT_17s0000g03990	Vitvi05_01chr17g05400	19	mapman:Protein homeostasis
VIT_17s0000g09770	Vitvi05_01chr17g14250	19	mapman:Protein homeostasis
VIT_18s0001g01060	Vitvi05_01chr18g02450	19	mapman:Protein homeostasis
VIT_18s0001g04790	Vitvi05_01chr18g05360	19	mapman:Protein homeostasis
VIT_18s0001g07340	Vitvi05_01chr18g07480	19	mapman:Protein homeostasis
VIT_18s0001g09360	Vitvi05_01chr18g10300	19	mapman:Protein homeostasis
VIT_18s0072g00820	Vitvi05_01chr18g24970	19	mapman:Protein homeostasis
VIT_19s0014g03910	Vitvi05_01chr19g05420	19	mapman:Protein homeostasis
VIT_19s0015g01000	Vitvi05_01chr19g11330	19	mapman:Protein homeostasis
VIT_19s0090g00830	Vitvi05_01chr19g08830	19	mapman:Protein homeostasis
VIT_02s0025g00280	Vitvi05_01chr02g00300	19.1	mapman:Protein homeostasis.protein quality control
VIT_02s0154g00480	Vitvi05_01chr02g07710	19.1	mapman:Protein homeostasis.protein quality control
VIT_04s0008g01520	Vitvi05_01chr04g01690	19.1	mapman:Protein homeostasis.protein quality control
VIT_04s0008g01560	Vitvi05_01chr04g01740	19.1	mapman:Protein homeostasis.protein quality control
VIT_04s0008g01570	Vitvi05_01chr04g01750	19.1	mapman:Protein homeostasis.protein quality control
VIT_06s0004g05770	Vitvi05_01chr06g08500	19.1	mapman:Protein homeostasis.protein quality control
VIT_08s0058g00210	Vitvi05_01chr08g06640	19.1	mapman:Protein homeostasis.protein quality control
VIT_09s0002g00640	Vitvi05_01chr09g00610	19.1	mapman:Protein homeostasis.protein quality control
VIT_10s0003g00260	Vitvi05_01chr10g08980	19.1	mapman:Protein homeostasis.protein quality control
VIT_11s0037g00510	Vitvi05_01chr11g10550	19.1	mapman:Protein homeostasis.protein quality control
VIT_12s0035g01910	Vitvi05_01chr12g23020	19.1	mapman:Protein homeostasis.protein quality control
VIT_13s0019g00860	Vitvi05_01chr13g04160	19.1	mapman:Protein homeostasis.protein quality control
VIT_13s0019g02770	Vitvi05_01chr13g05990	19.1	mapman:Protein homeostasis.protein quality control
VIT_13s0019g02780	Vitvi05_01chr13g06010	19.1	mapman:Protein homeostasis.protein quality control
VIT_13s0019g02840	Vitvi05_01chr13g06070	19.1	mapman:Protein homeostasis.protein quality control
VIT_13s0019g02850	Vitvi05_01chr13g06080	19.1	mapman:Protein homeostasis.protein quality control
VIT_13s0019g02930	Vitvi05_01chr13g06220	19.1	mapman:Protein homeostasis.protein quality control
VIT_13s0019g03000	Vitvi05_01chr13g06290	19.1	mapman:Protein homeostasis.protein quality control
VIT_13s0019g03090	Vitvi05_01chr13g06400	19.1	mapman:Protein homeostasis.protein quality control
VIT_13s0019g03160	Vitvi05_01chr13g06460	19.1	mapman:Protein homeostasis.protein quality control
VIT_13s0047g00110	Vitvi05_01chr13g15900	19.1	mapman:Protein homeostasis.protein quality control
VIT_16s0022g00510	Vitvi05_01chr16g10010	19.1	mapman:Protein homeostasis.protein quality control
VIT_16s0050g01150	Vitvi05_01chr16g16390	19.1	mapman:Protein homeostasis.protein quality control
VIT_10s0003g00260	Vitvi05_01chr10g08980	19.1.5	mapman:Protein homeostasis.protein quality control.cytosolic  Hsp70 chaperone system
VIT_11s0037g00510	Vitvi05_01chr11g10550	19.1.5	mapman:Protein homeostasis.protein quality control.cytosolic  Hsp70 chaperone system
VIT_11s0037g00510	Vitvi05_01chr11g10550	19.1.5.1	mapman:Protein homeostasis.protein quality control.cytosolic  Hsp70 chaperone system.chaperone *(Hsp70)
VIT_10s0003g00260	Vitvi05_01chr10g08980	19.1.5.2	mapman:Protein homeostasis.protein quality control.cytosolic  Hsp70 chaperone system.co-chaperone *(Hsp40)
VIT_02s0025g00280	Vitvi05_01chr02g00300	19.1.6	mapman:Protein homeostasis.protein quality control.Hsp90 chaperone system
VIT_13s0047g00110	Vitvi05_01chr13g15900	19.1.6	mapman:Protein homeostasis.protein quality control.Hsp90 chaperone system
VIT_16s0050g01150	Vitvi05_01chr16g16390	19.1.6	mapman:Protein homeostasis.protein quality control.Hsp90 chaperone system
VIT_02s0025g00280	Vitvi05_01chr02g00300	19.1.6.1	mapman:Protein homeostasis.protein quality control.Hsp90 chaperone system.chaperone *(Hsp90)
VIT_16s0050g01150	Vitvi05_01chr16g16390	19.1.6.1	mapman:Protein homeostasis.protein quality control.Hsp90 chaperone system.chaperone *(Hsp90)
VIT_13s0047g00110	Vitvi05_01chr13g15900	19.1.6.2	mapman:Protein homeostasis.protein quality control.Hsp90 chaperone system.Hsp90-co-chaperone *(P23)
VIT_02s0154g00480	Vitvi05_01chr02g07710	19.1.8	mapman:Protein homeostasis.protein quality control.smallHsp holdase chaperone activities
VIT_04s0008g01520	Vitvi05_01chr04g01690	19.1.8	mapman:Protein homeostasis.protein quality control.smallHsp holdase chaperone activities
VIT_04s0008g01560	Vitvi05_01chr04g01740	19.1.8	mapman:Protein homeostasis.protein quality control.smallHsp holdase chaperone activities
VIT_04s0008g01570	Vitvi05_01chr04g01750	19.1.8	mapman:Protein homeostasis.protein quality control.smallHsp holdase chaperone activities
VIT_06s0004g05770	Vitvi05_01chr06g08500	19.1.8	mapman:Protein homeostasis.protein quality control.smallHsp holdase chaperone activities
VIT_08s0058g00210	Vitvi05_01chr08g06640	19.1.8	mapman:Protein homeostasis.protein quality control.smallHsp holdase chaperone activities
VIT_09s0002g00640	Vitvi05_01chr09g00610	19.1.8	mapman:Protein homeostasis.protein quality control.smallHsp holdase chaperone activities
VIT_12s0035g01910	Vitvi05_01chr12g23020	19.1.8	mapman:Protein homeostasis.protein quality control.smallHsp holdase chaperone activities
VIT_13s0019g00860	Vitvi05_01chr13g04160	19.1.8	mapman:Protein homeostasis.protein quality control.smallHsp holdase chaperone activities
VIT_13s0019g02770	Vitvi05_01chr13g05990	19.1.8	mapman:Protein homeostasis.protein quality control.smallHsp holdase chaperone activities
VIT_13s0019g02780	Vitvi05_01chr13g06010	19.1.8	mapman:Protein homeostasis.protein quality control.smallHsp holdase chaperone activities
VIT_13s0019g02840	Vitvi05_01chr13g06070	19.1.8	mapman:Protein homeostasis.protein quality control.smallHsp holdase chaperone activities
VIT_13s0019g02850	Vitvi05_01chr13g06080	19.1.8	mapman:Protein homeostasis.protein quality control.smallHsp holdase chaperone activities
VIT_13s0019g02930	Vitvi05_01chr13g06220	19.1.8	mapman:Protein homeostasis.protein quality control.smallHsp holdase chaperone activities
VIT_13s0019g03000	Vitvi05_01chr13g06290	19.1.8	mapman:Protein homeostasis.protein quality control.smallHsp holdase chaperone activities
VIT_13s0019g03090	Vitvi05_01chr13g06400	19.1.8	mapman:Protein homeostasis.protein quality control.smallHsp holdase chaperone activities
VIT_13s0019g03160	Vitvi05_01chr13g06460	19.1.8	mapman:Protein homeostasis.protein quality control.smallHsp holdase chaperone activities
VIT_16s0022g00510	Vitvi05_01chr16g10010	19.1.8	mapman:Protein homeostasis.protein quality control.smallHsp holdase chaperone activities
VIT_06s0004g05770	Vitvi05_01chr06g08500	19.1.8.1	mapman:Protein homeostasis.protein quality control.smallHsp holdase chaperone activities.class-C-I protein
VIT_08s0058g00210	Vitvi05_01chr08g06640	19.1.8.1	mapman:Protein homeostasis.protein quality control.smallHsp holdase chaperone activities.class-C-I protein
VIT_13s0019g02770	Vitvi05_01chr13g05990	19.1.8.1	mapman:Protein homeostasis.protein quality control.smallHsp holdase chaperone activities.class-C-I protein
VIT_13s0019g02780	Vitvi05_01chr13g06010	19.1.8.1	mapman:Protein homeostasis.protein quality control.smallHsp holdase chaperone activities.class-C-I protein
VIT_13s0019g02840	Vitvi05_01chr13g06070	19.1.8.1	mapman:Protein homeostasis.protein quality control.smallHsp holdase chaperone activities.class-C-I protein
VIT_13s0019g02850	Vitvi05_01chr13g06080	19.1.8.1	mapman:Protein homeostasis.protein quality control.smallHsp holdase chaperone activities.class-C-I protein
VIT_13s0019g02930	Vitvi05_01chr13g06220	19.1.8.1	mapman:Protein homeostasis.protein quality control.smallHsp holdase chaperone activities.class-C-I protein
VIT_13s0019g03000	Vitvi05_01chr13g06290	19.1.8.1	mapman:Protein homeostasis.protein quality control.smallHsp holdase chaperone activities.class-C-I protein
VIT_13s0019g03090	Vitvi05_01chr13g06400	19.1.8.1	mapman:Protein homeostasis.protein quality control.smallHsp holdase chaperone activities.class-C-I protein
VIT_13s0019g03160	Vitvi05_01chr13g06460	19.1.8.1	mapman:Protein homeostasis.protein quality control.smallHsp holdase chaperone activities.class-C-I protein
VIT_13s0019g00860	Vitvi05_01chr13g04160	19.1.8.10	mapman:Protein homeostasis.protein quality control.smallHsp holdase chaperone activities.class-PX protein
VIT_12s0035g01910	Vitvi05_01chr12g23020	19.1.8.12	mapman:Protein homeostasis.protein quality control.smallHsp holdase chaperone activities.class-ER protein
VIT_04s0008g01520	Vitvi05_01chr04g01690	19.1.8.2	mapman:Protein homeostasis.protein quality control.smallHsp holdase chaperone activities.class-C-II protein
VIT_04s0008g01560	Vitvi05_01chr04g01740	19.1.8.2	mapman:Protein homeostasis.protein quality control.smallHsp holdase chaperone activities.class-C-II protein
VIT_04s0008g01570	Vitvi05_01chr04g01750	19.1.8.2	mapman:Protein homeostasis.protein quality control.smallHsp holdase chaperone activities.class-C-II protein
VIT_09s0002g00640	Vitvi05_01chr09g00610	19.1.8.3	mapman:Protein homeostasis.protein quality control.smallHsp holdase chaperone activities.class-C-III protein
VIT_02s0154g00480	Vitvi05_01chr02g07710	19.1.8.8	mapman:Protein homeostasis.protein quality control.smallHsp holdase chaperone activities.class-M-I protein
VIT_16s0022g00510	Vitvi05_01chr16g10010	19.1.8.8	mapman:Protein homeostasis.protein quality control.smallHsp holdase chaperone activities.class-M-I protein
VIT_00s0524g00030	Vitvi05_01chr07g18530	19.2	mapman:Protein homeostasis.ubiquitin-proteasome system
VIT_01s0010g01390	Vitvi05_01chr01g19250	19.2	mapman:Protein homeostasis.ubiquitin-proteasome system
VIT_01s0011g04080	Vitvi05_01chr01g05120	19.2	mapman:Protein homeostasis.ubiquitin-proteasome system
VIT_01s0026g02540	Vitvi05_01chr01g15310	19.2	mapman:Protein homeostasis.ubiquitin-proteasome system
VIT_02s0025g01050	Vitvi05_01chr02g01110	19.2	mapman:Protein homeostasis.ubiquitin-proteasome system
VIT_03s0038g00270	Vitvi05_01chr00g08110	19.2	mapman:Protein homeostasis.ubiquitin-proteasome system
VIT_03s0038g03660	Vitvi05_01chr03g03960	19.2	mapman:Protein homeostasis.ubiquitin-proteasome system
VIT_03s0063g00180	Vitvi05_01chr03g08380	19.2	mapman:Protein homeostasis.ubiquitin-proteasome system
VIT_05s0094g00470	Vitvi05_01chr05g25240	19.2	mapman:Protein homeostasis.ubiquitin-proteasome system
VIT_06s0004g04110	Vitvi05_01chr06g06170	19.2	mapman:Protein homeostasis.ubiquitin-proteasome system
VIT_06s0061g00710	Vitvi05_01chr06g19740	19.2	mapman:Protein homeostasis.ubiquitin-proteasome system
VIT_07s0129g00210	Vitvi05_01chr07g26430	19.2	mapman:Protein homeostasis.ubiquitin-proteasome system
VIT_07s0129g00250	Vitvi05_01chr07g26480	19.2	mapman:Protein homeostasis.ubiquitin-proteasome system
VIT_08s0040g01950	Vitvi05_01chr08g11320	19.2	mapman:Protein homeostasis.ubiquitin-proteasome system
VIT_08s0056g01300	Vitvi05_01chr08g01830	19.2	mapman:Protein homeostasis.ubiquitin-proteasome system
VIT_09s0002g05700	Vitvi05_01chr09g06840	19.2	mapman:Protein homeostasis.ubiquitin-proteasome system
VIT_09s0002g08960	Vitvi05_01chr09g11900	19.2	mapman:Protein homeostasis.ubiquitin-proteasome system
VIT_09s0018g01220	Vitvi05_01chr09g17970	19.2	mapman:Protein homeostasis.ubiquitin-proteasome system
VIT_10s0003g04490	Vitvi05_01chr10g15670	19.2	mapman:Protein homeostasis.ubiquitin-proteasome system
VIT_10s0116g00290	Vitvi05_01chr10g02040	19.2	mapman:Protein homeostasis.ubiquitin-proteasome system
VIT_12s0028g02530	Vitvi05_01chr12g03600	19.2	mapman:Protein homeostasis.ubiquitin-proteasome system
VIT_12s0028g03860	Vitvi05_01chr12g05370	19.2	mapman:Protein homeostasis.ubiquitin-proteasome system
VIT_13s0019g01020	Vitvi05_01chr13g04260	19.2	mapman:Protein homeostasis.ubiquitin-proteasome system
VIT_13s0074g00470	Vitvi05_01chr13g10870	19.2	mapman:Protein homeostasis.ubiquitin-proteasome system
VIT_14s0108g00090	Vitvi05_01chr14g28610	19.2	mapman:Protein homeostasis.ubiquitin-proteasome system
VIT_18s0001g01060	Vitvi05_01chr18g02450	19.2	mapman:Protein homeostasis.ubiquitin-proteasome system
VIT_18s0072g00820	Vitvi05_01chr18g24970	19.2	mapman:Protein homeostasis.ubiquitin-proteasome system
VIT_19s0014g03910	Vitvi05_01chr19g05420	19.2	mapman:Protein homeostasis.ubiquitin-proteasome system
VIT_19s0015g01000	Vitvi05_01chr19g11330	19.2	mapman:Protein homeostasis.ubiquitin-proteasome system
VIT_08s0056g01300	Vitvi05_01chr08g01830	19.2.1	mapman:Protein homeostasis.ubiquitin-proteasome system.N-degron pathways
VIT_14s0108g00090	Vitvi05_01chr14g28610	19.2.1	mapman:Protein homeostasis.ubiquitin-proteasome system.N-degron pathways
VIT_19s0014g03910	Vitvi05_01chr19g05420	19.2.1	mapman:Protein homeostasis.ubiquitin-proteasome system.N-degron pathways
VIT_08s0056g01300	Vitvi05_01chr08g01830	19.2.1.2	mapman:Protein homeostasis.ubiquitin-proteasome system.N-degron pathways.Arg/N-degron pathway
VIT_14s0108g00090	Vitvi05_01chr14g28610	19.2.1.2	mapman:Protein homeostasis.ubiquitin-proteasome system.N-degron pathways.Arg/N-degron pathway
VIT_08s0056g01300	Vitvi05_01chr08g01830	19.2.1.2.1	mapman:Protein homeostasis.ubiquitin-proteasome system.N-degron pathways.Arg/N-degron pathway.N-terminal modification
VIT_14s0108g00090	Vitvi05_01chr14g28610	19.2.1.2.1	mapman:Protein homeostasis.ubiquitin-proteasome system.N-degron pathways.Arg/N-degron pathway.N-terminal modification
VIT_08s0056g01300	Vitvi05_01chr08g01830	19.2.1.2.1.2	mapman:Protein homeostasis.ubiquitin-proteasome system.N-degron pathways.Arg/N-degron pathway.N-terminal modification.cysteine oxidase *(PCO)
VIT_14s0108g00090	Vitvi05_01chr14g28610	19.2.1.2.1.2	mapman:Protein homeostasis.ubiquitin-proteasome system.N-degron pathways.Arg/N-degron pathway.N-terminal modification.cysteine oxidase *(PCO)
VIT_19s0014g03910	Vitvi05_01chr19g05420	19.2.1.3	mapman:Protein homeostasis.ubiquitin-proteasome system.N-degron pathways.Pro/N-degron pathway
VIT_19s0014g03910	Vitvi05_01chr19g05420	19.2.1.3.1	mapman:Protein homeostasis.ubiquitin-proteasome system.N-degron pathways.Pro/N-degron pathway.GID ubiquitination complex
VIT_19s0014g03910	Vitvi05_01chr19g05420	19.2.1.3.1.6	mapman:Protein homeostasis.ubiquitin-proteasome system.N-degron pathways.Pro/N-degron pathway.GID ubiquitination complex.deubiquitinase component *(GID6/UBP14)
VIT_00s0524g00030	Vitvi05_01chr07g18530	19.2.2	mapman:Protein homeostasis.ubiquitin-proteasome system.ubiquitin-fold protein conjugation
VIT_01s0010g01390	Vitvi05_01chr01g19250	19.2.2	mapman:Protein homeostasis.ubiquitin-proteasome system.ubiquitin-fold protein conjugation
VIT_01s0011g04080	Vitvi05_01chr01g05120	19.2.2	mapman:Protein homeostasis.ubiquitin-proteasome system.ubiquitin-fold protein conjugation
VIT_01s0026g02540	Vitvi05_01chr01g15310	19.2.2	mapman:Protein homeostasis.ubiquitin-proteasome system.ubiquitin-fold protein conjugation
VIT_02s0025g01050	Vitvi05_01chr02g01110	19.2.2	mapman:Protein homeostasis.ubiquitin-proteasome system.ubiquitin-fold protein conjugation
VIT_03s0038g00270	Vitvi05_01chr00g08110	19.2.2	mapman:Protein homeostasis.ubiquitin-proteasome system.ubiquitin-fold protein conjugation
VIT_03s0038g03660	Vitvi05_01chr03g03960	19.2.2	mapman:Protein homeostasis.ubiquitin-proteasome system.ubiquitin-fold protein conjugation
VIT_03s0063g00180	Vitvi05_01chr03g08380	19.2.2	mapman:Protein homeostasis.ubiquitin-proteasome system.ubiquitin-fold protein conjugation
VIT_05s0094g00470	Vitvi05_01chr05g25240	19.2.2	mapman:Protein homeostasis.ubiquitin-proteasome system.ubiquitin-fold protein conjugation
VIT_06s0004g04110	Vitvi05_01chr06g06170	19.2.2	mapman:Protein homeostasis.ubiquitin-proteasome system.ubiquitin-fold protein conjugation
VIT_06s0061g00710	Vitvi05_01chr06g19740	19.2.2	mapman:Protein homeostasis.ubiquitin-proteasome system.ubiquitin-fold protein conjugation
VIT_07s0129g00210	Vitvi05_01chr07g26430	19.2.2	mapman:Protein homeostasis.ubiquitin-proteasome system.ubiquitin-fold protein conjugation
VIT_07s0129g00250	Vitvi05_01chr07g26480	19.2.2	mapman:Protein homeostasis.ubiquitin-proteasome system.ubiquitin-fold protein conjugation
VIT_08s0040g01950	Vitvi05_01chr08g11320	19.2.2	mapman:Protein homeostasis.ubiquitin-proteasome system.ubiquitin-fold protein conjugation
VIT_09s0002g05700	Vitvi05_01chr09g06840	19.2.2	mapman:Protein homeostasis.ubiquitin-proteasome system.ubiquitin-fold protein conjugation
VIT_09s0018g01220	Vitvi05_01chr09g17970	19.2.2	mapman:Protein homeostasis.ubiquitin-proteasome system.ubiquitin-fold protein conjugation
VIT_10s0003g04490	Vitvi05_01chr10g15670	19.2.2	mapman:Protein homeostasis.ubiquitin-proteasome system.ubiquitin-fold protein conjugation
VIT_12s0028g02530	Vitvi05_01chr12g03600	19.2.2	mapman:Protein homeostasis.ubiquitin-proteasome system.ubiquitin-fold protein conjugation
VIT_12s0028g03860	Vitvi05_01chr12g05370	19.2.2	mapman:Protein homeostasis.ubiquitin-proteasome system.ubiquitin-fold protein conjugation
VIT_13s0019g01020	Vitvi05_01chr13g04260	19.2.2	mapman:Protein homeostasis.ubiquitin-proteasome system.ubiquitin-fold protein conjugation
VIT_18s0001g01060	Vitvi05_01chr18g02450	19.2.2	mapman:Protein homeostasis.ubiquitin-proteasome system.ubiquitin-fold protein conjugation
VIT_18s0072g00820	Vitvi05_01chr18g24970	19.2.2	mapman:Protein homeostasis.ubiquitin-proteasome system.ubiquitin-fold protein conjugation
VIT_19s0015g01000	Vitvi05_01chr19g11330	19.2.2	mapman:Protein homeostasis.ubiquitin-proteasome system.ubiquitin-fold protein conjugation
VIT_00s0524g00030	Vitvi05_01chr07g18530	19.2.2.10	mapman:Protein homeostasis.ubiquitin-proteasome system.ubiquitin-fold protein conjugation.U-Box E3 ubiquitin ligase activities
VIT_03s0038g03660	Vitvi05_01chr03g03960	19.2.2.10	mapman:Protein homeostasis.ubiquitin-proteasome system.ubiquitin-fold protein conjugation.U-Box E3 ubiquitin ligase activities
VIT_03s0063g00180	Vitvi05_01chr03g08380	19.2.2.10	mapman:Protein homeostasis.ubiquitin-proteasome system.ubiquitin-fold protein conjugation.U-Box E3 ubiquitin ligase activities
VIT_00s0524g00030	Vitvi05_01chr07g18530	19.2.2.10.2	mapman:Protein homeostasis.ubiquitin-proteasome system.ubiquitin-fold protein conjugation.U-Box E3 ubiquitin ligase activities.group-II
VIT_03s0038g03660	Vitvi05_01chr03g03960	19.2.2.10.2	mapman:Protein homeostasis.ubiquitin-proteasome system.ubiquitin-fold protein conjugation.U-Box E3 ubiquitin ligase activities.group-II
VIT_03s0038g03660	Vitvi05_01chr03g03960	19.2.2.10.2.10	mapman:Protein homeostasis.ubiquitin-proteasome system.ubiquitin-fold protein conjugation.U-Box E3 ubiquitin ligase activities.group-II.E3 ubiquitin ligase *(PUB15)
VIT_00s0524g00030	Vitvi05_01chr07g18530	19.2.2.10.2.4	mapman:Protein homeostasis.ubiquitin-proteasome system.ubiquitin-fold protein conjugation.U-Box E3 ubiquitin ligase activities.group-II.E3 ubiquitin ligase *(PUB9)
VIT_03s0063g00180	Vitvi05_01chr03g08380	19.2.2.10.3	mapman:Protein homeostasis.ubiquitin-proteasome system.ubiquitin-fold protein conjugation.U-Box E3 ubiquitin ligase activities.group-III
VIT_03s0063g00180	Vitvi05_01chr03g08380	19.2.2.10.3.5	mapman:Protein homeostasis.ubiquitin-proteasome system.ubiquitin-fold protein conjugation.U-Box E3 ubiquitin ligase activities.group-III.E3 ubiquitin ligase *(PUB25)
VIT_09s0018g01220	Vitvi05_01chr09g17970	19.2.2.11	mapman:Protein homeostasis.ubiquitin-proteasome system.ubiquitin-fold protein conjugation.RBR E3 ubiquitin ligase activities
VIT_09s0018g01220	Vitvi05_01chr09g17970	19.2.2.11.4	mapman:Protein homeostasis.ubiquitin-proteasome system.ubiquitin-fold protein conjugation.RBR E3 ubiquitin ligase activities.plant-specific E3 ubiquitin ligase *(RSL/RFA)
VIT_01s0010g01390	Vitvi05_01chr01g19250	19.2.2.12	mapman:Protein homeostasis.ubiquitin-proteasome system.ubiquitin-fold protein conjugation.CULLIN-based E3 ubiquitin ligase activities
VIT_03s0038g00270	Vitvi05_01chr00g08110	19.2.2.12	mapman:Protein homeostasis.ubiquitin-proteasome system.ubiquitin-fold protein conjugation.CULLIN-based E3 ubiquitin ligase activities
VIT_07s0129g00210	Vitvi05_01chr07g26430	19.2.2.12	mapman:Protein homeostasis.ubiquitin-proteasome system.ubiquitin-fold protein conjugation.CULLIN-based E3 ubiquitin ligase activities
VIT_07s0129g00250	Vitvi05_01chr07g26480	19.2.2.12	mapman:Protein homeostasis.ubiquitin-proteasome system.ubiquitin-fold protein conjugation.CULLIN-based E3 ubiquitin ligase activities
VIT_09s0002g05700	Vitvi05_01chr09g06840	19.2.2.12	mapman:Protein homeostasis.ubiquitin-proteasome system.ubiquitin-fold protein conjugation.CULLIN-based E3 ubiquitin ligase activities
VIT_10s0003g04490	Vitvi05_01chr10g15670	19.2.2.12	mapman:Protein homeostasis.ubiquitin-proteasome system.ubiquitin-fold protein conjugation.CULLIN-based E3 ubiquitin ligase activities
VIT_18s0072g00820	Vitvi05_01chr18g24970	19.2.2.12	mapman:Protein homeostasis.ubiquitin-proteasome system.ubiquitin-fold protein conjugation.CULLIN-based E3 ubiquitin ligase activities
VIT_18s0072g00820	Vitvi05_01chr18g24970	19.2.2.12.3	mapman:Protein homeostasis.ubiquitin-proteasome system.ubiquitin-fold protein conjugation.CULLIN-based E3 ubiquitin ligase activities.CUL1-based/SCF E3 ubiquitin ligase complexes
VIT_18s0072g00820	Vitvi05_01chr18g24970	19.2.2.12.3.3	mapman:Protein homeostasis.ubiquitin-proteasome system.ubiquitin-fold protein conjugation.CULLIN-based E3 ubiquitin ligase activities.CUL1-based/SCF E3 ubiquitin ligase complexes.F-BOX substrate adaptor component activities
VIT_18s0072g00820	Vitvi05_01chr18g24970	19.2.2.12.3.3.10	mapman:Protein homeostasis.ubiquitin-proteasome system.ubiquitin-fold protein conjugation.CULLIN-based E3 ubiquitin ligase activities.CUL1-based/SCF E3 ubiquitin ligase complexes.F-BOX substrate adaptor component activities.substrate adaptor *(VFB)
VIT_01s0010g01390	Vitvi05_01chr01g19250	19.2.2.12.4	mapman:Protein homeostasis.ubiquitin-proteasome system.ubiquitin-fold protein conjugation.CULLIN-based E3 ubiquitin ligase activities.CUL3-based E3 ubiquitin ligase complexes
VIT_03s0038g00270	Vitvi05_01chr00g08110	19.2.2.12.4	mapman:Protein homeostasis.ubiquitin-proteasome system.ubiquitin-fold protein conjugation.CULLIN-based E3 ubiquitin ligase activities.CUL3-based E3 ubiquitin ligase complexes
VIT_07s0129g00210	Vitvi05_01chr07g26430	19.2.2.12.4	mapman:Protein homeostasis.ubiquitin-proteasome system.ubiquitin-fold protein conjugation.CULLIN-based E3 ubiquitin ligase activities.CUL3-based E3 ubiquitin ligase complexes
VIT_07s0129g00250	Vitvi05_01chr07g26480	19.2.2.12.4	mapman:Protein homeostasis.ubiquitin-proteasome system.ubiquitin-fold protein conjugation.CULLIN-based E3 ubiquitin ligase activities.CUL3-based E3 ubiquitin ligase complexes
VIT_09s0002g05700	Vitvi05_01chr09g06840	19.2.2.12.4	mapman:Protein homeostasis.ubiquitin-proteasome system.ubiquitin-fold protein conjugation.CULLIN-based E3 ubiquitin ligase activities.CUL3-based E3 ubiquitin ligase complexes
VIT_10s0003g04490	Vitvi05_01chr10g15670	19.2.2.12.4	mapman:Protein homeostasis.ubiquitin-proteasome system.ubiquitin-fold protein conjugation.CULLIN-based E3 ubiquitin ligase activities.CUL3-based E3 ubiquitin ligase complexes
VIT_01s0010g01390	Vitvi05_01chr01g19250	19.2.2.12.4.2	mapman:Protein homeostasis.ubiquitin-proteasome system.ubiquitin-fold protein conjugation.CULLIN-based E3 ubiquitin ligase activities.CUL3-based E3 ubiquitin ligase complexes.BTB/POZ substrate adaptor component activities
VIT_03s0038g00270	Vitvi05_01chr00g08110	19.2.2.12.4.2	mapman:Protein homeostasis.ubiquitin-proteasome system.ubiquitin-fold protein conjugation.CULLIN-based E3 ubiquitin ligase activities.CUL3-based E3 ubiquitin ligase complexes.BTB/POZ substrate adaptor component activities
VIT_07s0129g00210	Vitvi05_01chr07g26430	19.2.2.12.4.2	mapman:Protein homeostasis.ubiquitin-proteasome system.ubiquitin-fold protein conjugation.CULLIN-based E3 ubiquitin ligase activities.CUL3-based E3 ubiquitin ligase complexes.BTB/POZ substrate adaptor component activities
VIT_07s0129g00250	Vitvi05_01chr07g26480	19.2.2.12.4.2	mapman:Protein homeostasis.ubiquitin-proteasome system.ubiquitin-fold protein conjugation.CULLIN-based E3 ubiquitin ligase activities.CUL3-based E3 ubiquitin ligase complexes.BTB/POZ substrate adaptor component activities
VIT_09s0002g05700	Vitvi05_01chr09g06840	19.2.2.12.4.2	mapman:Protein homeostasis.ubiquitin-proteasome system.ubiquitin-fold protein conjugation.CULLIN-based E3 ubiquitin ligase activities.CUL3-based E3 ubiquitin ligase complexes.BTB/POZ substrate adaptor component activities
VIT_10s0003g04490	Vitvi05_01chr10g15670	19.2.2.12.4.2	mapman:Protein homeostasis.ubiquitin-proteasome system.ubiquitin-fold protein conjugation.CULLIN-based E3 ubiquitin ligase activities.CUL3-based E3 ubiquitin ligase complexes.BTB/POZ substrate adaptor component activities
VIT_03s0038g00270	Vitvi05_01chr00g08110	19.2.2.12.4.2.1	mapman:Protein homeostasis.ubiquitin-proteasome system.ubiquitin-fold protein conjugation.CULLIN-based E3 ubiquitin ligase activities.CUL3-based E3 ubiquitin ligase complexes.BTB/POZ substrate adaptor component activities.substrate adaptor *(NPH3)
VIT_10s0003g04490	Vitvi05_01chr10g15670	19.2.2.12.4.2.14	mapman:Protein homeostasis.ubiquitin-proteasome system.ubiquitin-fold protein conjugation.CULLIN-based E3 ubiquitin ligase activities.CUL3-based E3 ubiquitin ligase complexes.BTB/POZ substrate adaptor component activities.substrate adaptor *(NRL)
VIT_09s0002g05700	Vitvi05_01chr09g06840	19.2.2.12.4.2.27	mapman:Protein homeostasis.ubiquitin-proteasome system.ubiquitin-fold protein conjugation.CULLIN-based E3 ubiquitin ligase activities.CUL3-based E3 ubiquitin ligase complexes.BTB/POZ substrate adaptor component activities.substrate adaptor
VIT_07s0129g00210	Vitvi05_01chr07g26430	19.2.2.12.4.2.4	mapman:Protein homeostasis.ubiquitin-proteasome system.ubiquitin-fold protein conjugation.CULLIN-based E3 ubiquitin ligase activities.CUL3-based E3 ubiquitin ligase complexes.BTB/POZ substrate adaptor component activities.substrate adaptor *(BT)
VIT_01s0010g01390	Vitvi05_01chr01g19250	19.2.2.12.4.2.5	mapman:Protein homeostasis.ubiquitin-proteasome system.ubiquitin-fold protein conjugation.CULLIN-based E3 ubiquitin ligase activities.CUL3-based E3 ubiquitin ligase complexes.BTB/POZ substrate adaptor component activities.substrate adaptor *(BPH1)
VIT_07s0129g00250	Vitvi05_01chr07g26480	19.2.2.12.4.2.8	mapman:Protein homeostasis.ubiquitin-proteasome system.ubiquitin-fold protein conjugation.CULLIN-based E3 ubiquitin ligase activities.CUL3-based E3 ubiquitin ligase complexes.BTB/POZ substrate adaptor component activities.substrate adaptor *(NPY)
VIT_02s0025g01050	Vitvi05_01chr02g01110	19.2.2.5	mapman:Protein homeostasis.ubiquitin-proteasome system.ubiquitin-fold protein conjugation.MUB conjugation
VIT_02s0025g01050	Vitvi05_01chr02g01110	19.2.2.5.2	mapman:Protein homeostasis.ubiquitin-proteasome system.ubiquitin-fold protein conjugation.MUB conjugation.E2 MUB ubiquitin-conjugating enzyme
VIT_01s0011g04080	Vitvi05_01chr01g05120	19.2.2.8	mapman:Protein homeostasis.ubiquitin-proteasome system.ubiquitin-fold protein conjugation.RING E3 ubiquitin ligase activities
VIT_01s0026g02540	Vitvi05_01chr01g15310	19.2.2.8	mapman:Protein homeostasis.ubiquitin-proteasome system.ubiquitin-fold protein conjugation.RING E3 ubiquitin ligase activities
VIT_05s0094g00470	Vitvi05_01chr05g25240	19.2.2.8	mapman:Protein homeostasis.ubiquitin-proteasome system.ubiquitin-fold protein conjugation.RING E3 ubiquitin ligase activities
VIT_06s0004g04110	Vitvi05_01chr06g06170	19.2.2.8	mapman:Protein homeostasis.ubiquitin-proteasome system.ubiquitin-fold protein conjugation.RING E3 ubiquitin ligase activities
VIT_06s0061g00710	Vitvi05_01chr06g19740	19.2.2.8	mapman:Protein homeostasis.ubiquitin-proteasome system.ubiquitin-fold protein conjugation.RING E3 ubiquitin ligase activities
VIT_08s0040g01950	Vitvi05_01chr08g11320	19.2.2.8	mapman:Protein homeostasis.ubiquitin-proteasome system.ubiquitin-fold protein conjugation.RING E3 ubiquitin ligase activities
VIT_12s0028g02530	Vitvi05_01chr12g03600	19.2.2.8	mapman:Protein homeostasis.ubiquitin-proteasome system.ubiquitin-fold protein conjugation.RING E3 ubiquitin ligase activities
VIT_12s0028g03860	Vitvi05_01chr12g05370	19.2.2.8	mapman:Protein homeostasis.ubiquitin-proteasome system.ubiquitin-fold protein conjugation.RING E3 ubiquitin ligase activities
VIT_13s0019g01020	Vitvi05_01chr13g04260	19.2.2.8	mapman:Protein homeostasis.ubiquitin-proteasome system.ubiquitin-fold protein conjugation.RING E3 ubiquitin ligase activities
VIT_18s0001g01060	Vitvi05_01chr18g02450	19.2.2.8	mapman:Protein homeostasis.ubiquitin-proteasome system.ubiquitin-fold protein conjugation.RING E3 ubiquitin ligase activities
VIT_19s0015g01000	Vitvi05_01chr19g11330	19.2.2.8	mapman:Protein homeostasis.ubiquitin-proteasome system.ubiquitin-fold protein conjugation.RING E3 ubiquitin ligase activities
VIT_01s0011g04080	Vitvi05_01chr01g05120	19.2.2.8.1	mapman:Protein homeostasis.ubiquitin-proteasome system.ubiquitin-fold protein conjugation.RING E3 ubiquitin ligase activities.RING-H2-class
VIT_01s0026g02540	Vitvi05_01chr01g15310	19.2.2.8.1	mapman:Protein homeostasis.ubiquitin-proteasome system.ubiquitin-fold protein conjugation.RING E3 ubiquitin ligase activities.RING-H2-class
VIT_06s0004g04110	Vitvi05_01chr06g06170	19.2.2.8.1	mapman:Protein homeostasis.ubiquitin-proteasome system.ubiquitin-fold protein conjugation.RING E3 ubiquitin ligase activities.RING-H2-class
VIT_06s0061g00710	Vitvi05_01chr06g19740	19.2.2.8.1	mapman:Protein homeostasis.ubiquitin-proteasome system.ubiquitin-fold protein conjugation.RING E3 ubiquitin ligase activities.RING-H2-class
VIT_12s0028g02530	Vitvi05_01chr12g03600	19.2.2.8.1	mapman:Protein homeostasis.ubiquitin-proteasome system.ubiquitin-fold protein conjugation.RING E3 ubiquitin ligase activities.RING-H2-class
VIT_13s0019g01020	Vitvi05_01chr13g04260	19.2.2.8.1	mapman:Protein homeostasis.ubiquitin-proteasome system.ubiquitin-fold protein conjugation.RING E3 ubiquitin ligase activities.RING-H2-class
VIT_18s0001g01060	Vitvi05_01chr18g02450	19.2.2.8.1	mapman:Protein homeostasis.ubiquitin-proteasome system.ubiquitin-fold protein conjugation.RING E3 ubiquitin ligase activities.RING-H2-class
VIT_19s0015g01000	Vitvi05_01chr19g11330	19.2.2.8.1	mapman:Protein homeostasis.ubiquitin-proteasome system.ubiquitin-fold protein conjugation.RING E3 ubiquitin ligase activities.RING-H2-class
VIT_06s0004g04110	Vitvi05_01chr06g06170	19.2.2.8.1.1	mapman:Protein homeostasis.ubiquitin-proteasome system.ubiquitin-fold protein conjugation.RING E3 ubiquitin ligase activities.RING-H2-class.ATL-subclass E3 ubiquitin ligase
VIT_12s0028g02530	Vitvi05_01chr12g03600	19.2.2.8.1.1	mapman:Protein homeostasis.ubiquitin-proteasome system.ubiquitin-fold protein conjugation.RING E3 ubiquitin ligase activities.RING-H2-class.ATL-subclass E3 ubiquitin ligase
VIT_13s0019g01020	Vitvi05_01chr13g04260	19.2.2.8.1.1	mapman:Protein homeostasis.ubiquitin-proteasome system.ubiquitin-fold protein conjugation.RING E3 ubiquitin ligase activities.RING-H2-class.ATL-subclass E3 ubiquitin ligase
VIT_18s0001g01060	Vitvi05_01chr18g02450	19.2.2.8.1.1	mapman:Protein homeostasis.ubiquitin-proteasome system.ubiquitin-fold protein conjugation.RING E3 ubiquitin ligase activities.RING-H2-class.ATL-subclass E3 ubiquitin ligase
VIT_01s0026g02540	Vitvi05_01chr01g15310	19.2.2.8.1.12	mapman:Protein homeostasis.ubiquitin-proteasome system.ubiquitin-fold protein conjugation.RING E3 ubiquitin ligase activities.RING-H2-class.E3 ubiquitin ligase *(SNIPER)
VIT_06s0061g00710	Vitvi05_01chr06g19740	19.2.2.8.1.14	mapman:Protein homeostasis.ubiquitin-proteasome system.ubiquitin-fold protein conjugation.RING E3 ubiquitin ligase activities.RING-H2-class.E3 ubiquitin ligase *(CHYR)
VIT_01s0011g04080	Vitvi05_01chr01g05120	19.2.2.8.1.3	mapman:Protein homeostasis.ubiquitin-proteasome system.ubiquitin-fold protein conjugation.RING E3 ubiquitin ligase activities.RING-H2-class.CTL-subclass E3 ubiquitin ligase
VIT_19s0015g01000	Vitvi05_01chr19g11330	19.2.2.8.1.9	mapman:Protein homeostasis.ubiquitin-proteasome system.ubiquitin-fold protein conjugation.RING E3 ubiquitin ligase activities.RING-H2-class.E3 ubiquitin ligase *(DRR1)
VIT_12s0028g03860	Vitvi05_01chr12g05370	19.2.2.8.2	mapman:Protein homeostasis.ubiquitin-proteasome system.ubiquitin-fold protein conjugation.RING E3 ubiquitin ligase activities.RING-HC-class
VIT_12s0028g03860	Vitvi05_01chr12g05370	19.2.2.8.2.4	mapman:Protein homeostasis.ubiquitin-proteasome system.ubiquitin-fold protein conjugation.RING E3 ubiquitin ligase activities.RING-HC-class.E3 ubiquitin ligase *(RMA/MUSE)
VIT_05s0094g00470	Vitvi05_01chr05g25240	19.2.2.8.4	mapman:Protein homeostasis.ubiquitin-proteasome system.ubiquitin-fold protein conjugation.RING E3 ubiquitin ligase activities.RING-v-class
VIT_08s0040g01950	Vitvi05_01chr08g11320	19.2.2.8.4	mapman:Protein homeostasis.ubiquitin-proteasome system.ubiquitin-fold protein conjugation.RING E3 ubiquitin ligase activities.RING-v-class
VIT_05s0094g00470	Vitvi05_01chr05g25240	19.2.2.8.4.1	mapman:Protein homeostasis.ubiquitin-proteasome system.ubiquitin-fold protein conjugation.RING E3 ubiquitin ligase activities.RING-v-class.E3 ubiquitin ligase
VIT_08s0040g01950	Vitvi05_01chr08g11320	19.2.2.8.4.1	mapman:Protein homeostasis.ubiquitin-proteasome system.ubiquitin-fold protein conjugation.RING E3 ubiquitin ligase activities.RING-v-class.E3 ubiquitin ligase
VIT_09s0002g08960	Vitvi05_01chr09g11900	19.2.3	mapman:Protein homeostasis.ubiquitin-proteasome system.ubiquitin-fold protein deconjugation
VIT_13s0074g00470	Vitvi05_01chr13g10870	19.2.3	mapman:Protein homeostasis.ubiquitin-proteasome system.ubiquitin-fold protein deconjugation
VIT_09s0002g08960	Vitvi05_01chr09g11900	19.2.3.1	mapman:Protein homeostasis.ubiquitin-proteasome system.ubiquitin-fold protein deconjugation.UBQ deconjugation
VIT_13s0074g00470	Vitvi05_01chr13g10870	19.2.3.1	mapman:Protein homeostasis.ubiquitin-proteasome system.ubiquitin-fold protein deconjugation.UBQ deconjugation
VIT_13s0074g00470	Vitvi05_01chr13g10870	19.2.3.1.2	mapman:Protein homeostasis.ubiquitin-proteasome system.ubiquitin-fold protein deconjugation.UBQ deconjugation.OTU deubiquitinase activities
VIT_13s0074g00470	Vitvi05_01chr13g10870	19.2.3.1.2.3	mapman:Protein homeostasis.ubiquitin-proteasome system.ubiquitin-fold protein deconjugation.UBQ deconjugation.OTU deubiquitinase activities.deubiquitinase *(OTU3-4)
VIT_09s0002g08960	Vitvi05_01chr09g11900	19.2.3.1.5	mapman:Protein homeostasis.ubiquitin-proteasome system.ubiquitin-fold protein deconjugation.UBQ deconjugation.PPPDE deubiquitinase activities
VIT_09s0002g08960	Vitvi05_01chr09g11900	19.2.3.1.5.3	mapman:Protein homeostasis.ubiquitin-proteasome system.ubiquitin-fold protein deconjugation.UBQ deconjugation.PPPDE deubiquitinase activities.deubiquitinase
VIT_10s0116g00290	Vitvi05_01chr10g02040	19.2.4	mapman:Protein homeostasis.ubiquitin-proteasome system.membrane-associated protein degradation
VIT_10s0116g00290	Vitvi05_01chr10g02040	19.2.4.5	mapman:Protein homeostasis.ubiquitin-proteasome system.membrane-associated protein degradation.inner nuclear membrane-associated protein degradation (INMAD)
VIT_10s0116g00290	Vitvi05_01chr10g02040	19.2.4.5.1	mapman:Protein homeostasis.ubiquitin-proteasome system.membrane-associated protein degradation.inner nuclear membrane-associated protein degradation (INMAD).substrate-to-CDC48 bridging factor *(PUX3/4/5)
VIT_01s0137g00290	Vitvi05_01chr01g09140	19.3	mapman:Protein homeostasis.autophagy
VIT_02s0154g00250	Vitvi05_01chr02g07440	19.3	mapman:Protein homeostasis.autophagy
VIT_01s0137g00290	Vitvi05_01chr01g09140	19.3.3	mapman:Protein homeostasis.autophagy.phagophore expansion
VIT_02s0154g00250	Vitvi05_01chr02g07440	19.3.3	mapman:Protein homeostasis.autophagy.phagophore expansion
VIT_01s0137g00290	Vitvi05_01chr01g09140	19.3.3.7	mapman:Protein homeostasis.autophagy.phagophore expansion.endoplasmic reticulum-autophagosome membrane contact site
VIT_02s0154g00250	Vitvi05_01chr02g07440	19.3.3.7	mapman:Protein homeostasis.autophagy.phagophore expansion.endoplasmic reticulum-autophagosome membrane contact site
VIT_01s0137g00290	Vitvi05_01chr01g09140	19.3.3.7.1	mapman:Protein homeostasis.autophagy.phagophore expansion.endoplasmic reticulum-autophagosome membrane contact site.regulatory protein *(ORP1/2)
VIT_02s0154g00250	Vitvi05_01chr02g07440	19.3.3.7.1	mapman:Protein homeostasis.autophagy.phagophore expansion.endoplasmic reticulum-autophagosome membrane contact site.regulatory protein *(ORP1/2)
VIT_00s0270g00120	Vitvi05_01chr04g11600	19.4	mapman:Protein homeostasis.proteolysis
VIT_00s0323g00100	Vitvi05_01chr02g07050	19.4	mapman:Protein homeostasis.proteolysis
VIT_01s0011g02000	Vitvi05_01chr01g02380	19.4	mapman:Protein homeostasis.proteolysis
VIT_01s0011g02030	Vitvi05_01chr01g02410	19.4	mapman:Protein homeostasis.proteolysis
VIT_01s0011g02930	Vitvi05_01chr01g03590	19.4	mapman:Protein homeostasis.proteolysis
VIT_01s0011g03210	Vitvi05_01chr01g03920	19.4	mapman:Protein homeostasis.proteolysis
VIT_02s0025g04130	Vitvi05_01chr02g05010	19.4	mapman:Protein homeostasis.proteolysis
VIT_03s0038g02230	Vitvi05_01chr03g02170	19.4	mapman:Protein homeostasis.proteolysis
VIT_05s0077g00560	Vitvi05_01chr05g02430	19.4	mapman:Protein homeostasis.proteolysis
VIT_07s0005g00830	Vitvi05_01chr07g05690	19.4	mapman:Protein homeostasis.proteolysis
VIT_07s0129g00490	Vitvi05_01chr07g26800	19.4	mapman:Protein homeostasis.proteolysis
VIT_08s0007g00470	Vitvi05_01chr08g13890	19.4	mapman:Protein homeostasis.proteolysis
VIT_08s0007g02440	Vitvi05_01chr08g16550	19.4	mapman:Protein homeostasis.proteolysis
VIT_08s0007g02470	Vitvi05_01chr08g16620	19.4	mapman:Protein homeostasis.proteolysis
VIT_08s0040g01130	Vitvi05_01chr08g09990	19.4	mapman:Protein homeostasis.proteolysis
VIT_09s0018g01670	Vitvi05_01chr09g18420	19.4	mapman:Protein homeostasis.proteolysis
VIT_11s0016g00960	Vitvi05_01chr11g01060	19.4	mapman:Protein homeostasis.proteolysis
VIT_11s0103g00550	Vitvi05_01chr11g16060	19.4	mapman:Protein homeostasis.proteolysis
VIT_11s0206g00110	Vitvi05_01chr11g09490	19.4	mapman:Protein homeostasis.proteolysis
VIT_13s0019g05120	Vitvi05_01chr13g09330	19.4	mapman:Protein homeostasis.proteolysis
VIT_13s0084g00820	Vitvi05_01chr13g20750	19.4	mapman:Protein homeostasis.proteolysis
VIT_13s0158g00080	Vitvi05_01chr13g24770	19.4	mapman:Protein homeostasis.proteolysis
VIT_14s0006g00180	Vitvi05_01chr14g12410	19.4	mapman:Protein homeostasis.proteolysis
VIT_14s0006g03260	Vitvi05_01chr14g18380	19.4	mapman:Protein homeostasis.proteolysis
VIT_14s0128g00200	Vitvi05_01chr14g04460	19.4	mapman:Protein homeostasis.proteolysis
VIT_14s0128g00210	Vitvi05_01chr14g04450	19.4	mapman:Protein homeostasis.proteolysis
VIT_15s0046g00360	Vitvi05_01chr15g16610	19.4	mapman:Protein homeostasis.proteolysis
VIT_15s0046g02160	Vitvi05_01chr15g18970	19.4	mapman:Protein homeostasis.proteolysis
VIT_16s0022g02200	Vitvi05_01chr16g12420	19.4	mapman:Protein homeostasis.proteolysis
VIT_17s0000g03990	Vitvi05_01chr17g05400	19.4	mapman:Protein homeostasis.proteolysis
VIT_17s0000g09770	Vitvi05_01chr17g14250	19.4	mapman:Protein homeostasis.proteolysis
VIT_18s0001g04790	Vitvi05_01chr18g05360	19.4	mapman:Protein homeostasis.proteolysis
VIT_18s0001g07340	Vitvi05_01chr18g07480	19.4	mapman:Protein homeostasis.proteolysis
VIT_18s0001g09360	Vitvi05_01chr18g10300	19.4	mapman:Protein homeostasis.proteolysis
VIT_19s0090g00830	Vitvi05_01chr19g08830	19.4	mapman:Protein homeostasis.proteolysis
VIT_00s0323g00100	Vitvi05_01chr02g07050	19.4.1	mapman:Protein homeostasis.proteolysis.cysteine peptidase activities
VIT_13s0019g05120	Vitvi05_01chr13g09330	19.4.1	mapman:Protein homeostasis.proteolysis.cysteine peptidase activities
VIT_17s0000g09770	Vitvi05_01chr17g14250	19.4.1	mapman:Protein homeostasis.proteolysis.cysteine peptidase activities
VIT_13s0019g05120	Vitvi05_01chr13g09330	19.4.1.1	mapman:Protein homeostasis.proteolysis.cysteine peptidase activities.Papain-type protease activities
VIT_17s0000g09770	Vitvi05_01chr17g14250	19.4.1.1	mapman:Protein homeostasis.proteolysis.cysteine peptidase activities.Papain-type protease activities
VIT_17s0000g09770	Vitvi05_01chr17g14250	19.4.1.1.2	mapman:Protein homeostasis.proteolysis.cysteine peptidase activities.Papain-type protease activities.subclass CEP cysteine endopeptidase
VIT_13s0019g05120	Vitvi05_01chr13g09330	19.4.1.1.5	mapman:Protein homeostasis.proteolysis.cysteine peptidase activities.Papain-type protease activities.subclass RD19 cysteine protease
VIT_00s0323g00100	Vitvi05_01chr02g07050	19.4.1.3	mapman:Protein homeostasis.proteolysis.cysteine peptidase activities.Legumain-type asparaginyl endopeptidase *(AEP)
VIT_01s0011g02000	Vitvi05_01chr01g02380	19.4.2	mapman:Protein homeostasis.proteolysis.serine peptidase activities
VIT_01s0011g02030	Vitvi05_01chr01g02410	19.4.2	mapman:Protein homeostasis.proteolysis.serine peptidase activities
VIT_02s0025g04130	Vitvi05_01chr02g05010	19.4.2	mapman:Protein homeostasis.proteolysis.serine peptidase activities
VIT_03s0038g02230	Vitvi05_01chr03g02170	19.4.2	mapman:Protein homeostasis.proteolysis.serine peptidase activities
VIT_05s0077g00560	Vitvi05_01chr05g02430	19.4.2	mapman:Protein homeostasis.proteolysis.serine peptidase activities
VIT_07s0005g00830	Vitvi05_01chr07g05690	19.4.2	mapman:Protein homeostasis.proteolysis.serine peptidase activities
VIT_07s0129g00490	Vitvi05_01chr07g26800	19.4.2	mapman:Protein homeostasis.proteolysis.serine peptidase activities
VIT_08s0007g00470	Vitvi05_01chr08g13890	19.4.2	mapman:Protein homeostasis.proteolysis.serine peptidase activities
VIT_08s0040g01130	Vitvi05_01chr08g09990	19.4.2	mapman:Protein homeostasis.proteolysis.serine peptidase activities
VIT_11s0016g00960	Vitvi05_01chr11g01060	19.4.2	mapman:Protein homeostasis.proteolysis.serine peptidase activities
VIT_11s0103g00550	Vitvi05_01chr11g16060	19.4.2	mapman:Protein homeostasis.proteolysis.serine peptidase activities
VIT_11s0206g00110	Vitvi05_01chr11g09490	19.4.2	mapman:Protein homeostasis.proteolysis.serine peptidase activities
VIT_13s0158g00080	Vitvi05_01chr13g24770	19.4.2	mapman:Protein homeostasis.proteolysis.serine peptidase activities
VIT_14s0006g03260	Vitvi05_01chr14g18380	19.4.2	mapman:Protein homeostasis.proteolysis.serine peptidase activities
VIT_15s0046g02160	Vitvi05_01chr15g18970	19.4.2	mapman:Protein homeostasis.proteolysis.serine peptidase activities
VIT_16s0022g02200	Vitvi05_01chr16g12420	19.4.2	mapman:Protein homeostasis.proteolysis.serine peptidase activities
VIT_18s0001g09360	Vitvi05_01chr18g10300	19.4.2	mapman:Protein homeostasis.proteolysis.serine peptidase activities
VIT_03s0038g02230	Vitvi05_01chr03g02170	19.4.2.1	mapman:Protein homeostasis.proteolysis.serine peptidase activities.SBT-type protease activities
VIT_07s0005g00830	Vitvi05_01chr07g05690	19.4.2.1	mapman:Protein homeostasis.proteolysis.serine peptidase activities.SBT-type protease activities
VIT_07s0129g00490	Vitvi05_01chr07g26800	19.4.2.1	mapman:Protein homeostasis.proteolysis.serine peptidase activities.SBT-type protease activities
VIT_11s0016g00960	Vitvi05_01chr11g01060	19.4.2.1	mapman:Protein homeostasis.proteolysis.serine peptidase activities.SBT-type protease activities
VIT_11s0103g00550	Vitvi05_01chr11g16060	19.4.2.1	mapman:Protein homeostasis.proteolysis.serine peptidase activities.SBT-type protease activities
VIT_16s0022g02200	Vitvi05_01chr16g12420	19.4.2.1	mapman:Protein homeostasis.proteolysis.serine peptidase activities.SBT-type protease activities
VIT_18s0001g09360	Vitvi05_01chr18g10300	19.4.2.1	mapman:Protein homeostasis.proteolysis.serine peptidase activities.SBT-type protease activities
VIT_03s0038g02230	Vitvi05_01chr03g02170	19.4.2.1.1	mapman:Protein homeostasis.proteolysis.serine peptidase activities.SBT-type protease activities.protease *(SBT1)
VIT_07s0005g00830	Vitvi05_01chr07g05690	19.4.2.1.1	mapman:Protein homeostasis.proteolysis.serine peptidase activities.SBT-type protease activities.protease *(SBT1)
VIT_07s0129g00490	Vitvi05_01chr07g26800	19.4.2.1.1	mapman:Protein homeostasis.proteolysis.serine peptidase activities.SBT-type protease activities.protease *(SBT1)
VIT_11s0016g00960	Vitvi05_01chr11g01060	19.4.2.1.1	mapman:Protein homeostasis.proteolysis.serine peptidase activities.SBT-type protease activities.protease *(SBT1)
VIT_16s0022g02200	Vitvi05_01chr16g12420	19.4.2.1.1	mapman:Protein homeostasis.proteolysis.serine peptidase activities.SBT-type protease activities.protease *(SBT1)
VIT_18s0001g09360	Vitvi05_01chr18g10300	19.4.2.1.1	mapman:Protein homeostasis.proteolysis.serine peptidase activities.SBT-type protease activities.protease *(SBT1)
VIT_11s0103g00550	Vitvi05_01chr11g16060	19.4.2.1.2	mapman:Protein homeostasis.proteolysis.serine peptidase activities.SBT-type protease activities.protease *(SBT2)
VIT_01s0011g02000	Vitvi05_01chr01g02380	19.4.2.2	mapman:Protein homeostasis.proteolysis.serine peptidase activities.SCPL-type carboxypeptidase activities
VIT_01s0011g02030	Vitvi05_01chr01g02410	19.4.2.2	mapman:Protein homeostasis.proteolysis.serine peptidase activities.SCPL-type carboxypeptidase activities
VIT_05s0077g00560	Vitvi05_01chr05g02430	19.4.2.2	mapman:Protein homeostasis.proteolysis.serine peptidase activities.SCPL-type carboxypeptidase activities
VIT_08s0040g01130	Vitvi05_01chr08g09990	19.4.2.2	mapman:Protein homeostasis.proteolysis.serine peptidase activities.SCPL-type carboxypeptidase activities
VIT_11s0206g00110	Vitvi05_01chr11g09490	19.4.2.2	mapman:Protein homeostasis.proteolysis.serine peptidase activities.SCPL-type carboxypeptidase activities
VIT_13s0158g00080	Vitvi05_01chr13g24770	19.4.2.2	mapman:Protein homeostasis.proteolysis.serine peptidase activities.SCPL-type carboxypeptidase activities
VIT_01s0011g02000	Vitvi05_01chr01g02380	19.4.2.2.1	mapman:Protein homeostasis.proteolysis.serine peptidase activities.SCPL-type carboxypeptidase activities.carboxypeptidase *(SCPL)
VIT_01s0011g02030	Vitvi05_01chr01g02410	19.4.2.2.1	mapman:Protein homeostasis.proteolysis.serine peptidase activities.SCPL-type carboxypeptidase activities.carboxypeptidase *(SCPL)
VIT_05s0077g00560	Vitvi05_01chr05g02430	19.4.2.2.1	mapman:Protein homeostasis.proteolysis.serine peptidase activities.SCPL-type carboxypeptidase activities.carboxypeptidase *(SCPL)
VIT_08s0040g01130	Vitvi05_01chr08g09990	19.4.2.2.1	mapman:Protein homeostasis.proteolysis.serine peptidase activities.SCPL-type carboxypeptidase activities.carboxypeptidase *(SCPL)
VIT_13s0158g00080	Vitvi05_01chr13g24770	19.4.2.2.1	mapman:Protein homeostasis.proteolysis.serine peptidase activities.SCPL-type carboxypeptidase activities.carboxypeptidase *(SCPL)
VIT_11s0206g00110	Vitvi05_01chr11g09490	19.4.2.2.2	mapman:Protein homeostasis.proteolysis.serine peptidase activities.SCPL-type carboxypeptidase activities.carboxypeptidase
VIT_15s0046g02160	Vitvi05_01chr15g18970	19.4.2.5	mapman:Protein homeostasis.proteolysis.serine peptidase activities.prolyl aminopeptidase activities
VIT_15s0046g02160	Vitvi05_01chr15g18970	19.4.2.5.2	mapman:Protein homeostasis.proteolysis.serine peptidase activities.prolyl aminopeptidase activities.prolyl aminopeptidase *(PAP2)
VIT_02s0025g04130	Vitvi05_01chr02g05010	19.4.2.6	mapman:Protein homeostasis.proteolysis.serine peptidase activities.Rhomboid-type protease activities
VIT_08s0007g00470	Vitvi05_01chr08g13890	19.4.2.6	mapman:Protein homeostasis.proteolysis.serine peptidase activities.Rhomboid-type protease activities
VIT_14s0006g03260	Vitvi05_01chr14g18380	19.4.2.6	mapman:Protein homeostasis.proteolysis.serine peptidase activities.Rhomboid-type protease activities
VIT_02s0025g04130	Vitvi05_01chr02g05010	19.4.2.6.1	mapman:Protein homeostasis.proteolysis.serine peptidase activities.Rhomboid-type protease activities.Rhomboid-type protease
VIT_08s0007g00470	Vitvi05_01chr08g13890	19.4.2.6.1	mapman:Protein homeostasis.proteolysis.serine peptidase activities.Rhomboid-type protease activities.Rhomboid-type protease
VIT_14s0006g03260	Vitvi05_01chr14g18380	19.4.2.6.1	mapman:Protein homeostasis.proteolysis.serine peptidase activities.Rhomboid-type protease activities.Rhomboid-type protease
VIT_01s0011g02930	Vitvi05_01chr01g03590	19.4.3	mapman:Protein homeostasis.proteolysis.aspartic peptidase activities
VIT_01s0011g03210	Vitvi05_01chr01g03920	19.4.3	mapman:Protein homeostasis.proteolysis.aspartic peptidase activities
VIT_08s0007g02440	Vitvi05_01chr08g16550	19.4.3	mapman:Protein homeostasis.proteolysis.aspartic peptidase activities
VIT_08s0007g02470	Vitvi05_01chr08g16620	19.4.3	mapman:Protein homeostasis.proteolysis.aspartic peptidase activities
VIT_09s0018g01670	Vitvi05_01chr09g18420	19.4.3	mapman:Protein homeostasis.proteolysis.aspartic peptidase activities
VIT_13s0084g00820	Vitvi05_01chr13g20750	19.4.3	mapman:Protein homeostasis.proteolysis.aspartic peptidase activities
VIT_14s0006g00180	Vitvi05_01chr14g12410	19.4.3	mapman:Protein homeostasis.proteolysis.aspartic peptidase activities
VIT_14s0128g00200	Vitvi05_01chr14g04460	19.4.3	mapman:Protein homeostasis.proteolysis.aspartic peptidase activities
VIT_14s0128g00210	Vitvi05_01chr14g04450	19.4.3	mapman:Protein homeostasis.proteolysis.aspartic peptidase activities
VIT_15s0046g00360	Vitvi05_01chr15g16610	19.4.3	mapman:Protein homeostasis.proteolysis.aspartic peptidase activities
VIT_17s0000g03990	Vitvi05_01chr17g05400	19.4.3	mapman:Protein homeostasis.proteolysis.aspartic peptidase activities
VIT_18s0001g04790	Vitvi05_01chr18g05360	19.4.3	mapman:Protein homeostasis.proteolysis.aspartic peptidase activities
VIT_18s0001g07340	Vitvi05_01chr18g07480	19.4.3	mapman:Protein homeostasis.proteolysis.aspartic peptidase activities
VIT_19s0090g00830	Vitvi05_01chr19g08830	19.4.3	mapman:Protein homeostasis.proteolysis.aspartic peptidase activities
VIT_01s0011g02930	Vitvi05_01chr01g03590	19.4.3.1	mapman:Protein homeostasis.proteolysis.aspartic peptidase activities.Pepsin-type protease
VIT_01s0011g03210	Vitvi05_01chr01g03920	19.4.3.1	mapman:Protein homeostasis.proteolysis.aspartic peptidase activities.Pepsin-type protease
VIT_08s0007g02440	Vitvi05_01chr08g16550	19.4.3.1	mapman:Protein homeostasis.proteolysis.aspartic peptidase activities.Pepsin-type protease
VIT_08s0007g02470	Vitvi05_01chr08g16620	19.4.3.1	mapman:Protein homeostasis.proteolysis.aspartic peptidase activities.Pepsin-type protease
VIT_09s0018g01670	Vitvi05_01chr09g18420	19.4.3.1	mapman:Protein homeostasis.proteolysis.aspartic peptidase activities.Pepsin-type protease
VIT_13s0084g00820	Vitvi05_01chr13g20750	19.4.3.1	mapman:Protein homeostasis.proteolysis.aspartic peptidase activities.Pepsin-type protease
VIT_14s0006g00180	Vitvi05_01chr14g12410	19.4.3.1	mapman:Protein homeostasis.proteolysis.aspartic peptidase activities.Pepsin-type protease
VIT_14s0128g00200	Vitvi05_01chr14g04460	19.4.3.1	mapman:Protein homeostasis.proteolysis.aspartic peptidase activities.Pepsin-type protease
VIT_14s0128g00210	Vitvi05_01chr14g04450	19.4.3.1	mapman:Protein homeostasis.proteolysis.aspartic peptidase activities.Pepsin-type protease
VIT_15s0046g00360	Vitvi05_01chr15g16610	19.4.3.1	mapman:Protein homeostasis.proteolysis.aspartic peptidase activities.Pepsin-type protease
VIT_17s0000g03990	Vitvi05_01chr17g05400	19.4.3.1	mapman:Protein homeostasis.proteolysis.aspartic peptidase activities.Pepsin-type protease
VIT_18s0001g04790	Vitvi05_01chr18g05360	19.4.3.1	mapman:Protein homeostasis.proteolysis.aspartic peptidase activities.Pepsin-type protease
VIT_18s0001g07340	Vitvi05_01chr18g07480	19.4.3.1	mapman:Protein homeostasis.proteolysis.aspartic peptidase activities.Pepsin-type protease
VIT_19s0090g00830	Vitvi05_01chr19g08830	19.4.3.1	mapman:Protein homeostasis.proteolysis.aspartic peptidase activities.Pepsin-type protease
VIT_00s0270g00120	Vitvi05_01chr04g11600	19.4.7	mapman:Protein homeostasis.proteolysis.protease inhibitor activities
VIT_00s0270g00120	Vitvi05_01chr04g11600	19.4.7.2	mapman:Protein homeostasis.proteolysis.protease inhibitor activities.Kunitz protease inhibitor
VIT_06s0004g03260	Vitvi05_01chr06g04920	19.5	mapman:Protein homeostasis.protein storage
VIT_07s0005g03400	Vitvi05_01chr07g09130	19.5	mapman:Protein homeostasis.protein storage
VIT_07s0005g03410	Vitvi05_01chr07g09140	19.5	mapman:Protein homeostasis.protein storage
VIT_07s0005g03420	Vitvi05_01chr07g09150	19.5	mapman:Protein homeostasis.protein storage
VIT_07s0005g04130	Vitvi05_01chr07g10240	19.5	mapman:Protein homeostasis.protein storage
VIT_07s0151g00640	Vitvi05_01chr07g01900	19.5	mapman:Protein homeostasis.protein storage
VIT_12s0034g01870	Vitvi05_01chr12g18970	19.5	mapman:Protein homeostasis.protein storage
VIT_12s0034g01890	Vitvi05_01chr12g18980	19.5	mapman:Protein homeostasis.protein storage
VIT_12s0034g01910	Vitvi05_01chr12g19000	19.5	mapman:Protein homeostasis.protein storage
VIT_06s0004g03260	Vitvi05_01chr06g04920	19.5.1	mapman:Protein homeostasis.protein storage.seed storage protein activities
VIT_07s0005g03400	Vitvi05_01chr07g09130	19.5.1	mapman:Protein homeostasis.protein storage.seed storage protein activities
VIT_07s0005g03410	Vitvi05_01chr07g09140	19.5.1	mapman:Protein homeostasis.protein storage.seed storage protein activities
VIT_07s0005g03420	Vitvi05_01chr07g09150	19.5.1	mapman:Protein homeostasis.protein storage.seed storage protein activities
VIT_07s0151g00640	Vitvi05_01chr07g01900	19.5.1	mapman:Protein homeostasis.protein storage.seed storage protein activities
VIT_12s0034g01870	Vitvi05_01chr12g18970	19.5.1	mapman:Protein homeostasis.protein storage.seed storage protein activities
VIT_12s0034g01890	Vitvi05_01chr12g18980	19.5.1	mapman:Protein homeostasis.protein storage.seed storage protein activities
VIT_12s0034g01910	Vitvi05_01chr12g19000	19.5.1	mapman:Protein homeostasis.protein storage.seed storage protein activities
VIT_07s0005g03400	Vitvi05_01chr07g09130	19.5.1.3	mapman:Protein homeostasis.protein storage.seed storage protein activities.11S globulin family
VIT_07s0005g03410	Vitvi05_01chr07g09140	19.5.1.3	mapman:Protein homeostasis.protein storage.seed storage protein activities.11S globulin family
VIT_07s0005g03420	Vitvi05_01chr07g09150	19.5.1.3	mapman:Protein homeostasis.protein storage.seed storage protein activities.11S globulin family
VIT_12s0034g01870	Vitvi05_01chr12g18970	19.5.1.3	mapman:Protein homeostasis.protein storage.seed storage protein activities.11S globulin family
VIT_12s0034g01890	Vitvi05_01chr12g18980	19.5.1.3	mapman:Protein homeostasis.protein storage.seed storage protein activities.11S globulin family
VIT_12s0034g01910	Vitvi05_01chr12g19000	19.5.1.3	mapman:Protein homeostasis.protein storage.seed storage protein activities.11S globulin family
VIT_07s0005g03400	Vitvi05_01chr07g09130	19.5.1.3.1	mapman:Protein homeostasis.protein storage.seed storage protein activities.11S globulin family.Globulin-type seed storage protein *(CR)
VIT_07s0005g03410	Vitvi05_01chr07g09140	19.5.1.3.1	mapman:Protein homeostasis.protein storage.seed storage protein activities.11S globulin family.Globulin-type seed storage protein *(CR)
VIT_07s0005g03420	Vitvi05_01chr07g09150	19.5.1.3.1	mapman:Protein homeostasis.protein storage.seed storage protein activities.11S globulin family.Globulin-type seed storage protein *(CR)
VIT_12s0034g01870	Vitvi05_01chr12g18970	19.5.1.3.2	mapman:Protein homeostasis.protein storage.seed storage protein activities.11S globulin family.Globulin-type seed storage protein
VIT_12s0034g01890	Vitvi05_01chr12g18980	19.5.1.3.2	mapman:Protein homeostasis.protein storage.seed storage protein activities.11S globulin family.Globulin-type seed storage protein
VIT_12s0034g01910	Vitvi05_01chr12g19000	19.5.1.3.2	mapman:Protein homeostasis.protein storage.seed storage protein activities.11S globulin family.Globulin-type seed storage protein
VIT_06s0004g03260	Vitvi05_01chr06g04920	19.5.1.4	mapman:Protein homeostasis.protein storage.seed storage protein activities.7S globulin family
VIT_07s0151g00640	Vitvi05_01chr07g01900	19.5.1.4	mapman:Protein homeostasis.protein storage.seed storage protein activities.7S globulin family
VIT_06s0004g03260	Vitvi05_01chr06g04920	19.5.1.4.2	mapman:Protein homeostasis.protein storage.seed storage protein activities.7S globulin family.Vicilin class-I seed storage protein
VIT_07s0151g00640	Vitvi05_01chr07g01900	19.5.1.4.3	mapman:Protein homeostasis.protein storage.seed storage protein activities.7S globulin family.Vicilin class-I seed storage protein *(PAP85)
VIT_07s0005g04130	Vitvi05_01chr07g10240	19.5.2	mapman:Protein homeostasis.protein storage.vegetative storage protein activities
VIT_07s0005g04130	Vitvi05_01chr07g10240	19.5.2.1	mapman:Protein homeostasis.protein storage.vegetative storage protein activities.acid phosphatase storage protein
VIT_00s0301g00090	Vitvi05_01chr10g07360	2	mapman:Cellular respiration
VIT_01s0010g02460	Vitvi05_01chr01g20950	2	mapman:Cellular respiration
VIT_02s0033g01380	Vitvi05_01chr02g18040	2	mapman:Cellular respiration
VIT_06s0004g00130	Vitvi05_01chr06g00340	2	mapman:Cellular respiration
VIT_10s0071g01060	Vitvi05_01chr10g26570	2	mapman:Cellular respiration
VIT_12s0057g00250	Vitvi05_01chr12g10230	2	mapman:Cellular respiration
VIT_14s0060g00420	Vitvi05_01chr14g00560	2	mapman:Cellular respiration
VIT_14s0060g02300	Vitvi05_01chr14g02730	2	mapman:Cellular respiration
VIT_16s0022g01770	Vitvi05_01chr16g11760	2	mapman:Cellular respiration
VIT_01s0010g02460	Vitvi05_01chr01g20950	2.1	mapman:Cellular respiration.glycolysis
VIT_06s0004g00130	Vitvi05_01chr06g00340	2.1	mapman:Cellular respiration.glycolysis
VIT_10s0071g01060	Vitvi05_01chr10g26570	2.1	mapman:Cellular respiration.glycolysis
VIT_16s0022g01770	Vitvi05_01chr16g11760	2.1	mapman:Cellular respiration.glycolysis
VIT_01s0010g02460	Vitvi05_01chr01g20950	2.1.1	mapman:Cellular respiration.glycolysis.cytosolic glycolysis
VIT_06s0004g00130	Vitvi05_01chr06g00340	2.1.1	mapman:Cellular respiration.glycolysis.cytosolic glycolysis
VIT_10s0071g01060	Vitvi05_01chr10g26570	2.1.1	mapman:Cellular respiration.glycolysis.cytosolic glycolysis
VIT_16s0022g01770	Vitvi05_01chr16g11760	2.1.1	mapman:Cellular respiration.glycolysis.cytosolic glycolysis
VIT_01s0010g02460	Vitvi05_01chr01g20950	2.1.1.4	mapman:Cellular respiration.glycolysis.cytosolic glycolysis.glyceraldehyde 3-phosphate dehydrogenase activities
VIT_01s0010g02460	Vitvi05_01chr01g20950	2.1.1.4.1	mapman:Cellular respiration.glycolysis.cytosolic glycolysis.glyceraldehyde 3-phosphate dehydrogenase activities.NAD-dependent glyceraldehyde 3-phosphate dehydrogenase
VIT_16s0022g01770	Vitvi05_01chr16g11760	2.1.1.7	mapman:Cellular respiration.glycolysis.cytosolic glycolysis.phosphoenolpyruvate enolase *(ENO2/3)
VIT_06s0004g00130	Vitvi05_01chr06g00340	2.1.1.8	mapman:Cellular respiration.glycolysis.cytosolic glycolysis.pyruvate kinase *(cPK)
VIT_10s0071g01060	Vitvi05_01chr10g26570	2.1.1.8	mapman:Cellular respiration.glycolysis.cytosolic glycolysis.pyruvate kinase *(cPK)
VIT_14s0060g00420	Vitvi05_01chr14g00560	2.2	mapman:Cellular respiration.pyruvate oxidation
VIT_14s0060g00420	Vitvi05_01chr14g00560	2.2.1	mapman:Cellular respiration.pyruvate oxidation.mitochondrial pyruvate dehydrogenase complex
VIT_14s0060g00420	Vitvi05_01chr14g00560	2.2.1.4	mapman:Cellular respiration.pyruvate oxidation.mitochondrial pyruvate dehydrogenase complex.regulation
VIT_14s0060g00420	Vitvi05_01chr14g00560	2.2.1.4.1	mapman:Cellular respiration.pyruvate oxidation.mitochondrial pyruvate dehydrogenase complex.regulation.pyruvate dehydrogenase kinase
VIT_00s0301g00090	Vitvi05_01chr10g07360	2.4	mapman:Cellular respiration.oxidative phosphorylation
VIT_02s0033g01380	Vitvi05_01chr02g18040	2.4	mapman:Cellular respiration.oxidative phosphorylation
VIT_12s0057g00250	Vitvi05_01chr12g10230	2.4	mapman:Cellular respiration.oxidative phosphorylation
VIT_14s0060g02300	Vitvi05_01chr14g02730	2.4	mapman:Cellular respiration.oxidative phosphorylation
VIT_00s0301g00090	Vitvi05_01chr10g07360	2.4.2	mapman:Cellular respiration.oxidative phosphorylation.alternative NAD(P)H dehydrogenase activities
VIT_02s0033g01380	Vitvi05_01chr02g18040	2.4.2	mapman:Cellular respiration.oxidative phosphorylation.alternative NAD(P)H dehydrogenase activities
VIT_12s0057g00250	Vitvi05_01chr12g10230	2.4.2	mapman:Cellular respiration.oxidative phosphorylation.alternative NAD(P)H dehydrogenase activities
VIT_00s0301g00090	Vitvi05_01chr10g07360	2.4.2.1	mapman:Cellular respiration.oxidative phosphorylation.alternative NAD(P)H dehydrogenase activities.type-II NAD(P)H dehydrogenase activities
VIT_12s0057g00250	Vitvi05_01chr12g10230	2.4.2.1	mapman:Cellular respiration.oxidative phosphorylation.alternative NAD(P)H dehydrogenase activities.type-II NAD(P)H dehydrogenase activities
VIT_00s0301g00090	Vitvi05_01chr10g07360	2.4.2.1.1	mapman:Cellular respiration.oxidative phosphorylation.alternative NAD(P)H dehydrogenase activities.type-II NAD(P)H dehydrogenase activities.NAD(P)H dehydrogenase *(NDA)
VIT_12s0057g00250	Vitvi05_01chr12g10230	2.4.2.1.2	mapman:Cellular respiration.oxidative phosphorylation.alternative NAD(P)H dehydrogenase activities.type-II NAD(P)H dehydrogenase activities.NAD(P)H dehydrogenase *(NDB)
VIT_02s0033g01380	Vitvi05_01chr02g18040	2.4.2.2	mapman:Cellular respiration.oxidative phosphorylation.alternative NAD(P)H dehydrogenase activities.alternative oxidase *(AOx)
VIT_14s0060g02300	Vitvi05_01chr14g02730	2.4.5	mapman:Cellular respiration.oxidative phosphorylation.cytochrome c oxidase complex
VIT_14s0060g02300	Vitvi05_01chr14g02730	2.4.5.2	mapman:Cellular respiration.oxidative phosphorylation.cytochrome c oxidase complex.plant-specific components
VIT_14s0060g02300	Vitvi05_01chr14g02730	2.4.5.2.1	mapman:Cellular respiration.oxidative phosphorylation.cytochrome c oxidase complex.plant-specific components.component *(Cox-X1)
VIT_01s0026g00960	Vitvi05_01chr01g13120	20	mapman:Cytoskeleton organisation
VIT_02s0025g01710	Vitvi05_01chr02g01980	20	mapman:Cytoskeleton organisation
VIT_02s0025g02020	Vitvi05_01chr02g02330	20	mapman:Cytoskeleton organisation
VIT_02s0025g03540	Vitvi05_01chr02g04160	20	mapman:Cytoskeleton organisation
VIT_03s0091g01010	Vitvi05_01chr03g10340	20	mapman:Cytoskeleton organisation
VIT_05s0020g04880	Vitvi05_01chr05g09620	20	mapman:Cytoskeleton organisation
VIT_06s0009g02020	Vitvi05_01chr06g15730	20	mapman:Cytoskeleton organisation
VIT_08s0007g01630	Vitvi05_01chr08g15280	20	mapman:Cytoskeleton organisation
VIT_08s0007g06520	Vitvi05_01chr08g21820	20	mapman:Cytoskeleton organisation
VIT_08s0007g06820	Vitvi05_01chr08g22180	20	mapman:Cytoskeleton organisation
VIT_08s0040g00980	Vitvi05_01chr08g09760	20	mapman:Cytoskeleton organisation
VIT_11s0016g02940	Vitvi05_01chr11g03480	20	mapman:Cytoskeleton organisation
VIT_11s0016g05460	Vitvi05_01chr11g06780	20	mapman:Cytoskeleton organisation
VIT_12s0057g00200	Vitvi05_01chr12g10180	20	mapman:Cytoskeleton organisation
VIT_14s0030g01360	Vitvi05_01chr14g06820	20	mapman:Cytoskeleton organisation
VIT_14s0108g00440	Vitvi05_01chr14g29000	20	mapman:Cytoskeleton organisation
VIT_16s0050g00380	Vitvi05_01chr16g15420	20	mapman:Cytoskeleton organisation
VIT_16s0098g00560	Vitvi05_01chr16g20580	20	mapman:Cytoskeleton organisation
VIT_16s0098g01720	Vitvi05_01chr16g22030	20	mapman:Cytoskeleton organisation
VIT_18s0001g09040	Vitvi05_01chr18g09850	20	mapman:Cytoskeleton organisation
VIT_18s0001g12100	Vitvi05_01chr18g13870	20	mapman:Cytoskeleton organisation
VIT_18s0001g13970	Vitvi05_01chr18g16320	20	mapman:Cytoskeleton organisation
VIT_18s0001g14360	Vitvi05_01chr18g16840	20	mapman:Cytoskeleton organisation
VIT_01s0026g00960	Vitvi05_01chr01g13120	20.1	mapman:Cytoskeleton organisation.microtubular network
VIT_02s0025g03540	Vitvi05_01chr02g04160	20.1	mapman:Cytoskeleton organisation.microtubular network
VIT_05s0020g04880	Vitvi05_01chr05g09620	20.1	mapman:Cytoskeleton organisation.microtubular network
VIT_06s0009g02020	Vitvi05_01chr06g15730	20.1	mapman:Cytoskeleton organisation.microtubular network
VIT_08s0007g01630	Vitvi05_01chr08g15280	20.1	mapman:Cytoskeleton organisation.microtubular network
VIT_08s0007g06820	Vitvi05_01chr08g22180	20.1	mapman:Cytoskeleton organisation.microtubular network
VIT_08s0040g00980	Vitvi05_01chr08g09760	20.1	mapman:Cytoskeleton organisation.microtubular network
VIT_11s0016g05460	Vitvi05_01chr11g06780	20.1	mapman:Cytoskeleton organisation.microtubular network
VIT_14s0030g01360	Vitvi05_01chr14g06820	20.1	mapman:Cytoskeleton organisation.microtubular network
VIT_14s0108g00440	Vitvi05_01chr14g29000	20.1	mapman:Cytoskeleton organisation.microtubular network
VIT_16s0050g00380	Vitvi05_01chr16g15420	20.1	mapman:Cytoskeleton organisation.microtubular network
VIT_16s0098g00560	Vitvi05_01chr16g20580	20.1	mapman:Cytoskeleton organisation.microtubular network
VIT_18s0001g13970	Vitvi05_01chr18g16320	20.1	mapman:Cytoskeleton organisation.microtubular network
VIT_18s0001g14360	Vitvi05_01chr18g16840	20.1	mapman:Cytoskeleton organisation.microtubular network
VIT_02s0025g03540	Vitvi05_01chr02g04160	20.1.1	mapman:Cytoskeleton organisation.microtubular network.alpha-beta-Tubulin heterodimer
VIT_06s0009g02020	Vitvi05_01chr06g15730	20.1.1	mapman:Cytoskeleton organisation.microtubular network.alpha-beta-Tubulin heterodimer
VIT_08s0007g01630	Vitvi05_01chr08g15280	20.1.1	mapman:Cytoskeleton organisation.microtubular network.alpha-beta-Tubulin heterodimer
VIT_08s0040g00980	Vitvi05_01chr08g09760	20.1.1	mapman:Cytoskeleton organisation.microtubular network.alpha-beta-Tubulin heterodimer
VIT_14s0108g00440	Vitvi05_01chr14g29000	20.1.1	mapman:Cytoskeleton organisation.microtubular network.alpha-beta-Tubulin heterodimer
VIT_16s0050g00380	Vitvi05_01chr16g15420	20.1.1	mapman:Cytoskeleton organisation.microtubular network.alpha-beta-Tubulin heterodimer
VIT_18s0001g14360	Vitvi05_01chr18g16840	20.1.1	mapman:Cytoskeleton organisation.microtubular network.alpha-beta-Tubulin heterodimer
VIT_14s0108g00440	Vitvi05_01chr14g29000	20.1.1.1	mapman:Cytoskeleton organisation.microtubular network.alpha-beta-Tubulin heterodimer.alpha-Tubulin component *(TUA)
VIT_02s0025g03540	Vitvi05_01chr02g04160	20.1.1.2	mapman:Cytoskeleton organisation.microtubular network.alpha-beta-Tubulin heterodimer.beta-Tubulin component *(TUB)
VIT_06s0009g02020	Vitvi05_01chr06g15730	20.1.1.2	mapman:Cytoskeleton organisation.microtubular network.alpha-beta-Tubulin heterodimer.beta-Tubulin component *(TUB)
VIT_08s0007g01630	Vitvi05_01chr08g15280	20.1.1.2	mapman:Cytoskeleton organisation.microtubular network.alpha-beta-Tubulin heterodimer.beta-Tubulin component *(TUB)
VIT_08s0040g00980	Vitvi05_01chr08g09760	20.1.1.2	mapman:Cytoskeleton organisation.microtubular network.alpha-beta-Tubulin heterodimer.beta-Tubulin component *(TUB)
VIT_16s0050g00380	Vitvi05_01chr16g15420	20.1.1.2	mapman:Cytoskeleton organisation.microtubular network.alpha-beta-Tubulin heterodimer.beta-Tubulin component *(TUB)
VIT_18s0001g14360	Vitvi05_01chr18g16840	20.1.1.2	mapman:Cytoskeleton organisation.microtubular network.alpha-beta-Tubulin heterodimer.beta-Tubulin component *(TUB)
VIT_08s0007g06820	Vitvi05_01chr08g22180	20.1.3	mapman:Cytoskeleton organisation.microtubular network.Kinesin microtubule-based motor protein activities
VIT_14s0030g01360	Vitvi05_01chr14g06820	20.1.3	mapman:Cytoskeleton organisation.microtubular network.Kinesin microtubule-based motor protein activities
VIT_14s0030g01360	Vitvi05_01chr14g06820	20.1.3.12	mapman:Cytoskeleton organisation.microtubular network.Kinesin microtubule-based motor protein activities.Kinesin-14-type motor protein activities
VIT_14s0030g01360	Vitvi05_01chr14g06820	20.1.3.12.3	mapman:Cytoskeleton organisation.microtubular network.Kinesin microtubule-based motor protein activities.Kinesin-14-type motor protein activities.kinesin motor protein *(KIN14q/KIN14r)
VIT_08s0007g06820	Vitvi05_01chr08g22180	20.1.3.6	mapman:Cytoskeleton organisation.microtubular network.Kinesin microtubule-based motor protein activities.Kinesin-7-type motor protein
VIT_01s0026g00960	Vitvi05_01chr01g13120	20.1.5	mapman:Cytoskeleton organisation.microtubular network.microtubule dynamics
VIT_05s0020g04880	Vitvi05_01chr05g09620	20.1.5	mapman:Cytoskeleton organisation.microtubular network.microtubule dynamics
VIT_11s0016g05460	Vitvi05_01chr11g06780	20.1.5	mapman:Cytoskeleton organisation.microtubular network.microtubule dynamics
VIT_16s0098g00560	Vitvi05_01chr16g20580	20.1.5	mapman:Cytoskeleton organisation.microtubular network.microtubule dynamics
VIT_18s0001g13970	Vitvi05_01chr18g16320	20.1.5	mapman:Cytoskeleton organisation.microtubular network.microtubule dynamics
VIT_16s0098g00560	Vitvi05_01chr16g20580	20.1.5.1	mapman:Cytoskeleton organisation.microtubular network.microtubule dynamics.microtubule plus-end control
VIT_16s0098g00560	Vitvi05_01chr16g20580	20.1.5.1.4	mapman:Cytoskeleton organisation.microtubular network.microtubule dynamics.microtubule plus-end control.regulatory protein *(SPR1)
VIT_01s0026g00960	Vitvi05_01chr01g13120	20.1.5.4	mapman:Cytoskeleton organisation.microtubular network.microtubule dynamics.microtubule-stabilizing factor *(WDL)
VIT_05s0020g04880	Vitvi05_01chr05g09620	20.1.5.4	mapman:Cytoskeleton organisation.microtubular network.microtubule dynamics.microtubule-stabilizing factor *(WDL)
VIT_11s0016g05460	Vitvi05_01chr11g06780	20.1.5.4	mapman:Cytoskeleton organisation.microtubular network.microtubule dynamics.microtubule-stabilizing factor *(WDL)
VIT_18s0001g13970	Vitvi05_01chr18g16320	20.1.5.7	mapman:Cytoskeleton organisation.microtubular network.microtubule dynamics.microtubule assembly factor *(TCS1)
VIT_02s0025g02020	Vitvi05_01chr02g02330	20.2	mapman:Cytoskeleton organisation.microfilament network
VIT_03s0091g01010	Vitvi05_01chr03g10340	20.2	mapman:Cytoskeleton organisation.microfilament network
VIT_08s0007g06520	Vitvi05_01chr08g21820	20.2	mapman:Cytoskeleton organisation.microfilament network
VIT_11s0016g02940	Vitvi05_01chr11g03480	20.2	mapman:Cytoskeleton organisation.microfilament network
VIT_16s0098g01720	Vitvi05_01chr16g22030	20.2	mapman:Cytoskeleton organisation.microfilament network
VIT_18s0001g09040	Vitvi05_01chr18g09850	20.2	mapman:Cytoskeleton organisation.microfilament network
VIT_08s0007g06520	Vitvi05_01chr08g21820	20.2.1	mapman:Cytoskeleton organisation.microfilament network.actin filament protein
VIT_02s0025g02020	Vitvi05_01chr02g02330	20.2.2	mapman:Cytoskeleton organisation.microfilament network.actin polymerisation
VIT_11s0016g02940	Vitvi05_01chr11g03480	20.2.2	mapman:Cytoskeleton organisation.microfilament network.actin polymerisation
VIT_16s0098g01720	Vitvi05_01chr16g22030	20.2.2	mapman:Cytoskeleton organisation.microfilament network.actin polymerisation
VIT_02s0025g02020	Vitvi05_01chr02g02330	20.2.2.2	mapman:Cytoskeleton organisation.microfilament network.actin polymerisation.SCAR/WAVE ARP2/3-activating complex
VIT_16s0098g01720	Vitvi05_01chr16g22030	20.2.2.2	mapman:Cytoskeleton organisation.microfilament network.actin polymerisation.SCAR/WAVE ARP2/3-activating complex
VIT_02s0025g02020	Vitvi05_01chr02g02330	20.2.2.2.5	mapman:Cytoskeleton organisation.microfilament network.actin polymerisation.SCAR/WAVE ARP2/3-activating complex.component *(ABIL)
VIT_16s0098g01720	Vitvi05_01chr16g22030	20.2.2.2.5	mapman:Cytoskeleton organisation.microfilament network.actin polymerisation.SCAR/WAVE ARP2/3-activating complex.component *(ABIL)
VIT_11s0016g02940	Vitvi05_01chr11g03480	20.2.2.3	mapman:Cytoskeleton organisation.microfilament network.actin polymerisation.profilin actin nucleation protein
VIT_03s0091g01010	Vitvi05_01chr03g10340	20.2.3	mapman:Cytoskeleton organisation.microfilament network.actin organisation
VIT_18s0001g09040	Vitvi05_01chr18g09850	20.2.3	mapman:Cytoskeleton organisation.microfilament network.actin organisation
VIT_03s0091g01010	Vitvi05_01chr03g10340	20.2.3.4	mapman:Cytoskeleton organisation.microfilament network.actin organisation.actin-bundling factor *(WLIM/PLIM)
VIT_18s0001g09040	Vitvi05_01chr18g09850	20.2.3.4	mapman:Cytoskeleton organisation.microfilament network.actin organisation.actin-bundling factor *(WLIM/PLIM)
VIT_02s0025g01710	Vitvi05_01chr02g01980	20.5	mapman:Cytoskeleton organisation.plastid movement
VIT_18s0001g12100	Vitvi05_01chr18g13870	20.5	mapman:Cytoskeleton organisation.plastid movement
VIT_02s0025g01710	Vitvi05_01chr02g01980	20.5.3	mapman:Cytoskeleton organisation.plastid movement.actin filament-bundling factor *(THRUMIN)
VIT_18s0001g12100	Vitvi05_01chr18g13870	20.5.6	mapman:Cytoskeleton organisation.plastid movement.actin filament reorganisation factor *(JAC1)
VIT_12s0057g00200	Vitvi05_01chr12g10180	20.7	mapman:Cytoskeleton organisation.endoplasmic reticulum-cytoskeleton-plasma membrane interface
VIT_12s0057g00200	Vitvi05_01chr12g10180	20.7.3	mapman:Cytoskeleton organisation.endoplasmic reticulum-cytoskeleton-plasma membrane interface.contact site modulator *(VST)
VIT_00s0238g00020	Vitvi05_01chr18g33150	21	mapman:Cell wall organisation
VIT_00s0323g00050	Vitvi05_01chr02g06940	21	mapman:Cell wall organisation
VIT_00s0323g00060	Vitvi05_01chr02g06960	21	mapman:Cell wall organisation
VIT_00s0323g00070	Vitvi05_01chr02g06970	21	mapman:Cell wall organisation
VIT_01s0011g03450	Vitvi05_01chr01g04250	21	mapman:Cell wall organisation
VIT_01s0011g05390	Vitvi05_01chr01g06920	21	mapman:Cell wall organisation
VIT_01s0026g00810	Vitvi05_01chr01g12860	21	mapman:Cell wall organisation
VIT_01s0026g00980	Vitvi05_01chr01g13140	21	mapman:Cell wall organisation
VIT_01s0127g00850	Vitvi05_01chr01g11470	21	mapman:Cell wall organisation
VIT_01s0127g00870	Vitvi05_01chr01g11490	21	mapman:Cell wall organisation
VIT_01s0137g00240	Vitvi05_01chr01g09020	21	mapman:Cell wall organisation
VIT_02s0025g01380	Vitvi05_01chr02g01530	21	mapman:Cell wall organisation
VIT_02s0025g02770	Vitvi05_01chr02g03200	21	mapman:Cell wall organisation
VIT_02s0025g03320	Vitvi05_01chr02g03890	21	mapman:Cell wall organisation
VIT_02s0154g00080	Vitvi05_01chr02g07150	21	mapman:Cell wall organisation
VIT_04s0008g05220	Vitvi05_01chr04g06420	21	mapman:Cell wall organisation
VIT_04s0023g02130	Vitvi05_01chr04g18610	21	mapman:Cell wall organisation
VIT_04s0023g02690	Vitvi05_01chr04g19300	21	mapman:Cell wall organisation
VIT_04s0023g02900	Vitvi05_01chr04g19690	21	mapman:Cell wall organisation
VIT_04s0044g01000	Vitvi05_01chr04g23890	21	mapman:Cell wall organisation
VIT_04s0069g00780	Vitvi05_01chr04g10510	21	mapman:Cell wall organisation
VIT_04s0079g00420	Vitvi05_01chr04g12210	21	mapman:Cell wall organisation
VIT_05s0020g01110	Vitvi05_01chr05g04300	21	mapman:Cell wall organisation
VIT_05s0020g01530	Vitvi05_01chr05g04850	21	mapman:Cell wall organisation
VIT_05s0020g02810	Vitvi05_01chr05g06700	21	mapman:Cell wall organisation
VIT_05s0051g00590	Vitvi05_01chr05g14210	21	mapman:Cell wall organisation
VIT_05s0062g01320	Vitvi05_01chr05g20760	21	mapman:Cell wall organisation
VIT_05s0077g01250	Vitvi05_01chr05g01430	21	mapman:Cell wall organisation
VIT_06s0004g00910	Vitvi05_01chr06g01400	21	mapman:Cell wall organisation
VIT_06s0004g03020	Vitvi05_01chr06g04590	21	mapman:Cell wall organisation
VIT_06s0004g04610	Vitvi05_01chr06g06960	21	mapman:Cell wall organisation
VIT_06s0004g04860	Vitvi05_01chr06g07290	21	mapman:Cell wall organisation
VIT_06s0061g00550	Vitvi05_01chr06g19500	21	mapman:Cell wall organisation
VIT_06s0061g01230	Vitvi05_01chr06g20530	21	mapman:Cell wall organisation
VIT_06s0080g00420	Vitvi05_01chr06g21600	21	mapman:Cell wall organisation
VIT_07s0005g00730	Vitvi05_01chr07g05560	21	mapman:Cell wall organisation
VIT_07s0005g01700	Vitvi05_01chr07g06780	21	mapman:Cell wall organisation
VIT_07s0005g02470	Vitvi05_01chr07g07740	21	mapman:Cell wall organisation
VIT_07s0031g00350	Vitvi05_01chr07g27970	21	mapman:Cell wall organisation
VIT_07s0031g01680	Vitvi05_01chr07g29700	21	mapman:Cell wall organisation
VIT_07s0031g02480	Vitvi05_01chr07g30750	21	mapman:Cell wall organisation
VIT_07s0031g02630	Vitvi05_01chr07g31080	21	mapman:Cell wall organisation
VIT_07s0129g00560	Vitvi05_01chr07g26910	21	mapman:Cell wall organisation
VIT_07s0151g00760	Vitvi05_01chr07g01990	21	mapman:Cell wall organisation
VIT_08s0007g00440	Vitvi05_01chr08g13860	21	mapman:Cell wall organisation
VIT_08s0007g01650	Vitvi05_01chr08g15340	21	mapman:Cell wall organisation
VIT_08s0007g02000	Vitvi05_01chr08g15780	21	mapman:Cell wall organisation
VIT_08s0007g03990	Vitvi05_01chr08g18440	21	mapman:Cell wall organisation
VIT_08s0007g04950	Vitvi05_01chr08g19690	21	mapman:Cell wall organisation
VIT_08s0007g08330	Vitvi05_01chr08g23900	21	mapman:Cell wall organisation
VIT_08s0007g08840	Vitvi05_01chr08g24570	21	mapman:Cell wall organisation
VIT_08s0032g00910	Vitvi05_01chr08g03820	21	mapman:Cell wall organisation
VIT_08s0040g00780	Vitvi05_01chr08g09460	21	mapman:Cell wall organisation
VIT_08s0058g00490	Vitvi05_01chr08g07230	21	mapman:Cell wall organisation
VIT_09s0002g00320	Vitvi05_01chr09g00280	21	mapman:Cell wall organisation
VIT_09s0002g00330	Vitvi05_01chr09g00290	21	mapman:Cell wall organisation
VIT_09s0002g02120	Vitvi05_01chr09g02480	21	mapman:Cell wall organisation
VIT_09s0018g01190	Vitvi05_01chr09g17950	21	mapman:Cell wall organisation
VIT_09s0018g01340	Vitvi05_01chr09g18150	21	mapman:Cell wall organisation
VIT_09s0018g02110	Vitvi05_01chr09g19180	21	mapman:Cell wall organisation
VIT_09s0070g00240	Vitvi05_01chr09g14570	21	mapman:Cell wall organisation
VIT_09s0070g00480	Vitvi05_01chr09g14840	21	mapman:Cell wall organisation
VIT_10s0003g01070	Vitvi05_01chr10g10130	21	mapman:Cell wall organisation
VIT_10s0116g00590	Vitvi05_01chr10g00490	21	mapman:Cell wall organisation
VIT_11s0016g00290	Vitvi05_01chr11g00320	21	mapman:Cell wall organisation
VIT_11s0016g00330	Vitvi05_01chr11g00360	21	mapman:Cell wall organisation
VIT_11s0016g04190	Vitvi05_01chr11g05030	21	mapman:Cell wall organisation
VIT_12s0035g01900	Vitvi05_01chr12g23010	21	mapman:Cell wall organisation
VIT_12s0057g01020	Vitvi05_01chr12g11410	21	mapman:Cell wall organisation
VIT_13s0019g04910	Vitvi05_01chr13g09100	21	mapman:Cell wall organisation
VIT_13s0064g00890	Vitvi05_01chr13g26480	21	mapman:Cell wall organisation
VIT_13s0067g01930	Vitvi05_01chr13g01510	21	mapman:Cell wall organisation
VIT_14s0006g00520	Vitvi05_01chr14g13040	21	mapman:Cell wall organisation
VIT_14s0060g00230	Vitvi05_01chr14g00300	21	mapman:Cell wall organisation
VIT_14s0066g02350	Vitvi05_01chr14g28050	21	mapman:Cell wall organisation
VIT_14s0083g00940	Vitvi05_01chr14g19860	21	mapman:Cell wall organisation
VIT_15s0021g00540	Vitvi05_01chr15g08010	21	mapman:Cell wall organisation
VIT_15s0046g00220	Vitvi05_01chr15g16440	21	mapman:Cell wall organisation
VIT_15s0046g00480	Vitvi05_01chr15g16750	21	mapman:Cell wall organisation
VIT_15s0046g00490	Vitvi05_01chr15g16760	21	mapman:Cell wall organisation
VIT_15s0046g00660	Vitvi05_01chr15g16890	21	mapman:Cell wall organisation
VIT_15s0046g00710	Vitvi05_01chr15g16920	21	mapman:Cell wall organisation
VIT_15s0046g01230	Vitvi05_01chr15g17830	21	mapman:Cell wall organisation
VIT_15s0048g00500	Vitvi05_01chr15g12650	21	mapman:Cell wall organisation
VIT_15s0048g00510	Vitvi05_01chr15g12660	21	mapman:Cell wall organisation
VIT_15s0048g01750	Vitvi05_01chr15g14310	21	mapman:Cell wall organisation
VIT_16s0022g00890	Vitvi05_01chr16g10680	21	mapman:Cell wall organisation
VIT_16s0022g01970	Vitvi05_01chr16g12070	21	mapman:Cell wall organisation
VIT_16s0050g00570	Vitvi05_01chr16g15660	21	mapman:Cell wall organisation
VIT_16s0050g00830	Vitvi05_01chr16g16010	21	mapman:Cell wall organisation
VIT_16s0098g01900	Vitvi05_01chr16g22220	21	mapman:Cell wall organisation
VIT_17s0000g05070	Vitvi05_01chr17g07310	21	mapman:Cell wall organisation
VIT_17s0000g06360	Vitvi05_01chr17g09050	21	mapman:Cell wall organisation
VIT_17s0053g00990	Vitvi05_01chr17g18290	21	mapman:Cell wall organisation
VIT_18s0001g02610	Vitvi05_01chr18g03960	21	mapman:Cell wall organisation
VIT_18s0001g03610	Vitvi05_01chr18g04690	21	mapman:Cell wall organisation
VIT_18s0001g05180	Vitvi05_01chr18g05590	21	mapman:Cell wall organisation
VIT_18s0001g08580	Vitvi05_01chr18g09250	21	mapman:Cell wall organisation
VIT_18s0001g11860	Vitvi05_01chr18g13560	21	mapman:Cell wall organisation
VIT_18s0001g12830	Vitvi05_01chr18g14840	21	mapman:Cell wall organisation
VIT_18s0001g13230	Vitvi05_01chr18g15390	21	mapman:Cell wall organisation
VIT_18s0089g00160	Vitvi05_01chr18g35520	21	mapman:Cell wall organisation
VIT_18s0122g00330	Vitvi05_01chr18g00340	21	mapman:Cell wall organisation
VIT_19s0014g03190	Vitvi05_01chr19g04430	21	mapman:Cell wall organisation
VIT_19s0014g03240	Vitvi05_01chr19g04480	21	mapman:Cell wall organisation
VIT_19s0015g00530	Vitvi05_01chr19g10790	21	mapman:Cell wall organisation
VIT_02s0025g01380	Vitvi05_01chr02g01530	21.1	mapman:Cell wall organisation.cellulose
VIT_04s0008g05220	Vitvi05_01chr04g06420	21.1	mapman:Cell wall organisation.cellulose
VIT_05s0062g01320	Vitvi05_01chr05g20760	21.1	mapman:Cell wall organisation.cellulose
VIT_05s0077g01250	Vitvi05_01chr05g01430	21.1	mapman:Cell wall organisation.cellulose
VIT_07s0005g02470	Vitvi05_01chr07g07740	21.1	mapman:Cell wall organisation.cellulose
VIT_13s0064g00890	Vitvi05_01chr13g26480	21.1	mapman:Cell wall organisation.cellulose
VIT_15s0046g00220	Vitvi05_01chr15g16440	21.1	mapman:Cell wall organisation.cellulose
VIT_17s0000g05070	Vitvi05_01chr17g07310	21.1	mapman:Cell wall organisation.cellulose
VIT_19s0014g03190	Vitvi05_01chr19g04430	21.1	mapman:Cell wall organisation.cellulose
VIT_04s0008g05220	Vitvi05_01chr04g06420	21.1.1	mapman:Cell wall organisation.cellulose.cellulose synthase complex (CSC)
VIT_07s0005g02470	Vitvi05_01chr07g07740	21.1.1	mapman:Cell wall organisation.cellulose.cellulose synthase complex (CSC)
VIT_13s0064g00890	Vitvi05_01chr13g26480	21.1.1	mapman:Cell wall organisation.cellulose.cellulose synthase complex (CSC)
VIT_15s0046g00220	Vitvi05_01chr15g16440	21.1.1	mapman:Cell wall organisation.cellulose.cellulose synthase complex (CSC)
VIT_19s0014g03190	Vitvi05_01chr19g04430	21.1.1	mapman:Cell wall organisation.cellulose.cellulose synthase complex (CSC)
VIT_04s0008g05220	Vitvi05_01chr04g06420	21.1.1.1	mapman:Cell wall organisation.cellulose.cellulose synthase complex (CSC).CSC components
VIT_07s0005g02470	Vitvi05_01chr07g07740	21.1.1.1	mapman:Cell wall organisation.cellulose.cellulose synthase complex (CSC).CSC components
VIT_13s0064g00890	Vitvi05_01chr13g26480	21.1.1.1	mapman:Cell wall organisation.cellulose.cellulose synthase complex (CSC).CSC components
VIT_04s0008g05220	Vitvi05_01chr04g06420	21.1.1.1.1	mapman:Cell wall organisation.cellulose.cellulose synthase complex (CSC).CSC components.cellulose synthase *(CesA)
VIT_07s0005g02470	Vitvi05_01chr07g07740	21.1.1.1.1	mapman:Cell wall organisation.cellulose.cellulose synthase complex (CSC).CSC components.cellulose synthase *(CesA)
VIT_13s0064g00890	Vitvi05_01chr13g26480	21.1.1.1.1	mapman:Cell wall organisation.cellulose.cellulose synthase complex (CSC).CSC components.cellulose synthase *(CesA)
VIT_19s0014g03190	Vitvi05_01chr19g04430	21.1.1.3	mapman:Cell wall organisation.cellulose.cellulose synthase complex (CSC).CSC trafficking
VIT_19s0014g03190	Vitvi05_01chr19g04430	21.1.1.3.4	mapman:Cell wall organisation.cellulose.cellulose synthase complex (CSC).CSC trafficking.regulatory protein *(TVA)
VIT_15s0046g00220	Vitvi05_01chr15g16440	21.1.1.4	mapman:Cell wall organisation.cellulose.cellulose synthase complex (CSC).microtubule-dependent CSC insertion
VIT_15s0046g00220	Vitvi05_01chr15g16440	21.1.1.4.3	mapman:Cell wall organisation.cellulose.cellulose synthase complex (CSC).microtubule-dependent CSC insertion.regulatory protein *(CMU)
VIT_05s0062g01320	Vitvi05_01chr05g20760	21.1.2	mapman:Cell wall organisation.cellulose.cellulose-hemicellulose network assembly
VIT_05s0077g01250	Vitvi05_01chr05g01430	21.1.2	mapman:Cell wall organisation.cellulose.cellulose-hemicellulose network assembly
VIT_17s0000g05070	Vitvi05_01chr17g07310	21.1.2	mapman:Cell wall organisation.cellulose.cellulose-hemicellulose network assembly
VIT_05s0062g01320	Vitvi05_01chr05g20760	21.1.2.1	mapman:Cell wall organisation.cellulose.cellulose-hemicellulose network assembly.regulatory protein *(CTL)
VIT_05s0077g01250	Vitvi05_01chr05g01430	21.1.2.1	mapman:Cell wall organisation.cellulose.cellulose-hemicellulose network assembly.regulatory protein *(CTL)
VIT_17s0000g05070	Vitvi05_01chr17g07310	21.1.2.2	mapman:Cell wall organisation.cellulose.cellulose-hemicellulose network assembly.regulatory protein *(COB)
VIT_02s0025g01380	Vitvi05_01chr02g01530	21.1.3	mapman:Cell wall organisation.cellulose.cellulose modification
VIT_02s0025g01380	Vitvi05_01chr02g01530	21.1.3.2	mapman:Cell wall organisation.cellulose.cellulose modification.class-C endo-1,4-beta-glucanase
VIT_00s0238g00020	Vitvi05_01chr18g33150	21.2	mapman:Cell wall organisation.hemicellulose
VIT_01s0011g03450	Vitvi05_01chr01g04250	21.2	mapman:Cell wall organisation.hemicellulose
VIT_01s0026g00810	Vitvi05_01chr01g12860	21.2	mapman:Cell wall organisation.hemicellulose
VIT_01s0026g00980	Vitvi05_01chr01g13140	21.2	mapman:Cell wall organisation.hemicellulose
VIT_04s0023g02130	Vitvi05_01chr04g18610	21.2	mapman:Cell wall organisation.hemicellulose
VIT_04s0069g00780	Vitvi05_01chr04g10510	21.2	mapman:Cell wall organisation.hemicellulose
VIT_05s0020g01530	Vitvi05_01chr05g04850	21.2	mapman:Cell wall organisation.hemicellulose
VIT_06s0061g00550	Vitvi05_01chr06g19500	21.2	mapman:Cell wall organisation.hemicellulose
VIT_06s0061g01230	Vitvi05_01chr06g20530	21.2	mapman:Cell wall organisation.hemicellulose
VIT_07s0031g02480	Vitvi05_01chr07g30750	21.2	mapman:Cell wall organisation.hemicellulose
VIT_08s0007g03990	Vitvi05_01chr08g18440	21.2	mapman:Cell wall organisation.hemicellulose
VIT_08s0007g04950	Vitvi05_01chr08g19690	21.2	mapman:Cell wall organisation.hemicellulose
VIT_08s0007g08840	Vitvi05_01chr08g24570	21.2	mapman:Cell wall organisation.hemicellulose
VIT_08s0058g00490	Vitvi05_01chr08g07230	21.2	mapman:Cell wall organisation.hemicellulose
VIT_09s0018g02110	Vitvi05_01chr09g19180	21.2	mapman:Cell wall organisation.hemicellulose
VIT_13s0067g01930	Vitvi05_01chr13g01510	21.2	mapman:Cell wall organisation.hemicellulose
VIT_14s0066g02350	Vitvi05_01chr14g28050	21.2	mapman:Cell wall organisation.hemicellulose
VIT_15s0046g01230	Vitvi05_01chr15g17830	21.2	mapman:Cell wall organisation.hemicellulose
VIT_18s0001g08580	Vitvi05_01chr18g09250	21.2	mapman:Cell wall organisation.hemicellulose
VIT_18s0001g11860	Vitvi05_01chr18g13560	21.2	mapman:Cell wall organisation.hemicellulose
VIT_18s0001g12830	Vitvi05_01chr18g14840	21.2	mapman:Cell wall organisation.hemicellulose
VIT_18s0089g00160	Vitvi05_01chr18g35520	21.2	mapman:Cell wall organisation.hemicellulose
VIT_01s0011g03450	Vitvi05_01chr01g04250	21.2.1	mapman:Cell wall organisation.hemicellulose.xyloglucan
VIT_01s0026g00810	Vitvi05_01chr01g12860	21.2.1	mapman:Cell wall organisation.hemicellulose.xyloglucan
VIT_04s0069g00780	Vitvi05_01chr04g10510	21.2.1	mapman:Cell wall organisation.hemicellulose.xyloglucan
VIT_05s0020g01530	Vitvi05_01chr05g04850	21.2.1	mapman:Cell wall organisation.hemicellulose.xyloglucan
VIT_06s0061g00550	Vitvi05_01chr06g19500	21.2.1	mapman:Cell wall organisation.hemicellulose.xyloglucan
VIT_07s0031g02480	Vitvi05_01chr07g30750	21.2.1	mapman:Cell wall organisation.hemicellulose.xyloglucan
VIT_08s0007g04950	Vitvi05_01chr08g19690	21.2.1	mapman:Cell wall organisation.hemicellulose.xyloglucan
VIT_18s0001g08580	Vitvi05_01chr18g09250	21.2.1	mapman:Cell wall organisation.hemicellulose.xyloglucan
VIT_04s0069g00780	Vitvi05_01chr04g10510	21.2.1.1	mapman:Cell wall organisation.hemicellulose.xyloglucan.biosynthesis
VIT_05s0020g01530	Vitvi05_01chr05g04850	21.2.1.1	mapman:Cell wall organisation.hemicellulose.xyloglucan.biosynthesis
VIT_18s0001g08580	Vitvi05_01chr18g09250	21.2.1.1	mapman:Cell wall organisation.hemicellulose.xyloglucan.biosynthesis
VIT_04s0069g00780	Vitvi05_01chr04g10510	21.2.1.1.1	mapman:Cell wall organisation.hemicellulose.xyloglucan.biosynthesis.1,4-beta-glucan synthase *(CSLC)
VIT_18s0001g08580	Vitvi05_01chr18g09250	21.2.1.1.1	mapman:Cell wall organisation.hemicellulose.xyloglucan.biosynthesis.1,4-beta-glucan synthase *(CSLC)
VIT_05s0020g01530	Vitvi05_01chr05g04850	21.2.1.1.2	mapman:Cell wall organisation.hemicellulose.xyloglucan.biosynthesis.1,6-alpha-xylosyltransferase *(XXT)
VIT_01s0011g03450	Vitvi05_01chr01g04250	21.2.1.2	mapman:Cell wall organisation.hemicellulose.xyloglucan.modification and degradation
VIT_01s0026g00810	Vitvi05_01chr01g12860	21.2.1.2	mapman:Cell wall organisation.hemicellulose.xyloglucan.modification and degradation
VIT_06s0061g00550	Vitvi05_01chr06g19500	21.2.1.2	mapman:Cell wall organisation.hemicellulose.xyloglucan.modification and degradation
VIT_07s0031g02480	Vitvi05_01chr07g30750	21.2.1.2	mapman:Cell wall organisation.hemicellulose.xyloglucan.modification and degradation
VIT_08s0007g04950	Vitvi05_01chr08g19690	21.2.1.2	mapman:Cell wall organisation.hemicellulose.xyloglucan.modification and degradation
VIT_01s0026g00810	Vitvi05_01chr01g12860	21.2.1.2.2	mapman:Cell wall organisation.hemicellulose.xyloglucan.modification and degradation.xyloglucan O-acetyltransferase *(AXY4)
VIT_07s0031g02480	Vitvi05_01chr07g30750	21.2.1.2.4	mapman:Cell wall organisation.hemicellulose.xyloglucan.modification and degradation.1,2-beta-galactosidase *(BGAL10)
VIT_01s0011g03450	Vitvi05_01chr01g04250	21.2.1.2.5	mapman:Cell wall organisation.hemicellulose.xyloglucan.modification and degradation.1,6-alpha-xylosidase *(AXYL1/2)
VIT_06s0061g00550	Vitvi05_01chr06g19500	21.2.1.2.6	mapman:Cell wall organisation.hemicellulose.xyloglucan.modification and degradation.xyloglucan endotransglucosylase/hydrolase *(XTH)
VIT_08s0007g04950	Vitvi05_01chr08g19690	21.2.1.2.6	mapman:Cell wall organisation.hemicellulose.xyloglucan.modification and degradation.xyloglucan endotransglucosylase/hydrolase *(XTH)
VIT_00s0238g00020	Vitvi05_01chr18g33150	21.2.2	mapman:Cell wall organisation.hemicellulose.xylan
VIT_01s0026g00980	Vitvi05_01chr01g13140	21.2.2	mapman:Cell wall organisation.hemicellulose.xylan
VIT_08s0007g08840	Vitvi05_01chr08g24570	21.2.2	mapman:Cell wall organisation.hemicellulose.xylan
VIT_08s0058g00490	Vitvi05_01chr08g07230	21.2.2	mapman:Cell wall organisation.hemicellulose.xylan
VIT_13s0067g01930	Vitvi05_01chr13g01510	21.2.2	mapman:Cell wall organisation.hemicellulose.xylan
VIT_14s0066g02350	Vitvi05_01chr14g28050	21.2.2	mapman:Cell wall organisation.hemicellulose.xylan
VIT_18s0001g11860	Vitvi05_01chr18g13560	21.2.2	mapman:Cell wall organisation.hemicellulose.xylan
VIT_01s0026g00980	Vitvi05_01chr01g13140	21.2.2.1	mapman:Cell wall organisation.hemicellulose.xylan.biosynthesis
VIT_08s0007g08840	Vitvi05_01chr08g24570	21.2.2.1	mapman:Cell wall organisation.hemicellulose.xylan.biosynthesis
VIT_14s0066g02350	Vitvi05_01chr14g28050	21.2.2.1	mapman:Cell wall organisation.hemicellulose.xylan.biosynthesis
VIT_18s0001g11860	Vitvi05_01chr18g13560	21.2.2.1	mapman:Cell wall organisation.hemicellulose.xylan.biosynthesis
VIT_01s0026g00980	Vitvi05_01chr01g13140	21.2.2.1.1	mapman:Cell wall organisation.hemicellulose.xylan.biosynthesis.galacturonosyltransferase *(GATL)
VIT_14s0066g02350	Vitvi05_01chr14g28050	21.2.2.1.1	mapman:Cell wall organisation.hemicellulose.xylan.biosynthesis.galacturonosyltransferase *(GATL)
VIT_18s0001g11860	Vitvi05_01chr18g13560	21.2.2.1.1	mapman:Cell wall organisation.hemicellulose.xylan.biosynthesis.galacturonosyltransferase *(GATL)
VIT_08s0007g08840	Vitvi05_01chr08g24570	21.2.2.1.3	mapman:Cell wall organisation.hemicellulose.xylan.biosynthesis.xylosyltransferase activities
VIT_08s0007g08840	Vitvi05_01chr08g24570	21.2.2.1.3.4	mapman:Cell wall organisation.hemicellulose.xylan.biosynthesis.xylosyltransferase activities.xylosyltransferase *(MUCI21)
VIT_00s0238g00020	Vitvi05_01chr18g33150	21.2.2.2	mapman:Cell wall organisation.hemicellulose.xylan.modification and degradation
VIT_08s0058g00490	Vitvi05_01chr08g07230	21.2.2.2	mapman:Cell wall organisation.hemicellulose.xylan.modification and degradation
VIT_13s0067g01930	Vitvi05_01chr13g01510	21.2.2.2	mapman:Cell wall organisation.hemicellulose.xylan.modification and degradation
VIT_08s0058g00490	Vitvi05_01chr08g07230	21.2.2.2.2	mapman:Cell wall organisation.hemicellulose.xylan.modification and degradation.xylan O-acetyltransferase *(XOAT)
VIT_13s0067g01930	Vitvi05_01chr13g01510	21.2.2.2.2	mapman:Cell wall organisation.hemicellulose.xylan.modification and degradation.xylan O-acetyltransferase *(XOAT)
VIT_00s0238g00020	Vitvi05_01chr18g33150	21.2.2.2.3	mapman:Cell wall organisation.hemicellulose.xylan.modification and degradation.glucuronoxylan 4-O-methyltransferase *(GXM1/2/3)
VIT_04s0023g02130	Vitvi05_01chr04g18610	21.2.3	mapman:Cell wall organisation.hemicellulose.heteromannan
VIT_06s0061g01230	Vitvi05_01chr06g20530	21.2.3	mapman:Cell wall organisation.hemicellulose.heteromannan
VIT_08s0007g03990	Vitvi05_01chr08g18440	21.2.3	mapman:Cell wall organisation.hemicellulose.heteromannan
VIT_09s0018g02110	Vitvi05_01chr09g19180	21.2.3	mapman:Cell wall organisation.hemicellulose.heteromannan
VIT_15s0046g01230	Vitvi05_01chr15g17830	21.2.3	mapman:Cell wall organisation.hemicellulose.heteromannan
VIT_18s0001g12830	Vitvi05_01chr18g14840	21.2.3	mapman:Cell wall organisation.hemicellulose.heteromannan
VIT_18s0089g00160	Vitvi05_01chr18g35520	21.2.3	mapman:Cell wall organisation.hemicellulose.heteromannan
VIT_06s0061g01230	Vitvi05_01chr06g20530	21.2.3.1	mapman:Cell wall organisation.hemicellulose.heteromannan.biosynthesis
VIT_08s0007g03990	Vitvi05_01chr08g18440	21.2.3.1	mapman:Cell wall organisation.hemicellulose.heteromannan.biosynthesis
VIT_09s0018g02110	Vitvi05_01chr09g19180	21.2.3.1	mapman:Cell wall organisation.hemicellulose.heteromannan.biosynthesis
VIT_06s0061g01230	Vitvi05_01chr06g20530	21.2.3.1.1	mapman:Cell wall organisation.hemicellulose.heteromannan.biosynthesis.mannan synthase activities
VIT_08s0007g03990	Vitvi05_01chr08g18440	21.2.3.1.1	mapman:Cell wall organisation.hemicellulose.heteromannan.biosynthesis.mannan synthase activities
VIT_06s0061g01230	Vitvi05_01chr06g20530	21.2.3.1.1.1	mapman:Cell wall organisation.hemicellulose.heteromannan.biosynthesis.mannan synthase activities.mannan synthase *(CSLA)
VIT_08s0007g03990	Vitvi05_01chr08g18440	21.2.3.1.1.1	mapman:Cell wall organisation.hemicellulose.heteromannan.biosynthesis.mannan synthase activities.mannan synthase *(CSLA)
VIT_09s0018g02110	Vitvi05_01chr09g19180	21.2.3.1.2	mapman:Cell wall organisation.hemicellulose.heteromannan.biosynthesis.mannan biosynthesis accessory protein *(MSR)
VIT_04s0023g02130	Vitvi05_01chr04g18610	21.2.3.2	mapman:Cell wall organisation.hemicellulose.heteromannan.modification and degradation
VIT_15s0046g01230	Vitvi05_01chr15g17830	21.2.3.2	mapman:Cell wall organisation.hemicellulose.heteromannan.modification and degradation
VIT_18s0001g12830	Vitvi05_01chr18g14840	21.2.3.2	mapman:Cell wall organisation.hemicellulose.heteromannan.modification and degradation
VIT_18s0089g00160	Vitvi05_01chr18g35520	21.2.3.2	mapman:Cell wall organisation.hemicellulose.heteromannan.modification and degradation
VIT_15s0046g01230	Vitvi05_01chr15g17830	21.2.3.2.1	mapman:Cell wall organisation.hemicellulose.heteromannan.modification and degradation.mannan O-acetyltransferase *(MOAT)
VIT_04s0023g02130	Vitvi05_01chr04g18610	21.2.3.2.2	mapman:Cell wall organisation.hemicellulose.heteromannan.modification and degradation.endo-beta-1,4-mannanase *(MAN)
VIT_18s0001g12830	Vitvi05_01chr18g14840	21.2.3.2.2	mapman:Cell wall organisation.hemicellulose.heteromannan.modification and degradation.endo-beta-1,4-mannanase *(MAN)
VIT_18s0089g00160	Vitvi05_01chr18g35520	21.2.3.2.2	mapman:Cell wall organisation.hemicellulose.heteromannan.modification and degradation.endo-beta-1,4-mannanase *(MAN)
VIT_00s0323g00050	Vitvi05_01chr02g06940	21.3	mapman:Cell wall organisation.pectin
VIT_00s0323g00060	Vitvi05_01chr02g06960	21.3	mapman:Cell wall organisation.pectin
VIT_00s0323g00070	Vitvi05_01chr02g06970	21.3	mapman:Cell wall organisation.pectin
VIT_01s0011g05390	Vitvi05_01chr01g06920	21.3	mapman:Cell wall organisation.pectin
VIT_01s0127g00850	Vitvi05_01chr01g11470	21.3	mapman:Cell wall organisation.pectin
VIT_01s0127g00870	Vitvi05_01chr01g11490	21.3	mapman:Cell wall organisation.pectin
VIT_01s0137g00240	Vitvi05_01chr01g09020	21.3	mapman:Cell wall organisation.pectin
VIT_04s0023g02690	Vitvi05_01chr04g19300	21.3	mapman:Cell wall organisation.pectin
VIT_04s0044g01000	Vitvi05_01chr04g23890	21.3	mapman:Cell wall organisation.pectin
VIT_05s0020g01110	Vitvi05_01chr05g04300	21.3	mapman:Cell wall organisation.pectin
VIT_05s0020g02810	Vitvi05_01chr05g06700	21.3	mapman:Cell wall organisation.pectin
VIT_05s0051g00590	Vitvi05_01chr05g14210	21.3	mapman:Cell wall organisation.pectin
VIT_06s0004g03020	Vitvi05_01chr06g04590	21.3	mapman:Cell wall organisation.pectin
VIT_07s0005g00730	Vitvi05_01chr07g05560	21.3	mapman:Cell wall organisation.pectin
VIT_08s0007g01650	Vitvi05_01chr08g15340	21.3	mapman:Cell wall organisation.pectin
VIT_08s0007g08330	Vitvi05_01chr08g23900	21.3	mapman:Cell wall organisation.pectin
VIT_09s0002g00320	Vitvi05_01chr09g00280	21.3	mapman:Cell wall organisation.pectin
VIT_09s0002g00330	Vitvi05_01chr09g00290	21.3	mapman:Cell wall organisation.pectin
VIT_09s0002g02120	Vitvi05_01chr09g02480	21.3	mapman:Cell wall organisation.pectin
VIT_10s0003g01070	Vitvi05_01chr10g10130	21.3	mapman:Cell wall organisation.pectin
VIT_10s0116g00590	Vitvi05_01chr10g00490	21.3	mapman:Cell wall organisation.pectin
VIT_11s0016g00290	Vitvi05_01chr11g00320	21.3	mapman:Cell wall organisation.pectin
VIT_11s0016g00330	Vitvi05_01chr11g00360	21.3	mapman:Cell wall organisation.pectin
VIT_12s0035g01900	Vitvi05_01chr12g23010	21.3	mapman:Cell wall organisation.pectin
VIT_13s0019g04910	Vitvi05_01chr13g09100	21.3	mapman:Cell wall organisation.pectin
VIT_14s0060g00230	Vitvi05_01chr14g00300	21.3	mapman:Cell wall organisation.pectin
VIT_14s0083g00940	Vitvi05_01chr14g19860	21.3	mapman:Cell wall organisation.pectin
VIT_15s0021g00540	Vitvi05_01chr15g08010	21.3	mapman:Cell wall organisation.pectin
VIT_15s0048g00500	Vitvi05_01chr15g12650	21.3	mapman:Cell wall organisation.pectin
VIT_15s0048g00510	Vitvi05_01chr15g12660	21.3	mapman:Cell wall organisation.pectin
VIT_16s0022g00890	Vitvi05_01chr16g10680	21.3	mapman:Cell wall organisation.pectin
VIT_16s0050g00570	Vitvi05_01chr16g15660	21.3	mapman:Cell wall organisation.pectin
VIT_16s0098g01900	Vitvi05_01chr16g22220	21.3	mapman:Cell wall organisation.pectin
VIT_18s0001g03610	Vitvi05_01chr18g04690	21.3	mapman:Cell wall organisation.pectin
VIT_18s0001g05180	Vitvi05_01chr18g05590	21.3	mapman:Cell wall organisation.pectin
VIT_18s0001g13230	Vitvi05_01chr18g15390	21.3	mapman:Cell wall organisation.pectin
VIT_18s0122g00330	Vitvi05_01chr18g00340	21.3	mapman:Cell wall organisation.pectin
VIT_00s0323g00050	Vitvi05_01chr02g06940	21.3.1	mapman:Cell wall organisation.pectin.homogalacturonan
VIT_00s0323g00060	Vitvi05_01chr02g06960	21.3.1	mapman:Cell wall organisation.pectin.homogalacturonan
VIT_00s0323g00070	Vitvi05_01chr02g06970	21.3.1	mapman:Cell wall organisation.pectin.homogalacturonan
VIT_01s0011g05390	Vitvi05_01chr01g06920	21.3.1	mapman:Cell wall organisation.pectin.homogalacturonan
VIT_04s0044g01000	Vitvi05_01chr04g23890	21.3.1	mapman:Cell wall organisation.pectin.homogalacturonan
VIT_07s0005g00730	Vitvi05_01chr07g05560	21.3.1	mapman:Cell wall organisation.pectin.homogalacturonan
VIT_09s0002g00320	Vitvi05_01chr09g00280	21.3.1	mapman:Cell wall organisation.pectin.homogalacturonan
VIT_09s0002g00330	Vitvi05_01chr09g00290	21.3.1	mapman:Cell wall organisation.pectin.homogalacturonan
VIT_10s0116g00590	Vitvi05_01chr10g00490	21.3.1	mapman:Cell wall organisation.pectin.homogalacturonan
VIT_11s0016g00290	Vitvi05_01chr11g00320	21.3.1	mapman:Cell wall organisation.pectin.homogalacturonan
VIT_11s0016g00330	Vitvi05_01chr11g00360	21.3.1	mapman:Cell wall organisation.pectin.homogalacturonan
VIT_12s0035g01900	Vitvi05_01chr12g23010	21.3.1	mapman:Cell wall organisation.pectin.homogalacturonan
VIT_15s0021g00540	Vitvi05_01chr15g08010	21.3.1	mapman:Cell wall organisation.pectin.homogalacturonan
VIT_15s0048g00500	Vitvi05_01chr15g12650	21.3.1	mapman:Cell wall organisation.pectin.homogalacturonan
VIT_15s0048g00510	Vitvi05_01chr15g12660	21.3.1	mapman:Cell wall organisation.pectin.homogalacturonan
VIT_16s0022g00890	Vitvi05_01chr16g10680	21.3.1	mapman:Cell wall organisation.pectin.homogalacturonan
VIT_16s0098g01900	Vitvi05_01chr16g22220	21.3.1	mapman:Cell wall organisation.pectin.homogalacturonan
VIT_00s0323g00050	Vitvi05_01chr02g06940	21.3.1.2	mapman:Cell wall organisation.pectin.homogalacturonan.modification and degradation
VIT_00s0323g00060	Vitvi05_01chr02g06960	21.3.1.2	mapman:Cell wall organisation.pectin.homogalacturonan.modification and degradation
VIT_00s0323g00070	Vitvi05_01chr02g06970	21.3.1.2	mapman:Cell wall organisation.pectin.homogalacturonan.modification and degradation
VIT_01s0011g05390	Vitvi05_01chr01g06920	21.3.1.2	mapman:Cell wall organisation.pectin.homogalacturonan.modification and degradation
VIT_04s0044g01000	Vitvi05_01chr04g23890	21.3.1.2	mapman:Cell wall organisation.pectin.homogalacturonan.modification and degradation
VIT_07s0005g00730	Vitvi05_01chr07g05560	21.3.1.2	mapman:Cell wall organisation.pectin.homogalacturonan.modification and degradation
VIT_09s0002g00320	Vitvi05_01chr09g00280	21.3.1.2	mapman:Cell wall organisation.pectin.homogalacturonan.modification and degradation
VIT_09s0002g00330	Vitvi05_01chr09g00290	21.3.1.2	mapman:Cell wall organisation.pectin.homogalacturonan.modification and degradation
VIT_10s0116g00590	Vitvi05_01chr10g00490	21.3.1.2	mapman:Cell wall organisation.pectin.homogalacturonan.modification and degradation
VIT_11s0016g00290	Vitvi05_01chr11g00320	21.3.1.2	mapman:Cell wall organisation.pectin.homogalacturonan.modification and degradation
VIT_11s0016g00330	Vitvi05_01chr11g00360	21.3.1.2	mapman:Cell wall organisation.pectin.homogalacturonan.modification and degradation
VIT_12s0035g01900	Vitvi05_01chr12g23010	21.3.1.2	mapman:Cell wall organisation.pectin.homogalacturonan.modification and degradation
VIT_15s0021g00540	Vitvi05_01chr15g08010	21.3.1.2	mapman:Cell wall organisation.pectin.homogalacturonan.modification and degradation
VIT_15s0048g00500	Vitvi05_01chr15g12650	21.3.1.2	mapman:Cell wall organisation.pectin.homogalacturonan.modification and degradation
VIT_15s0048g00510	Vitvi05_01chr15g12660	21.3.1.2	mapman:Cell wall organisation.pectin.homogalacturonan.modification and degradation
VIT_16s0022g00890	Vitvi05_01chr16g10680	21.3.1.2	mapman:Cell wall organisation.pectin.homogalacturonan.modification and degradation
VIT_16s0098g01900	Vitvi05_01chr16g22220	21.3.1.2	mapman:Cell wall organisation.pectin.homogalacturonan.modification and degradation
VIT_04s0044g01000	Vitvi05_01chr04g23890	21.3.1.2.1	mapman:Cell wall organisation.pectin.homogalacturonan.modification and degradation.pectin methylesterase
VIT_07s0005g00730	Vitvi05_01chr07g05560	21.3.1.2.1	mapman:Cell wall organisation.pectin.homogalacturonan.modification and degradation.pectin methylesterase
VIT_09s0002g00320	Vitvi05_01chr09g00280	21.3.1.2.1	mapman:Cell wall organisation.pectin.homogalacturonan.modification and degradation.pectin methylesterase
VIT_09s0002g00330	Vitvi05_01chr09g00290	21.3.1.2.1	mapman:Cell wall organisation.pectin.homogalacturonan.modification and degradation.pectin methylesterase
VIT_10s0116g00590	Vitvi05_01chr10g00490	21.3.1.2.1	mapman:Cell wall organisation.pectin.homogalacturonan.modification and degradation.pectin methylesterase
VIT_11s0016g00290	Vitvi05_01chr11g00320	21.3.1.2.1	mapman:Cell wall organisation.pectin.homogalacturonan.modification and degradation.pectin methylesterase
VIT_11s0016g00330	Vitvi05_01chr11g00360	21.3.1.2.1	mapman:Cell wall organisation.pectin.homogalacturonan.modification and degradation.pectin methylesterase
VIT_12s0035g01900	Vitvi05_01chr12g23010	21.3.1.2.1	mapman:Cell wall organisation.pectin.homogalacturonan.modification and degradation.pectin methylesterase
VIT_15s0048g00500	Vitvi05_01chr15g12650	21.3.1.2.1	mapman:Cell wall organisation.pectin.homogalacturonan.modification and degradation.pectin methylesterase
VIT_15s0048g00510	Vitvi05_01chr15g12660	21.3.1.2.1	mapman:Cell wall organisation.pectin.homogalacturonan.modification and degradation.pectin methylesterase
VIT_16s0098g01900	Vitvi05_01chr16g22220	21.3.1.2.1	mapman:Cell wall organisation.pectin.homogalacturonan.modification and degradation.pectin methylesterase
VIT_00s0323g00050	Vitvi05_01chr02g06940	21.3.1.2.2	mapman:Cell wall organisation.pectin.homogalacturonan.modification and degradation.pectin methylesterase inhibitor
VIT_00s0323g00060	Vitvi05_01chr02g06960	21.3.1.2.2	mapman:Cell wall organisation.pectin.homogalacturonan.modification and degradation.pectin methylesterase inhibitor
VIT_00s0323g00070	Vitvi05_01chr02g06970	21.3.1.2.2	mapman:Cell wall organisation.pectin.homogalacturonan.modification and degradation.pectin methylesterase inhibitor
VIT_01s0011g05390	Vitvi05_01chr01g06920	21.3.1.2.2	mapman:Cell wall organisation.pectin.homogalacturonan.modification and degradation.pectin methylesterase inhibitor
VIT_15s0021g00540	Vitvi05_01chr15g08010	21.3.1.2.2	mapman:Cell wall organisation.pectin.homogalacturonan.modification and degradation.pectin methylesterase inhibitor
VIT_16s0022g00890	Vitvi05_01chr16g10680	21.3.1.2.2	mapman:Cell wall organisation.pectin.homogalacturonan.modification and degradation.pectin methylesterase inhibitor
VIT_04s0023g02690	Vitvi05_01chr04g19300	21.3.2	mapman:Cell wall organisation.pectin.rhamnogalacturonan I
VIT_05s0020g02810	Vitvi05_01chr05g06700	21.3.2	mapman:Cell wall organisation.pectin.rhamnogalacturonan I
VIT_06s0004g03020	Vitvi05_01chr06g04590	21.3.2	mapman:Cell wall organisation.pectin.rhamnogalacturonan I
VIT_09s0002g02120	Vitvi05_01chr09g02480	21.3.2	mapman:Cell wall organisation.pectin.rhamnogalacturonan I
VIT_14s0083g00940	Vitvi05_01chr14g19860	21.3.2	mapman:Cell wall organisation.pectin.rhamnogalacturonan I
VIT_18s0001g05180	Vitvi05_01chr18g05590	21.3.2	mapman:Cell wall organisation.pectin.rhamnogalacturonan I
VIT_18s0001g13230	Vitvi05_01chr18g15390	21.3.2	mapman:Cell wall organisation.pectin.rhamnogalacturonan I
VIT_18s0122g00330	Vitvi05_01chr18g00340	21.3.2	mapman:Cell wall organisation.pectin.rhamnogalacturonan I
VIT_14s0083g00940	Vitvi05_01chr14g19860	21.3.2.1	mapman:Cell wall organisation.pectin.rhamnogalacturonan I.biosynthesis
VIT_18s0122g00330	Vitvi05_01chr18g00340	21.3.2.1	mapman:Cell wall organisation.pectin.rhamnogalacturonan I.biosynthesis
VIT_14s0083g00940	Vitvi05_01chr14g19860	21.3.2.1.1	mapman:Cell wall organisation.pectin.rhamnogalacturonan I.biosynthesis.rhamnosyltransferase *(RRT)
VIT_18s0122g00330	Vitvi05_01chr18g00340	21.3.2.1.3	mapman:Cell wall organisation.pectin.rhamnogalacturonan I.biosynthesis.beta-1,4-galactosyltransferase *(GALS)
VIT_04s0023g02690	Vitvi05_01chr04g19300	21.3.2.2	mapman:Cell wall organisation.pectin.rhamnogalacturonan I.modification and degradation
VIT_05s0020g02810	Vitvi05_01chr05g06700	21.3.2.2	mapman:Cell wall organisation.pectin.rhamnogalacturonan I.modification and degradation
VIT_06s0004g03020	Vitvi05_01chr06g04590	21.3.2.2	mapman:Cell wall organisation.pectin.rhamnogalacturonan I.modification and degradation
VIT_09s0002g02120	Vitvi05_01chr09g02480	21.3.2.2	mapman:Cell wall organisation.pectin.rhamnogalacturonan I.modification and degradation
VIT_18s0001g05180	Vitvi05_01chr18g05590	21.3.2.2	mapman:Cell wall organisation.pectin.rhamnogalacturonan I.modification and degradation
VIT_18s0001g13230	Vitvi05_01chr18g15390	21.3.2.2	mapman:Cell wall organisation.pectin.rhamnogalacturonan I.modification and degradation
VIT_05s0020g02810	Vitvi05_01chr05g06700	21.3.2.2.2	mapman:Cell wall organisation.pectin.rhamnogalacturonan I.modification and degradation.rhamnogalacturonan-I O-acetyltransferase *(TBL)
VIT_18s0001g05180	Vitvi05_01chr18g05590	21.3.2.2.5	mapman:Cell wall organisation.pectin.rhamnogalacturonan I.modification and degradation.alpha-L-arabinofuranosidase activities
VIT_18s0001g05180	Vitvi05_01chr18g05590	21.3.2.2.5.2	mapman:Cell wall organisation.pectin.rhamnogalacturonan I.modification and degradation.alpha-L-arabinofuranosidase activities.bifunctional alpha-L-arabinofuranosidase and beta-D-xylosidase *(BXL)
VIT_04s0023g02690	Vitvi05_01chr04g19300	21.3.2.2.7	mapman:Cell wall organisation.pectin.rhamnogalacturonan I.modification and degradation.beta-galactosidase activities
VIT_06s0004g03020	Vitvi05_01chr06g04590	21.3.2.2.7	mapman:Cell wall organisation.pectin.rhamnogalacturonan I.modification and degradation.beta-galactosidase activities
VIT_09s0002g02120	Vitvi05_01chr09g02480	21.3.2.2.7	mapman:Cell wall organisation.pectin.rhamnogalacturonan I.modification and degradation.beta-galactosidase activities
VIT_18s0001g13230	Vitvi05_01chr18g15390	21.3.2.2.7	mapman:Cell wall organisation.pectin.rhamnogalacturonan I.modification and degradation.beta-galactosidase activities
VIT_04s0023g02690	Vitvi05_01chr04g19300	21.3.2.2.7.1	mapman:Cell wall organisation.pectin.rhamnogalacturonan I.modification and degradation.beta-galactosidase activities.beta-galactosidase *(BGAL1)
VIT_09s0002g02120	Vitvi05_01chr09g02480	21.3.2.2.7.1	mapman:Cell wall organisation.pectin.rhamnogalacturonan I.modification and degradation.beta-galactosidase activities.beta-galactosidase *(BGAL1)
VIT_18s0001g13230	Vitvi05_01chr18g15390	21.3.2.2.7.1	mapman:Cell wall organisation.pectin.rhamnogalacturonan I.modification and degradation.beta-galactosidase activities.beta-galactosidase *(BGAL1)
VIT_06s0004g03020	Vitvi05_01chr06g04590	21.3.2.2.7.3	mapman:Cell wall organisation.pectin.rhamnogalacturonan I.modification and degradation.beta-galactosidase activities.beta-galactosidase *(BGAL8)
VIT_01s0127g00850	Vitvi05_01chr01g11470	21.3.5	mapman:Cell wall organisation.pectin.modification and degradation
VIT_01s0127g00870	Vitvi05_01chr01g11490	21.3.5	mapman:Cell wall organisation.pectin.modification and degradation
VIT_01s0137g00240	Vitvi05_01chr01g09020	21.3.5	mapman:Cell wall organisation.pectin.modification and degradation
VIT_05s0020g01110	Vitvi05_01chr05g04300	21.3.5	mapman:Cell wall organisation.pectin.modification and degradation
VIT_05s0051g00590	Vitvi05_01chr05g14210	21.3.5	mapman:Cell wall organisation.pectin.modification and degradation
VIT_08s0007g01650	Vitvi05_01chr08g15340	21.3.5	mapman:Cell wall organisation.pectin.modification and degradation
VIT_08s0007g08330	Vitvi05_01chr08g23900	21.3.5	mapman:Cell wall organisation.pectin.modification and degradation
VIT_10s0003g01070	Vitvi05_01chr10g10130	21.3.5	mapman:Cell wall organisation.pectin.modification and degradation
VIT_13s0019g04910	Vitvi05_01chr13g09100	21.3.5	mapman:Cell wall organisation.pectin.modification and degradation
VIT_14s0060g00230	Vitvi05_01chr14g00300	21.3.5	mapman:Cell wall organisation.pectin.modification and degradation
VIT_16s0050g00570	Vitvi05_01chr16g15660	21.3.5	mapman:Cell wall organisation.pectin.modification and degradation
VIT_18s0001g03610	Vitvi05_01chr18g04690	21.3.5	mapman:Cell wall organisation.pectin.modification and degradation
VIT_01s0127g00850	Vitvi05_01chr01g11470	21.3.5.1	mapman:Cell wall organisation.pectin.modification and degradation.polygalacturonase activities
VIT_01s0127g00870	Vitvi05_01chr01g11490	21.3.5.1	mapman:Cell wall organisation.pectin.modification and degradation.polygalacturonase activities
VIT_08s0007g08330	Vitvi05_01chr08g23900	21.3.5.1	mapman:Cell wall organisation.pectin.modification and degradation.polygalacturonase activities
VIT_08s0007g08330	Vitvi05_01chr08g23900	21.3.5.1.1	mapman:Cell wall organisation.pectin.modification and degradation.polygalacturonase activities.polygalacturonase *(QRT2)
VIT_01s0127g00850	Vitvi05_01chr01g11470	21.3.5.1.5	mapman:Cell wall organisation.pectin.modification and degradation.polygalacturonase activities.regulatory protein of polygalacturonase activity
VIT_01s0127g00870	Vitvi05_01chr01g11490	21.3.5.1.5	mapman:Cell wall organisation.pectin.modification and degradation.polygalacturonase activities.regulatory protein of polygalacturonase activity
VIT_01s0137g00240	Vitvi05_01chr01g09020	21.3.5.2	mapman:Cell wall organisation.pectin.modification and degradation.pectate lyase
VIT_05s0051g00590	Vitvi05_01chr05g14210	21.3.5.2	mapman:Cell wall organisation.pectin.modification and degradation.pectate lyase
VIT_13s0019g04910	Vitvi05_01chr13g09100	21.3.5.2	mapman:Cell wall organisation.pectin.modification and degradation.pectate lyase
VIT_05s0020g01110	Vitvi05_01chr05g04300	21.3.5.4	mapman:Cell wall organisation.pectin.modification and degradation.pectin acetylation
VIT_10s0003g01070	Vitvi05_01chr10g10130	21.3.5.4	mapman:Cell wall organisation.pectin.modification and degradation.pectin acetylation
VIT_14s0060g00230	Vitvi05_01chr14g00300	21.3.5.4	mapman:Cell wall organisation.pectin.modification and degradation.pectin acetylation
VIT_16s0050g00570	Vitvi05_01chr16g15660	21.3.5.4	mapman:Cell wall organisation.pectin.modification and degradation.pectin acetylation
VIT_10s0003g01070	Vitvi05_01chr10g10130	21.3.5.4.1	mapman:Cell wall organisation.pectin.modification and degradation.pectin acetylation.polysaccharide O-acetyltransferase *(PMR5)
VIT_05s0020g01110	Vitvi05_01chr05g04300	21.3.5.4.3	mapman:Cell wall organisation.pectin.modification and degradation.pectin acetylation.pectin acetylesterase *(PAE)
VIT_14s0060g00230	Vitvi05_01chr14g00300	21.3.5.4.3	mapman:Cell wall organisation.pectin.modification and degradation.pectin acetylation.pectin acetylesterase *(PAE)
VIT_16s0050g00570	Vitvi05_01chr16g15660	21.3.5.4.3	mapman:Cell wall organisation.pectin.modification and degradation.pectin acetylation.pectin acetylesterase *(PAE)
VIT_08s0007g01650	Vitvi05_01chr08g15340	21.3.5.5	mapman:Cell wall organisation.pectin.modification and degradation.pectin-dependent cell adhesion
VIT_18s0001g03610	Vitvi05_01chr18g04690	21.3.5.5	mapman:Cell wall organisation.pectin.modification and degradation.pectin-dependent cell adhesion
VIT_18s0001g03610	Vitvi05_01chr18g04690	21.3.5.5.3	mapman:Cell wall organisation.pectin.modification and degradation.pectin-dependent cell adhesion.fucosyl transferase *(ESMD)
VIT_08s0007g01650	Vitvi05_01chr08g15340	21.3.5.5.4	mapman:Cell wall organisation.pectin.modification and degradation.pectin-dependent cell adhesion.fucosyl transferase *(FRB)
VIT_04s0079g00420	Vitvi05_01chr04g12210	21.4	mapman:Cell wall organisation.cell wall proteins
VIT_06s0004g00910	Vitvi05_01chr06g01400	21.4	mapman:Cell wall organisation.cell wall proteins
VIT_06s0004g04610	Vitvi05_01chr06g06960	21.4	mapman:Cell wall organisation.cell wall proteins
VIT_06s0004g04860	Vitvi05_01chr06g07290	21.4	mapman:Cell wall organisation.cell wall proteins
VIT_07s0129g00560	Vitvi05_01chr07g26910	21.4	mapman:Cell wall organisation.cell wall proteins
VIT_07s0151g00760	Vitvi05_01chr07g01990	21.4	mapman:Cell wall organisation.cell wall proteins
VIT_08s0007g00440	Vitvi05_01chr08g13860	21.4	mapman:Cell wall organisation.cell wall proteins
VIT_08s0032g00910	Vitvi05_01chr08g03820	21.4	mapman:Cell wall organisation.cell wall proteins
VIT_09s0070g00480	Vitvi05_01chr09g14840	21.4	mapman:Cell wall organisation.cell wall proteins
VIT_11s0016g04190	Vitvi05_01chr11g05030	21.4	mapman:Cell wall organisation.cell wall proteins
VIT_12s0057g01020	Vitvi05_01chr12g11410	21.4	mapman:Cell wall organisation.cell wall proteins
VIT_15s0048g01750	Vitvi05_01chr15g14310	21.4	mapman:Cell wall organisation.cell wall proteins
VIT_17s0000g06360	Vitvi05_01chr17g09050	21.4	mapman:Cell wall organisation.cell wall proteins
VIT_17s0053g00990	Vitvi05_01chr17g18290	21.4	mapman:Cell wall organisation.cell wall proteins
VIT_19s0015g00530	Vitvi05_01chr19g10790	21.4	mapman:Cell wall organisation.cell wall proteins
VIT_06s0004g00910	Vitvi05_01chr06g01400	21.4.1	mapman:Cell wall organisation.cell wall proteins.hydroxyproline-rich glycoprotein activities
VIT_06s0004g04610	Vitvi05_01chr06g06960	21.4.1	mapman:Cell wall organisation.cell wall proteins.hydroxyproline-rich glycoprotein activities
VIT_07s0129g00560	Vitvi05_01chr07g26910	21.4.1	mapman:Cell wall organisation.cell wall proteins.hydroxyproline-rich glycoprotein activities
VIT_07s0151g00760	Vitvi05_01chr07g01990	21.4.1	mapman:Cell wall organisation.cell wall proteins.hydroxyproline-rich glycoprotein activities
VIT_08s0032g00910	Vitvi05_01chr08g03820	21.4.1	mapman:Cell wall organisation.cell wall proteins.hydroxyproline-rich glycoprotein activities
VIT_09s0070g00480	Vitvi05_01chr09g14840	21.4.1	mapman:Cell wall organisation.cell wall proteins.hydroxyproline-rich glycoprotein activities
VIT_11s0016g04190	Vitvi05_01chr11g05030	21.4.1	mapman:Cell wall organisation.cell wall proteins.hydroxyproline-rich glycoprotein activities
VIT_12s0057g01020	Vitvi05_01chr12g11410	21.4.1	mapman:Cell wall organisation.cell wall proteins.hydroxyproline-rich glycoprotein activities
VIT_15s0048g01750	Vitvi05_01chr15g14310	21.4.1	mapman:Cell wall organisation.cell wall proteins.hydroxyproline-rich glycoprotein activities
VIT_19s0015g00530	Vitvi05_01chr19g10790	21.4.1	mapman:Cell wall organisation.cell wall proteins.hydroxyproline-rich glycoprotein activities
VIT_06s0004g00910	Vitvi05_01chr06g01400	21.4.1.1	mapman:Cell wall organisation.cell wall proteins.hydroxyproline-rich glycoprotein activities.arabinogalactan-protein activities
VIT_06s0004g04610	Vitvi05_01chr06g06960	21.4.1.1	mapman:Cell wall organisation.cell wall proteins.hydroxyproline-rich glycoprotein activities.arabinogalactan-protein activities
VIT_07s0129g00560	Vitvi05_01chr07g26910	21.4.1.1	mapman:Cell wall organisation.cell wall proteins.hydroxyproline-rich glycoprotein activities.arabinogalactan-protein activities
VIT_07s0151g00760	Vitvi05_01chr07g01990	21.4.1.1	mapman:Cell wall organisation.cell wall proteins.hydroxyproline-rich glycoprotein activities.arabinogalactan-protein activities
VIT_08s0032g00910	Vitvi05_01chr08g03820	21.4.1.1	mapman:Cell wall organisation.cell wall proteins.hydroxyproline-rich glycoprotein activities.arabinogalactan-protein activities
VIT_12s0057g01020	Vitvi05_01chr12g11410	21.4.1.1	mapman:Cell wall organisation.cell wall proteins.hydroxyproline-rich glycoprotein activities.arabinogalactan-protein activities
VIT_15s0048g01750	Vitvi05_01chr15g14310	21.4.1.1	mapman:Cell wall organisation.cell wall proteins.hydroxyproline-rich glycoprotein activities.arabinogalactan-protein activities
VIT_19s0015g00530	Vitvi05_01chr19g10790	21.4.1.1	mapman:Cell wall organisation.cell wall proteins.hydroxyproline-rich glycoprotein activities.arabinogalactan-protein activities
VIT_06s0004g04610	Vitvi05_01chr06g06960	21.4.1.1.2	mapman:Cell wall organisation.cell wall proteins.hydroxyproline-rich glycoprotein activities.arabinogalactan-protein activities.Fasciclin-type arabinogalactan protein activities
VIT_08s0032g00910	Vitvi05_01chr08g03820	21.4.1.1.2	mapman:Cell wall organisation.cell wall proteins.hydroxyproline-rich glycoprotein activities.arabinogalactan-protein activities.Fasciclin-type arabinogalactan protein activities
VIT_12s0057g01020	Vitvi05_01chr12g11410	21.4.1.1.2	mapman:Cell wall organisation.cell wall proteins.hydroxyproline-rich glycoprotein activities.arabinogalactan-protein activities.Fasciclin-type arabinogalactan protein activities
VIT_15s0048g01750	Vitvi05_01chr15g14310	21.4.1.1.2	mapman:Cell wall organisation.cell wall proteins.hydroxyproline-rich glycoprotein activities.arabinogalactan-protein activities.Fasciclin-type arabinogalactan protein activities
VIT_19s0015g00530	Vitvi05_01chr19g10790	21.4.1.1.2	mapman:Cell wall organisation.cell wall proteins.hydroxyproline-rich glycoprotein activities.arabinogalactan-protein activities.Fasciclin-type arabinogalactan protein activities
VIT_06s0004g04610	Vitvi05_01chr06g06960	21.4.1.1.2.1	mapman:Cell wall organisation.cell wall proteins.hydroxyproline-rich glycoprotein activities.arabinogalactan-protein activities.Fasciclin-type arabinogalactan protein activities.Fasciclin-type arabinogalactan protein *(FLA1)
VIT_12s0057g01020	Vitvi05_01chr12g11410	21.4.1.1.2.1	mapman:Cell wall organisation.cell wall proteins.hydroxyproline-rich glycoprotein activities.arabinogalactan-protein activities.Fasciclin-type arabinogalactan protein activities.Fasciclin-type arabinogalactan protein *(FLA1)
VIT_15s0048g01750	Vitvi05_01chr15g14310	21.4.1.1.2.1	mapman:Cell wall organisation.cell wall proteins.hydroxyproline-rich glycoprotein activities.arabinogalactan-protein activities.Fasciclin-type arabinogalactan protein activities.Fasciclin-type arabinogalactan protein *(FLA1)
VIT_19s0015g00530	Vitvi05_01chr19g10790	21.4.1.1.2.1	mapman:Cell wall organisation.cell wall proteins.hydroxyproline-rich glycoprotein activities.arabinogalactan-protein activities.Fasciclin-type arabinogalactan protein activities.Fasciclin-type arabinogalactan protein *(FLA1)
VIT_08s0032g00910	Vitvi05_01chr08g03820	21.4.1.1.2.6	mapman:Cell wall organisation.cell wall proteins.hydroxyproline-rich glycoprotein activities.arabinogalactan-protein activities.Fasciclin-type arabinogalactan protein activities.Fasciclin-type arabinogalactan protein *(FLA15-FLA18)
VIT_06s0004g00910	Vitvi05_01chr06g01400	21.4.1.1.3	mapman:Cell wall organisation.cell wall proteins.hydroxyproline-rich glycoprotein activities.arabinogalactan-protein activities.Xylogen-type arabinogalactan protein *(XYP/XYLP)
VIT_07s0151g00760	Vitvi05_01chr07g01990	21.4.1.1.3	mapman:Cell wall organisation.cell wall proteins.hydroxyproline-rich glycoprotein activities.arabinogalactan-protein activities.Xylogen-type arabinogalactan protein *(XYP/XYLP)
VIT_07s0129g00560	Vitvi05_01chr07g26910	21.4.1.1.4	mapman:Cell wall organisation.cell wall proteins.hydroxyproline-rich glycoprotein activities.arabinogalactan-protein activities.lysine-rich arabinogalactan protein
VIT_09s0070g00480	Vitvi05_01chr09g14840	21.4.1.3	mapman:Cell wall organisation.cell wall proteins.hydroxyproline-rich glycoprotein activities.extensin activities
VIT_11s0016g04190	Vitvi05_01chr11g05030	21.4.1.3	mapman:Cell wall organisation.cell wall proteins.hydroxyproline-rich glycoprotein activities.extensin activities
VIT_09s0070g00480	Vitvi05_01chr09g14840	21.4.1.3.2	mapman:Cell wall organisation.cell wall proteins.hydroxyproline-rich glycoprotein activities.extensin activities.LRR-domain extensin
VIT_11s0016g04190	Vitvi05_01chr11g05030	21.4.1.3.2	mapman:Cell wall organisation.cell wall proteins.hydroxyproline-rich glycoprotein activities.extensin activities.LRR-domain extensin
VIT_04s0079g00420	Vitvi05_01chr04g12210	21.4.2	mapman:Cell wall organisation.cell wall proteins.expansin activities
VIT_06s0004g04860	Vitvi05_01chr06g07290	21.4.2	mapman:Cell wall organisation.cell wall proteins.expansin activities
VIT_08s0007g00440	Vitvi05_01chr08g13860	21.4.2	mapman:Cell wall organisation.cell wall proteins.expansin activities
VIT_17s0000g06360	Vitvi05_01chr17g09050	21.4.2	mapman:Cell wall organisation.cell wall proteins.expansin activities
VIT_17s0053g00990	Vitvi05_01chr17g18290	21.4.2	mapman:Cell wall organisation.cell wall proteins.expansin activities
VIT_04s0079g00420	Vitvi05_01chr04g12210	21.4.2.1	mapman:Cell wall organisation.cell wall proteins.expansin activities.alpha-class expansin
VIT_06s0004g04860	Vitvi05_01chr06g07290	21.4.2.1	mapman:Cell wall organisation.cell wall proteins.expansin activities.alpha-class expansin
VIT_08s0007g00440	Vitvi05_01chr08g13860	21.4.2.1	mapman:Cell wall organisation.cell wall proteins.expansin activities.alpha-class expansin
VIT_17s0000g06360	Vitvi05_01chr17g09050	21.4.2.1	mapman:Cell wall organisation.cell wall proteins.expansin activities.alpha-class expansin
VIT_17s0053g00990	Vitvi05_01chr17g18290	21.4.2.1	mapman:Cell wall organisation.cell wall proteins.expansin activities.alpha-class expansin
VIT_04s0023g02900	Vitvi05_01chr04g19690	21.6	mapman:Cell wall organisation.lignin
VIT_07s0031g00350	Vitvi05_01chr07g27970	21.6	mapman:Cell wall organisation.lignin
VIT_08s0040g00780	Vitvi05_01chr08g09460	21.6	mapman:Cell wall organisation.lignin
VIT_09s0018g01190	Vitvi05_01chr09g17950	21.6	mapman:Cell wall organisation.lignin
VIT_09s0070g00240	Vitvi05_01chr09g14570	21.6	mapman:Cell wall organisation.lignin
VIT_16s0022g01970	Vitvi05_01chr16g12070	21.6	mapman:Cell wall organisation.lignin
VIT_18s0001g02610	Vitvi05_01chr18g03960	21.6	mapman:Cell wall organisation.lignin
VIT_19s0014g03240	Vitvi05_01chr19g04480	21.6	mapman:Cell wall organisation.lignin
VIT_04s0023g02900	Vitvi05_01chr04g19690	21.6.1	mapman:Cell wall organisation.lignin.monolignol biosynthesis
VIT_07s0031g00350	Vitvi05_01chr07g27970	21.6.1	mapman:Cell wall organisation.lignin.monolignol biosynthesis
VIT_08s0040g00780	Vitvi05_01chr08g09460	21.6.1	mapman:Cell wall organisation.lignin.monolignol biosynthesis
VIT_09s0018g01190	Vitvi05_01chr09g17950	21.6.1	mapman:Cell wall organisation.lignin.monolignol biosynthesis
VIT_09s0070g00240	Vitvi05_01chr09g14570	21.6.1	mapman:Cell wall organisation.lignin.monolignol biosynthesis
VIT_18s0001g02610	Vitvi05_01chr18g03960	21.6.1	mapman:Cell wall organisation.lignin.monolignol biosynthesis
VIT_09s0018g01190	Vitvi05_01chr09g17950	21.6.1.1	mapman:Cell wall organisation.lignin.monolignol biosynthesis.hydroxycinnamoyl-CoA:quinate/shikimate O-hydroxycinnamoyltransferase *(HCT)
VIT_08s0040g00780	Vitvi05_01chr08g09460	21.6.1.2	mapman:Cell wall organisation.lignin.monolignol biosynthesis.p-coumaroyl shikimate/quinate 3-hydroxylase *(C3H)
VIT_07s0031g00350	Vitvi05_01chr07g27970	21.6.1.4	mapman:Cell wall organisation.lignin.monolignol biosynthesis.caffeoyl-CoA 3-O-methyltransferase *(CCoA-OMT)
VIT_09s0070g00240	Vitvi05_01chr09g14570	21.6.1.5	mapman:Cell wall organisation.lignin.monolignol biosynthesis.cinnamoyl-CoA reductase *(CCR)
VIT_04s0023g02900	Vitvi05_01chr04g19690	21.6.1.6	mapman:Cell wall organisation.lignin.monolignol biosynthesis.ferulate 5-hydroxylase *(F5H)
VIT_18s0001g02610	Vitvi05_01chr18g03960	21.6.1.7	mapman:Cell wall organisation.lignin.monolignol biosynthesis.caffeic acid O-methyltransferase *(COMT)
VIT_16s0022g01970	Vitvi05_01chr16g12070	21.6.3	mapman:Cell wall organisation.lignin.monolignol glycosylation and deglycosylation
VIT_19s0014g03240	Vitvi05_01chr19g04480	21.6.3	mapman:Cell wall organisation.lignin.monolignol glycosylation and deglycosylation
VIT_16s0022g01970	Vitvi05_01chr16g12070	21.6.3.1	mapman:Cell wall organisation.lignin.monolignol glycosylation and deglycosylation.coniferyl-alcohol glucosyltransferase *(UGT72E)
VIT_19s0014g03240	Vitvi05_01chr19g04480	21.6.3.2	mapman:Cell wall organisation.lignin.monolignol glycosylation and deglycosylation.coniferin beta-glucosidase *(BGLU45/46/47)
VIT_02s0025g02770	Vitvi05_01chr02g03200	21.7	mapman:Cell wall organisation.callose
VIT_06s0080g00420	Vitvi05_01chr06g21600	21.7	mapman:Cell wall organisation.callose
VIT_14s0006g00520	Vitvi05_01chr14g13040	21.7	mapman:Cell wall organisation.callose
VIT_02s0025g02770	Vitvi05_01chr02g03200	21.7.2	mapman:Cell wall organisation.callose.degradation
VIT_06s0080g00420	Vitvi05_01chr06g21600	21.7.2	mapman:Cell wall organisation.callose.degradation
VIT_14s0006g00520	Vitvi05_01chr14g13040	21.7.2	mapman:Cell wall organisation.callose.degradation
VIT_06s0080g00420	Vitvi05_01chr06g21600	21.7.2.1	mapman:Cell wall organisation.callose.degradation.beta-1,3 glucanase *(BG14)
VIT_14s0006g00520	Vitvi05_01chr14g13040	21.7.2.2	mapman:Cell wall organisation.callose.degradation.beta-1,3 glucanase *(pdBG)
VIT_02s0025g02770	Vitvi05_01chr02g03200	21.7.2.3	mapman:Cell wall organisation.callose.degradation.beta-1,3 glucanase *(BG10/11)
VIT_02s0025g03320	Vitvi05_01chr02g03890	21.8	mapman:Cell wall organisation.cutin and suberin
VIT_07s0031g01680	Vitvi05_01chr07g29700	21.8	mapman:Cell wall organisation.cutin and suberin
VIT_07s0031g02630	Vitvi05_01chr07g31080	21.8	mapman:Cell wall organisation.cutin and suberin
VIT_08s0007g02000	Vitvi05_01chr08g15780	21.8	mapman:Cell wall organisation.cutin and suberin
VIT_09s0018g01340	Vitvi05_01chr09g18150	21.8	mapman:Cell wall organisation.cutin and suberin
VIT_15s0046g00480	Vitvi05_01chr15g16750	21.8	mapman:Cell wall organisation.cutin and suberin
VIT_15s0046g00490	Vitvi05_01chr15g16760	21.8	mapman:Cell wall organisation.cutin and suberin
VIT_15s0046g00660	Vitvi05_01chr15g16890	21.8	mapman:Cell wall organisation.cutin and suberin
VIT_15s0046g00710	Vitvi05_01chr15g16920	21.8	mapman:Cell wall organisation.cutin and suberin
VIT_16s0050g00830	Vitvi05_01chr16g16010	21.8	mapman:Cell wall organisation.cutin and suberin
VIT_02s0025g03320	Vitvi05_01chr02g03890	21.8.1	mapman:Cell wall organisation.cutin and suberin.cuticular lipid formation
VIT_07s0031g01680	Vitvi05_01chr07g29700	21.8.1	mapman:Cell wall organisation.cutin and suberin.cuticular lipid formation
VIT_07s0031g02630	Vitvi05_01chr07g31080	21.8.1	mapman:Cell wall organisation.cutin and suberin.cuticular lipid formation
VIT_08s0007g02000	Vitvi05_01chr08g15780	21.8.1	mapman:Cell wall organisation.cutin and suberin.cuticular lipid formation
VIT_09s0018g01340	Vitvi05_01chr09g18150	21.8.1	mapman:Cell wall organisation.cutin and suberin.cuticular lipid formation
VIT_15s0046g00480	Vitvi05_01chr15g16750	21.8.1	mapman:Cell wall organisation.cutin and suberin.cuticular lipid formation
VIT_15s0046g00490	Vitvi05_01chr15g16760	21.8.1	mapman:Cell wall organisation.cutin and suberin.cuticular lipid formation
VIT_15s0046g00660	Vitvi05_01chr15g16890	21.8.1	mapman:Cell wall organisation.cutin and suberin.cuticular lipid formation
VIT_15s0046g00710	Vitvi05_01chr15g16920	21.8.1	mapman:Cell wall organisation.cutin and suberin.cuticular lipid formation
VIT_02s0025g03320	Vitvi05_01chr02g03890	21.8.1.1	mapman:Cell wall organisation.cutin and suberin.cuticular lipid formation.fatty acyl omega-hydroxylase *(CYP86A)
VIT_08s0007g02000	Vitvi05_01chr08g15780	21.8.1.5	mapman:Cell wall organisation.cutin and suberin.cuticular lipid formation.monoacylglyceryl ester monomer biosynthesis
VIT_08s0007g02000	Vitvi05_01chr08g15780	21.8.1.5.1	mapman:Cell wall organisation.cutin and suberin.cuticular lipid formation.monoacylglyceryl ester monomer biosynthesis.cutin sn-glycerol-3-phosphate acyltransferase
VIT_15s0046g00480	Vitvi05_01chr15g16750	21.8.1.6	mapman:Cell wall organisation.cutin and suberin.cuticular lipid formation.alcohol-forming pathway
VIT_15s0046g00490	Vitvi05_01chr15g16760	21.8.1.6	mapman:Cell wall organisation.cutin and suberin.cuticular lipid formation.alcohol-forming pathway
VIT_15s0046g00660	Vitvi05_01chr15g16890	21.8.1.6	mapman:Cell wall organisation.cutin and suberin.cuticular lipid formation.alcohol-forming pathway
VIT_15s0046g00710	Vitvi05_01chr15g16920	21.8.1.6	mapman:Cell wall organisation.cutin and suberin.cuticular lipid formation.alcohol-forming pathway
VIT_15s0046g00480	Vitvi05_01chr15g16750	21.8.1.6.2	mapman:Cell wall organisation.cutin and suberin.cuticular lipid formation.alcohol-forming pathway.wax ester synthase and diacylglycerol acyltransferase *(WSD)
VIT_15s0046g00490	Vitvi05_01chr15g16760	21.8.1.6.2	mapman:Cell wall organisation.cutin and suberin.cuticular lipid formation.alcohol-forming pathway.wax ester synthase and diacylglycerol acyltransferase *(WSD)
VIT_15s0046g00660	Vitvi05_01chr15g16890	21.8.1.6.2	mapman:Cell wall organisation.cutin and suberin.cuticular lipid formation.alcohol-forming pathway.wax ester synthase and diacylglycerol acyltransferase *(WSD)
VIT_15s0046g00710	Vitvi05_01chr15g16920	21.8.1.6.2	mapman:Cell wall organisation.cutin and suberin.cuticular lipid formation.alcohol-forming pathway.wax ester synthase and diacylglycerol acyltransferase *(WSD)
VIT_07s0031g01680	Vitvi05_01chr07g29700	21.8.1.7	mapman:Cell wall organisation.cutin and suberin.cuticular lipid formation.alkane-forming pathway
VIT_09s0018g01340	Vitvi05_01chr09g18150	21.8.1.7	mapman:Cell wall organisation.cutin and suberin.cuticular lipid formation.alkane-forming pathway
VIT_09s0018g01340	Vitvi05_01chr09g18150	21.8.1.7.1	mapman:Cell wall organisation.cutin and suberin.cuticular lipid formation.alkane-forming pathway.CER1-CER3 alkane-forming complex
VIT_09s0018g01340	Vitvi05_01chr09g18150	21.8.1.7.1.2	mapman:Cell wall organisation.cutin and suberin.cuticular lipid formation.alkane-forming pathway.CER1-CER3 alkane-forming complex.aldehyde-generating component *(CER3)
VIT_07s0031g01680	Vitvi05_01chr07g29700	21.8.1.7.3	mapman:Cell wall organisation.cutin and suberin.cuticular lipid formation.alkane-forming pathway.mid-chain alkane hydroxylase *(MAH1)
VIT_07s0031g02630	Vitvi05_01chr07g31080	21.8.1.9	mapman:Cell wall organisation.cutin and suberin.cuticular lipid formation.very-long-chain fatty alcohol oxidation pathway
VIT_07s0031g02630	Vitvi05_01chr07g31080	21.8.1.9.2	mapman:Cell wall organisation.cutin and suberin.cuticular lipid formation.very-long-chain fatty alcohol oxidation pathway.fatty aldehyde dehydrogenase *(FADH)
VIT_16s0050g00830	Vitvi05_01chr16g16010	21.8.5	mapman:Cell wall organisation.cutin and suberin.cutin polyester biosynthesis
VIT_16s0050g00830	Vitvi05_01chr16g16010	21.8.5.3	mapman:Cell wall organisation.cutin and suberin.cutin polyester biosynthesis.cutin synthase *(DCR)
VIT_02s0154g00080	Vitvi05_01chr02g07150	21.9	mapman:Cell wall organisation.cell surface reactive oxygen homeostasis
VIT_07s0005g01700	Vitvi05_01chr07g06780	21.9	mapman:Cell wall organisation.cell surface reactive oxygen homeostasis
VIT_02s0154g00080	Vitvi05_01chr02g07150	21.9.1	mapman:Cell wall organisation.cell surface reactive oxygen homeostasis.cell surface multi-copper oxidase *(SKU5)
VIT_07s0005g01700	Vitvi05_01chr07g06780	21.9.2	mapman:Cell wall organisation.cell surface reactive oxygen homeostasis.bHLH transcription factor *(UPBEAT)
VIT_01s0011g01050	Vitvi05_01chr01g01250	22	mapman:Vesicle trafficking
VIT_06s0004g04010	Vitvi05_01chr06g06030	22	mapman:Vesicle trafficking
VIT_07s0129g01090	Vitvi05_01chr07g27500	22	mapman:Vesicle trafficking
VIT_18s0001g12100	Vitvi05_01chr18g13870	22	mapman:Vesicle trafficking
VIT_01s0011g01050	Vitvi05_01chr01g01250	22.1	mapman:Vesicle trafficking.anterograde trafficking
VIT_01s0011g01050	Vitvi05_01chr01g01250	22.1.5	mapman:Vesicle trafficking.anterograde trafficking.lytic vacuole
VIT_01s0011g01050	Vitvi05_01chr01g01250	22.1.5.1	mapman:Vesicle trafficking.anterograde trafficking.lytic vacuole.protein sorting receptor *(VSR)
VIT_07s0129g01090	Vitvi05_01chr07g27500	22.2	mapman:Vesicle trafficking.retrograde trafficking
VIT_07s0129g01090	Vitvi05_01chr07g27500	22.2.1	mapman:Vesicle trafficking.retrograde trafficking.Coat protein I (COPI) coatomer machinery
VIT_07s0129g01090	Vitvi05_01chr07g27500	22.2.1.2	mapman:Vesicle trafficking.retrograde trafficking.Coat protein I (COPI) coatomer machinery.coat protein recruiting
VIT_07s0129g01090	Vitvi05_01chr07g27500	22.2.1.2.1	mapman:Vesicle trafficking.retrograde trafficking.Coat protein I (COPI) coatomer machinery.coat protein recruiting.ARF-GTPase activities
VIT_07s0129g01090	Vitvi05_01chr07g27500	22.2.1.2.1.1	mapman:Vesicle trafficking.retrograde trafficking.Coat protein I (COPI) coatomer machinery.coat protein recruiting.ARF-GTPase activities.ARF-GTPase *(ARF1)
VIT_06s0004g04010	Vitvi05_01chr06g06030	22.4	mapman:Vesicle trafficking.exocytic trafficking
VIT_06s0004g04010	Vitvi05_01chr06g06030	22.4.1	mapman:Vesicle trafficking.exocytic trafficking.Exocyst complex
VIT_06s0004g04010	Vitvi05_01chr06g06030	22.4.1.1	mapman:Vesicle trafficking.exocytic trafficking.Exocyst complex.component *(EXO70)
VIT_18s0001g12100	Vitvi05_01chr18g13870	22.5	mapman:Vesicle trafficking.clathrin coated vesicle (CCV) machinery
VIT_18s0001g12100	Vitvi05_01chr18g13870	22.5.6	mapman:Vesicle trafficking.clathrin coated vesicle (CCV) machinery.CCV accessory factor activities
VIT_18s0001g12100	Vitvi05_01chr18g13870	22.5.6.3	mapman:Vesicle trafficking.clathrin coated vesicle (CCV) machinery.CCV accessory factor activities.clathrin uncoating protein *(AUL)
VIT_00s0187g00170	Vitvi05_01chr10g02990	23	mapman:Protein translocation
VIT_03s0038g03560	Vitvi05_01chr03g03850	23	mapman:Protein translocation
VIT_03s0063g02020	Vitvi05_01chr03g06210	23	mapman:Protein translocation
VIT_09s0002g07110	Vitvi05_01chr09g08740	23	mapman:Protein translocation
VIT_13s0019g04080	Vitvi05_01chr13g07810	23	mapman:Protein translocation
VIT_19s0177g00340	Vitvi05_01chr19g07820	23	mapman:Protein translocation
VIT_03s0038g03560	Vitvi05_01chr03g03850	23.1	mapman:Protein translocation.chloroplast
VIT_03s0063g02020	Vitvi05_01chr03g06210	23.1	mapman:Protein translocation.chloroplast
VIT_09s0002g07110	Vitvi05_01chr09g08740	23.1	mapman:Protein translocation.chloroplast
VIT_19s0177g00340	Vitvi05_01chr19g07820	23.1	mapman:Protein translocation.chloroplast
VIT_09s0002g07110	Vitvi05_01chr09g08740	23.1.2	mapman:Protein translocation.chloroplast.outer envelope TOC translocation system
VIT_09s0002g07110	Vitvi05_01chr09g08740	23.1.2.6	mapman:Protein translocation.chloroplast.outer envelope TOC translocation system.regulatory kinase *(KOG1)
VIT_03s0063g02020	Vitvi05_01chr03g06210	23.1.3	mapman:Protein translocation.chloroplast.inner envelope TIC translocation system
VIT_03s0063g02020	Vitvi05_01chr03g06210	23.1.3.5	mapman:Protein translocation.chloroplast.inner envelope TIC translocation system.redox regulon complex
VIT_03s0063g02020	Vitvi05_01chr03g06210	23.1.3.5.3	mapman:Protein translocation.chloroplast.inner envelope TIC translocation system.redox regulon complex.component *(Tic62)
VIT_03s0038g03560	Vitvi05_01chr03g03850	23.1.7	mapman:Protein translocation.chloroplast.thylakoid membrane SRP insertion system
VIT_19s0177g00340	Vitvi05_01chr19g07820	23.1.7	mapman:Protein translocation.chloroplast.thylakoid membrane SRP insertion system
VIT_19s0177g00340	Vitvi05_01chr19g07820	23.1.7.1	mapman:Protein translocation.chloroplast.thylakoid membrane SRP insertion system.TIC-to-SRP handover factor *(LTD)
VIT_03s0038g03560	Vitvi05_01chr03g03850	23.1.7.3	mapman:Protein translocation.chloroplast.thylakoid membrane SRP insertion system.SRP43-SRP54 transit complex
VIT_03s0038g03560	Vitvi05_01chr03g03850	23.1.7.3.1	mapman:Protein translocation.chloroplast.thylakoid membrane SRP insertion system.SRP43-SRP54 transit complex.component *(cpSRP43)
VIT_00s0187g00170	Vitvi05_01chr10g02990	23.3	mapman:Protein translocation.endoplasmic reticulum
VIT_13s0019g04080	Vitvi05_01chr13g07810	23.3	mapman:Protein translocation.endoplasmic reticulum
VIT_00s0187g00170	Vitvi05_01chr10g02990	23.3.1	mapman:Protein translocation.endoplasmic reticulum.co-translational insertion system
VIT_13s0019g04080	Vitvi05_01chr13g07810	23.3.1	mapman:Protein translocation.endoplasmic reticulum.co-translational insertion system
VIT_13s0019g04080	Vitvi05_01chr13g07810	23.3.1.3	mapman:Protein translocation.endoplasmic reticulum.co-translational insertion system.Sec61 subcomplex
VIT_13s0019g04080	Vitvi05_01chr13g07810	23.3.1.3.2	mapman:Protein translocation.endoplasmic reticulum.co-translational insertion system.Sec61 subcomplex.subunit beta
VIT_00s0187g00170	Vitvi05_01chr10g02990	23.3.1.7	mapman:Protein translocation.endoplasmic reticulum.co-translational insertion system.EMC membrane protein insertion complex
VIT_00s0187g00170	Vitvi05_01chr10g02990	23.3.1.7.3	mapman:Protein translocation.endoplasmic reticulum.co-translational insertion system.EMC membrane protein insertion complex.component *(EMC3)
VIT_00s0125g00190	Vitvi05_01chr10g21280	24	mapman:Solute transport
VIT_00s0187g00130	Vitvi05_01chr10g03080	24	mapman:Solute transport
VIT_00s0225g00070	Vitvi05_01chr01g10010	24	mapman:Solute transport
VIT_00s0267g00030	Vitvi05_01chr07g17220	24	mapman:Solute transport
VIT_00s0291g00060	Vitvi05_01chr01g09900	24	mapman:Solute transport
VIT_00s1667g00010	Vitvi05_01chr04g12160	24	mapman:Solute transport
VIT_01s0011g00590	Vitvi05_01chr01g00750	24	mapman:Solute transport
VIT_01s0011g00600	Vitvi05_01chr01g00760	24	mapman:Solute transport
VIT_01s0011g03180	Vitvi05_01chr01g03890	24	mapman:Solute transport
VIT_01s0011g03400	Vitvi05_01chr01g04180	24	mapman:Solute transport
VIT_01s0011g04210	Vitvi05_01chr01g05270	24	mapman:Solute transport
VIT_01s0011g06560	Vitvi05_01chr01g08530	24	mapman:Solute transport
VIT_01s0026g00520	Vitvi05_01chr01g12450	24	mapman:Solute transport
VIT_01s0026g00530	Vitvi05_01chr01g12460	24	mapman:Solute transport
VIT_01s0026g00740	Vitvi05_01chr01g12710	24	mapman:Solute transport
VIT_01s0146g00260	Vitvi05_01chr01g23810	24	mapman:Solute transport
VIT_01s0150g00250	Vitvi05_01chr01g24780	24	mapman:Solute transport
VIT_02s0012g01660	Vitvi05_01chr02g12230	24	mapman:Solute transport
VIT_02s0025g00810	Vitvi05_01chr02g00840	24	mapman:Solute transport
VIT_02s0025g00990	Vitvi05_01chr02g01050	24	mapman:Solute transport
VIT_02s0025g01230	Vitvi05_01chr02g01340	24	mapman:Solute transport
VIT_02s0025g02080	Vitvi05_01chr02g02370	24	mapman:Solute transport
VIT_02s0025g02500	Vitvi05_01chr02g02840	24	mapman:Solute transport
VIT_02s0025g03260	Vitvi05_01chr02g03820	24	mapman:Solute transport
VIT_02s0025g03310	Vitvi05_01chr02g03870	24	mapman:Solute transport
VIT_02s0025g03390	Vitvi05_01chr02g03950	24	mapman:Solute transport
VIT_02s0154g00260	Vitvi05_01chr02g07470	24	mapman:Solute transport
VIT_03s0038g01410	Vitvi05_01chr03g01280	24	mapman:Solute transport
VIT_03s0038g02140	Vitvi05_01chr03g02070	24	mapman:Solute transport
VIT_03s0063g02250	Vitvi05_01chr03g05940	24	mapman:Solute transport
VIT_03s0110g00300	Vitvi05_01chr03g15540	24	mapman:Solute transport
VIT_04s0008g01720	Vitvi05_01chr04g01940	24	mapman:Solute transport
VIT_04s0008g04990	Vitvi05_01chr04g06120	24	mapman:Solute transport
VIT_04s0023g00320	Vitvi05_01chr04g16050	24	mapman:Solute transport
VIT_04s0023g01110	Vitvi05_01chr04g17220	24	mapman:Solute transport
VIT_04s0023g01150	Vitvi05_01chr04g17270	24	mapman:Solute transport
VIT_04s0023g02730	Vitvi05_01chr04g19350	24	mapman:Solute transport
VIT_04s0023g03610	Vitvi05_01chr04g20580	24	mapman:Solute transport
VIT_04s0044g01850	Vitvi05_01chr04g25210	24	mapman:Solute transport
VIT_04s0044g01860	Vitvi05_01chr04g25220	24	mapman:Solute transport
VIT_04s0044g01870	Vitvi05_01chr04g25240	24	mapman:Solute transport
VIT_04s0044g01880	Vitvi05_01chr04g25250	24	mapman:Solute transport
VIT_05s0020g00440	Vitvi05_01chr05g03630	24	mapman:Solute transport
VIT_05s0020g00680	Vitvi05_01chr05g03850	24	mapman:Solute transport
VIT_05s0020g02170	Vitvi05_01chr05g05810	24	mapman:Solute transport
VIT_05s0020g03140	Vitvi05_01chr05g07090	24	mapman:Solute transport
VIT_05s0020g03970	Vitvi05_01chr05g08160	24	mapman:Solute transport
VIT_05s0020g04240	Vitvi05_01chr05g08640	24	mapman:Solute transport
VIT_05s0049g01550	Vitvi05_01chr05g11840	24	mapman:Solute transport
VIT_05s0062g01120	Vitvi05_01chr05g20450	24	mapman:Solute transport
VIT_05s0077g02260	Vitvi05_01chr05g00160	24	mapman:Solute transport
VIT_05s0094g01570	Vitvi05_01chr05g26640	24	mapman:Solute transport
VIT_06s0004g01890	Vitvi05_01chr06g02970	24	mapman:Solute transport
VIT_06s0004g05910	Vitvi05_01chr06g08690	24	mapman:Solute transport
VIT_06s0004g07680	Vitvi05_01chr06g11150	24	mapman:Solute transport
VIT_06s0009g01110	Vitvi05_01chr06g14420	24	mapman:Solute transport
VIT_06s0009g01140	Vitvi05_01chr06g14530	24	mapman:Solute transport
VIT_06s0061g00350	Vitvi05_01chr06g19200	24	mapman:Solute transport
VIT_06s0061g00730	Vitvi05_01chr06g19770	24	mapman:Solute transport
VIT_06s0061g01210	Vitvi05_01chr06g20500	24	mapman:Solute transport
VIT_06s0061g01310	Vitvi05_01chr06g20610	24	mapman:Solute transport
VIT_06s0061g01470	Vitvi05_01chr06g20820	24	mapman:Solute transport
VIT_07s0005g00260	Vitvi05_01chr07g05010	24	mapman:Solute transport
VIT_07s0005g02060	Vitvi05_01chr07g07200	24	mapman:Solute transport
VIT_07s0005g03960	Vitvi05_01chr07g10040	24	mapman:Solute transport
VIT_07s0031g02170	Vitvi05_01chr07g30360	24	mapman:Solute transport
VIT_07s0031g02340	Vitvi05_01chr07g30550	24	mapman:Solute transport
VIT_07s0031g02550	Vitvi05_01chr07g30900	24	mapman:Solute transport
VIT_07s0031g02950	Vitvi05_01chr07g31690	24	mapman:Solute transport
VIT_07s0104g00830	Vitvi05_01chr07g03330	24	mapman:Solute transport
VIT_07s0129g00100	Vitvi05_01chr07g26370	24	mapman:Solute transport
VIT_07s0141g00590	Vitvi05_01chr07g00420	24	mapman:Solute transport
VIT_07s0151g00340	Vitvi05_01chr07g01710	24	mapman:Solute transport
VIT_08s0007g01810	Vitvi05_01chr08g15530	24	mapman:Solute transport
VIT_08s0007g02020	Vitvi05_01chr08g15800	24	mapman:Solute transport
VIT_08s0007g02030	Vitvi05_01chr08g15900	24	mapman:Solute transport
VIT_08s0007g02240	Vitvi05_01chr08g16150	24	mapman:Solute transport
VIT_08s0007g03710	Vitvi05_01chr08g18100	24	mapman:Solute transport
VIT_08s0007g04550	Vitvi05_01chr08g19080	24	mapman:Solute transport
VIT_08s0007g05060	Vitvi05_01chr08g19860	24	mapman:Solute transport
VIT_08s0007g05210	Vitvi05_01chr08g20040	24	mapman:Solute transport
VIT_08s0007g07270	Vitvi05_01chr08g22660	24	mapman:Solute transport
VIT_08s0040g00150	Vitvi05_01chr08g08740	24	mapman:Solute transport
VIT_08s0040g00800	Vitvi05_01chr08g09480	24	mapman:Solute transport
VIT_08s0056g01120	Vitvi05_01chr08g01530	24	mapman:Solute transport
VIT_08s0056g01480	Vitvi05_01chr08g02100	24	mapman:Solute transport
VIT_08s0058g00740	Vitvi05_01chr08g07590	24	mapman:Solute transport
VIT_09s0002g04130	Vitvi05_01chr09g04760	24	mapman:Solute transport
VIT_09s0002g04240	Vitvi05_01chr09g04900	24	mapman:Solute transport
VIT_09s0002g04500	Vitvi05_01chr09g05300	24	mapman:Solute transport
VIT_09s0002g05710	Vitvi05_01chr09g06850	24	mapman:Solute transport
VIT_09s0002g07920	Vitvi05_01chr09g10110	24	mapman:Solute transport
VIT_09s0002g07940	Vitvi05_01chr09g10130	24	mapman:Solute transport
VIT_09s0070g00210	Vitvi05_01chr09g14510	24	mapman:Solute transport
VIT_10s0003g01830	Vitvi05_01chr10g11280	24	mapman:Solute transport
VIT_11s0016g04160	Vitvi05_01chr11g04970	24	mapman:Solute transport
VIT_11s0016g05110	Vitvi05_01chr11g06280	24	mapman:Solute transport
VIT_11s0052g01560	Vitvi05_01chr11g18740	24	mapman:Solute transport
VIT_11s0052g01570	Vitvi05_01chr11g18750	24	mapman:Solute transport
VIT_11s0118g00560	Vitvi05_01chr11g08310	24	mapman:Solute transport
VIT_12s0035g00910	Vitvi05_01chr12g21310	24	mapman:Solute transport
VIT_12s0035g01820	Vitvi05_01chr12g22800	24	mapman:Solute transport
VIT_12s0059g01240	Vitvi05_01chr12g07140	24	mapman:Solute transport
VIT_12s0059g02180	Vitvi05_01chr12g08340	24	mapman:Solute transport
VIT_12s0059g02260	Vitvi05_01chr12g08420	24	mapman:Solute transport
VIT_13s0019g00330	Vitvi05_01chr13g03740	24	mapman:Solute transport
VIT_13s0019g04280	Vitvi05_01chr13g08130	24	mapman:Solute transport
VIT_13s0019g04660	Vitvi05_01chr13g08750	24	mapman:Solute transport
VIT_13s0019g05070	Vitvi05_01chr13g09270	24	mapman:Solute transport
VIT_13s0067g00220	Vitvi05_01chr13g00160	24	mapman:Solute transport
VIT_13s0067g00330	Vitvi05_01chr13g00230	24	mapman:Solute transport
VIT_13s0074g00570	Vitvi05_01chr13g11140	24	mapman:Solute transport
VIT_13s0074g00690	Vitvi05_01chr13g11390	24	mapman:Solute transport
VIT_13s0084g00090	Vitvi05_01chr13g19600	24	mapman:Solute transport
VIT_14s0030g00250	Vitvi05_01chr14g05250	24	mapman:Solute transport
VIT_14s0030g00340	Vitvi05_01chr14g05360	24	mapman:Solute transport
VIT_14s0066g00850	Vitvi05_01chr14g26230	24	mapman:Solute transport
VIT_14s0066g01580	Vitvi05_01chr14g27070	24	mapman:Solute transport
VIT_14s0066g01640	Vitvi05_01chr14g27150	24	mapman:Solute transport
VIT_14s0068g01870	Vitvi05_01chr14g23250	24	mapman:Solute transport
VIT_14s0068g02190	Vitvi05_01chr14g23590	24	mapman:Solute transport
VIT_14s0108g00430	Vitvi05_01chr14g28990	24	mapman:Solute transport
VIT_14s0108g00700	Vitvi05_01chr14g29230	24	mapman:Solute transport
VIT_14s0108g01130	Vitvi05_01chr14g29720	24	mapman:Solute transport
VIT_14s0108g01420	Vitvi05_01chr14g30070	24	mapman:Solute transport
VIT_14s0171g00400	Vitvi05_01chr14g24460	24	mapman:Solute transport
VIT_15s0046g02410	Vitvi05_01chr15g19260	24	mapman:Solute transport
VIT_15s0046g02420	Vitvi05_01chr15g19270	24	mapman:Solute transport
VIT_15s0107g00270	Vitvi05_01chr15g04670	24	mapman:Solute transport
VIT_16s0039g00220	Vitvi05_01chr16g00130	24	mapman:Solute transport
VIT_16s0050g00910	Vitvi05_01chr16g16100	24	mapman:Solute transport
VIT_16s0050g01620	Vitvi05_01chr16g17010	24	mapman:Solute transport
VIT_16s0098g01290	Vitvi05_01chr16g21570	24	mapman:Solute transport
VIT_17s0000g00820	Vitvi05_01chr17g00920	24	mapman:Solute transport
VIT_17s0000g00830	Vitvi05_01chr17g00930	24	mapman:Solute transport
VIT_17s0000g01160	Vitvi05_01chr17g01300	24	mapman:Solute transport
VIT_17s0000g01930	Vitvi05_01chr17g02250	24	mapman:Solute transport
VIT_17s0000g02970	Vitvi05_01chr17g03740	24	mapman:Solute transport
VIT_17s0000g07850	Vitvi05_01chr17g11590	24	mapman:Solute transport
VIT_17s0000g08530	Vitvi05_01chr17g12370	24	mapman:Solute transport
VIT_17s0053g00040	Vitvi05_01chr17g16900	24	mapman:Solute transport
VIT_17s0053g00380	Vitvi05_01chr17g17140	24	mapman:Solute transport
VIT_18s0001g05570	Vitvi05_01chr18g05780	24	mapman:Solute transport
VIT_18s0001g06790	Vitvi05_01chr18g06860	24	mapman:Solute transport
VIT_18s0001g08200	Vitvi05_01chr18g08790	24	mapman:Solute transport
VIT_18s0001g08270	Vitvi05_01chr18g08900	24	mapman:Solute transport
VIT_18s0001g13360	Vitvi05_01chr18g15540	24	mapman:Solute transport
VIT_18s0001g15330	Vitvi05_01chr18g18110	24	mapman:Solute transport
VIT_18s0041g00090	Vitvi05_01chr18g29370	24	mapman:Solute transport
VIT_18s0041g00550	Vitvi05_01chr18g30120	24	mapman:Solute transport
VIT_18s0041g00580	Vitvi05_01chr18g30150	24	mapman:Solute transport
VIT_18s0041g00670	Vitvi05_01chr18g30290	24	mapman:Solute transport
VIT_18s0076g00250	Vitvi05_01chr18g19450	24	mapman:Solute transport
VIT_18s0122g00850	Vitvi05_01chr18g00870	24	mapman:Solute transport
VIT_18s0157g00180	Vitvi05_01chr18g23590	24	mapman:Solute transport
VIT_19s0014g02970	Vitvi05_01chr19g04070	24	mapman:Solute transport
VIT_19s0014g04790	Vitvi05_01chr19g06620	24	mapman:Solute transport
VIT_19s0085g00740	Vitvi05_01chr19g22430	24	mapman:Solute transport
VIT_19s0090g01170	Vitvi05_01chr19g09220	24	mapman:Solute transport
VIT_00s1667g00010	Vitvi05_01chr04g12160	24.1	mapman:Solute transport.primary active transport
VIT_02s0012g01660	Vitvi05_01chr02g12230	24.1	mapman:Solute transport.primary active transport
VIT_02s0025g00990	Vitvi05_01chr02g01050	24.1	mapman:Solute transport.primary active transport
VIT_05s0020g00680	Vitvi05_01chr05g03850	24.1	mapman:Solute transport.primary active transport
VIT_05s0020g04240	Vitvi05_01chr05g08640	24.1	mapman:Solute transport.primary active transport
VIT_06s0004g01890	Vitvi05_01chr06g02970	24.1	mapman:Solute transport.primary active transport
VIT_06s0061g00350	Vitvi05_01chr06g19200	24.1	mapman:Solute transport.primary active transport
VIT_06s0061g01470	Vitvi05_01chr06g20820	24.1	mapman:Solute transport.primary active transport
VIT_07s0005g00260	Vitvi05_01chr07g05010	24.1	mapman:Solute transport.primary active transport
VIT_07s0031g02550	Vitvi05_01chr07g30900	24.1	mapman:Solute transport.primary active transport
VIT_08s0007g03710	Vitvi05_01chr08g18100	24.1	mapman:Solute transport.primary active transport
VIT_08s0007g05060	Vitvi05_01chr08g19860	24.1	mapman:Solute transport.primary active transport
VIT_09s0002g07920	Vitvi05_01chr09g10110	24.1	mapman:Solute transport.primary active transport
VIT_09s0002g07940	Vitvi05_01chr09g10130	24.1	mapman:Solute transport.primary active transport
VIT_13s0074g00690	Vitvi05_01chr13g11390	24.1	mapman:Solute transport.primary active transport
VIT_14s0108g00430	Vitvi05_01chr14g28990	24.1	mapman:Solute transport.primary active transport
VIT_16s0050g01620	Vitvi05_01chr16g17010	24.1	mapman:Solute transport.primary active transport
VIT_00s1667g00010	Vitvi05_01chr04g12160	24.1.2	mapman:Solute transport.primary active transport.P-type ATPase superfamily
VIT_05s0020g04240	Vitvi05_01chr05g08640	24.1.2	mapman:Solute transport.primary active transport.P-type ATPase superfamily
VIT_06s0004g01890	Vitvi05_01chr06g02970	24.1.2	mapman:Solute transport.primary active transport.P-type ATPase superfamily
VIT_06s0004g01890	Vitvi05_01chr06g02970	24.1.2.1	mapman:Solute transport.primary active transport.P-type ATPase superfamily.P1 family
VIT_06s0004g01890	Vitvi05_01chr06g02970	24.1.2.1.1	mapman:Solute transport.primary active transport.P-type ATPase superfamily.P1 family.P1B-type heavy metal cation-transporting ATPase *(HMA)
VIT_05s0020g04240	Vitvi05_01chr05g08640	24.1.2.2	mapman:Solute transport.primary active transport.P-type ATPase superfamily.P2 family
VIT_05s0020g04240	Vitvi05_01chr05g08640	24.1.2.2.2	mapman:Solute transport.primary active transport.P-type ATPase superfamily.P2 family.P2B-type calcium cation-transporting ATPase *(ACA)
VIT_00s1667g00010	Vitvi05_01chr04g12160	24.1.2.4	mapman:Solute transport.primary active transport.P-type ATPase superfamily.P4 family
VIT_00s1667g00010	Vitvi05_01chr04g12160	24.1.2.4.1	mapman:Solute transport.primary active transport.P-type ATPase superfamily.P4 family.phospholipid flippase complex
VIT_00s1667g00010	Vitvi05_01chr04g12160	24.1.2.4.1.2	mapman:Solute transport.primary active transport.P-type ATPase superfamily.P4 family.phospholipid flippase complex.regulatory component *(ALIS)
VIT_02s0012g01660	Vitvi05_01chr02g12230	24.1.3	mapman:Solute transport.primary active transport.ABC superfamily
VIT_02s0025g00990	Vitvi05_01chr02g01050	24.1.3	mapman:Solute transport.primary active transport.ABC superfamily
VIT_05s0020g00680	Vitvi05_01chr05g03850	24.1.3	mapman:Solute transport.primary active transport.ABC superfamily
VIT_06s0061g00350	Vitvi05_01chr06g19200	24.1.3	mapman:Solute transport.primary active transport.ABC superfamily
VIT_06s0061g01470	Vitvi05_01chr06g20820	24.1.3	mapman:Solute transport.primary active transport.ABC superfamily
VIT_07s0005g00260	Vitvi05_01chr07g05010	24.1.3	mapman:Solute transport.primary active transport.ABC superfamily
VIT_07s0031g02550	Vitvi05_01chr07g30900	24.1.3	mapman:Solute transport.primary active transport.ABC superfamily
VIT_08s0007g03710	Vitvi05_01chr08g18100	24.1.3	mapman:Solute transport.primary active transport.ABC superfamily
VIT_08s0007g05060	Vitvi05_01chr08g19860	24.1.3	mapman:Solute transport.primary active transport.ABC superfamily
VIT_13s0074g00690	Vitvi05_01chr13g11390	24.1.3	mapman:Solute transport.primary active transport.ABC superfamily
VIT_14s0108g00430	Vitvi05_01chr14g28990	24.1.3	mapman:Solute transport.primary active transport.ABC superfamily
VIT_16s0050g01620	Vitvi05_01chr16g17010	24.1.3	mapman:Solute transport.primary active transport.ABC superfamily
VIT_02s0012g01660	Vitvi05_01chr02g12230	24.1.3.1	mapman:Solute transport.primary active transport.ABC superfamily.ABC1 family
VIT_02s0025g00990	Vitvi05_01chr02g01050	24.1.3.1	mapman:Solute transport.primary active transport.ABC superfamily.ABC1 family
VIT_07s0005g00260	Vitvi05_01chr07g05010	24.1.3.1	mapman:Solute transport.primary active transport.ABC superfamily.ABC1 family
VIT_08s0007g05060	Vitvi05_01chr08g19860	24.1.3.1	mapman:Solute transport.primary active transport.ABC superfamily.ABC1 family
VIT_14s0108g00430	Vitvi05_01chr14g28990	24.1.3.1	mapman:Solute transport.primary active transport.ABC superfamily.ABC1 family
VIT_02s0012g01660	Vitvi05_01chr02g12230	24.1.3.1.1	mapman:Solute transport.primary active transport.ABC superfamily.ABC1 family.subfamily ABCB transporter
VIT_08s0007g05060	Vitvi05_01chr08g19860	24.1.3.1.1	mapman:Solute transport.primary active transport.ABC superfamily.ABC1 family.subfamily ABCB transporter
VIT_14s0108g00430	Vitvi05_01chr14g28990	24.1.3.1.1	mapman:Solute transport.primary active transport.ABC superfamily.ABC1 family.subfamily ABCB transporter
VIT_02s0025g00990	Vitvi05_01chr02g01050	24.1.3.1.2	mapman:Solute transport.primary active transport.ABC superfamily.ABC1 family.subfamily ABCC transporter
VIT_07s0005g00260	Vitvi05_01chr07g05010	24.1.3.1.2	mapman:Solute transport.primary active transport.ABC superfamily.ABC1 family.subfamily ABCC transporter
VIT_05s0020g00680	Vitvi05_01chr05g03850	24.1.3.2	mapman:Solute transport.primary active transport.ABC superfamily.ABC2 family
VIT_06s0061g00350	Vitvi05_01chr06g19200	24.1.3.2	mapman:Solute transport.primary active transport.ABC superfamily.ABC2 family
VIT_06s0061g01470	Vitvi05_01chr06g20820	24.1.3.2	mapman:Solute transport.primary active transport.ABC superfamily.ABC2 family
VIT_07s0031g02550	Vitvi05_01chr07g30900	24.1.3.2	mapman:Solute transport.primary active transport.ABC superfamily.ABC2 family
VIT_08s0007g03710	Vitvi05_01chr08g18100	24.1.3.2	mapman:Solute transport.primary active transport.ABC superfamily.ABC2 family
VIT_13s0074g00690	Vitvi05_01chr13g11390	24.1.3.2	mapman:Solute transport.primary active transport.ABC superfamily.ABC2 family
VIT_16s0050g01620	Vitvi05_01chr16g17010	24.1.3.2	mapman:Solute transport.primary active transport.ABC superfamily.ABC2 family
VIT_05s0020g00680	Vitvi05_01chr05g03850	24.1.3.2.2	mapman:Solute transport.primary active transport.ABC superfamily.ABC2 family.subfamily ABCG transporter
VIT_06s0061g00350	Vitvi05_01chr06g19200	24.1.3.2.2	mapman:Solute transport.primary active transport.ABC superfamily.ABC2 family.subfamily ABCG transporter
VIT_06s0061g01470	Vitvi05_01chr06g20820	24.1.3.2.2	mapman:Solute transport.primary active transport.ABC superfamily.ABC2 family.subfamily ABCG transporter
VIT_07s0031g02550	Vitvi05_01chr07g30900	24.1.3.2.2	mapman:Solute transport.primary active transport.ABC superfamily.ABC2 family.subfamily ABCG transporter
VIT_08s0007g03710	Vitvi05_01chr08g18100	24.1.3.2.2	mapman:Solute transport.primary active transport.ABC superfamily.ABC2 family.subfamily ABCG transporter
VIT_13s0074g00690	Vitvi05_01chr13g11390	24.1.3.2.2	mapman:Solute transport.primary active transport.ABC superfamily.ABC2 family.subfamily ABCG transporter
VIT_16s0050g01620	Vitvi05_01chr16g17010	24.1.3.2.2	mapman:Solute transport.primary active transport.ABC superfamily.ABC2 family.subfamily ABCG transporter
VIT_09s0002g07920	Vitvi05_01chr09g10110	24.1.4	mapman:Solute transport.primary active transport.VHP PPase family
VIT_09s0002g07940	Vitvi05_01chr09g10130	24.1.4	mapman:Solute transport.primary active transport.VHP PPase family
VIT_09s0002g07920	Vitvi05_01chr09g10110	24.1.4.1	mapman:Solute transport.primary active transport.VHP PPase family.proton-translocating pyrophosphatase *(VHP1)
VIT_09s0002g07940	Vitvi05_01chr09g10130	24.1.4.1	mapman:Solute transport.primary active transport.VHP PPase family.proton-translocating pyrophosphatase *(VHP1)
VIT_00s0125g00190	Vitvi05_01chr10g21280	24.2	mapman:Solute transport.carrier-mediated transport
VIT_00s0187g00130	Vitvi05_01chr10g03080	24.2	mapman:Solute transport.carrier-mediated transport
VIT_00s0225g00070	Vitvi05_01chr01g10010	24.2	mapman:Solute transport.carrier-mediated transport
VIT_00s0267g00030	Vitvi05_01chr07g17220	24.2	mapman:Solute transport.carrier-mediated transport
VIT_00s0291g00060	Vitvi05_01chr01g09900	24.2	mapman:Solute transport.carrier-mediated transport
VIT_01s0011g00590	Vitvi05_01chr01g00750	24.2	mapman:Solute transport.carrier-mediated transport
VIT_01s0011g00600	Vitvi05_01chr01g00760	24.2	mapman:Solute transport.carrier-mediated transport
VIT_01s0011g03180	Vitvi05_01chr01g03890	24.2	mapman:Solute transport.carrier-mediated transport
VIT_01s0011g03400	Vitvi05_01chr01g04180	24.2	mapman:Solute transport.carrier-mediated transport
VIT_01s0011g04210	Vitvi05_01chr01g05270	24.2	mapman:Solute transport.carrier-mediated transport
VIT_01s0011g06560	Vitvi05_01chr01g08530	24.2	mapman:Solute transport.carrier-mediated transport
VIT_01s0026g00520	Vitvi05_01chr01g12450	24.2	mapman:Solute transport.carrier-mediated transport
VIT_01s0026g00530	Vitvi05_01chr01g12460	24.2	mapman:Solute transport.carrier-mediated transport
VIT_01s0026g00740	Vitvi05_01chr01g12710	24.2	mapman:Solute transport.carrier-mediated transport
VIT_01s0146g00260	Vitvi05_01chr01g23810	24.2	mapman:Solute transport.carrier-mediated transport
VIT_01s0150g00250	Vitvi05_01chr01g24780	24.2	mapman:Solute transport.carrier-mediated transport
VIT_02s0025g00810	Vitvi05_01chr02g00840	24.2	mapman:Solute transport.carrier-mediated transport
VIT_02s0025g01230	Vitvi05_01chr02g01340	24.2	mapman:Solute transport.carrier-mediated transport
VIT_02s0025g02080	Vitvi05_01chr02g02370	24.2	mapman:Solute transport.carrier-mediated transport
VIT_02s0025g02500	Vitvi05_01chr02g02840	24.2	mapman:Solute transport.carrier-mediated transport
VIT_02s0025g03310	Vitvi05_01chr02g03870	24.2	mapman:Solute transport.carrier-mediated transport
VIT_02s0154g00260	Vitvi05_01chr02g07470	24.2	mapman:Solute transport.carrier-mediated transport
VIT_03s0038g02140	Vitvi05_01chr03g02070	24.2	mapman:Solute transport.carrier-mediated transport
VIT_03s0063g02250	Vitvi05_01chr03g05940	24.2	mapman:Solute transport.carrier-mediated transport
VIT_04s0023g00320	Vitvi05_01chr04g16050	24.2	mapman:Solute transport.carrier-mediated transport
VIT_04s0023g02730	Vitvi05_01chr04g19350	24.2	mapman:Solute transport.carrier-mediated transport
VIT_04s0044g01850	Vitvi05_01chr04g25210	24.2	mapman:Solute transport.carrier-mediated transport
VIT_04s0044g01860	Vitvi05_01chr04g25220	24.2	mapman:Solute transport.carrier-mediated transport
VIT_04s0044g01870	Vitvi05_01chr04g25240	24.2	mapman:Solute transport.carrier-mediated transport
VIT_04s0044g01880	Vitvi05_01chr04g25250	24.2	mapman:Solute transport.carrier-mediated transport
VIT_05s0020g00440	Vitvi05_01chr05g03630	24.2	mapman:Solute transport.carrier-mediated transport
VIT_05s0020g02170	Vitvi05_01chr05g05810	24.2	mapman:Solute transport.carrier-mediated transport
VIT_05s0020g03140	Vitvi05_01chr05g07090	24.2	mapman:Solute transport.carrier-mediated transport
VIT_05s0020g03970	Vitvi05_01chr05g08160	24.2	mapman:Solute transport.carrier-mediated transport
VIT_05s0049g01550	Vitvi05_01chr05g11840	24.2	mapman:Solute transport.carrier-mediated transport
VIT_05s0062g01120	Vitvi05_01chr05g20450	24.2	mapman:Solute transport.carrier-mediated transport
VIT_05s0077g02260	Vitvi05_01chr05g00160	24.2	mapman:Solute transport.carrier-mediated transport
VIT_06s0004g05910	Vitvi05_01chr06g08690	24.2	mapman:Solute transport.carrier-mediated transport
VIT_06s0004g07680	Vitvi05_01chr06g11150	24.2	mapman:Solute transport.carrier-mediated transport
VIT_06s0009g01110	Vitvi05_01chr06g14420	24.2	mapman:Solute transport.carrier-mediated transport
VIT_06s0009g01140	Vitvi05_01chr06g14530	24.2	mapman:Solute transport.carrier-mediated transport
VIT_06s0061g01210	Vitvi05_01chr06g20500	24.2	mapman:Solute transport.carrier-mediated transport
VIT_06s0061g01310	Vitvi05_01chr06g20610	24.2	mapman:Solute transport.carrier-mediated transport
VIT_07s0005g02060	Vitvi05_01chr07g07200	24.2	mapman:Solute transport.carrier-mediated transport
VIT_07s0005g03960	Vitvi05_01chr07g10040	24.2	mapman:Solute transport.carrier-mediated transport
VIT_07s0031g02340	Vitvi05_01chr07g30550	24.2	mapman:Solute transport.carrier-mediated transport
VIT_07s0104g00830	Vitvi05_01chr07g03330	24.2	mapman:Solute transport.carrier-mediated transport
VIT_07s0151g00340	Vitvi05_01chr07g01710	24.2	mapman:Solute transport.carrier-mediated transport
VIT_08s0007g01810	Vitvi05_01chr08g15530	24.2	mapman:Solute transport.carrier-mediated transport
VIT_08s0007g02020	Vitvi05_01chr08g15800	24.2	mapman:Solute transport.carrier-mediated transport
VIT_08s0007g02030	Vitvi05_01chr08g15900	24.2	mapman:Solute transport.carrier-mediated transport
VIT_08s0007g02240	Vitvi05_01chr08g16150	24.2	mapman:Solute transport.carrier-mediated transport
VIT_08s0007g04550	Vitvi05_01chr08g19080	24.2	mapman:Solute transport.carrier-mediated transport
VIT_08s0007g05210	Vitvi05_01chr08g20040	24.2	mapman:Solute transport.carrier-mediated transport
VIT_08s0007g07270	Vitvi05_01chr08g22660	24.2	mapman:Solute transport.carrier-mediated transport
VIT_08s0040g00800	Vitvi05_01chr08g09480	24.2	mapman:Solute transport.carrier-mediated transport
VIT_08s0056g01120	Vitvi05_01chr08g01530	24.2	mapman:Solute transport.carrier-mediated transport
VIT_08s0056g01480	Vitvi05_01chr08g02100	24.2	mapman:Solute transport.carrier-mediated transport
VIT_08s0058g00740	Vitvi05_01chr08g07590	24.2	mapman:Solute transport.carrier-mediated transport
VIT_09s0002g04130	Vitvi05_01chr09g04760	24.2	mapman:Solute transport.carrier-mediated transport
VIT_09s0002g04240	Vitvi05_01chr09g04900	24.2	mapman:Solute transport.carrier-mediated transport
VIT_09s0002g04500	Vitvi05_01chr09g05300	24.2	mapman:Solute transport.carrier-mediated transport
VIT_09s0002g05710	Vitvi05_01chr09g06850	24.2	mapman:Solute transport.carrier-mediated transport
VIT_09s0070g00210	Vitvi05_01chr09g14510	24.2	mapman:Solute transport.carrier-mediated transport
VIT_11s0016g04160	Vitvi05_01chr11g04970	24.2	mapman:Solute transport.carrier-mediated transport
VIT_11s0016g05110	Vitvi05_01chr11g06280	24.2	mapman:Solute transport.carrier-mediated transport
VIT_11s0052g01560	Vitvi05_01chr11g18740	24.2	mapman:Solute transport.carrier-mediated transport
VIT_11s0052g01570	Vitvi05_01chr11g18750	24.2	mapman:Solute transport.carrier-mediated transport
VIT_11s0118g00560	Vitvi05_01chr11g08310	24.2	mapman:Solute transport.carrier-mediated transport
VIT_12s0035g00910	Vitvi05_01chr12g21310	24.2	mapman:Solute transport.carrier-mediated transport
VIT_12s0035g01820	Vitvi05_01chr12g22800	24.2	mapman:Solute transport.carrier-mediated transport
VIT_12s0059g01240	Vitvi05_01chr12g07140	24.2	mapman:Solute transport.carrier-mediated transport
VIT_12s0059g02180	Vitvi05_01chr12g08340	24.2	mapman:Solute transport.carrier-mediated transport
VIT_13s0019g04660	Vitvi05_01chr13g08750	24.2	mapman:Solute transport.carrier-mediated transport
VIT_13s0019g05070	Vitvi05_01chr13g09270	24.2	mapman:Solute transport.carrier-mediated transport
VIT_13s0067g00330	Vitvi05_01chr13g00230	24.2	mapman:Solute transport.carrier-mediated transport
VIT_13s0074g00570	Vitvi05_01chr13g11140	24.2	mapman:Solute transport.carrier-mediated transport
VIT_13s0084g00090	Vitvi05_01chr13g19600	24.2	mapman:Solute transport.carrier-mediated transport
VIT_14s0030g00250	Vitvi05_01chr14g05250	24.2	mapman:Solute transport.carrier-mediated transport
VIT_14s0030g00340	Vitvi05_01chr14g05360	24.2	mapman:Solute transport.carrier-mediated transport
VIT_14s0066g00850	Vitvi05_01chr14g26230	24.2	mapman:Solute transport.carrier-mediated transport
VIT_14s0066g01580	Vitvi05_01chr14g27070	24.2	mapman:Solute transport.carrier-mediated transport
VIT_14s0066g01640	Vitvi05_01chr14g27150	24.2	mapman:Solute transport.carrier-mediated transport
VIT_14s0068g01870	Vitvi05_01chr14g23250	24.2	mapman:Solute transport.carrier-mediated transport
VIT_14s0068g02190	Vitvi05_01chr14g23590	24.2	mapman:Solute transport.carrier-mediated transport
VIT_14s0108g01130	Vitvi05_01chr14g29720	24.2	mapman:Solute transport.carrier-mediated transport
VIT_14s0171g00400	Vitvi05_01chr14g24460	24.2	mapman:Solute transport.carrier-mediated transport
VIT_16s0050g00910	Vitvi05_01chr16g16100	24.2	mapman:Solute transport.carrier-mediated transport
VIT_16s0098g01290	Vitvi05_01chr16g21570	24.2	mapman:Solute transport.carrier-mediated transport
VIT_17s0000g00820	Vitvi05_01chr17g00920	24.2	mapman:Solute transport.carrier-mediated transport
VIT_17s0000g00830	Vitvi05_01chr17g00930	24.2	mapman:Solute transport.carrier-mediated transport
VIT_17s0000g01160	Vitvi05_01chr17g01300	24.2	mapman:Solute transport.carrier-mediated transport
VIT_17s0000g01930	Vitvi05_01chr17g02250	24.2	mapman:Solute transport.carrier-mediated transport
VIT_17s0000g02970	Vitvi05_01chr17g03740	24.2	mapman:Solute transport.carrier-mediated transport
VIT_17s0000g07850	Vitvi05_01chr17g11590	24.2	mapman:Solute transport.carrier-mediated transport
VIT_17s0000g08530	Vitvi05_01chr17g12370	24.2	mapman:Solute transport.carrier-mediated transport
VIT_17s0053g00040	Vitvi05_01chr17g16900	24.2	mapman:Solute transport.carrier-mediated transport
VIT_17s0053g00380	Vitvi05_01chr17g17140	24.2	mapman:Solute transport.carrier-mediated transport
VIT_18s0001g05570	Vitvi05_01chr18g05780	24.2	mapman:Solute transport.carrier-mediated transport
VIT_18s0001g06790	Vitvi05_01chr18g06860	24.2	mapman:Solute transport.carrier-mediated transport
VIT_18s0001g08200	Vitvi05_01chr18g08790	24.2	mapman:Solute transport.carrier-mediated transport
VIT_18s0001g08270	Vitvi05_01chr18g08900	24.2	mapman:Solute transport.carrier-mediated transport
VIT_18s0001g13360	Vitvi05_01chr18g15540	24.2	mapman:Solute transport.carrier-mediated transport
VIT_18s0001g15330	Vitvi05_01chr18g18110	24.2	mapman:Solute transport.carrier-mediated transport
VIT_18s0041g00090	Vitvi05_01chr18g29370	24.2	mapman:Solute transport.carrier-mediated transport
VIT_18s0041g00550	Vitvi05_01chr18g30120	24.2	mapman:Solute transport.carrier-mediated transport
VIT_18s0041g00580	Vitvi05_01chr18g30150	24.2	mapman:Solute transport.carrier-mediated transport
VIT_18s0041g00670	Vitvi05_01chr18g30290	24.2	mapman:Solute transport.carrier-mediated transport
VIT_18s0076g00250	Vitvi05_01chr18g19450	24.2	mapman:Solute transport.carrier-mediated transport
VIT_18s0122g00850	Vitvi05_01chr18g00870	24.2	mapman:Solute transport.carrier-mediated transport
VIT_18s0157g00180	Vitvi05_01chr18g23590	24.2	mapman:Solute transport.carrier-mediated transport
VIT_19s0014g02970	Vitvi05_01chr19g04070	24.2	mapman:Solute transport.carrier-mediated transport
VIT_19s0014g04790	Vitvi05_01chr19g06620	24.2	mapman:Solute transport.carrier-mediated transport
VIT_19s0085g00740	Vitvi05_01chr19g22430	24.2	mapman:Solute transport.carrier-mediated transport
VIT_19s0090g01170	Vitvi05_01chr19g09220	24.2	mapman:Solute transport.carrier-mediated transport
VIT_01s0011g00590	Vitvi05_01chr01g00750	24.2.1	mapman:Solute transport.carrier-mediated transport.DMT superfamily
VIT_01s0011g00600	Vitvi05_01chr01g00760	24.2.1	mapman:Solute transport.carrier-mediated transport.DMT superfamily
VIT_01s0026g00520	Vitvi05_01chr01g12450	24.2.1	mapman:Solute transport.carrier-mediated transport.DMT superfamily
VIT_01s0026g00530	Vitvi05_01chr01g12460	24.2.1	mapman:Solute transport.carrier-mediated transport.DMT superfamily
VIT_04s0023g02730	Vitvi05_01chr04g19350	24.2.1	mapman:Solute transport.carrier-mediated transport.DMT superfamily
VIT_06s0004g05910	Vitvi05_01chr06g08690	24.2.1	mapman:Solute transport.carrier-mediated transport.DMT superfamily
VIT_08s0040g00800	Vitvi05_01chr08g09480	24.2.1	mapman:Solute transport.carrier-mediated transport.DMT superfamily
VIT_13s0084g00090	Vitvi05_01chr13g19600	24.2.1	mapman:Solute transport.carrier-mediated transport.DMT superfamily
VIT_14s0066g01640	Vitvi05_01chr14g27150	24.2.1	mapman:Solute transport.carrier-mediated transport.DMT superfamily
VIT_18s0001g13360	Vitvi05_01chr18g15540	24.2.1	mapman:Solute transport.carrier-mediated transport.DMT superfamily
VIT_01s0011g00590	Vitvi05_01chr01g00750	24.2.1.1	mapman:Solute transport.carrier-mediated transport.DMT superfamily.NST-TPT group
VIT_01s0011g00600	Vitvi05_01chr01g00760	24.2.1.1	mapman:Solute transport.carrier-mediated transport.DMT superfamily.NST-TPT group
VIT_06s0004g05910	Vitvi05_01chr06g08690	24.2.1.1	mapman:Solute transport.carrier-mediated transport.DMT superfamily.NST-TPT group
VIT_01s0011g00590	Vitvi05_01chr01g00750	24.2.1.1.1	mapman:Solute transport.carrier-mediated transport.DMT superfamily.NST-TPT group.phosphometabolite transporter *(TPT/PPT/GPT/XPT)
VIT_01s0011g00600	Vitvi05_01chr01g00760	24.2.1.1.1	mapman:Solute transport.carrier-mediated transport.DMT superfamily.NST-TPT group.phosphometabolite transporter *(TPT/PPT/GPT/XPT)
VIT_06s0004g05910	Vitvi05_01chr06g08690	24.2.1.1.11	mapman:Solute transport.carrier-mediated transport.DMT superfamily.NST-TPT group.nucleotide sugar transporter *(UUAT)
VIT_01s0026g00520	Vitvi05_01chr01g12450	24.2.1.5	mapman:Solute transport.carrier-mediated transport.DMT superfamily.solute transporter *(UmamiT)
VIT_01s0026g00530	Vitvi05_01chr01g12460	24.2.1.5	mapman:Solute transport.carrier-mediated transport.DMT superfamily.solute transporter *(UmamiT)
VIT_04s0023g02730	Vitvi05_01chr04g19350	24.2.1.5	mapman:Solute transport.carrier-mediated transport.DMT superfamily.solute transporter *(UmamiT)
VIT_08s0040g00800	Vitvi05_01chr08g09480	24.2.1.5	mapman:Solute transport.carrier-mediated transport.DMT superfamily.solute transporter *(UmamiT)
VIT_13s0084g00090	Vitvi05_01chr13g19600	24.2.1.5	mapman:Solute transport.carrier-mediated transport.DMT superfamily.solute transporter *(UmamiT)
VIT_14s0066g01640	Vitvi05_01chr14g27150	24.2.1.5	mapman:Solute transport.carrier-mediated transport.DMT superfamily.solute transporter *(UmamiT)
VIT_18s0001g13360	Vitvi05_01chr18g15540	24.2.1.5	mapman:Solute transport.carrier-mediated transport.DMT superfamily.solute transporter *(UmamiT)
VIT_02s0025g02500	Vitvi05_01chr02g02840	24.2.10	mapman:Solute transport.carrier-mediated transport.OPT family
VIT_17s0053g00040	Vitvi05_01chr17g16900	24.2.10	mapman:Solute transport.carrier-mediated transport.OPT family
VIT_17s0053g00380	Vitvi05_01chr17g17140	24.2.10	mapman:Solute transport.carrier-mediated transport.OPT family
VIT_02s0025g02500	Vitvi05_01chr02g02840	24.2.10.1	mapman:Solute transport.carrier-mediated transport.OPT family.iron chelator transporter *(YSL)
VIT_17s0053g00040	Vitvi05_01chr17g16900	24.2.10.1	mapman:Solute transport.carrier-mediated transport.OPT family.iron chelator transporter *(YSL)
VIT_17s0053g00380	Vitvi05_01chr17g17140	24.2.10.1	mapman:Solute transport.carrier-mediated transport.OPT family.iron chelator transporter *(YSL)
VIT_19s0085g00740	Vitvi05_01chr19g22430	24.2.11	mapman:Solute transport.carrier-mediated transport.ZIP family
VIT_19s0085g00740	Vitvi05_01chr19g22430	24.2.11.1	mapman:Solute transport.carrier-mediated transport.ZIP family.metal cation transporter *(ZIP)
VIT_00s0267g00030	Vitvi05_01chr07g17220	24.2.12	mapman:Solute transport.carrier-mediated transport.VIT family
VIT_00s0267g00030	Vitvi05_01chr07g17220	24.2.12.2	mapman:Solute transport.carrier-mediated transport.VIT family.metal cation transporter *(MEB)
VIT_08s0007g07270	Vitvi05_01chr08g22660	24.2.13	mapman:Solute transport.carrier-mediated transport.MTCC family
VIT_09s0002g04500	Vitvi05_01chr09g05300	24.2.13	mapman:Solute transport.carrier-mediated transport.MTCC family
VIT_11s0016g05110	Vitvi05_01chr11g06280	24.2.13	mapman:Solute transport.carrier-mediated transport.MTCC family
VIT_18s0157g00180	Vitvi05_01chr18g23590	24.2.13	mapman:Solute transport.carrier-mediated transport.MTCC family
VIT_11s0016g05110	Vitvi05_01chr11g06280	24.2.13.10	mapman:Solute transport.carrier-mediated transport.MTCC family.nucleotide transporter *(BT)
VIT_08s0007g07270	Vitvi05_01chr08g22660	24.2.13.14	mapman:Solute transport.carrier-mediated transport.MTCC family.mitochondrial dicarboxylate carrier *(DTC)
VIT_09s0002g04500	Vitvi05_01chr09g05300	24.2.13.23	mapman:Solute transport.carrier-mediated transport.MTCC family.basic amino acid transporter *(BAC1/2)
VIT_18s0157g00180	Vitvi05_01chr18g23590	24.2.13.6	mapman:Solute transport.carrier-mediated transport.MTCC family.S-adenosylmethionine transporter *(SAMC)
VIT_14s0068g02190	Vitvi05_01chr14g23590	24.2.15	mapman:Solute transport.carrier-mediated transport.anion channel / anion:proton antiporter *(CLC)
VIT_00s0291g00060	Vitvi05_01chr01g09900	24.2.17	mapman:Solute transport.carrier-mediated transport.phosphate transporter *(PHT2)
VIT_01s0011g03400	Vitvi05_01chr01g04180	24.2.2	mapman:Solute transport.carrier-mediated transport.MFS superfamily
VIT_01s0150g00250	Vitvi05_01chr01g24780	24.2.2	mapman:Solute transport.carrier-mediated transport.MFS superfamily
VIT_02s0154g00260	Vitvi05_01chr02g07470	24.2.2	mapman:Solute transport.carrier-mediated transport.MFS superfamily
VIT_03s0063g02250	Vitvi05_01chr03g05940	24.2.2	mapman:Solute transport.carrier-mediated transport.MFS superfamily
VIT_05s0020g02170	Vitvi05_01chr05g05810	24.2.2	mapman:Solute transport.carrier-mediated transport.MFS superfamily
VIT_05s0020g03140	Vitvi05_01chr05g07090	24.2.2	mapman:Solute transport.carrier-mediated transport.MFS superfamily
VIT_05s0049g01550	Vitvi05_01chr05g11840	24.2.2	mapman:Solute transport.carrier-mediated transport.MFS superfamily
VIT_06s0004g07680	Vitvi05_01chr06g11150	24.2.2	mapman:Solute transport.carrier-mediated transport.MFS superfamily
VIT_07s0005g03960	Vitvi05_01chr07g10040	24.2.2	mapman:Solute transport.carrier-mediated transport.MFS superfamily
VIT_07s0104g00830	Vitvi05_01chr07g03330	24.2.2	mapman:Solute transport.carrier-mediated transport.MFS superfamily
VIT_08s0007g01810	Vitvi05_01chr08g15530	24.2.2	mapman:Solute transport.carrier-mediated transport.MFS superfamily
VIT_08s0007g02020	Vitvi05_01chr08g15800	24.2.2	mapman:Solute transport.carrier-mediated transport.MFS superfamily
VIT_08s0058g00740	Vitvi05_01chr08g07590	24.2.2	mapman:Solute transport.carrier-mediated transport.MFS superfamily
VIT_09s0002g04130	Vitvi05_01chr09g04760	24.2.2	mapman:Solute transport.carrier-mediated transport.MFS superfamily
VIT_09s0002g05710	Vitvi05_01chr09g06850	24.2.2	mapman:Solute transport.carrier-mediated transport.MFS superfamily
VIT_11s0118g00560	Vitvi05_01chr11g08310	24.2.2	mapman:Solute transport.carrier-mediated transport.MFS superfamily
VIT_12s0035g01820	Vitvi05_01chr12g22800	24.2.2	mapman:Solute transport.carrier-mediated transport.MFS superfamily
VIT_12s0059g01240	Vitvi05_01chr12g07140	24.2.2	mapman:Solute transport.carrier-mediated transport.MFS superfamily
VIT_13s0019g05070	Vitvi05_01chr13g09270	24.2.2	mapman:Solute transport.carrier-mediated transport.MFS superfamily
VIT_14s0030g00250	Vitvi05_01chr14g05250	24.2.2	mapman:Solute transport.carrier-mediated transport.MFS superfamily
VIT_14s0030g00340	Vitvi05_01chr14g05360	24.2.2	mapman:Solute transport.carrier-mediated transport.MFS superfamily
VIT_14s0066g00850	Vitvi05_01chr14g26230	24.2.2	mapman:Solute transport.carrier-mediated transport.MFS superfamily
VIT_14s0068g01870	Vitvi05_01chr14g23250	24.2.2	mapman:Solute transport.carrier-mediated transport.MFS superfamily
VIT_16s0098g01290	Vitvi05_01chr16g21570	24.2.2	mapman:Solute transport.carrier-mediated transport.MFS superfamily
VIT_17s0000g01160	Vitvi05_01chr17g01300	24.2.2	mapman:Solute transport.carrier-mediated transport.MFS superfamily
VIT_18s0001g05570	Vitvi05_01chr18g05780	24.2.2	mapman:Solute transport.carrier-mediated transport.MFS superfamily
VIT_18s0041g00550	Vitvi05_01chr18g30120	24.2.2	mapman:Solute transport.carrier-mediated transport.MFS superfamily
VIT_18s0041g00580	Vitvi05_01chr18g30150	24.2.2	mapman:Solute transport.carrier-mediated transport.MFS superfamily
VIT_18s0041g00670	Vitvi05_01chr18g30290	24.2.2	mapman:Solute transport.carrier-mediated transport.MFS superfamily
VIT_18s0076g00250	Vitvi05_01chr18g19450	24.2.2	mapman:Solute transport.carrier-mediated transport.MFS superfamily
VIT_18s0122g00850	Vitvi05_01chr18g00870	24.2.2	mapman:Solute transport.carrier-mediated transport.MFS superfamily
VIT_19s0014g04790	Vitvi05_01chr19g06620	24.2.2	mapman:Solute transport.carrier-mediated transport.MFS superfamily
VIT_03s0063g02250	Vitvi05_01chr03g05940	24.2.2.1	mapman:Solute transport.carrier-mediated transport.MFS superfamily.sugar transporter SP family
VIT_05s0020g02170	Vitvi05_01chr05g05810	24.2.2.1	mapman:Solute transport.carrier-mediated transport.MFS superfamily.sugar transporter SP family
VIT_05s0020g03140	Vitvi05_01chr05g07090	24.2.2.1	mapman:Solute transport.carrier-mediated transport.MFS superfamily.sugar transporter SP family
VIT_07s0104g00830	Vitvi05_01chr07g03330	24.2.2.1	mapman:Solute transport.carrier-mediated transport.MFS superfamily.sugar transporter SP family
VIT_14s0030g00250	Vitvi05_01chr14g05250	24.2.2.1	mapman:Solute transport.carrier-mediated transport.MFS superfamily.sugar transporter SP family
VIT_14s0030g00340	Vitvi05_01chr14g05360	24.2.2.1	mapman:Solute transport.carrier-mediated transport.MFS superfamily.sugar transporter SP family
VIT_18s0001g05570	Vitvi05_01chr18g05780	24.2.2.1	mapman:Solute transport.carrier-mediated transport.MFS superfamily.sugar transporter SP family
VIT_18s0122g00850	Vitvi05_01chr18g00870	24.2.2.1	mapman:Solute transport.carrier-mediated transport.MFS superfamily.sugar transporter SP family
VIT_18s0122g00850	Vitvi05_01chr18g00870	24.2.2.1.4	mapman:Solute transport.carrier-mediated transport.MFS superfamily.sugar transporter SP family.monosaccharide transporter *(AZT)
VIT_05s0020g02170	Vitvi05_01chr05g05810	24.2.2.1.5	mapman:Solute transport.carrier-mediated transport.MFS superfamily.sugar transporter SP family.monosaccharide transporter *(ERD6)
VIT_07s0104g00830	Vitvi05_01chr07g03330	24.2.2.1.5	mapman:Solute transport.carrier-mediated transport.MFS superfamily.sugar transporter SP family.monosaccharide transporter *(ERD6)
VIT_14s0030g00250	Vitvi05_01chr14g05250	24.2.2.1.5	mapman:Solute transport.carrier-mediated transport.MFS superfamily.sugar transporter SP family.monosaccharide transporter *(ERD6)
VIT_14s0030g00340	Vitvi05_01chr14g05360	24.2.2.1.5	mapman:Solute transport.carrier-mediated transport.MFS superfamily.sugar transporter SP family.monosaccharide transporter *(ERD6)
VIT_05s0020g03140	Vitvi05_01chr05g07090	24.2.2.1.6	mapman:Solute transport.carrier-mediated transport.MFS superfamily.sugar transporter SP family.monosaccharide transporter *(STP)
VIT_18s0001g05570	Vitvi05_01chr18g05780	24.2.2.1.6	mapman:Solute transport.carrier-mediated transport.MFS superfamily.sugar transporter SP family.monosaccharide transporter *(STP)
VIT_03s0063g02250	Vitvi05_01chr03g05940	24.2.2.1.7	mapman:Solute transport.carrier-mediated transport.MFS superfamily.sugar transporter SP family.polyol/monosaccharide transporter *(PLT)
VIT_14s0066g00850	Vitvi05_01chr14g26230	24.2.2.10	mapman:Solute transport.carrier-mediated transport.MFS superfamily.nitrate transporter *(NRT2)
VIT_08s0058g00740	Vitvi05_01chr08g07590	24.2.2.13	mapman:Solute transport.carrier-mediated transport.MFS superfamily.iron-regulated metal cation transporter *(FPN)
VIT_09s0002g05710	Vitvi05_01chr09g06850	24.2.2.14	mapman:Solute transport.carrier-mediated transport.MFS superfamily.ATP:ADP antiporter *(NTT)
VIT_16s0098g01290	Vitvi05_01chr16g21570	24.2.2.15	mapman:Solute transport.carrier-mediated transport.MFS superfamily.S-adenosyl methionine/molybdate transporter *(GOSAMT/MOT2)
VIT_06s0004g07680	Vitvi05_01chr06g11150	24.2.2.17	mapman:Solute transport.carrier-mediated transport.MFS superfamily.UMF23-type solute transporter
VIT_11s0118g00560	Vitvi05_01chr11g08310	24.2.2.17	mapman:Solute transport.carrier-mediated transport.MFS superfamily.UMF23-type solute transporter
VIT_13s0019g05070	Vitvi05_01chr13g09270	24.2.2.17	mapman:Solute transport.carrier-mediated transport.MFS superfamily.UMF23-type solute transporter
VIT_14s0068g01870	Vitvi05_01chr14g23250	24.2.2.17	mapman:Solute transport.carrier-mediated transport.MFS superfamily.UMF23-type solute transporter
VIT_17s0000g01160	Vitvi05_01chr17g01300	24.2.2.17	mapman:Solute transport.carrier-mediated transport.MFS superfamily.UMF23-type solute transporter
VIT_19s0014g04790	Vitvi05_01chr19g06620	24.2.2.3	mapman:Solute transport.carrier-mediated transport.MFS superfamily.cation transporter OCT family
VIT_19s0014g04790	Vitvi05_01chr19g06620	24.2.2.3.2	mapman:Solute transport.carrier-mediated transport.MFS superfamily.cation transporter OCT family.organic cation transporter *(OCT)
VIT_18s0076g00250	Vitvi05_01chr18g19450	24.2.2.4	mapman:Solute transport.carrier-mediated transport.MFS superfamily.sugar transporter *(SUT/SUC)
VIT_08s0007g01810	Vitvi05_01chr08g15530	24.2.2.7	mapman:Solute transport.carrier-mediated transport.MFS superfamily.phosphate transporter *(PHT4)
VIT_01s0011g03400	Vitvi05_01chr01g04180	24.2.2.9	mapman:Solute transport.carrier-mediated transport.MFS superfamily.anion transporter *(NRT1/PTR)
VIT_01s0150g00250	Vitvi05_01chr01g24780	24.2.2.9	mapman:Solute transport.carrier-mediated transport.MFS superfamily.anion transporter *(NRT1/PTR)
VIT_02s0154g00260	Vitvi05_01chr02g07470	24.2.2.9	mapman:Solute transport.carrier-mediated transport.MFS superfamily.anion transporter *(NRT1/PTR)
VIT_05s0049g01550	Vitvi05_01chr05g11840	24.2.2.9	mapman:Solute transport.carrier-mediated transport.MFS superfamily.anion transporter *(NRT1/PTR)
VIT_07s0005g03960	Vitvi05_01chr07g10040	24.2.2.9	mapman:Solute transport.carrier-mediated transport.MFS superfamily.anion transporter *(NRT1/PTR)
VIT_08s0007g02020	Vitvi05_01chr08g15800	24.2.2.9	mapman:Solute transport.carrier-mediated transport.MFS superfamily.anion transporter *(NRT1/PTR)
VIT_09s0002g04130	Vitvi05_01chr09g04760	24.2.2.9	mapman:Solute transport.carrier-mediated transport.MFS superfamily.anion transporter *(NRT1/PTR)
VIT_12s0035g01820	Vitvi05_01chr12g22800	24.2.2.9	mapman:Solute transport.carrier-mediated transport.MFS superfamily.anion transporter *(NRT1/PTR)
VIT_12s0059g01240	Vitvi05_01chr12g07140	24.2.2.9	mapman:Solute transport.carrier-mediated transport.MFS superfamily.anion transporter *(NRT1/PTR)
VIT_18s0041g00550	Vitvi05_01chr18g30120	24.2.2.9	mapman:Solute transport.carrier-mediated transport.MFS superfamily.anion transporter *(NRT1/PTR)
VIT_18s0041g00580	Vitvi05_01chr18g30150	24.2.2.9	mapman:Solute transport.carrier-mediated transport.MFS superfamily.anion transporter *(NRT1/PTR)
VIT_18s0041g00670	Vitvi05_01chr18g30290	24.2.2.9	mapman:Solute transport.carrier-mediated transport.MFS superfamily.anion transporter *(NRT1/PTR)
VIT_19s0090g01170	Vitvi05_01chr19g09220	24.2.22	mapman:Solute transport.carrier-mediated transport.MPC pyruvate carrier complex
VIT_19s0090g01170	Vitvi05_01chr19g09220	24.2.22.2	mapman:Solute transport.carrier-mediated transport.MPC pyruvate carrier complex.component *(MPC2)
VIT_19s0014g02970	Vitvi05_01chr19g04070	24.2.25	mapman:Solute transport.carrier-mediated transport.choline transporter *(CHER/CTL1)
VIT_00s0125g00190	Vitvi05_01chr10g21280	24.2.3	mapman:Solute transport.carrier-mediated transport.APC superfamily
VIT_01s0011g03180	Vitvi05_01chr01g03890	24.2.3	mapman:Solute transport.carrier-mediated transport.APC superfamily
VIT_01s0011g04210	Vitvi05_01chr01g05270	24.2.3	mapman:Solute transport.carrier-mediated transport.APC superfamily
VIT_01s0011g06560	Vitvi05_01chr01g08530	24.2.3	mapman:Solute transport.carrier-mediated transport.APC superfamily
VIT_01s0026g00740	Vitvi05_01chr01g12710	24.2.3	mapman:Solute transport.carrier-mediated transport.APC superfamily
VIT_02s0025g01230	Vitvi05_01chr02g01340	24.2.3	mapman:Solute transport.carrier-mediated transport.APC superfamily
VIT_03s0038g02140	Vitvi05_01chr03g02070	24.2.3	mapman:Solute transport.carrier-mediated transport.APC superfamily
VIT_05s0020g00440	Vitvi05_01chr05g03630	24.2.3	mapman:Solute transport.carrier-mediated transport.APC superfamily
VIT_05s0020g03970	Vitvi05_01chr05g08160	24.2.3	mapman:Solute transport.carrier-mediated transport.APC superfamily
VIT_06s0009g01140	Vitvi05_01chr06g14530	24.2.3	mapman:Solute transport.carrier-mediated transport.APC superfamily
VIT_06s0061g01210	Vitvi05_01chr06g20500	24.2.3	mapman:Solute transport.carrier-mediated transport.APC superfamily
VIT_06s0061g01310	Vitvi05_01chr06g20610	24.2.3	mapman:Solute transport.carrier-mediated transport.APC superfamily
VIT_07s0005g02060	Vitvi05_01chr07g07200	24.2.3	mapman:Solute transport.carrier-mediated transport.APC superfamily
VIT_07s0031g02340	Vitvi05_01chr07g30550	24.2.3	mapman:Solute transport.carrier-mediated transport.APC superfamily
VIT_07s0151g00340	Vitvi05_01chr07g01710	24.2.3	mapman:Solute transport.carrier-mediated transport.APC superfamily
VIT_08s0007g02030	Vitvi05_01chr08g15900	24.2.3	mapman:Solute transport.carrier-mediated transport.APC superfamily
VIT_08s0007g04550	Vitvi05_01chr08g19080	24.2.3	mapman:Solute transport.carrier-mediated transport.APC superfamily
VIT_08s0007g05210	Vitvi05_01chr08g20040	24.2.3	mapman:Solute transport.carrier-mediated transport.APC superfamily
VIT_09s0070g00210	Vitvi05_01chr09g14510	24.2.3	mapman:Solute transport.carrier-mediated transport.APC superfamily
VIT_11s0016g04160	Vitvi05_01chr11g04970	24.2.3	mapman:Solute transport.carrier-mediated transport.APC superfamily
VIT_13s0019g04660	Vitvi05_01chr13g08750	24.2.3	mapman:Solute transport.carrier-mediated transport.APC superfamily
VIT_13s0067g00330	Vitvi05_01chr13g00230	24.2.3	mapman:Solute transport.carrier-mediated transport.APC superfamily
VIT_13s0074g00570	Vitvi05_01chr13g11140	24.2.3	mapman:Solute transport.carrier-mediated transport.APC superfamily
VIT_14s0066g01580	Vitvi05_01chr14g27070	24.2.3	mapman:Solute transport.carrier-mediated transport.APC superfamily
VIT_14s0171g00400	Vitvi05_01chr14g24460	24.2.3	mapman:Solute transport.carrier-mediated transport.APC superfamily
VIT_17s0000g01930	Vitvi05_01chr17g02250	24.2.3	mapman:Solute transport.carrier-mediated transport.APC superfamily
VIT_17s0000g07850	Vitvi05_01chr17g11590	24.2.3	mapman:Solute transport.carrier-mediated transport.APC superfamily
VIT_17s0000g08530	Vitvi05_01chr17g12370	24.2.3	mapman:Solute transport.carrier-mediated transport.APC superfamily
VIT_18s0001g08270	Vitvi05_01chr18g08900	24.2.3	mapman:Solute transport.carrier-mediated transport.APC superfamily
VIT_05s0020g03970	Vitvi05_01chr05g08160	24.2.3.1	mapman:Solute transport.carrier-mediated transport.APC superfamily.SulP family
VIT_07s0151g00340	Vitvi05_01chr07g01710	24.2.3.1	mapman:Solute transport.carrier-mediated transport.APC superfamily.SulP family
VIT_11s0016g04160	Vitvi05_01chr11g04970	24.2.3.1	mapman:Solute transport.carrier-mediated transport.APC superfamily.SulP family
VIT_05s0020g03970	Vitvi05_01chr05g08160	24.2.3.1.1	mapman:Solute transport.carrier-mediated transport.APC superfamily.SulP family.sulfate transporter *(SULTR)
VIT_07s0151g00340	Vitvi05_01chr07g01710	24.2.3.1.1	mapman:Solute transport.carrier-mediated transport.APC superfamily.SulP family.sulfate transporter *(SULTR)
VIT_11s0016g04160	Vitvi05_01chr11g04970	24.2.3.1.1	mapman:Solute transport.carrier-mediated transport.APC superfamily.SulP family.sulfate transporter *(SULTR)
VIT_09s0070g00210	Vitvi05_01chr09g14510	24.2.3.10	mapman:Solute transport.carrier-mediated transport.APC superfamily.metal cation transporter *(NRAMP)
VIT_00s0125g00190	Vitvi05_01chr10g21280	24.2.3.11	mapman:Solute transport.carrier-mediated transport.APC superfamily.potassium cation transporter *(HAK/KUP/KT)
VIT_01s0011g06560	Vitvi05_01chr01g08530	24.2.3.11	mapman:Solute transport.carrier-mediated transport.APC superfamily.potassium cation transporter *(HAK/KUP/KT)
VIT_14s0066g01580	Vitvi05_01chr14g27070	24.2.3.11	mapman:Solute transport.carrier-mediated transport.APC superfamily.potassium cation transporter *(HAK/KUP/KT)
VIT_17s0000g01930	Vitvi05_01chr17g02250	24.2.3.11	mapman:Solute transport.carrier-mediated transport.APC superfamily.potassium cation transporter *(HAK/KUP/KT)
VIT_08s0007g04550	Vitvi05_01chr08g19080	24.2.3.2	mapman:Solute transport.carrier-mediated transport.APC superfamily.NCS-1 family
VIT_08s0007g04550	Vitvi05_01chr08g19080	24.2.3.2.1	mapman:Solute transport.carrier-mediated transport.APC superfamily.NCS-1 family.nucleobase cation transporter *(PLUTO)
VIT_01s0026g00740	Vitvi05_01chr01g12710	24.2.3.3	mapman:Solute transport.carrier-mediated transport.APC superfamily.NCS-2 family
VIT_06s0061g01310	Vitvi05_01chr06g20610	24.2.3.3	mapman:Solute transport.carrier-mediated transport.APC superfamily.NCS-2 family
VIT_17s0000g07850	Vitvi05_01chr17g11590	24.2.3.3	mapman:Solute transport.carrier-mediated transport.APC superfamily.NCS-2 family
VIT_01s0026g00740	Vitvi05_01chr01g12710	24.2.3.3.2	mapman:Solute transport.carrier-mediated transport.APC superfamily.NCS-2 family.solute transporter *(NAT)
VIT_06s0061g01310	Vitvi05_01chr06g20610	24.2.3.3.2	mapman:Solute transport.carrier-mediated transport.APC superfamily.NCS-2 family.solute transporter *(NAT)
VIT_17s0000g07850	Vitvi05_01chr17g11590	24.2.3.3.2	mapman:Solute transport.carrier-mediated transport.APC superfamily.NCS-2 family.solute transporter *(NAT)
VIT_01s0011g03180	Vitvi05_01chr01g03890	24.2.3.4	mapman:Solute transport.carrier-mediated transport.APC superfamily.AAAP family
VIT_02s0025g01230	Vitvi05_01chr02g01340	24.2.3.4	mapman:Solute transport.carrier-mediated transport.APC superfamily.AAAP family
VIT_03s0038g02140	Vitvi05_01chr03g02070	24.2.3.4	mapman:Solute transport.carrier-mediated transport.APC superfamily.AAAP family
VIT_06s0009g01140	Vitvi05_01chr06g14530	24.2.3.4	mapman:Solute transport.carrier-mediated transport.APC superfamily.AAAP family
VIT_06s0061g01210	Vitvi05_01chr06g20500	24.2.3.4	mapman:Solute transport.carrier-mediated transport.APC superfamily.AAAP family
VIT_07s0031g02340	Vitvi05_01chr07g30550	24.2.3.4	mapman:Solute transport.carrier-mediated transport.APC superfamily.AAAP family
VIT_08s0007g02030	Vitvi05_01chr08g15900	24.2.3.4	mapman:Solute transport.carrier-mediated transport.APC superfamily.AAAP family
VIT_08s0007g05210	Vitvi05_01chr08g20040	24.2.3.4	mapman:Solute transport.carrier-mediated transport.APC superfamily.AAAP family
VIT_13s0019g04660	Vitvi05_01chr13g08750	24.2.3.4	mapman:Solute transport.carrier-mediated transport.APC superfamily.AAAP family
VIT_13s0067g00330	Vitvi05_01chr13g00230	24.2.3.4	mapman:Solute transport.carrier-mediated transport.APC superfamily.AAAP family
VIT_13s0074g00570	Vitvi05_01chr13g11140	24.2.3.4	mapman:Solute transport.carrier-mediated transport.APC superfamily.AAAP family
VIT_14s0171g00400	Vitvi05_01chr14g24460	24.2.3.4	mapman:Solute transport.carrier-mediated transport.APC superfamily.AAAP family
VIT_18s0001g08270	Vitvi05_01chr18g08900	24.2.3.4	mapman:Solute transport.carrier-mediated transport.APC superfamily.AAAP family
VIT_07s0031g02340	Vitvi05_01chr07g30550	24.2.3.4.1	mapman:Solute transport.carrier-mediated transport.APC superfamily.AAAP family.amino acid transporter *(AAP)
VIT_18s0001g08270	Vitvi05_01chr18g08900	24.2.3.4.1	mapman:Solute transport.carrier-mediated transport.APC superfamily.AAAP family.amino acid transporter *(AAP)
VIT_01s0011g03180	Vitvi05_01chr01g03890	24.2.3.4.2	mapman:Solute transport.carrier-mediated transport.APC superfamily.AAAP family.amino acid transporter *(LHT)
VIT_14s0171g00400	Vitvi05_01chr14g24460	24.2.3.4.2	mapman:Solute transport.carrier-mediated transport.APC superfamily.AAAP family.amino acid transporter *(LHT)
VIT_03s0038g02140	Vitvi05_01chr03g02070	24.2.3.4.5	mapman:Solute transport.carrier-mediated transport.APC superfamily.AAAP family.auxin transporter *(AUX/LAX)
VIT_08s0007g02030	Vitvi05_01chr08g15900	24.2.3.4.5	mapman:Solute transport.carrier-mediated transport.APC superfamily.AAAP family.auxin transporter *(AUX/LAX)
VIT_13s0067g00330	Vitvi05_01chr13g00230	24.2.3.4.5	mapman:Solute transport.carrier-mediated transport.APC superfamily.AAAP family.auxin transporter *(AUX/LAX)
VIT_02s0025g01230	Vitvi05_01chr02g01340	24.2.3.4.6	mapman:Solute transport.carrier-mediated transport.APC superfamily.AAAP family.gamma-aminobutyric acid transporter *(GAT)
VIT_06s0061g01210	Vitvi05_01chr06g20500	24.2.3.4.6	mapman:Solute transport.carrier-mediated transport.APC superfamily.AAAP family.gamma-aminobutyric acid transporter *(GAT)
VIT_13s0074g00570	Vitvi05_01chr13g11140	24.2.3.4.6	mapman:Solute transport.carrier-mediated transport.APC superfamily.AAAP family.gamma-aminobutyric acid transporter *(GAT)
VIT_06s0009g01140	Vitvi05_01chr06g14530	24.2.3.4.7	mapman:Solute transport.carrier-mediated transport.APC superfamily.AAAP family.solute transporter *(AAAP)
VIT_08s0007g05210	Vitvi05_01chr08g20040	24.2.3.4.7	mapman:Solute transport.carrier-mediated transport.APC superfamily.AAAP family.solute transporter *(AAAP)
VIT_13s0019g04660	Vitvi05_01chr13g08750	24.2.3.4.7	mapman:Solute transport.carrier-mediated transport.APC superfamily.AAAP family.solute transporter *(AAAP)
VIT_01s0011g04210	Vitvi05_01chr01g05270	24.2.3.5	mapman:Solute transport.carrier-mediated transport.APC superfamily.APC family
VIT_01s0011g04210	Vitvi05_01chr01g05270	24.2.3.5.3	mapman:Solute transport.carrier-mediated transport.APC superfamily.APC family.gamma-aminobutyric acid transporter *(GABP)
VIT_05s0020g00440	Vitvi05_01chr05g03630	24.2.3.6	mapman:Solute transport.carrier-mediated transport.APC superfamily.borate transporter *(BOR)
VIT_07s0005g02060	Vitvi05_01chr07g07200	24.2.3.6	mapman:Solute transport.carrier-mediated transport.APC superfamily.borate transporter *(BOR)
VIT_17s0000g08530	Vitvi05_01chr17g12370	24.2.3.6	mapman:Solute transport.carrier-mediated transport.APC superfamily.borate transporter *(BOR)
VIT_00s0225g00070	Vitvi05_01chr01g10010	24.2.4	mapman:Solute transport.carrier-mediated transport.MOP superfamily
VIT_08s0056g01120	Vitvi05_01chr08g01530	24.2.4	mapman:Solute transport.carrier-mediated transport.MOP superfamily
VIT_11s0052g01560	Vitvi05_01chr11g18740	24.2.4	mapman:Solute transport.carrier-mediated transport.MOP superfamily
VIT_11s0052g01570	Vitvi05_01chr11g18750	24.2.4	mapman:Solute transport.carrier-mediated transport.MOP superfamily
VIT_12s0059g02180	Vitvi05_01chr12g08340	24.2.4	mapman:Solute transport.carrier-mediated transport.MOP superfamily
VIT_16s0050g00910	Vitvi05_01chr16g16100	24.2.4	mapman:Solute transport.carrier-mediated transport.MOP superfamily
VIT_17s0000g02970	Vitvi05_01chr17g03740	24.2.4	mapman:Solute transport.carrier-mediated transport.MOP superfamily
VIT_18s0001g06790	Vitvi05_01chr18g06860	24.2.4	mapman:Solute transport.carrier-mediated transport.MOP superfamily
VIT_18s0001g08200	Vitvi05_01chr18g08790	24.2.4	mapman:Solute transport.carrier-mediated transport.MOP superfamily
VIT_00s0225g00070	Vitvi05_01chr01g10010	24.2.4.1	mapman:Solute transport.carrier-mediated transport.MOP superfamily.MATE family
VIT_08s0056g01120	Vitvi05_01chr08g01530	24.2.4.1	mapman:Solute transport.carrier-mediated transport.MOP superfamily.MATE family
VIT_11s0052g01560	Vitvi05_01chr11g18740	24.2.4.1	mapman:Solute transport.carrier-mediated transport.MOP superfamily.MATE family
VIT_11s0052g01570	Vitvi05_01chr11g18750	24.2.4.1	mapman:Solute transport.carrier-mediated transport.MOP superfamily.MATE family
VIT_12s0059g02180	Vitvi05_01chr12g08340	24.2.4.1	mapman:Solute transport.carrier-mediated transport.MOP superfamily.MATE family
VIT_16s0050g00910	Vitvi05_01chr16g16100	24.2.4.1	mapman:Solute transport.carrier-mediated transport.MOP superfamily.MATE family
VIT_17s0000g02970	Vitvi05_01chr17g03740	24.2.4.1	mapman:Solute transport.carrier-mediated transport.MOP superfamily.MATE family
VIT_18s0001g06790	Vitvi05_01chr18g06860	24.2.4.1	mapman:Solute transport.carrier-mediated transport.MOP superfamily.MATE family
VIT_18s0001g08200	Vitvi05_01chr18g08790	24.2.4.1	mapman:Solute transport.carrier-mediated transport.MOP superfamily.MATE family
VIT_00s0225g00070	Vitvi05_01chr01g10010	24.2.4.1.1	mapman:Solute transport.carrier-mediated transport.MOP superfamily.MATE family.metabolite transporter *(DTX)
VIT_08s0056g01120	Vitvi05_01chr08g01530	24.2.4.1.1	mapman:Solute transport.carrier-mediated transport.MOP superfamily.MATE family.metabolite transporter *(DTX)
VIT_11s0052g01560	Vitvi05_01chr11g18740	24.2.4.1.1	mapman:Solute transport.carrier-mediated transport.MOP superfamily.MATE family.metabolite transporter *(DTX)
VIT_11s0052g01570	Vitvi05_01chr11g18750	24.2.4.1.1	mapman:Solute transport.carrier-mediated transport.MOP superfamily.MATE family.metabolite transporter *(DTX)
VIT_12s0059g02180	Vitvi05_01chr12g08340	24.2.4.1.1	mapman:Solute transport.carrier-mediated transport.MOP superfamily.MATE family.metabolite transporter *(DTX)
VIT_16s0050g00910	Vitvi05_01chr16g16100	24.2.4.1.1	mapman:Solute transport.carrier-mediated transport.MOP superfamily.MATE family.metabolite transporter *(DTX)
VIT_17s0000g02970	Vitvi05_01chr17g03740	24.2.4.1.1	mapman:Solute transport.carrier-mediated transport.MOP superfamily.MATE family.metabolite transporter *(DTX)
VIT_18s0001g06790	Vitvi05_01chr18g06860	24.2.4.1.1	mapman:Solute transport.carrier-mediated transport.MOP superfamily.MATE family.metabolite transporter *(DTX)
VIT_18s0001g08200	Vitvi05_01chr18g08790	24.2.4.1.1	mapman:Solute transport.carrier-mediated transport.MOP superfamily.MATE family.metabolite transporter *(DTX)
VIT_04s0023g00320	Vitvi05_01chr04g16050	24.2.5	mapman:Solute transport.carrier-mediated transport.BART superfamily
VIT_04s0044g01850	Vitvi05_01chr04g25210	24.2.5	mapman:Solute transport.carrier-mediated transport.BART superfamily
VIT_04s0044g01860	Vitvi05_01chr04g25220	24.2.5	mapman:Solute transport.carrier-mediated transport.BART superfamily
VIT_04s0044g01870	Vitvi05_01chr04g25240	24.2.5	mapman:Solute transport.carrier-mediated transport.BART superfamily
VIT_04s0044g01880	Vitvi05_01chr04g25250	24.2.5	mapman:Solute transport.carrier-mediated transport.BART superfamily
VIT_05s0062g01120	Vitvi05_01chr05g20450	24.2.5	mapman:Solute transport.carrier-mediated transport.BART superfamily
VIT_12s0035g00910	Vitvi05_01chr12g21310	24.2.5	mapman:Solute transport.carrier-mediated transport.BART superfamily
VIT_12s0035g00910	Vitvi05_01chr12g21310	24.2.5.1	mapman:Solute transport.carrier-mediated transport.BART superfamily.BASS family
VIT_12s0035g00910	Vitvi05_01chr12g21310	24.2.5.1.1	mapman:Solute transport.carrier-mediated transport.BART superfamily.BASS family.2-keto acid transporter *(BAT)
VIT_04s0023g00320	Vitvi05_01chr04g16050	24.2.5.2	mapman:Solute transport.carrier-mediated transport.BART superfamily.AEC family
VIT_04s0044g01850	Vitvi05_01chr04g25210	24.2.5.2	mapman:Solute transport.carrier-mediated transport.BART superfamily.AEC family
VIT_04s0044g01860	Vitvi05_01chr04g25220	24.2.5.2	mapman:Solute transport.carrier-mediated transport.BART superfamily.AEC family
VIT_04s0044g01870	Vitvi05_01chr04g25240	24.2.5.2	mapman:Solute transport.carrier-mediated transport.BART superfamily.AEC family
VIT_04s0044g01880	Vitvi05_01chr04g25250	24.2.5.2	mapman:Solute transport.carrier-mediated transport.BART superfamily.AEC family
VIT_05s0062g01120	Vitvi05_01chr05g20450	24.2.5.2	mapman:Solute transport.carrier-mediated transport.BART superfamily.AEC family
VIT_04s0023g00320	Vitvi05_01chr04g16050	24.2.5.2.1	mapman:Solute transport.carrier-mediated transport.BART superfamily.AEC family.auxin efflux transporter *(PIN)
VIT_05s0062g01120	Vitvi05_01chr05g20450	24.2.5.2.1	mapman:Solute transport.carrier-mediated transport.BART superfamily.AEC family.auxin efflux transporter *(PIN)
VIT_04s0044g01850	Vitvi05_01chr04g25210	24.2.5.2.2	mapman:Solute transport.carrier-mediated transport.BART superfamily.AEC family.auxin transporter *(PILS)
VIT_04s0044g01860	Vitvi05_01chr04g25220	24.2.5.2.2	mapman:Solute transport.carrier-mediated transport.BART superfamily.AEC family.auxin transporter *(PILS)
VIT_04s0044g01870	Vitvi05_01chr04g25240	24.2.5.2.2	mapman:Solute transport.carrier-mediated transport.BART superfamily.AEC family.auxin transporter *(PILS)
VIT_04s0044g01880	Vitvi05_01chr04g25250	24.2.5.2.2	mapman:Solute transport.carrier-mediated transport.BART superfamily.AEC family.auxin transporter *(PILS)
VIT_01s0146g00260	Vitvi05_01chr01g23810	24.2.6	mapman:Solute transport.carrier-mediated transport.TOC superfamily
VIT_02s0025g02080	Vitvi05_01chr02g02370	24.2.6	mapman:Solute transport.carrier-mediated transport.TOC superfamily
VIT_05s0077g02260	Vitvi05_01chr05g00160	24.2.6	mapman:Solute transport.carrier-mediated transport.TOC superfamily
VIT_09s0002g04240	Vitvi05_01chr09g04900	24.2.6	mapman:Solute transport.carrier-mediated transport.TOC superfamily
VIT_17s0000g00820	Vitvi05_01chr17g00920	24.2.6	mapman:Solute transport.carrier-mediated transport.TOC superfamily
VIT_17s0000g00830	Vitvi05_01chr17g00930	24.2.6	mapman:Solute transport.carrier-mediated transport.TOC superfamily
VIT_18s0001g15330	Vitvi05_01chr18g18110	24.2.6	mapman:Solute transport.carrier-mediated transport.TOC superfamily
VIT_01s0146g00260	Vitvi05_01chr01g23810	24.2.6.1	mapman:Solute transport.carrier-mediated transport.TOC superfamily.sugar efflux transporter *(SWEET)
VIT_02s0025g02080	Vitvi05_01chr02g02370	24.2.6.1	mapman:Solute transport.carrier-mediated transport.TOC superfamily.sugar efflux transporter *(SWEET)
VIT_05s0077g02260	Vitvi05_01chr05g00160	24.2.6.1	mapman:Solute transport.carrier-mediated transport.TOC superfamily.sugar efflux transporter *(SWEET)
VIT_17s0000g00820	Vitvi05_01chr17g00920	24.2.6.1	mapman:Solute transport.carrier-mediated transport.TOC superfamily.sugar efflux transporter *(SWEET)
VIT_17s0000g00830	Vitvi05_01chr17g00930	24.2.6.1	mapman:Solute transport.carrier-mediated transport.TOC superfamily.sugar efflux transporter *(SWEET)
VIT_18s0001g15330	Vitvi05_01chr18g18110	24.2.6.1	mapman:Solute transport.carrier-mediated transport.TOC superfamily.sugar efflux transporter *(SWEET)
VIT_09s0002g04240	Vitvi05_01chr09g04900	24.2.6.2	mapman:Solute transport.carrier-mediated transport.TOC superfamily.transport protein *(TSUP)
VIT_00s0187g00130	Vitvi05_01chr10g03080	24.2.7	mapman:Solute transport.carrier-mediated transport.IT superfamily
VIT_02s0025g03310	Vitvi05_01chr02g03870	24.2.7	mapman:Solute transport.carrier-mediated transport.IT superfamily
VIT_14s0108g01130	Vitvi05_01chr14g29720	24.2.7	mapman:Solute transport.carrier-mediated transport.IT superfamily
VIT_00s0187g00130	Vitvi05_01chr10g03080	24.2.7.1	mapman:Solute transport.carrier-mediated transport.IT superfamily.DASS family
VIT_00s0187g00130	Vitvi05_01chr10g03080	24.2.7.1.1	mapman:Solute transport.carrier-mediated transport.IT superfamily.DASS family.di-/tricarboxylate transporter *(TDT)
VIT_02s0025g03310	Vitvi05_01chr02g03870	24.2.7.2	mapman:Solute transport.carrier-mediated transport.IT superfamily.putative silicon efflux transporter *(LSI2)
VIT_14s0108g01130	Vitvi05_01chr14g29720	24.2.7.4	mapman:Solute transport.carrier-mediated transport.IT superfamily.phosphate transporter *(PHO)
VIT_02s0025g00810	Vitvi05_01chr02g00840	24.2.8	mapman:Solute transport.carrier-mediated transport.CPA superfamily
VIT_02s0025g00810	Vitvi05_01chr02g00840	24.2.8.2	mapman:Solute transport.carrier-mediated transport.CPA superfamily.CPA-2 family
VIT_02s0025g00810	Vitvi05_01chr02g00840	24.2.8.2.1	mapman:Solute transport.carrier-mediated transport.CPA superfamily.CPA-2 family.proton:monovalent cation antiporter *(CHX)
VIT_06s0009g01110	Vitvi05_01chr06g14420	24.2.9	mapman:Solute transport.carrier-mediated transport.CDF superfamily
VIT_08s0007g02240	Vitvi05_01chr08g16150	24.2.9	mapman:Solute transport.carrier-mediated transport.CDF superfamily
VIT_08s0056g01480	Vitvi05_01chr08g02100	24.2.9	mapman:Solute transport.carrier-mediated transport.CDF superfamily
VIT_18s0041g00090	Vitvi05_01chr18g29370	24.2.9	mapman:Solute transport.carrier-mediated transport.CDF superfamily
VIT_06s0009g01110	Vitvi05_01chr06g14420	24.2.9.1	mapman:Solute transport.carrier-mediated transport.CDF superfamily.CaCA family
VIT_08s0007g02240	Vitvi05_01chr08g16150	24.2.9.1	mapman:Solute transport.carrier-mediated transport.CDF superfamily.CaCA family
VIT_08s0056g01480	Vitvi05_01chr08g02100	24.2.9.1	mapman:Solute transport.carrier-mediated transport.CDF superfamily.CaCA family
VIT_08s0007g02240	Vitvi05_01chr08g16150	24.2.9.1.1	mapman:Solute transport.carrier-mediated transport.CDF superfamily.CaCA family.cation antiporter *(CAX)
VIT_06s0009g01110	Vitvi05_01chr06g14420	24.2.9.1.2	mapman:Solute transport.carrier-mediated transport.CDF superfamily.CaCA family.cation:calcium cation exchanger *(CCX)
VIT_08s0056g01480	Vitvi05_01chr08g02100	24.2.9.1.2	mapman:Solute transport.carrier-mediated transport.CDF superfamily.CaCA family.cation:calcium cation exchanger *(CCX)
VIT_18s0041g00090	Vitvi05_01chr18g29370	24.2.9.2	mapman:Solute transport.carrier-mediated transport.CDF superfamily.CDF family
VIT_18s0041g00090	Vitvi05_01chr18g29370	24.2.9.2.2	mapman:Solute transport.carrier-mediated transport.CDF superfamily.CDF family.manganese cation transporter *(Mn-CDF)
VIT_02s0025g03260	Vitvi05_01chr02g03820	24.3	mapman:Solute transport.channels
VIT_02s0025g03390	Vitvi05_01chr02g03950	24.3	mapman:Solute transport.channels
VIT_03s0038g01410	Vitvi05_01chr03g01280	24.3	mapman:Solute transport.channels
VIT_03s0110g00300	Vitvi05_01chr03g15540	24.3	mapman:Solute transport.channels
VIT_04s0008g01720	Vitvi05_01chr04g01940	24.3	mapman:Solute transport.channels
VIT_04s0008g04990	Vitvi05_01chr04g06120	24.3	mapman:Solute transport.channels
VIT_04s0023g01110	Vitvi05_01chr04g17220	24.3	mapman:Solute transport.channels
VIT_04s0023g01150	Vitvi05_01chr04g17270	24.3	mapman:Solute transport.channels
VIT_04s0023g03610	Vitvi05_01chr04g20580	24.3	mapman:Solute transport.channels
VIT_05s0094g01570	Vitvi05_01chr05g26640	24.3	mapman:Solute transport.channels
VIT_06s0061g00730	Vitvi05_01chr06g19770	24.3	mapman:Solute transport.channels
VIT_07s0031g02170	Vitvi05_01chr07g30360	24.3	mapman:Solute transport.channels
VIT_07s0031g02950	Vitvi05_01chr07g31690	24.3	mapman:Solute transport.channels
VIT_07s0141g00590	Vitvi05_01chr07g00420	24.3	mapman:Solute transport.channels
VIT_08s0040g00150	Vitvi05_01chr08g08740	24.3	mapman:Solute transport.channels
VIT_10s0003g01830	Vitvi05_01chr10g11280	24.3	mapman:Solute transport.channels
VIT_12s0059g02260	Vitvi05_01chr12g08420	24.3	mapman:Solute transport.channels
VIT_13s0019g00330	Vitvi05_01chr13g03740	24.3	mapman:Solute transport.channels
VIT_13s0019g04280	Vitvi05_01chr13g08130	24.3	mapman:Solute transport.channels
VIT_13s0067g00220	Vitvi05_01chr13g00160	24.3	mapman:Solute transport.channels
VIT_14s0108g00700	Vitvi05_01chr14g29230	24.3	mapman:Solute transport.channels
VIT_14s0108g01420	Vitvi05_01chr14g30070	24.3	mapman:Solute transport.channels
VIT_15s0046g02410	Vitvi05_01chr15g19260	24.3	mapman:Solute transport.channels
VIT_15s0046g02420	Vitvi05_01chr15g19270	24.3	mapman:Solute transport.channels
VIT_15s0107g00270	Vitvi05_01chr15g04670	24.3	mapman:Solute transport.channels
VIT_16s0039g00220	Vitvi05_01chr16g00130	24.3	mapman:Solute transport.channels
VIT_02s0025g03260	Vitvi05_01chr02g03820	24.3.1	mapman:Solute transport.channels.MIP family
VIT_02s0025g03390	Vitvi05_01chr02g03950	24.3.1	mapman:Solute transport.channels.MIP family
VIT_03s0038g01410	Vitvi05_01chr03g01280	24.3.1	mapman:Solute transport.channels.MIP family
VIT_06s0061g00730	Vitvi05_01chr06g19770	24.3.1	mapman:Solute transport.channels.MIP family
VIT_10s0003g01830	Vitvi05_01chr10g11280	24.3.1	mapman:Solute transport.channels.MIP family
VIT_13s0019g00330	Vitvi05_01chr13g03740	24.3.1	mapman:Solute transport.channels.MIP family
VIT_13s0019g04280	Vitvi05_01chr13g08130	24.3.1	mapman:Solute transport.channels.MIP family
VIT_13s0067g00220	Vitvi05_01chr13g00160	24.3.1	mapman:Solute transport.channels.MIP family
VIT_14s0108g00700	Vitvi05_01chr14g29230	24.3.1	mapman:Solute transport.channels.MIP family
VIT_15s0046g02410	Vitvi05_01chr15g19260	24.3.1	mapman:Solute transport.channels.MIP family
VIT_15s0046g02420	Vitvi05_01chr15g19270	24.3.1	mapman:Solute transport.channels.MIP family
VIT_16s0039g00220	Vitvi05_01chr16g00130	24.3.1	mapman:Solute transport.channels.MIP family
VIT_02s0025g03260	Vitvi05_01chr02g03820	24.3.1.1	mapman:Solute transport.channels.MIP family.Nodulin-26-like intrinsic protein *(NIP)
VIT_10s0003g01830	Vitvi05_01chr10g11280	24.3.1.1	mapman:Solute transport.channels.MIP family.Nodulin-26-like intrinsic protein *(NIP)
VIT_14s0108g00700	Vitvi05_01chr14g29230	24.3.1.1	mapman:Solute transport.channels.MIP family.Nodulin-26-like intrinsic protein *(NIP)
VIT_02s0025g03390	Vitvi05_01chr02g03950	24.3.1.2	mapman:Solute transport.channels.MIP family.plasma membrane intrinsic protein *(PIP)
VIT_13s0019g04280	Vitvi05_01chr13g08130	24.3.1.2	mapman:Solute transport.channels.MIP family.plasma membrane intrinsic protein *(PIP)
VIT_13s0067g00220	Vitvi05_01chr13g00160	24.3.1.2	mapman:Solute transport.channels.MIP family.plasma membrane intrinsic protein *(PIP)
VIT_15s0046g02410	Vitvi05_01chr15g19260	24.3.1.2	mapman:Solute transport.channels.MIP family.plasma membrane intrinsic protein *(PIP)
VIT_15s0046g02420	Vitvi05_01chr15g19270	24.3.1.2	mapman:Solute transport.channels.MIP family.plasma membrane intrinsic protein *(PIP)
VIT_06s0061g00730	Vitvi05_01chr06g19770	24.3.1.3	mapman:Solute transport.channels.MIP family.tonoplast intrinsic protein *(TIP)
VIT_13s0019g00330	Vitvi05_01chr13g03740	24.3.1.3	mapman:Solute transport.channels.MIP family.tonoplast intrinsic protein *(TIP)
VIT_16s0039g00220	Vitvi05_01chr16g00130	24.3.1.3	mapman:Solute transport.channels.MIP family.tonoplast intrinsic protein *(TIP)
VIT_03s0038g01410	Vitvi05_01chr03g01280	24.3.1.5	mapman:Solute transport.channels.MIP family.X-intrinsic protein *(XIP)
VIT_03s0110g00300	Vitvi05_01chr03g15540	24.3.12	mapman:Solute transport.channels.copper cation channel *(COPT)
VIT_04s0023g01150	Vitvi05_01chr04g17270	24.3.15	mapman:Solute transport.channels.MCU calcium uniporter complex
VIT_04s0023g01150	Vitvi05_01chr04g17270	24.3.15.1	mapman:Solute transport.channels.MCU calcium uniporter complex.channel component *(MCU)
VIT_04s0023g01110	Vitvi05_01chr04g17220	24.3.18	mapman:Solute transport.channels.non-specific cation channel *(PQL1)
VIT_08s0040g00150	Vitvi05_01chr08g08740	24.3.18	mapman:Solute transport.channels.non-specific cation channel *(PQL1)
VIT_04s0023g03610	Vitvi05_01chr04g20580	24.3.19	mapman:Solute transport.channels.MLO family
VIT_05s0094g01570	Vitvi05_01chr05g26640	24.3.19	mapman:Solute transport.channels.MLO family
VIT_05s0094g01570	Vitvi05_01chr05g26640	24.3.19.1	mapman:Solute transport.channels.MLO family.calmodulin-gated calcium channel  *(MLO1/13/15)
VIT_04s0023g03610	Vitvi05_01chr04g20580	24.3.19.4	mapman:Solute transport.channels.MLO family.calmodulin-gated calcium channel  *(MLO4/11/14)
VIT_04s0008g04990	Vitvi05_01chr04g06120	24.3.2	mapman:Solute transport.channels.VIC superfamily
VIT_14s0108g01420	Vitvi05_01chr14g30070	24.3.2	mapman:Solute transport.channels.VIC superfamily
VIT_04s0008g04990	Vitvi05_01chr04g06120	24.3.2.2	mapman:Solute transport.channels.VIC superfamily.voltage-gated potassium cation channel *(AKT/SKOR/GORK)
VIT_14s0108g01420	Vitvi05_01chr14g30070	24.3.2.4	mapman:Solute transport.channels.VIC superfamily.cyclic nucleotide-gated cation channel *(CNGC)
VIT_07s0141g00590	Vitvi05_01chr07g00420	24.3.3	mapman:Solute transport.channels.CorA family
VIT_07s0141g00590	Vitvi05_01chr07g00420	24.3.3.1	mapman:Solute transport.channels.CorA family.metal cation transporter *(MRS/MGT)
VIT_07s0031g02950	Vitvi05_01chr07g31690	24.3.4	mapman:Solute transport.channels.AMT family
VIT_07s0031g02950	Vitvi05_01chr07g31690	24.3.4.2	mapman:Solute transport.channels.AMT family.ammonium transporter *(AMT2/3)
VIT_04s0008g01720	Vitvi05_01chr04g01940	24.3.5	mapman:Solute transport.channels.mechanosensitive ion channel *(MSL)
VIT_15s0107g00270	Vitvi05_01chr15g04670	24.3.5	mapman:Solute transport.channels.mechanosensitive ion channel *(MSL)
VIT_07s0031g02170	Vitvi05_01chr07g30360	24.3.9	mapman:Solute transport.channels.ligand-gated cation channel *(GLR)
VIT_12s0059g02260	Vitvi05_01chr12g08420	24.3.9	mapman:Solute transport.channels.ligand-gated cation channel *(GLR)
VIT_07s0129g00100	Vitvi05_01chr07g26370	24.4	mapman:Solute transport.porins
VIT_07s0129g00100	Vitvi05_01chr07g26370	24.4.1	mapman:Solute transport.porins.voltage-gated anion channel *(VDAC)
VIT_01s0011g04740	Vitvi05_01chr01g05990	25	mapman:Nutrient uptake
VIT_02s0025g02500	Vitvi05_01chr02g02840	25	mapman:Nutrient uptake
VIT_02s0025g03260	Vitvi05_01chr02g03820	25	mapman:Nutrient uptake
VIT_02s0154g00260	Vitvi05_01chr02g07470	25	mapman:Nutrient uptake
VIT_03s0063g00370	Vitvi05_01chr03g08190	25	mapman:Nutrient uptake
VIT_03s0110g00300	Vitvi05_01chr03g15540	25	mapman:Nutrient uptake
VIT_05s0020g00440	Vitvi05_01chr05g03630	25	mapman:Nutrient uptake
VIT_05s0020g02480	Vitvi05_01chr05g06190	25	mapman:Nutrient uptake
VIT_06s0004g04640	Vitvi05_01chr06g06990	25	mapman:Nutrient uptake
VIT_07s0005g00280	Vitvi05_01chr07g05030	25	mapman:Nutrient uptake
VIT_07s0005g02060	Vitvi05_01chr07g07200	25	mapman:Nutrient uptake
VIT_08s0007g07400	Vitvi05_01chr08g22800	25	mapman:Nutrient uptake
VIT_08s0058g00410	Vitvi05_01chr08g07080	25	mapman:Nutrient uptake
VIT_08s0058g00430	Vitvi05_01chr08g07100	25	mapman:Nutrient uptake
VIT_08s0058g00740	Vitvi05_01chr08g07590	25	mapman:Nutrient uptake
VIT_09s0070g00210	Vitvi05_01chr09g14510	25	mapman:Nutrient uptake
VIT_12s0059g00880	Vitvi05_01chr12g06640	25	mapman:Nutrient uptake
VIT_14s0066g00850	Vitvi05_01chr14g26230	25	mapman:Nutrient uptake
VIT_14s0108g01130	Vitvi05_01chr14g29720	25	mapman:Nutrient uptake
VIT_15s0046g01920	Vitvi05_01chr15g18670	25	mapman:Nutrient uptake
VIT_15s0107g00550	Vitvi05_01chr15g04980	25	mapman:Nutrient uptake
VIT_16s0098g01290	Vitvi05_01chr16g21570	25	mapman:Nutrient uptake
VIT_17s0000g08530	Vitvi05_01chr17g12370	25	mapman:Nutrient uptake
VIT_18s0001g08240	Vitvi05_01chr18g08830	25	mapman:Nutrient uptake
VIT_18s0041g00090	Vitvi05_01chr18g29370	25	mapman:Nutrient uptake
VIT_19s0014g02740	Vitvi05_01chr19g03690	25	mapman:Nutrient uptake
VIT_02s0154g00260	Vitvi05_01chr02g07470	25.1	mapman:Nutrient uptake.nitrogen assimilation
VIT_03s0063g00370	Vitvi05_01chr03g08190	25.1	mapman:Nutrient uptake.nitrogen assimilation
VIT_05s0020g02480	Vitvi05_01chr05g06190	25.1	mapman:Nutrient uptake.nitrogen assimilation
VIT_08s0007g07400	Vitvi05_01chr08g22800	25.1	mapman:Nutrient uptake.nitrogen assimilation
VIT_14s0066g00850	Vitvi05_01chr14g26230	25.1	mapman:Nutrient uptake.nitrogen assimilation
VIT_18s0001g08240	Vitvi05_01chr18g08830	25.1	mapman:Nutrient uptake.nitrogen assimilation
VIT_18s0001g08240	Vitvi05_01chr18g08830	25.1.1	mapman:Nutrient uptake.nitrogen assimilation.systemic nitrogen signalling
VIT_18s0001g08240	Vitvi05_01chr18g08830	25.1.1.2	mapman:Nutrient uptake.nitrogen assimilation.systemic nitrogen signalling.CEP-receptor kinase *(CEPR)
VIT_02s0154g00260	Vitvi05_01chr02g07470	25.1.2	mapman:Nutrient uptake.nitrogen assimilation.nitrate uptake system
VIT_14s0066g00850	Vitvi05_01chr14g26230	25.1.2	mapman:Nutrient uptake.nitrogen assimilation.nitrate uptake system
VIT_02s0154g00260	Vitvi05_01chr02g07470	25.1.2.1	mapman:Nutrient uptake.nitrogen assimilation.nitrate uptake system.nitrate tranceptor activity
VIT_02s0154g00260	Vitvi05_01chr02g07470	25.1.2.1.1	mapman:Nutrient uptake.nitrogen assimilation.nitrate uptake system.nitrate tranceptor activity.nitrate receptor/transporter *(NRT1.1)
VIT_14s0066g00850	Vitvi05_01chr14g26230	25.1.2.5	mapman:Nutrient uptake.nitrogen assimilation.nitrate uptake system.nitrate transporter *(NRT2)
VIT_03s0063g00370	Vitvi05_01chr03g08190	25.1.3	mapman:Nutrient uptake.nitrogen assimilation.nitrate assimilation
VIT_03s0063g00370	Vitvi05_01chr03g08190	25.1.3.2	mapman:Nutrient uptake.nitrogen assimilation.nitrate assimilation.nitrite reductase *(NIR1)
VIT_05s0020g02480	Vitvi05_01chr05g06190	25.1.4	mapman:Nutrient uptake.nitrogen assimilation.ammonium assimilation
VIT_05s0020g02480	Vitvi05_01chr05g06190	25.1.4.1	mapman:Nutrient uptake.nitrogen assimilation.ammonium assimilation.glutamine synthetase activities
VIT_05s0020g02480	Vitvi05_01chr05g06190	25.1.4.1.2	mapman:Nutrient uptake.nitrogen assimilation.ammonium assimilation.glutamine synthetase activities.plastidial glutamine synthetase *(GLN2)
VIT_08s0007g07400	Vitvi05_01chr08g22800	25.1.5	mapman:Nutrient uptake.nitrogen assimilation.glutamate deamination
VIT_08s0007g07400	Vitvi05_01chr08g22800	25.1.5.1	mapman:Nutrient uptake.nitrogen assimilation.glutamate deamination.glutamate dehydrogenase *(GDH)
VIT_15s0107g00550	Vitvi05_01chr15g04980	25.2	mapman:Nutrient uptake.sulfur assimilation
VIT_15s0107g00550	Vitvi05_01chr15g04980	25.2.4	mapman:Nutrient uptake.sulfur assimilation.sulfate homeostasis
VIT_15s0107g00550	Vitvi05_01chr15g04980	25.2.4.1	mapman:Nutrient uptake.sulfur assimilation.sulfate homeostasis.regulatory protein *(SDI)
VIT_07s0005g00280	Vitvi05_01chr07g05030	25.3	mapman:Nutrient uptake.phosphorus assimilation
VIT_12s0059g00880	Vitvi05_01chr12g06640	25.3	mapman:Nutrient uptake.phosphorus assimilation
VIT_14s0108g01130	Vitvi05_01chr14g29720	25.3	mapman:Nutrient uptake.phosphorus assimilation
VIT_12s0059g00880	Vitvi05_01chr12g06640	25.3.2	mapman:Nutrient uptake.phosphorus assimilation.phosphate uptake
VIT_14s0108g01130	Vitvi05_01chr14g29720	25.3.2	mapman:Nutrient uptake.phosphorus assimilation.phosphate uptake
VIT_14s0108g01130	Vitvi05_01chr14g29720	25.3.2.2	mapman:Nutrient uptake.phosphorus assimilation.phosphate uptake.phosphate transporter *(PHO1)
VIT_12s0059g00880	Vitvi05_01chr12g06640	25.3.2.5	mapman:Nutrient uptake.phosphorus assimilation.phosphate uptake.regulatory transcription factor *(WRKY6/31/42)
VIT_07s0005g00280	Vitvi05_01chr07g05030	25.3.3	mapman:Nutrient uptake.phosphorus assimilation.phosphate homeostasis
VIT_07s0005g00280	Vitvi05_01chr07g05030	25.3.3.2	mapman:Nutrient uptake.phosphorus assimilation.phosphate homeostasis.E3 ubiquitin ligase *(NLA)
VIT_02s0025g02500	Vitvi05_01chr02g02840	25.4	mapman:Nutrient uptake.micronutrient uptake systems
VIT_02s0025g03260	Vitvi05_01chr02g03820	25.4	mapman:Nutrient uptake.micronutrient uptake systems
VIT_05s0020g00440	Vitvi05_01chr05g03630	25.4	mapman:Nutrient uptake.micronutrient uptake systems
VIT_07s0005g02060	Vitvi05_01chr07g07200	25.4	mapman:Nutrient uptake.micronutrient uptake systems
VIT_15s0046g01920	Vitvi05_01chr15g18670	25.4	mapman:Nutrient uptake.micronutrient uptake systems
VIT_17s0000g08530	Vitvi05_01chr17g12370	25.4	mapman:Nutrient uptake.micronutrient uptake systems
VIT_02s0025g02500	Vitvi05_01chr02g02840	25.4.1	mapman:Nutrient uptake.micronutrient uptake systems.transition metals
VIT_15s0046g01920	Vitvi05_01chr15g18670	25.4.1	mapman:Nutrient uptake.micronutrient uptake systems.transition metals
VIT_15s0046g01920	Vitvi05_01chr15g18670	25.4.1.1	mapman:Nutrient uptake.micronutrient uptake systems.transition metals.reduction-based strategy
VIT_15s0046g01920	Vitvi05_01chr15g18670	25.4.1.1.1	mapman:Nutrient uptake.micronutrient uptake systems.transition metals.reduction-based strategy.root
VIT_15s0046g01920	Vitvi05_01chr15g18670	25.4.1.1.1.1	mapman:Nutrient uptake.micronutrient uptake systems.transition metals.reduction-based strategy.root.ferric chelate reductase *(FRO2)
VIT_02s0025g02500	Vitvi05_01chr02g02840	25.4.1.2	mapman:Nutrient uptake.micronutrient uptake systems.transition metals.chelation-based strategy
VIT_02s0025g02500	Vitvi05_01chr02g02840	25.4.1.2.4	mapman:Nutrient uptake.micronutrient uptake systems.transition metals.chelation-based strategy.Fe(III)-phytosiderophore uptake transporter *(YSL1)
VIT_02s0025g03260	Vitvi05_01chr02g03820	25.4.2	mapman:Nutrient uptake.micronutrient uptake systems.boron
VIT_05s0020g00440	Vitvi05_01chr05g03630	25.4.2	mapman:Nutrient uptake.micronutrient uptake systems.boron
VIT_07s0005g02060	Vitvi05_01chr07g07200	25.4.2	mapman:Nutrient uptake.micronutrient uptake systems.boron
VIT_17s0000g08530	Vitvi05_01chr17g12370	25.4.2	mapman:Nutrient uptake.micronutrient uptake systems.boron
VIT_02s0025g03260	Vitvi05_01chr02g03820	25.4.2.1	mapman:Nutrient uptake.micronutrient uptake systems.boron.boron transporter *(NIP5/6)
VIT_05s0020g00440	Vitvi05_01chr05g03630	25.4.2.2	mapman:Nutrient uptake.micronutrient uptake systems.boron.boron transporter *(BOR1/2/3)
VIT_07s0005g02060	Vitvi05_01chr07g07200	25.4.2.2	mapman:Nutrient uptake.micronutrient uptake systems.boron.boron transporter *(BOR1/2/3)
VIT_17s0000g08530	Vitvi05_01chr17g12370	25.4.2.2	mapman:Nutrient uptake.micronutrient uptake systems.boron.boron transporter *(BOR1/2/3)
VIT_01s0011g04740	Vitvi05_01chr01g05990	25.5	mapman:Nutrient uptake.micronutrient homeostasis
VIT_03s0110g00300	Vitvi05_01chr03g15540	25.5	mapman:Nutrient uptake.micronutrient homeostasis
VIT_06s0004g04640	Vitvi05_01chr06g06990	25.5	mapman:Nutrient uptake.micronutrient homeostasis
VIT_08s0058g00410	Vitvi05_01chr08g07080	25.5	mapman:Nutrient uptake.micronutrient homeostasis
VIT_08s0058g00430	Vitvi05_01chr08g07100	25.5	mapman:Nutrient uptake.micronutrient homeostasis
VIT_08s0058g00740	Vitvi05_01chr08g07590	25.5	mapman:Nutrient uptake.micronutrient homeostasis
VIT_09s0070g00210	Vitvi05_01chr09g14510	25.5	mapman:Nutrient uptake.micronutrient homeostasis
VIT_16s0098g01290	Vitvi05_01chr16g21570	25.5	mapman:Nutrient uptake.micronutrient homeostasis
VIT_18s0041g00090	Vitvi05_01chr18g29370	25.5	mapman:Nutrient uptake.micronutrient homeostasis
VIT_19s0014g02740	Vitvi05_01chr19g03690	25.5	mapman:Nutrient uptake.micronutrient homeostasis
VIT_03s0110g00300	Vitvi05_01chr03g15540	25.5.1	mapman:Nutrient uptake.micronutrient homeostasis.copper
VIT_03s0110g00300	Vitvi05_01chr03g15540	25.5.1.4	mapman:Nutrient uptake.micronutrient homeostasis.copper.copper transporter *(COPT)
VIT_01s0011g04740	Vitvi05_01chr01g05990	25.5.2	mapman:Nutrient uptake.micronutrient homeostasis.iron
VIT_08s0058g00410	Vitvi05_01chr08g07080	25.5.2	mapman:Nutrient uptake.micronutrient homeostasis.iron
VIT_08s0058g00430	Vitvi05_01chr08g07100	25.5.2	mapman:Nutrient uptake.micronutrient homeostasis.iron
VIT_09s0070g00210	Vitvi05_01chr09g14510	25.5.2	mapman:Nutrient uptake.micronutrient homeostasis.iron
VIT_09s0070g00210	Vitvi05_01chr09g14510	25.5.2.2	mapman:Nutrient uptake.micronutrient homeostasis.iron.iron/manganese cation transporter *(NRAMP1/6)
VIT_01s0011g04740	Vitvi05_01chr01g05990	25.5.2.7	mapman:Nutrient uptake.micronutrient homeostasis.iron.Fe(III)-citrate translocation
VIT_01s0011g04740	Vitvi05_01chr01g05990	25.5.2.7.1	mapman:Nutrient uptake.micronutrient homeostasis.iron.Fe(III)-citrate translocation.Fe(II)-Fe(III) ferroxidase *(LPR1)
VIT_08s0058g00410	Vitvi05_01chr08g07080	25.5.2.8	mapman:Nutrient uptake.micronutrient homeostasis.iron.iron storage protein *(FER)
VIT_08s0058g00430	Vitvi05_01chr08g07100	25.5.2.8	mapman:Nutrient uptake.micronutrient homeostasis.iron.iron storage protein *(FER)
VIT_16s0098g01290	Vitvi05_01chr16g21570	25.5.4	mapman:Nutrient uptake.micronutrient homeostasis.molybdenum
VIT_16s0098g01290	Vitvi05_01chr16g21570	25.5.4.2	mapman:Nutrient uptake.micronutrient homeostasis.molybdenum.molybdate transporter/S-adenosyl methionine transporter *(MOT2/GOSAMT)
VIT_18s0041g00090	Vitvi05_01chr18g29370	25.5.5	mapman:Nutrient uptake.micronutrient homeostasis.manganese
VIT_18s0041g00090	Vitvi05_01chr18g29370	25.5.5.2	mapman:Nutrient uptake.micronutrient homeostasis.manganese.manganese cation transporter *(Mn-CDF)
VIT_08s0058g00740	Vitvi05_01chr08g07590	25.5.6	mapman:Nutrient uptake.micronutrient homeostasis.nickel/cobalt
VIT_08s0058g00740	Vitvi05_01chr08g07590	25.5.6.1	mapman:Nutrient uptake.micronutrient homeostasis.nickel/cobalt.nickel/cobalt/iron cation transporter *(FPN1/2)
VIT_06s0004g04640	Vitvi05_01chr06g06990	25.5.7	mapman:Nutrient uptake.micronutrient homeostasis.metallochaperone activities
VIT_19s0014g02740	Vitvi05_01chr19g03690	25.5.7	mapman:Nutrient uptake.micronutrient homeostasis.metallochaperone activities
VIT_06s0004g04640	Vitvi05_01chr06g06990	25.5.7.1	mapman:Nutrient uptake.micronutrient homeostasis.metallochaperone activities.metallothionein *(MT)
VIT_19s0014g02740	Vitvi05_01chr19g03690	25.5.7.1	mapman:Nutrient uptake.micronutrient homeostasis.metallochaperone activities.metallothionein *(MT)
VIT_00s0238g00060	Vitvi05_01chr18g33080	26	mapman:External stimuli response
VIT_00s0487g00050	Vitvi05_01chr07g22070	26	mapman:External stimuli response
VIT_01s0011g05810	Vitvi05_01chr01g07560	26	mapman:External stimuli response
VIT_03s0038g03220	Vitvi05_01chr03g03270	26	mapman:External stimuli response
VIT_03s0038g04760	Vitvi05_01chr03g05290	26	mapman:External stimuli response
VIT_04s0008g00960	Vitvi05_01chr04g01070	26	mapman:External stimuli response
VIT_04s0008g01110	Vitvi05_01chr04g01220	26	mapman:External stimuli response
VIT_04s0008g02670	Vitvi05_01chr04g03050	26	mapman:External stimuli response
VIT_05s0029g00390	Vitvi05_01chr05g16590	26	mapman:External stimuli response
VIT_05s0077g01720	Vitvi05_01chr05g00840	26	mapman:External stimuli response
VIT_05s0077g01860	Vitvi05_01chr05g00650	26	mapman:External stimuli response
VIT_06s0004g00490	Vitvi05_01chr06g00870	26	mapman:External stimuli response
VIT_06s0004g03690	Vitvi05_01chr06g05620	26	mapman:External stimuli response
VIT_06s0004g04610	Vitvi05_01chr06g06960	26	mapman:External stimuli response
VIT_06s0004g04640	Vitvi05_01chr06g06990	26	mapman:External stimuli response
VIT_07s0005g00140	Vitvi05_01chr07g04860	26	mapman:External stimuli response
VIT_07s0031g02390	Vitvi05_01chr07g30660	26	mapman:External stimuli response
VIT_07s0031g02560	Vitvi05_01chr07g30910	26	mapman:External stimuli response
VIT_08s0007g00610	Vitvi05_01chr08g14020	26	mapman:External stimuli response
VIT_08s0007g07690	Vitvi05_01chr08g23110	26	mapman:External stimuli response
VIT_10s0003g02680	Vitvi05_01chr10g12670	26	mapman:External stimuli response
VIT_14s0066g01820	Vitvi05_01chr14g27400	26	mapman:External stimuli response
VIT_14s0083g00620	Vitvi05_01chr14g19340	26	mapman:External stimuli response
VIT_14s0108g01420	Vitvi05_01chr14g30070	26	mapman:External stimuli response
VIT_15s0046g01560	Vitvi05_01chr15g18240	26	mapman:External stimuli response
VIT_15s0046g01570	Vitvi05_01chr15g18250	26	mapman:External stimuli response
VIT_15s0046g01590	Vitvi05_01chr15g18270	26	mapman:External stimuli response
VIT_15s0046g01610	Vitvi05_01chr15g18300	26	mapman:External stimuli response
VIT_16s0098g01870	Vitvi05_01chr16g22190	26	mapman:External stimuli response
VIT_16s0100g00380	Vitvi05_01chr16g13550	26	mapman:External stimuli response
VIT_17s0000g04490	Vitvi05_01chr17g06330	26	mapman:External stimuli response
VIT_17s0000g07190	Vitvi05_01chr17g10550	26	mapman:External stimuli response
VIT_18s0001g08100	Vitvi05_01chr18g08630	26	mapman:External stimuli response
VIT_18s0001g12660	Vitvi05_01chr18g14640	26	mapman:External stimuli response
VIT_19s0014g02740	Vitvi05_01chr19g03690	26	mapman:External stimuli response
VIT_19s0014g05430	Vitvi05_01chr19g07380	26	mapman:External stimuli response
VIT_01s0011g05810	Vitvi05_01chr01g07560	26.1	mapman:External stimuli response.light
VIT_03s0038g04760	Vitvi05_01chr03g05290	26.1	mapman:External stimuli response.light
VIT_04s0008g02670	Vitvi05_01chr04g03050	26.1	mapman:External stimuli response.light
VIT_05s0029g00390	Vitvi05_01chr05g16590	26.1	mapman:External stimuli response.light
VIT_07s0031g02560	Vitvi05_01chr07g30910	26.1	mapman:External stimuli response.light
VIT_08s0007g00610	Vitvi05_01chr08g14020	26.1	mapman:External stimuli response.light
VIT_10s0003g02680	Vitvi05_01chr10g12670	26.1	mapman:External stimuli response.light
VIT_08s0007g00610	Vitvi05_01chr08g14020	26.1.1	mapman:External stimuli response.light.red/far red light
VIT_10s0003g02680	Vitvi05_01chr10g12670	26.1.1	mapman:External stimuli response.light.red/far red light
VIT_08s0007g00610	Vitvi05_01chr08g14020	26.1.1.1	mapman:External stimuli response.light.red/far red light.phytochrome-mediated photoperception
VIT_10s0003g02680	Vitvi05_01chr10g12670	26.1.1.1	mapman:External stimuli response.light.red/far red light.phytochrome-mediated photoperception
VIT_10s0003g02680	Vitvi05_01chr10g12670	26.1.1.1.1	mapman:External stimuli response.light.red/far red light.phytochrome-mediated photoperception.phytochrome photoreceptor *(PHY)
VIT_08s0007g00610	Vitvi05_01chr08g14020	26.1.1.1.3	mapman:External stimuli response.light.red/far red light.phytochrome-mediated photoperception.regulatory protein *(FHY1/FHL) of PHY-A translocation
VIT_01s0011g05810	Vitvi05_01chr01g07560	26.1.2	mapman:External stimuli response.light.UV-A/blue light
VIT_03s0038g04760	Vitvi05_01chr03g05290	26.1.2	mapman:External stimuli response.light.UV-A/blue light
VIT_04s0008g02670	Vitvi05_01chr04g03050	26.1.2	mapman:External stimuli response.light.UV-A/blue light
VIT_05s0029g00390	Vitvi05_01chr05g16590	26.1.2	mapman:External stimuli response.light.UV-A/blue light
VIT_03s0038g04760	Vitvi05_01chr03g05290	26.1.2.1	mapman:External stimuli response.light.UV-A/blue light.cryptochrome-mediated photoperception
VIT_04s0008g02670	Vitvi05_01chr04g03050	26.1.2.1	mapman:External stimuli response.light.UV-A/blue light.cryptochrome-mediated photoperception
VIT_05s0029g00390	Vitvi05_01chr05g16590	26.1.2.1	mapman:External stimuli response.light.UV-A/blue light.cryptochrome-mediated photoperception
VIT_04s0008g02670	Vitvi05_01chr04g03050	26.1.2.1.2	mapman:External stimuli response.light.UV-A/blue light.cryptochrome-mediated photoperception.cryptochrome-DASH photoreceptor *(CRYD)
VIT_03s0038g04760	Vitvi05_01chr03g05290	26.1.2.1.3	mapman:External stimuli response.light.UV-A/blue light.cryptochrome-mediated photoperception.bHLH-XII-class regulatory cryptochrome-binding protein
VIT_05s0029g00390	Vitvi05_01chr05g16590	26.1.2.1.3	mapman:External stimuli response.light.UV-A/blue light.cryptochrome-mediated photoperception.bHLH-XII-class regulatory cryptochrome-binding protein
VIT_01s0011g05810	Vitvi05_01chr01g07560	26.1.2.3	mapman:External stimuli response.light.UV-A/blue light.zeitlupe-mediated photoperception
VIT_01s0011g05810	Vitvi05_01chr01g07560	26.1.2.3.1	mapman:External stimuli response.light.UV-A/blue light.zeitlupe-mediated photoperception.substrate adaptor *(ADO) of SCF E3 ubiquitin ligase
VIT_07s0031g02560	Vitvi05_01chr07g30910	26.1.3	mapman:External stimuli response.light.UV-B light
VIT_07s0031g02560	Vitvi05_01chr07g30910	26.1.3.1	mapman:External stimuli response.light.UV-B light.UVR8-mediated photoperception
VIT_07s0031g02560	Vitvi05_01chr07g30910	26.1.3.1.1	mapman:External stimuli response.light.UV-B light.UVR8-mediated photoperception.photoreceptor *(UVR8)
VIT_00s0238g00060	Vitvi05_01chr18g33080	26.10	mapman:External stimuli response.pathogen
VIT_00s0487g00050	Vitvi05_01chr07g22070	26.10	mapman:External stimuli response.pathogen
VIT_03s0038g03220	Vitvi05_01chr03g03270	26.10	mapman:External stimuli response.pathogen
VIT_05s0077g01720	Vitvi05_01chr05g00840	26.10	mapman:External stimuli response.pathogen
VIT_07s0031g02390	Vitvi05_01chr07g30660	26.10	mapman:External stimuli response.pathogen
VIT_08s0007g07690	Vitvi05_01chr08g23110	26.10	mapman:External stimuli response.pathogen
VIT_14s0066g01820	Vitvi05_01chr14g27400	26.10	mapman:External stimuli response.pathogen
VIT_15s0046g01560	Vitvi05_01chr15g18240	26.10	mapman:External stimuli response.pathogen
VIT_15s0046g01570	Vitvi05_01chr15g18250	26.10	mapman:External stimuli response.pathogen
VIT_15s0046g01590	Vitvi05_01chr15g18270	26.10	mapman:External stimuli response.pathogen
VIT_15s0046g01610	Vitvi05_01chr15g18300	26.10	mapman:External stimuli response.pathogen
VIT_19s0014g05430	Vitvi05_01chr19g07380	26.10	mapman:External stimuli response.pathogen
VIT_03s0038g03220	Vitvi05_01chr03g03270	26.10.1	mapman:External stimuli response.pathogen.pattern-triggered immunity (PTI) machinery
VIT_03s0038g03220	Vitvi05_01chr03g03270	26.10.1.2	mapman:External stimuli response.pathogen.pattern-triggered immunity (PTI) machinery.fungal elicitor response
VIT_03s0038g03220	Vitvi05_01chr03g03270	26.10.1.2.2	mapman:External stimuli response.pathogen.pattern-triggered immunity (PTI) machinery.fungal elicitor response.chitin receptor protein kinase *(CEBiP)
VIT_00s0238g00060	Vitvi05_01chr18g33080	26.10.2	mapman:External stimuli response.pathogen.effector-triggered immunity (ETI) machinery
VIT_00s0487g00050	Vitvi05_01chr07g22070	26.10.2	mapman:External stimuli response.pathogen.effector-triggered immunity (ETI) machinery
VIT_05s0077g01720	Vitvi05_01chr05g00840	26.10.2	mapman:External stimuli response.pathogen.effector-triggered immunity (ETI) machinery
VIT_07s0031g02390	Vitvi05_01chr07g30660	26.10.2	mapman:External stimuli response.pathogen.effector-triggered immunity (ETI) machinery
VIT_14s0066g01820	Vitvi05_01chr14g27400	26.10.2	mapman:External stimuli response.pathogen.effector-triggered immunity (ETI) machinery
VIT_19s0014g05430	Vitvi05_01chr19g07380	26.10.2	mapman:External stimuli response.pathogen.effector-triggered immunity (ETI) machinery
VIT_00s0238g00060	Vitvi05_01chr18g33080	26.10.2.1	mapman:External stimuli response.pathogen.effector-triggered immunity (ETI) machinery.TNL-mediated effector-triggered immunity
VIT_00s0487g00050	Vitvi05_01chr07g22070	26.10.2.1	mapman:External stimuli response.pathogen.effector-triggered immunity (ETI) machinery.TNL-mediated effector-triggered immunity
VIT_05s0077g01720	Vitvi05_01chr05g00840	26.10.2.1	mapman:External stimuli response.pathogen.effector-triggered immunity (ETI) machinery.TNL-mediated effector-triggered immunity
VIT_07s0031g02390	Vitvi05_01chr07g30660	26.10.2.1	mapman:External stimuli response.pathogen.effector-triggered immunity (ETI) machinery.TNL-mediated effector-triggered immunity
VIT_14s0066g01820	Vitvi05_01chr14g27400	26.10.2.1	mapman:External stimuli response.pathogen.effector-triggered immunity (ETI) machinery.TNL-mediated effector-triggered immunity
VIT_00s0238g00060	Vitvi05_01chr18g33080	26.10.2.1.1	mapman:External stimuli response.pathogen.effector-triggered immunity (ETI) machinery.TNL-mediated effector-triggered immunity.effector receptor *(NLR)
VIT_00s0487g00050	Vitvi05_01chr07g22070	26.10.2.1.3	mapman:External stimuli response.pathogen.effector-triggered immunity (ETI) machinery.TNL-mediated effector-triggered immunity.regulatory protein *(NRG)
VIT_05s0077g01720	Vitvi05_01chr05g00840	26.10.2.1.4	mapman:External stimuli response.pathogen.effector-triggered immunity (ETI) machinery.TNL-mediated effector-triggered immunity.EDS1-PAD4/SAG101 signalling heterodimers
VIT_07s0031g02390	Vitvi05_01chr07g30660	26.10.2.1.4	mapman:External stimuli response.pathogen.effector-triggered immunity (ETI) machinery.TNL-mediated effector-triggered immunity.EDS1-PAD4/SAG101 signalling heterodimers
VIT_14s0066g01820	Vitvi05_01chr14g27400	26.10.2.1.4	mapman:External stimuli response.pathogen.effector-triggered immunity (ETI) machinery.TNL-mediated effector-triggered immunity.EDS1-PAD4/SAG101 signalling heterodimers
VIT_07s0031g02390	Vitvi05_01chr07g30660	26.10.2.1.4.1	mapman:External stimuli response.pathogen.effector-triggered immunity (ETI) machinery.TNL-mediated effector-triggered immunity.EDS1-PAD4/SAG101 signalling heterodimers.component *(EDS1)
VIT_07s0031g02390	Vitvi05_01chr07g30660	26.10.2.1.4.2	mapman:External stimuli response.pathogen.effector-triggered immunity (ETI) machinery.TNL-mediated effector-triggered immunity.EDS1-PAD4/SAG101 signalling heterodimers.component *(PAD4)
VIT_05s0077g01720	Vitvi05_01chr05g00840	26.10.2.1.4.3	mapman:External stimuli response.pathogen.effector-triggered immunity (ETI) machinery.TNL-mediated effector-triggered immunity.EDS1-PAD4/SAG101 signalling heterodimers.component *(SAG101)
VIT_14s0066g01820	Vitvi05_01chr14g27400	26.10.2.1.4.3	mapman:External stimuli response.pathogen.effector-triggered immunity (ETI) machinery.TNL-mediated effector-triggered immunity.EDS1-PAD4/SAG101 signalling heterodimers.component *(SAG101)
VIT_19s0014g05430	Vitvi05_01chr19g07380	26.10.2.3	mapman:External stimuli response.pathogen.effector-triggered immunity (ETI) machinery.regulatory protein *(NDR1)
VIT_08s0007g07690	Vitvi05_01chr08g23110	26.10.3	mapman:External stimuli response.pathogen.defense mechanisms
VIT_15s0046g01560	Vitvi05_01chr15g18240	26.10.3	mapman:External stimuli response.pathogen.defense mechanisms
VIT_15s0046g01570	Vitvi05_01chr15g18250	26.10.3	mapman:External stimuli response.pathogen.defense mechanisms
VIT_15s0046g01590	Vitvi05_01chr15g18270	26.10.3	mapman:External stimuli response.pathogen.defense mechanisms
VIT_15s0046g01610	Vitvi05_01chr15g18300	26.10.3	mapman:External stimuli response.pathogen.defense mechanisms
VIT_08s0007g07690	Vitvi05_01chr08g23110	26.10.3.3	mapman:External stimuli response.pathogen.defense mechanisms.defense enzyme activities
VIT_15s0046g01570	Vitvi05_01chr15g18250	26.10.3.3	mapman:External stimuli response.pathogen.defense mechanisms.defense enzyme activities
VIT_15s0046g01590	Vitvi05_01chr15g18270	26.10.3.3	mapman:External stimuli response.pathogen.defense mechanisms.defense enzyme activities
VIT_15s0046g01610	Vitvi05_01chr15g18300	26.10.3.3	mapman:External stimuli response.pathogen.defense mechanisms.defense enzyme activities
VIT_08s0007g07690	Vitvi05_01chr08g23110	26.10.3.3.1	mapman:External stimuli response.pathogen.defense mechanisms.defense enzyme activities.pathogen polygalacturonase inhibitor *(PGIP)
VIT_15s0046g01570	Vitvi05_01chr15g18250	26.10.3.3.2	mapman:External stimuli response.pathogen.defense mechanisms.defense enzyme activities.chitinase activities
VIT_15s0046g01590	Vitvi05_01chr15g18270	26.10.3.3.2	mapman:External stimuli response.pathogen.defense mechanisms.defense enzyme activities.chitinase activities
VIT_15s0046g01610	Vitvi05_01chr15g18300	26.10.3.3.2	mapman:External stimuli response.pathogen.defense mechanisms.defense enzyme activities.chitinase activities
VIT_15s0046g01570	Vitvi05_01chr15g18250	26.10.3.3.2.1	mapman:External stimuli response.pathogen.defense mechanisms.defense enzyme activities.chitinase activities.acidic chitinase *(CHIA)
VIT_15s0046g01590	Vitvi05_01chr15g18270	26.10.3.3.2.1	mapman:External stimuli response.pathogen.defense mechanisms.defense enzyme activities.chitinase activities.acidic chitinase *(CHIA)
VIT_15s0046g01610	Vitvi05_01chr15g18300	26.10.3.3.2.1	mapman:External stimuli response.pathogen.defense mechanisms.defense enzyme activities.chitinase activities.acidic chitinase *(CHIA)
VIT_15s0046g01560	Vitvi05_01chr15g18240	26.10.3.4	mapman:External stimuli response.pathogen.defense mechanisms.BAG6-dependent plant immunity
VIT_15s0046g01560	Vitvi05_01chr15g18240	26.10.3.4.1	mapman:External stimuli response.pathogen.defense mechanisms.BAG6-dependent plant immunity.chaperone regulator *(BAG6)
VIT_06s0004g00490	Vitvi05_01chr06g00870	26.11	mapman:External stimuli response.symbiont
VIT_06s0004g00490	Vitvi05_01chr06g00870	26.11.1	mapman:External stimuli response.symbiont.common symbiotic signalling pathway (CSSP)
VIT_06s0004g00490	Vitvi05_01chr06g00870	26.11.1.7	mapman:External stimuli response.symbiont.common symbiotic signalling pathway (CSSP).transcription factor *(ERN1)
VIT_14s0083g00620	Vitvi05_01chr14g19340	26.12	mapman:External stimuli response.virus
VIT_14s0083g00620	Vitvi05_01chr14g19340	26.12.1	mapman:External stimuli response.virus.virus infection
VIT_14s0083g00620	Vitvi05_01chr14g19340	26.12.1.3	mapman:External stimuli response.virus.virus infection.nuclear shuttle protein (NSP) nucleocytoplasmic trafficking
VIT_14s0083g00620	Vitvi05_01chr14g19340	26.12.1.3.1	mapman:External stimuli response.virus.virus infection.nuclear shuttle protein (NSP) nucleocytoplasmic trafficking.receptor-like protein kinase *(NIK1)
VIT_07s0005g00140	Vitvi05_01chr07g04860	26.13	mapman:External stimuli response.multi-stress
VIT_18s0001g12660	Vitvi05_01chr18g14640	26.13	mapman:External stimuli response.multi-stress
VIT_07s0005g00140	Vitvi05_01chr07g04860	26.13.1	mapman:External stimuli response.multi-stress.regulatory stress-responsive protein *(TSPO)
VIT_18s0001g12660	Vitvi05_01chr18g14640	26.13.2	mapman:External stimuli response.multi-stress.regulatory stress-responsive protein *(TLP)
VIT_05s0077g01860	Vitvi05_01chr05g00650	26.2	mapman:External stimuli response.oxygen
VIT_05s0077g01860	Vitvi05_01chr05g00650	26.2.1	mapman:External stimuli response.oxygen.plasma-membrane-associated oxygen-sensor activity
VIT_05s0077g01860	Vitvi05_01chr05g00650	26.2.1.1	mapman:External stimuli response.oxygen.plasma-membrane-associated oxygen-sensor activity.transcription factor component *(HRE/RAP2-12)
VIT_18s0001g08100	Vitvi05_01chr18g08630	26.4	mapman:External stimuli response.gravity
VIT_18s0001g08100	Vitvi05_01chr18g08630	26.4.1	mapman:External stimuli response.gravity.sensing and signalling
VIT_18s0001g08100	Vitvi05_01chr18g08630	26.4.1.6	mapman:External stimuli response.gravity.sensing and signalling.E3 ubiquitin ligase *(WAV3)
VIT_04s0008g01110	Vitvi05_01chr04g01220	26.5	mapman:External stimuli response.temperature
VIT_10s0003g02680	Vitvi05_01chr10g12670	26.5	mapman:External stimuli response.temperature
VIT_14s0108g01420	Vitvi05_01chr14g30070	26.5	mapman:External stimuli response.temperature
VIT_16s0100g00380	Vitvi05_01chr16g13550	26.5	mapman:External stimuli response.temperature
VIT_17s0000g07190	Vitvi05_01chr17g10550	26.5	mapman:External stimuli response.temperature
VIT_10s0003g02680	Vitvi05_01chr10g12670	26.5.1	mapman:External stimuli response.temperature.sensing and signalling
VIT_14s0108g01420	Vitvi05_01chr14g30070	26.5.1	mapman:External stimuli response.temperature.sensing and signalling
VIT_14s0108g01420	Vitvi05_01chr14g30070	26.5.1.1	mapman:External stimuli response.temperature.sensing and signalling.temperature sensor protein *(CNGC2)
VIT_10s0003g02680	Vitvi05_01chr10g12670	26.5.1.2	mapman:External stimuli response.temperature.sensing and signalling.temperature sensor protein *(PHY-B)
VIT_04s0008g01110	Vitvi05_01chr04g01220	26.5.2	mapman:External stimuli response.temperature.heat response
VIT_17s0000g07190	Vitvi05_01chr17g10550	26.5.2	mapman:External stimuli response.temperature.heat response
VIT_17s0000g07190	Vitvi05_01chr17g10550	26.5.2.3	mapman:External stimuli response.temperature.heat response.cytosolic chaperone *(Hsp101)
VIT_04s0008g01110	Vitvi05_01chr04g01220	26.5.2.5	mapman:External stimuli response.temperature.heat response.acquired thermotolerance
VIT_04s0008g01110	Vitvi05_01chr04g01220	26.5.2.5.1	mapman:External stimuli response.temperature.heat response.acquired thermotolerance.transcriptional memory factor *(HsfA2)
VIT_16s0100g00380	Vitvi05_01chr16g13550	26.5.3	mapman:External stimuli response.temperature.cold response
VIT_16s0100g00380	Vitvi05_01chr16g13550	26.5.3.4	mapman:External stimuli response.temperature.cold response.ICE-CBF-COR cold acclimation signalling
VIT_16s0100g00380	Vitvi05_01chr16g13550	26.5.3.4.2	mapman:External stimuli response.temperature.cold response.ICE-CBF-COR cold acclimation signalling.transcription factor *(CBF/DREB1)
VIT_17s0000g04490	Vitvi05_01chr17g06330	26.6	mapman:External stimuli response.drought
VIT_17s0000g04490	Vitvi05_01chr17g06330	26.6.1	mapman:External stimuli response.drought.stomatal closure signalling
VIT_17s0000g04490	Vitvi05_01chr17g06330	26.6.1.2	mapman:External stimuli response.drought.stomatal closure signalling.calcium sensor *(CAS)
VIT_04s0008g00960	Vitvi05_01chr04g01070	26.7	mapman:External stimuli response.salinity
VIT_06s0004g04610	Vitvi05_01chr06g06960	26.7	mapman:External stimuli response.salinity
VIT_16s0098g01870	Vitvi05_01chr16g22190	26.7	mapman:External stimuli response.salinity
VIT_04s0008g00960	Vitvi05_01chr04g01070	26.7.1	mapman:External stimuli response.salinity.SOS (Salt Overly Sensitive) signalling pathway
VIT_06s0004g04610	Vitvi05_01chr06g06960	26.7.1	mapman:External stimuli response.salinity.SOS (Salt Overly Sensitive) signalling pathway
VIT_16s0098g01870	Vitvi05_01chr16g22190	26.7.1	mapman:External stimuli response.salinity.SOS (Salt Overly Sensitive) signalling pathway
VIT_04s0008g00960	Vitvi05_01chr04g01070	26.7.1.1	mapman:External stimuli response.salinity.SOS (Salt Overly Sensitive) signalling pathway.SOS3-SOS2 signalling
VIT_16s0098g01870	Vitvi05_01chr16g22190	26.7.1.1	mapman:External stimuli response.salinity.SOS (Salt Overly Sensitive) signalling pathway.SOS3-SOS2 signalling
VIT_16s0098g01870	Vitvi05_01chr16g22190	26.7.1.1.1	mapman:External stimuli response.salinity.SOS (Salt Overly Sensitive) signalling pathway.SOS3-SOS2 signalling.calcium-dependent SOS2 activator *(SOS3)
VIT_04s0008g00960	Vitvi05_01chr04g01070	26.7.1.1.3	mapman:External stimuli response.salinity.SOS (Salt Overly Sensitive) signalling pathway.SOS3-SOS2 signalling.calcium-dependent regulatory protein *(SCaBP8/CBL10)
VIT_06s0004g04610	Vitvi05_01chr06g06960	26.7.1.4	mapman:External stimuli response.salinity.SOS (Salt Overly Sensitive) signalling pathway.regulatory factor *(SOS5)
VIT_06s0004g03690	Vitvi05_01chr06g05620	26.8	mapman:External stimuli response.toxic compounds
VIT_06s0004g04640	Vitvi05_01chr06g06990	26.8	mapman:External stimuli response.toxic compounds
VIT_19s0014g02740	Vitvi05_01chr19g03690	26.8	mapman:External stimuli response.toxic compounds
VIT_06s0004g04640	Vitvi05_01chr06g06990	26.8.1	mapman:External stimuli response.toxic compounds.heavy metal
VIT_19s0014g02740	Vitvi05_01chr19g03690	26.8.1	mapman:External stimuli response.toxic compounds.heavy metal
VIT_06s0004g04640	Vitvi05_01chr06g06990	26.8.1.1	mapman:External stimuli response.toxic compounds.heavy metal.metallothionein
VIT_19s0014g02740	Vitvi05_01chr19g03690	26.8.1.1	mapman:External stimuli response.toxic compounds.heavy metal.metallothionein
VIT_06s0004g03690	Vitvi05_01chr06g05620	26.8.2	mapman:External stimuli response.toxic compounds.arsenic
VIT_06s0004g03690	Vitvi05_01chr06g05620	26.8.2.3	mapman:External stimuli response.toxic compounds.arsenic.glutathione-mediated detoxification
VIT_06s0004g03690	Vitvi05_01chr06g05620	26.8.2.3.2	mapman:External stimuli response.toxic compounds.arsenic.glutathione-mediated detoxification.class lambda glutathione S-transferase
VIT_00s0323g00100	Vitvi05_01chr02g07050	27	mapman:Multi-process regulation
VIT_00s0929g00020	Vitvi05_01chr07g24440	27	mapman:Multi-process regulation
VIT_01s0011g02470	Vitvi05_01chr01g03040	27	mapman:Multi-process regulation
VIT_02s0012g00550	Vitvi05_01chr02g10720	27	mapman:Multi-process regulation
VIT_02s0012g00990	Vitvi05_01chr02g11330	27	mapman:Multi-process regulation
VIT_02s0025g01610	Vitvi05_01chr02g01860	27	mapman:Multi-process regulation
VIT_03s0038g01380	Vitvi05_01chr03g01250	27	mapman:Multi-process regulation
VIT_03s0091g00410	Vitvi05_01chr03g09540	27	mapman:Multi-process regulation
VIT_03s0180g00070	Vitvi05_01chr03g08660	27	mapman:Multi-process regulation
VIT_04s0008g00460	Vitvi05_01chr04g00490	27	mapman:Multi-process regulation
VIT_04s0008g00960	Vitvi05_01chr04g01070	27	mapman:Multi-process regulation
VIT_04s0008g05770	Vitvi05_01chr04g07060	27	mapman:Multi-process regulation
VIT_05s0020g03870	Vitvi05_01chr05g08060	27	mapman:Multi-process regulation
VIT_05s0020g04420	Vitvi05_01chr05g09000	27	mapman:Multi-process regulation
VIT_05s0020g04570	Vitvi05_01chr05g09190	27	mapman:Multi-process regulation
VIT_05s0020g04860	Vitvi05_01chr05g09550	27	mapman:Multi-process regulation
VIT_05s0062g00780	Vitvi05_01chr05g19980	27	mapman:Multi-process regulation
VIT_05s0094g01080	Vitvi05_01chr05g26060	27	mapman:Multi-process regulation
VIT_05s0102g00450	Vitvi05_01chr05g22910	27	mapman:Multi-process regulation
VIT_06s0004g01140	Vitvi05_01chr06g01760	27	mapman:Multi-process regulation
VIT_06s0004g02640	Vitvi05_01chr06g04090	27	mapman:Multi-process regulation
VIT_06s0004g06660	Vitvi05_01chr06g09680	27	mapman:Multi-process regulation
VIT_06s0061g00280	Vitvi05_01chr06g19080	27	mapman:Multi-process regulation
VIT_07s0031g00530	Vitvi05_01chr07g28150	27	mapman:Multi-process regulation
VIT_07s0031g00920	Vitvi05_01chr07g28730	27	mapman:Multi-process regulation
VIT_08s0040g00490	Vitvi05_01chr08g09140	27	mapman:Multi-process regulation
VIT_08s0058g01090	Vitvi05_01chr08g08060	27	mapman:Multi-process regulation
VIT_09s0002g00420	Vitvi05_01chr09g00420	27	mapman:Multi-process regulation
VIT_09s0002g07920	Vitvi05_01chr09g10110	27	mapman:Multi-process regulation
VIT_09s0002g07940	Vitvi05_01chr09g10130	27	mapman:Multi-process regulation
VIT_10s0003g01410	Vitvi05_01chr10g10620	27	mapman:Multi-process regulation
VIT_10s0042g00170	Vitvi05_01chr10g24740	27	mapman:Multi-process regulation
VIT_11s0052g01700	Vitvi05_01chr11g18950	27	mapman:Multi-process regulation
VIT_12s0059g00310	Vitvi05_01chr12g05920	27	mapman:Multi-process regulation
VIT_13s0067g00890	Vitvi05_01chr13g00620	27	mapman:Multi-process regulation
VIT_14s0030g01790	Vitvi05_01chr14g07610	27	mapman:Multi-process regulation
VIT_14s0108g01000	Vitvi05_01chr14g29510	27	mapman:Multi-process regulation
VIT_15s0021g01130	Vitvi05_01chr15g08920	27	mapman:Multi-process regulation
VIT_16s0013g00220	Vitvi05_01chr16g04170	27	mapman:Multi-process regulation
VIT_16s0098g01870	Vitvi05_01chr16g22190	27	mapman:Multi-process regulation
VIT_16s0100g00740	Vitvi05_01chr16g13990	27	mapman:Multi-process regulation
VIT_17s0000g08240	Vitvi05_01chr17g12050	27	mapman:Multi-process regulation
VIT_18s0001g00720	Vitvi05_01chr18g02080	27	mapman:Multi-process regulation
VIT_18s0001g10480	Vitvi05_01chr18g11890	27	mapman:Multi-process regulation
VIT_18s0001g11830	Vitvi05_01chr18g13540	27	mapman:Multi-process regulation
VIT_05s0020g04860	Vitvi05_01chr05g09550	27.1	mapman:Multi-process regulation.circadian clock system
VIT_10s0042g00170	Vitvi05_01chr10g24740	27.1	mapman:Multi-process regulation.circadian clock system
VIT_16s0100g00740	Vitvi05_01chr16g13990	27.1	mapman:Multi-process regulation.circadian clock system
VIT_18s0001g10480	Vitvi05_01chr18g11890	27.1	mapman:Multi-process regulation.circadian clock system
VIT_05s0020g04860	Vitvi05_01chr05g09550	27.1.5	mapman:Multi-process regulation.circadian clock system.morning element regulation
VIT_10s0042g00170	Vitvi05_01chr10g24740	27.1.5	mapman:Multi-process regulation.circadian clock system.morning element regulation
VIT_10s0042g00170	Vitvi05_01chr10g24740	27.1.5.3	mapman:Multi-process regulation.circadian clock system.morning element regulation.repression factor *(CHE)
VIT_05s0020g04860	Vitvi05_01chr05g09550	27.1.5.4	mapman:Multi-process regulation.circadian clock system.morning element regulation.repression factor *(TZP)
VIT_16s0100g00740	Vitvi05_01chr16g13990	27.1.9	mapman:Multi-process regulation.circadian clock system.night-time repressor *(COR27)
VIT_18s0001g10480	Vitvi05_01chr18g11890	27.1.9	mapman:Multi-process regulation.circadian clock system.night-time repressor *(COR27)
VIT_05s0020g03870	Vitvi05_01chr05g08060	27.14	mapman:Multi-process regulation.MAP kinase cascade signalling
VIT_05s0094g01080	Vitvi05_01chr05g26060	27.14	mapman:Multi-process regulation.MAP kinase cascade signalling
VIT_07s0031g00530	Vitvi05_01chr07g28150	27.14	mapman:Multi-process regulation.MAP kinase cascade signalling
VIT_17s0000g08240	Vitvi05_01chr17g12050	27.14	mapman:Multi-process regulation.MAP kinase cascade signalling
VIT_18s0001g00720	Vitvi05_01chr18g02080	27.14	mapman:Multi-process regulation.MAP kinase cascade signalling
VIT_07s0031g00530	Vitvi05_01chr07g28150	27.14.3	mapman:Multi-process regulation.MAP kinase cascade signalling.MAP3K-MEKK protein kinase
VIT_05s0020g03870	Vitvi05_01chr05g08060	27.14.6	mapman:Multi-process regulation.MAP kinase cascade signalling.MAP3K-RAF/subgroup-C protein kinase family
VIT_05s0094g01080	Vitvi05_01chr05g26060	27.14.6	mapman:Multi-process regulation.MAP kinase cascade signalling.MAP3K-RAF/subgroup-C protein kinase family
VIT_17s0000g08240	Vitvi05_01chr17g12050	27.14.6	mapman:Multi-process regulation.MAP kinase cascade signalling.MAP3K-RAF/subgroup-C protein kinase family
VIT_18s0001g00720	Vitvi05_01chr18g02080	27.14.6	mapman:Multi-process regulation.MAP kinase cascade signalling.MAP3K-RAF/subgroup-C protein kinase family
VIT_05s0094g01080	Vitvi05_01chr05g26060	27.14.6.1	mapman:Multi-process regulation.MAP kinase cascade signalling.MAP3K-RAF/subgroup-C protein kinase family.subgroup-C1 protein kinase *(ILK1-6)
VIT_18s0001g00720	Vitvi05_01chr18g02080	27.14.6.2	mapman:Multi-process regulation.MAP kinase cascade signalling.MAP3K-RAF/subgroup-C protein kinase family.subgroup-C2 protein kinase *(RAF21/29/30)
VIT_17s0000g08240	Vitvi05_01chr17g12050	27.14.6.4	mapman:Multi-process regulation.MAP kinase cascade signalling.MAP3K-RAF/subgroup-C protein kinase family.subgroup-C5 protein kinase *(RAF36)
VIT_05s0020g03870	Vitvi05_01chr05g08060	27.14.6.6	mapman:Multi-process regulation.MAP kinase cascade signalling.MAP3K-RAF/subgroup-C protein kinase family.subgroup-C7 protein kinase *(RAF33)
VIT_00s0323g00100	Vitvi05_01chr02g07050	27.2	mapman:Multi-process regulation.Programmed Cell Death (PCD) system
VIT_02s0012g00990	Vitvi05_01chr02g11330	27.2	mapman:Multi-process regulation.Programmed Cell Death (PCD) system
VIT_03s0180g00070	Vitvi05_01chr03g08660	27.2	mapman:Multi-process regulation.Programmed Cell Death (PCD) system
VIT_08s0040g00490	Vitvi05_01chr08g09140	27.2	mapman:Multi-process regulation.Programmed Cell Death (PCD) system
VIT_16s0013g00220	Vitvi05_01chr16g04170	27.2	mapman:Multi-process regulation.Programmed Cell Death (PCD) system
VIT_02s0012g00990	Vitvi05_01chr02g11330	27.2.1	mapman:Multi-process regulation.Programmed Cell Death (PCD) system.regulatory protein *(LSD/LOL)
VIT_03s0180g00070	Vitvi05_01chr03g08660	27.2.10	mapman:Multi-process regulation.Programmed Cell Death (PCD) system.regulatory protein *(CYCLASE)
VIT_00s0323g00100	Vitvi05_01chr02g07050	27.2.13	mapman:Multi-process regulation.Programmed Cell Death (PCD) system.vacuole-mediated cell death
VIT_08s0040g00490	Vitvi05_01chr08g09140	27.2.13	mapman:Multi-process regulation.Programmed Cell Death (PCD) system.vacuole-mediated cell death
VIT_16s0013g00220	Vitvi05_01chr16g04170	27.2.13	mapman:Multi-process regulation.Programmed Cell Death (PCD) system.vacuole-mediated cell death
VIT_00s0323g00100	Vitvi05_01chr02g07050	27.2.13.1	mapman:Multi-process regulation.Programmed Cell Death (PCD) system.vacuole-mediated cell death.cysteine proteinase *(VPE)
VIT_16s0013g00220	Vitvi05_01chr16g04170	27.2.13.2	mapman:Multi-process regulation.Programmed Cell Death (PCD) system.vacuole-mediated cell death.metacaspase-like regulator *(MCP1)
VIT_08s0040g00490	Vitvi05_01chr08g09140	27.2.13.3	mapman:Multi-process regulation.Programmed Cell Death (PCD) system.vacuole-mediated cell death.metacaspase-like regulator *(MCP2)
VIT_04s0008g00460	Vitvi05_01chr04g00490	27.3	mapman:Multi-process regulation.SnRK1-kinase regulatory system
VIT_06s0004g01140	Vitvi05_01chr06g01760	27.3	mapman:Multi-process regulation.SnRK1-kinase regulatory system
VIT_09s0002g00420	Vitvi05_01chr09g00420	27.3	mapman:Multi-process regulation.SnRK1-kinase regulatory system
VIT_06s0004g01140	Vitvi05_01chr06g01760	27.3.2	mapman:Multi-process regulation.SnRK1-kinase regulatory system.regulatory protein kinase *(GRIK) of SnRK1 complex
VIT_09s0002g00420	Vitvi05_01chr09g00420	27.3.3	mapman:Multi-process regulation.SnRK1-kinase regulatory system.regulatory protein *(FLZ) of SnRK1 complex
VIT_04s0008g00460	Vitvi05_01chr04g00490	27.3.4	mapman:Multi-process regulation.SnRK1-kinase regulatory system.regulatory protein *(SKIN/OXS3) of SnRK1 complex
VIT_00s0929g00020	Vitvi05_01chr07g24440	27.5	mapman:Multi-process regulation.ROP-GTPase regulatory system
VIT_03s0091g00410	Vitvi05_01chr03g09540	27.5	mapman:Multi-process regulation.ROP-GTPase regulatory system
VIT_05s0062g00780	Vitvi05_01chr05g19980	27.5	mapman:Multi-process regulation.ROP-GTPase regulatory system
VIT_06s0004g02640	Vitvi05_01chr06g04090	27.5	mapman:Multi-process regulation.ROP-GTPase regulatory system
VIT_15s0021g01130	Vitvi05_01chr15g08920	27.5	mapman:Multi-process regulation.ROP-GTPase regulatory system
VIT_15s0021g01130	Vitvi05_01chr15g08920	27.5.1	mapman:Multi-process regulation.ROP-GTPase regulatory system.small GTPase *(ROP)
VIT_05s0062g00780	Vitvi05_01chr05g19980	27.5.4	mapman:Multi-process regulation.ROP-GTPase regulatory system.guanine nucleotide dissociation inhibitor *(RopGDI)
VIT_03s0091g00410	Vitvi05_01chr03g09540	27.5.5	mapman:Multi-process regulation.ROP-GTPase regulatory system.ROP GTPase effector activities
VIT_03s0091g00410	Vitvi05_01chr03g09540	27.5.5.3	mapman:Multi-process regulation.ROP-GTPase regulatory system.ROP GTPase effector activities.GTPase effector *(BDR)
VIT_06s0004g02640	Vitvi05_01chr06g04090	27.5.6	mapman:Multi-process regulation.ROP-GTPase regulatory system.interactive protein kinase of ROP-GTPase activity *(NCRK)
VIT_00s0929g00020	Vitvi05_01chr07g24440	27.5.7	mapman:Multi-process regulation.ROP-GTPase regulatory system.interactive protein kinase of ROP-GTPase activity *(RBK/RRK)
VIT_02s0012g00550	Vitvi05_01chr02g10720	27.6	mapman:Multi-process regulation.phosphoinositide signalling
VIT_02s0025g01610	Vitvi05_01chr02g01860	27.6	mapman:Multi-process regulation.phosphoinositide signalling
VIT_06s0004g06660	Vitvi05_01chr06g09680	27.6	mapman:Multi-process regulation.phosphoinositide signalling
VIT_06s0061g00280	Vitvi05_01chr06g19080	27.6	mapman:Multi-process regulation.phosphoinositide signalling
VIT_07s0031g00920	Vitvi05_01chr07g28730	27.6	mapman:Multi-process regulation.phosphoinositide signalling
VIT_13s0067g00890	Vitvi05_01chr13g00620	27.6	mapman:Multi-process regulation.phosphoinositide signalling
VIT_02s0012g00550	Vitvi05_01chr02g10720	27.6.1	mapman:Multi-process regulation.phosphoinositide signalling.inositol phosphate metabolism
VIT_06s0004g06660	Vitvi05_01chr06g09680	27.6.1	mapman:Multi-process regulation.phosphoinositide signalling.inositol phosphate metabolism
VIT_06s0061g00280	Vitvi05_01chr06g19080	27.6.1	mapman:Multi-process regulation.phosphoinositide signalling.inositol phosphate metabolism
VIT_07s0031g00920	Vitvi05_01chr07g28730	27.6.1	mapman:Multi-process regulation.phosphoinositide signalling.inositol phosphate metabolism
VIT_13s0067g00890	Vitvi05_01chr13g00620	27.6.1	mapman:Multi-process regulation.phosphoinositide signalling.inositol phosphate metabolism
VIT_07s0031g00920	Vitvi05_01chr07g28730	27.6.1.1	mapman:Multi-process regulation.phosphoinositide signalling.inositol phosphate metabolism.light-independent inositol phosphate biosynthesis
VIT_07s0031g00920	Vitvi05_01chr07g28730	27.6.1.1.2	mapman:Multi-process regulation.phosphoinositide signalling.inositol phosphate metabolism.light-independent inositol phosphate biosynthesis.myo-inositol-1-phosphate synthase *(MIPS)
VIT_06s0004g06660	Vitvi05_01chr06g09680	27.6.1.2	mapman:Multi-process regulation.phosphoinositide signalling.inositol phosphate metabolism.light-dependent inositol phosphate biosynthesis
VIT_13s0067g00890	Vitvi05_01chr13g00620	27.6.1.2	mapman:Multi-process regulation.phosphoinositide signalling.inositol phosphate metabolism.light-dependent inositol phosphate biosynthesis
VIT_06s0004g06660	Vitvi05_01chr06g09680	27.6.1.2.1	mapman:Multi-process regulation.phosphoinositide signalling.inositol phosphate metabolism.light-dependent inositol phosphate biosynthesis.phosphatidylinositol phospholipase *(PI-PLC)
VIT_13s0067g00890	Vitvi05_01chr13g00620	27.6.1.2.1	mapman:Multi-process regulation.phosphoinositide signalling.inositol phosphate metabolism.light-dependent inositol phosphate biosynthesis.phosphatidylinositol phospholipase *(PI-PLC)
VIT_06s0061g00280	Vitvi05_01chr06g19080	27.6.1.3	mapman:Multi-process regulation.phosphoinositide signalling.inositol phosphate metabolism.inositol hexakisphosphate biosynthesis
VIT_06s0061g00280	Vitvi05_01chr06g19080	27.6.1.3.2	mapman:Multi-process regulation.phosphoinositide signalling.inositol phosphate metabolism.inositol hexakisphosphate biosynthesis.phytic acid biosynthetic enzyme *(LPA1)
VIT_02s0012g00550	Vitvi05_01chr02g10720	27.6.1.5	mapman:Multi-process regulation.phosphoinositide signalling.inositol phosphate metabolism.inositol polyphosphate phosphatase activities
VIT_02s0012g00550	Vitvi05_01chr02g10720	27.6.1.5.1	mapman:Multi-process regulation.phosphoinositide signalling.inositol phosphate metabolism.inositol polyphosphate phosphatase activities.type-I inositol-polyphosphate 5-phosphatase
VIT_02s0025g01610	Vitvi05_01chr02g01860	27.6.2	mapman:Multi-process regulation.phosphoinositide signalling.phosphoinositide homeostasis
VIT_02s0025g01610	Vitvi05_01chr02g01860	27.6.2.3	mapman:Multi-process regulation.phosphoinositide signalling.phosphoinositide homeostasis.phosphatidylinositol 4-kinase *(PI4K-gamma)
VIT_09s0002g07920	Vitvi05_01chr09g10110	27.7	mapman:Multi-process regulation.pyrophosphate homeostasis
VIT_09s0002g07940	Vitvi05_01chr09g10130	27.7	mapman:Multi-process regulation.pyrophosphate homeostasis
VIT_09s0002g07920	Vitvi05_01chr09g10110	27.7.3	mapman:Multi-process regulation.pyrophosphate homeostasis.proton-translocating pyrophosphatase *(VHP1)
VIT_09s0002g07940	Vitvi05_01chr09g10130	27.7.3	mapman:Multi-process regulation.pyrophosphate homeostasis.proton-translocating pyrophosphatase *(VHP1)
VIT_01s0011g02470	Vitvi05_01chr01g03040	27.8	mapman:Multi-process regulation.calcium-dependent signalling
VIT_03s0038g01380	Vitvi05_01chr03g01250	27.8	mapman:Multi-process regulation.calcium-dependent signalling
VIT_04s0008g00960	Vitvi05_01chr04g01070	27.8	mapman:Multi-process regulation.calcium-dependent signalling
VIT_04s0008g05770	Vitvi05_01chr04g07060	27.8	mapman:Multi-process regulation.calcium-dependent signalling
VIT_05s0020g04420	Vitvi05_01chr05g09000	27.8	mapman:Multi-process regulation.calcium-dependent signalling
VIT_05s0020g04570	Vitvi05_01chr05g09190	27.8	mapman:Multi-process regulation.calcium-dependent signalling
VIT_05s0102g00450	Vitvi05_01chr05g22910	27.8	mapman:Multi-process regulation.calcium-dependent signalling
VIT_08s0058g01090	Vitvi05_01chr08g08060	27.8	mapman:Multi-process regulation.calcium-dependent signalling
VIT_10s0003g01410	Vitvi05_01chr10g10620	27.8	mapman:Multi-process regulation.calcium-dependent signalling
VIT_11s0052g01700	Vitvi05_01chr11g18950	27.8	mapman:Multi-process regulation.calcium-dependent signalling
VIT_12s0059g00310	Vitvi05_01chr12g05920	27.8	mapman:Multi-process regulation.calcium-dependent signalling
VIT_14s0108g01000	Vitvi05_01chr14g29510	27.8	mapman:Multi-process regulation.calcium-dependent signalling
VIT_16s0098g01870	Vitvi05_01chr16g22190	27.8	mapman:Multi-process regulation.calcium-dependent signalling
VIT_18s0001g11830	Vitvi05_01chr18g13540	27.8	mapman:Multi-process regulation.calcium-dependent signalling
VIT_01s0011g02470	Vitvi05_01chr01g03040	27.8.2	mapman:Multi-process regulation.calcium-dependent signalling.calcium sensor *(CML)
VIT_05s0020g04420	Vitvi05_01chr05g09000	27.8.2	mapman:Multi-process regulation.calcium-dependent signalling.calcium sensor *(CML)
VIT_05s0102g00450	Vitvi05_01chr05g22910	27.8.2	mapman:Multi-process regulation.calcium-dependent signalling.calcium sensor *(CML)
VIT_14s0108g01000	Vitvi05_01chr14g29510	27.8.2	mapman:Multi-process regulation.calcium-dependent signalling.calcium sensor *(CML)
VIT_18s0001g11830	Vitvi05_01chr18g13540	27.8.2	mapman:Multi-process regulation.calcium-dependent signalling.calcium sensor *(CML)
VIT_03s0038g01380	Vitvi05_01chr03g01250	27.8.3	mapman:Multi-process regulation.calcium-dependent signalling.SnRK2-interacting calcium sensor activities
VIT_12s0059g00310	Vitvi05_01chr12g05920	27.8.3	mapman:Multi-process regulation.calcium-dependent signalling.SnRK2-interacting calcium sensor activities
VIT_03s0038g01380	Vitvi05_01chr03g01250	27.8.3.1	mapman:Multi-process regulation.calcium-dependent signalling.SnRK2-interacting calcium sensor activities.SCS-clade calcium sensor
VIT_12s0059g00310	Vitvi05_01chr12g05920	27.8.3.3	mapman:Multi-process regulation.calcium-dependent signalling.SnRK2-interacting calcium sensor activities.SRC1-clade calcium sensor
VIT_12s0059g00310	Vitvi05_01chr12g05920	27.8.3.4	mapman:Multi-process regulation.calcium-dependent signalling.SnRK2-interacting calcium sensor activities.SRC2-clade calcium sensor
VIT_04s0008g00960	Vitvi05_01chr04g01070	27.8.6	mapman:Multi-process regulation.calcium-dependent signalling.CBL-CIPK calcium sensor and kinase pathways
VIT_04s0008g05770	Vitvi05_01chr04g07060	27.8.6	mapman:Multi-process regulation.calcium-dependent signalling.CBL-CIPK calcium sensor and kinase pathways
VIT_05s0020g04570	Vitvi05_01chr05g09190	27.8.6	mapman:Multi-process regulation.calcium-dependent signalling.CBL-CIPK calcium sensor and kinase pathways
VIT_08s0058g01090	Vitvi05_01chr08g08060	27.8.6	mapman:Multi-process regulation.calcium-dependent signalling.CBL-CIPK calcium sensor and kinase pathways
VIT_10s0003g01410	Vitvi05_01chr10g10620	27.8.6	mapman:Multi-process regulation.calcium-dependent signalling.CBL-CIPK calcium sensor and kinase pathways
VIT_11s0052g01700	Vitvi05_01chr11g18950	27.8.6	mapman:Multi-process regulation.calcium-dependent signalling.CBL-CIPK calcium sensor and kinase pathways
VIT_16s0098g01870	Vitvi05_01chr16g22190	27.8.6	mapman:Multi-process regulation.calcium-dependent signalling.CBL-CIPK calcium sensor and kinase pathways
VIT_04s0008g00960	Vitvi05_01chr04g01070	27.8.6.1	mapman:Multi-process regulation.calcium-dependent signalling.CBL-CIPK calcium sensor and kinase pathways.calcium sensor *(CBL)
VIT_16s0098g01870	Vitvi05_01chr16g22190	27.8.6.1	mapman:Multi-process regulation.calcium-dependent signalling.CBL-CIPK calcium sensor and kinase pathways.calcium sensor *(CBL)
VIT_04s0008g05770	Vitvi05_01chr04g07060	27.8.6.2	mapman:Multi-process regulation.calcium-dependent signalling.CBL-CIPK calcium sensor and kinase pathways.CBL-dependent protein kinase *(CIPK)
VIT_05s0020g04570	Vitvi05_01chr05g09190	27.8.6.2	mapman:Multi-process regulation.calcium-dependent signalling.CBL-CIPK calcium sensor and kinase pathways.CBL-dependent protein kinase *(CIPK)
VIT_08s0058g01090	Vitvi05_01chr08g08060	27.8.6.2	mapman:Multi-process regulation.calcium-dependent signalling.CBL-CIPK calcium sensor and kinase pathways.CBL-dependent protein kinase *(CIPK)
VIT_10s0003g01410	Vitvi05_01chr10g10620	27.8.6.2	mapman:Multi-process regulation.calcium-dependent signalling.CBL-CIPK calcium sensor and kinase pathways.CBL-dependent protein kinase *(CIPK)
VIT_11s0052g01700	Vitvi05_01chr11g18950	27.8.6.2	mapman:Multi-process regulation.calcium-dependent signalling.CBL-CIPK calcium sensor and kinase pathways.CBL-dependent protein kinase *(CIPK)
VIT_14s0030g01790	Vitvi05_01chr14g07610	27.9	mapman:Multi-process regulation.G-protein-dependent signalling
VIT_14s0030g01790	Vitvi05_01chr14g07610	27.9.4	mapman:Multi-process regulation.G-protein-dependent signalling.regulatory protein *(NDL)
VIT_00s0207g00010	Vitvi05_01chr07g21260	28	mapman:Plant reproduction
VIT_00s0956g00020	Vitvi05_01chr10g03980	28	mapman:Plant reproduction
VIT_03s0063g01380	Vitvi05_01chr03g07010	28	mapman:Plant reproduction
VIT_05s0077g00530	Vitvi05_01chr05g13120	28	mapman:Plant reproduction
VIT_09s0002g07110	Vitvi05_01chr09g08740	28	mapman:Plant reproduction
VIT_11s0016g03010	Vitvi05_01chr11g03580	28	mapman:Plant reproduction
VIT_12s0057g00310	Vitvi05_01chr12g10340	28	mapman:Plant reproduction
VIT_15s0048g01750	Vitvi05_01chr15g14310	28	mapman:Plant reproduction
VIT_18s0001g09530	Vitvi05_01chr18g10500	28	mapman:Plant reproduction
VIT_18s0001g10300	Vitvi05_01chr18g11640	28	mapman:Plant reproduction
VIT_03s0063g01380	Vitvi05_01chr03g07010	28.1	mapman:Plant reproduction.gametogenesis
VIT_05s0077g00530	Vitvi05_01chr05g13120	28.1	mapman:Plant reproduction.gametogenesis
VIT_11s0016g03010	Vitvi05_01chr11g03580	28.1	mapman:Plant reproduction.gametogenesis
VIT_15s0048g01750	Vitvi05_01chr15g14310	28.1	mapman:Plant reproduction.gametogenesis
VIT_18s0001g09530	Vitvi05_01chr18g10500	28.1	mapman:Plant reproduction.gametogenesis
VIT_05s0077g00530	Vitvi05_01chr05g13120	28.1.1	mapman:Plant reproduction.gametogenesis.male gametophyt
VIT_15s0048g01750	Vitvi05_01chr15g14310	28.1.1	mapman:Plant reproduction.gametogenesis.male gametophyt
VIT_18s0001g09530	Vitvi05_01chr18g10500	28.1.1	mapman:Plant reproduction.gametogenesis.male gametophyt
VIT_05s0077g00530	Vitvi05_01chr05g13120	28.1.1.10	mapman:Plant reproduction.gametogenesis.male gametophyt.anther dehiscence
VIT_05s0077g00530	Vitvi05_01chr05g13120	28.1.1.10.4	mapman:Plant reproduction.gametogenesis.male gametophyt.anther dehiscence.regulatory factor *(ADR)
VIT_18s0001g09530	Vitvi05_01chr18g10500	28.1.1.4	mapman:Plant reproduction.gametogenesis.male gametophyt.regulatory E3 ubiquitin ligase *(APD)
VIT_15s0048g01750	Vitvi05_01chr15g14310	28.1.1.8	mapman:Plant reproduction.gametogenesis.male gametophyt.exine formation
VIT_15s0048g01750	Vitvi05_01chr15g14310	28.1.1.8.6	mapman:Plant reproduction.gametogenesis.male gametophyt.exine formation.regulatory protein *(DEAP1)
VIT_03s0063g01380	Vitvi05_01chr03g07010	28.1.2	mapman:Plant reproduction.gametogenesis.female gametophyt
VIT_11s0016g03010	Vitvi05_01chr11g03580	28.1.2	mapman:Plant reproduction.gametogenesis.female gametophyt
VIT_11s0016g03010	Vitvi05_01chr11g03580	28.1.2.1	mapman:Plant reproduction.gametogenesis.female gametophyt.regulatory glutamate carboxypeptidase *(AMP1)
VIT_03s0063g01380	Vitvi05_01chr03g07010	28.1.2.4	mapman:Plant reproduction.gametogenesis.female gametophyt.central cell formation
VIT_03s0063g01380	Vitvi05_01chr03g07010	28.1.2.4.1	mapman:Plant reproduction.gametogenesis.female gametophyt.central cell formation.CCG transcriptional regulator activity
VIT_03s0063g01380	Vitvi05_01chr03g07010	28.1.2.4.1.2	mapman:Plant reproduction.gametogenesis.female gametophyt.central cell formation.CCG transcriptional regulator activity.regulatory protein *(CBP)
VIT_09s0002g07110	Vitvi05_01chr09g08740	28.2	mapman:Plant reproduction.pollination and fertilization
VIT_12s0057g00310	Vitvi05_01chr12g10340	28.2	mapman:Plant reproduction.pollination and fertilization
VIT_09s0002g07110	Vitvi05_01chr09g08740	28.2.1	mapman:Plant reproduction.pollination and fertilization.pollen aperture formation
VIT_09s0002g07110	Vitvi05_01chr09g08740	28.2.1.2	mapman:Plant reproduction.pollination and fertilization.pollen aperture formation.regulatory protein *(INP2)
VIT_12s0057g00310	Vitvi05_01chr12g10340	28.2.7	mapman:Plant reproduction.pollination and fertilization.karyogamy factor *(GEX1)
VIT_00s0207g00010	Vitvi05_01chr07g21260	28.4	mapman:Plant reproduction.endosperm formation
VIT_18s0001g10300	Vitvi05_01chr18g11640	28.4	mapman:Plant reproduction.endosperm formation
VIT_00s0207g00010	Vitvi05_01chr07g21260	28.4.1	mapman:Plant reproduction.endosperm formation.regulatory protein *(GLAUCE)
VIT_18s0001g10300	Vitvi05_01chr18g11640	28.4.3	mapman:Plant reproduction.endosperm formation.transcriptional regulator *(ZHOUPI)
VIT_00s0956g00020	Vitvi05_01chr10g03980	28.5	mapman:Plant reproduction.seed formation
VIT_00s0956g00020	Vitvi05_01chr10g03980	28.5.1	mapman:Plant reproduction.seed formation.seed maturation
VIT_00s0956g00020	Vitvi05_01chr10g03980	28.5.1.1	mapman:Plant reproduction.seed formation.seed maturation.transcriptional regulator *(LEC1)
VIT_01s0011g00110	Vitvi05_01chr01g00330	29	mapman:Plant organogenesis
VIT_01s0011g03070	Vitvi05_01chr01g03750	29	mapman:Plant organogenesis
VIT_01s0026g01910	Vitvi05_01chr01g14450	29	mapman:Plant organogenesis
VIT_01s0026g02580	Vitvi05_01chr01g15360	29	mapman:Plant organogenesis
VIT_02s0154g00070	Vitvi05_01chr02g07130	29	mapman:Plant organogenesis
VIT_04s0008g01970	Vitvi05_01chr04g02220	29	mapman:Plant organogenesis
VIT_06s0004g08210	Vitvi05_01chr06g11850	29	mapman:Plant organogenesis
VIT_08s0007g00410	Vitvi05_01chr08g13830	29	mapman:Plant organogenesis
VIT_10s0003g00420	Vitvi05_01chr10g09140	29	mapman:Plant organogenesis
VIT_10s0003g04670	Vitvi05_01chr10g16080	29	mapman:Plant organogenesis
VIT_13s0019g04910	Vitvi05_01chr13g09100	29	mapman:Plant organogenesis
VIT_13s0064g01290	Vitvi05_01chr13g26960	29	mapman:Plant organogenesis
VIT_14s0066g00120	Vitvi05_01chr14g25170	29	mapman:Plant organogenesis
VIT_14s0083g01030	Vitvi05_01chr14g20050	29	mapman:Plant organogenesis
VIT_15s0021g01880	Vitvi05_01chr15g10140	29	mapman:Plant organogenesis
VIT_15s0048g00550	Vitvi05_01chr15g12720	29	mapman:Plant organogenesis
VIT_15s0048g00830	Vitvi05_01chr15g13120	29	mapman:Plant organogenesis
VIT_19s0014g02970	Vitvi05_01chr19g04070	29	mapman:Plant organogenesis
VIT_01s0026g01910	Vitvi05_01chr01g14450	29.1	mapman:Plant organogenesis.leaf formation
VIT_02s0154g00070	Vitvi05_01chr02g07130	29.1	mapman:Plant organogenesis.leaf formation
VIT_04s0008g01970	Vitvi05_01chr04g02220	29.1	mapman:Plant organogenesis.leaf formation
VIT_08s0007g00410	Vitvi05_01chr08g13830	29.1	mapman:Plant organogenesis.leaf formation
VIT_10s0003g04670	Vitvi05_01chr10g16080	29.1	mapman:Plant organogenesis.leaf formation
VIT_15s0021g01880	Vitvi05_01chr15g10140	29.1	mapman:Plant organogenesis.leaf formation
VIT_15s0048g00550	Vitvi05_01chr15g12720	29.1	mapman:Plant organogenesis.leaf formation
VIT_08s0007g00410	Vitvi05_01chr08g13830	29.1.1	mapman:Plant organogenesis.leaf formation.adaxial polarity
VIT_10s0003g04670	Vitvi05_01chr10g16080	29.1.1	mapman:Plant organogenesis.leaf formation.adaxial polarity
VIT_15s0021g01880	Vitvi05_01chr15g10140	29.1.1	mapman:Plant organogenesis.leaf formation.adaxial polarity
VIT_10s0003g04670	Vitvi05_01chr10g16080	29.1.1.1	mapman:Plant organogenesis.leaf formation.adaxial polarity.transcriptional regulator *(REV/PHB/PHV)
VIT_15s0021g01880	Vitvi05_01chr15g10140	29.1.1.2	mapman:Plant organogenesis.leaf formation.adaxial polarity.transcriptional regulator *(HAT1)
VIT_08s0007g00410	Vitvi05_01chr08g13830	29.1.1.3	mapman:Plant organogenesis.leaf formation.adaxial polarity.regulatory AS1-AS2 complex
VIT_08s0007g00410	Vitvi05_01chr08g13830	29.1.1.3.1	mapman:Plant organogenesis.leaf formation.adaxial polarity.regulatory AS1-AS2 complex.transcriptional regulator component *(AS1)
VIT_02s0154g00070	Vitvi05_01chr02g07130	29.1.2	mapman:Plant organogenesis.leaf formation.abaxial polarity
VIT_15s0048g00550	Vitvi05_01chr15g12720	29.1.2	mapman:Plant organogenesis.leaf formation.abaxial polarity
VIT_02s0154g00070	Vitvi05_01chr02g07130	29.1.2.2	mapman:Plant organogenesis.leaf formation.abaxial polarity.transcriptional regulator *(YAB1/YAB3)
VIT_15s0048g00550	Vitvi05_01chr15g12720	29.1.2.2	mapman:Plant organogenesis.leaf formation.abaxial polarity.transcriptional regulator *(YAB1/YAB3)
VIT_01s0026g01910	Vitvi05_01chr01g14450	29.1.3	mapman:Plant organogenesis.leaf formation.stomata
VIT_04s0008g01970	Vitvi05_01chr04g02220	29.1.3	mapman:Plant organogenesis.leaf formation.stomata
VIT_04s0008g01970	Vitvi05_01chr04g02220	29.1.3.2	mapman:Plant organogenesis.leaf formation.stomata.stomatal patterning
VIT_04s0008g01970	Vitvi05_01chr04g02220	29.1.3.2.1	mapman:Plant organogenesis.leaf formation.stomata.stomatal patterning.regulatory peptide receptor kinase *(ERECTA)
VIT_01s0026g01910	Vitvi05_01chr01g14450	29.1.3.3	mapman:Plant organogenesis.leaf formation.stomata.guard cell formation
VIT_01s0026g01910	Vitvi05_01chr01g14450	29.1.3.3.3	mapman:Plant organogenesis.leaf formation.stomata.guard cell formation.transcriptional regulator *(MYB88/FLP)
VIT_06s0004g08210	Vitvi05_01chr06g11850	29.2	mapman:Plant organogenesis.root formation
VIT_06s0004g08210	Vitvi05_01chr06g11850	29.2.3	mapman:Plant organogenesis.root formation.endodermis apical meristem
VIT_06s0004g08210	Vitvi05_01chr06g11850	29.2.3.3	mapman:Plant organogenesis.root formation.endodermis apical meristem.signalling receptor kinase *(KOIN)
VIT_13s0019g04910	Vitvi05_01chr13g09100	29.3	mapman:Plant organogenesis.vascular system formation
VIT_14s0066g00120	Vitvi05_01chr14g25170	29.3	mapman:Plant organogenesis.vascular system formation
VIT_15s0048g00830	Vitvi05_01chr15g13120	29.3	mapman:Plant organogenesis.vascular system formation
VIT_19s0014g02970	Vitvi05_01chr19g04070	29.3	mapman:Plant organogenesis.vascular system formation
VIT_15s0048g00830	Vitvi05_01chr15g13120	29.3.2	mapman:Plant organogenesis.vascular system formation.xylem differentiation
VIT_15s0048g00830	Vitvi05_01chr15g13120	29.3.2.2	mapman:Plant organogenesis.vascular system formation.xylem differentiation.regulatory protein *(ASL19/20)
VIT_13s0019g04910	Vitvi05_01chr13g09100	29.3.3	mapman:Plant organogenesis.vascular system formation.phloem differentiation
VIT_14s0066g00120	Vitvi05_01chr14g25170	29.3.3	mapman:Plant organogenesis.vascular system formation.phloem differentiation
VIT_19s0014g02970	Vitvi05_01chr19g04070	29.3.3	mapman:Plant organogenesis.vascular system formation.phloem differentiation
VIT_13s0019g04910	Vitvi05_01chr13g09100	29.3.3.2	mapman:Plant organogenesis.vascular system formation.phloem differentiation.sieve element formation
VIT_14s0066g00120	Vitvi05_01chr14g25170	29.3.3.2	mapman:Plant organogenesis.vascular system formation.phloem differentiation.sieve element formation
VIT_19s0014g02970	Vitvi05_01chr19g04070	29.3.3.2	mapman:Plant organogenesis.vascular system formation.phloem differentiation.sieve element formation
VIT_13s0019g04910	Vitvi05_01chr13g09100	29.3.3.2.2	mapman:Plant organogenesis.vascular system formation.phloem differentiation.sieve element formation.sieve plate pore formation
VIT_19s0014g02970	Vitvi05_01chr19g04070	29.3.3.2.2	mapman:Plant organogenesis.vascular system formation.phloem differentiation.sieve element formation.sieve plate pore formation
VIT_13s0019g04910	Vitvi05_01chr13g09100	29.3.3.2.2.2	mapman:Plant organogenesis.vascular system formation.phloem differentiation.sieve element formation.sieve plate pore formation.pectate lyase *(PLL12)
VIT_19s0014g02970	Vitvi05_01chr19g04070	29.3.3.2.2.3	mapman:Plant organogenesis.vascular system formation.phloem differentiation.sieve element formation.sieve plate pore formation.choline transporter *(CHER/CTL1)
VIT_14s0066g00120	Vitvi05_01chr14g25170	29.3.3.2.3	mapman:Plant organogenesis.vascular system formation.phloem differentiation.sieve element formation.phloem filament
VIT_14s0066g00120	Vitvi05_01chr14g25170	29.3.3.2.3.1	mapman:Plant organogenesis.vascular system formation.phloem differentiation.sieve element formation.phloem filament.regulatory protein *(SEOR1/2/3)
VIT_01s0011g00110	Vitvi05_01chr01g00330	29.4	mapman:Plant organogenesis.flower formation
VIT_01s0011g03070	Vitvi05_01chr01g03750	29.4	mapman:Plant organogenesis.flower formation
VIT_01s0026g02580	Vitvi05_01chr01g15360	29.4	mapman:Plant organogenesis.flower formation
VIT_10s0003g00420	Vitvi05_01chr10g09140	29.4	mapman:Plant organogenesis.flower formation
VIT_13s0064g01290	Vitvi05_01chr13g26960	29.4	mapman:Plant organogenesis.flower formation
VIT_14s0083g01030	Vitvi05_01chr14g20050	29.4	mapman:Plant organogenesis.flower formation
VIT_01s0011g03070	Vitvi05_01chr01g03750	29.4.1	mapman:Plant organogenesis.flower formation.photoperiodic pathway
VIT_01s0026g02580	Vitvi05_01chr01g15360	29.4.1	mapman:Plant organogenesis.flower formation.photoperiodic pathway
VIT_13s0064g01290	Vitvi05_01chr13g26960	29.4.1	mapman:Plant organogenesis.flower formation.photoperiodic pathway
VIT_01s0026g02580	Vitvi05_01chr01g15360	29.4.1.2	mapman:Plant organogenesis.flower formation.photoperiodic pathway.transcriptional regulator *(CDF)
VIT_13s0064g01290	Vitvi05_01chr13g26960	29.4.1.3	mapman:Plant organogenesis.flower formation.photoperiodic pathway.transcriptional co-activator *(FBH)
VIT_01s0011g03070	Vitvi05_01chr01g03750	29.4.1.4	mapman:Plant organogenesis.flower formation.photoperiodic pathway.transcriptional regulator *(TEM)
VIT_01s0011g00110	Vitvi05_01chr01g00330	29.4.4	mapman:Plant organogenesis.flower formation.floral meristem identity
VIT_14s0083g01030	Vitvi05_01chr14g20050	29.4.4	mapman:Plant organogenesis.flower formation.floral meristem identity
VIT_01s0011g00110	Vitvi05_01chr01g00330	29.4.4.4	mapman:Plant organogenesis.flower formation.floral meristem identity.transcriptional regulator *(AP1/CAL/FUL)
VIT_14s0083g01030	Vitvi05_01chr14g20050	29.4.4.4	mapman:Plant organogenesis.flower formation.floral meristem identity.transcriptional regulator *(AP1/CAL/FUL)
VIT_01s0011g00110	Vitvi05_01chr01g00330	29.4.4.7	mapman:Plant organogenesis.flower formation.floral meristem identity.transcriptional regulator *(SEPALLATA)
VIT_10s0003g00420	Vitvi05_01chr10g09140	29.4.5	mapman:Plant organogenesis.flower formation.floral organ morphogenesis
VIT_10s0003g00420	Vitvi05_01chr10g09140	29.4.5.3	mapman:Plant organogenesis.flower formation.floral organ morphogenesis.transcriptional regulator *(ETT)
VIT_00s0304g00080	Vitvi05_01chr07g22560	3	mapman:Carbohydrate metabolism
VIT_00s0375g00030	Vitvi05_01chr10g07670	3	mapman:Carbohydrate metabolism
VIT_01s0011g00590	Vitvi05_01chr01g00750	3	mapman:Carbohydrate metabolism
VIT_01s0011g00600	Vitvi05_01chr01g00760	3	mapman:Carbohydrate metabolism
VIT_01s0127g00470	Vitvi05_01chr01g11040	3	mapman:Carbohydrate metabolism
VIT_02s0012g00170	Vitvi05_01chr02g10020	3	mapman:Carbohydrate metabolism
VIT_02s0154g00350	Vitvi05_01chr02g07560	3	mapman:Carbohydrate metabolism
VIT_03s0038g00670	Vitvi05_01chr03g00560	3	mapman:Carbohydrate metabolism
VIT_03s0038g04570	Vitvi05_01chr03g05100	3	mapman:Carbohydrate metabolism
VIT_04s0023g03010	Vitvi05_01chr04g19810	3	mapman:Carbohydrate metabolism
VIT_04s0044g01100	Vitvi05_01chr04g24010	3	mapman:Carbohydrate metabolism
VIT_04s0044g01130	Vitvi05_01chr04g24060	3	mapman:Carbohydrate metabolism
VIT_05s0020g02880	Vitvi05_01chr05g06770	3	mapman:Carbohydrate metabolism
VIT_05s0029g01140	Vitvi05_01chr05g18150	3	mapman:Carbohydrate metabolism
VIT_05s0077g01930	Vitvi05_01chr05g00560	3	mapman:Carbohydrate metabolism
VIT_05s0102g00710	Vitvi05_01chr05g23320	3	mapman:Carbohydrate metabolism
VIT_07s0005g01680	Vitvi05_01chr07g06730	3	mapman:Carbohydrate metabolism
VIT_07s0005g01970	Vitvi05_01chr07g07080	3	mapman:Carbohydrate metabolism
VIT_08s0007g08310	Vitvi05_01chr08g23880	3	mapman:Carbohydrate metabolism
VIT_10s0071g01100	Vitvi05_01chr10g26640	3	mapman:Carbohydrate metabolism
VIT_11s0016g05770	Vitvi05_01chr11g07210	3	mapman:Carbohydrate metabolism
VIT_11s0118g00200	Vitvi05_01chr11g07830	3	mapman:Carbohydrate metabolism
VIT_12s0057g00940	Vitvi05_01chr12g11280	3	mapman:Carbohydrate metabolism
VIT_13s0019g02330	Vitvi05_01chr13g05450	3	mapman:Carbohydrate metabolism
VIT_14s0060g00790	Vitvi05_01chr14g00990	3	mapman:Carbohydrate metabolism
VIT_14s0083g01100	Vitvi05_01chr14g20210	3	mapman:Carbohydrate metabolism
VIT_15s0048g00370	Vitvi05_01chr15g12500	3	mapman:Carbohydrate metabolism
VIT_16s0022g00670	Vitvi05_01chr16g10430	3	mapman:Carbohydrate metabolism
VIT_17s0000g01290	Vitvi05_01chr17g01500	3	mapman:Carbohydrate metabolism
VIT_17s0000g06960	Vitvi05_01chr17g10140	3	mapman:Carbohydrate metabolism
VIT_17s0000g07640	Vitvi05_01chr17g11250	3	mapman:Carbohydrate metabolism
VIT_17s0000g08070	Vitvi05_01chr17g11850	3	mapman:Carbohydrate metabolism
VIT_18s0001g15410	Vitvi05_01chr18g18210	3	mapman:Carbohydrate metabolism
VIT_01s0011g00590	Vitvi05_01chr01g00750	3.1	mapman:Carbohydrate metabolism.sucrose metabolism
VIT_01s0011g00600	Vitvi05_01chr01g00760	3.1	mapman:Carbohydrate metabolism.sucrose metabolism
VIT_04s0044g01100	Vitvi05_01chr04g24010	3.1	mapman:Carbohydrate metabolism.sucrose metabolism
VIT_05s0029g01140	Vitvi05_01chr05g18150	3.1	mapman:Carbohydrate metabolism.sucrose metabolism
VIT_05s0077g01930	Vitvi05_01chr05g00560	3.1	mapman:Carbohydrate metabolism.sucrose metabolism
VIT_05s0102g00710	Vitvi05_01chr05g23320	3.1	mapman:Carbohydrate metabolism.sucrose metabolism
VIT_11s0118g00200	Vitvi05_01chr11g07830	3.1	mapman:Carbohydrate metabolism.sucrose metabolism
VIT_16s0022g00670	Vitvi05_01chr16g10430	3.1	mapman:Carbohydrate metabolism.sucrose metabolism
VIT_01s0011g00590	Vitvi05_01chr01g00750	3.1.1	mapman:Carbohydrate metabolism.sucrose metabolism.triose-phosphate translocation
VIT_01s0011g00600	Vitvi05_01chr01g00760	3.1.1	mapman:Carbohydrate metabolism.sucrose metabolism.triose-phosphate translocation
VIT_01s0011g00590	Vitvi05_01chr01g00750	3.1.1.1	mapman:Carbohydrate metabolism.sucrose metabolism.triose-phosphate translocation.triose phosphate:phosphate translocator
VIT_01s0011g00600	Vitvi05_01chr01g00760	3.1.1.1	mapman:Carbohydrate metabolism.sucrose metabolism.triose-phosphate translocation.triose phosphate:phosphate translocator
VIT_05s0029g01140	Vitvi05_01chr05g18150	3.1.2	mapman:Carbohydrate metabolism.sucrose metabolism.biosynthesis
VIT_11s0118g00200	Vitvi05_01chr11g07830	3.1.2	mapman:Carbohydrate metabolism.sucrose metabolism.biosynthesis
VIT_05s0029g01140	Vitvi05_01chr05g18150	3.1.2.7	mapman:Carbohydrate metabolism.sucrose metabolism.biosynthesis.sucrose-phosphate synthase
VIT_11s0118g00200	Vitvi05_01chr11g07830	3.1.2.7	mapman:Carbohydrate metabolism.sucrose metabolism.biosynthesis.sucrose-phosphate synthase
VIT_04s0044g01100	Vitvi05_01chr04g24010	3.1.4	mapman:Carbohydrate metabolism.sucrose metabolism.degradation
VIT_05s0077g01930	Vitvi05_01chr05g00560	3.1.4	mapman:Carbohydrate metabolism.sucrose metabolism.degradation
VIT_05s0102g00710	Vitvi05_01chr05g23320	3.1.4	mapman:Carbohydrate metabolism.sucrose metabolism.degradation
VIT_16s0022g00670	Vitvi05_01chr16g10430	3.1.4	mapman:Carbohydrate metabolism.sucrose metabolism.degradation
VIT_04s0044g01100	Vitvi05_01chr04g24010	3.1.4.1	mapman:Carbohydrate metabolism.sucrose metabolism.degradation.invertase activities
VIT_16s0022g00670	Vitvi05_01chr16g10430	3.1.4.1	mapman:Carbohydrate metabolism.sucrose metabolism.degradation.invertase activities
VIT_16s0022g00670	Vitvi05_01chr16g10430	3.1.4.1.2	mapman:Carbohydrate metabolism.sucrose metabolism.degradation.invertase activities.vacuolar acid beta-fructofuranosidase *(VIN)
VIT_04s0044g01100	Vitvi05_01chr04g24010	3.1.4.1.4	mapman:Carbohydrate metabolism.sucrose metabolism.degradation.invertase activities.vacuolar/cell wall invertase inhibitor *(VIF2)
VIT_05s0077g01930	Vitvi05_01chr05g00560	3.1.4.2	mapman:Carbohydrate metabolism.sucrose metabolism.degradation.sucrose synthase
VIT_05s0102g00710	Vitvi05_01chr05g23320	3.1.4.4	mapman:Carbohydrate metabolism.sucrose metabolism.degradation.fructose kinase
VIT_02s0154g00350	Vitvi05_01chr02g07560	3.11	mapman:Carbohydrate metabolism.fermentation
VIT_04s0044g01130	Vitvi05_01chr04g24060	3.11	mapman:Carbohydrate metabolism.fermentation
VIT_17s0000g08070	Vitvi05_01chr17g11850	3.11	mapman:Carbohydrate metabolism.fermentation
VIT_18s0001g15410	Vitvi05_01chr18g18210	3.11	mapman:Carbohydrate metabolism.fermentation
VIT_04s0044g01130	Vitvi05_01chr04g24060	3.11.1	mapman:Carbohydrate metabolism.fermentation.acetic acid biosynthesis
VIT_17s0000g08070	Vitvi05_01chr17g11850	3.11.1	mapman:Carbohydrate metabolism.fermentation.acetic acid biosynthesis
VIT_18s0001g15410	Vitvi05_01chr18g18210	3.11.1	mapman:Carbohydrate metabolism.fermentation.acetic acid biosynthesis
VIT_04s0044g01130	Vitvi05_01chr04g24060	3.11.1.2	mapman:Carbohydrate metabolism.fermentation.acetic acid biosynthesis.alcohol dehydrogenase *(ADH)
VIT_18s0001g15410	Vitvi05_01chr18g18210	3.11.1.2	mapman:Carbohydrate metabolism.fermentation.acetic acid biosynthesis.alcohol dehydrogenase *(ADH)
VIT_17s0000g08070	Vitvi05_01chr17g11850	3.11.1.3	mapman:Carbohydrate metabolism.fermentation.acetic acid biosynthesis.aldehyde dehydrogenase *(ALDH2B)
VIT_02s0154g00350	Vitvi05_01chr02g07560	3.11.2	mapman:Carbohydrate metabolism.fermentation.lactic acid fermentation
VIT_02s0154g00350	Vitvi05_01chr02g07560	3.11.2.1	mapman:Carbohydrate metabolism.fermentation.lactic acid fermentation.L-lactate dehydrogenase
VIT_03s0038g00670	Vitvi05_01chr03g00560	3.12	mapman:Carbohydrate metabolism.plastidial glycolysis
VIT_04s0023g03010	Vitvi05_01chr04g19810	3.12	mapman:Carbohydrate metabolism.plastidial glycolysis
VIT_03s0038g00670	Vitvi05_01chr03g00560	3.12.2	mapman:Carbohydrate metabolism.plastidial glycolysis.fructose-1,6-bisphosphate aldolase *(FBA1)
VIT_04s0023g03010	Vitvi05_01chr04g19810	3.12.2	mapman:Carbohydrate metabolism.plastidial glycolysis.fructose-1,6-bisphosphate aldolase *(FBA1)
VIT_13s0019g02330	Vitvi05_01chr13g05450	3.13	mapman:Carbohydrate metabolism.nucleotide sugar biosynthesis
VIT_14s0083g01100	Vitvi05_01chr14g20210	3.13	mapman:Carbohydrate metabolism.nucleotide sugar biosynthesis
VIT_17s0000g01290	Vitvi05_01chr17g01500	3.13	mapman:Carbohydrate metabolism.nucleotide sugar biosynthesis
VIT_17s0000g06960	Vitvi05_01chr17g10140	3.13	mapman:Carbohydrate metabolism.nucleotide sugar biosynthesis
VIT_17s0000g07640	Vitvi05_01chr17g11250	3.13	mapman:Carbohydrate metabolism.nucleotide sugar biosynthesis
VIT_13s0019g02330	Vitvi05_01chr13g05450	3.13.1	mapman:Carbohydrate metabolism.nucleotide sugar biosynthesis.GDP-D-mannose biosynthesis
VIT_17s0000g07640	Vitvi05_01chr17g11250	3.13.1	mapman:Carbohydrate metabolism.nucleotide sugar biosynthesis.GDP-D-mannose biosynthesis
VIT_13s0019g02330	Vitvi05_01chr13g05450	3.13.1.1	mapman:Carbohydrate metabolism.nucleotide sugar biosynthesis.GDP-D-mannose biosynthesis.GDP-D-mannose pyrophosphorylase *(VTC1)
VIT_17s0000g07640	Vitvi05_01chr17g11250	3.13.1.2	mapman:Carbohydrate metabolism.nucleotide sugar biosynthesis.GDP-D-mannose biosynthesis.GDP-D-mannose pyrophosphorylase activator *(KONJAC)
VIT_17s0000g06960	Vitvi05_01chr17g10140	3.13.3	mapman:Carbohydrate metabolism.nucleotide sugar biosynthesis.UDP-D-glucuronic acid biosynthesis
VIT_17s0000g06960	Vitvi05_01chr17g10140	3.13.3.1	mapman:Carbohydrate metabolism.nucleotide sugar biosynthesis.UDP-D-glucuronic acid biosynthesis.UDP-D-glucose 6-dehydrogenase
VIT_14s0083g01100	Vitvi05_01chr14g20210	3.13.7	mapman:Carbohydrate metabolism.nucleotide sugar biosynthesis.UDP-L-arabinose biosynthesis
VIT_17s0000g01290	Vitvi05_01chr17g01500	3.13.7	mapman:Carbohydrate metabolism.nucleotide sugar biosynthesis.UDP-L-arabinose biosynthesis
VIT_14s0083g01100	Vitvi05_01chr14g20210	3.13.7.3	mapman:Carbohydrate metabolism.nucleotide sugar biosynthesis.UDP-L-arabinose biosynthesis.UDP-L-arabinose mutase
VIT_17s0000g01290	Vitvi05_01chr17g01500	3.13.7.3	mapman:Carbohydrate metabolism.nucleotide sugar biosynthesis.UDP-L-arabinose biosynthesis.UDP-L-arabinose mutase
VIT_02s0012g00170	Vitvi05_01chr02g10020	3.2	mapman:Carbohydrate metabolism.starch metabolism
VIT_03s0038g04570	Vitvi05_01chr03g05100	3.2	mapman:Carbohydrate metabolism.starch metabolism
VIT_05s0020g02880	Vitvi05_01chr05g06770	3.2	mapman:Carbohydrate metabolism.starch metabolism
VIT_03s0038g04570	Vitvi05_01chr03g05100	3.2.2	mapman:Carbohydrate metabolism.starch metabolism.biosynthesis
VIT_05s0020g02880	Vitvi05_01chr05g06770	3.2.2	mapman:Carbohydrate metabolism.starch metabolism.biosynthesis
VIT_03s0038g04570	Vitvi05_01chr03g05100	3.2.2.3	mapman:Carbohydrate metabolism.starch metabolism.biosynthesis.ADP-glucose pyrophosphorylase complex
VIT_05s0020g02880	Vitvi05_01chr05g06770	3.2.2.3	mapman:Carbohydrate metabolism.starch metabolism.biosynthesis.ADP-glucose pyrophosphorylase complex
VIT_03s0038g04570	Vitvi05_01chr03g05100	3.2.2.3.1	mapman:Carbohydrate metabolism.starch metabolism.biosynthesis.ADP-glucose pyrophosphorylase complex.large subunit *(APL)
VIT_05s0020g02880	Vitvi05_01chr05g06770	3.2.2.3.1	mapman:Carbohydrate metabolism.starch metabolism.biosynthesis.ADP-glucose pyrophosphorylase complex.large subunit *(APL)
VIT_02s0012g00170	Vitvi05_01chr02g10020	3.2.3	mapman:Carbohydrate metabolism.starch metabolism.degradation
VIT_02s0012g00170	Vitvi05_01chr02g10020	3.2.3.3	mapman:Carbohydrate metabolism.starch metabolism.degradation.hydrolysis and phosphorolysis
VIT_02s0012g00170	Vitvi05_01chr02g10020	3.2.3.3.1	mapman:Carbohydrate metabolism.starch metabolism.degradation.hydrolysis and phosphorolysis.amylase activities
VIT_02s0012g00170	Vitvi05_01chr02g10020	3.2.3.3.1.2	mapman:Carbohydrate metabolism.starch metabolism.degradation.hydrolysis and phosphorolysis.amylase activities.beta amylase *(BMY)
VIT_00s0304g00080	Vitvi05_01chr07g22560	3.3	mapman:Carbohydrate metabolism.trehalose metabolism
VIT_00s0304g00080	Vitvi05_01chr07g22560	3.3.2	mapman:Carbohydrate metabolism.trehalose metabolism.trehalose-6-phosphate phosphatase
VIT_00s0375g00030	Vitvi05_01chr10g07670	3.4	mapman:Carbohydrate metabolism.oligosaccharide metabolism
VIT_01s0127g00470	Vitvi05_01chr01g11040	3.4	mapman:Carbohydrate metabolism.oligosaccharide metabolism
VIT_07s0005g01680	Vitvi05_01chr07g06730	3.4	mapman:Carbohydrate metabolism.oligosaccharide metabolism
VIT_07s0005g01970	Vitvi05_01chr07g07080	3.4	mapman:Carbohydrate metabolism.oligosaccharide metabolism
VIT_08s0007g08310	Vitvi05_01chr08g23880	3.4	mapman:Carbohydrate metabolism.oligosaccharide metabolism
VIT_10s0071g01100	Vitvi05_01chr10g26640	3.4	mapman:Carbohydrate metabolism.oligosaccharide metabolism
VIT_11s0016g05770	Vitvi05_01chr11g07210	3.4	mapman:Carbohydrate metabolism.oligosaccharide metabolism
VIT_14s0060g00790	Vitvi05_01chr14g00990	3.4	mapman:Carbohydrate metabolism.oligosaccharide metabolism
VIT_01s0127g00470	Vitvi05_01chr01g11040	3.4.1	mapman:Carbohydrate metabolism.oligosaccharide metabolism.galactinol synthase *(GolS)
VIT_07s0005g01970	Vitvi05_01chr07g07080	3.4.1	mapman:Carbohydrate metabolism.oligosaccharide metabolism.galactinol synthase *(GolS)
VIT_14s0060g00790	Vitvi05_01chr14g00990	3.4.1	mapman:Carbohydrate metabolism.oligosaccharide metabolism.galactinol synthase *(GolS)
VIT_11s0016g05770	Vitvi05_01chr11g07210	3.4.2	mapman:Carbohydrate metabolism.oligosaccharide metabolism.galactinol-sucrose galactosyltransferase *(RFS1/6)
VIT_07s0005g01680	Vitvi05_01chr07g06730	3.4.4	mapman:Carbohydrate metabolism.oligosaccharide metabolism.stachyose synthase *(RFS4)
VIT_08s0007g08310	Vitvi05_01chr08g23880	3.4.5	mapman:Carbohydrate metabolism.oligosaccharide metabolism.alkaline alpha-galactosidase *(RFS2)
VIT_00s0375g00030	Vitvi05_01chr10g07670	3.4.6	mapman:Carbohydrate metabolism.oligosaccharide metabolism.alpha-galactosidase *(AGAL)
VIT_10s0071g01100	Vitvi05_01chr10g26640	3.4.6	mapman:Carbohydrate metabolism.oligosaccharide metabolism.alpha-galactosidase *(AGAL)
VIT_12s0057g00940	Vitvi05_01chr12g11280	3.9	mapman:Carbohydrate metabolism.oxidative pentose phosphate pathway
VIT_15s0048g00370	Vitvi05_01chr15g12500	3.9	mapman:Carbohydrate metabolism.oxidative pentose phosphate pathway
VIT_12s0057g00940	Vitvi05_01chr12g11280	3.9.1	mapman:Carbohydrate metabolism.oxidative pentose phosphate pathway.oxidative phase
VIT_12s0057g00940	Vitvi05_01chr12g11280	3.9.1.1	mapman:Carbohydrate metabolism.oxidative pentose phosphate pathway.oxidative phase.glucose-6-phosphate dehydrogenase
VIT_15s0048g00370	Vitvi05_01chr15g12500	3.9.2	mapman:Carbohydrate metabolism.oxidative pentose phosphate pathway.non-oxidative phase
VIT_15s0048g00370	Vitvi05_01chr15g12500	3.9.2.3	mapman:Carbohydrate metabolism.oxidative pentose phosphate pathway.non-oxidative phase.transketolase
VIT_02s0033g00700	Vitvi05_01chr02g16820	30	mapman:Clade-specific metabolism
VIT_03s0038g01350	Vitvi05_01chr03g14690	30	mapman:Clade-specific metabolism
VIT_06s0009g03120	Vitvi05_01chr06g17730	30	mapman:Clade-specific metabolism
VIT_12s0028g00920	Vitvi05_01chr12g01430	30	mapman:Clade-specific metabolism
VIT_02s0033g00700	Vitvi05_01chr02g16820	30.1	mapman:Clade-specific metabolism.Brassicaceae
VIT_03s0038g01350	Vitvi05_01chr03g14690	30.1	mapman:Clade-specific metabolism.Brassicaceae
VIT_06s0009g03120	Vitvi05_01chr06g17730	30.1	mapman:Clade-specific metabolism.Brassicaceae
VIT_12s0028g00920	Vitvi05_01chr12g01430	30.1	mapman:Clade-specific metabolism.Brassicaceae
VIT_03s0038g01350	Vitvi05_01chr03g14690	30.1.1	mapman:Clade-specific metabolism.Brassicaceae.glucosinolate biosynthesis
VIT_06s0009g03120	Vitvi05_01chr06g17730	30.1.1	mapman:Clade-specific metabolism.Brassicaceae.glucosinolate biosynthesis
VIT_12s0028g00920	Vitvi05_01chr12g01430	30.1.1	mapman:Clade-specific metabolism.Brassicaceae.glucosinolate biosynthesis
VIT_06s0009g03120	Vitvi05_01chr06g17730	30.1.1.6	mapman:Clade-specific metabolism.Brassicaceae.glucosinolate biosynthesis.benzenic and indolic core structure
VIT_12s0028g00920	Vitvi05_01chr12g01430	30.1.1.6	mapman:Clade-specific metabolism.Brassicaceae.glucosinolate biosynthesis.benzenic and indolic core structure
VIT_06s0009g03120	Vitvi05_01chr06g17730	30.1.1.6.1	mapman:Clade-specific metabolism.Brassicaceae.glucosinolate biosynthesis.benzenic and indolic core structure.phenylalanine N-monooxygenase
VIT_12s0028g00920	Vitvi05_01chr12g01430	30.1.1.6.4	mapman:Clade-specific metabolism.Brassicaceae.glucosinolate biosynthesis.benzenic and indolic core structure.glutathione S-transferase
VIT_03s0038g01350	Vitvi05_01chr03g14690	30.1.1.7	mapman:Clade-specific metabolism.Brassicaceae.glucosinolate biosynthesis.gamma-glutamyl peptidase
VIT_02s0033g00700	Vitvi05_01chr02g16820	30.1.2	mapman:Clade-specific metabolism.Brassicaceae.glucosinolate degradation
VIT_02s0033g00700	Vitvi05_01chr02g16820	30.1.2.5	mapman:Clade-specific metabolism.Brassicaceae.glucosinolate degradation.nitrilase *(NIT)
VIT_00s0187g00300	Vitvi05_01chr10g02840	4	mapman:Amino acid metabolism
VIT_02s0025g01230	Vitvi05_01chr02g01340	4	mapman:Amino acid metabolism
VIT_04s0008g06570	Vitvi05_01chr04g08350	4	mapman:Amino acid metabolism
VIT_05s0020g03860	Vitvi05_01chr05g08050	4	mapman:Amino acid metabolism
VIT_06s0004g06830	Vitvi05_01chr06g09870	4	mapman:Amino acid metabolism
VIT_06s0061g01210	Vitvi05_01chr06g20500	4	mapman:Amino acid metabolism
VIT_09s0002g05250	Vitvi05_01chr09g06330	4	mapman:Amino acid metabolism
VIT_09s0018g01870	Vitvi05_01chr09g18740	4	mapman:Amino acid metabolism
VIT_10s0003g04240	Vitvi05_01chr10g15160	4	mapman:Amino acid metabolism
VIT_13s0074g00570	Vitvi05_01chr13g11140	4	mapman:Amino acid metabolism
VIT_18s0001g08430	Vitvi05_01chr18g09060	4	mapman:Amino acid metabolism
VIT_18s0001g09910	Vitvi05_01chr18g11120	4	mapman:Amino acid metabolism
VIT_18s0001g14980	Vitvi05_01chr18g17640	4	mapman:Amino acid metabolism
VIT_19s0014g01800	Vitvi05_01chr19g02540	4	mapman:Amino acid metabolism
VIT_19s0014g02190	Vitvi05_01chr19g03080	4	mapman:Amino acid metabolism
VIT_19s0085g00880	Vitvi05_01chr19g22620	4	mapman:Amino acid metabolism
VIT_19s0135g00060	Vitvi05_01chr19g15540	4	mapman:Amino acid metabolism
VIT_02s0025g01230	Vitvi05_01chr02g01340	4.1	mapman:Amino acid metabolism.glutamate group amino acid biosynthesis
VIT_06s0061g01210	Vitvi05_01chr06g20500	4.1	mapman:Amino acid metabolism.glutamate group amino acid biosynthesis
VIT_13s0074g00570	Vitvi05_01chr13g11140	4.1	mapman:Amino acid metabolism.glutamate group amino acid biosynthesis
VIT_02s0025g01230	Vitvi05_01chr02g01340	4.1.1	mapman:Amino acid metabolism.glutamate group amino acid biosynthesis.glutamate-derived amino acids
VIT_06s0061g01210	Vitvi05_01chr06g20500	4.1.1	mapman:Amino acid metabolism.glutamate group amino acid biosynthesis.glutamate-derived amino acids
VIT_13s0074g00570	Vitvi05_01chr13g11140	4.1.1	mapman:Amino acid metabolism.glutamate group amino acid biosynthesis.glutamate-derived amino acids
VIT_02s0025g01230	Vitvi05_01chr02g01340	4.1.1.3	mapman:Amino acid metabolism.glutamate group amino acid biosynthesis.glutamate-derived amino acids.gamma-aminobutyrate (GABA)
VIT_06s0061g01210	Vitvi05_01chr06g20500	4.1.1.3	mapman:Amino acid metabolism.glutamate group amino acid biosynthesis.glutamate-derived amino acids.gamma-aminobutyrate (GABA)
VIT_13s0074g00570	Vitvi05_01chr13g11140	4.1.1.3	mapman:Amino acid metabolism.glutamate group amino acid biosynthesis.glutamate-derived amino acids.gamma-aminobutyrate (GABA)
VIT_02s0025g01230	Vitvi05_01chr02g01340	4.1.1.3.2	mapman:Amino acid metabolism.glutamate group amino acid biosynthesis.glutamate-derived amino acids.gamma-aminobutyrate (GABA).GABA transporter *(GAT)
VIT_06s0061g01210	Vitvi05_01chr06g20500	4.1.1.3.2	mapman:Amino acid metabolism.glutamate group amino acid biosynthesis.glutamate-derived amino acids.gamma-aminobutyrate (GABA).GABA transporter *(GAT)
VIT_13s0074g00570	Vitvi05_01chr13g11140	4.1.1.3.2	mapman:Amino acid metabolism.glutamate group amino acid biosynthesis.glutamate-derived amino acids.gamma-aminobutyrate (GABA).GABA transporter *(GAT)
VIT_05s0020g03860	Vitvi05_01chr05g08050	4.2	mapman:Amino acid metabolism.aspartate group amino acid biosynthesis
VIT_06s0004g06830	Vitvi05_01chr06g09870	4.2	mapman:Amino acid metabolism.aspartate group amino acid biosynthesis
VIT_18s0001g08430	Vitvi05_01chr18g09060	4.2	mapman:Amino acid metabolism.aspartate group amino acid biosynthesis
VIT_18s0001g09910	Vitvi05_01chr18g11120	4.2	mapman:Amino acid metabolism.aspartate group amino acid biosynthesis
VIT_06s0004g06830	Vitvi05_01chr06g09870	4.2.1	mapman:Amino acid metabolism.aspartate group amino acid biosynthesis.asparagine biosynthesis
VIT_18s0001g09910	Vitvi05_01chr18g11120	4.2.1	mapman:Amino acid metabolism.aspartate group amino acid biosynthesis.asparagine biosynthesis
VIT_06s0004g06830	Vitvi05_01chr06g09870	4.2.1.1	mapman:Amino acid metabolism.aspartate group amino acid biosynthesis.asparagine biosynthesis.glutamine-dependent asparagine synthetase *(ASN1)
VIT_18s0001g09910	Vitvi05_01chr18g11120	4.2.1.2	mapman:Amino acid metabolism.aspartate group amino acid biosynthesis.asparagine biosynthesis.L-asparaginase *(ASPG)
VIT_05s0020g03860	Vitvi05_01chr05g08050	4.2.2	mapman:Amino acid metabolism.aspartate group amino acid biosynthesis.aspartate-derived amino acids
VIT_18s0001g08430	Vitvi05_01chr18g09060	4.2.2	mapman:Amino acid metabolism.aspartate group amino acid biosynthesis.aspartate-derived amino acids
VIT_05s0020g03860	Vitvi05_01chr05g08050	4.2.2.6	mapman:Amino acid metabolism.aspartate group amino acid biosynthesis.aspartate-derived amino acids.methionine biosynthesis
VIT_05s0020g03860	Vitvi05_01chr05g08050	4.2.2.6.3	mapman:Amino acid metabolism.aspartate group amino acid biosynthesis.aspartate-derived amino acids.methionine biosynthesis.S-methylmethionine cycle
VIT_05s0020g03860	Vitvi05_01chr05g08050	4.2.2.6.3.1	mapman:Amino acid metabolism.aspartate group amino acid biosynthesis.aspartate-derived amino acids.methionine biosynthesis.S-methylmethionine cycle.homocysteine S-methyltransferase
VIT_18s0001g08430	Vitvi05_01chr18g09060	4.2.2.8	mapman:Amino acid metabolism.aspartate group amino acid biosynthesis.aspartate-derived amino acids.isoleucine biosynthesis
VIT_18s0001g08430	Vitvi05_01chr18g09060	4.2.2.8.6	mapman:Amino acid metabolism.aspartate group amino acid biosynthesis.aspartate-derived amino acids.isoleucine biosynthesis.valine/leucine/isoleucine aminotransferase
VIT_18s0001g08430	Vitvi05_01chr18g09060	4.3	mapman:Amino acid metabolism.pyruvate group amino acid biosynthesis
VIT_18s0001g08430	Vitvi05_01chr18g09060	4.3.2	mapman:Amino acid metabolism.pyruvate group amino acid biosynthesis.pyruvate-derived amino acids
VIT_18s0001g08430	Vitvi05_01chr18g09060	4.3.2.4	mapman:Amino acid metabolism.pyruvate group amino acid biosynthesis.pyruvate-derived amino acids.valine/leucine/isoleucine aminotransferase
VIT_09s0018g01870	Vitvi05_01chr09g18740	4.4	mapman:Amino acid metabolism.serine group amino acid biosynthesis
VIT_09s0018g01870	Vitvi05_01chr09g18740	4.4.1	mapman:Amino acid metabolism.serine group amino acid biosynthesis.non-photorespiratory serine
VIT_09s0018g01870	Vitvi05_01chr09g18740	4.4.1.1	mapman:Amino acid metabolism.serine group amino acid biosynthesis.non-photorespiratory serine.phosphoglycerate dehydrogenase
VIT_04s0008g06570	Vitvi05_01chr04g08350	4.5	mapman:Amino acid metabolism.shikimate group amino acid biosynthesis
VIT_04s0008g06570	Vitvi05_01chr04g08350	4.5.2	mapman:Amino acid metabolism.shikimate group amino acid biosynthesis.phenylalanine and tyrosine
VIT_04s0008g06570	Vitvi05_01chr04g08350	4.5.2.1	mapman:Amino acid metabolism.shikimate group amino acid biosynthesis.phenylalanine and tyrosine.chorismate mutase *(CM)
VIT_00s0187g00300	Vitvi05_01chr10g02840	4.6	mapman:Amino acid metabolism.amino acid degradation
VIT_09s0002g05250	Vitvi05_01chr09g06330	4.6	mapman:Amino acid metabolism.amino acid degradation
VIT_10s0003g04240	Vitvi05_01chr10g15160	4.6	mapman:Amino acid metabolism.amino acid degradation
VIT_18s0001g08430	Vitvi05_01chr18g09060	4.6	mapman:Amino acid metabolism.amino acid degradation
VIT_18s0001g14980	Vitvi05_01chr18g17640	4.6	mapman:Amino acid metabolism.amino acid degradation
VIT_19s0014g01800	Vitvi05_01chr19g02540	4.6	mapman:Amino acid metabolism.amino acid degradation
VIT_19s0014g02190	Vitvi05_01chr19g03080	4.6	mapman:Amino acid metabolism.amino acid degradation
VIT_19s0085g00880	Vitvi05_01chr19g22620	4.6	mapman:Amino acid metabolism.amino acid degradation
VIT_19s0135g00060	Vitvi05_01chr19g15540	4.6	mapman:Amino acid metabolism.amino acid degradation
VIT_19s0085g00880	Vitvi05_01chr19g22620	4.6.2	mapman:Amino acid metabolism.amino acid degradation.gamma-aminobutyrate (GABA)
VIT_19s0085g00880	Vitvi05_01chr19g22620	4.6.2.2	mapman:Amino acid metabolism.amino acid degradation.gamma-aminobutyrate (GABA).succinate formation
VIT_19s0085g00880	Vitvi05_01chr19g22620	4.6.2.2.1	mapman:Amino acid metabolism.amino acid degradation.gamma-aminobutyrate (GABA).succinate formation.NAD-dependent succinic semialdehyde dehydrogenase
VIT_19s0135g00060	Vitvi05_01chr19g15540	4.6.6	mapman:Amino acid metabolism.amino acid degradation.cysteine degradation
VIT_19s0135g00060	Vitvi05_01chr19g15540	4.6.6.2	mapman:Amino acid metabolism.amino acid degradation.cysteine degradation.sulfur dioxygenase
VIT_18s0001g08430	Vitvi05_01chr18g09060	4.6.7	mapman:Amino acid metabolism.amino acid degradation.branched-chain amino acids
VIT_18s0001g14980	Vitvi05_01chr18g17640	4.6.7	mapman:Amino acid metabolism.amino acid degradation.branched-chain amino acids
VIT_18s0001g08430	Vitvi05_01chr18g09060	4.6.7.1	mapman:Amino acid metabolism.amino acid degradation.branched-chain amino acids.branched-chain aminotransferase *(BCAT)
VIT_18s0001g14980	Vitvi05_01chr18g17640	4.6.7.2	mapman:Amino acid metabolism.amino acid degradation.branched-chain amino acids.branched-chain alpha-keto acid dehydrogenase complex
VIT_18s0001g14980	Vitvi05_01chr18g17640	4.6.7.2.1	mapman:Amino acid metabolism.amino acid degradation.branched-chain amino acids.branched-chain alpha-keto acid dehydrogenase complex.E1 2-oxoisovalerate dehydrogenase subcomplex
VIT_18s0001g14980	Vitvi05_01chr18g17640	4.6.7.2.1.1	mapman:Amino acid metabolism.amino acid degradation.branched-chain amino acids.branched-chain alpha-keto acid dehydrogenase complex.E1 2-oxoisovalerate dehydrogenase subcomplex.subunit alpha
VIT_00s0187g00300	Vitvi05_01chr10g02840	4.6.8	mapman:Amino acid metabolism.amino acid degradation.aromatic amino acids
VIT_09s0002g05250	Vitvi05_01chr09g06330	4.6.8	mapman:Amino acid metabolism.amino acid degradation.aromatic amino acids
VIT_10s0003g04240	Vitvi05_01chr10g15160	4.6.8	mapman:Amino acid metabolism.amino acid degradation.aromatic amino acids
VIT_19s0014g01800	Vitvi05_01chr19g02540	4.6.8	mapman:Amino acid metabolism.amino acid degradation.aromatic amino acids
VIT_19s0014g02190	Vitvi05_01chr19g03080	4.6.8	mapman:Amino acid metabolism.amino acid degradation.aromatic amino acids
VIT_09s0002g05250	Vitvi05_01chr09g06330	4.6.8.1	mapman:Amino acid metabolism.amino acid degradation.aromatic amino acids.aromatic-amino-acid aminotransferase
VIT_10s0003g04240	Vitvi05_01chr10g15160	4.6.8.3	mapman:Amino acid metabolism.amino acid degradation.aromatic amino acids.aromatic amino acid decarboxylase
VIT_00s0187g00300	Vitvi05_01chr10g02840	4.6.8.4	mapman:Amino acid metabolism.amino acid degradation.aromatic amino acids.tyrosine degradation
VIT_19s0014g01800	Vitvi05_01chr19g02540	4.6.8.4	mapman:Amino acid metabolism.amino acid degradation.aromatic amino acids.tyrosine degradation
VIT_19s0014g02190	Vitvi05_01chr19g03080	4.6.8.4	mapman:Amino acid metabolism.amino acid degradation.aromatic amino acids.tyrosine degradation
VIT_19s0014g02190	Vitvi05_01chr19g03080	4.6.8.4.1	mapman:Amino acid metabolism.amino acid degradation.aromatic amino acids.tyrosine degradation.tyrosine aminotransferase *(TAT)
VIT_19s0014g01800	Vitvi05_01chr19g02540	4.6.8.4.2	mapman:Amino acid metabolism.amino acid degradation.aromatic amino acids.tyrosine degradation.homogentisate dioxygenase *(HGO)
VIT_00s0187g00300	Vitvi05_01chr10g02840	4.6.8.4.4	mapman:Amino acid metabolism.amino acid degradation.aromatic amino acids.tyrosine degradation.fumarylacetoacetate hydrolase *(FAH)
VIT_00s0583g00030	Vitvi05_01chr10g08050	5	mapman:Lipid metabolism
VIT_00s1667g00010	Vitvi05_01chr04g12160	5	mapman:Lipid metabolism
VIT_01s0011g04160	Vitvi05_01chr01g05190	5	mapman:Lipid metabolism
VIT_01s0011g04370	Vitvi05_01chr01g05530	5	mapman:Lipid metabolism
VIT_01s0011g05200	Vitvi05_01chr01g06690	5	mapman:Lipid metabolism
VIT_01s0146g00070	Vitvi05_01chr01g23560	5	mapman:Lipid metabolism
VIT_01s0146g00090	Vitvi05_01chr01g23570	5	mapman:Lipid metabolism
VIT_01s0150g00210	Vitvi05_01chr01g24740	5	mapman:Lipid metabolism
VIT_01s0244g00030	Vitvi05_01chr01g24360	5	mapman:Lipid metabolism
VIT_02s0033g01330	Vitvi05_01chr02g17940	5	mapman:Lipid metabolism
VIT_03s0088g01190	Vitvi05_01chr03g12080	5	mapman:Lipid metabolism
VIT_04s0008g01210	Vitvi05_01chr04g01330	5	mapman:Lipid metabolism
VIT_04s0023g00130	Vitvi05_01chr04g15720	5	mapman:Lipid metabolism
VIT_04s0023g01140	Vitvi05_01chr04g17260	5	mapman:Lipid metabolism
VIT_05s0020g00930	Vitvi05_01chr05g04080	5	mapman:Lipid metabolism
VIT_05s0020g04540	Vitvi05_01chr05g09160	5	mapman:Lipid metabolism
VIT_05s0029g00480	Vitvi05_01chr05g16770	5	mapman:Lipid metabolism
VIT_05s0049g01780	Vitvi05_01chr05g12070	5	mapman:Lipid metabolism
VIT_05s0062g00810	Vitvi05_01chr05g20010	5	mapman:Lipid metabolism
VIT_06s0004g01250	Vitvi05_01chr06g01920	5	mapman:Lipid metabolism
VIT_06s0004g04130	Vitvi05_01chr06g06190	5	mapman:Lipid metabolism
VIT_06s0061g01110	Vitvi05_01chr06g20330	5	mapman:Lipid metabolism
VIT_07s0005g00170	Vitvi05_01chr07g04900	5	mapman:Lipid metabolism
VIT_07s0005g01240	Vitvi05_01chr07g06220	5	mapman:Lipid metabolism
VIT_07s0031g00590	Vitvi05_01chr07g28230	5	mapman:Lipid metabolism
VIT_07s0141g00360	Vitvi05_01chr07g00670	5	mapman:Lipid metabolism
VIT_08s0007g02000	Vitvi05_01chr08g15780	5	mapman:Lipid metabolism
VIT_08s0007g07270	Vitvi05_01chr08g22660	5	mapman:Lipid metabolism
VIT_08s0007g08470	Vitvi05_01chr08g24110	5	mapman:Lipid metabolism
VIT_08s0105g00430	Vitvi05_01chr08g05770	5	mapman:Lipid metabolism
VIT_10s0003g02040	Vitvi05_01chr10g11610	5	mapman:Lipid metabolism
VIT_11s0016g00130	Vitvi05_01chr11g09770	5	mapman:Lipid metabolism
VIT_11s0016g03210	Vitvi05_01chr11g03830	5	mapman:Lipid metabolism
VIT_11s0103g00190	Vitvi05_01chr11g15510	5	mapman:Lipid metabolism
VIT_12s0059g02350	Vitvi05_01chr12g08530	5	mapman:Lipid metabolism
VIT_13s0064g00440	Vitvi05_01chr13g25700	5	mapman:Lipid metabolism
VIT_13s0064g00910	Vitvi05_01chr13g26500	5	mapman:Lipid metabolism
VIT_13s0067g01120	Vitvi05_01chr13g00750	5	mapman:Lipid metabolism
VIT_13s0067g03890	Vitvi05_01chr13g03220	5	mapman:Lipid metabolism
VIT_14s0006g02990	Vitvi05_01chr14g17830	5	mapman:Lipid metabolism
VIT_14s0066g00700	Vitvi05_01chr14g25980	5	mapman:Lipid metabolism
VIT_14s0066g00710	Vitvi05_01chr14g25990	5	mapman:Lipid metabolism
VIT_16s0013g00880	Vitvi05_01chr16g05230	5	mapman:Lipid metabolism
VIT_17s0000g03010	Vitvi05_01chr17g03790	5	mapman:Lipid metabolism
VIT_17s0000g04210	Vitvi05_01chr17g05870	5	mapman:Lipid metabolism
VIT_18s0001g00370	Vitvi05_01chr18g01800	5	mapman:Lipid metabolism
VIT_18s0001g00770	Vitvi05_01chr18g02150	5	mapman:Lipid metabolism
VIT_18s0001g08330	Vitvi05_01chr18g08970	5	mapman:Lipid metabolism
VIT_18s0001g10830	Vitvi05_01chr18g12290	5	mapman:Lipid metabolism
VIT_18s0001g11910	Vitvi05_01chr18g13680	5	mapman:Lipid metabolism
VIT_18s0001g15460	Vitvi05_01chr18g18300	5	mapman:Lipid metabolism
VIT_19s0090g01170	Vitvi05_01chr19g09220	5	mapman:Lipid metabolism
VIT_01s0244g00030	Vitvi05_01chr01g24360	5.1	mapman:Lipid metabolism.fatty acid metabolism
VIT_03s0088g01190	Vitvi05_01chr03g12080	5.1	mapman:Lipid metabolism.fatty acid metabolism
VIT_04s0023g01140	Vitvi05_01chr04g17260	5.1	mapman:Lipid metabolism.fatty acid metabolism
VIT_05s0020g04540	Vitvi05_01chr05g09160	5.1	mapman:Lipid metabolism.fatty acid metabolism
VIT_05s0029g00480	Vitvi05_01chr05g16770	5.1	mapman:Lipid metabolism.fatty acid metabolism
VIT_06s0004g01250	Vitvi05_01chr06g01920	5.1	mapman:Lipid metabolism.fatty acid metabolism
VIT_06s0004g04130	Vitvi05_01chr06g06190	5.1	mapman:Lipid metabolism.fatty acid metabolism
VIT_08s0007g07270	Vitvi05_01chr08g22660	5.1	mapman:Lipid metabolism.fatty acid metabolism
VIT_08s0105g00430	Vitvi05_01chr08g05770	5.1	mapman:Lipid metabolism.fatty acid metabolism
VIT_11s0016g00130	Vitvi05_01chr11g09770	5.1	mapman:Lipid metabolism.fatty acid metabolism
VIT_11s0016g03210	Vitvi05_01chr11g03830	5.1	mapman:Lipid metabolism.fatty acid metabolism
VIT_12s0059g02350	Vitvi05_01chr12g08530	5.1	mapman:Lipid metabolism.fatty acid metabolism
VIT_13s0067g01120	Vitvi05_01chr13g00750	5.1	mapman:Lipid metabolism.fatty acid metabolism
VIT_13s0067g03890	Vitvi05_01chr13g03220	5.1	mapman:Lipid metabolism.fatty acid metabolism
VIT_14s0006g02990	Vitvi05_01chr14g17830	5.1	mapman:Lipid metabolism.fatty acid metabolism
VIT_18s0001g15460	Vitvi05_01chr18g18300	5.1	mapman:Lipid metabolism.fatty acid metabolism
VIT_19s0090g01170	Vitvi05_01chr19g09220	5.1	mapman:Lipid metabolism.fatty acid metabolism
VIT_08s0007g07270	Vitvi05_01chr08g22660	5.1.1	mapman:Lipid metabolism.fatty acid metabolism.citrate shuttle
VIT_11s0016g03210	Vitvi05_01chr11g03830	5.1.1	mapman:Lipid metabolism.fatty acid metabolism.citrate shuttle
VIT_19s0090g01170	Vitvi05_01chr19g09220	5.1.1	mapman:Lipid metabolism.fatty acid metabolism.citrate shuttle
VIT_08s0007g07270	Vitvi05_01chr08g22660	5.1.1.1	mapman:Lipid metabolism.fatty acid metabolism.citrate shuttle.mitochondrial dicarboxylate transporter
VIT_11s0016g03210	Vitvi05_01chr11g03830	5.1.1.4	mapman:Lipid metabolism.fatty acid metabolism.citrate shuttle.cytosolic NADP-dependent malic enzyme
VIT_19s0090g01170	Vitvi05_01chr19g09220	5.1.1.5	mapman:Lipid metabolism.fatty acid metabolism.citrate shuttle.MPC pyruvate carrier complex
VIT_19s0090g01170	Vitvi05_01chr19g09220	5.1.1.5.2	mapman:Lipid metabolism.fatty acid metabolism.citrate shuttle.MPC pyruvate carrier complex.component *(MPC2)
VIT_01s0244g00030	Vitvi05_01chr01g24360	5.1.4	mapman:Lipid metabolism.fatty acid metabolism.plastidial fatty acid synthase (ptFAS) system
VIT_01s0244g00030	Vitvi05_01chr01g24360	5.1.4.1	mapman:Lipid metabolism.fatty acid metabolism.plastidial fatty acid synthase (ptFAS) system.acyl carrier protein *(ptACP)
VIT_04s0023g01140	Vitvi05_01chr04g17260	5.1.6	mapman:Lipid metabolism.fatty acid metabolism.endoplasmic reticulum-localized fatty acid elongase (FAE) system
VIT_05s0020g04540	Vitvi05_01chr05g09160	5.1.6	mapman:Lipid metabolism.fatty acid metabolism.endoplasmic reticulum-localized fatty acid elongase (FAE) system
VIT_05s0029g00480	Vitvi05_01chr05g16770	5.1.6	mapman:Lipid metabolism.fatty acid metabolism.endoplasmic reticulum-localized fatty acid elongase (FAE) system
VIT_06s0004g04130	Vitvi05_01chr06g06190	5.1.6	mapman:Lipid metabolism.fatty acid metabolism.endoplasmic reticulum-localized fatty acid elongase (FAE) system
VIT_13s0067g03890	Vitvi05_01chr13g03220	5.1.6	mapman:Lipid metabolism.fatty acid metabolism.endoplasmic reticulum-localized fatty acid elongase (FAE) system
VIT_14s0006g02990	Vitvi05_01chr14g17830	5.1.6	mapman:Lipid metabolism.fatty acid metabolism.endoplasmic reticulum-localized fatty acid elongase (FAE) system
VIT_04s0023g01140	Vitvi05_01chr04g17260	5.1.6.1	mapman:Lipid metabolism.fatty acid metabolism.endoplasmic reticulum-localized fatty acid elongase (FAE) system.fatty acid elongation complex
VIT_05s0020g04540	Vitvi05_01chr05g09160	5.1.6.1	mapman:Lipid metabolism.fatty acid metabolism.endoplasmic reticulum-localized fatty acid elongase (FAE) system.fatty acid elongation complex
VIT_06s0004g04130	Vitvi05_01chr06g06190	5.1.6.1	mapman:Lipid metabolism.fatty acid metabolism.endoplasmic reticulum-localized fatty acid elongase (FAE) system.fatty acid elongation complex
VIT_13s0067g03890	Vitvi05_01chr13g03220	5.1.6.1	mapman:Lipid metabolism.fatty acid metabolism.endoplasmic reticulum-localized fatty acid elongase (FAE) system.fatty acid elongation complex
VIT_14s0006g02990	Vitvi05_01chr14g17830	5.1.6.1	mapman:Lipid metabolism.fatty acid metabolism.endoplasmic reticulum-localized fatty acid elongase (FAE) system.fatty acid elongation complex
VIT_04s0023g01140	Vitvi05_01chr04g17260	5.1.6.1.1	mapman:Lipid metabolism.fatty acid metabolism.endoplasmic reticulum-localized fatty acid elongase (FAE) system.fatty acid elongation complex.condensing enzyme activities
VIT_05s0020g04540	Vitvi05_01chr05g09160	5.1.6.1.1	mapman:Lipid metabolism.fatty acid metabolism.endoplasmic reticulum-localized fatty acid elongase (FAE) system.fatty acid elongation complex.condensing enzyme activities
VIT_13s0067g03890	Vitvi05_01chr13g03220	5.1.6.1.1	mapman:Lipid metabolism.fatty acid metabolism.endoplasmic reticulum-localized fatty acid elongase (FAE) system.fatty acid elongation complex.condensing enzyme activities
VIT_14s0006g02990	Vitvi05_01chr14g17830	5.1.6.1.1	mapman:Lipid metabolism.fatty acid metabolism.endoplasmic reticulum-localized fatty acid elongase (FAE) system.fatty acid elongation complex.condensing enzyme activities
VIT_05s0020g04540	Vitvi05_01chr05g09160	5.1.6.1.1.1	mapman:Lipid metabolism.fatty acid metabolism.endoplasmic reticulum-localized fatty acid elongase (FAE) system.fatty acid elongation complex.condensing enzyme activities.3-ketoacyl-CoA synthase *(KCS)
VIT_13s0067g03890	Vitvi05_01chr13g03220	5.1.6.1.1.1	mapman:Lipid metabolism.fatty acid metabolism.endoplasmic reticulum-localized fatty acid elongase (FAE) system.fatty acid elongation complex.condensing enzyme activities.3-ketoacyl-CoA synthase *(KCS)
VIT_14s0006g02990	Vitvi05_01chr14g17830	5.1.6.1.1.1	mapman:Lipid metabolism.fatty acid metabolism.endoplasmic reticulum-localized fatty acid elongase (FAE) system.fatty acid elongation complex.condensing enzyme activities.3-ketoacyl-CoA synthase *(KCS)
VIT_04s0023g01140	Vitvi05_01chr04g17260	5.1.6.1.1.2	mapman:Lipid metabolism.fatty acid metabolism.endoplasmic reticulum-localized fatty acid elongase (FAE) system.fatty acid elongation complex.condensing enzyme activities.condensing enzyme *(ELO)
VIT_06s0004g04130	Vitvi05_01chr06g06190	5.1.6.1.4	mapman:Lipid metabolism.fatty acid metabolism.endoplasmic reticulum-localized fatty acid elongase (FAE) system.fatty acid elongation complex.acyl-CoA dehydratase *(PTPLA)
VIT_05s0029g00480	Vitvi05_01chr05g16770	5.1.6.2	mapman:Lipid metabolism.fatty acid metabolism.endoplasmic reticulum-localized fatty acid elongase (FAE) system.very long chain fatty acid elongation
VIT_05s0029g00480	Vitvi05_01chr05g16770	5.1.6.2.1	mapman:Lipid metabolism.fatty acid metabolism.endoplasmic reticulum-localized fatty acid elongase (FAE) system.very long chain fatty acid elongation.catalytic protein *(CER2)
VIT_06s0004g01250	Vitvi05_01chr06g01920	5.1.7	mapman:Lipid metabolism.fatty acid metabolism.fatty acid desaturation
VIT_08s0105g00430	Vitvi05_01chr08g05770	5.1.7	mapman:Lipid metabolism.fatty acid metabolism.fatty acid desaturation
VIT_11s0016g00130	Vitvi05_01chr11g09770	5.1.7	mapman:Lipid metabolism.fatty acid metabolism.fatty acid desaturation
VIT_13s0067g01120	Vitvi05_01chr13g00750	5.1.7	mapman:Lipid metabolism.fatty acid metabolism.fatty acid desaturation
VIT_18s0001g15460	Vitvi05_01chr18g18300	5.1.7	mapman:Lipid metabolism.fatty acid metabolism.fatty acid desaturation
VIT_18s0001g15460	Vitvi05_01chr18g18300	5.1.7.2	mapman:Lipid metabolism.fatty acid metabolism.fatty acid desaturation.first desaturation
VIT_18s0001g15460	Vitvi05_01chr18g18300	5.1.7.2.1	mapman:Lipid metabolism.fatty acid metabolism.fatty acid desaturation.first desaturation.delta-9 stearoyl-ACP desaturase *(AAD)
VIT_06s0004g01250	Vitvi05_01chr06g01920	5.1.7.3	mapman:Lipid metabolism.fatty acid metabolism.fatty acid desaturation.methyl-end desaturation
VIT_08s0105g00430	Vitvi05_01chr08g05770	5.1.7.3	mapman:Lipid metabolism.fatty acid metabolism.fatty acid desaturation.methyl-end desaturation
VIT_11s0016g00130	Vitvi05_01chr11g09770	5.1.7.3	mapman:Lipid metabolism.fatty acid metabolism.fatty acid desaturation.methyl-end desaturation
VIT_13s0067g01120	Vitvi05_01chr13g00750	5.1.7.3	mapman:Lipid metabolism.fatty acid metabolism.fatty acid desaturation.methyl-end desaturation
VIT_06s0004g01250	Vitvi05_01chr06g01920	5.1.7.3.1	mapman:Lipid metabolism.fatty acid metabolism.fatty acid desaturation.methyl-end desaturation.delta-12/delta-15 fatty acid desaturase *(FAD2/3/6-8)
VIT_08s0105g00430	Vitvi05_01chr08g05770	5.1.7.3.1	mapman:Lipid metabolism.fatty acid metabolism.fatty acid desaturation.methyl-end desaturation.delta-12/delta-15 fatty acid desaturase *(FAD2/3/6-8)
VIT_11s0016g00130	Vitvi05_01chr11g09770	5.1.7.3.1	mapman:Lipid metabolism.fatty acid metabolism.fatty acid desaturation.methyl-end desaturation.delta-12/delta-15 fatty acid desaturase *(FAD2/3/6-8)
VIT_13s0067g01120	Vitvi05_01chr13g00750	5.1.7.3.1	mapman:Lipid metabolism.fatty acid metabolism.fatty acid desaturation.methyl-end desaturation.delta-12/delta-15 fatty acid desaturase *(FAD2/3/6-8)
VIT_03s0088g01190	Vitvi05_01chr03g12080	5.1.9	mapman:Lipid metabolism.fatty acid metabolism.fatty acid degradation
VIT_12s0059g02350	Vitvi05_01chr12g08530	5.1.9	mapman:Lipid metabolism.fatty acid metabolism.fatty acid degradation
VIT_03s0088g01190	Vitvi05_01chr03g12080	5.1.9.6	mapman:Lipid metabolism.fatty acid metabolism.fatty acid degradation.glyoxylate cycle
VIT_12s0059g02350	Vitvi05_01chr12g08530	5.1.9.6	mapman:Lipid metabolism.fatty acid metabolism.fatty acid degradation.glyoxylate cycle
VIT_12s0059g02350	Vitvi05_01chr12g08530	5.1.9.6.3	mapman:Lipid metabolism.fatty acid metabolism.fatty acid degradation.glyoxylate cycle.isocitrate lyase
VIT_03s0088g01190	Vitvi05_01chr03g12080	5.1.9.6.5	mapman:Lipid metabolism.fatty acid metabolism.fatty acid degradation.glyoxylate cycle.peroxisomal NAD-dependent malate dehydrogenase
VIT_01s0011g04160	Vitvi05_01chr01g05190	5.2	mapman:Lipid metabolism.glycerolipid metabolism
VIT_01s0011g04370	Vitvi05_01chr01g05530	5.2	mapman:Lipid metabolism.glycerolipid metabolism
VIT_01s0011g05200	Vitvi05_01chr01g06690	5.2	mapman:Lipid metabolism.glycerolipid metabolism
VIT_05s0020g00930	Vitvi05_01chr05g04080	5.2	mapman:Lipid metabolism.glycerolipid metabolism
VIT_06s0061g01110	Vitvi05_01chr06g20330	5.2	mapman:Lipid metabolism.glycerolipid metabolism
VIT_07s0005g01240	Vitvi05_01chr07g06220	5.2	mapman:Lipid metabolism.glycerolipid metabolism
VIT_07s0031g00590	Vitvi05_01chr07g28230	5.2	mapman:Lipid metabolism.glycerolipid metabolism
VIT_07s0141g00360	Vitvi05_01chr07g00670	5.2	mapman:Lipid metabolism.glycerolipid metabolism
VIT_08s0007g02000	Vitvi05_01chr08g15780	5.2	mapman:Lipid metabolism.glycerolipid metabolism
VIT_11s0103g00190	Vitvi05_01chr11g15510	5.2	mapman:Lipid metabolism.glycerolipid metabolism
VIT_17s0000g03010	Vitvi05_01chr17g03790	5.2	mapman:Lipid metabolism.glycerolipid metabolism
VIT_18s0001g00770	Vitvi05_01chr18g02150	5.2	mapman:Lipid metabolism.glycerolipid metabolism
VIT_18s0001g10830	Vitvi05_01chr18g12290	5.2	mapman:Lipid metabolism.glycerolipid metabolism
VIT_18s0001g11910	Vitvi05_01chr18g13680	5.2	mapman:Lipid metabolism.glycerolipid metabolism
VIT_08s0007g02000	Vitvi05_01chr08g15780	5.2.1	mapman:Lipid metabolism.glycerolipid metabolism.phosphatidate biosynthesis
VIT_18s0001g11910	Vitvi05_01chr18g13680	5.2.1	mapman:Lipid metabolism.glycerolipid metabolism.phosphatidate biosynthesis
VIT_08s0007g02000	Vitvi05_01chr08g15780	5.2.1.2	mapman:Lipid metabolism.glycerolipid metabolism.phosphatidate biosynthesis.endoplasmic reticulum phosphatidate biosynthesis
VIT_18s0001g11910	Vitvi05_01chr18g13680	5.2.1.2	mapman:Lipid metabolism.glycerolipid metabolism.phosphatidate biosynthesis.endoplasmic reticulum phosphatidate biosynthesis
VIT_08s0007g02000	Vitvi05_01chr08g15780	5.2.1.2.2	mapman:Lipid metabolism.glycerolipid metabolism.phosphatidate biosynthesis.endoplasmic reticulum phosphatidate biosynthesis.glycerol-3-phosphate acyltransferase *(GPAT4-8)
VIT_18s0001g11910	Vitvi05_01chr18g13680	5.2.1.2.4	mapman:Lipid metabolism.glycerolipid metabolism.phosphatidate biosynthesis.endoplasmic reticulum phosphatidate biosynthesis.lysophosphatidate acyltransferase *(LPAT)
VIT_07s0005g01240	Vitvi05_01chr07g06220	5.2.10	mapman:Lipid metabolism.glycerolipid metabolism.glycerolipid degradation
VIT_07s0031g00590	Vitvi05_01chr07g28230	5.2.10	mapman:Lipid metabolism.glycerolipid metabolism.glycerolipid degradation
VIT_07s0141g00360	Vitvi05_01chr07g00670	5.2.10	mapman:Lipid metabolism.glycerolipid metabolism.glycerolipid degradation
VIT_11s0103g00190	Vitvi05_01chr11g15510	5.2.10	mapman:Lipid metabolism.glycerolipid metabolism.glycerolipid degradation
VIT_18s0001g00770	Vitvi05_01chr18g02150	5.2.10	mapman:Lipid metabolism.glycerolipid metabolism.glycerolipid degradation
VIT_18s0001g10830	Vitvi05_01chr18g12290	5.2.10	mapman:Lipid metabolism.glycerolipid metabolism.glycerolipid degradation
VIT_07s0031g00590	Vitvi05_01chr07g28230	5.2.10.1	mapman:Lipid metabolism.glycerolipid metabolism.glycerolipid degradation.triacylglycerol lipase activities
VIT_07s0031g00590	Vitvi05_01chr07g28230	5.2.10.1.2	mapman:Lipid metabolism.glycerolipid metabolism.glycerolipid degradation.triacylglycerol lipase activities.diacyl-/triacylglycerol lipase activities
VIT_07s0031g00590	Vitvi05_01chr07g28230	5.2.10.1.2.3	mapman:Lipid metabolism.glycerolipid metabolism.glycerolipid degradation.triacylglycerol lipase activities.diacyl-/triacylglycerol lipase activities.lipase *(OBL)
VIT_07s0005g01240	Vitvi05_01chr07g06220	5.2.10.2	mapman:Lipid metabolism.glycerolipid metabolism.glycerolipid degradation.phospholipase activities
VIT_07s0141g00360	Vitvi05_01chr07g00670	5.2.10.2	mapman:Lipid metabolism.glycerolipid metabolism.glycerolipid degradation.phospholipase activities
VIT_11s0103g00190	Vitvi05_01chr11g15510	5.2.10.2	mapman:Lipid metabolism.glycerolipid metabolism.glycerolipid degradation.phospholipase activities
VIT_18s0001g00770	Vitvi05_01chr18g02150	5.2.10.2	mapman:Lipid metabolism.glycerolipid metabolism.glycerolipid degradation.phospholipase activities
VIT_18s0001g10830	Vitvi05_01chr18g12290	5.2.10.2	mapman:Lipid metabolism.glycerolipid metabolism.glycerolipid degradation.phospholipase activities
VIT_07s0005g01240	Vitvi05_01chr07g06220	5.2.10.2.1	mapman:Lipid metabolism.glycerolipid metabolism.glycerolipid degradation.phospholipase activities.phospholipase A1 activities
VIT_07s0141g00360	Vitvi05_01chr07g00670	5.2.10.2.1	mapman:Lipid metabolism.glycerolipid metabolism.glycerolipid degradation.phospholipase activities.phospholipase A1 activities
VIT_07s0141g00360	Vitvi05_01chr07g00670	5.2.10.2.1.1	mapman:Lipid metabolism.glycerolipid metabolism.glycerolipid degradation.phospholipase activities.phospholipase A1 activities.phospholipase-A1 *(PC-PLA1)
VIT_07s0005g01240	Vitvi05_01chr07g06220	5.2.10.2.1.3	mapman:Lipid metabolism.glycerolipid metabolism.glycerolipid degradation.phospholipase activities.phospholipase A1 activities.phosphatidylglycerol lipase *(PLIP1)
VIT_11s0103g00190	Vitvi05_01chr11g15510	5.2.10.2.2	mapman:Lipid metabolism.glycerolipid metabolism.glycerolipid degradation.phospholipase activities.phospholipase A2 activities
VIT_18s0001g10830	Vitvi05_01chr18g12290	5.2.10.2.2	mapman:Lipid metabolism.glycerolipid metabolism.glycerolipid degradation.phospholipase activities.phospholipase A2 activities
VIT_11s0103g00190	Vitvi05_01chr11g15510	5.2.10.2.2.1	mapman:Lipid metabolism.glycerolipid metabolism.glycerolipid degradation.phospholipase activities.phospholipase A2 activities.phospholipase-A2 *(sPLA2)
VIT_18s0001g10830	Vitvi05_01chr18g12290	5.2.10.2.2.3	mapman:Lipid metabolism.glycerolipid metabolism.glycerolipid degradation.phospholipase activities.phospholipase A2 activities.phospholipase-A2 *(pPLA2-II)
VIT_18s0001g00770	Vitvi05_01chr18g02150	5.2.10.2.4	mapman:Lipid metabolism.glycerolipid metabolism.glycerolipid degradation.phospholipase activities.phospholipase D activities
VIT_18s0001g00770	Vitvi05_01chr18g02150	5.2.10.2.4.3	mapman:Lipid metabolism.glycerolipid metabolism.glycerolipid degradation.phospholipase activities.phospholipase D activities.phospholipase-D *(PLD-delta)
VIT_01s0011g04160	Vitvi05_01chr01g05190	5.2.2	mapman:Lipid metabolism.glycerolipid metabolism.diacylglycerol biosynthesis
VIT_01s0011g04160	Vitvi05_01chr01g05190	5.2.2.1	mapman:Lipid metabolism.glycerolipid metabolism.diacylglycerol biosynthesis.phosphatidate phosphatase *(LPP-alpha)
VIT_05s0020g00930	Vitvi05_01chr05g04080	5.2.3	mapman:Lipid metabolism.glycerolipid metabolism.triacylglycerol biosynthesis
VIT_06s0061g01110	Vitvi05_01chr06g20330	5.2.3	mapman:Lipid metabolism.glycerolipid metabolism.triacylglycerol biosynthesis
VIT_05s0020g00930	Vitvi05_01chr05g04080	5.2.3.1	mapman:Lipid metabolism.glycerolipid metabolism.triacylglycerol biosynthesis.acyl-CoA:diacylglycerol acyltransferase activities
VIT_05s0020g00930	Vitvi05_01chr05g04080	5.2.3.1.3	mapman:Lipid metabolism.glycerolipid metabolism.triacylglycerol biosynthesis.acyl-CoA:diacylglycerol acyltransferase activities.cytosolic acyl-CoA:diacylglycerol acyltransferase *(DGAT3)
VIT_06s0061g01110	Vitvi05_01chr06g20330	5.2.3.2	mapman:Lipid metabolism.glycerolipid metabolism.triacylglycerol biosynthesis.phospholipid:diacylglycerol acyltransferase activities
VIT_06s0061g01110	Vitvi05_01chr06g20330	5.2.3.2.1	mapman:Lipid metabolism.glycerolipid metabolism.triacylglycerol biosynthesis.phospholipid:diacylglycerol acyltransferase activities.phospholipid:diacylglycerol acyltransferase *(PDAT)
VIT_01s0011g05200	Vitvi05_01chr01g06690	5.2.5	mapman:Lipid metabolism.glycerolipid metabolism.phosphatidylcholine biosynthesis
VIT_01s0011g05200	Vitvi05_01chr01g06690	5.2.5.1	mapman:Lipid metabolism.glycerolipid metabolism.phosphatidylcholine biosynthesis.phospho-base N-methyltransferase
VIT_01s0011g04370	Vitvi05_01chr01g05530	5.2.6	mapman:Lipid metabolism.glycerolipid metabolism.phosphatidylserine biosynthesis
VIT_17s0000g03010	Vitvi05_01chr17g03790	5.2.6	mapman:Lipid metabolism.glycerolipid metabolism.phosphatidylserine biosynthesis
VIT_01s0011g04370	Vitvi05_01chr01g05530	5.2.6.1	mapman:Lipid metabolism.glycerolipid metabolism.phosphatidylserine biosynthesis.base-exchange pathway
VIT_17s0000g03010	Vitvi05_01chr17g03790	5.2.6.1	mapman:Lipid metabolism.glycerolipid metabolism.phosphatidylserine biosynthesis.base-exchange pathway
VIT_01s0011g04370	Vitvi05_01chr01g05530	5.2.6.1.1	mapman:Lipid metabolism.glycerolipid metabolism.phosphatidylserine biosynthesis.base-exchange pathway.base-exchange-type phosphatidylserine synthase
VIT_17s0000g03010	Vitvi05_01chr17g03790	5.2.6.1.1	mapman:Lipid metabolism.glycerolipid metabolism.phosphatidylserine biosynthesis.base-exchange pathway.base-exchange-type phosphatidylserine synthase
VIT_00s0583g00030	Vitvi05_01chr10g08050	5.4	mapman:Lipid metabolism.sphingolipid metabolism
VIT_04s0008g01210	Vitvi05_01chr04g01330	5.4	mapman:Lipid metabolism.sphingolipid metabolism
VIT_18s0001g00370	Vitvi05_01chr18g01800	5.4	mapman:Lipid metabolism.sphingolipid metabolism
VIT_00s0583g00030	Vitvi05_01chr10g08050	5.4.1	mapman:Lipid metabolism.sphingolipid metabolism.ceramide biosynthesis
VIT_00s0583g00030	Vitvi05_01chr10g08050	5.4.1.4	mapman:Lipid metabolism.sphingolipid metabolism.ceramide biosynthesis.delta-4 sphingolipid desaturase *(DSD)
VIT_04s0008g01210	Vitvi05_01chr04g01330	5.4.2	mapman:Lipid metabolism.sphingolipid metabolism.sphingolipid desaturation
VIT_04s0008g01210	Vitvi05_01chr04g01330	5.4.2.1	mapman:Lipid metabolism.sphingolipid metabolism.sphingolipid desaturation.clade-I delta-8 sphingolipid desaturase *(SLD)
VIT_18s0001g00370	Vitvi05_01chr18g01800	5.4.6	mapman:Lipid metabolism.sphingolipid metabolism.sphingolipid homeostasis
VIT_18s0001g00370	Vitvi05_01chr18g01800	5.4.6.1	mapman:Lipid metabolism.sphingolipid metabolism.sphingolipid homeostasis.ceramidase activities
VIT_18s0001g00370	Vitvi05_01chr18g01800	5.4.6.1.1	mapman:Lipid metabolism.sphingolipid metabolism.sphingolipid homeostasis.ceramidase activities.neutral ceramidase *(NCER)
VIT_01s0150g00210	Vitvi05_01chr01g24740	5.5	mapman:Lipid metabolism.phytosterol metabolism
VIT_08s0007g08470	Vitvi05_01chr08g24110	5.5	mapman:Lipid metabolism.phytosterol metabolism
VIT_13s0064g00440	Vitvi05_01chr13g25700	5.5	mapman:Lipid metabolism.phytosterol metabolism
VIT_18s0001g08330	Vitvi05_01chr18g08970	5.5	mapman:Lipid metabolism.phytosterol metabolism
VIT_01s0150g00210	Vitvi05_01chr01g24740	5.5.1	mapman:Lipid metabolism.phytosterol metabolism.plant sterol pathway
VIT_08s0007g08470	Vitvi05_01chr08g24110	5.5.1	mapman:Lipid metabolism.phytosterol metabolism.plant sterol pathway
VIT_13s0064g00440	Vitvi05_01chr13g25700	5.5.1	mapman:Lipid metabolism.phytosterol metabolism.plant sterol pathway
VIT_08s0007g08470	Vitvi05_01chr08g24110	5.5.1.1	mapman:Lipid metabolism.phytosterol metabolism.plant sterol pathway.sterol C-24 methyltransferase
VIT_13s0064g00440	Vitvi05_01chr13g25700	5.5.1.1	mapman:Lipid metabolism.phytosterol metabolism.plant sterol pathway.sterol C-24 methyltransferase
VIT_01s0150g00210	Vitvi05_01chr01g24740	5.5.1.2	mapman:Lipid metabolism.phytosterol metabolism.plant sterol pathway.obtusifoliol 14-alpha demethylase
VIT_18s0001g08330	Vitvi05_01chr18g08970	5.5.2	mapman:Lipid metabolism.phytosterol metabolism.phytosterol C4-demethylation complex
VIT_18s0001g08330	Vitvi05_01chr18g08970	5.5.2.5	mapman:Lipid metabolism.phytosterol metabolism.phytosterol C4-demethylation complex.scaffold component *(ERG28)
VIT_00s1667g00010	Vitvi05_01chr04g12160	5.7	mapman:Lipid metabolism.lipid trafficking
VIT_02s0033g01330	Vitvi05_01chr02g17940	5.7	mapman:Lipid metabolism.lipid trafficking
VIT_02s0033g01330	Vitvi05_01chr02g17940	5.7.1	mapman:Lipid metabolism.lipid trafficking.acyl-CoA-binding protein activities
VIT_02s0033g01330	Vitvi05_01chr02g17940	5.7.1.3	mapman:Lipid metabolism.lipid trafficking.acyl-CoA-binding protein activities.acyl-CoA-binding protein *(ACBP6)
VIT_00s1667g00010	Vitvi05_01chr04g12160	5.7.3	mapman:Lipid metabolism.lipid trafficking.endoplasmic reticulum-plastid lipid transfer
VIT_00s1667g00010	Vitvi05_01chr04g12160	5.7.3.1	mapman:Lipid metabolism.lipid trafficking.endoplasmic reticulum-plastid lipid transfer.phospholipid transverse translocation
VIT_00s1667g00010	Vitvi05_01chr04g12160	5.7.3.1.1	mapman:Lipid metabolism.lipid trafficking.endoplasmic reticulum-plastid lipid transfer.phospholipid transverse translocation.ATP-dependent machinery
VIT_00s1667g00010	Vitvi05_01chr04g12160	5.7.3.1.1.1	mapman:Lipid metabolism.lipid trafficking.endoplasmic reticulum-plastid lipid transfer.phospholipid transverse translocation.ATP-dependent machinery.ALA-ALIS flippase complex
VIT_00s1667g00010	Vitvi05_01chr04g12160	5.7.3.1.1.1.2	mapman:Lipid metabolism.lipid trafficking.endoplasmic reticulum-plastid lipid transfer.phospholipid transverse translocation.ATP-dependent machinery.ALA-ALIS flippase complex.regulatory component *(ALIS)
VIT_01s0146g00070	Vitvi05_01chr01g23560	5.8	mapman:Lipid metabolism.cytoplasmic lipid droplet-associated activities
VIT_01s0146g00090	Vitvi05_01chr01g23570	5.8	mapman:Lipid metabolism.cytoplasmic lipid droplet-associated activities
VIT_04s0023g00130	Vitvi05_01chr04g15720	5.8	mapman:Lipid metabolism.cytoplasmic lipid droplet-associated activities
VIT_05s0049g01780	Vitvi05_01chr05g12070	5.8	mapman:Lipid metabolism.cytoplasmic lipid droplet-associated activities
VIT_05s0062g00810	Vitvi05_01chr05g20010	5.8	mapman:Lipid metabolism.cytoplasmic lipid droplet-associated activities
VIT_07s0005g00170	Vitvi05_01chr07g04900	5.8	mapman:Lipid metabolism.cytoplasmic lipid droplet-associated activities
VIT_10s0003g02040	Vitvi05_01chr10g11610	5.8	mapman:Lipid metabolism.cytoplasmic lipid droplet-associated activities
VIT_13s0064g00910	Vitvi05_01chr13g26500	5.8	mapman:Lipid metabolism.cytoplasmic lipid droplet-associated activities
VIT_14s0066g00700	Vitvi05_01chr14g25980	5.8	mapman:Lipid metabolism.cytoplasmic lipid droplet-associated activities
VIT_14s0066g00710	Vitvi05_01chr14g25990	5.8	mapman:Lipid metabolism.cytoplasmic lipid droplet-associated activities
VIT_16s0013g00880	Vitvi05_01chr16g05230	5.8	mapman:Lipid metabolism.cytoplasmic lipid droplet-associated activities
VIT_17s0000g04210	Vitvi05_01chr17g05870	5.8	mapman:Lipid metabolism.cytoplasmic lipid droplet-associated activities
VIT_04s0023g00130	Vitvi05_01chr04g15720	5.8.1	mapman:Lipid metabolism.cytoplasmic lipid droplet-associated activities.lipid droplet-plasma membrane tethering complex
VIT_13s0064g00910	Vitvi05_01chr13g26500	5.8.1	mapman:Lipid metabolism.cytoplasmic lipid droplet-associated activities.lipid droplet-plasma membrane tethering complex
VIT_04s0023g00130	Vitvi05_01chr04g15720	5.8.1.1	mapman:Lipid metabolism.cytoplasmic lipid droplet-associated activities.lipid droplet-plasma membrane tethering complex.lipid droplet-localized component *(SLDP)
VIT_13s0064g00910	Vitvi05_01chr13g26500	5.8.1.2	mapman:Lipid metabolism.cytoplasmic lipid droplet-associated activities.lipid droplet-plasma membrane tethering complex.plasma membrane-localized component *(LIPA)
VIT_14s0066g00700	Vitvi05_01chr14g25980	5.8.3	mapman:Lipid metabolism.cytoplasmic lipid droplet-associated activities.Oleosin-type lipid droplet structural protein
VIT_14s0066g00710	Vitvi05_01chr14g25990	5.8.3	mapman:Lipid metabolism.cytoplasmic lipid droplet-associated activities.Oleosin-type lipid droplet structural protein
VIT_16s0013g00880	Vitvi05_01chr16g05230	5.8.3	mapman:Lipid metabolism.cytoplasmic lipid droplet-associated activities.Oleosin-type lipid droplet structural protein
VIT_17s0000g04210	Vitvi05_01chr17g05870	5.8.3	mapman:Lipid metabolism.cytoplasmic lipid droplet-associated activities.Oleosin-type lipid droplet structural protein
VIT_05s0049g01780	Vitvi05_01chr05g12070	5.8.4	mapman:Lipid metabolism.cytoplasmic lipid droplet-associated activities.Caleosin-type peroxygenase *(CLO/PXG)
VIT_01s0146g00070	Vitvi05_01chr01g23560	5.8.5	mapman:Lipid metabolism.cytoplasmic lipid droplet-associated activities.STEROLEOSIN-type dehydrogenase *(SLO/HSD)
VIT_01s0146g00090	Vitvi05_01chr01g23570	5.8.5	mapman:Lipid metabolism.cytoplasmic lipid droplet-associated activities.STEROLEOSIN-type dehydrogenase *(SLO/HSD)
VIT_07s0005g00170	Vitvi05_01chr07g04900	5.8.6	mapman:Lipid metabolism.cytoplasmic lipid droplet-associated activities.associated factor *(LDAP)
VIT_05s0062g00810	Vitvi05_01chr05g20010	5.8.8	mapman:Lipid metabolism.cytoplasmic lipid droplet-associated activities.associated factor *(OBAP)
VIT_10s0003g02040	Vitvi05_01chr10g11610	5.8.8	mapman:Lipid metabolism.cytoplasmic lipid droplet-associated activities.associated factor *(OBAP)
VIT_00s0207g00010	Vitvi05_01chr07g21260	50	mapman:Enzyme classification
VIT_00s0233g00020	Vitvi05_01chr02g07170	50	mapman:Enzyme classification
VIT_00s0253g00040	Vitvi05_01chr07g21950	50	mapman:Enzyme classification
VIT_00s0301g00100	Vitvi05_01chr10g07350	50	mapman:Enzyme classification
VIT_00s0323g00100	Vitvi05_01chr02g07050	50	mapman:Enzyme classification
VIT_00s0324g00070	Vitvi05_01chr07g23270	50	mapman:Enzyme classification
VIT_00s0371g00050	Vitvi05_01chr07g24710	50	mapman:Enzyme classification
VIT_00s0371g00100	Vitvi05_01chr07g24740	50	mapman:Enzyme classification
VIT_00s0375g00030	Vitvi05_01chr10g07670	50	mapman:Enzyme classification
VIT_00s0389g00030	Vitvi05_01chr02g08410	50	mapman:Enzyme classification
VIT_00s0389g00040	Vitvi05_01chr02g08420	50	mapman:Enzyme classification
VIT_00s0615g00030	Vitvi05_01chr07g24670	50	mapman:Enzyme classification
VIT_00s0929g00020	Vitvi05_01chr07g24440	50	mapman:Enzyme classification
VIT_00s1353g00010	Vitvi05_01chr07g25320	50	mapman:Enzyme classification
VIT_00s1389g00010	Vitvi05_01chr07g24690	50	mapman:Enzyme classification
VIT_00s1542g00010	Vitvi05_01chr07g27360	50	mapman:Enzyme classification
VIT_00s2086g00010	Vitvi05_01chr10g02480	50	mapman:Enzyme classification
VIT_01s0010g00240	Vitvi05_01chr01g17370	50	mapman:Enzyme classification
VIT_01s0010g02460	Vitvi05_01chr01g20950	50	mapman:Enzyme classification
VIT_01s0011g00760	Vitvi05_01chr01g00940	50	mapman:Enzyme classification
VIT_01s0011g02000	Vitvi05_01chr01g02380	50	mapman:Enzyme classification
VIT_01s0011g02030	Vitvi05_01chr01g02410	50	mapman:Enzyme classification
VIT_01s0011g02960	Vitvi05_01chr01g03630	50	mapman:Enzyme classification
VIT_01s0011g03210	Vitvi05_01chr01g03920	50	mapman:Enzyme classification
VIT_01s0011g03450	Vitvi05_01chr01g04250	50	mapman:Enzyme classification
VIT_01s0011g03670	Vitvi05_01chr01g04510	50	mapman:Enzyme classification
VIT_01s0011g04060	Vitvi05_01chr01g05100	50	mapman:Enzyme classification
VIT_01s0011g04160	Vitvi05_01chr01g05190	50	mapman:Enzyme classification
VIT_01s0011g04740	Vitvi05_01chr01g05990	50	mapman:Enzyme classification
VIT_01s0011g05200	Vitvi05_01chr01g06690	50	mapman:Enzyme classification
VIT_01s0026g00200	Vitvi05_01chr01g11940	50	mapman:Enzyme classification
VIT_01s0026g01420	Vitvi05_01chr01g13690	50	mapman:Enzyme classification
VIT_01s0026g01780	Vitvi05_01chr01g14170	50	mapman:Enzyme classification
VIT_01s0127g00560	Vitvi05_01chr01g11120	50	mapman:Enzyme classification
VIT_01s0127g00590	Vitvi05_01chr01g11190	50	mapman:Enzyme classification
VIT_01s0137g00240	Vitvi05_01chr01g09020	50	mapman:Enzyme classification
VIT_01s0137g00410	Vitvi05_01chr01g09280	50	mapman:Enzyme classification
VIT_01s0137g00550	Vitvi05_01chr01g09400	50	mapman:Enzyme classification
VIT_01s0146g00070	Vitvi05_01chr01g23560	50	mapman:Enzyme classification
VIT_01s0146g00090	Vitvi05_01chr01g23570	50	mapman:Enzyme classification
VIT_01s0150g00210	Vitvi05_01chr01g24740	50	mapman:Enzyme classification
VIT_01s0150g00460	Vitvi05_01chr01g25010	50	mapman:Enzyme classification
VIT_02s0012g00170	Vitvi05_01chr02g10020	50	mapman:Enzyme classification
VIT_02s0012g00360	Vitvi05_01chr02g10400	50	mapman:Enzyme classification
VIT_02s0012g00450	Vitvi05_01chr02g10520	50	mapman:Enzyme classification
VIT_02s0012g00550	Vitvi05_01chr02g10720	50	mapman:Enzyme classification
VIT_02s0012g02220	Vitvi05_01chr02g13000	50	mapman:Enzyme classification
VIT_02s0012g02810	Vitvi05_01chr02g14180	50	mapman:Enzyme classification
VIT_02s0025g00360	Vitvi05_01chr02g00380	50	mapman:Enzyme classification
VIT_02s0025g01240	Vitvi05_01chr02g01370	50	mapman:Enzyme classification
VIT_02s0025g01330	Vitvi05_01chr02g01480	50	mapman:Enzyme classification
VIT_02s0025g02770	Vitvi05_01chr02g03200	50	mapman:Enzyme classification
VIT_02s0025g02920	Vitvi05_01chr02g03330	50	mapman:Enzyme classification
VIT_02s0025g02970	Vitvi05_01chr02g03380	50	mapman:Enzyme classification
VIT_02s0025g03240	Vitvi05_01chr02g03800	50	mapman:Enzyme classification
VIT_02s0025g03320	Vitvi05_01chr02g03890	50	mapman:Enzyme classification
VIT_02s0025g03590	Vitvi05_01chr02g04230	50	mapman:Enzyme classification
VIT_02s0025g03600	Vitvi05_01chr02g04240	50	mapman:Enzyme classification
VIT_02s0025g03700	Vitvi05_01chr02g04350	50	mapman:Enzyme classification
VIT_02s0025g04730	Vitvi05_01chr02g05880	50	mapman:Enzyme classification
VIT_02s0033g00290	Vitvi05_01chr02g15850	50	mapman:Enzyme classification
VIT_02s0033g00700	Vitvi05_01chr02g16820	50	mapman:Enzyme classification
VIT_02s0033g01000	Vitvi05_01chr02g17280	50	mapman:Enzyme classification
VIT_02s0033g01020	Vitvi05_01chr02g17370	50	mapman:Enzyme classification
VIT_02s0087g00170	Vitvi05_01chr02g18320	50	mapman:Enzyme classification
VIT_02s0087g00370	Vitvi05_01chr02g18610	50	mapman:Enzyme classification
VIT_02s0087g00710	Vitvi05_01chr02g19170	50	mapman:Enzyme classification
VIT_02s0087g00720	Vitvi05_01chr02g19180	50	mapman:Enzyme classification
VIT_02s0087g00910	Vitvi05_01chr02g19450	50	mapman:Enzyme classification
VIT_02s0087g00930	Vitvi05_01chr02g19460	50	mapman:Enzyme classification
VIT_02s0087g01020	Vitvi05_01chr02g19550	50	mapman:Enzyme classification
VIT_02s0109g00080	Vitvi05_01chr02g14730	50	mapman:Enzyme classification
VIT_02s0154g00080	Vitvi05_01chr02g07150	50	mapman:Enzyme classification
VIT_02s0154g00350	Vitvi05_01chr02g07560	50	mapman:Enzyme classification
VIT_03s0017g00650	Vitvi05_01chr03g17080	50	mapman:Enzyme classification
VIT_03s0017g00870	Vitvi05_01chr03g17570	50	mapman:Enzyme classification
VIT_03s0038g00450	Vitvi05_01chr03g00380	50	mapman:Enzyme classification
VIT_03s0038g00670	Vitvi05_01chr03g00560	50	mapman:Enzyme classification
VIT_03s0038g02400	Vitvi05_01chr03g02340	50	mapman:Enzyme classification
VIT_03s0038g03090	Vitvi05_01chr03g03100	50	mapman:Enzyme classification
VIT_03s0038g03570	Vitvi05_01chr03g03860	50	mapman:Enzyme classification
VIT_03s0038g04570	Vitvi05_01chr03g05100	50	mapman:Enzyme classification
VIT_03s0038g04680	Vitvi05_01chr03g05200	50	mapman:Enzyme classification
VIT_03s0038g04700	Vitvi05_01chr03g05230	50	mapman:Enzyme classification
VIT_03s0063g00210	Vitvi05_01chr03g08350	50	mapman:Enzyme classification
VIT_03s0063g00370	Vitvi05_01chr03g08190	50	mapman:Enzyme classification
VIT_03s0063g01290	Vitvi05_01chr03g07140	50	mapman:Enzyme classification
VIT_03s0063g01330	Vitvi05_01chr03g07080	50	mapman:Enzyme classification
VIT_03s0063g01340	Vitvi05_01chr03g07070	50	mapman:Enzyme classification
VIT_03s0063g01480	Vitvi05_01chr03g06830	50	mapman:Enzyme classification
VIT_03s0063g01560	Vitvi05_01chr03g06760	50	mapman:Enzyme classification
VIT_03s0063g01880	Vitvi05_01chr03g06360	50	mapman:Enzyme classification
VIT_03s0063g02490	Vitvi05_01chr03g05650	50	mapman:Enzyme classification
VIT_03s0088g00050	Vitvi05_01chr03g10760	50	mapman:Enzyme classification
VIT_03s0088g00060	Vitvi05_01chr03g10790	50	mapman:Enzyme classification
VIT_03s0088g00140	Vitvi05_01chr03g10920	50	mapman:Enzyme classification
VIT_03s0091g01240	Vitvi05_01chr03g10670	50	mapman:Enzyme classification
VIT_03s0091g01290	Vitvi05_01chr03g10690	50	mapman:Enzyme classification
VIT_03s0180g00280	Vitvi05_01chr03g08920	50	mapman:Enzyme classification
VIT_04s0008g01740	Vitvi05_01chr04g01960	50	mapman:Enzyme classification
VIT_04s0008g01880	Vitvi05_01chr04g02140	50	mapman:Enzyme classification
VIT_04s0008g01970	Vitvi05_01chr04g02220	50	mapman:Enzyme classification
VIT_04s0008g03240	Vitvi05_01chr04g03750	50	mapman:Enzyme classification
VIT_04s0008g05770	Vitvi05_01chr04g07060	50	mapman:Enzyme classification
VIT_04s0008g06570	Vitvi05_01chr04g08350	50	mapman:Enzyme classification
VIT_04s0023g02200	Vitvi05_01chr04g18680	50	mapman:Enzyme classification
VIT_04s0023g02280	Vitvi05_01chr04g18750	50	mapman:Enzyme classification
VIT_04s0023g02650	Vitvi05_01chr04g19270	50	mapman:Enzyme classification
VIT_04s0023g02690	Vitvi05_01chr04g19300	50	mapman:Enzyme classification
VIT_04s0023g02810	Vitvi05_01chr04g19480	50	mapman:Enzyme classification
VIT_04s0023g02900	Vitvi05_01chr04g19690	50	mapman:Enzyme classification
VIT_04s0023g03010	Vitvi05_01chr04g19810	50	mapman:Enzyme classification
VIT_04s0023g03510	Vitvi05_01chr04g20440	50	mapman:Enzyme classification
VIT_04s0023g03650	Vitvi05_01chr04g20640	50	mapman:Enzyme classification
VIT_04s0023g03810	Vitvi05_01chr04g20830	50	mapman:Enzyme classification
VIT_04s0043g00160	Vitvi05_01chr04g13450	50	mapman:Enzyme classification
VIT_04s0044g00020	Vitvi05_01chr04g22260	50	mapman:Enzyme classification
VIT_04s0044g00190	Vitvi05_01chr04g22540	50	mapman:Enzyme classification
VIT_04s0044g00220	Vitvi05_01chr04g22570	50	mapman:Enzyme classification
VIT_04s0044g00730	Vitvi05_01chr04g23540	50	mapman:Enzyme classification
VIT_04s0044g01000	Vitvi05_01chr04g23890	50	mapman:Enzyme classification
VIT_04s0044g01740	Vitvi05_01chr04g25120	50	mapman:Enzyme classification
VIT_04s0069g00780	Vitvi05_01chr04g10510	50	mapman:Enzyme classification
VIT_04s0079g00680	Vitvi05_01chr04g12540	50	mapman:Enzyme classification
VIT_05s0020g00600	Vitvi05_01chr05g03780	50	mapman:Enzyme classification
VIT_05s0020g00730	Vitvi05_01chr05g03890	50	mapman:Enzyme classification
VIT_05s0020g02130	Vitvi05_01chr05g05720	50	mapman:Enzyme classification
VIT_05s0020g02480	Vitvi05_01chr05g06190	50	mapman:Enzyme classification
VIT_05s0020g02880	Vitvi05_01chr05g06770	50	mapman:Enzyme classification
VIT_05s0020g03170	Vitvi05_01chr05g07150	50	mapman:Enzyme classification
VIT_05s0020g03280	Vitvi05_01chr05g07310	50	mapman:Enzyme classification
VIT_05s0020g03320	Vitvi05_01chr05g07370	50	mapman:Enzyme classification
VIT_05s0020g03860	Vitvi05_01chr05g08050	50	mapman:Enzyme classification
VIT_05s0020g03870	Vitvi05_01chr05g08060	50	mapman:Enzyme classification
VIT_05s0020g04130	Vitvi05_01chr05g08480	50	mapman:Enzyme classification
VIT_05s0020g04510	Vitvi05_01chr05g09140	50	mapman:Enzyme classification
VIT_05s0020g04570	Vitvi05_01chr05g09190	50	mapman:Enzyme classification
VIT_05s0029g00480	Vitvi05_01chr05g16770	50	mapman:Enzyme classification
VIT_05s0029g01140	Vitvi05_01chr05g18150	50	mapman:Enzyme classification
VIT_05s0049g00270	Vitvi05_01chr05g10300	50	mapman:Enzyme classification
VIT_05s0049g00390	Vitvi05_01chr05g10400	50	mapman:Enzyme classification
VIT_05s0049g00420	Vitvi05_01chr05g10440	50	mapman:Enzyme classification
VIT_05s0049g00950	Vitvi05_01chr05g10960	50	mapman:Enzyme classification
VIT_05s0049g01320	Vitvi05_01chr05g11490	50	mapman:Enzyme classification
VIT_05s0051g00590	Vitvi05_01chr05g14210	50	mapman:Enzyme classification
VIT_05s0062g00240	Vitvi05_01chr05g19370	50	mapman:Enzyme classification
VIT_05s0062g00250	Vitvi05_01chr05g19380	50	mapman:Enzyme classification
VIT_05s0062g00430	Vitvi05_01chr05g19560	50	mapman:Enzyme classification
VIT_05s0062g00480	Vitvi05_01chr05g19600	50	mapman:Enzyme classification
VIT_05s0062g00520	Vitvi05_01chr05g19620	50	mapman:Enzyme classification
VIT_05s0062g00610	Vitvi05_01chr05g19710	50	mapman:Enzyme classification
VIT_05s0062g00630	Vitvi05_01chr05g19740	50	mapman:Enzyme classification
VIT_05s0062g00700	Vitvi05_01chr05g19860	50	mapman:Enzyme classification
VIT_05s0062g00980	Vitvi05_01chr05g20270	50	mapman:Enzyme classification
VIT_05s0062g01430	Vitvi05_01chr07g17740	50	mapman:Enzyme classification
VIT_05s0077g00520	Vitvi05_01chr05g02480	50	mapman:Enzyme classification
VIT_05s0077g00560	Vitvi05_01chr05g02430	50	mapman:Enzyme classification
VIT_05s0077g01150	Vitvi05_01chr05g01580	50	mapman:Enzyme classification
VIT_05s0077g01930	Vitvi05_01chr05g00560	50	mapman:Enzyme classification
VIT_05s0094g01080	Vitvi05_01chr05g26060	50	mapman:Enzyme classification
VIT_05s0094g01160	Vitvi05_01chr05g26160	50	mapman:Enzyme classification
VIT_05s0094g01250	Vitvi05_01chr05g26200	50	mapman:Enzyme classification
VIT_05s0094g01260	Vitvi05_01chr05g26210	50	mapman:Enzyme classification
VIT_05s0102g00120	Vitvi05_01chr05g22460	50	mapman:Enzyme classification
VIT_05s0102g00710	Vitvi05_01chr05g23320	50	mapman:Enzyme classification
VIT_05s0136g00260	Vitvi05_01chr05g15660	50	mapman:Enzyme classification
VIT_06s0004g00130	Vitvi05_01chr06g00340	50	mapman:Enzyme classification
VIT_06s0004g00220	Vitvi05_01chr06g00460	50	mapman:Enzyme classification
VIT_06s0004g01140	Vitvi05_01chr06g01760	50	mapman:Enzyme classification
VIT_06s0004g01160	Vitvi05_01chr06g01770	50	mapman:Enzyme classification
VIT_06s0004g01390	Vitvi05_01chr06g02160	50	mapman:Enzyme classification
VIT_06s0004g01510	Vitvi05_01chr06g02410	50	mapman:Enzyme classification
VIT_06s0004g01640	Vitvi05_01chr06g02610	50	mapman:Enzyme classification
VIT_06s0004g02640	Vitvi05_01chr06g04090	50	mapman:Enzyme classification
VIT_06s0004g03020	Vitvi05_01chr06g04590	50	mapman:Enzyme classification
VIT_06s0004g05330	Vitvi05_01chr06g07930	50	mapman:Enzyme classification
VIT_06s0004g05380	Vitvi05_01chr06g07980	50	mapman:Enzyme classification
VIT_06s0004g05400	Vitvi05_01chr06g08000	50	mapman:Enzyme classification
VIT_06s0004g05430	Vitvi05_01chr06g08020	50	mapman:Enzyme classification
VIT_06s0004g05780	Vitvi05_01chr06g08510	50	mapman:Enzyme classification
VIT_06s0004g06790	Vitvi05_01chr06g09820	50	mapman:Enzyme classification
VIT_06s0004g06830	Vitvi05_01chr06g09870	50	mapman:Enzyme classification
VIT_06s0004g07230	Vitvi05_01chr06g10450	50	mapman:Enzyme classification
VIT_06s0004g07310	Vitvi05_01chr06g10530	50	mapman:Enzyme classification
VIT_06s0004g07770	Vitvi05_01chr06g11220	50	mapman:Enzyme classification
VIT_06s0004g08150	Vitvi05_01chr06g11750	50	mapman:Enzyme classification
VIT_06s0004g08210	Vitvi05_01chr06g11850	50	mapman:Enzyme classification
VIT_06s0009g00810	Vitvi05_01chr06g13870	50	mapman:Enzyme classification
VIT_06s0009g02810	Vitvi05_01chr06g17100	50	mapman:Enzyme classification
VIT_06s0009g02880	Vitvi05_01chr06g17510	50	mapman:Enzyme classification
VIT_06s0009g02920	Vitvi05_01chr06g17540	50	mapman:Enzyme classification
VIT_06s0009g02970	Vitvi05_01chr06g17580	50	mapman:Enzyme classification
VIT_06s0009g03120	Vitvi05_01chr06g17730	50	mapman:Enzyme classification
VIT_06s0061g00550	Vitvi05_01chr06g19500	50	mapman:Enzyme classification
VIT_06s0061g00670	Vitvi05_01chr06g19640	50	mapman:Enzyme classification
VIT_06s0061g01110	Vitvi05_01chr06g20330	50	mapman:Enzyme classification
VIT_06s0061g01230	Vitvi05_01chr06g20530	50	mapman:Enzyme classification
VIT_06s0080g00420	Vitvi05_01chr06g21600	50	mapman:Enzyme classification
VIT_07s0005g00730	Vitvi05_01chr07g05560	50	mapman:Enzyme classification
VIT_07s0005g01790	Vitvi05_01chr07g06900	50	mapman:Enzyme classification
VIT_07s0005g02410	Vitvi05_01chr07g07670	50	mapman:Enzyme classification
VIT_07s0005g02590	Vitvi05_01chr07g07860	50	mapman:Enzyme classification
VIT_07s0031g00120	Vitvi05_01chr07g27670	50	mapman:Enzyme classification
VIT_07s0031g00350	Vitvi05_01chr07g27970	50	mapman:Enzyme classification
VIT_07s0031g00480	Vitvi05_01chr07g28100	50	mapman:Enzyme classification
VIT_07s0031g00530	Vitvi05_01chr07g28150	50	mapman:Enzyme classification
VIT_07s0031g00920	Vitvi05_01chr07g28730	50	mapman:Enzyme classification
VIT_07s0031g01680	Vitvi05_01chr07g29700	50	mapman:Enzyme classification
VIT_07s0031g02480	Vitvi05_01chr07g30750	50	mapman:Enzyme classification
VIT_07s0031g02630	Vitvi05_01chr07g31080	50	mapman:Enzyme classification
VIT_07s0095g00760	Vitvi05_01chr07g14200	50	mapman:Enzyme classification
VIT_07s0129g00730	Vitvi05_01chr07g27060	50	mapman:Enzyme classification
VIT_07s0129g00870	Vitvi05_01chr07g27230	50	mapman:Enzyme classification
VIT_07s0129g00960	Vitvi05_01chr07g27320	50	mapman:Enzyme classification
VIT_07s0129g00970	Vitvi05_01chr07g27350	50	mapman:Enzyme classification
VIT_07s0141g00520	Vitvi05_01chr07g19020	50	mapman:Enzyme classification
VIT_07s0151g01070	Vitvi05_01chr07g02330	50	mapman:Enzyme classification
VIT_07s0185g00050	Vitvi05_01chr07g15340	50	mapman:Enzyme classification
VIT_08s0007g01040	Vitvi05_01chr08g14460	50	mapman:Enzyme classification
VIT_08s0007g01520	Vitvi05_01chr08g15150	50	mapman:Enzyme classification
VIT_08s0007g01570	Vitvi05_01chr08g15200	50	mapman:Enzyme classification
VIT_08s0007g02290	Vitvi05_01chr08g16260	50	mapman:Enzyme classification
VIT_08s0007g03040	Vitvi05_01chr08g17270	50	mapman:Enzyme classification
VIT_08s0007g03240	Vitvi05_01chr08g17500	50	mapman:Enzyme classification
VIT_08s0007g03990	Vitvi05_01chr08g18440	50	mapman:Enzyme classification
VIT_08s0007g04800	Vitvi05_01chr08g19490	50	mapman:Enzyme classification
VIT_08s0007g04950	Vitvi05_01chr08g19690	50	mapman:Enzyme classification
VIT_08s0007g05000	Vitvi05_01chr08g19740	50	mapman:Enzyme classification
VIT_08s0007g06040	Vitvi05_01chr08g21100	50	mapman:Enzyme classification
VIT_08s0007g06060	Vitvi05_01chr08g21110	50	mapman:Enzyme classification
VIT_08s0007g07400	Vitvi05_01chr08g22800	50	mapman:Enzyme classification
VIT_08s0007g07720	Vitvi05_01chr08g23150	50	mapman:Enzyme classification
VIT_08s0007g08330	Vitvi05_01chr08g23900	50	mapman:Enzyme classification
VIT_08s0007g08470	Vitvi05_01chr08g24110	50	mapman:Enzyme classification
VIT_08s0032g00240	Vitvi05_01chr08g02820	50	mapman:Enzyme classification
VIT_08s0032g00470	Vitvi05_01chr08g03140	50	mapman:Enzyme classification
VIT_08s0040g00780	Vitvi05_01chr08g09460	50	mapman:Enzyme classification
VIT_08s0040g01130	Vitvi05_01chr08g09990	50	mapman:Enzyme classification
VIT_08s0040g01710	Vitvi05_01chr08g10910	50	mapman:Enzyme classification
VIT_08s0040g03150	Vitvi05_01chr08g12970	50	mapman:Enzyme classification
VIT_08s0056g00150	Vitvi05_01chr08g00300	50	mapman:Enzyme classification
VIT_08s0058g00410	Vitvi05_01chr08g07080	50	mapman:Enzyme classification
VIT_08s0058g00430	Vitvi05_01chr08g07100	50	mapman:Enzyme classification
VIT_08s0058g00930	Vitvi05_01chr08g07890	50	mapman:Enzyme classification
VIT_08s0058g01090	Vitvi05_01chr08g08060	50	mapman:Enzyme classification
VIT_08s0105g00380	Vitvi05_01chr08g05700	50	mapman:Enzyme classification
VIT_08s0105g00590	Vitvi05_01chr08g06030	50	mapman:Enzyme classification
VIT_09s0002g00150	Vitvi05_01chr09g00120	50	mapman:Enzyme classification
VIT_09s0002g00320	Vitvi05_01chr09g00280	50	mapman:Enzyme classification
VIT_09s0002g00330	Vitvi05_01chr09g00290	50	mapman:Enzyme classification
VIT_09s0002g00540	Vitvi05_01chr09g00530	50	mapman:Enzyme classification
VIT_09s0002g00550	Vitvi05_01chr09g00540	50	mapman:Enzyme classification
VIT_09s0002g00570	Vitvi05_01chr09g00550	50	mapman:Enzyme classification
VIT_09s0002g00580	Vitvi05_01chr09g00560	50	mapman:Enzyme classification
VIT_09s0002g00810	Vitvi05_01chr09g00800	50	mapman:Enzyme classification
VIT_09s0002g02120	Vitvi05_01chr09g02480	50	mapman:Enzyme classification
VIT_09s0002g03140	Vitvi05_01chr09g03580	50	mapman:Enzyme classification
VIT_09s0002g05280	Vitvi05_01chr09g06410	50	mapman:Enzyme classification
VIT_09s0002g05980	Vitvi05_01chr09g07270	50	mapman:Enzyme classification
VIT_09s0002g07110	Vitvi05_01chr09g08740	50	mapman:Enzyme classification
VIT_09s0002g07120	Vitvi05_01chr09g08750	50	mapman:Enzyme classification
VIT_09s0002g08090	Vitvi05_01chr09g10350	50	mapman:Enzyme classification
VIT_09s0018g01190	Vitvi05_01chr09g17950	50	mapman:Enzyme classification
VIT_09s0018g01490	Vitvi05_01chr09g18240	50	mapman:Enzyme classification
VIT_09s0018g01670	Vitvi05_01chr09g18420	50	mapman:Enzyme classification
VIT_09s0018g01870	Vitvi05_01chr09g18740	50	mapman:Enzyme classification
VIT_09s0054g01220	Vitvi05_01chr09g21320	50	mapman:Enzyme classification
VIT_10s0003g00330	Vitvi05_01chr10g09040	50	mapman:Enzyme classification
VIT_10s0003g00620	Vitvi05_01chr10g09340	50	mapman:Enzyme classification
VIT_10s0003g01360	Vitvi05_01chr10g10550	50	mapman:Enzyme classification
VIT_10s0003g01410	Vitvi05_01chr10g10620	50	mapman:Enzyme classification
VIT_10s0003g01960	Vitvi05_01chr10g11490	50	mapman:Enzyme classification
VIT_10s0003g01990	Vitvi05_01chr10g11530	50	mapman:Enzyme classification
VIT_10s0003g02000	Vitvi05_01chr10g11540	50	mapman:Enzyme classification
VIT_10s0003g02110	Vitvi05_01chr10g11700	50	mapman:Enzyme classification
VIT_10s0003g02120	Vitvi05_01chr10g11730	50	mapman:Enzyme classification
VIT_10s0003g02440	Vitvi05_01chr10g12320	50	mapman:Enzyme classification
VIT_10s0003g03490	Vitvi05_01chr10g13890	50	mapman:Enzyme classification
VIT_10s0003g04240	Vitvi05_01chr10g15160	50	mapman:Enzyme classification
VIT_10s0003g05420	Vitvi05_01chr10g17350	50	mapman:Enzyme classification
VIT_10s0071g01060	Vitvi05_01chr10g26570	50	mapman:Enzyme classification
VIT_10s0071g01100	Vitvi05_01chr10g26640	50	mapman:Enzyme classification
VIT_10s0116g00590	Vitvi05_01chr10g00490	50	mapman:Enzyme classification
VIT_10s0116g01540	Vitvi05_01chr10g01300	50	mapman:Enzyme classification
VIT_10s0116g01780	Vitvi05_01chr10g01650	50	mapman:Enzyme classification
VIT_11s0016g00290	Vitvi05_01chr11g00320	50	mapman:Enzyme classification
VIT_11s0016g00330	Vitvi05_01chr11g00360	50	mapman:Enzyme classification
VIT_11s0016g00560	Vitvi05_01chr11g00610	50	mapman:Enzyme classification
VIT_11s0016g01020	Vitvi05_01chr11g01120	50	mapman:Enzyme classification
VIT_11s0016g02110	Vitvi05_01chr11g02410	50	mapman:Enzyme classification
VIT_11s0016g02380	Vitvi05_01chr11g02760	50	mapman:Enzyme classification
VIT_11s0016g02430	Vitvi05_01chr11g02850	50	mapman:Enzyme classification
VIT_11s0016g02960	Vitvi05_01chr11g03510	50	mapman:Enzyme classification
VIT_11s0016g03010	Vitvi05_01chr11g03580	50	mapman:Enzyme classification
VIT_11s0016g03210	Vitvi05_01chr11g03830	50	mapman:Enzyme classification
VIT_11s0016g04570	Vitvi05_01chr11g05600	50	mapman:Enzyme classification
VIT_11s0016g04810	Vitvi05_01chr11g05900	50	mapman:Enzyme classification
VIT_11s0037g00570	Vitvi05_01chr11g10600	50	mapman:Enzyme classification
VIT_11s0052g00970	Vitvi05_01chr11g18020	50	mapman:Enzyme classification
VIT_11s0052g01090	Vitvi05_01chr11g18210	50	mapman:Enzyme classification
VIT_11s0052g01190	Vitvi05_01chr11g18320	50	mapman:Enzyme classification
VIT_11s0052g01200	Vitvi05_01chr11g18330	50	mapman:Enzyme classification
VIT_11s0052g01230	Vitvi05_01chr11g18370	50	mapman:Enzyme classification
VIT_11s0052g01250	Vitvi05_01chr11g18400	50	mapman:Enzyme classification
VIT_11s0052g01260	Vitvi05_01chr11g18410	50	mapman:Enzyme classification
VIT_11s0052g01280	Vitvi05_01chr11g18430	50	mapman:Enzyme classification
VIT_11s0052g01300	Vitvi05_01chr11g18440	50	mapman:Enzyme classification
VIT_11s0052g01320	Vitvi05_01chr11g18460	50	mapman:Enzyme classification
VIT_11s0052g01330	Vitvi05_01chr11g18470	50	mapman:Enzyme classification
VIT_11s0052g01700	Vitvi05_01chr11g18950	50	mapman:Enzyme classification
VIT_11s0065g00130	Vitvi05_01chr11g12600	50	mapman:Enzyme classification
VIT_11s0065g00350	Vitvi05_01chr11g12900	50	mapman:Enzyme classification
VIT_11s0118g00200	Vitvi05_01chr11g07830	50	mapman:Enzyme classification
VIT_11s0206g00110	Vitvi05_01chr11g09490	50	mapman:Enzyme classification
VIT_12s0028g01640	Vitvi05_01chr12g02390	50	mapman:Enzyme classification
VIT_12s0028g01670	Vitvi05_01chr12g02420	50	mapman:Enzyme classification
VIT_12s0028g02180	Vitvi05_01chr12g03120	50	mapman:Enzyme classification
VIT_12s0028g03060	Vitvi05_01chr12g04240	50	mapman:Enzyme classification
VIT_12s0035g00340	Vitvi05_01chr12g20440	50	mapman:Enzyme classification
VIT_12s0035g00380	Vitvi05_01chr12g20510	50	mapman:Enzyme classification
VIT_12s0035g01900	Vitvi05_01chr12g23010	50	mapman:Enzyme classification
VIT_12s0055g00160	Vitvi05_01chr12g16420	50	mapman:Enzyme classification
VIT_12s0055g00180	Vitvi05_01chr12g16400	50	mapman:Enzyme classification
VIT_12s0055g00810	Vitvi05_01chr12g15470	50	mapman:Enzyme classification
VIT_12s0057g00940	Vitvi05_01chr12g11280	50	mapman:Enzyme classification
VIT_12s0059g00270	Vitvi05_01chr12g05860	50	mapman:Enzyme classification
VIT_12s0059g00770	Vitvi05_01chr12g06500	50	mapman:Enzyme classification
VIT_12s0059g01750	Vitvi05_01chr12g07760	50	mapman:Enzyme classification
VIT_12s0059g01790	Vitvi05_01chr12g07790	50	mapman:Enzyme classification
VIT_12s0059g02350	Vitvi05_01chr12g08530	50	mapman:Enzyme classification
VIT_12s0134g00160	Vitvi05_01chr12g09250	50	mapman:Enzyme classification
VIT_12s0134g00590	Vitvi05_01chr12g09830	50	mapman:Enzyme classification
VIT_12s0134g00630	Vitvi05_01chr12g09850	50	mapman:Enzyme classification
VIT_12s0134g00650	Vitvi05_01chr12g09880	50	mapman:Enzyme classification
VIT_13s0019g02130	Vitvi05_01chr13g05260	50	mapman:Enzyme classification
VIT_13s0019g02140	Vitvi05_01chr13g05270	50	mapman:Enzyme classification
VIT_13s0019g02180	Vitvi05_01chr13g05320	50	mapman:Enzyme classification
VIT_13s0019g02300	Vitvi05_01chr13g05430	50	mapman:Enzyme classification
VIT_13s0019g02330	Vitvi05_01chr13g05450	50	mapman:Enzyme classification
VIT_13s0019g02910	Vitvi05_01chr13g06200	50	mapman:Enzyme classification
VIT_13s0019g03040	Vitvi05_01chr13g06380	50	mapman:Enzyme classification
VIT_13s0019g03060	Vitvi05_01chr13g06390	50	mapman:Enzyme classification
VIT_13s0019g03350	Vitvi05_01chr13g06760	50	mapman:Enzyme classification
VIT_13s0019g04460	Vitvi05_01chr13g08420	50	mapman:Enzyme classification
VIT_13s0019g04910	Vitvi05_01chr13g09100	50	mapman:Enzyme classification
VIT_13s0019g05120	Vitvi05_01chr13g09330	50	mapman:Enzyme classification
VIT_13s0064g00440	Vitvi05_01chr13g25700	50	mapman:Enzyme classification
VIT_13s0064g01320	Vitvi05_01chr13g27020	50	mapman:Enzyme classification
VIT_13s0064g01480	Vitvi05_01chr13g27350	50	mapman:Enzyme classification
VIT_13s0064g01660	Vitvi05_01chr13g27490	50	mapman:Enzyme classification
VIT_13s0064g01760	Vitvi05_01chr13g27560	50	mapman:Enzyme classification
VIT_13s0067g00110	Vitvi05_01chr13g00080	50	mapman:Enzyme classification
VIT_13s0067g03780	Vitvi05_01chr13g03060	50	mapman:Enzyme classification
VIT_13s0074g00730	Vitvi05_01chr13g11500	50	mapman:Enzyme classification
VIT_13s0084g00240	Vitvi05_01chr13g19870	50	mapman:Enzyme classification
VIT_13s0106g00550	Vitvi05_01chr13g12490	50	mapman:Enzyme classification
VIT_13s0158g00080	Vitvi05_01chr13g24770	50	mapman:Enzyme classification
VIT_14s0006g00520	Vitvi05_01chr14g13040	50	mapman:Enzyme classification
VIT_14s0030g02020	Vitvi05_01chr14g07890	50	mapman:Enzyme classification
VIT_14s0030g02180	Vitvi05_01chr14g08120	50	mapman:Enzyme classification
VIT_14s0060g00420	Vitvi05_01chr14g00560	50	mapman:Enzyme classification
VIT_14s0060g00460	Vitvi05_01chr14g00600	50	mapman:Enzyme classification
VIT_14s0066g00170	Vitvi05_01chr14g25240	50	mapman:Enzyme classification
VIT_14s0066g00250	Vitvi05_01chr14g25320	50	mapman:Enzyme classification
VIT_14s0066g01050	Vitvi05_01chr14g26470	50	mapman:Enzyme classification
VIT_14s0066g01850	Vitvi05_01chr14g27480	50	mapman:Enzyme classification
VIT_14s0066g02060	Vitvi05_01chr14g27760	50	mapman:Enzyme classification
VIT_14s0066g02250	Vitvi05_01chr14g27950	50	mapman:Enzyme classification
VIT_14s0068g00010	Vitvi05_01chr14g20530	50	mapman:Enzyme classification
VIT_14s0068g00030	Vitvi05_01chr14g20540	50	mapman:Enzyme classification
VIT_14s0068g00680	Vitvi05_01chr14g21520	50	mapman:Enzyme classification
VIT_14s0068g00920	Vitvi05_01chr14g21850	50	mapman:Enzyme classification
VIT_14s0068g00940	Vitvi05_01chr14g21870	50	mapman:Enzyme classification
VIT_14s0068g02120	Vitvi05_01chr14g23480	50	mapman:Enzyme classification
VIT_14s0083g00620	Vitvi05_01chr14g19340	50	mapman:Enzyme classification
VIT_14s0083g01110	Vitvi05_01chr14g20220	50	mapman:Enzyme classification
VIT_14s0108g00340	Vitvi05_01chr14g28890	50	mapman:Enzyme classification
VIT_14s0219g00040	Vitvi05_01chr14g24700	50	mapman:Enzyme classification
VIT_14s0219g00280	Vitvi05_01chr14g24990	50	mapman:Enzyme classification
VIT_15s0021g01060	Vitvi05_01chr15g08870	50	mapman:Enzyme classification
VIT_15s0045g01490	Vitvi05_01chr15g07170	50	mapman:Enzyme classification
VIT_15s0046g00360	Vitvi05_01chr15g16610	50	mapman:Enzyme classification
VIT_15s0046g01190	Vitvi05_01chr15g17780	50	mapman:Enzyme classification
VIT_15s0046g01450	Vitvi05_01chr15g18070	50	mapman:Enzyme classification
VIT_15s0046g02000	Vitvi05_01chr15g18790	50	mapman:Enzyme classification
VIT_15s0046g02030	Vitvi05_01chr15g18820	50	mapman:Enzyme classification
VIT_15s0046g03520	Vitvi05_01chr15g20410	50	mapman:Enzyme classification
VIT_15s0046g03570	Vitvi05_01chr15g20450	50	mapman:Enzyme classification
VIT_15s0046g03580	Vitvi05_01chr15g20460	50	mapman:Enzyme classification
VIT_15s0048g00370	Vitvi05_01chr15g12500	50	mapman:Enzyme classification
VIT_15s0048g00500	Vitvi05_01chr15g12650	50	mapman:Enzyme classification
VIT_15s0048g00510	Vitvi05_01chr15g12660	50	mapman:Enzyme classification
VIT_16s0013g01990	Vitvi05_01chr16g07000	50	mapman:Enzyme classification
VIT_16s0022g00670	Vitvi05_01chr16g10430	50	mapman:Enzyme classification
VIT_16s0022g01770	Vitvi05_01chr16g11760	50	mapman:Enzyme classification
VIT_16s0022g01970	Vitvi05_01chr16g12070	50	mapman:Enzyme classification
VIT_16s0039g00570	Vitvi05_01chr16g00360	50	mapman:Enzyme classification
VIT_16s0039g01120	Vitvi05_01chr16g00810	50	mapman:Enzyme classification
VIT_16s0039g01170	Vitvi05_01chr16g00830	50	mapman:Enzyme classification
VIT_16s0039g01240	Vitvi05_01chr16g00890	50	mapman:Enzyme classification
VIT_16s0039g01280	Vitvi05_01chr16g00900	50	mapman:Enzyme classification
VIT_16s0039g01300	Vitvi05_01chr16g00910	50	mapman:Enzyme classification
VIT_16s0039g01410	Vitvi05_01chr16g01080	50	mapman:Enzyme classification
VIT_16s0039g02230	Vitvi05_01chr16g02560	50	mapman:Enzyme classification
VIT_16s0050g00240	Vitvi05_01chr16g15260	50	mapman:Enzyme classification
VIT_16s0050g00480	Vitvi05_01chr16g15580	50	mapman:Enzyme classification
VIT_16s0050g00830	Vitvi05_01chr16g16010	50	mapman:Enzyme classification
VIT_16s0050g01020	Vitvi05_01chr16g16230	50	mapman:Enzyme classification
VIT_16s0050g01660	Vitvi05_01chr16g17050	50	mapman:Enzyme classification
VIT_16s0050g01680	Vitvi05_01chr16g17070	50	mapman:Enzyme classification
VIT_16s0098g00160	Vitvi05_01chr16g19920	50	mapman:Enzyme classification
VIT_16s0098g00720	Vitvi05_01chr16g20760	50	mapman:Enzyme classification
VIT_16s0098g00860	Vitvi05_01chr16g20950	50	mapman:Enzyme classification
VIT_16s0098g01900	Vitvi05_01chr16g22220	50	mapman:Enzyme classification
VIT_16s0100g00750	Vitvi05_01chr16g14000	50	mapman:Enzyme classification
VIT_16s0100g00770	Vitvi05_01chr16g14020	50	mapman:Enzyme classification
VIT_16s0100g00780	Vitvi05_01chr16g14030	50	mapman:Enzyme classification
VIT_16s0100g00880	Vitvi05_01chr16g14190	50	mapman:Enzyme classification
VIT_16s0100g00910	Vitvi05_01chr16g14090	50	mapman:Enzyme classification
VIT_16s0100g00960	Vitvi05_01chr16g14250	50	mapman:Enzyme classification
VIT_16s0100g00990	Vitvi05_01chr16g14300	50	mapman:Enzyme classification
VIT_16s0100g01000	Vitvi05_01chr16g14280	50	mapman:Enzyme classification
VIT_16s0100g01010	Vitvi05_01chr16g14240	50	mapman:Enzyme classification
VIT_16s0100g01020	Vitvi05_01chr16g14310	50	mapman:Enzyme classification
VIT_16s0100g01030	Vitvi05_01chr16g14320	50	mapman:Enzyme classification
VIT_16s0100g01070	Vitvi05_01chr16g14370	50	mapman:Enzyme classification
VIT_16s0100g01100	Vitvi05_01chr16g14430	50	mapman:Enzyme classification
VIT_16s0100g01140	Vitvi05_01chr16g14500	50	mapman:Enzyme classification
VIT_16s0100g01150	Vitvi05_01chr16g14510	50	mapman:Enzyme classification
VIT_16s0100g01160	Vitvi05_01chr16g14540	50	mapman:Enzyme classification
VIT_16s0100g01190	Vitvi05_01chr16g14570	50	mapman:Enzyme classification
VIT_16s0100g01200	Vitvi05_01chr16g14590	50	mapman:Enzyme classification
VIT_16s0115g00340	Vitvi05_01chr16g08500	50	mapman:Enzyme classification
VIT_16s0148g00320	Vitvi05_01chr16g18660	50	mapman:Enzyme classification
VIT_17s0000g00290	Vitvi05_01chr17g00460	50	mapman:Enzyme classification
VIT_17s0000g01490	Vitvi05_01chr17g01730	50	mapman:Enzyme classification
VIT_17s0000g02010	Vitvi05_01chr17g02380	50	mapman:Enzyme classification
VIT_17s0000g02140	Vitvi05_01chr17g02530	50	mapman:Enzyme classification
VIT_17s0000g03990	Vitvi05_01chr17g05400	50	mapman:Enzyme classification
VIT_17s0000g04150	Vitvi05_01chr17g05670	50	mapman:Enzyme classification
VIT_17s0000g05570	Vitvi05_01chr17g07940	50	mapman:Enzyme classification
VIT_17s0000g06960	Vitvi05_01chr17g10140	50	mapman:Enzyme classification
VIT_17s0000g07790	Vitvi05_01chr17g11520	50	mapman:Enzyme classification
VIT_17s0000g08070	Vitvi05_01chr17g11850	50	mapman:Enzyme classification
VIT_17s0000g08240	Vitvi05_01chr17g12050	50	mapman:Enzyme classification
VIT_17s0000g09770	Vitvi05_01chr17g14250	50	mapman:Enzyme classification
VIT_18s0001g00370	Vitvi05_01chr18g01800	50	mapman:Enzyme classification
VIT_18s0001g00470	Vitvi05_01chr18g01850	50	mapman:Enzyme classification
VIT_18s0001g00720	Vitvi05_01chr18g02080	50	mapman:Enzyme classification
VIT_18s0001g00770	Vitvi05_01chr18g02150	50	mapman:Enzyme classification
VIT_18s0001g02610	Vitvi05_01chr18g03960	50	mapman:Enzyme classification
VIT_18s0001g03430	Vitvi05_01chr18g04530	50	mapman:Enzyme classification
VIT_18s0001g03470	Vitvi05_01chr18g04560	50	mapman:Enzyme classification
VIT_18s0001g05180	Vitvi05_01chr18g05590	50	mapman:Enzyme classification
VIT_18s0001g05910	Vitvi05_01chr18g06150	50	mapman:Enzyme classification
VIT_18s0001g06060	Vitvi05_01chr18g06260	50	mapman:Enzyme classification
VIT_18s0001g06690	Vitvi05_01chr18g06800	50	mapman:Enzyme classification
VIT_18s0001g08230	Vitvi05_01chr18g08820	50	mapman:Enzyme classification
VIT_18s0001g08240	Vitvi05_01chr18g08830	50	mapman:Enzyme classification
VIT_18s0001g08430	Vitvi05_01chr18g09060	50	mapman:Enzyme classification
VIT_18s0001g08550	Vitvi05_01chr18g09210	50	mapman:Enzyme classification
VIT_18s0001g08580	Vitvi05_01chr18g09250	50	mapman:Enzyme classification
VIT_18s0001g09550	Vitvi05_01chr18g10520	50	mapman:Enzyme classification
VIT_18s0001g09910	Vitvi05_01chr18g11120	50	mapman:Enzyme classification
VIT_18s0001g10070	Vitvi05_01chr18g11280	50	mapman:Enzyme classification
VIT_18s0001g10310	Vitvi05_01chr18g11650	50	mapman:Enzyme classification
VIT_18s0001g10500	Vitvi05_01chr18g11920	50	mapman:Enzyme classification
VIT_18s0001g11320	Vitvi05_01chr18g12910	50	mapman:Enzyme classification
VIT_18s0001g11470	Vitvi05_01chr18g13080	50	mapman:Enzyme classification
VIT_18s0001g11520	Vitvi05_01chr18g13150	50	mapman:Enzyme classification
VIT_18s0001g11580	Vitvi05_01chr18g13240	50	mapman:Enzyme classification
VIT_18s0001g11590	Vitvi05_01chr18g13250	50	mapman:Enzyme classification
VIT_18s0001g13200	Vitvi05_01chr18g15360	50	mapman:Enzyme classification
VIT_18s0001g13230	Vitvi05_01chr18g15390	50	mapman:Enzyme classification
VIT_18s0001g14450	Vitvi05_01chr18g17030	50	mapman:Enzyme classification
VIT_18s0001g14790	Vitvi05_01chr18g17430	50	mapman:Enzyme classification
VIT_18s0001g14910	Vitvi05_01chr18g17580	50	mapman:Enzyme classification
VIT_18s0001g14980	Vitvi05_01chr18g17640	50	mapman:Enzyme classification
VIT_18s0001g15390	Vitvi05_01chr18g18190	50	mapman:Enzyme classification
VIT_18s0001g15460	Vitvi05_01chr18g18300	50	mapman:Enzyme classification
VIT_18s0041g00740	Vitvi05_01chr18g30390	50	mapman:Enzyme classification
VIT_18s0072g00160	Vitvi05_01chr18g23950	50	mapman:Enzyme classification
VIT_18s0117g00550	Vitvi05_01chr18g27580	50	mapman:Enzyme classification
VIT_18s0122g00420	Vitvi05_01chr18g21650	50	mapman:Enzyme classification
VIT_18s0122g00610	Vitvi05_01chr18g00630	50	mapman:Enzyme classification
VIT_18s0122g00980	Vitvi05_01chr18g01010	50	mapman:Enzyme classification
VIT_18s0164g00100	Vitvi05_01chr18g21090	50	mapman:Enzyme classification
VIT_19s0014g00110	Vitvi05_01chr19g00120	50	mapman:Enzyme classification
VIT_19s0014g00790	Vitvi05_01chr19g01040	50	mapman:Enzyme classification
VIT_19s0014g01800	Vitvi05_01chr19g02540	50	mapman:Enzyme classification
VIT_19s0014g01950	Vitvi05_01chr19g02720	50	mapman:Enzyme classification
VIT_19s0014g02190	Vitvi05_01chr19g03080	50	mapman:Enzyme classification
VIT_19s0014g03240	Vitvi05_01chr19g04480	50	mapman:Enzyme classification
VIT_19s0014g03850	Vitvi05_01chr19g05210	50	mapman:Enzyme classification
VIT_19s0014g04540	Vitvi05_01chr19g06290	50	mapman:Enzyme classification
VIT_19s0015g01900	Vitvi05_01chr19g12930	50	mapman:Enzyme classification
VIT_19s0015g02500	Vitvi05_01chr19g14190	50	mapman:Enzyme classification
VIT_19s0015g02910	Vitvi05_01chr19g15020	50	mapman:Enzyme classification
VIT_19s0085g00880	Vitvi05_01chr19g22620	50	mapman:Enzyme classification
VIT_19s0090g00830	Vitvi05_01chr19g08830	50	mapman:Enzyme classification
VIT_19s0090g01070	Vitvi05_01chr19g09140	50	mapman:Enzyme classification
VIT_19s0093g00510	Vitvi05_01chr19g16950	50	mapman:Enzyme classification
VIT_19s0135g00060	Vitvi05_01chr19g15540	50	mapman:Enzyme classification
VIT_19s0140g00140	Vitvi05_01chr19g16180	50	mapman:Enzyme classification
VIT_00s0253g00040	Vitvi05_01chr07g21950	50.1	mapman:Enzyme classification.EC_1 oxidoreductases
VIT_00s0371g00050	Vitvi05_01chr07g24710	50.1	mapman:Enzyme classification.EC_1 oxidoreductases
VIT_00s0371g00100	Vitvi05_01chr07g24740	50.1	mapman:Enzyme classification.EC_1 oxidoreductases
VIT_00s0389g00030	Vitvi05_01chr02g08410	50.1	mapman:Enzyme classification.EC_1 oxidoreductases
VIT_00s0389g00040	Vitvi05_01chr02g08420	50.1	mapman:Enzyme classification.EC_1 oxidoreductases
VIT_00s0615g00030	Vitvi05_01chr07g24670	50.1	mapman:Enzyme classification.EC_1 oxidoreductases
VIT_00s1389g00010	Vitvi05_01chr07g24690	50.1	mapman:Enzyme classification.EC_1 oxidoreductases
VIT_00s2086g00010	Vitvi05_01chr10g02480	50.1	mapman:Enzyme classification.EC_1 oxidoreductases
VIT_01s0010g02460	Vitvi05_01chr01g20950	50.1	mapman:Enzyme classification.EC_1 oxidoreductases
VIT_01s0011g02960	Vitvi05_01chr01g03630	50.1	mapman:Enzyme classification.EC_1 oxidoreductases
VIT_01s0011g04740	Vitvi05_01chr01g05990	50.1	mapman:Enzyme classification.EC_1 oxidoreductases
VIT_01s0127g00560	Vitvi05_01chr01g11120	50.1	mapman:Enzyme classification.EC_1 oxidoreductases
VIT_01s0127g00590	Vitvi05_01chr01g11190	50.1	mapman:Enzyme classification.EC_1 oxidoreductases
VIT_01s0137g00410	Vitvi05_01chr01g09280	50.1	mapman:Enzyme classification.EC_1 oxidoreductases
VIT_01s0137g00550	Vitvi05_01chr01g09400	50.1	mapman:Enzyme classification.EC_1 oxidoreductases
VIT_01s0146g00070	Vitvi05_01chr01g23560	50.1	mapman:Enzyme classification.EC_1 oxidoreductases
VIT_01s0146g00090	Vitvi05_01chr01g23570	50.1	mapman:Enzyme classification.EC_1 oxidoreductases
VIT_01s0150g00210	Vitvi05_01chr01g24740	50.1	mapman:Enzyme classification.EC_1 oxidoreductases
VIT_02s0012g00360	Vitvi05_01chr02g10400	50.1	mapman:Enzyme classification.EC_1 oxidoreductases
VIT_02s0012g00450	Vitvi05_01chr02g10520	50.1	mapman:Enzyme classification.EC_1 oxidoreductases
VIT_02s0012g02810	Vitvi05_01chr02g14180	50.1	mapman:Enzyme classification.EC_1 oxidoreductases
VIT_02s0025g02970	Vitvi05_01chr02g03380	50.1	mapman:Enzyme classification.EC_1 oxidoreductases
VIT_02s0025g03320	Vitvi05_01chr02g03890	50.1	mapman:Enzyme classification.EC_1 oxidoreductases
VIT_02s0025g03590	Vitvi05_01chr02g04230	50.1	mapman:Enzyme classification.EC_1 oxidoreductases
VIT_02s0025g03600	Vitvi05_01chr02g04240	50.1	mapman:Enzyme classification.EC_1 oxidoreductases
VIT_02s0025g04730	Vitvi05_01chr02g05880	50.1	mapman:Enzyme classification.EC_1 oxidoreductases
VIT_02s0033g00290	Vitvi05_01chr02g15850	50.1	mapman:Enzyme classification.EC_1 oxidoreductases
VIT_02s0087g00710	Vitvi05_01chr02g19170	50.1	mapman:Enzyme classification.EC_1 oxidoreductases
VIT_02s0087g00910	Vitvi05_01chr02g19450	50.1	mapman:Enzyme classification.EC_1 oxidoreductases
VIT_02s0087g00930	Vitvi05_01chr02g19460	50.1	mapman:Enzyme classification.EC_1 oxidoreductases
VIT_02s0154g00080	Vitvi05_01chr02g07150	50.1	mapman:Enzyme classification.EC_1 oxidoreductases
VIT_02s0154g00350	Vitvi05_01chr02g07560	50.1	mapman:Enzyme classification.EC_1 oxidoreductases
VIT_03s0038g03570	Vitvi05_01chr03g03860	50.1	mapman:Enzyme classification.EC_1 oxidoreductases
VIT_03s0038g04680	Vitvi05_01chr03g05200	50.1	mapman:Enzyme classification.EC_1 oxidoreductases
VIT_03s0038g04700	Vitvi05_01chr03g05230	50.1	mapman:Enzyme classification.EC_1 oxidoreductases
VIT_03s0063g00370	Vitvi05_01chr03g08190	50.1	mapman:Enzyme classification.EC_1 oxidoreductases
VIT_03s0063g01290	Vitvi05_01chr03g07140	50.1	mapman:Enzyme classification.EC_1 oxidoreductases
VIT_03s0063g01330	Vitvi05_01chr03g07080	50.1	mapman:Enzyme classification.EC_1 oxidoreductases
VIT_03s0063g01340	Vitvi05_01chr03g07070	50.1	mapman:Enzyme classification.EC_1 oxidoreductases
VIT_03s0063g01480	Vitvi05_01chr03g06830	50.1	mapman:Enzyme classification.EC_1 oxidoreductases
VIT_03s0063g01560	Vitvi05_01chr03g06760	50.1	mapman:Enzyme classification.EC_1 oxidoreductases
VIT_03s0088g00060	Vitvi05_01chr03g10790	50.1	mapman:Enzyme classification.EC_1 oxidoreductases
VIT_03s0088g00140	Vitvi05_01chr03g10920	50.1	mapman:Enzyme classification.EC_1 oxidoreductases
VIT_04s0008g01880	Vitvi05_01chr04g02140	50.1	mapman:Enzyme classification.EC_1 oxidoreductases
VIT_04s0023g02650	Vitvi05_01chr04g19270	50.1	mapman:Enzyme classification.EC_1 oxidoreductases
VIT_04s0023g02810	Vitvi05_01chr04g19480	50.1	mapman:Enzyme classification.EC_1 oxidoreductases
VIT_04s0023g02900	Vitvi05_01chr04g19690	50.1	mapman:Enzyme classification.EC_1 oxidoreductases
VIT_04s0023g03510	Vitvi05_01chr04g20440	50.1	mapman:Enzyme classification.EC_1 oxidoreductases
VIT_04s0044g00020	Vitvi05_01chr04g22260	50.1	mapman:Enzyme classification.EC_1 oxidoreductases
VIT_04s0044g00190	Vitvi05_01chr04g22540	50.1	mapman:Enzyme classification.EC_1 oxidoreductases
VIT_04s0044g00220	Vitvi05_01chr04g22570	50.1	mapman:Enzyme classification.EC_1 oxidoreductases
VIT_04s0044g01740	Vitvi05_01chr04g25120	50.1	mapman:Enzyme classification.EC_1 oxidoreductases
VIT_05s0020g00600	Vitvi05_01chr05g03780	50.1	mapman:Enzyme classification.EC_1 oxidoreductases
VIT_05s0020g03170	Vitvi05_01chr05g07150	50.1	mapman:Enzyme classification.EC_1 oxidoreductases
VIT_05s0020g03280	Vitvi05_01chr05g07310	50.1	mapman:Enzyme classification.EC_1 oxidoreductases
VIT_05s0020g03320	Vitvi05_01chr05g07370	50.1	mapman:Enzyme classification.EC_1 oxidoreductases
VIT_05s0020g04130	Vitvi05_01chr05g08480	50.1	mapman:Enzyme classification.EC_1 oxidoreductases
VIT_05s0049g00270	Vitvi05_01chr05g10300	50.1	mapman:Enzyme classification.EC_1 oxidoreductases
VIT_05s0049g00390	Vitvi05_01chr05g10400	50.1	mapman:Enzyme classification.EC_1 oxidoreductases
VIT_05s0049g00420	Vitvi05_01chr05g10440	50.1	mapman:Enzyme classification.EC_1 oxidoreductases
VIT_05s0062g00980	Vitvi05_01chr05g20270	50.1	mapman:Enzyme classification.EC_1 oxidoreductases
VIT_05s0077g00520	Vitvi05_01chr05g02480	50.1	mapman:Enzyme classification.EC_1 oxidoreductases
VIT_05s0094g01160	Vitvi05_01chr05g26160	50.1	mapman:Enzyme classification.EC_1 oxidoreductases
VIT_05s0094g01250	Vitvi05_01chr05g26200	50.1	mapman:Enzyme classification.EC_1 oxidoreductases
VIT_05s0094g01260	Vitvi05_01chr05g26210	50.1	mapman:Enzyme classification.EC_1 oxidoreductases
VIT_05s0102g00120	Vitvi05_01chr05g22460	50.1	mapman:Enzyme classification.EC_1 oxidoreductases
VIT_06s0004g01510	Vitvi05_01chr06g02410	50.1	mapman:Enzyme classification.EC_1 oxidoreductases
VIT_06s0004g05330	Vitvi05_01chr06g07930	50.1	mapman:Enzyme classification.EC_1 oxidoreductases
VIT_06s0004g05380	Vitvi05_01chr06g07980	50.1	mapman:Enzyme classification.EC_1 oxidoreductases
VIT_06s0004g05400	Vitvi05_01chr06g08000	50.1	mapman:Enzyme classification.EC_1 oxidoreductases
VIT_06s0004g05430	Vitvi05_01chr06g08020	50.1	mapman:Enzyme classification.EC_1 oxidoreductases
VIT_06s0004g06790	Vitvi05_01chr06g09820	50.1	mapman:Enzyme classification.EC_1 oxidoreductases
VIT_06s0004g07770	Vitvi05_01chr06g11220	50.1	mapman:Enzyme classification.EC_1 oxidoreductases
VIT_06s0004g08150	Vitvi05_01chr06g11750	50.1	mapman:Enzyme classification.EC_1 oxidoreductases
VIT_06s0009g02810	Vitvi05_01chr06g17100	50.1	mapman:Enzyme classification.EC_1 oxidoreductases
VIT_06s0009g02880	Vitvi05_01chr06g17510	50.1	mapman:Enzyme classification.EC_1 oxidoreductases
VIT_06s0009g02920	Vitvi05_01chr06g17540	50.1	mapman:Enzyme classification.EC_1 oxidoreductases
VIT_06s0009g02970	Vitvi05_01chr06g17580	50.1	mapman:Enzyme classification.EC_1 oxidoreductases
VIT_06s0009g03120	Vitvi05_01chr06g17730	50.1	mapman:Enzyme classification.EC_1 oxidoreductases
VIT_06s0061g00670	Vitvi05_01chr06g19640	50.1	mapman:Enzyme classification.EC_1 oxidoreductases
VIT_07s0031g01680	Vitvi05_01chr07g29700	50.1	mapman:Enzyme classification.EC_1 oxidoreductases
VIT_07s0031g02630	Vitvi05_01chr07g31080	50.1	mapman:Enzyme classification.EC_1 oxidoreductases
VIT_07s0129g00730	Vitvi05_01chr07g27060	50.1	mapman:Enzyme classification.EC_1 oxidoreductases
VIT_08s0007g01040	Vitvi05_01chr08g14460	50.1	mapman:Enzyme classification.EC_1 oxidoreductases
VIT_08s0007g03040	Vitvi05_01chr08g17270	50.1	mapman:Enzyme classification.EC_1 oxidoreductases
VIT_08s0007g07400	Vitvi05_01chr08g22800	50.1	mapman:Enzyme classification.EC_1 oxidoreductases
VIT_08s0007g07720	Vitvi05_01chr08g23150	50.1	mapman:Enzyme classification.EC_1 oxidoreductases
VIT_08s0032g00240	Vitvi05_01chr08g02820	50.1	mapman:Enzyme classification.EC_1 oxidoreductases
VIT_08s0040g00780	Vitvi05_01chr08g09460	50.1	mapman:Enzyme classification.EC_1 oxidoreductases
VIT_08s0040g03150	Vitvi05_01chr08g12970	50.1	mapman:Enzyme classification.EC_1 oxidoreductases
VIT_08s0058g00410	Vitvi05_01chr08g07080	50.1	mapman:Enzyme classification.EC_1 oxidoreductases
VIT_08s0058g00430	Vitvi05_01chr08g07100	50.1	mapman:Enzyme classification.EC_1 oxidoreductases
VIT_08s0105g00380	Vitvi05_01chr08g05700	50.1	mapman:Enzyme classification.EC_1 oxidoreductases
VIT_09s0002g00810	Vitvi05_01chr09g00800	50.1	mapman:Enzyme classification.EC_1 oxidoreductases
VIT_09s0002g05280	Vitvi05_01chr09g06410	50.1	mapman:Enzyme classification.EC_1 oxidoreductases
VIT_09s0002g05980	Vitvi05_01chr09g07270	50.1	mapman:Enzyme classification.EC_1 oxidoreductases
VIT_09s0002g08090	Vitvi05_01chr09g10350	50.1	mapman:Enzyme classification.EC_1 oxidoreductases
VIT_09s0018g01870	Vitvi05_01chr09g18740	50.1	mapman:Enzyme classification.EC_1 oxidoreductases
VIT_10s0003g03490	Vitvi05_01chr10g13890	50.1	mapman:Enzyme classification.EC_1 oxidoreductases
VIT_10s0003g05420	Vitvi05_01chr10g17350	50.1	mapman:Enzyme classification.EC_1 oxidoreductases
VIT_10s0116g01780	Vitvi05_01chr10g01650	50.1	mapman:Enzyme classification.EC_1 oxidoreductases
VIT_11s0016g00560	Vitvi05_01chr11g00610	50.1	mapman:Enzyme classification.EC_1 oxidoreductases
VIT_11s0016g01020	Vitvi05_01chr11g01120	50.1	mapman:Enzyme classification.EC_1 oxidoreductases
VIT_11s0016g02110	Vitvi05_01chr11g02410	50.1	mapman:Enzyme classification.EC_1 oxidoreductases
VIT_11s0016g02380	Vitvi05_01chr11g02760	50.1	mapman:Enzyme classification.EC_1 oxidoreductases
VIT_11s0016g03210	Vitvi05_01chr11g03830	50.1	mapman:Enzyme classification.EC_1 oxidoreductases
VIT_11s0016g04810	Vitvi05_01chr11g05900	50.1	mapman:Enzyme classification.EC_1 oxidoreductases
VIT_11s0065g00130	Vitvi05_01chr11g12600	50.1	mapman:Enzyme classification.EC_1 oxidoreductases
VIT_11s0065g00350	Vitvi05_01chr11g12900	50.1	mapman:Enzyme classification.EC_1 oxidoreductases
VIT_12s0055g00810	Vitvi05_01chr12g15470	50.1	mapman:Enzyme classification.EC_1 oxidoreductases
VIT_12s0057g00940	Vitvi05_01chr12g11280	50.1	mapman:Enzyme classification.EC_1 oxidoreductases
VIT_12s0059g00270	Vitvi05_01chr12g05860	50.1	mapman:Enzyme classification.EC_1 oxidoreductases
VIT_12s0059g00770	Vitvi05_01chr12g06500	50.1	mapman:Enzyme classification.EC_1 oxidoreductases
VIT_13s0019g02130	Vitvi05_01chr13g05260	50.1	mapman:Enzyme classification.EC_1 oxidoreductases
VIT_13s0019g02140	Vitvi05_01chr13g05270	50.1	mapman:Enzyme classification.EC_1 oxidoreductases
VIT_13s0019g02180	Vitvi05_01chr13g05320	50.1	mapman:Enzyme classification.EC_1 oxidoreductases
VIT_13s0064g01320	Vitvi05_01chr13g27020	50.1	mapman:Enzyme classification.EC_1 oxidoreductases
VIT_13s0064g01480	Vitvi05_01chr13g27350	50.1	mapman:Enzyme classification.EC_1 oxidoreductases
VIT_13s0067g00110	Vitvi05_01chr13g00080	50.1	mapman:Enzyme classification.EC_1 oxidoreductases
VIT_14s0030g02020	Vitvi05_01chr14g07890	50.1	mapman:Enzyme classification.EC_1 oxidoreductases
VIT_14s0066g00170	Vitvi05_01chr14g25240	50.1	mapman:Enzyme classification.EC_1 oxidoreductases
VIT_14s0066g01850	Vitvi05_01chr14g27480	50.1	mapman:Enzyme classification.EC_1 oxidoreductases
VIT_14s0068g00680	Vitvi05_01chr14g21520	50.1	mapman:Enzyme classification.EC_1 oxidoreductases
VIT_14s0068g02120	Vitvi05_01chr14g23480	50.1	mapman:Enzyme classification.EC_1 oxidoreductases
VIT_14s0083g01110	Vitvi05_01chr14g20220	50.1	mapman:Enzyme classification.EC_1 oxidoreductases
VIT_14s0219g00280	Vitvi05_01chr14g24990	50.1	mapman:Enzyme classification.EC_1 oxidoreductases
VIT_15s0021g01060	Vitvi05_01chr15g08870	50.1	mapman:Enzyme classification.EC_1 oxidoreductases
VIT_15s0046g03570	Vitvi05_01chr15g20450	50.1	mapman:Enzyme classification.EC_1 oxidoreductases
VIT_15s0046g03580	Vitvi05_01chr15g20460	50.1	mapman:Enzyme classification.EC_1 oxidoreductases
VIT_16s0050g00480	Vitvi05_01chr16g15580	50.1	mapman:Enzyme classification.EC_1 oxidoreductases
VIT_16s0098g00860	Vitvi05_01chr16g20950	50.1	mapman:Enzyme classification.EC_1 oxidoreductases
VIT_17s0000g01490	Vitvi05_01chr17g01730	50.1	mapman:Enzyme classification.EC_1 oxidoreductases
VIT_17s0000g02140	Vitvi05_01chr17g02530	50.1	mapman:Enzyme classification.EC_1 oxidoreductases
VIT_17s0000g04150	Vitvi05_01chr17g05670	50.1	mapman:Enzyme classification.EC_1 oxidoreductases
VIT_17s0000g06960	Vitvi05_01chr17g10140	50.1	mapman:Enzyme classification.EC_1 oxidoreductases
VIT_17s0000g08070	Vitvi05_01chr17g11850	50.1	mapman:Enzyme classification.EC_1 oxidoreductases
VIT_18s0001g00470	Vitvi05_01chr18g01850	50.1	mapman:Enzyme classification.EC_1 oxidoreductases
VIT_18s0001g03430	Vitvi05_01chr18g04530	50.1	mapman:Enzyme classification.EC_1 oxidoreductases
VIT_18s0001g03470	Vitvi05_01chr18g04560	50.1	mapman:Enzyme classification.EC_1 oxidoreductases
VIT_18s0001g06690	Vitvi05_01chr18g06800	50.1	mapman:Enzyme classification.EC_1 oxidoreductases
VIT_18s0001g08550	Vitvi05_01chr18g09210	50.1	mapman:Enzyme classification.EC_1 oxidoreductases
VIT_18s0001g10500	Vitvi05_01chr18g11920	50.1	mapman:Enzyme classification.EC_1 oxidoreductases
VIT_18s0001g11320	Vitvi05_01chr18g12910	50.1	mapman:Enzyme classification.EC_1 oxidoreductases
VIT_18s0001g11470	Vitvi05_01chr18g13080	50.1	mapman:Enzyme classification.EC_1 oxidoreductases
VIT_18s0001g11520	Vitvi05_01chr18g13150	50.1	mapman:Enzyme classification.EC_1 oxidoreductases
VIT_18s0001g11580	Vitvi05_01chr18g13240	50.1	mapman:Enzyme classification.EC_1 oxidoreductases
VIT_18s0001g13200	Vitvi05_01chr18g15360	50.1	mapman:Enzyme classification.EC_1 oxidoreductases
VIT_18s0001g14450	Vitvi05_01chr18g17030	50.1	mapman:Enzyme classification.EC_1 oxidoreductases
VIT_18s0001g14910	Vitvi05_01chr18g17580	50.1	mapman:Enzyme classification.EC_1 oxidoreductases
VIT_18s0001g14980	Vitvi05_01chr18g17640	50.1	mapman:Enzyme classification.EC_1 oxidoreductases
VIT_18s0001g15390	Vitvi05_01chr18g18190	50.1	mapman:Enzyme classification.EC_1 oxidoreductases
VIT_18s0001g15460	Vitvi05_01chr18g18300	50.1	mapman:Enzyme classification.EC_1 oxidoreductases
VIT_18s0072g00160	Vitvi05_01chr18g23950	50.1	mapman:Enzyme classification.EC_1 oxidoreductases
VIT_18s0117g00550	Vitvi05_01chr18g27580	50.1	mapman:Enzyme classification.EC_1 oxidoreductases
VIT_18s0122g00420	Vitvi05_01chr18g21650	50.1	mapman:Enzyme classification.EC_1 oxidoreductases
VIT_18s0122g00610	Vitvi05_01chr18g00630	50.1	mapman:Enzyme classification.EC_1 oxidoreductases
VIT_18s0164g00100	Vitvi05_01chr18g21090	50.1	mapman:Enzyme classification.EC_1 oxidoreductases
VIT_19s0014g01800	Vitvi05_01chr19g02540	50.1	mapman:Enzyme classification.EC_1 oxidoreductases
VIT_19s0014g03850	Vitvi05_01chr19g05210	50.1	mapman:Enzyme classification.EC_1 oxidoreductases
VIT_19s0015g02500	Vitvi05_01chr19g14190	50.1	mapman:Enzyme classification.EC_1 oxidoreductases
VIT_19s0015g02910	Vitvi05_01chr19g15020	50.1	mapman:Enzyme classification.EC_1 oxidoreductases
VIT_19s0085g00880	Vitvi05_01chr19g22620	50.1	mapman:Enzyme classification.EC_1 oxidoreductases
VIT_19s0093g00510	Vitvi05_01chr19g16950	50.1	mapman:Enzyme classification.EC_1 oxidoreductases
VIT_19s0140g00140	Vitvi05_01chr19g16180	50.1	mapman:Enzyme classification.EC_1 oxidoreductases
VIT_00s0371g00050	Vitvi05_01chr07g24710	50.1.1	mapman:Enzyme classification.EC_1 oxidoreductases.EC_1-1 oxidoreductase acting on CH-OH group of donor
VIT_00s0371g00100	Vitvi05_01chr07g24740	50.1.1	mapman:Enzyme classification.EC_1 oxidoreductases.EC_1-1 oxidoreductase acting on CH-OH group of donor
VIT_00s0615g00030	Vitvi05_01chr07g24670	50.1.1	mapman:Enzyme classification.EC_1 oxidoreductases.EC_1-1 oxidoreductase acting on CH-OH group of donor
VIT_00s1389g00010	Vitvi05_01chr07g24690	50.1.1	mapman:Enzyme classification.EC_1 oxidoreductases.EC_1-1 oxidoreductase acting on CH-OH group of donor
VIT_01s0146g00070	Vitvi05_01chr01g23560	50.1.1	mapman:Enzyme classification.EC_1 oxidoreductases.EC_1-1 oxidoreductase acting on CH-OH group of donor
VIT_01s0146g00090	Vitvi05_01chr01g23570	50.1.1	mapman:Enzyme classification.EC_1 oxidoreductases.EC_1-1 oxidoreductase acting on CH-OH group of donor
VIT_02s0025g04730	Vitvi05_01chr02g05880	50.1.1	mapman:Enzyme classification.EC_1 oxidoreductases.EC_1-1 oxidoreductase acting on CH-OH group of donor
VIT_02s0154g00350	Vitvi05_01chr02g07560	50.1.1	mapman:Enzyme classification.EC_1 oxidoreductases.EC_1-1 oxidoreductase acting on CH-OH group of donor
VIT_04s0044g00190	Vitvi05_01chr04g22540	50.1.1	mapman:Enzyme classification.EC_1 oxidoreductases.EC_1-1 oxidoreductase acting on CH-OH group of donor
VIT_04s0044g01740	Vitvi05_01chr04g25120	50.1.1	mapman:Enzyme classification.EC_1 oxidoreductases.EC_1-1 oxidoreductase acting on CH-OH group of donor
VIT_05s0020g04130	Vitvi05_01chr05g08480	50.1.1	mapman:Enzyme classification.EC_1 oxidoreductases.EC_1-1 oxidoreductase acting on CH-OH group of donor
VIT_05s0062g00980	Vitvi05_01chr05g20270	50.1.1	mapman:Enzyme classification.EC_1 oxidoreductases.EC_1-1 oxidoreductase acting on CH-OH group of donor
VIT_06s0004g05330	Vitvi05_01chr06g07930	50.1.1	mapman:Enzyme classification.EC_1 oxidoreductases.EC_1-1 oxidoreductase acting on CH-OH group of donor
VIT_06s0004g05380	Vitvi05_01chr06g07980	50.1.1	mapman:Enzyme classification.EC_1 oxidoreductases.EC_1-1 oxidoreductase acting on CH-OH group of donor
VIT_06s0004g05400	Vitvi05_01chr06g08000	50.1.1	mapman:Enzyme classification.EC_1 oxidoreductases.EC_1-1 oxidoreductase acting on CH-OH group of donor
VIT_06s0004g05430	Vitvi05_01chr06g08020	50.1.1	mapman:Enzyme classification.EC_1 oxidoreductases.EC_1-1 oxidoreductase acting on CH-OH group of donor
VIT_06s0061g00670	Vitvi05_01chr06g19640	50.1.1	mapman:Enzyme classification.EC_1 oxidoreductases.EC_1-1 oxidoreductase acting on CH-OH group of donor
VIT_08s0007g01040	Vitvi05_01chr08g14460	50.1.1	mapman:Enzyme classification.EC_1 oxidoreductases.EC_1-1 oxidoreductase acting on CH-OH group of donor
VIT_09s0002g00810	Vitvi05_01chr09g00800	50.1.1	mapman:Enzyme classification.EC_1 oxidoreductases.EC_1-1 oxidoreductase acting on CH-OH group of donor
VIT_09s0018g01870	Vitvi05_01chr09g18740	50.1.1	mapman:Enzyme classification.EC_1 oxidoreductases.EC_1-1 oxidoreductase acting on CH-OH group of donor
VIT_10s0003g05420	Vitvi05_01chr10g17350	50.1.1	mapman:Enzyme classification.EC_1 oxidoreductases.EC_1-1 oxidoreductase acting on CH-OH group of donor
VIT_11s0016g03210	Vitvi05_01chr11g03830	50.1.1	mapman:Enzyme classification.EC_1 oxidoreductases.EC_1-1 oxidoreductase acting on CH-OH group of donor
VIT_12s0057g00940	Vitvi05_01chr12g11280	50.1.1	mapman:Enzyme classification.EC_1 oxidoreductases.EC_1-1 oxidoreductase acting on CH-OH group of donor
VIT_13s0019g02130	Vitvi05_01chr13g05260	50.1.1	mapman:Enzyme classification.EC_1 oxidoreductases.EC_1-1 oxidoreductase acting on CH-OH group of donor
VIT_13s0019g02140	Vitvi05_01chr13g05270	50.1.1	mapman:Enzyme classification.EC_1 oxidoreductases.EC_1-1 oxidoreductase acting on CH-OH group of donor
VIT_13s0019g02180	Vitvi05_01chr13g05320	50.1.1	mapman:Enzyme classification.EC_1 oxidoreductases.EC_1-1 oxidoreductase acting on CH-OH group of donor
VIT_14s0030g02020	Vitvi05_01chr14g07890	50.1.1	mapman:Enzyme classification.EC_1 oxidoreductases.EC_1-1 oxidoreductase acting on CH-OH group of donor
VIT_14s0219g00280	Vitvi05_01chr14g24990	50.1.1	mapman:Enzyme classification.EC_1 oxidoreductases.EC_1-1 oxidoreductase acting on CH-OH group of donor
VIT_15s0046g03570	Vitvi05_01chr15g20450	50.1.1	mapman:Enzyme classification.EC_1 oxidoreductases.EC_1-1 oxidoreductase acting on CH-OH group of donor
VIT_15s0046g03580	Vitvi05_01chr15g20460	50.1.1	mapman:Enzyme classification.EC_1 oxidoreductases.EC_1-1 oxidoreductase acting on CH-OH group of donor
VIT_17s0000g02140	Vitvi05_01chr17g02530	50.1.1	mapman:Enzyme classification.EC_1 oxidoreductases.EC_1-1 oxidoreductase acting on CH-OH group of donor
VIT_17s0000g06960	Vitvi05_01chr17g10140	50.1.1	mapman:Enzyme classification.EC_1 oxidoreductases.EC_1-1 oxidoreductase acting on CH-OH group of donor
VIT_18s0001g14910	Vitvi05_01chr18g17580	50.1.1	mapman:Enzyme classification.EC_1 oxidoreductases.EC_1-1 oxidoreductase acting on CH-OH group of donor
VIT_18s0122g00610	Vitvi05_01chr18g00630	50.1.1	mapman:Enzyme classification.EC_1 oxidoreductases.EC_1-1 oxidoreductase acting on CH-OH group of donor
VIT_19s0093g00510	Vitvi05_01chr19g16950	50.1.1	mapman:Enzyme classification.EC_1 oxidoreductases.EC_1-1 oxidoreductase acting on CH-OH group of donor
VIT_00s0253g00040	Vitvi05_01chr07g21950	50.1.10	mapman:Enzyme classification.EC_1 oxidoreductases.EC_1-10 oxidoreductase acting on diphenol or related substance as donor
VIT_01s0011g04740	Vitvi05_01chr01g05990	50.1.10	mapman:Enzyme classification.EC_1 oxidoreductases.EC_1-10 oxidoreductase acting on diphenol or related substance as donor
VIT_02s0154g00080	Vitvi05_01chr02g07150	50.1.10	mapman:Enzyme classification.EC_1 oxidoreductases.EC_1-10 oxidoreductase acting on diphenol or related substance as donor
VIT_03s0038g03570	Vitvi05_01chr03g03860	50.1.10	mapman:Enzyme classification.EC_1 oxidoreductases.EC_1-10 oxidoreductase acting on diphenol or related substance as donor
VIT_12s0059g00770	Vitvi05_01chr12g06500	50.1.10	mapman:Enzyme classification.EC_1 oxidoreductases.EC_1-10 oxidoreductase acting on diphenol or related substance as donor
VIT_18s0001g00470	Vitvi05_01chr18g01850	50.1.10	mapman:Enzyme classification.EC_1 oxidoreductases.EC_1-10 oxidoreductase acting on diphenol or related substance as donor
VIT_18s0117g00550	Vitvi05_01chr18g27580	50.1.10	mapman:Enzyme classification.EC_1 oxidoreductases.EC_1-10 oxidoreductase acting on diphenol or related substance as donor
VIT_18s0122g00420	Vitvi05_01chr18g21650	50.1.10	mapman:Enzyme classification.EC_1 oxidoreductases.EC_1-10 oxidoreductase acting on diphenol or related substance as donor
VIT_18s0164g00100	Vitvi05_01chr18g21090	50.1.10	mapman:Enzyme classification.EC_1 oxidoreductases.EC_1-10 oxidoreductase acting on diphenol or related substance as donor
VIT_19s0014g03850	Vitvi05_01chr19g05210	50.1.10	mapman:Enzyme classification.EC_1 oxidoreductases.EC_1-10 oxidoreductase acting on diphenol or related substance as donor
VIT_02s0025g03590	Vitvi05_01chr02g04230	50.1.11	mapman:Enzyme classification.EC_1 oxidoreductases.EC_1-11 oxidoreductase acting on peroxide as acceptor
VIT_02s0025g03600	Vitvi05_01chr02g04240	50.1.11	mapman:Enzyme classification.EC_1 oxidoreductases.EC_1-11 oxidoreductase acting on peroxide as acceptor
VIT_04s0044g00020	Vitvi05_01chr04g22260	50.1.11	mapman:Enzyme classification.EC_1 oxidoreductases.EC_1-11 oxidoreductase acting on peroxide as acceptor
VIT_05s0020g00600	Vitvi05_01chr05g03780	50.1.11	mapman:Enzyme classification.EC_1 oxidoreductases.EC_1-11 oxidoreductase acting on peroxide as acceptor
VIT_05s0102g00120	Vitvi05_01chr05g22460	50.1.11	mapman:Enzyme classification.EC_1 oxidoreductases.EC_1-11 oxidoreductase acting on peroxide as acceptor
VIT_06s0004g07770	Vitvi05_01chr06g11220	50.1.11	mapman:Enzyme classification.EC_1 oxidoreductases.EC_1-11 oxidoreductase acting on peroxide as acceptor
VIT_08s0040g03150	Vitvi05_01chr08g12970	50.1.11	mapman:Enzyme classification.EC_1 oxidoreductases.EC_1-11 oxidoreductase acting on peroxide as acceptor
VIT_10s0116g01780	Vitvi05_01chr10g01650	50.1.11	mapman:Enzyme classification.EC_1 oxidoreductases.EC_1-11 oxidoreductase acting on peroxide as acceptor
VIT_11s0016g00560	Vitvi05_01chr11g00610	50.1.11	mapman:Enzyme classification.EC_1 oxidoreductases.EC_1-11 oxidoreductase acting on peroxide as acceptor
VIT_12s0055g00810	Vitvi05_01chr12g15470	50.1.11	mapman:Enzyme classification.EC_1 oxidoreductases.EC_1-11 oxidoreductase acting on peroxide as acceptor
VIT_14s0066g01850	Vitvi05_01chr14g27480	50.1.11	mapman:Enzyme classification.EC_1 oxidoreductases.EC_1-11 oxidoreductase acting on peroxide as acceptor
VIT_18s0001g15390	Vitvi05_01chr18g18190	50.1.11	mapman:Enzyme classification.EC_1 oxidoreductases.EC_1-11 oxidoreductase acting on peroxide as acceptor
VIT_18s0072g00160	Vitvi05_01chr18g23950	50.1.11	mapman:Enzyme classification.EC_1 oxidoreductases.EC_1-11 oxidoreductase acting on peroxide as acceptor
VIT_02s0087g00910	Vitvi05_01chr02g19450	50.1.12	mapman:Enzyme classification.EC_1 oxidoreductases.EC_1-13 oxidoreductase acting on single donor with incorporation of molecular oxygen (oxygenase)
VIT_02s0087g00930	Vitvi05_01chr02g19460	50.1.12	mapman:Enzyme classification.EC_1 oxidoreductases.EC_1-13 oxidoreductase acting on single donor with incorporation of molecular oxygen (oxygenase)
VIT_05s0020g03170	Vitvi05_01chr05g07150	50.1.12	mapman:Enzyme classification.EC_1 oxidoreductases.EC_1-13 oxidoreductase acting on single donor with incorporation of molecular oxygen (oxygenase)
VIT_06s0004g01510	Vitvi05_01chr06g02410	50.1.12	mapman:Enzyme classification.EC_1 oxidoreductases.EC_1-13 oxidoreductase acting on single donor with incorporation of molecular oxygen (oxygenase)
VIT_13s0064g01480	Vitvi05_01chr13g27350	50.1.12	mapman:Enzyme classification.EC_1 oxidoreductases.EC_1-13 oxidoreductase acting on single donor with incorporation of molecular oxygen (oxygenase)
VIT_19s0014g01800	Vitvi05_01chr19g02540	50.1.12	mapman:Enzyme classification.EC_1 oxidoreductases.EC_1-13 oxidoreductase acting on single donor with incorporation of molecular oxygen (oxygenase)
VIT_00s0389g00030	Vitvi05_01chr02g08410	50.1.13	mapman:Enzyme classification.EC_1 oxidoreductases.EC_1-14 oxidoreductase acting on paired donor with incorporation or reduction of molecular oxygen
VIT_00s0389g00040	Vitvi05_01chr02g08420	50.1.13	mapman:Enzyme classification.EC_1 oxidoreductases.EC_1-14 oxidoreductase acting on paired donor with incorporation or reduction of molecular oxygen
VIT_00s2086g00010	Vitvi05_01chr10g02480	50.1.13	mapman:Enzyme classification.EC_1 oxidoreductases.EC_1-14 oxidoreductase acting on paired donor with incorporation or reduction of molecular oxygen
VIT_01s0137g00410	Vitvi05_01chr01g09280	50.1.13	mapman:Enzyme classification.EC_1 oxidoreductases.EC_1-14 oxidoreductase acting on paired donor with incorporation or reduction of molecular oxygen
VIT_01s0137g00550	Vitvi05_01chr01g09400	50.1.13	mapman:Enzyme classification.EC_1 oxidoreductases.EC_1-14 oxidoreductase acting on paired donor with incorporation or reduction of molecular oxygen
VIT_01s0150g00210	Vitvi05_01chr01g24740	50.1.13	mapman:Enzyme classification.EC_1 oxidoreductases.EC_1-14 oxidoreductase acting on paired donor with incorporation or reduction of molecular oxygen
VIT_02s0012g00360	Vitvi05_01chr02g10400	50.1.13	mapman:Enzyme classification.EC_1 oxidoreductases.EC_1-14 oxidoreductase acting on paired donor with incorporation or reduction of molecular oxygen
VIT_02s0012g00450	Vitvi05_01chr02g10520	50.1.13	mapman:Enzyme classification.EC_1 oxidoreductases.EC_1-14 oxidoreductase acting on paired donor with incorporation or reduction of molecular oxygen
VIT_02s0012g02810	Vitvi05_01chr02g14180	50.1.13	mapman:Enzyme classification.EC_1 oxidoreductases.EC_1-14 oxidoreductase acting on paired donor with incorporation or reduction of molecular oxygen
VIT_02s0025g02970	Vitvi05_01chr02g03380	50.1.13	mapman:Enzyme classification.EC_1 oxidoreductases.EC_1-14 oxidoreductase acting on paired donor with incorporation or reduction of molecular oxygen
VIT_02s0025g03320	Vitvi05_01chr02g03890	50.1.13	mapman:Enzyme classification.EC_1 oxidoreductases.EC_1-14 oxidoreductase acting on paired donor with incorporation or reduction of molecular oxygen
VIT_02s0087g00710	Vitvi05_01chr02g19170	50.1.13	mapman:Enzyme classification.EC_1 oxidoreductases.EC_1-14 oxidoreductase acting on paired donor with incorporation or reduction of molecular oxygen
VIT_03s0063g01290	Vitvi05_01chr03g07140	50.1.13	mapman:Enzyme classification.EC_1 oxidoreductases.EC_1-14 oxidoreductase acting on paired donor with incorporation or reduction of molecular oxygen
VIT_03s0063g01330	Vitvi05_01chr03g07080	50.1.13	mapman:Enzyme classification.EC_1 oxidoreductases.EC_1-14 oxidoreductase acting on paired donor with incorporation or reduction of molecular oxygen
VIT_03s0063g01340	Vitvi05_01chr03g07070	50.1.13	mapman:Enzyme classification.EC_1 oxidoreductases.EC_1-14 oxidoreductase acting on paired donor with incorporation or reduction of molecular oxygen
VIT_03s0063g01480	Vitvi05_01chr03g06830	50.1.13	mapman:Enzyme classification.EC_1 oxidoreductases.EC_1-14 oxidoreductase acting on paired donor with incorporation or reduction of molecular oxygen
VIT_03s0063g01560	Vitvi05_01chr03g06760	50.1.13	mapman:Enzyme classification.EC_1 oxidoreductases.EC_1-14 oxidoreductase acting on paired donor with incorporation or reduction of molecular oxygen
VIT_04s0023g02650	Vitvi05_01chr04g19270	50.1.13	mapman:Enzyme classification.EC_1 oxidoreductases.EC_1-14 oxidoreductase acting on paired donor with incorporation or reduction of molecular oxygen
VIT_04s0023g02900	Vitvi05_01chr04g19690	50.1.13	mapman:Enzyme classification.EC_1 oxidoreductases.EC_1-14 oxidoreductase acting on paired donor with incorporation or reduction of molecular oxygen
VIT_04s0044g00220	Vitvi05_01chr04g22570	50.1.13	mapman:Enzyme classification.EC_1 oxidoreductases.EC_1-14 oxidoreductase acting on paired donor with incorporation or reduction of molecular oxygen
VIT_05s0049g00270	Vitvi05_01chr05g10300	50.1.13	mapman:Enzyme classification.EC_1 oxidoreductases.EC_1-14 oxidoreductase acting on paired donor with incorporation or reduction of molecular oxygen
VIT_05s0049g00390	Vitvi05_01chr05g10400	50.1.13	mapman:Enzyme classification.EC_1 oxidoreductases.EC_1-14 oxidoreductase acting on paired donor with incorporation or reduction of molecular oxygen
VIT_05s0049g00420	Vitvi05_01chr05g10440	50.1.13	mapman:Enzyme classification.EC_1 oxidoreductases.EC_1-14 oxidoreductase acting on paired donor with incorporation or reduction of molecular oxygen
VIT_05s0077g00520	Vitvi05_01chr05g02480	50.1.13	mapman:Enzyme classification.EC_1 oxidoreductases.EC_1-14 oxidoreductase acting on paired donor with incorporation or reduction of molecular oxygen
VIT_06s0004g06790	Vitvi05_01chr06g09820	50.1.13	mapman:Enzyme classification.EC_1 oxidoreductases.EC_1-14 oxidoreductase acting on paired donor with incorporation or reduction of molecular oxygen
VIT_06s0004g08150	Vitvi05_01chr06g11750	50.1.13	mapman:Enzyme classification.EC_1 oxidoreductases.EC_1-14 oxidoreductase acting on paired donor with incorporation or reduction of molecular oxygen
VIT_06s0009g02810	Vitvi05_01chr06g17100	50.1.13	mapman:Enzyme classification.EC_1 oxidoreductases.EC_1-14 oxidoreductase acting on paired donor with incorporation or reduction of molecular oxygen
VIT_06s0009g02880	Vitvi05_01chr06g17510	50.1.13	mapman:Enzyme classification.EC_1 oxidoreductases.EC_1-14 oxidoreductase acting on paired donor with incorporation or reduction of molecular oxygen
VIT_06s0009g02920	Vitvi05_01chr06g17540	50.1.13	mapman:Enzyme classification.EC_1 oxidoreductases.EC_1-14 oxidoreductase acting on paired donor with incorporation or reduction of molecular oxygen
VIT_06s0009g02970	Vitvi05_01chr06g17580	50.1.13	mapman:Enzyme classification.EC_1 oxidoreductases.EC_1-14 oxidoreductase acting on paired donor with incorporation or reduction of molecular oxygen
VIT_06s0009g03120	Vitvi05_01chr06g17730	50.1.13	mapman:Enzyme classification.EC_1 oxidoreductases.EC_1-14 oxidoreductase acting on paired donor with incorporation or reduction of molecular oxygen
VIT_07s0031g01680	Vitvi05_01chr07g29700	50.1.13	mapman:Enzyme classification.EC_1 oxidoreductases.EC_1-14 oxidoreductase acting on paired donor with incorporation or reduction of molecular oxygen
VIT_07s0129g00730	Vitvi05_01chr07g27060	50.1.13	mapman:Enzyme classification.EC_1 oxidoreductases.EC_1-14 oxidoreductase acting on paired donor with incorporation or reduction of molecular oxygen
VIT_08s0007g03040	Vitvi05_01chr08g17270	50.1.13	mapman:Enzyme classification.EC_1 oxidoreductases.EC_1-14 oxidoreductase acting on paired donor with incorporation or reduction of molecular oxygen
VIT_08s0007g07720	Vitvi05_01chr08g23150	50.1.13	mapman:Enzyme classification.EC_1 oxidoreductases.EC_1-14 oxidoreductase acting on paired donor with incorporation or reduction of molecular oxygen
VIT_08s0032g00240	Vitvi05_01chr08g02820	50.1.13	mapman:Enzyme classification.EC_1 oxidoreductases.EC_1-14 oxidoreductase acting on paired donor with incorporation or reduction of molecular oxygen
VIT_08s0040g00780	Vitvi05_01chr08g09460	50.1.13	mapman:Enzyme classification.EC_1 oxidoreductases.EC_1-14 oxidoreductase acting on paired donor with incorporation or reduction of molecular oxygen
VIT_08s0105g00380	Vitvi05_01chr08g05700	50.1.13	mapman:Enzyme classification.EC_1 oxidoreductases.EC_1-14 oxidoreductase acting on paired donor with incorporation or reduction of molecular oxygen
VIT_09s0002g05280	Vitvi05_01chr09g06410	50.1.13	mapman:Enzyme classification.EC_1 oxidoreductases.EC_1-14 oxidoreductase acting on paired donor with incorporation or reduction of molecular oxygen
VIT_09s0002g05980	Vitvi05_01chr09g07270	50.1.13	mapman:Enzyme classification.EC_1 oxidoreductases.EC_1-14 oxidoreductase acting on paired donor with incorporation or reduction of molecular oxygen
VIT_09s0002g08090	Vitvi05_01chr09g10350	50.1.13	mapman:Enzyme classification.EC_1 oxidoreductases.EC_1-14 oxidoreductase acting on paired donor with incorporation or reduction of molecular oxygen
VIT_10s0003g03490	Vitvi05_01chr10g13890	50.1.13	mapman:Enzyme classification.EC_1 oxidoreductases.EC_1-14 oxidoreductase acting on paired donor with incorporation or reduction of molecular oxygen
VIT_11s0016g01020	Vitvi05_01chr11g01120	50.1.13	mapman:Enzyme classification.EC_1 oxidoreductases.EC_1-14 oxidoreductase acting on paired donor with incorporation or reduction of molecular oxygen
VIT_11s0016g02380	Vitvi05_01chr11g02760	50.1.13	mapman:Enzyme classification.EC_1 oxidoreductases.EC_1-14 oxidoreductase acting on paired donor with incorporation or reduction of molecular oxygen
VIT_11s0016g04810	Vitvi05_01chr11g05900	50.1.13	mapman:Enzyme classification.EC_1 oxidoreductases.EC_1-14 oxidoreductase acting on paired donor with incorporation or reduction of molecular oxygen
VIT_11s0065g00130	Vitvi05_01chr11g12600	50.1.13	mapman:Enzyme classification.EC_1 oxidoreductases.EC_1-14 oxidoreductase acting on paired donor with incorporation or reduction of molecular oxygen
VIT_11s0065g00350	Vitvi05_01chr11g12900	50.1.13	mapman:Enzyme classification.EC_1 oxidoreductases.EC_1-14 oxidoreductase acting on paired donor with incorporation or reduction of molecular oxygen
VIT_13s0064g01320	Vitvi05_01chr13g27020	50.1.13	mapman:Enzyme classification.EC_1 oxidoreductases.EC_1-14 oxidoreductase acting on paired donor with incorporation or reduction of molecular oxygen
VIT_13s0067g00110	Vitvi05_01chr13g00080	50.1.13	mapman:Enzyme classification.EC_1 oxidoreductases.EC_1-14 oxidoreductase acting on paired donor with incorporation or reduction of molecular oxygen
VIT_14s0066g00170	Vitvi05_01chr14g25240	50.1.13	mapman:Enzyme classification.EC_1 oxidoreductases.EC_1-14 oxidoreductase acting on paired donor with incorporation or reduction of molecular oxygen
VIT_14s0068g02120	Vitvi05_01chr14g23480	50.1.13	mapman:Enzyme classification.EC_1 oxidoreductases.EC_1-14 oxidoreductase acting on paired donor with incorporation or reduction of molecular oxygen
VIT_14s0083g01110	Vitvi05_01chr14g20220	50.1.13	mapman:Enzyme classification.EC_1 oxidoreductases.EC_1-14 oxidoreductase acting on paired donor with incorporation or reduction of molecular oxygen
VIT_15s0021g01060	Vitvi05_01chr15g08870	50.1.13	mapman:Enzyme classification.EC_1 oxidoreductases.EC_1-14 oxidoreductase acting on paired donor with incorporation or reduction of molecular oxygen
VIT_16s0050g00480	Vitvi05_01chr16g15580	50.1.13	mapman:Enzyme classification.EC_1 oxidoreductases.EC_1-14 oxidoreductase acting on paired donor with incorporation or reduction of molecular oxygen
VIT_16s0098g00860	Vitvi05_01chr16g20950	50.1.13	mapman:Enzyme classification.EC_1 oxidoreductases.EC_1-14 oxidoreductase acting on paired donor with incorporation or reduction of molecular oxygen
VIT_17s0000g01490	Vitvi05_01chr17g01730	50.1.13	mapman:Enzyme classification.EC_1 oxidoreductases.EC_1-14 oxidoreductase acting on paired donor with incorporation or reduction of molecular oxygen
VIT_18s0001g03430	Vitvi05_01chr18g04530	50.1.13	mapman:Enzyme classification.EC_1 oxidoreductases.EC_1-14 oxidoreductase acting on paired donor with incorporation or reduction of molecular oxygen
VIT_18s0001g03470	Vitvi05_01chr18g04560	50.1.13	mapman:Enzyme classification.EC_1 oxidoreductases.EC_1-14 oxidoreductase acting on paired donor with incorporation or reduction of molecular oxygen
VIT_18s0001g06690	Vitvi05_01chr18g06800	50.1.13	mapman:Enzyme classification.EC_1 oxidoreductases.EC_1-14 oxidoreductase acting on paired donor with incorporation or reduction of molecular oxygen
VIT_18s0001g08550	Vitvi05_01chr18g09210	50.1.13	mapman:Enzyme classification.EC_1 oxidoreductases.EC_1-14 oxidoreductase acting on paired donor with incorporation or reduction of molecular oxygen
VIT_18s0001g10500	Vitvi05_01chr18g11920	50.1.13	mapman:Enzyme classification.EC_1 oxidoreductases.EC_1-14 oxidoreductase acting on paired donor with incorporation or reduction of molecular oxygen
VIT_18s0001g11320	Vitvi05_01chr18g12910	50.1.13	mapman:Enzyme classification.EC_1 oxidoreductases.EC_1-14 oxidoreductase acting on paired donor with incorporation or reduction of molecular oxygen
VIT_18s0001g11470	Vitvi05_01chr18g13080	50.1.13	mapman:Enzyme classification.EC_1 oxidoreductases.EC_1-14 oxidoreductase acting on paired donor with incorporation or reduction of molecular oxygen
VIT_18s0001g11520	Vitvi05_01chr18g13150	50.1.13	mapman:Enzyme classification.EC_1 oxidoreductases.EC_1-14 oxidoreductase acting on paired donor with incorporation or reduction of molecular oxygen
VIT_18s0001g11580	Vitvi05_01chr18g13240	50.1.13	mapman:Enzyme classification.EC_1 oxidoreductases.EC_1-14 oxidoreductase acting on paired donor with incorporation or reduction of molecular oxygen
VIT_18s0001g15460	Vitvi05_01chr18g18300	50.1.13	mapman:Enzyme classification.EC_1 oxidoreductases.EC_1-14 oxidoreductase acting on paired donor with incorporation or reduction of molecular oxygen
VIT_19s0015g02500	Vitvi05_01chr19g14190	50.1.13	mapman:Enzyme classification.EC_1 oxidoreductases.EC_1-14 oxidoreductase acting on paired donor with incorporation or reduction of molecular oxygen
VIT_19s0015g02910	Vitvi05_01chr19g15020	50.1.13	mapman:Enzyme classification.EC_1 oxidoreductases.EC_1-14 oxidoreductase acting on paired donor with incorporation or reduction of molecular oxygen
VIT_19s0140g00140	Vitvi05_01chr19g16180	50.1.13	mapman:Enzyme classification.EC_1 oxidoreductases.EC_1-14 oxidoreductase acting on paired donor with incorporation or reduction of molecular oxygen
VIT_08s0058g00410	Vitvi05_01chr08g07080	50.1.15	mapman:Enzyme classification.EC_1 oxidoreductases.EC_1-16 oxidoreductase oxidizing metal ion
VIT_08s0058g00430	Vitvi05_01chr08g07100	50.1.15	mapman:Enzyme classification.EC_1 oxidoreductases.EC_1-16 oxidoreductase oxidizing metal ion
VIT_04s0023g03510	Vitvi05_01chr04g20440	50.1.17	mapman:Enzyme classification.EC_1 oxidoreductases.EC_1-18 oxidoreductase acting on iron-sulfur protein as donor
VIT_18s0001g14450	Vitvi05_01chr18g17030	50.1.17	mapman:Enzyme classification.EC_1 oxidoreductases.EC_1-18 oxidoreductase acting on iron-sulfur protein as donor
VIT_01s0010g02460	Vitvi05_01chr01g20950	50.1.2	mapman:Enzyme classification.EC_1 oxidoreductases.EC_1-2 oxidoreductase acting on aldehyde or oxo group of donor
VIT_04s0023g02810	Vitvi05_01chr04g19480	50.1.2	mapman:Enzyme classification.EC_1 oxidoreductases.EC_1-2 oxidoreductase acting on aldehyde or oxo group of donor
VIT_07s0031g02630	Vitvi05_01chr07g31080	50.1.2	mapman:Enzyme classification.EC_1 oxidoreductases.EC_1-2 oxidoreductase acting on aldehyde or oxo group of donor
VIT_14s0068g00680	Vitvi05_01chr14g21520	50.1.2	mapman:Enzyme classification.EC_1 oxidoreductases.EC_1-2 oxidoreductase acting on aldehyde or oxo group of donor
VIT_17s0000g08070	Vitvi05_01chr17g11850	50.1.2	mapman:Enzyme classification.EC_1 oxidoreductases.EC_1-2 oxidoreductase acting on aldehyde or oxo group of donor
VIT_18s0001g14980	Vitvi05_01chr18g17640	50.1.2	mapman:Enzyme classification.EC_1 oxidoreductases.EC_1-2 oxidoreductase acting on aldehyde or oxo group of donor
VIT_19s0085g00880	Vitvi05_01chr19g22620	50.1.2	mapman:Enzyme classification.EC_1 oxidoreductases.EC_1-2 oxidoreductase acting on aldehyde or oxo group of donor
VIT_01s0011g02960	Vitvi05_01chr01g03630	50.1.3	mapman:Enzyme classification.EC_1 oxidoreductases.EC_1-3 oxidoreductase acting on CH-CH group of donor
VIT_02s0033g00290	Vitvi05_01chr02g15850	50.1.3	mapman:Enzyme classification.EC_1 oxidoreductases.EC_1-3 oxidoreductase acting on CH-CH group of donor
VIT_03s0038g04680	Vitvi05_01chr03g05200	50.1.3	mapman:Enzyme classification.EC_1 oxidoreductases.EC_1-3 oxidoreductase acting on CH-CH group of donor
VIT_03s0038g04700	Vitvi05_01chr03g05230	50.1.3	mapman:Enzyme classification.EC_1 oxidoreductases.EC_1-3 oxidoreductase acting on CH-CH group of donor
VIT_03s0088g00060	Vitvi05_01chr03g10790	50.1.3	mapman:Enzyme classification.EC_1 oxidoreductases.EC_1-3 oxidoreductase acting on CH-CH group of donor
VIT_03s0088g00140	Vitvi05_01chr03g10920	50.1.3	mapman:Enzyme classification.EC_1 oxidoreductases.EC_1-3 oxidoreductase acting on CH-CH group of donor
VIT_05s0094g01160	Vitvi05_01chr05g26160	50.1.3	mapman:Enzyme classification.EC_1 oxidoreductases.EC_1-3 oxidoreductase acting on CH-CH group of donor
VIT_05s0094g01250	Vitvi05_01chr05g26200	50.1.3	mapman:Enzyme classification.EC_1 oxidoreductases.EC_1-3 oxidoreductase acting on CH-CH group of donor
VIT_05s0094g01260	Vitvi05_01chr05g26210	50.1.3	mapman:Enzyme classification.EC_1 oxidoreductases.EC_1-3 oxidoreductase acting on CH-CH group of donor
VIT_12s0059g00270	Vitvi05_01chr12g05860	50.1.3	mapman:Enzyme classification.EC_1 oxidoreductases.EC_1-3 oxidoreductase acting on CH-CH group of donor
VIT_17s0000g04150	Vitvi05_01chr17g05670	50.1.3	mapman:Enzyme classification.EC_1 oxidoreductases.EC_1-3 oxidoreductase acting on CH-CH group of donor
VIT_05s0020g03280	Vitvi05_01chr05g07310	50.1.4	mapman:Enzyme classification.EC_1 oxidoreductases.EC_1-4 oxidoreductase acting on CH-NH2 group of donor
VIT_05s0020g03320	Vitvi05_01chr05g07370	50.1.4	mapman:Enzyme classification.EC_1 oxidoreductases.EC_1-4 oxidoreductase acting on CH-NH2 group of donor
VIT_08s0007g07400	Vitvi05_01chr08g22800	50.1.4	mapman:Enzyme classification.EC_1 oxidoreductases.EC_1-4 oxidoreductase acting on CH-NH2 group of donor
VIT_04s0008g01880	Vitvi05_01chr04g02140	50.1.5	mapman:Enzyme classification.EC_1 oxidoreductases.EC_1-5 oxidoreductase acting on CH-NH group of donor
VIT_11s0016g02110	Vitvi05_01chr11g02410	50.1.5	mapman:Enzyme classification.EC_1 oxidoreductases.EC_1-5 oxidoreductase acting on CH-NH group of donor
VIT_18s0001g13200	Vitvi05_01chr18g15360	50.1.5	mapman:Enzyme classification.EC_1 oxidoreductases.EC_1-5 oxidoreductase acting on CH-NH group of donor
VIT_03s0063g00370	Vitvi05_01chr03g08190	50.1.7	mapman:Enzyme classification.EC_1 oxidoreductases.EC_1-7 oxidoreductase acting on other nitrogenous compound as donor
VIT_01s0127g00560	Vitvi05_01chr01g11120	50.1.8	mapman:Enzyme classification.EC_1 oxidoreductases.EC_1-8 oxidoreductase acting on sulfur group of donor
VIT_01s0127g00590	Vitvi05_01chr01g11190	50.1.8	mapman:Enzyme classification.EC_1 oxidoreductases.EC_1-8 oxidoreductase acting on sulfur group of donor
VIT_00s0207g00010	Vitvi05_01chr07g21260	50.2	mapman:Enzyme classification.EC_2 transferases
VIT_00s0233g00020	Vitvi05_01chr02g07170	50.2	mapman:Enzyme classification.EC_2 transferases
VIT_00s0324g00070	Vitvi05_01chr07g23270	50.2	mapman:Enzyme classification.EC_2 transferases
VIT_00s0929g00020	Vitvi05_01chr07g24440	50.2	mapman:Enzyme classification.EC_2 transferases
VIT_00s1353g00010	Vitvi05_01chr07g25320	50.2	mapman:Enzyme classification.EC_2 transferases
VIT_00s1542g00010	Vitvi05_01chr07g27360	50.2	mapman:Enzyme classification.EC_2 transferases
VIT_01s0011g04060	Vitvi05_01chr01g05100	50.2	mapman:Enzyme classification.EC_2 transferases
VIT_01s0011g05200	Vitvi05_01chr01g06690	50.2	mapman:Enzyme classification.EC_2 transferases
VIT_01s0026g00200	Vitvi05_01chr01g11940	50.2	mapman:Enzyme classification.EC_2 transferases
VIT_01s0026g01420	Vitvi05_01chr01g13690	50.2	mapman:Enzyme classification.EC_2 transferases
VIT_01s0026g01780	Vitvi05_01chr01g14170	50.2	mapman:Enzyme classification.EC_2 transferases
VIT_01s0150g00460	Vitvi05_01chr01g25010	50.2	mapman:Enzyme classification.EC_2 transferases
VIT_02s0012g02220	Vitvi05_01chr02g13000	50.2	mapman:Enzyme classification.EC_2 transferases
VIT_02s0025g01240	Vitvi05_01chr02g01370	50.2	mapman:Enzyme classification.EC_2 transferases
VIT_02s0025g02920	Vitvi05_01chr02g03330	50.2	mapman:Enzyme classification.EC_2 transferases
VIT_02s0025g03240	Vitvi05_01chr02g03800	50.2	mapman:Enzyme classification.EC_2 transferases
VIT_02s0025g03700	Vitvi05_01chr02g04350	50.2	mapman:Enzyme classification.EC_2 transferases
VIT_02s0033g01000	Vitvi05_01chr02g17280	50.2	mapman:Enzyme classification.EC_2 transferases
VIT_02s0033g01020	Vitvi05_01chr02g17370	50.2	mapman:Enzyme classification.EC_2 transferases
VIT_02s0087g00170	Vitvi05_01chr02g18320	50.2	mapman:Enzyme classification.EC_2 transferases
VIT_02s0087g00370	Vitvi05_01chr02g18610	50.2	mapman:Enzyme classification.EC_2 transferases
VIT_02s0087g00720	Vitvi05_01chr02g19180	50.2	mapman:Enzyme classification.EC_2 transferases
VIT_02s0087g01020	Vitvi05_01chr02g19550	50.2	mapman:Enzyme classification.EC_2 transferases
VIT_02s0109g00080	Vitvi05_01chr02g14730	50.2	mapman:Enzyme classification.EC_2 transferases
VIT_03s0017g00870	Vitvi05_01chr03g17570	50.2	mapman:Enzyme classification.EC_2 transferases
VIT_03s0038g00450	Vitvi05_01chr03g00380	50.2	mapman:Enzyme classification.EC_2 transferases
VIT_03s0038g02400	Vitvi05_01chr03g02340	50.2	mapman:Enzyme classification.EC_2 transferases
VIT_03s0038g03090	Vitvi05_01chr03g03100	50.2	mapman:Enzyme classification.EC_2 transferases
VIT_03s0038g04570	Vitvi05_01chr03g05100	50.2	mapman:Enzyme classification.EC_2 transferases
VIT_03s0063g00210	Vitvi05_01chr03g08350	50.2	mapman:Enzyme classification.EC_2 transferases
VIT_03s0180g00280	Vitvi05_01chr03g08920	50.2	mapman:Enzyme classification.EC_2 transferases
VIT_04s0008g01740	Vitvi05_01chr04g01960	50.2	mapman:Enzyme classification.EC_2 transferases
VIT_04s0008g01970	Vitvi05_01chr04g02220	50.2	mapman:Enzyme classification.EC_2 transferases
VIT_04s0008g03240	Vitvi05_01chr04g03750	50.2	mapman:Enzyme classification.EC_2 transferases
VIT_04s0008g05770	Vitvi05_01chr04g07060	50.2	mapman:Enzyme classification.EC_2 transferases
VIT_04s0023g02200	Vitvi05_01chr04g18680	50.2	mapman:Enzyme classification.EC_2 transferases
VIT_04s0023g02280	Vitvi05_01chr04g18750	50.2	mapman:Enzyme classification.EC_2 transferases
VIT_04s0023g03810	Vitvi05_01chr04g20830	50.2	mapman:Enzyme classification.EC_2 transferases
VIT_04s0043g00160	Vitvi05_01chr04g13450	50.2	mapman:Enzyme classification.EC_2 transferases
VIT_04s0044g00730	Vitvi05_01chr04g23540	50.2	mapman:Enzyme classification.EC_2 transferases
VIT_04s0069g00780	Vitvi05_01chr04g10510	50.2	mapman:Enzyme classification.EC_2 transferases
VIT_04s0079g00680	Vitvi05_01chr04g12540	50.2	mapman:Enzyme classification.EC_2 transferases
VIT_05s0020g00730	Vitvi05_01chr05g03890	50.2	mapman:Enzyme classification.EC_2 transferases
VIT_05s0020g02130	Vitvi05_01chr05g05720	50.2	mapman:Enzyme classification.EC_2 transferases
VIT_05s0020g02880	Vitvi05_01chr05g06770	50.2	mapman:Enzyme classification.EC_2 transferases
VIT_05s0020g03860	Vitvi05_01chr05g08050	50.2	mapman:Enzyme classification.EC_2 transferases
VIT_05s0020g03870	Vitvi05_01chr05g08060	50.2	mapman:Enzyme classification.EC_2 transferases
VIT_05s0020g04570	Vitvi05_01chr05g09190	50.2	mapman:Enzyme classification.EC_2 transferases
VIT_05s0029g00480	Vitvi05_01chr05g16770	50.2	mapman:Enzyme classification.EC_2 transferases
VIT_05s0029g01140	Vitvi05_01chr05g18150	50.2	mapman:Enzyme classification.EC_2 transferases
VIT_05s0049g00950	Vitvi05_01chr05g10960	50.2	mapman:Enzyme classification.EC_2 transferases
VIT_05s0062g00240	Vitvi05_01chr05g19370	50.2	mapman:Enzyme classification.EC_2 transferases
VIT_05s0062g00250	Vitvi05_01chr05g19380	50.2	mapman:Enzyme classification.EC_2 transferases
VIT_05s0062g00430	Vitvi05_01chr05g19560	50.2	mapman:Enzyme classification.EC_2 transferases
VIT_05s0062g00480	Vitvi05_01chr05g19600	50.2	mapman:Enzyme classification.EC_2 transferases
VIT_05s0062g00520	Vitvi05_01chr05g19620	50.2	mapman:Enzyme classification.EC_2 transferases
VIT_05s0062g00610	Vitvi05_01chr05g19710	50.2	mapman:Enzyme classification.EC_2 transferases
VIT_05s0062g00630	Vitvi05_01chr05g19740	50.2	mapman:Enzyme classification.EC_2 transferases
VIT_05s0062g00700	Vitvi05_01chr05g19860	50.2	mapman:Enzyme classification.EC_2 transferases
VIT_05s0077g01930	Vitvi05_01chr05g00560	50.2	mapman:Enzyme classification.EC_2 transferases
VIT_05s0094g01080	Vitvi05_01chr05g26060	50.2	mapman:Enzyme classification.EC_2 transferases
VIT_05s0102g00710	Vitvi05_01chr05g23320	50.2	mapman:Enzyme classification.EC_2 transferases
VIT_05s0136g00260	Vitvi05_01chr05g15660	50.2	mapman:Enzyme classification.EC_2 transferases
VIT_06s0004g00130	Vitvi05_01chr06g00340	50.2	mapman:Enzyme classification.EC_2 transferases
VIT_06s0004g00220	Vitvi05_01chr06g00460	50.2	mapman:Enzyme classification.EC_2 transferases
VIT_06s0004g01140	Vitvi05_01chr06g01760	50.2	mapman:Enzyme classification.EC_2 transferases
VIT_06s0004g01390	Vitvi05_01chr06g02160	50.2	mapman:Enzyme classification.EC_2 transferases
VIT_06s0004g01640	Vitvi05_01chr06g02610	50.2	mapman:Enzyme classification.EC_2 transferases
VIT_06s0004g02640	Vitvi05_01chr06g04090	50.2	mapman:Enzyme classification.EC_2 transferases
VIT_06s0004g05780	Vitvi05_01chr06g08510	50.2	mapman:Enzyme classification.EC_2 transferases
VIT_06s0004g07230	Vitvi05_01chr06g10450	50.2	mapman:Enzyme classification.EC_2 transferases
VIT_06s0004g07310	Vitvi05_01chr06g10530	50.2	mapman:Enzyme classification.EC_2 transferases
VIT_06s0004g08210	Vitvi05_01chr06g11850	50.2	mapman:Enzyme classification.EC_2 transferases
VIT_06s0061g00550	Vitvi05_01chr06g19500	50.2	mapman:Enzyme classification.EC_2 transferases
VIT_06s0061g01110	Vitvi05_01chr06g20330	50.2	mapman:Enzyme classification.EC_2 transferases
VIT_06s0061g01230	Vitvi05_01chr06g20530	50.2	mapman:Enzyme classification.EC_2 transferases
VIT_07s0031g00120	Vitvi05_01chr07g27670	50.2	mapman:Enzyme classification.EC_2 transferases
VIT_07s0031g00350	Vitvi05_01chr07g27970	50.2	mapman:Enzyme classification.EC_2 transferases
VIT_07s0031g00480	Vitvi05_01chr07g28100	50.2	mapman:Enzyme classification.EC_2 transferases
VIT_07s0031g00530	Vitvi05_01chr07g28150	50.2	mapman:Enzyme classification.EC_2 transferases
VIT_07s0129g00870	Vitvi05_01chr07g27230	50.2	mapman:Enzyme classification.EC_2 transferases
VIT_07s0129g00960	Vitvi05_01chr07g27320	50.2	mapman:Enzyme classification.EC_2 transferases
VIT_07s0129g00970	Vitvi05_01chr07g27350	50.2	mapman:Enzyme classification.EC_2 transferases
VIT_07s0185g00050	Vitvi05_01chr07g15340	50.2	mapman:Enzyme classification.EC_2 transferases
VIT_08s0007g01520	Vitvi05_01chr08g15150	50.2	mapman:Enzyme classification.EC_2 transferases
VIT_08s0007g02290	Vitvi05_01chr08g16260	50.2	mapman:Enzyme classification.EC_2 transferases
VIT_08s0007g03990	Vitvi05_01chr08g18440	50.2	mapman:Enzyme classification.EC_2 transferases
VIT_08s0007g04950	Vitvi05_01chr08g19690	50.2	mapman:Enzyme classification.EC_2 transferases
VIT_08s0007g05000	Vitvi05_01chr08g19740	50.2	mapman:Enzyme classification.EC_2 transferases
VIT_08s0007g08470	Vitvi05_01chr08g24110	50.2	mapman:Enzyme classification.EC_2 transferases
VIT_08s0056g00150	Vitvi05_01chr08g00300	50.2	mapman:Enzyme classification.EC_2 transferases
VIT_08s0058g00930	Vitvi05_01chr08g07890	50.2	mapman:Enzyme classification.EC_2 transferases
VIT_08s0058g01090	Vitvi05_01chr08g08060	50.2	mapman:Enzyme classification.EC_2 transferases
VIT_08s0105g00590	Vitvi05_01chr08g06030	50.2	mapman:Enzyme classification.EC_2 transferases
VIT_09s0002g00150	Vitvi05_01chr09g00120	50.2	mapman:Enzyme classification.EC_2 transferases
VIT_09s0002g07110	Vitvi05_01chr09g08740	50.2	mapman:Enzyme classification.EC_2 transferases
VIT_09s0002g07120	Vitvi05_01chr09g08750	50.2	mapman:Enzyme classification.EC_2 transferases
VIT_09s0018g01190	Vitvi05_01chr09g17950	50.2	mapman:Enzyme classification.EC_2 transferases
VIT_09s0018g01490	Vitvi05_01chr09g18240	50.2	mapman:Enzyme classification.EC_2 transferases
VIT_10s0003g00330	Vitvi05_01chr10g09040	50.2	mapman:Enzyme classification.EC_2 transferases
VIT_10s0003g01410	Vitvi05_01chr10g10620	50.2	mapman:Enzyme classification.EC_2 transferases
VIT_10s0003g01960	Vitvi05_01chr10g11490	50.2	mapman:Enzyme classification.EC_2 transferases
VIT_10s0003g01990	Vitvi05_01chr10g11530	50.2	mapman:Enzyme classification.EC_2 transferases
VIT_10s0003g02000	Vitvi05_01chr10g11540	50.2	mapman:Enzyme classification.EC_2 transferases
VIT_10s0003g02440	Vitvi05_01chr10g12320	50.2	mapman:Enzyme classification.EC_2 transferases
VIT_10s0071g01060	Vitvi05_01chr10g26570	50.2	mapman:Enzyme classification.EC_2 transferases
VIT_10s0116g01540	Vitvi05_01chr10g01300	50.2	mapman:Enzyme classification.EC_2 transferases
VIT_11s0016g02430	Vitvi05_01chr11g02850	50.2	mapman:Enzyme classification.EC_2 transferases
VIT_11s0016g04570	Vitvi05_01chr11g05600	50.2	mapman:Enzyme classification.EC_2 transferases
VIT_11s0037g00570	Vitvi05_01chr11g10600	50.2	mapman:Enzyme classification.EC_2 transferases
VIT_11s0052g01190	Vitvi05_01chr11g18320	50.2	mapman:Enzyme classification.EC_2 transferases
VIT_11s0052g01200	Vitvi05_01chr11g18330	50.2	mapman:Enzyme classification.EC_2 transferases
VIT_11s0052g01230	Vitvi05_01chr11g18370	50.2	mapman:Enzyme classification.EC_2 transferases
VIT_11s0052g01250	Vitvi05_01chr11g18400	50.2	mapman:Enzyme classification.EC_2 transferases
VIT_11s0052g01260	Vitvi05_01chr11g18410	50.2	mapman:Enzyme classification.EC_2 transferases
VIT_11s0052g01280	Vitvi05_01chr11g18430	50.2	mapman:Enzyme classification.EC_2 transferases
VIT_11s0052g01300	Vitvi05_01chr11g18440	50.2	mapman:Enzyme classification.EC_2 transferases
VIT_11s0052g01320	Vitvi05_01chr11g18460	50.2	mapman:Enzyme classification.EC_2 transferases
VIT_11s0052g01330	Vitvi05_01chr11g18470	50.2	mapman:Enzyme classification.EC_2 transferases
VIT_11s0052g01700	Vitvi05_01chr11g18950	50.2	mapman:Enzyme classification.EC_2 transferases
VIT_11s0118g00200	Vitvi05_01chr11g07830	50.2	mapman:Enzyme classification.EC_2 transferases
VIT_12s0028g01640	Vitvi05_01chr12g02390	50.2	mapman:Enzyme classification.EC_2 transferases
VIT_12s0028g01670	Vitvi05_01chr12g02420	50.2	mapman:Enzyme classification.EC_2 transferases
VIT_12s0028g03060	Vitvi05_01chr12g04240	50.2	mapman:Enzyme classification.EC_2 transferases
VIT_12s0055g00160	Vitvi05_01chr12g16420	50.2	mapman:Enzyme classification.EC_2 transferases
VIT_12s0055g00180	Vitvi05_01chr12g16400	50.2	mapman:Enzyme classification.EC_2 transferases
VIT_12s0059g01750	Vitvi05_01chr12g07760	50.2	mapman:Enzyme classification.EC_2 transferases
VIT_12s0059g01790	Vitvi05_01chr12g07790	50.2	mapman:Enzyme classification.EC_2 transferases
VIT_12s0134g00160	Vitvi05_01chr12g09250	50.2	mapman:Enzyme classification.EC_2 transferases
VIT_12s0134g00590	Vitvi05_01chr12g09830	50.2	mapman:Enzyme classification.EC_2 transferases
VIT_12s0134g00630	Vitvi05_01chr12g09850	50.2	mapman:Enzyme classification.EC_2 transferases
VIT_12s0134g00650	Vitvi05_01chr12g09880	50.2	mapman:Enzyme classification.EC_2 transferases
VIT_13s0019g02300	Vitvi05_01chr13g05430	50.2	mapman:Enzyme classification.EC_2 transferases
VIT_13s0019g02330	Vitvi05_01chr13g05450	50.2	mapman:Enzyme classification.EC_2 transferases
VIT_13s0019g02910	Vitvi05_01chr13g06200	50.2	mapman:Enzyme classification.EC_2 transferases
VIT_13s0019g03040	Vitvi05_01chr13g06380	50.2	mapman:Enzyme classification.EC_2 transferases
VIT_13s0019g03060	Vitvi05_01chr13g06390	50.2	mapman:Enzyme classification.EC_2 transferases
VIT_13s0064g00440	Vitvi05_01chr13g25700	50.2	mapman:Enzyme classification.EC_2 transferases
VIT_13s0067g03780	Vitvi05_01chr13g03060	50.2	mapman:Enzyme classification.EC_2 transferases
VIT_13s0074g00730	Vitvi05_01chr13g11500	50.2	mapman:Enzyme classification.EC_2 transferases
VIT_13s0084g00240	Vitvi05_01chr13g19870	50.2	mapman:Enzyme classification.EC_2 transferases
VIT_13s0106g00550	Vitvi05_01chr13g12490	50.2	mapman:Enzyme classification.EC_2 transferases
VIT_14s0060g00420	Vitvi05_01chr14g00560	50.2	mapman:Enzyme classification.EC_2 transferases
VIT_14s0060g00460	Vitvi05_01chr14g00600	50.2	mapman:Enzyme classification.EC_2 transferases
VIT_14s0066g01050	Vitvi05_01chr14g26470	50.2	mapman:Enzyme classification.EC_2 transferases
VIT_14s0066g02250	Vitvi05_01chr14g27950	50.2	mapman:Enzyme classification.EC_2 transferases
VIT_14s0068g00010	Vitvi05_01chr14g20530	50.2	mapman:Enzyme classification.EC_2 transferases
VIT_14s0068g00030	Vitvi05_01chr14g20540	50.2	mapman:Enzyme classification.EC_2 transferases
VIT_14s0068g00920	Vitvi05_01chr14g21850	50.2	mapman:Enzyme classification.EC_2 transferases
VIT_14s0068g00940	Vitvi05_01chr14g21870	50.2	mapman:Enzyme classification.EC_2 transferases
VIT_14s0083g00620	Vitvi05_01chr14g19340	50.2	mapman:Enzyme classification.EC_2 transferases
VIT_14s0108g00340	Vitvi05_01chr14g28890	50.2	mapman:Enzyme classification.EC_2 transferases
VIT_14s0219g00040	Vitvi05_01chr14g24700	50.2	mapman:Enzyme classification.EC_2 transferases
VIT_15s0045g01490	Vitvi05_01chr15g07170	50.2	mapman:Enzyme classification.EC_2 transferases
VIT_15s0046g01190	Vitvi05_01chr15g17780	50.2	mapman:Enzyme classification.EC_2 transferases
VIT_15s0046g02030	Vitvi05_01chr15g18820	50.2	mapman:Enzyme classification.EC_2 transferases
VIT_15s0048g00370	Vitvi05_01chr15g12500	50.2	mapman:Enzyme classification.EC_2 transferases
VIT_16s0013g01990	Vitvi05_01chr16g07000	50.2	mapman:Enzyme classification.EC_2 transferases
VIT_16s0022g01970	Vitvi05_01chr16g12070	50.2	mapman:Enzyme classification.EC_2 transferases
VIT_16s0039g00570	Vitvi05_01chr16g00360	50.2	mapman:Enzyme classification.EC_2 transferases
VIT_16s0039g01410	Vitvi05_01chr16g01080	50.2	mapman:Enzyme classification.EC_2 transferases
VIT_16s0039g02230	Vitvi05_01chr16g02560	50.2	mapman:Enzyme classification.EC_2 transferases
VIT_16s0050g00240	Vitvi05_01chr16g15260	50.2	mapman:Enzyme classification.EC_2 transferases
VIT_16s0050g00830	Vitvi05_01chr16g16010	50.2	mapman:Enzyme classification.EC_2 transferases
VIT_16s0050g01020	Vitvi05_01chr16g16230	50.2	mapman:Enzyme classification.EC_2 transferases
VIT_16s0050g01660	Vitvi05_01chr16g17050	50.2	mapman:Enzyme classification.EC_2 transferases
VIT_16s0050g01680	Vitvi05_01chr16g17070	50.2	mapman:Enzyme classification.EC_2 transferases
VIT_16s0098g00160	Vitvi05_01chr16g19920	50.2	mapman:Enzyme classification.EC_2 transferases
VIT_16s0098g00720	Vitvi05_01chr16g20760	50.2	mapman:Enzyme classification.EC_2 transferases
VIT_16s0100g00750	Vitvi05_01chr16g14000	50.2	mapman:Enzyme classification.EC_2 transferases
VIT_16s0100g00770	Vitvi05_01chr16g14020	50.2	mapman:Enzyme classification.EC_2 transferases
VIT_16s0100g00780	Vitvi05_01chr16g14030	50.2	mapman:Enzyme classification.EC_2 transferases
VIT_16s0100g00880	Vitvi05_01chr16g14190	50.2	mapman:Enzyme classification.EC_2 transferases
VIT_16s0100g00910	Vitvi05_01chr16g14090	50.2	mapman:Enzyme classification.EC_2 transferases
VIT_16s0100g00960	Vitvi05_01chr16g14250	50.2	mapman:Enzyme classification.EC_2 transferases
VIT_16s0100g00990	Vitvi05_01chr16g14300	50.2	mapman:Enzyme classification.EC_2 transferases
VIT_16s0100g01000	Vitvi05_01chr16g14280	50.2	mapman:Enzyme classification.EC_2 transferases
VIT_16s0100g01010	Vitvi05_01chr16g14240	50.2	mapman:Enzyme classification.EC_2 transferases
VIT_16s0100g01020	Vitvi05_01chr16g14310	50.2	mapman:Enzyme classification.EC_2 transferases
VIT_16s0100g01030	Vitvi05_01chr16g14320	50.2	mapman:Enzyme classification.EC_2 transferases
VIT_16s0100g01070	Vitvi05_01chr16g14370	50.2	mapman:Enzyme classification.EC_2 transferases
VIT_16s0100g01100	Vitvi05_01chr16g14430	50.2	mapman:Enzyme classification.EC_2 transferases
VIT_16s0100g01140	Vitvi05_01chr16g14500	50.2	mapman:Enzyme classification.EC_2 transferases
VIT_16s0100g01150	Vitvi05_01chr16g14510	50.2	mapman:Enzyme classification.EC_2 transferases
VIT_16s0100g01160	Vitvi05_01chr16g14540	50.2	mapman:Enzyme classification.EC_2 transferases
VIT_16s0100g01190	Vitvi05_01chr16g14570	50.2	mapman:Enzyme classification.EC_2 transferases
VIT_16s0100g01200	Vitvi05_01chr16g14590	50.2	mapman:Enzyme classification.EC_2 transferases
VIT_16s0115g00340	Vitvi05_01chr16g08500	50.2	mapman:Enzyme classification.EC_2 transferases
VIT_16s0148g00320	Vitvi05_01chr16g18660	50.2	mapman:Enzyme classification.EC_2 transferases
VIT_17s0000g02010	Vitvi05_01chr17g02380	50.2	mapman:Enzyme classification.EC_2 transferases
VIT_17s0000g05570	Vitvi05_01chr17g07940	50.2	mapman:Enzyme classification.EC_2 transferases
VIT_17s0000g07790	Vitvi05_01chr17g11520	50.2	mapman:Enzyme classification.EC_2 transferases
VIT_17s0000g08240	Vitvi05_01chr17g12050	50.2	mapman:Enzyme classification.EC_2 transferases
VIT_18s0001g00720	Vitvi05_01chr18g02080	50.2	mapman:Enzyme classification.EC_2 transferases
VIT_18s0001g02610	Vitvi05_01chr18g03960	50.2	mapman:Enzyme classification.EC_2 transferases
VIT_18s0001g05910	Vitvi05_01chr18g06150	50.2	mapman:Enzyme classification.EC_2 transferases
VIT_18s0001g06060	Vitvi05_01chr18g06260	50.2	mapman:Enzyme classification.EC_2 transferases
VIT_18s0001g08230	Vitvi05_01chr18g08820	50.2	mapman:Enzyme classification.EC_2 transferases
VIT_18s0001g08240	Vitvi05_01chr18g08830	50.2	mapman:Enzyme classification.EC_2 transferases
VIT_18s0001g08430	Vitvi05_01chr18g09060	50.2	mapman:Enzyme classification.EC_2 transferases
VIT_18s0001g08580	Vitvi05_01chr18g09250	50.2	mapman:Enzyme classification.EC_2 transferases
VIT_18s0001g09550	Vitvi05_01chr18g10520	50.2	mapman:Enzyme classification.EC_2 transferases
VIT_18s0001g10070	Vitvi05_01chr18g11280	50.2	mapman:Enzyme classification.EC_2 transferases
VIT_18s0001g10310	Vitvi05_01chr18g11650	50.2	mapman:Enzyme classification.EC_2 transferases
VIT_18s0001g11590	Vitvi05_01chr18g13250	50.2	mapman:Enzyme classification.EC_2 transferases
VIT_18s0041g00740	Vitvi05_01chr18g30390	50.2	mapman:Enzyme classification.EC_2 transferases
VIT_19s0014g00110	Vitvi05_01chr19g00120	50.2	mapman:Enzyme classification.EC_2 transferases
VIT_19s0014g00790	Vitvi05_01chr19g01040	50.2	mapman:Enzyme classification.EC_2 transferases
VIT_19s0014g01950	Vitvi05_01chr19g02720	50.2	mapman:Enzyme classification.EC_2 transferases
VIT_19s0014g02190	Vitvi05_01chr19g03080	50.2	mapman:Enzyme classification.EC_2 transferases
VIT_19s0014g04540	Vitvi05_01chr19g06290	50.2	mapman:Enzyme classification.EC_2 transferases
VIT_01s0011g05200	Vitvi05_01chr01g06690	50.2.1	mapman:Enzyme classification.EC_2 transferases.EC_2-1 transferase transferring one-carbon group
VIT_02s0025g02920	Vitvi05_01chr02g03330	50.2.1	mapman:Enzyme classification.EC_2 transferases.EC_2-1 transferase transferring one-carbon group
VIT_03s0038g03090	Vitvi05_01chr03g03100	50.2.1	mapman:Enzyme classification.EC_2 transferases.EC_2-1 transferase transferring one-carbon group
VIT_04s0023g02200	Vitvi05_01chr04g18680	50.2.1	mapman:Enzyme classification.EC_2 transferases.EC_2-1 transferase transferring one-carbon group
VIT_04s0023g02280	Vitvi05_01chr04g18750	50.2.1	mapman:Enzyme classification.EC_2 transferases.EC_2-1 transferase transferring one-carbon group
VIT_04s0023g03810	Vitvi05_01chr04g20830	50.2.1	mapman:Enzyme classification.EC_2 transferases.EC_2-1 transferase transferring one-carbon group
VIT_05s0020g03860	Vitvi05_01chr05g08050	50.2.1	mapman:Enzyme classification.EC_2 transferases.EC_2-1 transferase transferring one-carbon group
VIT_07s0031g00350	Vitvi05_01chr07g27970	50.2.1	mapman:Enzyme classification.EC_2 transferases.EC_2-1 transferase transferring one-carbon group
VIT_08s0007g08470	Vitvi05_01chr08g24110	50.2.1	mapman:Enzyme classification.EC_2 transferases.EC_2-1 transferase transferring one-carbon group
VIT_10s0116g01540	Vitvi05_01chr10g01300	50.2.1	mapman:Enzyme classification.EC_2 transferases.EC_2-1 transferase transferring one-carbon group
VIT_12s0059g01750	Vitvi05_01chr12g07760	50.2.1	mapman:Enzyme classification.EC_2 transferases.EC_2-1 transferase transferring one-carbon group
VIT_12s0059g01790	Vitvi05_01chr12g07790	50.2.1	mapman:Enzyme classification.EC_2 transferases.EC_2-1 transferase transferring one-carbon group
VIT_13s0064g00440	Vitvi05_01chr13g25700	50.2.1	mapman:Enzyme classification.EC_2 transferases.EC_2-1 transferase transferring one-carbon group
VIT_15s0045g01490	Vitvi05_01chr15g07170	50.2.1	mapman:Enzyme classification.EC_2 transferases.EC_2-1 transferase transferring one-carbon group
VIT_16s0039g01410	Vitvi05_01chr16g01080	50.2.1	mapman:Enzyme classification.EC_2 transferases.EC_2-1 transferase transferring one-carbon group
VIT_18s0001g02610	Vitvi05_01chr18g03960	50.2.1	mapman:Enzyme classification.EC_2 transferases.EC_2-1 transferase transferring one-carbon group
VIT_00s0233g00020	Vitvi05_01chr02g07170	50.2.2	mapman:Enzyme classification.EC_2 transferases.EC_2-2 transferase transferring aldehyde or ketonic group
VIT_05s0020g02130	Vitvi05_01chr05g05720	50.2.2	mapman:Enzyme classification.EC_2 transferases.EC_2-2 transferase transferring aldehyde or ketonic group
VIT_15s0048g00370	Vitvi05_01chr15g12500	50.2.2	mapman:Enzyme classification.EC_2 transferases.EC_2-2 transferase transferring aldehyde or ketonic group
VIT_00s0207g00010	Vitvi05_01chr07g21260	50.2.3	mapman:Enzyme classification.EC_2 transferases.EC_2-3 acyltransferase
VIT_02s0033g01000	Vitvi05_01chr02g17280	50.2.3	mapman:Enzyme classification.EC_2 transferases.EC_2-3 acyltransferase
VIT_02s0033g01020	Vitvi05_01chr02g17370	50.2.3	mapman:Enzyme classification.EC_2 transferases.EC_2-3 acyltransferase
VIT_02s0087g00370	Vitvi05_01chr02g18610	50.2.3	mapman:Enzyme classification.EC_2 transferases.EC_2-3 acyltransferase
VIT_03s0017g00870	Vitvi05_01chr03g17570	50.2.3	mapman:Enzyme classification.EC_2 transferases.EC_2-3 acyltransferase
VIT_05s0029g00480	Vitvi05_01chr05g16770	50.2.3	mapman:Enzyme classification.EC_2 transferases.EC_2-3 acyltransferase
VIT_05s0136g00260	Vitvi05_01chr05g15660	50.2.3	mapman:Enzyme classification.EC_2 transferases.EC_2-3 acyltransferase
VIT_06s0061g01110	Vitvi05_01chr06g20330	50.2.3	mapman:Enzyme classification.EC_2 transferases.EC_2-3 acyltransferase
VIT_09s0018g01190	Vitvi05_01chr09g17950	50.2.3	mapman:Enzyme classification.EC_2 transferases.EC_2-3 acyltransferase
VIT_09s0018g01490	Vitvi05_01chr09g18240	50.2.3	mapman:Enzyme classification.EC_2 transferases.EC_2-3 acyltransferase
VIT_11s0037g00570	Vitvi05_01chr11g10600	50.2.3	mapman:Enzyme classification.EC_2 transferases.EC_2-3 acyltransferase
VIT_12s0134g00590	Vitvi05_01chr12g09830	50.2.3	mapman:Enzyme classification.EC_2 transferases.EC_2-3 acyltransferase
VIT_12s0134g00630	Vitvi05_01chr12g09850	50.2.3	mapman:Enzyme classification.EC_2 transferases.EC_2-3 acyltransferase
VIT_12s0134g00650	Vitvi05_01chr12g09880	50.2.3	mapman:Enzyme classification.EC_2 transferases.EC_2-3 acyltransferase
VIT_14s0068g00920	Vitvi05_01chr14g21850	50.2.3	mapman:Enzyme classification.EC_2 transferases.EC_2-3 acyltransferase
VIT_16s0039g00570	Vitvi05_01chr16g00360	50.2.3	mapman:Enzyme classification.EC_2 transferases.EC_2-3 acyltransferase
VIT_16s0050g00830	Vitvi05_01chr16g16010	50.2.3	mapman:Enzyme classification.EC_2 transferases.EC_2-3 acyltransferase
VIT_16s0098g00160	Vitvi05_01chr16g19920	50.2.3	mapman:Enzyme classification.EC_2 transferases.EC_2-3 acyltransferase
VIT_16s0100g00750	Vitvi05_01chr16g14000	50.2.3	mapman:Enzyme classification.EC_2 transferases.EC_2-3 acyltransferase
VIT_16s0100g00770	Vitvi05_01chr16g14020	50.2.3	mapman:Enzyme classification.EC_2 transferases.EC_2-3 acyltransferase
VIT_16s0100g00780	Vitvi05_01chr16g14030	50.2.3	mapman:Enzyme classification.EC_2 transferases.EC_2-3 acyltransferase
VIT_16s0100g00880	Vitvi05_01chr16g14190	50.2.3	mapman:Enzyme classification.EC_2 transferases.EC_2-3 acyltransferase
VIT_16s0100g00910	Vitvi05_01chr16g14090	50.2.3	mapman:Enzyme classification.EC_2 transferases.EC_2-3 acyltransferase
VIT_16s0100g00960	Vitvi05_01chr16g14250	50.2.3	mapman:Enzyme classification.EC_2 transferases.EC_2-3 acyltransferase
VIT_16s0100g00990	Vitvi05_01chr16g14300	50.2.3	mapman:Enzyme classification.EC_2 transferases.EC_2-3 acyltransferase
VIT_16s0100g01000	Vitvi05_01chr16g14280	50.2.3	mapman:Enzyme classification.EC_2 transferases.EC_2-3 acyltransferase
VIT_16s0100g01010	Vitvi05_01chr16g14240	50.2.3	mapman:Enzyme classification.EC_2 transferases.EC_2-3 acyltransferase
VIT_16s0100g01020	Vitvi05_01chr16g14310	50.2.3	mapman:Enzyme classification.EC_2 transferases.EC_2-3 acyltransferase
VIT_16s0100g01030	Vitvi05_01chr16g14320	50.2.3	mapman:Enzyme classification.EC_2 transferases.EC_2-3 acyltransferase
VIT_16s0100g01070	Vitvi05_01chr16g14370	50.2.3	mapman:Enzyme classification.EC_2 transferases.EC_2-3 acyltransferase
VIT_16s0100g01100	Vitvi05_01chr16g14430	50.2.3	mapman:Enzyme classification.EC_2 transferases.EC_2-3 acyltransferase
VIT_16s0100g01140	Vitvi05_01chr16g14500	50.2.3	mapman:Enzyme classification.EC_2 transferases.EC_2-3 acyltransferase
VIT_16s0100g01150	Vitvi05_01chr16g14510	50.2.3	mapman:Enzyme classification.EC_2 transferases.EC_2-3 acyltransferase
VIT_16s0100g01160	Vitvi05_01chr16g14540	50.2.3	mapman:Enzyme classification.EC_2 transferases.EC_2-3 acyltransferase
VIT_16s0100g01190	Vitvi05_01chr16g14570	50.2.3	mapman:Enzyme classification.EC_2 transferases.EC_2-3 acyltransferase
VIT_16s0100g01200	Vitvi05_01chr16g14590	50.2.3	mapman:Enzyme classification.EC_2 transferases.EC_2-3 acyltransferase
VIT_16s0148g00320	Vitvi05_01chr16g18660	50.2.3	mapman:Enzyme classification.EC_2 transferases.EC_2-3 acyltransferase
VIT_00s0324g00070	Vitvi05_01chr07g23270	50.2.4	mapman:Enzyme classification.EC_2 transferases.EC_2-4 glycosyltransferase
VIT_01s0026g00200	Vitvi05_01chr01g11940	50.2.4	mapman:Enzyme classification.EC_2 transferases.EC_2-4 glycosyltransferase
VIT_01s0150g00460	Vitvi05_01chr01g25010	50.2.4	mapman:Enzyme classification.EC_2 transferases.EC_2-4 glycosyltransferase
VIT_02s0012g02220	Vitvi05_01chr02g13000	50.2.4	mapman:Enzyme classification.EC_2 transferases.EC_2-4 glycosyltransferase
VIT_02s0025g01240	Vitvi05_01chr02g01370	50.2.4	mapman:Enzyme classification.EC_2 transferases.EC_2-4 glycosyltransferase
VIT_03s0180g00280	Vitvi05_01chr03g08920	50.2.4	mapman:Enzyme classification.EC_2 transferases.EC_2-4 glycosyltransferase
VIT_04s0069g00780	Vitvi05_01chr04g10510	50.2.4	mapman:Enzyme classification.EC_2 transferases.EC_2-4 glycosyltransferase
VIT_05s0029g01140	Vitvi05_01chr05g18150	50.2.4	mapman:Enzyme classification.EC_2 transferases.EC_2-4 glycosyltransferase
VIT_05s0062g00240	Vitvi05_01chr05g19370	50.2.4	mapman:Enzyme classification.EC_2 transferases.EC_2-4 glycosyltransferase
VIT_05s0062g00250	Vitvi05_01chr05g19380	50.2.4	mapman:Enzyme classification.EC_2 transferases.EC_2-4 glycosyltransferase
VIT_05s0062g00430	Vitvi05_01chr05g19560	50.2.4	mapman:Enzyme classification.EC_2 transferases.EC_2-4 glycosyltransferase
VIT_05s0062g00480	Vitvi05_01chr05g19600	50.2.4	mapman:Enzyme classification.EC_2 transferases.EC_2-4 glycosyltransferase
VIT_05s0062g00520	Vitvi05_01chr05g19620	50.2.4	mapman:Enzyme classification.EC_2 transferases.EC_2-4 glycosyltransferase
VIT_05s0062g00610	Vitvi05_01chr05g19710	50.2.4	mapman:Enzyme classification.EC_2 transferases.EC_2-4 glycosyltransferase
VIT_05s0062g00630	Vitvi05_01chr05g19740	50.2.4	mapman:Enzyme classification.EC_2 transferases.EC_2-4 glycosyltransferase
VIT_05s0062g00700	Vitvi05_01chr05g19860	50.2.4	mapman:Enzyme classification.EC_2 transferases.EC_2-4 glycosyltransferase
VIT_05s0077g01930	Vitvi05_01chr05g00560	50.2.4	mapman:Enzyme classification.EC_2 transferases.EC_2-4 glycosyltransferase
VIT_06s0004g01640	Vitvi05_01chr06g02610	50.2.4	mapman:Enzyme classification.EC_2 transferases.EC_2-4 glycosyltransferase
VIT_06s0004g05780	Vitvi05_01chr06g08510	50.2.4	mapman:Enzyme classification.EC_2 transferases.EC_2-4 glycosyltransferase
VIT_06s0004g07230	Vitvi05_01chr06g10450	50.2.4	mapman:Enzyme classification.EC_2 transferases.EC_2-4 glycosyltransferase
VIT_06s0004g07310	Vitvi05_01chr06g10530	50.2.4	mapman:Enzyme classification.EC_2 transferases.EC_2-4 glycosyltransferase
VIT_06s0061g00550	Vitvi05_01chr06g19500	50.2.4	mapman:Enzyme classification.EC_2 transferases.EC_2-4 glycosyltransferase
VIT_06s0061g01230	Vitvi05_01chr06g20530	50.2.4	mapman:Enzyme classification.EC_2 transferases.EC_2-4 glycosyltransferase
VIT_07s0185g00050	Vitvi05_01chr07g15340	50.2.4	mapman:Enzyme classification.EC_2 transferases.EC_2-4 glycosyltransferase
VIT_08s0007g03990	Vitvi05_01chr08g18440	50.2.4	mapman:Enzyme classification.EC_2 transferases.EC_2-4 glycosyltransferase
VIT_08s0007g04950	Vitvi05_01chr08g19690	50.2.4	mapman:Enzyme classification.EC_2 transferases.EC_2-4 glycosyltransferase
VIT_09s0002g07120	Vitvi05_01chr09g08750	50.2.4	mapman:Enzyme classification.EC_2 transferases.EC_2-4 glycosyltransferase
VIT_10s0003g02440	Vitvi05_01chr10g12320	50.2.4	mapman:Enzyme classification.EC_2 transferases.EC_2-4 glycosyltransferase
VIT_11s0052g01190	Vitvi05_01chr11g18320	50.2.4	mapman:Enzyme classification.EC_2 transferases.EC_2-4 glycosyltransferase
VIT_11s0052g01200	Vitvi05_01chr11g18330	50.2.4	mapman:Enzyme classification.EC_2 transferases.EC_2-4 glycosyltransferase
VIT_11s0052g01230	Vitvi05_01chr11g18370	50.2.4	mapman:Enzyme classification.EC_2 transferases.EC_2-4 glycosyltransferase
VIT_11s0052g01250	Vitvi05_01chr11g18400	50.2.4	mapman:Enzyme classification.EC_2 transferases.EC_2-4 glycosyltransferase
VIT_11s0052g01260	Vitvi05_01chr11g18410	50.2.4	mapman:Enzyme classification.EC_2 transferases.EC_2-4 glycosyltransferase
VIT_11s0052g01280	Vitvi05_01chr11g18430	50.2.4	mapman:Enzyme classification.EC_2 transferases.EC_2-4 glycosyltransferase
VIT_11s0052g01300	Vitvi05_01chr11g18440	50.2.4	mapman:Enzyme classification.EC_2 transferases.EC_2-4 glycosyltransferase
VIT_11s0052g01320	Vitvi05_01chr11g18460	50.2.4	mapman:Enzyme classification.EC_2 transferases.EC_2-4 glycosyltransferase
VIT_11s0052g01330	Vitvi05_01chr11g18470	50.2.4	mapman:Enzyme classification.EC_2 transferases.EC_2-4 glycosyltransferase
VIT_11s0118g00200	Vitvi05_01chr11g07830	50.2.4	mapman:Enzyme classification.EC_2 transferases.EC_2-4 glycosyltransferase
VIT_12s0028g01670	Vitvi05_01chr12g02420	50.2.4	mapman:Enzyme classification.EC_2 transferases.EC_2-4 glycosyltransferase
VIT_12s0055g00160	Vitvi05_01chr12g16420	50.2.4	mapman:Enzyme classification.EC_2 transferases.EC_2-4 glycosyltransferase
VIT_12s0055g00180	Vitvi05_01chr12g16400	50.2.4	mapman:Enzyme classification.EC_2 transferases.EC_2-4 glycosyltransferase
VIT_12s0134g00160	Vitvi05_01chr12g09250	50.2.4	mapman:Enzyme classification.EC_2 transferases.EC_2-4 glycosyltransferase
VIT_13s0019g02910	Vitvi05_01chr13g06200	50.2.4	mapman:Enzyme classification.EC_2 transferases.EC_2-4 glycosyltransferase
VIT_13s0019g03040	Vitvi05_01chr13g06380	50.2.4	mapman:Enzyme classification.EC_2 transferases.EC_2-4 glycosyltransferase
VIT_13s0019g03060	Vitvi05_01chr13g06390	50.2.4	mapman:Enzyme classification.EC_2 transferases.EC_2-4 glycosyltransferase
VIT_14s0219g00040	Vitvi05_01chr14g24700	50.2.4	mapman:Enzyme classification.EC_2 transferases.EC_2-4 glycosyltransferase
VIT_15s0046g01190	Vitvi05_01chr15g17780	50.2.4	mapman:Enzyme classification.EC_2 transferases.EC_2-4 glycosyltransferase
VIT_16s0022g01970	Vitvi05_01chr16g12070	50.2.4	mapman:Enzyme classification.EC_2 transferases.EC_2-4 glycosyltransferase
VIT_16s0039g02230	Vitvi05_01chr16g02560	50.2.4	mapman:Enzyme classification.EC_2 transferases.EC_2-4 glycosyltransferase
VIT_16s0050g00240	Vitvi05_01chr16g15260	50.2.4	mapman:Enzyme classification.EC_2 transferases.EC_2-4 glycosyltransferase
VIT_16s0050g01660	Vitvi05_01chr16g17050	50.2.4	mapman:Enzyme classification.EC_2 transferases.EC_2-4 glycosyltransferase
VIT_16s0050g01680	Vitvi05_01chr16g17070	50.2.4	mapman:Enzyme classification.EC_2 transferases.EC_2-4 glycosyltransferase
VIT_16s0115g00340	Vitvi05_01chr16g08500	50.2.4	mapman:Enzyme classification.EC_2 transferases.EC_2-4 glycosyltransferase
VIT_17s0000g07790	Vitvi05_01chr17g11520	50.2.4	mapman:Enzyme classification.EC_2 transferases.EC_2-4 glycosyltransferase
VIT_18s0001g05910	Vitvi05_01chr18g06150	50.2.4	mapman:Enzyme classification.EC_2 transferases.EC_2-4 glycosyltransferase
VIT_18s0001g06060	Vitvi05_01chr18g06260	50.2.4	mapman:Enzyme classification.EC_2 transferases.EC_2-4 glycosyltransferase
VIT_18s0001g08580	Vitvi05_01chr18g09250	50.2.4	mapman:Enzyme classification.EC_2 transferases.EC_2-4 glycosyltransferase
VIT_18s0041g00740	Vitvi05_01chr18g30390	50.2.4	mapman:Enzyme classification.EC_2 transferases.EC_2-4 glycosyltransferase
VIT_19s0014g01950	Vitvi05_01chr19g02720	50.2.4	mapman:Enzyme classification.EC_2 transferases.EC_2-4 glycosyltransferase
VIT_03s0038g00450	Vitvi05_01chr03g00380	50.2.5	mapman:Enzyme classification.EC_2 transferases.EC_2-5 transferase transferring alkyl or aryl group, other than methyl group
VIT_04s0008g01740	Vitvi05_01chr04g01960	50.2.5	mapman:Enzyme classification.EC_2 transferases.EC_2-5 transferase transferring alkyl or aryl group, other than methyl group
VIT_04s0079g00680	Vitvi05_01chr04g12540	50.2.5	mapman:Enzyme classification.EC_2 transferases.EC_2-5 transferase transferring alkyl or aryl group, other than methyl group
VIT_08s0007g05000	Vitvi05_01chr08g19740	50.2.5	mapman:Enzyme classification.EC_2 transferases.EC_2-5 transferase transferring alkyl or aryl group, other than methyl group
VIT_08s0105g00590	Vitvi05_01chr08g06030	50.2.5	mapman:Enzyme classification.EC_2 transferases.EC_2-5 transferase transferring alkyl or aryl group, other than methyl group
VIT_08s0058g00930	Vitvi05_01chr08g07890	50.2.6	mapman:Enzyme classification.EC_2 transferases.EC_2-6 transferase transferring nitrogenous group
VIT_18s0001g08430	Vitvi05_01chr18g09060	50.2.6	mapman:Enzyme classification.EC_2 transferases.EC_2-6 transferase transferring nitrogenous group
VIT_19s0014g02190	Vitvi05_01chr19g03080	50.2.6	mapman:Enzyme classification.EC_2 transferases.EC_2-6 transferase transferring nitrogenous group
VIT_00s0929g00020	Vitvi05_01chr07g24440	50.2.7	mapman:Enzyme classification.EC_2 transferases.EC_2-7 transferase transferring phosphorus-containing group
VIT_00s1353g00010	Vitvi05_01chr07g25320	50.2.7	mapman:Enzyme classification.EC_2 transferases.EC_2-7 transferase transferring phosphorus-containing group
VIT_00s1542g00010	Vitvi05_01chr07g27360	50.2.7	mapman:Enzyme classification.EC_2 transferases.EC_2-7 transferase transferring phosphorus-containing group
VIT_01s0011g04060	Vitvi05_01chr01g05100	50.2.7	mapman:Enzyme classification.EC_2 transferases.EC_2-7 transferase transferring phosphorus-containing group
VIT_01s0026g01420	Vitvi05_01chr01g13690	50.2.7	mapman:Enzyme classification.EC_2 transferases.EC_2-7 transferase transferring phosphorus-containing group
VIT_01s0026g01780	Vitvi05_01chr01g14170	50.2.7	mapman:Enzyme classification.EC_2 transferases.EC_2-7 transferase transferring phosphorus-containing group
VIT_02s0025g03240	Vitvi05_01chr02g03800	50.2.7	mapman:Enzyme classification.EC_2 transferases.EC_2-7 transferase transferring phosphorus-containing group
VIT_02s0025g03700	Vitvi05_01chr02g04350	50.2.7	mapman:Enzyme classification.EC_2 transferases.EC_2-7 transferase transferring phosphorus-containing group
VIT_02s0087g00170	Vitvi05_01chr02g18320	50.2.7	mapman:Enzyme classification.EC_2 transferases.EC_2-7 transferase transferring phosphorus-containing group
VIT_02s0087g00720	Vitvi05_01chr02g19180	50.2.7	mapman:Enzyme classification.EC_2 transferases.EC_2-7 transferase transferring phosphorus-containing group
VIT_02s0087g01020	Vitvi05_01chr02g19550	50.2.7	mapman:Enzyme classification.EC_2 transferases.EC_2-7 transferase transferring phosphorus-containing group
VIT_02s0109g00080	Vitvi05_01chr02g14730	50.2.7	mapman:Enzyme classification.EC_2 transferases.EC_2-7 transferase transferring phosphorus-containing group
VIT_03s0038g02400	Vitvi05_01chr03g02340	50.2.7	mapman:Enzyme classification.EC_2 transferases.EC_2-7 transferase transferring phosphorus-containing group
VIT_03s0038g04570	Vitvi05_01chr03g05100	50.2.7	mapman:Enzyme classification.EC_2 transferases.EC_2-7 transferase transferring phosphorus-containing group
VIT_03s0063g00210	Vitvi05_01chr03g08350	50.2.7	mapman:Enzyme classification.EC_2 transferases.EC_2-7 transferase transferring phosphorus-containing group
VIT_04s0008g01970	Vitvi05_01chr04g02220	50.2.7	mapman:Enzyme classification.EC_2 transferases.EC_2-7 transferase transferring phosphorus-containing group
VIT_04s0008g03240	Vitvi05_01chr04g03750	50.2.7	mapman:Enzyme classification.EC_2 transferases.EC_2-7 transferase transferring phosphorus-containing group
VIT_04s0008g05770	Vitvi05_01chr04g07060	50.2.7	mapman:Enzyme classification.EC_2 transferases.EC_2-7 transferase transferring phosphorus-containing group
VIT_04s0043g00160	Vitvi05_01chr04g13450	50.2.7	mapman:Enzyme classification.EC_2 transferases.EC_2-7 transferase transferring phosphorus-containing group
VIT_04s0044g00730	Vitvi05_01chr04g23540	50.2.7	mapman:Enzyme classification.EC_2 transferases.EC_2-7 transferase transferring phosphorus-containing group
VIT_05s0020g00730	Vitvi05_01chr05g03890	50.2.7	mapman:Enzyme classification.EC_2 transferases.EC_2-7 transferase transferring phosphorus-containing group
VIT_05s0020g02880	Vitvi05_01chr05g06770	50.2.7	mapman:Enzyme classification.EC_2 transferases.EC_2-7 transferase transferring phosphorus-containing group
VIT_05s0020g03870	Vitvi05_01chr05g08060	50.2.7	mapman:Enzyme classification.EC_2 transferases.EC_2-7 transferase transferring phosphorus-containing group
VIT_05s0020g04570	Vitvi05_01chr05g09190	50.2.7	mapman:Enzyme classification.EC_2 transferases.EC_2-7 transferase transferring phosphorus-containing group
VIT_05s0049g00950	Vitvi05_01chr05g10960	50.2.7	mapman:Enzyme classification.EC_2 transferases.EC_2-7 transferase transferring phosphorus-containing group
VIT_05s0094g01080	Vitvi05_01chr05g26060	50.2.7	mapman:Enzyme classification.EC_2 transferases.EC_2-7 transferase transferring phosphorus-containing group
VIT_05s0102g00710	Vitvi05_01chr05g23320	50.2.7	mapman:Enzyme classification.EC_2 transferases.EC_2-7 transferase transferring phosphorus-containing group
VIT_06s0004g00130	Vitvi05_01chr06g00340	50.2.7	mapman:Enzyme classification.EC_2 transferases.EC_2-7 transferase transferring phosphorus-containing group
VIT_06s0004g00220	Vitvi05_01chr06g00460	50.2.7	mapman:Enzyme classification.EC_2 transferases.EC_2-7 transferase transferring phosphorus-containing group
VIT_06s0004g01140	Vitvi05_01chr06g01760	50.2.7	mapman:Enzyme classification.EC_2 transferases.EC_2-7 transferase transferring phosphorus-containing group
VIT_06s0004g01390	Vitvi05_01chr06g02160	50.2.7	mapman:Enzyme classification.EC_2 transferases.EC_2-7 transferase transferring phosphorus-containing group
VIT_06s0004g02640	Vitvi05_01chr06g04090	50.2.7	mapman:Enzyme classification.EC_2 transferases.EC_2-7 transferase transferring phosphorus-containing group
VIT_06s0004g08210	Vitvi05_01chr06g11850	50.2.7	mapman:Enzyme classification.EC_2 transferases.EC_2-7 transferase transferring phosphorus-containing group
VIT_07s0031g00120	Vitvi05_01chr07g27670	50.2.7	mapman:Enzyme classification.EC_2 transferases.EC_2-7 transferase transferring phosphorus-containing group
VIT_07s0031g00480	Vitvi05_01chr07g28100	50.2.7	mapman:Enzyme classification.EC_2 transferases.EC_2-7 transferase transferring phosphorus-containing group
VIT_07s0031g00530	Vitvi05_01chr07g28150	50.2.7	mapman:Enzyme classification.EC_2 transferases.EC_2-7 transferase transferring phosphorus-containing group
VIT_07s0129g00870	Vitvi05_01chr07g27230	50.2.7	mapman:Enzyme classification.EC_2 transferases.EC_2-7 transferase transferring phosphorus-containing group
VIT_07s0129g00960	Vitvi05_01chr07g27320	50.2.7	mapman:Enzyme classification.EC_2 transferases.EC_2-7 transferase transferring phosphorus-containing group
VIT_07s0129g00970	Vitvi05_01chr07g27350	50.2.7	mapman:Enzyme classification.EC_2 transferases.EC_2-7 transferase transferring phosphorus-containing group
VIT_08s0007g01520	Vitvi05_01chr08g15150	50.2.7	mapman:Enzyme classification.EC_2 transferases.EC_2-7 transferase transferring phosphorus-containing group
VIT_08s0007g02290	Vitvi05_01chr08g16260	50.2.7	mapman:Enzyme classification.EC_2 transferases.EC_2-7 transferase transferring phosphorus-containing group
VIT_08s0056g00150	Vitvi05_01chr08g00300	50.2.7	mapman:Enzyme classification.EC_2 transferases.EC_2-7 transferase transferring phosphorus-containing group
VIT_08s0058g01090	Vitvi05_01chr08g08060	50.2.7	mapman:Enzyme classification.EC_2 transferases.EC_2-7 transferase transferring phosphorus-containing group
VIT_09s0002g00150	Vitvi05_01chr09g00120	50.2.7	mapman:Enzyme classification.EC_2 transferases.EC_2-7 transferase transferring phosphorus-containing group
VIT_09s0002g07110	Vitvi05_01chr09g08740	50.2.7	mapman:Enzyme classification.EC_2 transferases.EC_2-7 transferase transferring phosphorus-containing group
VIT_10s0003g00330	Vitvi05_01chr10g09040	50.2.7	mapman:Enzyme classification.EC_2 transferases.EC_2-7 transferase transferring phosphorus-containing group
VIT_10s0003g01410	Vitvi05_01chr10g10620	50.2.7	mapman:Enzyme classification.EC_2 transferases.EC_2-7 transferase transferring phosphorus-containing group
VIT_10s0003g01960	Vitvi05_01chr10g11490	50.2.7	mapman:Enzyme classification.EC_2 transferases.EC_2-7 transferase transferring phosphorus-containing group
VIT_10s0003g01990	Vitvi05_01chr10g11530	50.2.7	mapman:Enzyme classification.EC_2 transferases.EC_2-7 transferase transferring phosphorus-containing group
VIT_10s0003g02000	Vitvi05_01chr10g11540	50.2.7	mapman:Enzyme classification.EC_2 transferases.EC_2-7 transferase transferring phosphorus-containing group
VIT_10s0071g01060	Vitvi05_01chr10g26570	50.2.7	mapman:Enzyme classification.EC_2 transferases.EC_2-7 transferase transferring phosphorus-containing group
VIT_11s0016g02430	Vitvi05_01chr11g02850	50.2.7	mapman:Enzyme classification.EC_2 transferases.EC_2-7 transferase transferring phosphorus-containing group
VIT_11s0016g04570	Vitvi05_01chr11g05600	50.2.7	mapman:Enzyme classification.EC_2 transferases.EC_2-7 transferase transferring phosphorus-containing group
VIT_11s0052g01700	Vitvi05_01chr11g18950	50.2.7	mapman:Enzyme classification.EC_2 transferases.EC_2-7 transferase transferring phosphorus-containing group
VIT_12s0028g01640	Vitvi05_01chr12g02390	50.2.7	mapman:Enzyme classification.EC_2 transferases.EC_2-7 transferase transferring phosphorus-containing group
VIT_12s0028g03060	Vitvi05_01chr12g04240	50.2.7	mapman:Enzyme classification.EC_2 transferases.EC_2-7 transferase transferring phosphorus-containing group
VIT_13s0019g02300	Vitvi05_01chr13g05430	50.2.7	mapman:Enzyme classification.EC_2 transferases.EC_2-7 transferase transferring phosphorus-containing group
VIT_13s0019g02330	Vitvi05_01chr13g05450	50.2.7	mapman:Enzyme classification.EC_2 transferases.EC_2-7 transferase transferring phosphorus-containing group
VIT_13s0067g03780	Vitvi05_01chr13g03060	50.2.7	mapman:Enzyme classification.EC_2 transferases.EC_2-7 transferase transferring phosphorus-containing group
VIT_13s0074g00730	Vitvi05_01chr13g11500	50.2.7	mapman:Enzyme classification.EC_2 transferases.EC_2-7 transferase transferring phosphorus-containing group
VIT_14s0060g00420	Vitvi05_01chr14g00560	50.2.7	mapman:Enzyme classification.EC_2 transferases.EC_2-7 transferase transferring phosphorus-containing group
VIT_14s0060g00460	Vitvi05_01chr14g00600	50.2.7	mapman:Enzyme classification.EC_2 transferases.EC_2-7 transferase transferring phosphorus-containing group
VIT_14s0066g01050	Vitvi05_01chr14g26470	50.2.7	mapman:Enzyme classification.EC_2 transferases.EC_2-7 transferase transferring phosphorus-containing group
VIT_14s0066g02250	Vitvi05_01chr14g27950	50.2.7	mapman:Enzyme classification.EC_2 transferases.EC_2-7 transferase transferring phosphorus-containing group
VIT_14s0068g00010	Vitvi05_01chr14g20530	50.2.7	mapman:Enzyme classification.EC_2 transferases.EC_2-7 transferase transferring phosphorus-containing group
VIT_14s0068g00030	Vitvi05_01chr14g20540	50.2.7	mapman:Enzyme classification.EC_2 transferases.EC_2-7 transferase transferring phosphorus-containing group
VIT_14s0068g00940	Vitvi05_01chr14g21870	50.2.7	mapman:Enzyme classification.EC_2 transferases.EC_2-7 transferase transferring phosphorus-containing group
VIT_14s0083g00620	Vitvi05_01chr14g19340	50.2.7	mapman:Enzyme classification.EC_2 transferases.EC_2-7 transferase transferring phosphorus-containing group
VIT_14s0108g00340	Vitvi05_01chr14g28890	50.2.7	mapman:Enzyme classification.EC_2 transferases.EC_2-7 transferase transferring phosphorus-containing group
VIT_15s0046g02030	Vitvi05_01chr15g18820	50.2.7	mapman:Enzyme classification.EC_2 transferases.EC_2-7 transferase transferring phosphorus-containing group
VIT_16s0013g01990	Vitvi05_01chr16g07000	50.2.7	mapman:Enzyme classification.EC_2 transferases.EC_2-7 transferase transferring phosphorus-containing group
VIT_16s0050g01020	Vitvi05_01chr16g16230	50.2.7	mapman:Enzyme classification.EC_2 transferases.EC_2-7 transferase transferring phosphorus-containing group
VIT_16s0098g00160	Vitvi05_01chr16g19920	50.2.7	mapman:Enzyme classification.EC_2 transferases.EC_2-7 transferase transferring phosphorus-containing group
VIT_16s0098g00720	Vitvi05_01chr16g20760	50.2.7	mapman:Enzyme classification.EC_2 transferases.EC_2-7 transferase transferring phosphorus-containing group
VIT_16s0148g00320	Vitvi05_01chr16g18660	50.2.7	mapman:Enzyme classification.EC_2 transferases.EC_2-7 transferase transferring phosphorus-containing group
VIT_17s0000g02010	Vitvi05_01chr17g02380	50.2.7	mapman:Enzyme classification.EC_2 transferases.EC_2-7 transferase transferring phosphorus-containing group
VIT_17s0000g05570	Vitvi05_01chr17g07940	50.2.7	mapman:Enzyme classification.EC_2 transferases.EC_2-7 transferase transferring phosphorus-containing group
VIT_17s0000g08240	Vitvi05_01chr17g12050	50.2.7	mapman:Enzyme classification.EC_2 transferases.EC_2-7 transferase transferring phosphorus-containing group
VIT_18s0001g00720	Vitvi05_01chr18g02080	50.2.7	mapman:Enzyme classification.EC_2 transferases.EC_2-7 transferase transferring phosphorus-containing group
VIT_18s0001g08230	Vitvi05_01chr18g08820	50.2.7	mapman:Enzyme classification.EC_2 transferases.EC_2-7 transferase transferring phosphorus-containing group
VIT_18s0001g08240	Vitvi05_01chr18g08830	50.2.7	mapman:Enzyme classification.EC_2 transferases.EC_2-7 transferase transferring phosphorus-containing group
VIT_18s0001g09550	Vitvi05_01chr18g10520	50.2.7	mapman:Enzyme classification.EC_2 transferases.EC_2-7 transferase transferring phosphorus-containing group
VIT_18s0001g10070	Vitvi05_01chr18g11280	50.2.7	mapman:Enzyme classification.EC_2 transferases.EC_2-7 transferase transferring phosphorus-containing group
VIT_18s0001g10310	Vitvi05_01chr18g11650	50.2.7	mapman:Enzyme classification.EC_2 transferases.EC_2-7 transferase transferring phosphorus-containing group
VIT_18s0001g11590	Vitvi05_01chr18g13250	50.2.7	mapman:Enzyme classification.EC_2 transferases.EC_2-7 transferase transferring phosphorus-containing group
VIT_19s0014g00110	Vitvi05_01chr19g00120	50.2.7	mapman:Enzyme classification.EC_2 transferases.EC_2-7 transferase transferring phosphorus-containing group
VIT_19s0014g00790	Vitvi05_01chr19g01040	50.2.7	mapman:Enzyme classification.EC_2 transferases.EC_2-7 transferase transferring phosphorus-containing group
VIT_19s0014g04540	Vitvi05_01chr19g06290	50.2.7	mapman:Enzyme classification.EC_2 transferases.EC_2-7 transferase transferring phosphorus-containing group
VIT_13s0084g00240	Vitvi05_01chr13g19870	50.2.8	mapman:Enzyme classification.EC_2 transferases.EC_2-8 transferase transferring sulfur-containing group
VIT_13s0106g00550	Vitvi05_01chr13g12490	50.2.8	mapman:Enzyme classification.EC_2 transferases.EC_2-8 transferase transferring sulfur-containing group
VIT_00s0301g00100	Vitvi05_01chr10g07350	50.3	mapman:Enzyme classification.EC_3 hydrolases
VIT_00s0323g00100	Vitvi05_01chr02g07050	50.3	mapman:Enzyme classification.EC_3 hydrolases
VIT_00s0375g00030	Vitvi05_01chr10g07670	50.3	mapman:Enzyme classification.EC_3 hydrolases
VIT_01s0011g00760	Vitvi05_01chr01g00940	50.3	mapman:Enzyme classification.EC_3 hydrolases
VIT_01s0011g02000	Vitvi05_01chr01g02380	50.3	mapman:Enzyme classification.EC_3 hydrolases
VIT_01s0011g02030	Vitvi05_01chr01g02410	50.3	mapman:Enzyme classification.EC_3 hydrolases
VIT_01s0011g03210	Vitvi05_01chr01g03920	50.3	mapman:Enzyme classification.EC_3 hydrolases
VIT_01s0011g03450	Vitvi05_01chr01g04250	50.3	mapman:Enzyme classification.EC_3 hydrolases
VIT_01s0011g03670	Vitvi05_01chr01g04510	50.3	mapman:Enzyme classification.EC_3 hydrolases
VIT_01s0011g04160	Vitvi05_01chr01g05190	50.3	mapman:Enzyme classification.EC_3 hydrolases
VIT_02s0012g00170	Vitvi05_01chr02g10020	50.3	mapman:Enzyme classification.EC_3 hydrolases
VIT_02s0012g00550	Vitvi05_01chr02g10720	50.3	mapman:Enzyme classification.EC_3 hydrolases
VIT_02s0025g01330	Vitvi05_01chr02g01480	50.3	mapman:Enzyme classification.EC_3 hydrolases
VIT_02s0025g02770	Vitvi05_01chr02g03200	50.3	mapman:Enzyme classification.EC_3 hydrolases
VIT_02s0033g00700	Vitvi05_01chr02g16820	50.3	mapman:Enzyme classification.EC_3 hydrolases
VIT_03s0017g00650	Vitvi05_01chr03g17080	50.3	mapman:Enzyme classification.EC_3 hydrolases
VIT_03s0063g02490	Vitvi05_01chr03g05650	50.3	mapman:Enzyme classification.EC_3 hydrolases
VIT_03s0088g00050	Vitvi05_01chr03g10760	50.3	mapman:Enzyme classification.EC_3 hydrolases
VIT_03s0091g01240	Vitvi05_01chr03g10670	50.3	mapman:Enzyme classification.EC_3 hydrolases
VIT_03s0091g01290	Vitvi05_01chr03g10690	50.3	mapman:Enzyme classification.EC_3 hydrolases
VIT_04s0023g02690	Vitvi05_01chr04g19300	50.3	mapman:Enzyme classification.EC_3 hydrolases
VIT_04s0023g03650	Vitvi05_01chr04g20640	50.3	mapman:Enzyme classification.EC_3 hydrolases
VIT_04s0044g01000	Vitvi05_01chr04g23890	50.3	mapman:Enzyme classification.EC_3 hydrolases
VIT_05s0049g01320	Vitvi05_01chr05g11490	50.3	mapman:Enzyme classification.EC_3 hydrolases
VIT_05s0062g01430	Vitvi05_01chr07g17740	50.3	mapman:Enzyme classification.EC_3 hydrolases
VIT_05s0077g00560	Vitvi05_01chr05g02430	50.3	mapman:Enzyme classification.EC_3 hydrolases
VIT_05s0077g01150	Vitvi05_01chr05g01580	50.3	mapman:Enzyme classification.EC_3 hydrolases
VIT_06s0004g03020	Vitvi05_01chr06g04590	50.3	mapman:Enzyme classification.EC_3 hydrolases
VIT_06s0009g00810	Vitvi05_01chr06g13870	50.3	mapman:Enzyme classification.EC_3 hydrolases
VIT_06s0061g01110	Vitvi05_01chr06g20330	50.3	mapman:Enzyme classification.EC_3 hydrolases
VIT_06s0080g00420	Vitvi05_01chr06g21600	50.3	mapman:Enzyme classification.EC_3 hydrolases
VIT_07s0005g00730	Vitvi05_01chr07g05560	50.3	mapman:Enzyme classification.EC_3 hydrolases
VIT_07s0005g02590	Vitvi05_01chr07g07860	50.3	mapman:Enzyme classification.EC_3 hydrolases
VIT_07s0031g02480	Vitvi05_01chr07g30750	50.3	mapman:Enzyme classification.EC_3 hydrolases
VIT_07s0141g00520	Vitvi05_01chr07g19020	50.3	mapman:Enzyme classification.EC_3 hydrolases
VIT_08s0007g01570	Vitvi05_01chr08g15200	50.3	mapman:Enzyme classification.EC_3 hydrolases
VIT_08s0007g06040	Vitvi05_01chr08g21100	50.3	mapman:Enzyme classification.EC_3 hydrolases
VIT_08s0007g06060	Vitvi05_01chr08g21110	50.3	mapman:Enzyme classification.EC_3 hydrolases
VIT_08s0007g08330	Vitvi05_01chr08g23900	50.3	mapman:Enzyme classification.EC_3 hydrolases
VIT_08s0032g00470	Vitvi05_01chr08g03140	50.3	mapman:Enzyme classification.EC_3 hydrolases
VIT_08s0040g01130	Vitvi05_01chr08g09990	50.3	mapman:Enzyme classification.EC_3 hydrolases
VIT_09s0002g00320	Vitvi05_01chr09g00280	50.3	mapman:Enzyme classification.EC_3 hydrolases
VIT_09s0002g00330	Vitvi05_01chr09g00290	50.3	mapman:Enzyme classification.EC_3 hydrolases
VIT_09s0002g00540	Vitvi05_01chr09g00530	50.3	mapman:Enzyme classification.EC_3 hydrolases
VIT_09s0002g00550	Vitvi05_01chr09g00540	50.3	mapman:Enzyme classification.EC_3 hydrolases
VIT_09s0002g00570	Vitvi05_01chr09g00550	50.3	mapman:Enzyme classification.EC_3 hydrolases
VIT_09s0002g00580	Vitvi05_01chr09g00560	50.3	mapman:Enzyme classification.EC_3 hydrolases
VIT_09s0002g02120	Vitvi05_01chr09g02480	50.3	mapman:Enzyme classification.EC_3 hydrolases
VIT_09s0002g03140	Vitvi05_01chr09g03580	50.3	mapman:Enzyme classification.EC_3 hydrolases
VIT_09s0018g01670	Vitvi05_01chr09g18420	50.3	mapman:Enzyme classification.EC_3 hydrolases
VIT_10s0003g00620	Vitvi05_01chr10g09340	50.3	mapman:Enzyme classification.EC_3 hydrolases
VIT_10s0003g01360	Vitvi05_01chr10g10550	50.3	mapman:Enzyme classification.EC_3 hydrolases
VIT_10s0003g02110	Vitvi05_01chr10g11700	50.3	mapman:Enzyme classification.EC_3 hydrolases
VIT_10s0003g02120	Vitvi05_01chr10g11730	50.3	mapman:Enzyme classification.EC_3 hydrolases
VIT_10s0071g01100	Vitvi05_01chr10g26640	50.3	mapman:Enzyme classification.EC_3 hydrolases
VIT_10s0116g00590	Vitvi05_01chr10g00490	50.3	mapman:Enzyme classification.EC_3 hydrolases
VIT_11s0016g00290	Vitvi05_01chr11g00320	50.3	mapman:Enzyme classification.EC_3 hydrolases
VIT_11s0016g00330	Vitvi05_01chr11g00360	50.3	mapman:Enzyme classification.EC_3 hydrolases
VIT_11s0016g02960	Vitvi05_01chr11g03510	50.3	mapman:Enzyme classification.EC_3 hydrolases
VIT_11s0016g03010	Vitvi05_01chr11g03580	50.3	mapman:Enzyme classification.EC_3 hydrolases
VIT_11s0052g00970	Vitvi05_01chr11g18020	50.3	mapman:Enzyme classification.EC_3 hydrolases
VIT_11s0206g00110	Vitvi05_01chr11g09490	50.3	mapman:Enzyme classification.EC_3 hydrolases
VIT_12s0035g00340	Vitvi05_01chr12g20440	50.3	mapman:Enzyme classification.EC_3 hydrolases
VIT_12s0035g00380	Vitvi05_01chr12g20510	50.3	mapman:Enzyme classification.EC_3 hydrolases
VIT_12s0035g01900	Vitvi05_01chr12g23010	50.3	mapman:Enzyme classification.EC_3 hydrolases
VIT_13s0019g03350	Vitvi05_01chr13g06760	50.3	mapman:Enzyme classification.EC_3 hydrolases
VIT_13s0019g05120	Vitvi05_01chr13g09330	50.3	mapman:Enzyme classification.EC_3 hydrolases
VIT_13s0064g01660	Vitvi05_01chr13g27490	50.3	mapman:Enzyme classification.EC_3 hydrolases
VIT_13s0064g01760	Vitvi05_01chr13g27560	50.3	mapman:Enzyme classification.EC_3 hydrolases
VIT_13s0158g00080	Vitvi05_01chr13g24770	50.3	mapman:Enzyme classification.EC_3 hydrolases
VIT_14s0006g00520	Vitvi05_01chr14g13040	50.3	mapman:Enzyme classification.EC_3 hydrolases
VIT_14s0066g00250	Vitvi05_01chr14g25320	50.3	mapman:Enzyme classification.EC_3 hydrolases
VIT_14s0066g02060	Vitvi05_01chr14g27760	50.3	mapman:Enzyme classification.EC_3 hydrolases
VIT_15s0046g00360	Vitvi05_01chr15g16610	50.3	mapman:Enzyme classification.EC_3 hydrolases
VIT_15s0046g01450	Vitvi05_01chr15g18070	50.3	mapman:Enzyme classification.EC_3 hydrolases
VIT_15s0046g02000	Vitvi05_01chr15g18790	50.3	mapman:Enzyme classification.EC_3 hydrolases
VIT_15s0048g00500	Vitvi05_01chr15g12650	50.3	mapman:Enzyme classification.EC_3 hydrolases
VIT_15s0048g00510	Vitvi05_01chr15g12660	50.3	mapman:Enzyme classification.EC_3 hydrolases
VIT_16s0022g00670	Vitvi05_01chr16g10430	50.3	mapman:Enzyme classification.EC_3 hydrolases
VIT_16s0098g01900	Vitvi05_01chr16g22220	50.3	mapman:Enzyme classification.EC_3 hydrolases
VIT_17s0000g00290	Vitvi05_01chr17g00460	50.3	mapman:Enzyme classification.EC_3 hydrolases
VIT_17s0000g03990	Vitvi05_01chr17g05400	50.3	mapman:Enzyme classification.EC_3 hydrolases
VIT_17s0000g09770	Vitvi05_01chr17g14250	50.3	mapman:Enzyme classification.EC_3 hydrolases
VIT_18s0001g00370	Vitvi05_01chr18g01800	50.3	mapman:Enzyme classification.EC_3 hydrolases
VIT_18s0001g00770	Vitvi05_01chr18g02150	50.3	mapman:Enzyme classification.EC_3 hydrolases
VIT_18s0001g05180	Vitvi05_01chr18g05590	50.3	mapman:Enzyme classification.EC_3 hydrolases
VIT_18s0001g09910	Vitvi05_01chr18g11120	50.3	mapman:Enzyme classification.EC_3 hydrolases
VIT_18s0001g13230	Vitvi05_01chr18g15390	50.3	mapman:Enzyme classification.EC_3 hydrolases
VIT_18s0001g14790	Vitvi05_01chr18g17430	50.3	mapman:Enzyme classification.EC_3 hydrolases
VIT_18s0122g00980	Vitvi05_01chr18g01010	50.3	mapman:Enzyme classification.EC_3 hydrolases
VIT_19s0014g03240	Vitvi05_01chr19g04480	50.3	mapman:Enzyme classification.EC_3 hydrolases
VIT_19s0090g00830	Vitvi05_01chr19g08830	50.3	mapman:Enzyme classification.EC_3 hydrolases
VIT_19s0090g01070	Vitvi05_01chr19g09140	50.3	mapman:Enzyme classification.EC_3 hydrolases
VIT_19s0135g00060	Vitvi05_01chr19g15540	50.3	mapman:Enzyme classification.EC_3 hydrolases
VIT_00s0301g00100	Vitvi05_01chr10g07350	50.3.1	mapman:Enzyme classification.EC_3 hydrolases.EC_3-1 hydrolase acting on ester bond
VIT_01s0011g03670	Vitvi05_01chr01g04510	50.3.1	mapman:Enzyme classification.EC_3 hydrolases.EC_3-1 hydrolase acting on ester bond
VIT_01s0011g04160	Vitvi05_01chr01g05190	50.3.1	mapman:Enzyme classification.EC_3 hydrolases.EC_3-1 hydrolase acting on ester bond
VIT_02s0012g00550	Vitvi05_01chr02g10720	50.3.1	mapman:Enzyme classification.EC_3 hydrolases.EC_3-1 hydrolase acting on ester bond
VIT_04s0044g01000	Vitvi05_01chr04g23890	50.3.1	mapman:Enzyme classification.EC_3 hydrolases.EC_3-1 hydrolase acting on ester bond
VIT_06s0061g01110	Vitvi05_01chr06g20330	50.3.1	mapman:Enzyme classification.EC_3 hydrolases.EC_3-1 hydrolase acting on ester bond
VIT_07s0005g00730	Vitvi05_01chr07g05560	50.3.1	mapman:Enzyme classification.EC_3 hydrolases.EC_3-1 hydrolase acting on ester bond
VIT_08s0007g01570	Vitvi05_01chr08g15200	50.3.1	mapman:Enzyme classification.EC_3 hydrolases.EC_3-1 hydrolase acting on ester bond
VIT_09s0002g00320	Vitvi05_01chr09g00280	50.3.1	mapman:Enzyme classification.EC_3 hydrolases.EC_3-1 hydrolase acting on ester bond
VIT_09s0002g00330	Vitvi05_01chr09g00290	50.3.1	mapman:Enzyme classification.EC_3 hydrolases.EC_3-1 hydrolase acting on ester bond
VIT_09s0002g00540	Vitvi05_01chr09g00530	50.3.1	mapman:Enzyme classification.EC_3 hydrolases.EC_3-1 hydrolase acting on ester bond
VIT_09s0002g00550	Vitvi05_01chr09g00540	50.3.1	mapman:Enzyme classification.EC_3 hydrolases.EC_3-1 hydrolase acting on ester bond
VIT_09s0002g00570	Vitvi05_01chr09g00550	50.3.1	mapman:Enzyme classification.EC_3 hydrolases.EC_3-1 hydrolase acting on ester bond
VIT_09s0002g00580	Vitvi05_01chr09g00560	50.3.1	mapman:Enzyme classification.EC_3 hydrolases.EC_3-1 hydrolase acting on ester bond
VIT_09s0002g03140	Vitvi05_01chr09g03580	50.3.1	mapman:Enzyme classification.EC_3 hydrolases.EC_3-1 hydrolase acting on ester bond
VIT_10s0003g00620	Vitvi05_01chr10g09340	50.3.1	mapman:Enzyme classification.EC_3 hydrolases.EC_3-1 hydrolase acting on ester bond
VIT_10s0003g02110	Vitvi05_01chr10g11700	50.3.1	mapman:Enzyme classification.EC_3 hydrolases.EC_3-1 hydrolase acting on ester bond
VIT_10s0003g02120	Vitvi05_01chr10g11730	50.3.1	mapman:Enzyme classification.EC_3 hydrolases.EC_3-1 hydrolase acting on ester bond
VIT_10s0116g00590	Vitvi05_01chr10g00490	50.3.1	mapman:Enzyme classification.EC_3 hydrolases.EC_3-1 hydrolase acting on ester bond
VIT_11s0016g00290	Vitvi05_01chr11g00320	50.3.1	mapman:Enzyme classification.EC_3 hydrolases.EC_3-1 hydrolase acting on ester bond
VIT_11s0016g00330	Vitvi05_01chr11g00360	50.3.1	mapman:Enzyme classification.EC_3 hydrolases.EC_3-1 hydrolase acting on ester bond
VIT_12s0035g01900	Vitvi05_01chr12g23010	50.3.1	mapman:Enzyme classification.EC_3 hydrolases.EC_3-1 hydrolase acting on ester bond
VIT_13s0019g03350	Vitvi05_01chr13g06760	50.3.1	mapman:Enzyme classification.EC_3 hydrolases.EC_3-1 hydrolase acting on ester bond
VIT_14s0066g00250	Vitvi05_01chr14g25320	50.3.1	mapman:Enzyme classification.EC_3 hydrolases.EC_3-1 hydrolase acting on ester bond
VIT_15s0046g01450	Vitvi05_01chr15g18070	50.3.1	mapman:Enzyme classification.EC_3 hydrolases.EC_3-1 hydrolase acting on ester bond
VIT_15s0048g00500	Vitvi05_01chr15g12650	50.3.1	mapman:Enzyme classification.EC_3 hydrolases.EC_3-1 hydrolase acting on ester bond
VIT_15s0048g00510	Vitvi05_01chr15g12660	50.3.1	mapman:Enzyme classification.EC_3 hydrolases.EC_3-1 hydrolase acting on ester bond
VIT_16s0098g01900	Vitvi05_01chr16g22220	50.3.1	mapman:Enzyme classification.EC_3 hydrolases.EC_3-1 hydrolase acting on ester bond
VIT_18s0001g00770	Vitvi05_01chr18g02150	50.3.1	mapman:Enzyme classification.EC_3 hydrolases.EC_3-1 hydrolase acting on ester bond
VIT_18s0001g14790	Vitvi05_01chr18g17430	50.3.1	mapman:Enzyme classification.EC_3 hydrolases.EC_3-1 hydrolase acting on ester bond
VIT_19s0135g00060	Vitvi05_01chr19g15540	50.3.1	mapman:Enzyme classification.EC_3 hydrolases.EC_3-1 hydrolase acting on ester bond
VIT_00s0375g00030	Vitvi05_01chr10g07670	50.3.2	mapman:Enzyme classification.EC_3 hydrolases.EC_3-2 glycosylase
VIT_01s0011g00760	Vitvi05_01chr01g00940	50.3.2	mapman:Enzyme classification.EC_3 hydrolases.EC_3-2 glycosylase
VIT_01s0011g03450	Vitvi05_01chr01g04250	50.3.2	mapman:Enzyme classification.EC_3 hydrolases.EC_3-2 glycosylase
VIT_02s0012g00170	Vitvi05_01chr02g10020	50.3.2	mapman:Enzyme classification.EC_3 hydrolases.EC_3-2 glycosylase
VIT_02s0025g01330	Vitvi05_01chr02g01480	50.3.2	mapman:Enzyme classification.EC_3 hydrolases.EC_3-2 glycosylase
VIT_02s0025g02770	Vitvi05_01chr02g03200	50.3.2	mapman:Enzyme classification.EC_3 hydrolases.EC_3-2 glycosylase
VIT_03s0063g02490	Vitvi05_01chr03g05650	50.3.2	mapman:Enzyme classification.EC_3 hydrolases.EC_3-2 glycosylase
VIT_04s0023g02690	Vitvi05_01chr04g19300	50.3.2	mapman:Enzyme classification.EC_3 hydrolases.EC_3-2 glycosylase
VIT_04s0023g03650	Vitvi05_01chr04g20640	50.3.2	mapman:Enzyme classification.EC_3 hydrolases.EC_3-2 glycosylase
VIT_05s0062g01430	Vitvi05_01chr07g17740	50.3.2	mapman:Enzyme classification.EC_3 hydrolases.EC_3-2 glycosylase
VIT_05s0077g01150	Vitvi05_01chr05g01580	50.3.2	mapman:Enzyme classification.EC_3 hydrolases.EC_3-2 glycosylase
VIT_06s0004g03020	Vitvi05_01chr06g04590	50.3.2	mapman:Enzyme classification.EC_3 hydrolases.EC_3-2 glycosylase
VIT_06s0009g00810	Vitvi05_01chr06g13870	50.3.2	mapman:Enzyme classification.EC_3 hydrolases.EC_3-2 glycosylase
VIT_06s0080g00420	Vitvi05_01chr06g21600	50.3.2	mapman:Enzyme classification.EC_3 hydrolases.EC_3-2 glycosylase
VIT_07s0005g02590	Vitvi05_01chr07g07860	50.3.2	mapman:Enzyme classification.EC_3 hydrolases.EC_3-2 glycosylase
VIT_07s0031g02480	Vitvi05_01chr07g30750	50.3.2	mapman:Enzyme classification.EC_3 hydrolases.EC_3-2 glycosylase
VIT_08s0007g06040	Vitvi05_01chr08g21100	50.3.2	mapman:Enzyme classification.EC_3 hydrolases.EC_3-2 glycosylase
VIT_08s0007g06060	Vitvi05_01chr08g21110	50.3.2	mapman:Enzyme classification.EC_3 hydrolases.EC_3-2 glycosylase
VIT_08s0007g08330	Vitvi05_01chr08g23900	50.3.2	mapman:Enzyme classification.EC_3 hydrolases.EC_3-2 glycosylase
VIT_08s0032g00470	Vitvi05_01chr08g03140	50.3.2	mapman:Enzyme classification.EC_3 hydrolases.EC_3-2 glycosylase
VIT_09s0002g02120	Vitvi05_01chr09g02480	50.3.2	mapman:Enzyme classification.EC_3 hydrolases.EC_3-2 glycosylase
VIT_10s0071g01100	Vitvi05_01chr10g26640	50.3.2	mapman:Enzyme classification.EC_3 hydrolases.EC_3-2 glycosylase
VIT_11s0016g02960	Vitvi05_01chr11g03510	50.3.2	mapman:Enzyme classification.EC_3 hydrolases.EC_3-2 glycosylase
VIT_13s0064g01660	Vitvi05_01chr13g27490	50.3.2	mapman:Enzyme classification.EC_3 hydrolases.EC_3-2 glycosylase
VIT_13s0064g01760	Vitvi05_01chr13g27560	50.3.2	mapman:Enzyme classification.EC_3 hydrolases.EC_3-2 glycosylase
VIT_14s0006g00520	Vitvi05_01chr14g13040	50.3.2	mapman:Enzyme classification.EC_3 hydrolases.EC_3-2 glycosylase
VIT_15s0046g02000	Vitvi05_01chr15g18790	50.3.2	mapman:Enzyme classification.EC_3 hydrolases.EC_3-2 glycosylase
VIT_16s0022g00670	Vitvi05_01chr16g10430	50.3.2	mapman:Enzyme classification.EC_3 hydrolases.EC_3-2 glycosylase
VIT_17s0000g00290	Vitvi05_01chr17g00460	50.3.2	mapman:Enzyme classification.EC_3 hydrolases.EC_3-2 glycosylase
VIT_18s0001g05180	Vitvi05_01chr18g05590	50.3.2	mapman:Enzyme classification.EC_3 hydrolases.EC_3-2 glycosylase
VIT_18s0001g13230	Vitvi05_01chr18g15390	50.3.2	mapman:Enzyme classification.EC_3 hydrolases.EC_3-2 glycosylase
VIT_18s0122g00980	Vitvi05_01chr18g01010	50.3.2	mapman:Enzyme classification.EC_3 hydrolases.EC_3-2 glycosylase
VIT_19s0014g03240	Vitvi05_01chr19g04480	50.3.2	mapman:Enzyme classification.EC_3 hydrolases.EC_3-2 glycosylase
VIT_19s0090g01070	Vitvi05_01chr19g09140	50.3.2	mapman:Enzyme classification.EC_3 hydrolases.EC_3-2 glycosylase
VIT_00s0323g00100	Vitvi05_01chr02g07050	50.3.4	mapman:Enzyme classification.EC_3 hydrolases.EC_3-4 hydrolase acting on peptide bond (peptidase)
VIT_01s0011g02000	Vitvi05_01chr01g02380	50.3.4	mapman:Enzyme classification.EC_3 hydrolases.EC_3-4 hydrolase acting on peptide bond (peptidase)
VIT_01s0011g02030	Vitvi05_01chr01g02410	50.3.4	mapman:Enzyme classification.EC_3 hydrolases.EC_3-4 hydrolase acting on peptide bond (peptidase)
VIT_01s0011g03210	Vitvi05_01chr01g03920	50.3.4	mapman:Enzyme classification.EC_3 hydrolases.EC_3-4 hydrolase acting on peptide bond (peptidase)
VIT_03s0088g00050	Vitvi05_01chr03g10760	50.3.4	mapman:Enzyme classification.EC_3 hydrolases.EC_3-4 hydrolase acting on peptide bond (peptidase)
VIT_03s0091g01240	Vitvi05_01chr03g10670	50.3.4	mapman:Enzyme classification.EC_3 hydrolases.EC_3-4 hydrolase acting on peptide bond (peptidase)
VIT_03s0091g01290	Vitvi05_01chr03g10690	50.3.4	mapman:Enzyme classification.EC_3 hydrolases.EC_3-4 hydrolase acting on peptide bond (peptidase)
VIT_05s0077g00560	Vitvi05_01chr05g02430	50.3.4	mapman:Enzyme classification.EC_3 hydrolases.EC_3-4 hydrolase acting on peptide bond (peptidase)
VIT_07s0141g00520	Vitvi05_01chr07g19020	50.3.4	mapman:Enzyme classification.EC_3 hydrolases.EC_3-4 hydrolase acting on peptide bond (peptidase)
VIT_08s0040g01130	Vitvi05_01chr08g09990	50.3.4	mapman:Enzyme classification.EC_3 hydrolases.EC_3-4 hydrolase acting on peptide bond (peptidase)
VIT_09s0018g01670	Vitvi05_01chr09g18420	50.3.4	mapman:Enzyme classification.EC_3 hydrolases.EC_3-4 hydrolase acting on peptide bond (peptidase)
VIT_10s0003g01360	Vitvi05_01chr10g10550	50.3.4	mapman:Enzyme classification.EC_3 hydrolases.EC_3-4 hydrolase acting on peptide bond (peptidase)
VIT_11s0016g03010	Vitvi05_01chr11g03580	50.3.4	mapman:Enzyme classification.EC_3 hydrolases.EC_3-4 hydrolase acting on peptide bond (peptidase)
VIT_11s0206g00110	Vitvi05_01chr11g09490	50.3.4	mapman:Enzyme classification.EC_3 hydrolases.EC_3-4 hydrolase acting on peptide bond (peptidase)
VIT_13s0019g05120	Vitvi05_01chr13g09330	50.3.4	mapman:Enzyme classification.EC_3 hydrolases.EC_3-4 hydrolase acting on peptide bond (peptidase)
VIT_13s0158g00080	Vitvi05_01chr13g24770	50.3.4	mapman:Enzyme classification.EC_3 hydrolases.EC_3-4 hydrolase acting on peptide bond (peptidase)
VIT_15s0046g00360	Vitvi05_01chr15g16610	50.3.4	mapman:Enzyme classification.EC_3 hydrolases.EC_3-4 hydrolase acting on peptide bond (peptidase)
VIT_17s0000g03990	Vitvi05_01chr17g05400	50.3.4	mapman:Enzyme classification.EC_3 hydrolases.EC_3-4 hydrolase acting on peptide bond (peptidase)
VIT_17s0000g09770	Vitvi05_01chr17g14250	50.3.4	mapman:Enzyme classification.EC_3 hydrolases.EC_3-4 hydrolase acting on peptide bond (peptidase)
VIT_18s0001g09910	Vitvi05_01chr18g11120	50.3.4	mapman:Enzyme classification.EC_3 hydrolases.EC_3-4 hydrolase acting on peptide bond (peptidase)
VIT_19s0090g00830	Vitvi05_01chr19g08830	50.3.4	mapman:Enzyme classification.EC_3 hydrolases.EC_3-4 hydrolase acting on peptide bond (peptidase)
VIT_02s0033g00700	Vitvi05_01chr02g16820	50.3.5	mapman:Enzyme classification.EC_3 hydrolases.EC_3-5 hydrolase acting on carbon-nitrogen bond, other than peptide bond
VIT_03s0017g00650	Vitvi05_01chr03g17080	50.3.5	mapman:Enzyme classification.EC_3 hydrolases.EC_3-5 hydrolase acting on carbon-nitrogen bond, other than peptide bond
VIT_18s0001g00370	Vitvi05_01chr18g01800	50.3.5	mapman:Enzyme classification.EC_3 hydrolases.EC_3-5 hydrolase acting on carbon-nitrogen bond, other than peptide bond
VIT_05s0049g01320	Vitvi05_01chr05g11490	50.3.6	mapman:Enzyme classification.EC_3 hydrolases.EC_3-6 hydrolase acting on acid anhydride
VIT_11s0052g00970	Vitvi05_01chr11g18020	50.3.6	mapman:Enzyme classification.EC_3 hydrolases.EC_3-6 hydrolase acting on acid anhydride
VIT_12s0035g00340	Vitvi05_01chr12g20440	50.3.6	mapman:Enzyme classification.EC_3 hydrolases.EC_3-6 hydrolase acting on acid anhydride
VIT_12s0035g00380	Vitvi05_01chr12g20510	50.3.6	mapman:Enzyme classification.EC_3 hydrolases.EC_3-6 hydrolase acting on acid anhydride
VIT_14s0066g02060	Vitvi05_01chr14g27760	50.3.6	mapman:Enzyme classification.EC_3 hydrolases.EC_3-6 hydrolase acting on acid anhydride
VIT_01s0137g00240	Vitvi05_01chr01g09020	50.4	mapman:Enzyme classification.EC_4 lyases
VIT_02s0025g00360	Vitvi05_01chr02g00380	50.4	mapman:Enzyme classification.EC_4 lyases
VIT_03s0038g00670	Vitvi05_01chr03g00560	50.4	mapman:Enzyme classification.EC_4 lyases
VIT_04s0023g03010	Vitvi05_01chr04g19810	50.4	mapman:Enzyme classification.EC_4 lyases
VIT_05s0051g00590	Vitvi05_01chr05g14210	50.4	mapman:Enzyme classification.EC_4 lyases
VIT_07s0151g01070	Vitvi05_01chr07g02330	50.4	mapman:Enzyme classification.EC_4 lyases
VIT_08s0007g03240	Vitvi05_01chr08g17500	50.4	mapman:Enzyme classification.EC_4 lyases
VIT_08s0007g04800	Vitvi05_01chr08g19490	50.4	mapman:Enzyme classification.EC_4 lyases
VIT_08s0040g01710	Vitvi05_01chr08g10910	50.4	mapman:Enzyme classification.EC_4 lyases
VIT_10s0003g04240	Vitvi05_01chr10g15160	50.4	mapman:Enzyme classification.EC_4 lyases
VIT_12s0028g02180	Vitvi05_01chr12g03120	50.4	mapman:Enzyme classification.EC_4 lyases
VIT_12s0059g02350	Vitvi05_01chr12g08530	50.4	mapman:Enzyme classification.EC_4 lyases
VIT_13s0019g04460	Vitvi05_01chr13g08420	50.4	mapman:Enzyme classification.EC_4 lyases
VIT_13s0019g04910	Vitvi05_01chr13g09100	50.4	mapman:Enzyme classification.EC_4 lyases
VIT_16s0022g01770	Vitvi05_01chr16g11760	50.4	mapman:Enzyme classification.EC_4 lyases
VIT_16s0039g01120	Vitvi05_01chr16g00810	50.4	mapman:Enzyme classification.EC_4 lyases
VIT_16s0039g01170	Vitvi05_01chr16g00830	50.4	mapman:Enzyme classification.EC_4 lyases
VIT_16s0039g01240	Vitvi05_01chr16g00890	50.4	mapman:Enzyme classification.EC_4 lyases
VIT_16s0039g01280	Vitvi05_01chr16g00900	50.4	mapman:Enzyme classification.EC_4 lyases
VIT_16s0039g01300	Vitvi05_01chr16g00910	50.4	mapman:Enzyme classification.EC_4 lyases
VIT_19s0015g01900	Vitvi05_01chr19g12930	50.4	mapman:Enzyme classification.EC_4 lyases
VIT_03s0038g00670	Vitvi05_01chr03g00560	50.4.1	mapman:Enzyme classification.EC_4 lyases.EC_4-1 carbon-carbon lyase
VIT_04s0023g03010	Vitvi05_01chr04g19810	50.4.1	mapman:Enzyme classification.EC_4 lyases.EC_4-1 carbon-carbon lyase
VIT_10s0003g04240	Vitvi05_01chr10g15160	50.4.1	mapman:Enzyme classification.EC_4 lyases.EC_4-1 carbon-carbon lyase
VIT_12s0028g02180	Vitvi05_01chr12g03120	50.4.1	mapman:Enzyme classification.EC_4 lyases.EC_4-1 carbon-carbon lyase
VIT_12s0059g02350	Vitvi05_01chr12g08530	50.4.1	mapman:Enzyme classification.EC_4 lyases.EC_4-1 carbon-carbon lyase
VIT_19s0015g01900	Vitvi05_01chr19g12930	50.4.1	mapman:Enzyme classification.EC_4 lyases.EC_4-1 carbon-carbon lyase
VIT_01s0137g00240	Vitvi05_01chr01g09020	50.4.2	mapman:Enzyme classification.EC_4 lyases.EC_4-2 carbon-oxygen lyase
VIT_05s0051g00590	Vitvi05_01chr05g14210	50.4.2	mapman:Enzyme classification.EC_4 lyases.EC_4-2 carbon-oxygen lyase
VIT_07s0151g01070	Vitvi05_01chr07g02330	50.4.2	mapman:Enzyme classification.EC_4 lyases.EC_4-2 carbon-oxygen lyase
VIT_08s0007g03240	Vitvi05_01chr08g17500	50.4.2	mapman:Enzyme classification.EC_4 lyases.EC_4-2 carbon-oxygen lyase
VIT_08s0007g04800	Vitvi05_01chr08g19490	50.4.2	mapman:Enzyme classification.EC_4 lyases.EC_4-2 carbon-oxygen lyase
VIT_13s0019g04910	Vitvi05_01chr13g09100	50.4.2	mapman:Enzyme classification.EC_4 lyases.EC_4-2 carbon-oxygen lyase
VIT_16s0022g01770	Vitvi05_01chr16g11760	50.4.2	mapman:Enzyme classification.EC_4 lyases.EC_4-2 carbon-oxygen lyase
VIT_08s0040g01710	Vitvi05_01chr08g10910	50.4.3	mapman:Enzyme classification.EC_4 lyases.EC_4-3 carbon-nitrogen lyase
VIT_13s0019g04460	Vitvi05_01chr13g08420	50.4.3	mapman:Enzyme classification.EC_4 lyases.EC_4-3 carbon-nitrogen lyase
VIT_16s0039g01120	Vitvi05_01chr16g00810	50.4.3	mapman:Enzyme classification.EC_4 lyases.EC_4-3 carbon-nitrogen lyase
VIT_16s0039g01170	Vitvi05_01chr16g00830	50.4.3	mapman:Enzyme classification.EC_4 lyases.EC_4-3 carbon-nitrogen lyase
VIT_16s0039g01240	Vitvi05_01chr16g00890	50.4.3	mapman:Enzyme classification.EC_4 lyases.EC_4-3 carbon-nitrogen lyase
VIT_16s0039g01280	Vitvi05_01chr16g00900	50.4.3	mapman:Enzyme classification.EC_4 lyases.EC_4-3 carbon-nitrogen lyase
VIT_16s0039g01300	Vitvi05_01chr16g00910	50.4.3	mapman:Enzyme classification.EC_4 lyases.EC_4-3 carbon-nitrogen lyase
VIT_02s0025g00360	Vitvi05_01chr02g00380	50.4.4	mapman:Enzyme classification.EC_4 lyases.EC_4-4 carbon-sulfur lyase
VIT_04s0008g06570	Vitvi05_01chr04g08350	50.5	mapman:Enzyme classification.EC_5 isomerases
VIT_05s0020g04510	Vitvi05_01chr05g09140	50.5	mapman:Enzyme classification.EC_5 isomerases
VIT_07s0005g02410	Vitvi05_01chr07g07670	50.5	mapman:Enzyme classification.EC_5 isomerases
VIT_07s0031g00920	Vitvi05_01chr07g28730	50.5	mapman:Enzyme classification.EC_5 isomerases
VIT_07s0151g01070	Vitvi05_01chr07g02330	50.5	mapman:Enzyme classification.EC_5 isomerases
VIT_09s0054g01220	Vitvi05_01chr09g21320	50.5	mapman:Enzyme classification.EC_5 isomerases
VIT_14s0030g02180	Vitvi05_01chr14g08120	50.5	mapman:Enzyme classification.EC_5 isomerases
VIT_15s0046g03520	Vitvi05_01chr15g20410	50.5	mapman:Enzyme classification.EC_5 isomerases
VIT_05s0020g04510	Vitvi05_01chr05g09140	50.5.1	mapman:Enzyme classification.EC_5 isomerases.EC_5-1 racemase or epimerase
VIT_14s0030g02180	Vitvi05_01chr14g08120	50.5.1	mapman:Enzyme classification.EC_5 isomerases.EC_5-1 racemase or epimerase
VIT_07s0005g02410	Vitvi05_01chr07g07670	50.5.2	mapman:Enzyme classification.EC_5 isomerases.EC_5-2 cis-trans-isomerase
VIT_04s0008g06570	Vitvi05_01chr04g08350	50.5.4	mapman:Enzyme classification.EC_5 isomerases.EC_5-4 intramolecular transferase
VIT_09s0054g01220	Vitvi05_01chr09g21320	50.5.4	mapman:Enzyme classification.EC_5 isomerases.EC_5-4 intramolecular transferase
VIT_15s0046g03520	Vitvi05_01chr15g20410	50.5.4	mapman:Enzyme classification.EC_5 isomerases.EC_5-4 intramolecular transferase
VIT_07s0031g00920	Vitvi05_01chr07g28730	50.5.5	mapman:Enzyme classification.EC_5 isomerases.EC_5-5 intramolecular lyase
VIT_07s0151g01070	Vitvi05_01chr07g02330	50.5.5	mapman:Enzyme classification.EC_5 isomerases.EC_5-5 intramolecular lyase
VIT_01s0010g00240	Vitvi05_01chr01g17370	50.6	mapman:Enzyme classification.EC_6 ligases
VIT_03s0063g01880	Vitvi05_01chr03g06360	50.6	mapman:Enzyme classification.EC_6 ligases
VIT_05s0020g02480	Vitvi05_01chr05g06190	50.6	mapman:Enzyme classification.EC_6 ligases
VIT_06s0004g01160	Vitvi05_01chr06g01770	50.6	mapman:Enzyme classification.EC_6 ligases
VIT_06s0004g06830	Vitvi05_01chr06g09870	50.6	mapman:Enzyme classification.EC_6 ligases
VIT_07s0005g01790	Vitvi05_01chr07g06900	50.6	mapman:Enzyme classification.EC_6 ligases
VIT_07s0095g00760	Vitvi05_01chr07g14200	50.6	mapman:Enzyme classification.EC_6 ligases
VIT_11s0052g01090	Vitvi05_01chr11g18210	50.6	mapman:Enzyme classification.EC_6 ligases
VIT_07s0095g00760	Vitvi05_01chr07g14200	50.6.1	mapman:Enzyme classification.EC_6 ligases.EC_6-1 ligase forming carbon-oxygen bond
VIT_03s0063g01880	Vitvi05_01chr03g06360	50.6.2	mapman:Enzyme classification.EC_6 ligases.EC_6-2 ligase forming carbon-sulfur bond
VIT_07s0005g01790	Vitvi05_01chr07g06900	50.6.2	mapman:Enzyme classification.EC_6 ligases.EC_6-2 ligase forming carbon-sulfur bond
VIT_11s0052g01090	Vitvi05_01chr11g18210	50.6.2	mapman:Enzyme classification.EC_6 ligases.EC_6-2 ligase forming carbon-sulfur bond
VIT_01s0010g00240	Vitvi05_01chr01g17370	50.6.3	mapman:Enzyme classification.EC_6 ligases.EC_6-3 ligase forming carbon-nitrogen bond
VIT_05s0020g02480	Vitvi05_01chr05g06190	50.6.3	mapman:Enzyme classification.EC_6 ligases.EC_6-3 ligase forming carbon-nitrogen bond
VIT_06s0004g01160	Vitvi05_01chr06g01770	50.6.3	mapman:Enzyme classification.EC_6 ligases.EC_6-3 ligase forming carbon-nitrogen bond
VIT_06s0004g06830	Vitvi05_01chr06g09870	50.6.3	mapman:Enzyme classification.EC_6 ligases.EC_6-3 ligase forming carbon-nitrogen bond
VIT_01s0010g00240	Vitvi05_01chr01g17370	6	mapman:Nucleotide metabolism
VIT_08s0007g03690	Vitvi05_01chr08g18070	6	mapman:Nucleotide metabolism
VIT_08s0058g00930	Vitvi05_01chr08g07890	6	mapman:Nucleotide metabolism
VIT_09s0002g07120	Vitvi05_01chr09g08750	6	mapman:Nucleotide metabolism
VIT_08s0007g03690	Vitvi05_01chr08g18070	6.1	mapman:Nucleotide metabolism.purines
VIT_09s0002g07120	Vitvi05_01chr09g08750	6.1	mapman:Nucleotide metabolism.purines
VIT_09s0002g07120	Vitvi05_01chr09g08750	6.1.3	mapman:Nucleotide metabolism.purines.salvage pathway
VIT_09s0002g07120	Vitvi05_01chr09g08750	6.1.3.1	mapman:Nucleotide metabolism.purines.salvage pathway.adenine phosphoribosyltransferase *(APT)
VIT_08s0007g03690	Vitvi05_01chr08g18070	6.1.5	mapman:Nucleotide metabolism.purines.catabolism
VIT_08s0007g03690	Vitvi05_01chr08g18070	6.1.5.4	mapman:Nucleotide metabolism.purines.catabolism.NSH1-NSH2 nucleoside hydrolase heterodimer
VIT_08s0007g03690	Vitvi05_01chr08g18070	6.1.5.4.1	mapman:Nucleotide metabolism.purines.catabolism.NSH1-NSH2 nucleoside hydrolase heterodimer.component *(NSH1)
VIT_01s0010g00240	Vitvi05_01chr01g17370	6.2	mapman:Nucleotide metabolism.pyrimidines
VIT_08s0058g00930	Vitvi05_01chr08g07890	6.2	mapman:Nucleotide metabolism.pyrimidines
VIT_01s0010g00240	Vitvi05_01chr01g17370	6.2.1	mapman:Nucleotide metabolism.pyrimidines.de novo biosynthesis
VIT_01s0010g00240	Vitvi05_01chr01g17370	6.2.1.6	mapman:Nucleotide metabolism.pyrimidines.de novo biosynthesis.CTP synthetase *(CTPS)
VIT_08s0058g00930	Vitvi05_01chr08g07890	6.2.4	mapman:Nucleotide metabolism.pyrimidines.catabolism
VIT_08s0058g00930	Vitvi05_01chr08g07890	6.2.4.6	mapman:Nucleotide metabolism.pyrimidines.catabolism.alanine aminotransferase *(PYD4)
VIT_03s0017g00650	Vitvi05_01chr03g17080	7	mapman:Coenzyme metabolism
VIT_05s0020g01840	Vitvi05_01chr05g05330	7	mapman:Coenzyme metabolism
VIT_05s0102g00310	Vitvi05_01chr05g22740	7	mapman:Coenzyme metabolism
VIT_06s0004g01160	Vitvi05_01chr06g01770	7	mapman:Coenzyme metabolism
VIT_06s0004g08380	Vitvi05_01chr06g12100	7	mapman:Coenzyme metabolism
VIT_08s0007g05000	Vitvi05_01chr08g19740	7	mapman:Coenzyme metabolism
VIT_08s0007g08540	Vitvi05_01chr08g24250	7	mapman:Coenzyme metabolism
VIT_08s0040g00390	Vitvi05_01chr08g08960	7	mapman:Coenzyme metabolism
VIT_08s0105g00590	Vitvi05_01chr08g06030	7	mapman:Coenzyme metabolism
VIT_10s0116g00530	Vitvi05_01chr10g00450	7	mapman:Coenzyme metabolism
VIT_11s0052g01090	Vitvi05_01chr11g18210	7	mapman:Coenzyme metabolism
VIT_12s0057g01110	Vitvi05_01chr12g11520	7	mapman:Coenzyme metabolism
VIT_12s0059g00270	Vitvi05_01chr12g05860	7	mapman:Coenzyme metabolism
VIT_18s0001g01210	Vitvi05_01chr18g02580	7	mapman:Coenzyme metabolism
VIT_18s0001g11090	Vitvi05_01chr18g12620	7	mapman:Coenzyme metabolism
VIT_18s0089g01420	Vitvi05_01chr18g37360	7	mapman:Coenzyme metabolism
VIT_03s0017g00650	Vitvi05_01chr03g17080	7.10	mapman:Coenzyme metabolism.FMN/FAD biosynthesis
VIT_03s0017g00650	Vitvi05_01chr03g17080	7.10.3	mapman:Coenzyme metabolism.FMN/FAD biosynthesis.bifunctional GTP cyclohydrolase II *(RibA) and DHBP synthase *(RibB)
VIT_18s0001g11090	Vitvi05_01chr18g12620	7.13	mapman:Coenzyme metabolism.tetrapyrrole biosynthesis
VIT_18s0001g11090	Vitvi05_01chr18g12620	7.13.2	mapman:Coenzyme metabolism.tetrapyrrole biosynthesis.uroporphyrinogen III formation
VIT_18s0001g11090	Vitvi05_01chr18g12620	7.13.2.3	mapman:Coenzyme metabolism.tetrapyrrole biosynthesis.uroporphyrinogen III formation.uroporphyrinogen III synthase *(HemD)
VIT_05s0020g01840	Vitvi05_01chr05g05330	7.15	mapman:Coenzyme metabolism.chlorophyll metabolism
VIT_05s0102g00310	Vitvi05_01chr05g22740	7.15	mapman:Coenzyme metabolism.chlorophyll metabolism
VIT_06s0004g08380	Vitvi05_01chr06g12100	7.15	mapman:Coenzyme metabolism.chlorophyll metabolism
VIT_08s0007g08540	Vitvi05_01chr08g24250	7.15	mapman:Coenzyme metabolism.chlorophyll metabolism
VIT_08s0040g00390	Vitvi05_01chr08g08960	7.15	mapman:Coenzyme metabolism.chlorophyll metabolism
VIT_08s0105g00590	Vitvi05_01chr08g06030	7.15	mapman:Coenzyme metabolism.chlorophyll metabolism
VIT_12s0059g00270	Vitvi05_01chr12g05860	7.15	mapman:Coenzyme metabolism.chlorophyll metabolism
VIT_18s0001g01210	Vitvi05_01chr18g02580	7.15	mapman:Coenzyme metabolism.chlorophyll metabolism
VIT_18s0089g01420	Vitvi05_01chr18g37360	7.15	mapman:Coenzyme metabolism.chlorophyll metabolism
VIT_05s0020g01840	Vitvi05_01chr05g05330	7.15.1	mapman:Coenzyme metabolism.chlorophyll metabolism.chlorophyll biosynthesis
VIT_05s0102g00310	Vitvi05_01chr05g22740	7.15.1	mapman:Coenzyme metabolism.chlorophyll metabolism.chlorophyll biosynthesis
VIT_06s0004g08380	Vitvi05_01chr06g12100	7.15.1	mapman:Coenzyme metabolism.chlorophyll metabolism.chlorophyll biosynthesis
VIT_08s0007g08540	Vitvi05_01chr08g24250	7.15.1	mapman:Coenzyme metabolism.chlorophyll metabolism.chlorophyll biosynthesis
VIT_08s0040g00390	Vitvi05_01chr08g08960	7.15.1	mapman:Coenzyme metabolism.chlorophyll metabolism.chlorophyll biosynthesis
VIT_08s0105g00590	Vitvi05_01chr08g06030	7.15.1	mapman:Coenzyme metabolism.chlorophyll metabolism.chlorophyll biosynthesis
VIT_12s0059g00270	Vitvi05_01chr12g05860	7.15.1	mapman:Coenzyme metabolism.chlorophyll metabolism.chlorophyll biosynthesis
VIT_05s0102g00310	Vitvi05_01chr05g22740	7.15.1.1	mapman:Coenzyme metabolism.chlorophyll metabolism.chlorophyll biosynthesis.magnesium-chelatase complex
VIT_08s0007g08540	Vitvi05_01chr08g24250	7.15.1.1	mapman:Coenzyme metabolism.chlorophyll metabolism.chlorophyll biosynthesis.magnesium-chelatase complex
VIT_08s0007g08540	Vitvi05_01chr08g24250	7.15.1.1.2	mapman:Coenzyme metabolism.chlorophyll metabolism.chlorophyll biosynthesis.magnesium-chelatase complex.component *(CHLH)
VIT_05s0102g00310	Vitvi05_01chr05g22740	7.15.1.1.4	mapman:Coenzyme metabolism.chlorophyll metabolism.chlorophyll biosynthesis.magnesium-chelatase complex.accessory component *(GUN4)
VIT_06s0004g08380	Vitvi05_01chr06g12100	7.15.1.3	mapman:Coenzyme metabolism.chlorophyll metabolism.chlorophyll biosynthesis.Mg-protoporphyrin IX monomethylester cyclase complex
VIT_08s0040g00390	Vitvi05_01chr08g08960	7.15.1.3	mapman:Coenzyme metabolism.chlorophyll metabolism.chlorophyll biosynthesis.Mg-protoporphyrin IX monomethylester cyclase complex
VIT_08s0040g00390	Vitvi05_01chr08g08960	7.15.1.3.1	mapman:Coenzyme metabolism.chlorophyll metabolism.chlorophyll biosynthesis.Mg-protoporphyrin IX monomethylester cyclase complex.catalytic component *(CRD1)
VIT_06s0004g08380	Vitvi05_01chr06g12100	7.15.1.3.2	mapman:Coenzyme metabolism.chlorophyll metabolism.chlorophyll biosynthesis.Mg-protoporphyrin IX monomethylester cyclase complex.scaffold component *(LCAA)
VIT_12s0059g00270	Vitvi05_01chr12g05860	7.15.1.4	mapman:Coenzyme metabolism.chlorophyll metabolism.chlorophyll biosynthesis.protochlorophyllide oxidoreductase (POR) activities
VIT_12s0059g00270	Vitvi05_01chr12g05860	7.15.1.4.1	mapman:Coenzyme metabolism.chlorophyll metabolism.chlorophyll biosynthesis.protochlorophyllide oxidoreductase (POR) activities.light-dependent POR activity
VIT_12s0059g00270	Vitvi05_01chr12g05860	7.15.1.4.1.1	mapman:Coenzyme metabolism.chlorophyll metabolism.chlorophyll biosynthesis.protochlorophyllide oxidoreductase (POR) activities.light-dependent POR activity.protochlorophyllide oxidoreductase *(POR)
VIT_05s0020g01840	Vitvi05_01chr05g05330	7.15.1.5	mapman:Coenzyme metabolism.chlorophyll metabolism.chlorophyll biosynthesis.divinyl chlorophyllide-a 8-vinyl-reductase *(DVR)
VIT_08s0105g00590	Vitvi05_01chr08g06030	7.15.1.6	mapman:Coenzyme metabolism.chlorophyll metabolism.chlorophyll biosynthesis.chlorophyll synthase *(CHLG)
VIT_18s0001g01210	Vitvi05_01chr18g02580	7.15.3	mapman:Coenzyme metabolism.chlorophyll metabolism.chlorophyll catabolism
VIT_18s0089g01420	Vitvi05_01chr18g37360	7.15.3	mapman:Coenzyme metabolism.chlorophyll metabolism.chlorophyll catabolism
VIT_18s0089g01420	Vitvi05_01chr18g37360	7.15.3.2	mapman:Coenzyme metabolism.chlorophyll metabolism.chlorophyll catabolism.chlorophyll dephytylase *(CLD)
VIT_18s0001g01210	Vitvi05_01chr18g02580	7.15.3.3	mapman:Coenzyme metabolism.chlorophyll metabolism.chlorophyll catabolism.PAO-phyllobilin pathway
VIT_18s0001g01210	Vitvi05_01chr18g02580	7.15.3.3.1	mapman:Coenzyme metabolism.chlorophyll metabolism.chlorophyll catabolism.PAO-phyllobilin pathway.magnesium dechelatase *(SGR)
VIT_10s0116g00530	Vitvi05_01chr10g00450	7.2	mapman:Coenzyme metabolism.thiamine pyrophosphate biosynthesis
VIT_10s0116g00530	Vitvi05_01chr10g00450	7.2.2	mapman:Coenzyme metabolism.thiamine pyrophosphate biosynthesis.thiazole moiety
VIT_10s0116g00530	Vitvi05_01chr10g00450	7.2.2.1	mapman:Coenzyme metabolism.thiamine pyrophosphate biosynthesis.thiazole moiety.thiazole synthase *(Thi1)
VIT_08s0007g05000	Vitvi05_01chr08g19740	7.3	mapman:Coenzyme metabolism.S-adenosyl methionine (SAM) cycle
VIT_08s0007g05000	Vitvi05_01chr08g19740	7.3.1	mapman:Coenzyme metabolism.S-adenosyl methionine (SAM) cycle.S-adenosyl methionine synthetase *(MAT)
VIT_06s0004g01160	Vitvi05_01chr06g01770	7.5	mapman:Coenzyme metabolism.tetrahydrofolate metabolism
VIT_06s0004g01160	Vitvi05_01chr06g01770	7.5.7	mapman:Coenzyme metabolism.tetrahydrofolate metabolism.tetrahydrofolate (THF) interconversions
VIT_06s0004g01160	Vitvi05_01chr06g01770	7.5.7.1	mapman:Coenzyme metabolism.tetrahydrofolate metabolism.tetrahydrofolate (THF) interconversions.10-formyl-THF synthetase
VIT_11s0052g01090	Vitvi05_01chr11g18210	7.8	mapman:Coenzyme metabolism.prenylquinone biosynthesis
VIT_11s0052g01090	Vitvi05_01chr11g18210	7.8.1	mapman:Coenzyme metabolism.prenylquinone biosynthesis.4-hydroxybenzoate biosynthesis
VIT_11s0052g01090	Vitvi05_01chr11g18210	7.8.1.1	mapman:Coenzyme metabolism.prenylquinone biosynthesis.4-hydroxybenzoate biosynthesis.p-coumarate:CoA ligase *(4CL)
VIT_12s0057g01110	Vitvi05_01chr12g11520	7.9	mapman:Coenzyme metabolism.NAD/NADP biosynthesis
VIT_12s0057g01110	Vitvi05_01chr12g11520	7.9.6	mapman:Coenzyme metabolism.NAD/NADP biosynthesis.NAD homeostasis
VIT_12s0057g01110	Vitvi05_01chr12g11520	7.9.6.2	mapman:Coenzyme metabolism.NAD/NADP biosynthesis.NAD homeostasis.pyrophosphohydrolase *(NUDX)
VIT_04s0008g01740	Vitvi05_01chr04g01960	8	mapman:Polyamine metabolism
VIT_05s0020g03280	Vitvi05_01chr05g07310	8	mapman:Polyamine metabolism
VIT_05s0020g03320	Vitvi05_01chr05g07370	8	mapman:Polyamine metabolism
VIT_11s0037g00570	Vitvi05_01chr11g10600	8	mapman:Polyamine metabolism
VIT_04s0008g01740	Vitvi05_01chr04g01960	8.2	mapman:Polyamine metabolism.spermidine biosynthesis
VIT_04s0008g01740	Vitvi05_01chr04g01960	8.2.4	mapman:Polyamine metabolism.spermidine biosynthesis.thermospermine synthase *(ACL5)
VIT_11s0037g00570	Vitvi05_01chr11g10600	8.4	mapman:Polyamine metabolism.polyamine conjugation
VIT_11s0037g00570	Vitvi05_01chr11g10600	8.4.2	mapman:Polyamine metabolism.polyamine conjugation.spermidine hydroxycinnamoyl-CoA acyltransferase
VIT_05s0020g03280	Vitvi05_01chr05g07310	8.5	mapman:Polyamine metabolism.polyamine degradation
VIT_05s0020g03320	Vitvi05_01chr05g07370	8.5	mapman:Polyamine metabolism.polyamine degradation
VIT_05s0020g03280	Vitvi05_01chr05g07310	8.5.1	mapman:Polyamine metabolism.polyamine degradation.copper-containing amine oxidase *(CuAO)
VIT_05s0020g03320	Vitvi05_01chr05g07370	8.5.1	mapman:Polyamine metabolism.polyamine degradation.copper-containing amine oxidase *(CuAO)
VIT_00s0361g00040	Vitvi05_01chr10g05520	9	mapman:Secondary metabolism
VIT_00s0480g00040	Vitvi05_01chr10g07730	9	mapman:Secondary metabolism
VIT_01s0011g02960	Vitvi05_01chr01g03630	9	mapman:Secondary metabolism
VIT_02s0033g00290	Vitvi05_01chr02g15850	9	mapman:Secondary metabolism
VIT_02s0087g00910	Vitvi05_01chr02g19450	9	mapman:Secondary metabolism
VIT_02s0087g00930	Vitvi05_01chr02g19460	9	mapman:Secondary metabolism
VIT_03s0038g00450	Vitvi05_01chr03g00380	9	mapman:Secondary metabolism
VIT_03s0038g04680	Vitvi05_01chr03g05200	9	mapman:Secondary metabolism
VIT_03s0038g04700	Vitvi05_01chr03g05230	9	mapman:Secondary metabolism
VIT_04s0044g01740	Vitvi05_01chr04g25120	9	mapman:Secondary metabolism
VIT_04s0079g00680	Vitvi05_01chr04g12540	9	mapman:Secondary metabolism
VIT_04s0079g00690	Vitvi05_01chr04g12550	9	mapman:Secondary metabolism
VIT_05s0020g02130	Vitvi05_01chr05g05720	9	mapman:Secondary metabolism
VIT_05s0094g01590	Vitvi05_01chr05g26650	9	mapman:Secondary metabolism
VIT_05s0136g00260	Vitvi05_01chr05g15660	9	mapman:Secondary metabolism
VIT_06s0004g08150	Vitvi05_01chr06g11750	9	mapman:Secondary metabolism
VIT_06s0009g02810	Vitvi05_01chr06g17100	9	mapman:Secondary metabolism
VIT_06s0009g02970	Vitvi05_01chr06g17580	9	mapman:Secondary metabolism
VIT_08s0007g07720	Vitvi05_01chr08g23150	9	mapman:Secondary metabolism
VIT_08s0040g01710	Vitvi05_01chr08g10910	9	mapman:Secondary metabolism
VIT_09s0054g01220	Vitvi05_01chr09g21320	9	mapman:Secondary metabolism
VIT_10s0116g00560	Vitvi05_01chr10g07790	9	mapman:Secondary metabolism
VIT_11s0016g01880	Vitvi05_01chr11g02140	9	mapman:Secondary metabolism
VIT_11s0052g01090	Vitvi05_01chr11g18210	9	mapman:Secondary metabolism
VIT_12s0028g00920	Vitvi05_01chr12g01430	9	mapman:Secondary metabolism
VIT_13s0019g04460	Vitvi05_01chr13g08420	9	mapman:Secondary metabolism
VIT_14s0006g02880	Vitvi05_01chr14g17670	9	mapman:Secondary metabolism
VIT_14s0068g00920	Vitvi05_01chr14g21850	9	mapman:Secondary metabolism
VIT_16s0039g01120	Vitvi05_01chr16g00810	9	mapman:Secondary metabolism
VIT_16s0039g01170	Vitvi05_01chr16g00830	9	mapman:Secondary metabolism
VIT_16s0039g01240	Vitvi05_01chr16g00890	9	mapman:Secondary metabolism
VIT_16s0039g01280	Vitvi05_01chr16g00900	9	mapman:Secondary metabolism
VIT_16s0039g01300	Vitvi05_01chr16g00910	9	mapman:Secondary metabolism
VIT_16s0039g02230	Vitvi05_01chr16g02560	9	mapman:Secondary metabolism
VIT_16s0050g01090	Vitvi05_01chr16g16290	9	mapman:Secondary metabolism
VIT_16s0098g00860	Vitvi05_01chr16g20950	9	mapman:Secondary metabolism
VIT_16s0100g00750	Vitvi05_01chr16g14000	9	mapman:Secondary metabolism
VIT_16s0100g00770	Vitvi05_01chr16g14020	9	mapman:Secondary metabolism
VIT_16s0100g00780	Vitvi05_01chr16g14030	9	mapman:Secondary metabolism
VIT_16s0100g00880	Vitvi05_01chr16g14190	9	mapman:Secondary metabolism
VIT_16s0100g00910	Vitvi05_01chr16g14090	9	mapman:Secondary metabolism
VIT_16s0100g00990	Vitvi05_01chr16g14300	9	mapman:Secondary metabolism
VIT_16s0100g01000	Vitvi05_01chr16g14280	9	mapman:Secondary metabolism
VIT_16s0100g01010	Vitvi05_01chr16g14240	9	mapman:Secondary metabolism
VIT_16s0100g01020	Vitvi05_01chr16g14310	9	mapman:Secondary metabolism
VIT_16s0100g01030	Vitvi05_01chr16g14320	9	mapman:Secondary metabolism
VIT_16s0100g01070	Vitvi05_01chr16g14370	9	mapman:Secondary metabolism
VIT_16s0100g01100	Vitvi05_01chr16g14430	9	mapman:Secondary metabolism
VIT_16s0100g01140	Vitvi05_01chr16g14500	9	mapman:Secondary metabolism
VIT_16s0100g01150	Vitvi05_01chr16g14510	9	mapman:Secondary metabolism
VIT_16s0100g01160	Vitvi05_01chr16g14540	9	mapman:Secondary metabolism
VIT_16s0100g01190	Vitvi05_01chr16g14570	9	mapman:Secondary metabolism
VIT_17s0000g04150	Vitvi05_01chr17g05670	9	mapman:Secondary metabolism
VIT_18s0001g03430	Vitvi05_01chr18g04530	9	mapman:Secondary metabolism
VIT_18s0001g03470	Vitvi05_01chr18g04560	9	mapman:Secondary metabolism
VIT_18s0001g08550	Vitvi05_01chr18g09210	9	mapman:Secondary metabolism
VIT_18s0122g00610	Vitvi05_01chr18g00630	9	mapman:Secondary metabolism
VIT_02s0087g00910	Vitvi05_01chr02g19450	9.1	mapman:Secondary metabolism.terpenoids
VIT_02s0087g00930	Vitvi05_01chr02g19460	9.1	mapman:Secondary metabolism.terpenoids
VIT_03s0038g00450	Vitvi05_01chr03g00380	9.1	mapman:Secondary metabolism.terpenoids
VIT_04s0044g01740	Vitvi05_01chr04g25120	9.1	mapman:Secondary metabolism.terpenoids
VIT_04s0079g00680	Vitvi05_01chr04g12540	9.1	mapman:Secondary metabolism.terpenoids
VIT_05s0020g02130	Vitvi05_01chr05g05720	9.1	mapman:Secondary metabolism.terpenoids
VIT_09s0054g01220	Vitvi05_01chr09g21320	9.1	mapman:Secondary metabolism.terpenoids
VIT_11s0016g01880	Vitvi05_01chr11g02140	9.1	mapman:Secondary metabolism.terpenoids
VIT_14s0006g02880	Vitvi05_01chr14g17670	9.1	mapman:Secondary metabolism.terpenoids
VIT_16s0050g01090	Vitvi05_01chr16g16290	9.1	mapman:Secondary metabolism.terpenoids
VIT_18s0001g08550	Vitvi05_01chr18g09210	9.1	mapman:Secondary metabolism.terpenoids
VIT_18s0122g00610	Vitvi05_01chr18g00630	9.1	mapman:Secondary metabolism.terpenoids
VIT_04s0044g01740	Vitvi05_01chr04g25120	9.1.1	mapman:Secondary metabolism.terpenoids.mevalonate (MVA) pathway
VIT_18s0122g00610	Vitvi05_01chr18g00630	9.1.1	mapman:Secondary metabolism.terpenoids.mevalonate (MVA) pathway
VIT_04s0044g01740	Vitvi05_01chr04g25120	9.1.1.3	mapman:Secondary metabolism.terpenoids.mevalonate (MVA) pathway.3-hydroxy-3-methylglutaryl-CoA reductase *(HMGR)
VIT_18s0122g00610	Vitvi05_01chr18g00630	9.1.1.3	mapman:Secondary metabolism.terpenoids.mevalonate (MVA) pathway.3-hydroxy-3-methylglutaryl-CoA reductase *(HMGR)
VIT_05s0020g02130	Vitvi05_01chr05g05720	9.1.2	mapman:Secondary metabolism.terpenoids.methylerythritol phosphate (MEP) pathway
VIT_05s0020g02130	Vitvi05_01chr05g05720	9.1.2.2	mapman:Secondary metabolism.terpenoids.methylerythritol phosphate (MEP) pathway.1-deoxy-D-xylulose 5-phosphate synthase *(DXS)
VIT_09s0054g01220	Vitvi05_01chr09g21320	9.1.4	mapman:Secondary metabolism.terpenoids.terpene biosynthesis
VIT_09s0054g01220	Vitvi05_01chr09g21320	9.1.4.3	mapman:Secondary metabolism.terpenoids.terpene biosynthesis.triterpenoid synthase
VIT_03s0038g00450	Vitvi05_01chr03g00380	9.1.5	mapman:Secondary metabolism.terpenoids.cycloartenol biosynthesis
VIT_18s0001g08550	Vitvi05_01chr18g09210	9.1.5	mapman:Secondary metabolism.terpenoids.cycloartenol biosynthesis
VIT_03s0038g00450	Vitvi05_01chr03g00380	9.1.5.1	mapman:Secondary metabolism.terpenoids.cycloartenol biosynthesis.squalene synthase
VIT_18s0001g08550	Vitvi05_01chr18g09210	9.1.5.2	mapman:Secondary metabolism.terpenoids.cycloartenol biosynthesis.squalene epoxidase
VIT_02s0087g00910	Vitvi05_01chr02g19450	9.1.6	mapman:Secondary metabolism.terpenoids.carotenoid biosynthesis
VIT_02s0087g00930	Vitvi05_01chr02g19460	9.1.6	mapman:Secondary metabolism.terpenoids.carotenoid biosynthesis
VIT_04s0079g00680	Vitvi05_01chr04g12540	9.1.6	mapman:Secondary metabolism.terpenoids.carotenoid biosynthesis
VIT_11s0016g01880	Vitvi05_01chr11g02140	9.1.6	mapman:Secondary metabolism.terpenoids.carotenoid biosynthesis
VIT_14s0006g02880	Vitvi05_01chr14g17670	9.1.6	mapman:Secondary metabolism.terpenoids.carotenoid biosynthesis
VIT_16s0050g01090	Vitvi05_01chr16g16290	9.1.6	mapman:Secondary metabolism.terpenoids.carotenoid biosynthesis
VIT_04s0079g00680	Vitvi05_01chr04g12540	9.1.6.1	mapman:Secondary metabolism.terpenoids.carotenoid biosynthesis.carotenes
VIT_11s0016g01880	Vitvi05_01chr11g02140	9.1.6.1	mapman:Secondary metabolism.terpenoids.carotenoid biosynthesis.carotenes
VIT_04s0079g00680	Vitvi05_01chr04g12540	9.1.6.1.1	mapman:Secondary metabolism.terpenoids.carotenoid biosynthesis.carotenes.phytoene synthase *(PSY)
VIT_11s0016g01880	Vitvi05_01chr11g02140	9.1.6.1.5	mapman:Secondary metabolism.terpenoids.carotenoid biosynthesis.carotenes.lycopene epsilon cyclase *(LCY-e)
VIT_14s0006g02880	Vitvi05_01chr14g17670	9.1.6.2	mapman:Secondary metabolism.terpenoids.carotenoid biosynthesis.xanthophylls
VIT_16s0050g01090	Vitvi05_01chr16g16290	9.1.6.2	mapman:Secondary metabolism.terpenoids.carotenoid biosynthesis.xanthophylls
VIT_16s0050g01090	Vitvi05_01chr16g16290	9.1.6.2.1	mapman:Secondary metabolism.terpenoids.carotenoid biosynthesis.xanthophylls.carotenoid hydroxylase activities
VIT_16s0050g01090	Vitvi05_01chr16g16290	9.1.6.2.1.1	mapman:Secondary metabolism.terpenoids.carotenoid biosynthesis.xanthophylls.carotenoid hydroxylase activities.carotenoid beta-ring hydroxylase *(BCH)
VIT_14s0006g02880	Vitvi05_01chr14g17670	9.1.6.2.4	mapman:Secondary metabolism.terpenoids.carotenoid biosynthesis.xanthophylls.neoxanthin synthase *(ABA4)
VIT_02s0087g00910	Vitvi05_01chr02g19450	9.1.6.3	mapman:Secondary metabolism.terpenoids.carotenoid biosynthesis.apocarotenoids
VIT_02s0087g00930	Vitvi05_01chr02g19460	9.1.6.3	mapman:Secondary metabolism.terpenoids.carotenoid biosynthesis.apocarotenoids
VIT_02s0087g00910	Vitvi05_01chr02g19450	9.1.6.3.2	mapman:Secondary metabolism.terpenoids.carotenoid biosynthesis.apocarotenoids.carotenoid cleavage dioxygenase *(CCD4)
VIT_02s0087g00930	Vitvi05_01chr02g19460	9.1.6.3.2	mapman:Secondary metabolism.terpenoids.carotenoid biosynthesis.apocarotenoids.carotenoid cleavage dioxygenase *(CCD4)
VIT_00s0361g00040	Vitvi05_01chr10g05520	9.2	mapman:Secondary metabolism.phenolics
VIT_00s0480g00040	Vitvi05_01chr10g07730	9.2	mapman:Secondary metabolism.phenolics
VIT_01s0011g02960	Vitvi05_01chr01g03630	9.2	mapman:Secondary metabolism.phenolics
VIT_02s0033g00290	Vitvi05_01chr02g15850	9.2	mapman:Secondary metabolism.phenolics
VIT_03s0038g04680	Vitvi05_01chr03g05200	9.2	mapman:Secondary metabolism.phenolics
VIT_03s0038g04700	Vitvi05_01chr03g05230	9.2	mapman:Secondary metabolism.phenolics
VIT_04s0079g00690	Vitvi05_01chr04g12550	9.2	mapman:Secondary metabolism.phenolics
VIT_05s0094g01590	Vitvi05_01chr05g26650	9.2	mapman:Secondary metabolism.phenolics
VIT_05s0136g00260	Vitvi05_01chr05g15660	9.2	mapman:Secondary metabolism.phenolics
VIT_06s0004g08150	Vitvi05_01chr06g11750	9.2	mapman:Secondary metabolism.phenolics
VIT_06s0009g02810	Vitvi05_01chr06g17100	9.2	mapman:Secondary metabolism.phenolics
VIT_06s0009g02970	Vitvi05_01chr06g17580	9.2	mapman:Secondary metabolism.phenolics
VIT_08s0007g07720	Vitvi05_01chr08g23150	9.2	mapman:Secondary metabolism.phenolics
VIT_08s0040g01710	Vitvi05_01chr08g10910	9.2	mapman:Secondary metabolism.phenolics
VIT_10s0116g00560	Vitvi05_01chr10g07790	9.2	mapman:Secondary metabolism.phenolics
VIT_11s0052g01090	Vitvi05_01chr11g18210	9.2	mapman:Secondary metabolism.phenolics
VIT_12s0028g00920	Vitvi05_01chr12g01430	9.2	mapman:Secondary metabolism.phenolics
VIT_13s0019g04460	Vitvi05_01chr13g08420	9.2	mapman:Secondary metabolism.phenolics
VIT_14s0068g00920	Vitvi05_01chr14g21850	9.2	mapman:Secondary metabolism.phenolics
VIT_16s0039g01120	Vitvi05_01chr16g00810	9.2	mapman:Secondary metabolism.phenolics
VIT_16s0039g01170	Vitvi05_01chr16g00830	9.2	mapman:Secondary metabolism.phenolics
VIT_16s0039g01240	Vitvi05_01chr16g00890	9.2	mapman:Secondary metabolism.phenolics
VIT_16s0039g01280	Vitvi05_01chr16g00900	9.2	mapman:Secondary metabolism.phenolics
VIT_16s0039g01300	Vitvi05_01chr16g00910	9.2	mapman:Secondary metabolism.phenolics
VIT_16s0039g02230	Vitvi05_01chr16g02560	9.2	mapman:Secondary metabolism.phenolics
VIT_16s0098g00860	Vitvi05_01chr16g20950	9.2	mapman:Secondary metabolism.phenolics
VIT_16s0100g00750	Vitvi05_01chr16g14000	9.2	mapman:Secondary metabolism.phenolics
VIT_16s0100g00770	Vitvi05_01chr16g14020	9.2	mapman:Secondary metabolism.phenolics
VIT_16s0100g00780	Vitvi05_01chr16g14030	9.2	mapman:Secondary metabolism.phenolics
VIT_16s0100g00880	Vitvi05_01chr16g14190	9.2	mapman:Secondary metabolism.phenolics
VIT_16s0100g00910	Vitvi05_01chr16g14090	9.2	mapman:Secondary metabolism.phenolics
VIT_16s0100g00990	Vitvi05_01chr16g14300	9.2	mapman:Secondary metabolism.phenolics
VIT_16s0100g01000	Vitvi05_01chr16g14280	9.2	mapman:Secondary metabolism.phenolics
VIT_16s0100g01010	Vitvi05_01chr16g14240	9.2	mapman:Secondary metabolism.phenolics
VIT_16s0100g01020	Vitvi05_01chr16g14310	9.2	mapman:Secondary metabolism.phenolics
VIT_16s0100g01030	Vitvi05_01chr16g14320	9.2	mapman:Secondary metabolism.phenolics
VIT_16s0100g01070	Vitvi05_01chr16g14370	9.2	mapman:Secondary metabolism.phenolics
VIT_16s0100g01100	Vitvi05_01chr16g14430	9.2	mapman:Secondary metabolism.phenolics
VIT_16s0100g01140	Vitvi05_01chr16g14500	9.2	mapman:Secondary metabolism.phenolics
VIT_16s0100g01150	Vitvi05_01chr16g14510	9.2	mapman:Secondary metabolism.phenolics
VIT_16s0100g01160	Vitvi05_01chr16g14540	9.2	mapman:Secondary metabolism.phenolics
VIT_16s0100g01190	Vitvi05_01chr16g14570	9.2	mapman:Secondary metabolism.phenolics
VIT_17s0000g04150	Vitvi05_01chr17g05670	9.2	mapman:Secondary metabolism.phenolics
VIT_18s0001g03430	Vitvi05_01chr18g04530	9.2	mapman:Secondary metabolism.phenolics
VIT_18s0001g03470	Vitvi05_01chr18g04560	9.2	mapman:Secondary metabolism.phenolics
VIT_05s0094g01590	Vitvi05_01chr05g26650	9.2.1	mapman:Secondary metabolism.phenolics.p-coumaroyl-CoA biosynthesis
VIT_06s0004g08150	Vitvi05_01chr06g11750	9.2.1	mapman:Secondary metabolism.phenolics.p-coumaroyl-CoA biosynthesis
VIT_08s0040g01710	Vitvi05_01chr08g10910	9.2.1	mapman:Secondary metabolism.phenolics.p-coumaroyl-CoA biosynthesis
VIT_11s0052g01090	Vitvi05_01chr11g18210	9.2.1	mapman:Secondary metabolism.phenolics.p-coumaroyl-CoA biosynthesis
VIT_13s0019g04460	Vitvi05_01chr13g08420	9.2.1	mapman:Secondary metabolism.phenolics.p-coumaroyl-CoA biosynthesis
VIT_16s0039g01120	Vitvi05_01chr16g00810	9.2.1	mapman:Secondary metabolism.phenolics.p-coumaroyl-CoA biosynthesis
VIT_16s0039g01170	Vitvi05_01chr16g00830	9.2.1	mapman:Secondary metabolism.phenolics.p-coumaroyl-CoA biosynthesis
VIT_16s0039g01240	Vitvi05_01chr16g00890	9.2.1	mapman:Secondary metabolism.phenolics.p-coumaroyl-CoA biosynthesis
VIT_16s0039g01280	Vitvi05_01chr16g00900	9.2.1	mapman:Secondary metabolism.phenolics.p-coumaroyl-CoA biosynthesis
VIT_16s0039g01300	Vitvi05_01chr16g00910	9.2.1	mapman:Secondary metabolism.phenolics.p-coumaroyl-CoA biosynthesis
VIT_05s0094g01590	Vitvi05_01chr05g26650	9.2.1.1	mapman:Secondary metabolism.phenolics.p-coumaroyl-CoA biosynthesis.phenylalanine ammonia lyase activity
VIT_08s0040g01710	Vitvi05_01chr08g10910	9.2.1.1	mapman:Secondary metabolism.phenolics.p-coumaroyl-CoA biosynthesis.phenylalanine ammonia lyase activity
VIT_13s0019g04460	Vitvi05_01chr13g08420	9.2.1.1	mapman:Secondary metabolism.phenolics.p-coumaroyl-CoA biosynthesis.phenylalanine ammonia lyase activity
VIT_16s0039g01120	Vitvi05_01chr16g00810	9.2.1.1	mapman:Secondary metabolism.phenolics.p-coumaroyl-CoA biosynthesis.phenylalanine ammonia lyase activity
VIT_16s0039g01170	Vitvi05_01chr16g00830	9.2.1.1	mapman:Secondary metabolism.phenolics.p-coumaroyl-CoA biosynthesis.phenylalanine ammonia lyase activity
VIT_16s0039g01240	Vitvi05_01chr16g00890	9.2.1.1	mapman:Secondary metabolism.phenolics.p-coumaroyl-CoA biosynthesis.phenylalanine ammonia lyase activity
VIT_16s0039g01280	Vitvi05_01chr16g00900	9.2.1.1	mapman:Secondary metabolism.phenolics.p-coumaroyl-CoA biosynthesis.phenylalanine ammonia lyase activity
VIT_16s0039g01300	Vitvi05_01chr16g00910	9.2.1.1	mapman:Secondary metabolism.phenolics.p-coumaroyl-CoA biosynthesis.phenylalanine ammonia lyase activity
VIT_08s0040g01710	Vitvi05_01chr08g10910	9.2.1.1.1	mapman:Secondary metabolism.phenolics.p-coumaroyl-CoA biosynthesis.phenylalanine ammonia lyase activity.phenylalanine ammonia lyase *(PAL)
VIT_13s0019g04460	Vitvi05_01chr13g08420	9.2.1.1.1	mapman:Secondary metabolism.phenolics.p-coumaroyl-CoA biosynthesis.phenylalanine ammonia lyase activity.phenylalanine ammonia lyase *(PAL)
VIT_16s0039g01120	Vitvi05_01chr16g00810	9.2.1.1.1	mapman:Secondary metabolism.phenolics.p-coumaroyl-CoA biosynthesis.phenylalanine ammonia lyase activity.phenylalanine ammonia lyase *(PAL)
VIT_16s0039g01170	Vitvi05_01chr16g00830	9.2.1.1.1	mapman:Secondary metabolism.phenolics.p-coumaroyl-CoA biosynthesis.phenylalanine ammonia lyase activity.phenylalanine ammonia lyase *(PAL)
VIT_16s0039g01240	Vitvi05_01chr16g00890	9.2.1.1.1	mapman:Secondary metabolism.phenolics.p-coumaroyl-CoA biosynthesis.phenylalanine ammonia lyase activity.phenylalanine ammonia lyase *(PAL)
VIT_16s0039g01280	Vitvi05_01chr16g00900	9.2.1.1.1	mapman:Secondary metabolism.phenolics.p-coumaroyl-CoA biosynthesis.phenylalanine ammonia lyase activity.phenylalanine ammonia lyase *(PAL)
VIT_16s0039g01300	Vitvi05_01chr16g00910	9.2.1.1.1	mapman:Secondary metabolism.phenolics.p-coumaroyl-CoA biosynthesis.phenylalanine ammonia lyase activity.phenylalanine ammonia lyase *(PAL)
VIT_05s0094g01590	Vitvi05_01chr05g26650	9.2.1.1.2	mapman:Secondary metabolism.phenolics.p-coumaroyl-CoA biosynthesis.phenylalanine ammonia lyase activity.substrate adaptor of SCF E3 ubiquitin ligase *(KFB-PAL)
VIT_06s0004g08150	Vitvi05_01chr06g11750	9.2.1.2	mapman:Secondary metabolism.phenolics.p-coumaroyl-CoA biosynthesis.cinnamate 4-hydroxylase *(C4H)
VIT_11s0052g01090	Vitvi05_01chr11g18210	9.2.1.3	mapman:Secondary metabolism.phenolics.p-coumaroyl-CoA biosynthesis.p-coumarate:CoA ligase *(4CL)
VIT_00s0361g00040	Vitvi05_01chr10g05520	9.2.2	mapman:Secondary metabolism.phenolics.flavonoid biosynthesis
VIT_00s0480g00040	Vitvi05_01chr10g07730	9.2.2	mapman:Secondary metabolism.phenolics.flavonoid biosynthesis
VIT_01s0011g02960	Vitvi05_01chr01g03630	9.2.2	mapman:Secondary metabolism.phenolics.flavonoid biosynthesis
VIT_03s0038g04680	Vitvi05_01chr03g05200	9.2.2	mapman:Secondary metabolism.phenolics.flavonoid biosynthesis
VIT_03s0038g04700	Vitvi05_01chr03g05230	9.2.2	mapman:Secondary metabolism.phenolics.flavonoid biosynthesis
VIT_04s0079g00690	Vitvi05_01chr04g12550	9.2.2	mapman:Secondary metabolism.phenolics.flavonoid biosynthesis
VIT_05s0136g00260	Vitvi05_01chr05g15660	9.2.2	mapman:Secondary metabolism.phenolics.flavonoid biosynthesis
VIT_06s0009g02810	Vitvi05_01chr06g17100	9.2.2	mapman:Secondary metabolism.phenolics.flavonoid biosynthesis
VIT_06s0009g02970	Vitvi05_01chr06g17580	9.2.2	mapman:Secondary metabolism.phenolics.flavonoid biosynthesis
VIT_08s0007g07720	Vitvi05_01chr08g23150	9.2.2	mapman:Secondary metabolism.phenolics.flavonoid biosynthesis
VIT_10s0116g00560	Vitvi05_01chr10g07790	9.2.2	mapman:Secondary metabolism.phenolics.flavonoid biosynthesis
VIT_12s0028g00920	Vitvi05_01chr12g01430	9.2.2	mapman:Secondary metabolism.phenolics.flavonoid biosynthesis
VIT_14s0068g00920	Vitvi05_01chr14g21850	9.2.2	mapman:Secondary metabolism.phenolics.flavonoid biosynthesis
VIT_16s0039g02230	Vitvi05_01chr16g02560	9.2.2	mapman:Secondary metabolism.phenolics.flavonoid biosynthesis
VIT_16s0098g00860	Vitvi05_01chr16g20950	9.2.2	mapman:Secondary metabolism.phenolics.flavonoid biosynthesis
VIT_16s0100g00750	Vitvi05_01chr16g14000	9.2.2	mapman:Secondary metabolism.phenolics.flavonoid biosynthesis
VIT_16s0100g00770	Vitvi05_01chr16g14020	9.2.2	mapman:Secondary metabolism.phenolics.flavonoid biosynthesis
VIT_16s0100g00780	Vitvi05_01chr16g14030	9.2.2	mapman:Secondary metabolism.phenolics.flavonoid biosynthesis
VIT_16s0100g00880	Vitvi05_01chr16g14190	9.2.2	mapman:Secondary metabolism.phenolics.flavonoid biosynthesis
VIT_16s0100g00910	Vitvi05_01chr16g14090	9.2.2	mapman:Secondary metabolism.phenolics.flavonoid biosynthesis
VIT_16s0100g00990	Vitvi05_01chr16g14300	9.2.2	mapman:Secondary metabolism.phenolics.flavonoid biosynthesis
VIT_16s0100g01000	Vitvi05_01chr16g14280	9.2.2	mapman:Secondary metabolism.phenolics.flavonoid biosynthesis
VIT_16s0100g01010	Vitvi05_01chr16g14240	9.2.2	mapman:Secondary metabolism.phenolics.flavonoid biosynthesis
VIT_16s0100g01020	Vitvi05_01chr16g14310	9.2.2	mapman:Secondary metabolism.phenolics.flavonoid biosynthesis
VIT_16s0100g01030	Vitvi05_01chr16g14320	9.2.2	mapman:Secondary metabolism.phenolics.flavonoid biosynthesis
VIT_16s0100g01070	Vitvi05_01chr16g14370	9.2.2	mapman:Secondary metabolism.phenolics.flavonoid biosynthesis
VIT_16s0100g01100	Vitvi05_01chr16g14430	9.2.2	mapman:Secondary metabolism.phenolics.flavonoid biosynthesis
VIT_16s0100g01140	Vitvi05_01chr16g14500	9.2.2	mapman:Secondary metabolism.phenolics.flavonoid biosynthesis
VIT_16s0100g01150	Vitvi05_01chr16g14510	9.2.2	mapman:Secondary metabolism.phenolics.flavonoid biosynthesis
VIT_16s0100g01160	Vitvi05_01chr16g14540	9.2.2	mapman:Secondary metabolism.phenolics.flavonoid biosynthesis
VIT_16s0100g01190	Vitvi05_01chr16g14570	9.2.2	mapman:Secondary metabolism.phenolics.flavonoid biosynthesis
VIT_17s0000g04150	Vitvi05_01chr17g05670	9.2.2	mapman:Secondary metabolism.phenolics.flavonoid biosynthesis
VIT_18s0001g03430	Vitvi05_01chr18g04530	9.2.2	mapman:Secondary metabolism.phenolics.flavonoid biosynthesis
VIT_18s0001g03470	Vitvi05_01chr18g04560	9.2.2	mapman:Secondary metabolism.phenolics.flavonoid biosynthesis
VIT_00s0361g00040	Vitvi05_01chr10g05520	9.2.2.10	mapman:Secondary metabolism.phenolics.flavonoid biosynthesis.anthocyanidins
VIT_01s0011g02960	Vitvi05_01chr01g03630	9.2.2.10	mapman:Secondary metabolism.phenolics.flavonoid biosynthesis.anthocyanidins
VIT_04s0079g00690	Vitvi05_01chr04g12550	9.2.2.10	mapman:Secondary metabolism.phenolics.flavonoid biosynthesis.anthocyanidins
VIT_12s0028g00920	Vitvi05_01chr12g01430	9.2.2.10	mapman:Secondary metabolism.phenolics.flavonoid biosynthesis.anthocyanidins
VIT_17s0000g04150	Vitvi05_01chr17g05670	9.2.2.10	mapman:Secondary metabolism.phenolics.flavonoid biosynthesis.anthocyanidins
VIT_00s0361g00040	Vitvi05_01chr10g05520	9.2.2.10.3	mapman:Secondary metabolism.phenolics.flavonoid biosynthesis.anthocyanidins.anthocyanidin reductase *(ANR)
VIT_01s0011g02960	Vitvi05_01chr01g03630	9.2.2.10.4	mapman:Secondary metabolism.phenolics.flavonoid biosynthesis.anthocyanidins.leucoanthocyanidin reductase *(LAR)
VIT_17s0000g04150	Vitvi05_01chr17g05670	9.2.2.10.4	mapman:Secondary metabolism.phenolics.flavonoid biosynthesis.anthocyanidins.leucoanthocyanidin reductase *(LAR)
VIT_04s0079g00690	Vitvi05_01chr04g12550	9.2.2.10.5	mapman:Secondary metabolism.phenolics.flavonoid biosynthesis.anthocyanidins.anthocyanin glutathione S-transferase *(TT19)
VIT_12s0028g00920	Vitvi05_01chr12g01430	9.2.2.10.5	mapman:Secondary metabolism.phenolics.flavonoid biosynthesis.anthocyanidins.anthocyanin glutathione S-transferase *(TT19)
VIT_05s0136g00260	Vitvi05_01chr05g15660	9.2.2.2	mapman:Secondary metabolism.phenolics.flavonoid biosynthesis.chalcones
VIT_14s0068g00920	Vitvi05_01chr14g21850	9.2.2.2	mapman:Secondary metabolism.phenolics.flavonoid biosynthesis.chalcones
VIT_16s0100g00750	Vitvi05_01chr16g14000	9.2.2.2	mapman:Secondary metabolism.phenolics.flavonoid biosynthesis.chalcones
VIT_16s0100g00770	Vitvi05_01chr16g14020	9.2.2.2	mapman:Secondary metabolism.phenolics.flavonoid biosynthesis.chalcones
VIT_16s0100g00780	Vitvi05_01chr16g14030	9.2.2.2	mapman:Secondary metabolism.phenolics.flavonoid biosynthesis.chalcones
VIT_16s0100g00880	Vitvi05_01chr16g14190	9.2.2.2	mapman:Secondary metabolism.phenolics.flavonoid biosynthesis.chalcones
VIT_16s0100g00910	Vitvi05_01chr16g14090	9.2.2.2	mapman:Secondary metabolism.phenolics.flavonoid biosynthesis.chalcones
VIT_16s0100g00990	Vitvi05_01chr16g14300	9.2.2.2	mapman:Secondary metabolism.phenolics.flavonoid biosynthesis.chalcones
VIT_16s0100g01000	Vitvi05_01chr16g14280	9.2.2.2	mapman:Secondary metabolism.phenolics.flavonoid biosynthesis.chalcones
VIT_16s0100g01010	Vitvi05_01chr16g14240	9.2.2.2	mapman:Secondary metabolism.phenolics.flavonoid biosynthesis.chalcones
VIT_16s0100g01020	Vitvi05_01chr16g14310	9.2.2.2	mapman:Secondary metabolism.phenolics.flavonoid biosynthesis.chalcones
VIT_16s0100g01030	Vitvi05_01chr16g14320	9.2.2.2	mapman:Secondary metabolism.phenolics.flavonoid biosynthesis.chalcones
VIT_16s0100g01070	Vitvi05_01chr16g14370	9.2.2.2	mapman:Secondary metabolism.phenolics.flavonoid biosynthesis.chalcones
VIT_16s0100g01100	Vitvi05_01chr16g14430	9.2.2.2	mapman:Secondary metabolism.phenolics.flavonoid biosynthesis.chalcones
VIT_16s0100g01140	Vitvi05_01chr16g14500	9.2.2.2	mapman:Secondary metabolism.phenolics.flavonoid biosynthesis.chalcones
VIT_16s0100g01150	Vitvi05_01chr16g14510	9.2.2.2	mapman:Secondary metabolism.phenolics.flavonoid biosynthesis.chalcones
VIT_16s0100g01160	Vitvi05_01chr16g14540	9.2.2.2	mapman:Secondary metabolism.phenolics.flavonoid biosynthesis.chalcones
VIT_16s0100g01190	Vitvi05_01chr16g14570	9.2.2.2	mapman:Secondary metabolism.phenolics.flavonoid biosynthesis.chalcones
VIT_05s0136g00260	Vitvi05_01chr05g15660	9.2.2.2.1	mapman:Secondary metabolism.phenolics.flavonoid biosynthesis.chalcones.chalcone synthase activity
VIT_14s0068g00920	Vitvi05_01chr14g21850	9.2.2.2.1	mapman:Secondary metabolism.phenolics.flavonoid biosynthesis.chalcones.chalcone synthase activity
VIT_16s0100g00750	Vitvi05_01chr16g14000	9.2.2.2.1	mapman:Secondary metabolism.phenolics.flavonoid biosynthesis.chalcones.chalcone synthase activity
VIT_16s0100g00770	Vitvi05_01chr16g14020	9.2.2.2.1	mapman:Secondary metabolism.phenolics.flavonoid biosynthesis.chalcones.chalcone synthase activity
VIT_16s0100g00780	Vitvi05_01chr16g14030	9.2.2.2.1	mapman:Secondary metabolism.phenolics.flavonoid biosynthesis.chalcones.chalcone synthase activity
VIT_16s0100g00880	Vitvi05_01chr16g14190	9.2.2.2.1	mapman:Secondary metabolism.phenolics.flavonoid biosynthesis.chalcones.chalcone synthase activity
VIT_16s0100g00910	Vitvi05_01chr16g14090	9.2.2.2.1	mapman:Secondary metabolism.phenolics.flavonoid biosynthesis.chalcones.chalcone synthase activity
VIT_16s0100g00990	Vitvi05_01chr16g14300	9.2.2.2.1	mapman:Secondary metabolism.phenolics.flavonoid biosynthesis.chalcones.chalcone synthase activity
VIT_16s0100g01000	Vitvi05_01chr16g14280	9.2.2.2.1	mapman:Secondary metabolism.phenolics.flavonoid biosynthesis.chalcones.chalcone synthase activity
VIT_16s0100g01010	Vitvi05_01chr16g14240	9.2.2.2.1	mapman:Secondary metabolism.phenolics.flavonoid biosynthesis.chalcones.chalcone synthase activity
VIT_16s0100g01020	Vitvi05_01chr16g14310	9.2.2.2.1	mapman:Secondary metabolism.phenolics.flavonoid biosynthesis.chalcones.chalcone synthase activity
VIT_16s0100g01030	Vitvi05_01chr16g14320	9.2.2.2.1	mapman:Secondary metabolism.phenolics.flavonoid biosynthesis.chalcones.chalcone synthase activity
VIT_16s0100g01070	Vitvi05_01chr16g14370	9.2.2.2.1	mapman:Secondary metabolism.phenolics.flavonoid biosynthesis.chalcones.chalcone synthase activity
VIT_16s0100g01100	Vitvi05_01chr16g14430	9.2.2.2.1	mapman:Secondary metabolism.phenolics.flavonoid biosynthesis.chalcones.chalcone synthase activity
VIT_16s0100g01140	Vitvi05_01chr16g14500	9.2.2.2.1	mapman:Secondary metabolism.phenolics.flavonoid biosynthesis.chalcones.chalcone synthase activity
VIT_16s0100g01150	Vitvi05_01chr16g14510	9.2.2.2.1	mapman:Secondary metabolism.phenolics.flavonoid biosynthesis.chalcones.chalcone synthase activity
VIT_16s0100g01160	Vitvi05_01chr16g14540	9.2.2.2.1	mapman:Secondary metabolism.phenolics.flavonoid biosynthesis.chalcones.chalcone synthase activity
VIT_16s0100g01190	Vitvi05_01chr16g14570	9.2.2.2.1	mapman:Secondary metabolism.phenolics.flavonoid biosynthesis.chalcones.chalcone synthase activity
VIT_05s0136g00260	Vitvi05_01chr05g15660	9.2.2.2.1.1	mapman:Secondary metabolism.phenolics.flavonoid biosynthesis.chalcones.chalcone synthase activity.chalcone synthase *(CHS)
VIT_14s0068g00920	Vitvi05_01chr14g21850	9.2.2.2.1.1	mapman:Secondary metabolism.phenolics.flavonoid biosynthesis.chalcones.chalcone synthase activity.chalcone synthase *(CHS)
VIT_16s0100g00750	Vitvi05_01chr16g14000	9.2.2.2.1.1	mapman:Secondary metabolism.phenolics.flavonoid biosynthesis.chalcones.chalcone synthase activity.chalcone synthase *(CHS)
VIT_16s0100g00770	Vitvi05_01chr16g14020	9.2.2.2.1.1	mapman:Secondary metabolism.phenolics.flavonoid biosynthesis.chalcones.chalcone synthase activity.chalcone synthase *(CHS)
VIT_16s0100g00780	Vitvi05_01chr16g14030	9.2.2.2.1.1	mapman:Secondary metabolism.phenolics.flavonoid biosynthesis.chalcones.chalcone synthase activity.chalcone synthase *(CHS)
VIT_16s0100g00880	Vitvi05_01chr16g14190	9.2.2.2.1.1	mapman:Secondary metabolism.phenolics.flavonoid biosynthesis.chalcones.chalcone synthase activity.chalcone synthase *(CHS)
VIT_16s0100g00910	Vitvi05_01chr16g14090	9.2.2.2.1.1	mapman:Secondary metabolism.phenolics.flavonoid biosynthesis.chalcones.chalcone synthase activity.chalcone synthase *(CHS)
VIT_16s0100g00990	Vitvi05_01chr16g14300	9.2.2.2.1.1	mapman:Secondary metabolism.phenolics.flavonoid biosynthesis.chalcones.chalcone synthase activity.chalcone synthase *(CHS)
VIT_16s0100g01000	Vitvi05_01chr16g14280	9.2.2.2.1.1	mapman:Secondary metabolism.phenolics.flavonoid biosynthesis.chalcones.chalcone synthase activity.chalcone synthase *(CHS)
VIT_16s0100g01010	Vitvi05_01chr16g14240	9.2.2.2.1.1	mapman:Secondary metabolism.phenolics.flavonoid biosynthesis.chalcones.chalcone synthase activity.chalcone synthase *(CHS)
VIT_16s0100g01020	Vitvi05_01chr16g14310	9.2.2.2.1.1	mapman:Secondary metabolism.phenolics.flavonoid biosynthesis.chalcones.chalcone synthase activity.chalcone synthase *(CHS)
VIT_16s0100g01030	Vitvi05_01chr16g14320	9.2.2.2.1.1	mapman:Secondary metabolism.phenolics.flavonoid biosynthesis.chalcones.chalcone synthase activity.chalcone synthase *(CHS)
VIT_16s0100g01070	Vitvi05_01chr16g14370	9.2.2.2.1.1	mapman:Secondary metabolism.phenolics.flavonoid biosynthesis.chalcones.chalcone synthase activity.chalcone synthase *(CHS)
VIT_16s0100g01100	Vitvi05_01chr16g14430	9.2.2.2.1.1	mapman:Secondary metabolism.phenolics.flavonoid biosynthesis.chalcones.chalcone synthase activity.chalcone synthase *(CHS)
VIT_16s0100g01140	Vitvi05_01chr16g14500	9.2.2.2.1.1	mapman:Secondary metabolism.phenolics.flavonoid biosynthesis.chalcones.chalcone synthase activity.chalcone synthase *(CHS)
VIT_16s0100g01150	Vitvi05_01chr16g14510	9.2.2.2.1.1	mapman:Secondary metabolism.phenolics.flavonoid biosynthesis.chalcones.chalcone synthase activity.chalcone synthase *(CHS)
VIT_16s0100g01160	Vitvi05_01chr16g14540	9.2.2.2.1.1	mapman:Secondary metabolism.phenolics.flavonoid biosynthesis.chalcones.chalcone synthase activity.chalcone synthase *(CHS)
VIT_16s0100g01190	Vitvi05_01chr16g14570	9.2.2.2.1.1	mapman:Secondary metabolism.phenolics.flavonoid biosynthesis.chalcones.chalcone synthase activity.chalcone synthase *(CHS)
VIT_16s0098g00860	Vitvi05_01chr16g20950	9.2.2.4	mapman:Secondary metabolism.phenolics.flavonoid biosynthesis.flavones
VIT_16s0098g00860	Vitvi05_01chr16g20950	9.2.2.4.1	mapman:Secondary metabolism.phenolics.flavonoid biosynthesis.flavones.type-I flavone synthase
VIT_06s0009g02810	Vitvi05_01chr06g17100	9.2.2.5	mapman:Secondary metabolism.phenolics.flavonoid biosynthesis.dihydroflavonols
VIT_06s0009g02970	Vitvi05_01chr06g17580	9.2.2.5	mapman:Secondary metabolism.phenolics.flavonoid biosynthesis.dihydroflavonols
VIT_06s0009g02810	Vitvi05_01chr06g17100	9.2.2.5.3	mapman:Secondary metabolism.phenolics.flavonoid biosynthesis.dihydroflavonols.flavonoid 3,5-hydroxylase *(F35H)
VIT_06s0009g02970	Vitvi05_01chr06g17580	9.2.2.5.3	mapman:Secondary metabolism.phenolics.flavonoid biosynthesis.dihydroflavonols.flavonoid 3,5-hydroxylase *(F35H)
VIT_18s0001g03430	Vitvi05_01chr18g04530	9.2.2.6	mapman:Secondary metabolism.phenolics.flavonoid biosynthesis.flavonols
VIT_18s0001g03470	Vitvi05_01chr18g04560	9.2.2.6	mapman:Secondary metabolism.phenolics.flavonoid biosynthesis.flavonols
VIT_18s0001g03430	Vitvi05_01chr18g04530	9.2.2.6.1	mapman:Secondary metabolism.phenolics.flavonoid biosynthesis.flavonols.flavonol synthase *(FLS)
VIT_18s0001g03470	Vitvi05_01chr18g04560	9.2.2.6.1	mapman:Secondary metabolism.phenolics.flavonoid biosynthesis.flavonols.flavonol synthase *(FLS)
VIT_16s0039g02230	Vitvi05_01chr16g02560	9.2.2.7	mapman:Secondary metabolism.phenolics.flavonoid biosynthesis.flavonol glycosides
VIT_16s0039g02230	Vitvi05_01chr16g02560	9.2.2.7.2	mapman:Secondary metabolism.phenolics.flavonoid biosynthesis.flavonol glycosides.flavonol-3-O-rhamnosyltransferase *(UGT78D)
VIT_00s0480g00040	Vitvi05_01chr10g07730	9.2.2.8	mapman:Secondary metabolism.phenolics.flavonoid biosynthesis.aurones
VIT_10s0116g00560	Vitvi05_01chr10g07790	9.2.2.8	mapman:Secondary metabolism.phenolics.flavonoid biosynthesis.aurones
VIT_00s0480g00040	Vitvi05_01chr10g07730	9.2.2.8.1	mapman:Secondary metabolism.phenolics.flavonoid biosynthesis.aurones.aureusidin synthase
VIT_10s0116g00560	Vitvi05_01chr10g07790	9.2.2.8.1	mapman:Secondary metabolism.phenolics.flavonoid biosynthesis.aurones.aureusidin synthase
VIT_03s0038g04680	Vitvi05_01chr03g05200	9.2.2.9	mapman:Secondary metabolism.phenolics.flavonoid biosynthesis.isoflavonoids
VIT_03s0038g04700	Vitvi05_01chr03g05230	9.2.2.9	mapman:Secondary metabolism.phenolics.flavonoid biosynthesis.isoflavonoids
VIT_08s0007g07720	Vitvi05_01chr08g23150	9.2.2.9	mapman:Secondary metabolism.phenolics.flavonoid biosynthesis.isoflavonoids
VIT_08s0007g07720	Vitvi05_01chr08g23150	9.2.2.9.1	mapman:Secondary metabolism.phenolics.flavonoid biosynthesis.isoflavonoids.2-hydroxyisoflavanone synthase *(HIS)
VIT_03s0038g04680	Vitvi05_01chr03g05200	9.2.2.9.3	mapman:Secondary metabolism.phenolics.flavonoid biosynthesis.isoflavonoids.isoflavone reductase
VIT_03s0038g04700	Vitvi05_01chr03g05230	9.2.2.9.3	mapman:Secondary metabolism.phenolics.flavonoid biosynthesis.isoflavonoids.isoflavone reductase
VIT_02s0033g00290	Vitvi05_01chr02g15850	9.2.3	mapman:Secondary metabolism.phenolics.lignan biosynthesis
VIT_02s0033g00290	Vitvi05_01chr02g15850	9.2.3.1	mapman:Secondary metabolism.phenolics.lignan biosynthesis.pinoresinol/lariciresinol reductase *(PLR)
