"Module"	"Gene"	"Rank_kWithin"	"kWithin"	"kWithin_per_possible_edge"	"kME_signed"	"abs_kME"	"Rank_abs_kME"	"Fraction_kWithin_from_negative_correlations"	"Top_decile_kWithin"	"Beta7_module"	"In_best_matching_beta7_module"	"V3_gene"	"V5_gene"	"V3_MapMan_annotated"	"V5_MapMan_annotated"	"V3_TF_label"	"V5_TF_label"	"V3_leaf_terms"	"V5_leaf_terms"	"Veraison_CS_exact_zero_fraction"	"Veraison_PN_exact_zero_fraction"	"Veraison_CS_minus_PN_2012"	"Veraison_CS_minus_PN_2013"	"Veraison_CS_minus_PN_2014"	"Veraison_same_direction_all_years"	"Harvest_CS_exact_zero_fraction"	"Harvest_PN_exact_zero_fraction"	"Harvest_CS_minus_PN_2012"	"Harvest_CS_minus_PN_2013"	"Harvest_CS_minus_PN_2014"	"Harvest_same_direction_all_years"
"M10"	"VIT_07s0005g01700"	1	8.93634243978552	0.235166906310145	0.97360499972166	0.97360499972166	1	0.064125071010002	TRUE	"M7"	TRUE	"Vitvi07g02230"	"Vitvi05_01chr07g06780"	TRUE	TRUE	TRUE	FALSE	"RNA biosynthesis.transcriptional regulation.transcription factor (bHLH)"	"mapman:Cell wall organisation.cell surface reactive oxygen homeostasis.bHLH transcription factor *(UPBEAT)"	0	0	-1.09168267045852	-1.1866919596896	-0.973535665769651	TRUE	0.111111111111111	0	-2.271357472922	-1.47913690319975	-0.465321072734242	TRUE
"M10"	"VIT_17s0000g01930"	2	8.33108627342927	0.219239112458665	0.953132282483091	0.953132282483091	3	0.0516598578262052	TRUE	"M7"	TRUE	"Vitvi17g00162"	"Vitvi05_01chr17g02250"	TRUE	TRUE	FALSE	FALSE	"Solute transport.carrier-mediated transport.APC superfamily.potassium cation transporter (HAK/KUP/KT)"	"mapman:Solute transport.carrier-mediated transport.APC superfamily.potassium cation transporter *(HAK/KUP/KT)"	0	0	0.0956130038322502	0.78474449301071	0.39595347157378	TRUE	0	0	-1.04877894807843	-0.169866939581125	0.89680121069645	FALSE
"M10"	"VIT_17s0000g05580"	3	8.3017409353631	0.218466866720082	0.95536294078852	0.95536294078852	2	0.0894965671265537	TRUE	"M7"	TRUE	NA	NA	FALSE	FALSE	FALSE	FALSE	NA	NA	0	0	-0.447497631477435	0.226842008140403	-0.117037446652672	FALSE	0	0	-0.455242494467597	-0.426642029939502	-0.775642080652746	TRUE
"M10"	"VIT_17s0000g00430"	4	7.50696262653218	0.197551648066636	0.926999311376452	0.926999311376452	8	0.0840515566242714	TRUE	"M1"	FALSE	"Vitvi17g00046"	NA	TRUE	FALSE	TRUE	FALSE	"RNA biosynthesis.transcriptional regulation.transcription factor (bHLH); External stimuli response.light.UV-A/blue light.cryptochrome-mediated photoperception.transcriptional regulator (CIB)"	NA	0	0	-0.220803148941195	-0.0786703240916591	-0.269360175560257	TRUE	0	0	-0.500026837931232	0.048963244360591	0.178436701857349	FALSE
"M10"	"VIT_02s0025g01610"	5	7.17805586265227	0.188896206911902	0.933484779233269	0.933484779233269	5	0.0825451473522261	FALSE	"M7"	TRUE	"Vitvi02g00149"	"Vitvi05_01chr02g01860"	TRUE	TRUE	FALSE	FALSE	"Multi-process regulation.phosphoinositide lipid regulatory system.phosphatidylinositol 4/5-phosphate.phosphatidylinositol 4-kinase (PI4K-gamma)"	"mapman:Multi-process regulation.phosphoinositide signalling.phosphoinositide homeostasis.phosphatidylinositol 4-kinase *(PI4K-gamma)"	0	0	0.104185426055463	-0.148499797678689	-0.157264027259997	FALSE	0	0	0.215603737946831	0.619028178531381	0.822153283015471	TRUE
"M10"	"VIT_05s0102g00710"	6	6.9697262825646	0.183413849541174	-0.934429976018736	0.934429976018736	4	0.974490961623676	FALSE	"M7"	TRUE	"Vitvi05g01516"	"Vitvi05_01chr05g23320"	TRUE	TRUE	FALSE	FALSE	"Carbohydrate metabolism.sucrose metabolism.degradation.fructose kinase"	"mapman:Carbohydrate metabolism.sucrose metabolism.degradation.fructose kinase; mapman:Enzyme classification.EC_2 transferases.EC_2-7 transferase transferring phosphorus-containing group"	0	0	0.818775250813252	1.20478795140565	0.684571044469167	TRUE	0	0	0.52279700734077	0.110832915665241	0.474386503076916	TRUE
"M10"	"VIT_19s0015g01300"	7	6.69505015649454	0.176185530434067	0.930935677666457	0.930935677666457	6	0.047110802514241	FALSE	"M1"	FALSE	"Vitvi19g00760"	NA	TRUE	FALSE	FALSE	FALSE	"Solute transport.carrier-mediated transport.APC superfamily.AAAP family.amino acid transporter (AAP)"	NA	0	0	-1.14737533420095	-1.16467237447048	-1.13652053511959	TRUE	0	0	-2.40157538166163	-1.36842811473495	-0.600878036678367	TRUE
"M10"	"VIT_16s0098g00790"	8	6.64093979490214	0.174761573550056	0.925815266606467	0.925815266606467	10	0.0646125375990457	FALSE	"M7"	TRUE	"Vitvi16g02059"	NA	TRUE	FALSE	FALSE	FALSE	"not assigned.annotated"	NA	0	0	0.308337811868117	0.2516132814778	0.713897823132275	TRUE	0	0	0.232971933767066	0.128804883100036	0.709763139912784	TRUE
"M10"	"VIT_16s0100g00400"	9	6.45339461472526	0.169826174071717	0.924382390461053	0.924382390461053	12	0.0871914042809155	FALSE	"M7"	TRUE	"Vitvi16g00942"	NA	TRUE	FALSE	TRUE	FALSE	"RNA biosynthesis.transcriptional regulation.AP2/ERF  transcription factor superfamily.transcription factor (DREB)"	NA	0	0	-0.912478705975783	-0.517824904347107	-0.120369248245642	TRUE	0	0	-0.939800481877255	-0.681929205142795	0.259165976628249	FALSE
"M10"	"VIT_03s0091g00260"	10	6.20683934711603	0.163337877555685	0.907986912746446	0.907986912746446	18	0.075412222981055	FALSE	"M1"	FALSE	"Vitvi03g00582"	"Vitvi05_01chr03g09350"	TRUE	TRUE	TRUE	TRUE	"RNA biosynthesis.transcriptional regulation.transcription factor (C2H2-ZF)"	"mapman:RNA biosynthesis.DNA-binding transcriptional regulation.zinc-coordinating DNA-binding domain.ZFP transcription factor"	0	0	-0.402666923304704	-0.306344395226061	-0.400383643569868	TRUE	0	0	-0.0697621226832483	0.440677025583866	0.364680923531003	FALSE
"M10"	"VIT_04s0023g03550"	11	6.16773335387739	0.162308772470458	0.929149478166086	0.929149478166086	7	0.0501331453167358	FALSE	"M7"	TRUE	"Vitvi04g01471"	"Vitvi05_01chr04g20470"	TRUE	FALSE	FALSE	FALSE	"not assigned.annotated"	NA	0	0	-2.58395472724002	-2.13073263164028	-1.8861341717887	TRUE	0	0	-2.11777981612168	-1.35239318049437	0.132839194895894	FALSE
"M10"	"VIT_00s0271g00110"	12	6.15405752084649	0.161948882127539	0.925838554352174	0.925838554352174	9	0.0407447866436018	FALSE	"M7"	TRUE	NA	NA	FALSE	FALSE	FALSE	FALSE	NA	NA	0	0	-0.199658163989183	-0.0136720884228367	-0.395816305410395	TRUE	0	0	-3.30716560413456	-4.32679926896307	-3.03844821369025	TRUE
"M10"	"VIT_00s0274g00090"	13	6.05818944369312	0.159426037991924	0.925281670489703	0.925281670489703	11	0.0350214028622272	FALSE	"M7"	TRUE	"Vitvi10g01735"	NA	TRUE	FALSE	FALSE	FALSE	"not assigned.annotated"	NA	0	0	0.990701183191914	0.981105566187903	1.21768817977637	TRUE	0	0	-2.65880145507344	-2.59108323830913	-1.76047869071987	TRUE
"M10"	"VIT_15s0048g00740"	14	6.02294670361308	0.158498597463502	0.921597969425128	0.921597969425128	13	0.0541931995070756	FALSE	"M7"	TRUE	"Vitvi15g00727"	NA	TRUE	FALSE	FALSE	FALSE	"not assigned.not annotated"	NA	0	0	-0.46185680130701	-0.0892989560951971	0.868938798696534	FALSE	0	0	-2.98635532919505	-1.953631579348	-2.10350573009411	TRUE
"M10"	"VIT_08s0040g02610"	15	5.92348469195902	0.155881176104185	0.921420242370687	0.921420242370687	14	0.0502948080612295	FALSE	"M7"	TRUE	"Vitvi08g02168"	"Vitvi05_01chr08g12240"	TRUE	FALSE	FALSE	FALSE	"not assigned.not annotated"	NA	0	0	-0.842484241029401	-0.175037513006023	-0.312688327458599	TRUE	0	0	-1.39671653874394	-1.43044337930601	0.183374910694489	FALSE
"M10"	"VIT_02s0033g01120"	16	5.71144896901841	0.150301288658379	0.911926220818902	0.911926220818902	17	0.0887966944447059	FALSE	"M7"	TRUE	"Vitvi02g01143"	"Vitvi05_01chr02g17580"	TRUE	FALSE	FALSE	FALSE	"not assigned.annotated"	NA	0	0	0.42604501103842	-0.0538746965979815	-0.204751206067236	FALSE	0	0	-1.01089329586577	-0.354796913108464	-0.192672782253263	TRUE
"M10"	"VIT_04s0023g03540"	17	5.69455771942478	0.149856782090126	0.914834486556963	0.914834486556963	16	0.05236949619044	FALSE	"M7"	TRUE	"Vitvi04g01470"	NA	TRUE	FALSE	FALSE	FALSE	"not assigned.annotated"	NA	0	0	-2.78797893046452	-2.47405049483876	-2.55504960008132	TRUE	0	0	-1.15181202698685	-0.354191275556227	0.996339099526426	FALSE
"M10"	"VIT_12s0035g02080"	18	5.5893544080311	0.147088273895555	0.919278092614071	0.919278092614071	15	0.0892032543136656	FALSE	"M7"	TRUE	"Vitvi12g02755"	"Vitvi05_01chr12g23210"	TRUE	FALSE	FALSE	FALSE	"not assigned.not annotated"	NA	0	0	-0.157291998577015	-0.566565263821357	-0.451468787708506	TRUE	0	0	-0.904598336181925	-0.112859821406668	1.02471613599011	FALSE
"M10"	"VIT_05s0049g00770"	19	5.30000240685939	0.139473747548931	0.90702976435682	0.90702976435682	19	0.0464927048776096	FALSE	"M7"	TRUE	"Vitvi05g01947"	NA	TRUE	FALSE	FALSE	FALSE	"not assigned.not annotated"	NA	0	0	-3.49828611757837	-3.1985094612228	-3.04175502702832	TRUE	0	0	-0.794883651462675	-1.42815503627276	0.170994909946405	FALSE
"M10"	"VIT_18s0001g12830"	20	4.85371375020268	0.12772930921586	0.896277110693142	0.896277110693142	21	0.0967461500201551	FALSE	"M7"	TRUE	"Vitvi18g00991"	"Vitvi05_01chr18g14840"	TRUE	TRUE	FALSE	FALSE	"Cell wall organisation.hemicellulose.heteromannan.modification and degradation.endo-beta-1,4-mannanase"	"mapman:Cell wall organisation.hemicellulose.heteromannan.modification and degradation.endo-beta-1,4-mannanase *(MAN)"	0	0	-0.7041938343309	-0.63406372734741	-0.89268507817431	TRUE	0	0	-1.86498431513282	-1.51251346418391	-1.68675151060238	TRUE
"M10"	"VIT_12s0059g00490"	21	4.71343378535144	0.124037731193459	0.896161731352495	0.896161731352495	22	0.0465034389834686	FALSE	"M7"	TRUE	"Vitvi12g00355"	"Vitvi05_01chr12g06140"	TRUE	FALSE	FALSE	FALSE	"not assigned.not annotated"	NA	0	0	-0.670499705710821	0.414512185946199	-1.70499775459068	FALSE	0	0	-6.07254982905702	-4.82410016553453	-5.51882141168033	TRUE
"M10"	"VIT_13s0067g00700"	22	4.09638680591599	0.107799652787263	0.898451786942441	0.898451786942441	20	0.0288518584541488	FALSE	"M7"	TRUE	"Vitvi13g00035"	"Vitvi05_01chr13g00430"	TRUE	FALSE	FALSE	FALSE	"not assigned.not annotated"	NA	0	0	-0.635516525590083	0.806012992543447	0.333383806239729	FALSE	0	0	-1.22942918961368	-0.597764029620732	0.257050723983038	FALSE
"M10"	"VIT_12s0142g00160"	23	4.01094207672309	0.105551107282187	0.880018593754926	0.880018593754926	23	0.0497493484121954	FALSE	"M7"	TRUE	"Vitvi12g02185"	NA	TRUE	FALSE	FALSE	FALSE	"not assigned.not annotated"	NA	0	0	-0.462909835680617	0.0134940906158363	-0.0563627690237345	FALSE	0	0	-2.6083246005706	-2.29504734247885	-1.98127857675177	TRUE
"M10"	"VIT_05s0020g00840"	24	3.07138951794252	0.0808260399458558	0.864681727429066	0.864681727429066	24	0.0744648168908813	FALSE	"M7"	TRUE	"Vitvi05g01833"	"Vitvi05_01chr05g04000"	TRUE	FALSE	FALSE	FALSE	"not assigned.not annotated"	NA	0	0	-0.155039929512567	0.0709922629679118	0.0889991846983373	FALSE	0	0	-0.607319130501143	-0.140699157621408	-0.378238899367378	TRUE
"M10"	"VIT_18s0001g15730"	25	2.97440527736147	0.0782738230884597	0.856056048901747	0.856056048901747	26	0.0702952642625288	FALSE	"M7"	TRUE	"Vitvi18g01254"	"Vitvi05_01chr18g18600"	TRUE	TRUE	TRUE	TRUE	"RNA biosynthesis.transcriptional regulation.C2C2 transcription factor superfamily.transcription factor (DOF)"	"mapman:RNA biosynthesis.DNA-binding transcriptional regulation.zinc-coordinating DNA-binding domain.DOF transcription factor"	0	0	-1.87853675899958	-2.39360591505885	-2.33605149444277	TRUE	0	0	-0.748673681745608	-0.874570449604075	-0.144915824086994	TRUE
"M10"	"VIT_08s0040g01890"	26	2.95209206214277	0.0776866332142835	0.862010915730258	0.862010915730258	25	0.14629871528379	FALSE	"M7"	TRUE	"Vitvi08g01038"	NA	TRUE	FALSE	FALSE	FALSE	"Solute transport.channels.MIP family.plasma membrane intrinsic protein (PIP)"	NA	0	0	-0.933776585681796	-0.202009572507713	-0.469276849862226	TRUE	0	0	0.371007941023853	1.08299744984338	-0.422318157411353	FALSE
"M10"	"VIT_00s0274g00080"	27	2.83161718851351	0.074516241802987	0.848929624117933	0.848929624117933	27	0.0399204616537641	FALSE	"M7"	TRUE	"Vitvi10g01734"	NA	TRUE	FALSE	FALSE	FALSE	"not assigned.annotated"	NA	0	0	0.630299527349741	0.771627391593269	1.02699155254127	TRUE	0	0	-2.73346493649821	-3.46970345833036	-1.2209744722103	TRUE
"M10"	"VIT_05s0049g00840"	28	2.51784093979652	0.0662589720999085	0.826428061298495	0.826428061298495	28	0.0438827662119086	FALSE	"M7"	TRUE	"Vitvi05g01953"	"Vitvi05_01chr05g10840"	TRUE	FALSE	FALSE	FALSE	"not assigned.not annotated"	NA	0	0	-3.19618924106788	-2.29794102326337	-1.54529084436124	TRUE	0	0	0.342218535556825	-1.0880945820461	0.411344159615847	FALSE
"M10"	"VIT_04s0023g02280"	29	2.05998343465435	0.0542100903856407	0.821334593093129	0.821334593093129	29	0.0963659377540532	FALSE	"M7"	TRUE	"Vitvi04g02122"	"Vitvi05_01chr04g18750"	TRUE	TRUE	FALSE	FALSE	"Enzyme classification.EC_2 transferases.EC_2.1 transferase transferring one-carbon group"	"mapman:Enzyme classification.EC_2 transferases.EC_2-1 transferase transferring one-carbon group"	0	0	-0.66528429458543	-1.82409665138604	-1.4817968222623	TRUE	0	0	-2.72393425766854	-0.583381943065725	-1.33742710676875	TRUE
"M10"	"VIT_17s0000g07470"	30	1.7199752274207	0.0452625059847554	0.799843121311011	0.799843121311011	30	0.0173664942071119	FALSE	"M7"	TRUE	"Vitvi17g00722"	"Vitvi05_01chr17g11000"	TRUE	FALSE	FALSE	FALSE	"not assigned.annotated"	NA	0	0	-0.365746784030229	-0.189332639520567	-0.815097966305272	TRUE	0	0	-1.87669334860992	-0.990336774878437	-1.02443680764431	TRUE
"M10"	"VIT_16s0098g01170"	31	1.64670325711813	0.0433342962399508	-0.796989913148376	0.796989913148376	31	0.914024323206387	FALSE	"M7"	TRUE	"Vitvi16g01362"	NA	TRUE	FALSE	TRUE	FALSE	"RNA biosynthesis.transcriptional regulation.Homeobox  transcription factor superfamily.transcription factor (HD-ZIP I/II)"	NA	0	0	-0.189584614664317	-0.376248155493312	-0.286230189271821	TRUE	0	0	-0.274446064003538	-0.220518808450543	-0.139610796789291	TRUE
"M10"	"VIT_08s0007g08010"	32	1.3928019178379	0.0366526820483657	0.785082158805486	0.785082158805486	32	0.0559290065942728	FALSE	"M7"	TRUE	"Vitvi08g02384"	"Vitvi05_01chr08g23500"	TRUE	FALSE	FALSE	FALSE	"not assigned.not annotated"	NA	0	0	0.163833785352214	-0.610198035152153	-0.315085032993591	FALSE	0	0	-1.09829016457674	-0.605184876965388	0.497087957044046	FALSE
"M10"	"VIT_13s0019g02180"	33	1.28834498330939	0.0339038153502471	0.756048402350457	0.756048402350457	34	0.0261742987866868	FALSE	"M1"	FALSE	"Vitvi13g00343"	"Vitvi05_01chr13g05320"	TRUE	TRUE	FALSE	FALSE	"Enzyme classification.EC_1 oxidoreductases.EC_1.1 oxidoreductase acting on CH-OH group of donor"	"mapman:Enzyme classification.EC_1 oxidoreductases.EC_1-1 oxidoreductase acting on CH-OH group of donor"	0	0	0.905014002799341	0.74254711882406	1.15609186789348	TRUE	0	0	-0.504273494320561	0.316878490726959	0.9571970196632	FALSE
"M10"	"VIT_14s0068g02190"	34	1.25221043882772	0.0329529062849401	0.756127965477491	0.756127965477491	33	0.125309594834257	FALSE	"M7"	TRUE	"Vitvi14g01560"	"Vitvi05_01chr14g23590"	TRUE	TRUE	FALSE	FALSE	"Solute transport.carrier-mediated transport.anion channel / anion:proton antiporter (CLC)"	"mapman:Solute transport.carrier-mediated transport.anion channel / anion:proton antiporter *(CLC)"	0	0	-2.75568835356702	-1.38760785563861	-3.55325019398729	TRUE	0	0	-0.949481962040441	-0.997103983147618	-1.36763727240033	TRUE
"M10"	"VIT_05s0049g00800"	35	1.20577195551258	0.0317308409345415	0.742365952538322	0.742365952538322	35	0.0254172125413633	FALSE	"M7"	TRUE	"Vitvi05g01950"	NA	TRUE	FALSE	FALSE	FALSE	"not assigned.not annotated"	NA	0	0	-5.30153191358472	-4.1477265431715	-3.79740017527677	TRUE	0	0	-2.66256767570858	-2.74227484151158	-2.0936473527605	TRUE
"M10"	"VIT_11s0037g00890"	36	0.847065755965068	0.0222912041043439	-0.696584501019527	0.696584501019527	38	0.868131655106735	FALSE	"M7"	TRUE	"Vitvi11g00805"	NA	FALSE	FALSE	FALSE	FALSE	NA	NA	0	0	0.611158772590128	-0.469461827559476	0.489658813916774	FALSE	0	0	-1.69181573158112	-1.68844438632645	0.209986981472604	FALSE
"M10"	"VIT_19s0014g00540"	37	0.765099882316151	0.0201342074293724	-0.707663540458921	0.707663540458921	37	0.98893474231075	FALSE	"M7"	TRUE	"Vitvi19g01808"	NA	TRUE	FALSE	FALSE	FALSE	"not assigned.not annotated"	NA	0.222222222222222	0.444444444444444	0.12221133810227	1.26068505813672	0.442493874492606	TRUE	0	0.222222222222222	3.65195237109186	0.901992057513527	1.52629796107486	TRUE
"M10"	"VIT_09s0002g06400"	38	0.680024186282005	0.0178953733232106	0.677982070499482	0.677982070499482	39	0.0385553136710944	FALSE	"M1"	FALSE	"Vitvi09g00558"	"Vitvi05_01chr09g07890"	TRUE	FALSE	FALSE	FALSE	"not assigned.not annotated"	NA	0	0	1.61379501407235	1.01522068455277	1.3675635154406	TRUE	0	0	-0.989367005479212	-0.311628739128066	-0.607707479827497	TRUE
"M10"	"VIT_14s0030g02310"	39	0.566865931300497	0.0149175245079078	-0.71424251196425	0.71424251196425	36	0.981527416540333	FALSE	"M7"	TRUE	"Vitvi14g00483"	NA	TRUE	FALSE	FALSE	FALSE	"not assigned.annotated"	NA	0	0	-0.85899227317118	0.274060331032064	-0.21606945221619	FALSE	0	0	0.6322500512046	1.14380533431292	2.33145131061164	TRUE
"M2"	"VIT_19s0014g05360"	1	61.4423469381533	0.288461722714335	0.99490592112654	0.99490592112654	2	0.39694357449574	TRUE	"M2"	TRUE	"Vitvi19g01988"	NA	TRUE	FALSE	FALSE	FALSE	"not assigned.annotated"	NA	0.555555555555556	0	-7.04378210825112	-7.0249776868352	-7.3893519338052	TRUE	0.888888888888889	0	-6.92689339834248	-6.63679844869337	-6.8507683533964	TRUE
"M2"	"VIT_16s0039g01920"	2	61.1602932517387	0.287137527003468	0.994987677531149	0.994987677531149	1	0.390201383362218	TRUE	"M2"	TRUE	"Vitvi16g01449"	"Vitvi05_01chr16g02080"	TRUE	FALSE	TRUE	FALSE	"RNA biosynthesis.transcriptional regulation.MYB  transcription factor superfamily.transcription factor (MYB)"	NA	0.777777777777778	0	-4.14461132804304	-4.15428802121215	-4.37258714708066	TRUE	1	0	-3.87211041935618	-3.81352808762133	-3.58267578691198	TRUE
"M2"	"VIT_19s0014g03420"	3	60.9531736603508	0.286165134555638	0.993197886782282	0.993197886782282	3	0.406400457469995	TRUE	"M2"	TRUE	NA	"Vitvi05_01chr19g04700"	FALSE	FALSE	FALSE	FALSE	NA	NA	0.888888888888889	0	-3.92178954160553	-3.75701031288533	-3.53833744134694	TRUE	1	0	-3.60723756207269	-3.5808507282856	-3.42133008512855	TRUE
"M2"	"VIT_19s0014g05370"	4	60.3998225430489	0.283567241986145	0.99307909194944	0.99307909194944	4	0.392085482920079	TRUE	"M2"	TRUE	"Vitvi19g01989"	NA	TRUE	FALSE	FALSE	FALSE	"not assigned.not annotated"	NA	1	0	-7.36561081654624	-6.84259437367186	-7.20553788262611	TRUE	1	0	-7.20073681042342	-6.54781950253982	-6.60315654589322	TRUE
"M2"	"VIT_19s0014g05380"	5	60.170187199895	0.282489141783545	0.99276797798914	0.99276797798914	6	0.396028453599513	TRUE	"M2"	TRUE	"Vitvi19g01990"	NA	TRUE	FALSE	FALSE	FALSE	"Enzyme classification.EC_1 oxidoreductases.EC_1.6 oxidoreductase acting on NADH or NADPH"	NA	0.777777777777778	0	-6.60721818010263	-6.29538686444111	-7.12160069819708	TRUE	0.888888888888889	0	-6.11766298503988	-6.2107542920428	-6.44845678330715	TRUE
"M2"	"VIT_13s0067g02040"	6	59.6086243444146	0.279852696452651	0.992773429605424	0.992773429605424	5	0.409953247203461	TRUE	"M2"	TRUE	"Vitvi13g02260"	"Vitvi05_01chr13g18170"	TRUE	FALSE	FALSE	FALSE	"not assigned.annotated"	NA	0.222222222222222	0	-4.74185738667978	-4.6288398319158	-4.52106742637407	TRUE	0	0	-3.3376661318008	-4.0390603300116	-3.96598031407131	TRUE
"M2"	"VIT_14s0006g00070"	7	58.6195840391736	0.275209314737904	0.988182366102	0.988182366102	9	0.404495143404177	TRUE	"M2"	TRUE	"Vitvi14g02770"	NA	TRUE	FALSE	FALSE	FALSE	"not assigned.not annotated"	NA	0	0	-4.02524179479142	-3.75391623414837	-3.63972743279006	TRUE	0	0	-3.14307478292233	-4.0397318593514	-3.71983180779522	TRUE
"M2"	"VIT_18s0117g00140"	8	58.2747934520256	0.273590579586975	0.987291910316664	0.987291910316664	10	0.371490380604624	TRUE	"M2"	TRUE	"Vitvi18g03049"	"Vitvi05_01chr18g28120"	TRUE	TRUE	TRUE	TRUE	"RNA biosynthesis.transcriptional regulation.transcription factor (FAR1)"	"mapman:RNA biosynthesis.DNA-binding transcriptional regulation.beta-hairpin exposed by alpha/beta-scaffold structure.FRS/FRF transcription factor"	0	0	-3.65020810181566	-3.38936277491589	-3.16643226365684	TRUE	0.111111111111111	0	-2.88246271008276	-2.71609050170697	-2.701105129244	TRUE
"M2"	"VIT_19s0085g00660"	9	58.1383079019615	0.272949802356627	0.988344530633671	0.988344530633671	8	0.422746680901566	TRUE	"M2"	TRUE	"Vitvi19g02349"	NA	TRUE	FALSE	FALSE	FALSE	"not assigned.not annotated"	NA	0.888888888888889	0	-6.89301725686172	-6.50649070759274	-6.73178770044655	TRUE	0.777777777777778	0	-6.20096840637217	-6.81792023455903	-6.05591804142932	TRUE
"M2"	"VIT_19s0085g00460"	10	57.3949675849795	0.269459941713519	-0.98841440125963	0.98841440125963	7	0.598433751221981	TRUE	"M2"	TRUE	"Vitvi19g01699"	"Vitvi05_01chr19g22100"	TRUE	FALSE	FALSE	FALSE	"not assigned.not annotated"	NA	0	0.333333333333333	2.53633559035681	2.25254111620254	2.56617088116966	TRUE	0	0.333333333333333	2.41764979957523	2.45037865788614	2.43932434790611	TRUE
"M2"	"VIT_09s0054g00030"	11	57.1467566100507	0.268294631972069	-0.983767090354272	0.983767090354272	11	0.599449525133823	TRUE	"M2"	TRUE	"Vitvi09g01930"	NA	TRUE	FALSE	FALSE	FALSE	"Protein biosynthesis.ribosome biogenesis.large ribosomal subunit (LSU).LSU proteome.component RPL7"	NA	0	0.666666666666667	4.25061240365426	3.99093990189006	3.89352063566503	TRUE	0	0.666666666666667	4.43704672675141	5.07479060008974	4.78310379324399	TRUE
"M2"	"VIT_07s0005g00540"	12	56.5401247420229	0.265446595032971	-0.983152899548507	0.983152899548507	13	0.573675735132959	TRUE	"M2"	TRUE	NA	NA	FALSE	FALSE	FALSE	FALSE	NA	NA	0	0.555555555555556	5.20926649971272	5.31511173252863	5.11723416705723	TRUE	0	0.888888888888889	5.44215786276478	4.98140708696731	4.831378418588	TRUE
"M2"	"VIT_07s0005g06200"	13	56.4346811023574	0.264951554471162	-0.983378510709269	0.983378510709269	12	0.582427873012495	TRUE	"M2"	TRUE	"Vitvi07g00890"	"Vitvi05_01chr07g13000"	TRUE	FALSE	FALSE	FALSE	"not assigned.annotated"	NA	0	0.111111111111111	2.78301032039112	2.26786855245654	2.62564940402289	TRUE	0	0.222222222222222	2.67333183811271	2.75366937413168	2.70469881398582	TRUE
"M2"	"VIT_06s0004g06490"	14	56.0520031474858	0.263154944354394	0.982454096550825	0.982454096550825	16	0.417488133289162	TRUE	"M2"	TRUE	"Vitvi06g00630"	NA	TRUE	FALSE	FALSE	FALSE	"not assigned.not annotated"	NA	0.222222222222222	0	-2.76347046066794	-2.82741312977431	-2.75968269349436	TRUE	0.555555555555556	0	-2.86754270084327	-2.99802660566079	-2.80221833041361	TRUE
"M2"	"VIT_00s0160g00160"	15	54.7007764357812	0.256811156975498	0.982881453850345	0.982881453850345	14	0.383982847397581	TRUE	"M2"	TRUE	"Vitvi07g02828"	NA	TRUE	FALSE	FALSE	FALSE	"not assigned.not annotated"	NA	0	0	-3.05955736645669	-3.03042998736611	-3.03694028756581	TRUE	0.444444444444444	0	-3.32426994075818	-3.0186738277469	-3.1132592704781	TRUE
"M2"	"VIT_17s0000g00060"	16	54.3339203728883	0.255088828041729	-0.982834949930785	0.982834949930785	15	0.574078250130155	TRUE	"M2"	TRUE	NA	NA	FALSE	FALSE	FALSE	FALSE	NA	NA	0	1	4.2102562318912	4.19761931273583	3.43708439467777	TRUE	0	1	3.62709032298377	3.26214415703997	3.40218794827373	TRUE
"M2"	"VIT_19s0014g05330"	17	53.4127170691866	0.250763929902284	0.981663186856598	0.981663186856598	17	0.371265187066085	TRUE	"M2"	TRUE	"Vitvi19g00423"	"Vitvi05_01chr19g07240"	TRUE	FALSE	FALSE	FALSE	"not assigned.annotated"	NA	0.555555555555556	0	-3.34386155925214	-3.09920878585211	-3.15370719438637	TRUE	1	0	-2.60238555786697	-2.43872423056547	-2.64675658429728	TRUE
"M2"	"VIT_00s0160g00280"	18	53.1794472433261	0.249668766400592	0.979808752362389	0.979808752362389	18	0.3810766084659	TRUE	"M2"	TRUE	"Vitvi07g02817"	NA	TRUE	FALSE	FALSE	FALSE	"not assigned.not annotated"	NA	1	0	-6.77296408789999	-6.75349862331931	-7.28993521419069	TRUE	1	0	-5.31445607144796	-5.91225384644314	-6.42489783038902	TRUE
"M2"	"VIT_07s0005g00530"	19	52.8753499388857	0.248241079525285	-0.975129244899771	0.975129244899771	21	0.575956102120591	TRUE	"M2"	TRUE	"Vitvi07g02204"	NA	TRUE	FALSE	FALSE	FALSE	"not assigned.annotated"	NA	0	0.888888888888889	4.07655451109315	3.36751180037337	3.52181948307819	TRUE	0	0.888888888888889	3.31796518656899	3.49032143085328	3.27955457459958	TRUE
"M2"	"VIT_05s0165g00230"	20	52.4077150184048	0.246045610415046	-0.976844332000174	0.976844332000174	20	0.580965470067059	TRUE	"M2"	TRUE	"Vitvi05g01454"	NA	TRUE	FALSE	FALSE	FALSE	"Vesicle trafficking.Coat protein II (COPII) coatomer machinery.coat protein recruiting.GTPase (Sar1)"	NA	0	1	3.59631541089362	3.08182273382465	2.79380240282583	TRUE	0	1	2.76713982032051	2.53021137377219	3.05327483529104	TRUE
"M2"	"VIT_14s0066g00170"	21	52.3738983053406	0.245886846503947	0.970770009793647	0.970770009793647	26	0.43323482827515	TRUE	"M2"	TRUE	"Vitvi14g01657"	"Vitvi05_01chr14g25240"	TRUE	TRUE	FALSE	FALSE	"Enzyme classification.EC_1 oxidoreductases.EC_1.14 oxidoreductase acting on paired donor with incorporation or reduction of molecular oxygen"	"mapman:Enzyme classification.EC_1 oxidoreductases.EC_1-14 oxidoreductase acting on paired donor with incorporation or reduction of molecular oxygen"	0.888888888888889	0	-3.65011089589538	-3.3498386096836	-3.18780769725538	TRUE	1	0	-3.90020027921571	-4.24747201274822	-3.65081375974182	TRUE
"M2"	"VIT_05s0051g00120"	22	51.8052604938634	0.243217185417199	-0.972092694029955	0.972092694029955	24	0.571075096585082	TRUE	"M2"	TRUE	NA	NA	FALSE	FALSE	FALSE	FALSE	NA	NA	0	0.777777777777778	2.25764423294722	2.5666093008631	2.6955261507007	TRUE	0	0.888888888888889	2.24264770171082	2.31751333062159	2.62999449651356	TRUE
"M2"	"VIT_16s0115g00470"	23	51.6452021926965	0.24246573799388	-0.972819498430212	0.972819498430212	23	0.591080957335364	FALSE	"M2"	TRUE	NA	NA	FALSE	FALSE	FALSE	FALSE	NA	NA	0	0.222222222222222	2.48661149270299	2.43138354560023	2.18767262449172	TRUE	0	0	3.04491398193087	2.60425356150295	2.63229130167926	TRUE
"M2"	"VIT_01s0010g04010"	24	51.4766910018126	0.241674605642313	-0.973371313352977	0.973371313352977	22	0.571511747203045	FALSE	"M2"	TRUE	"Vitvi01g02281"	"Vitvi05_01chr01g23440"	TRUE	FALSE	FALSE	FALSE	"not assigned.not annotated"	NA	0	0.222222222222222	2.60198826398787	2.38843479119001	2.29812104252567	TRUE	0	0.444444444444444	2.58025836114663	2.44535634438434	2.38666861224369	TRUE
"M2"	"VIT_00s0160g00130"	25	50.9124059563189	0.239025380076615	0.976911632630732	0.976911632630732	19	0.358249248509459	FALSE	"M2"	TRUE	"Vitvi07g02830"	"Vitvi05_01chr07g16760"	TRUE	FALSE	FALSE	FALSE	"not assigned.not annotated"	NA	0	0	-3.26566152715939	-3.49906501859917	-3.44692462863343	TRUE	0	0	-2.73813119524636	-2.24550777092724	-2.39234897166936	TRUE
"M2"	"VIT_18s0086g00440"	26	50.2024648739412	0.235692323351837	-0.969138036670767	0.969138036670767	28	0.582058077726496	FALSE	"M2"	TRUE	"Vitvi18g01407"	NA	TRUE	FALSE	FALSE	FALSE	"Solute transport.primary active transport.V-type ATPase complex.membrane V0 subcomplex.subunit c"	NA	0	1	2.93432251552661	2.62890793228328	2.19074356427422	TRUE	0	1	3.54651972286305	3.26585636312395	3.16693072903042	TRUE
"M2"	"VIT_18s0089g00660"	27	49.0651232475155	0.23035269130289	-0.965313216804604	0.965313216804604	29	0.595842513284023	FALSE	"M2"	TRUE	"Vitvi18g02382"	NA	TRUE	FALSE	FALSE	FALSE	"not assigned.annotated"	NA	0	0.777777777777778	2.02027112814887	2.40567502409318	2.21805507361709	TRUE	0	0.444444444444444	2.77035989628456	2.90457596184533	2.9497703110018	TRUE
"M2"	"VIT_00s0238g00090"	28	48.879018841805	0.229478961698615	-0.964493714621622	0.964493714621622	31	0.558452499261826	FALSE	"M2"	TRUE	NA	NA	FALSE	FALSE	FALSE	FALSE	NA	NA	0	1	2.64047226390976	2.93027225293871	2.9179678139419	TRUE	0	1	2.4908819100094	2.09675812047624	2.39688852744476	TRUE
"M2"	"VIT_00s0238g00060"	29	48.5886707980334	0.22811582534288	0.965150339462218	0.965150339462218	30	0.317598451323711	FALSE	"M2"	TRUE	"Vitvi18g03382"	"Vitvi05_01chr18g33080"	TRUE	TRUE	FALSE	FALSE	"External stimuli response.pathogen.effector-triggered immunity (ETI) network.effector receptor (NLR)"	"mapman:External stimuli response.pathogen.effector-triggered immunity (ETI) machinery.TNL-mediated effector-triggered immunity.effector receptor *(NLR)"	0.222222222222222	0	-2.7838657692755	-2.65576869566897	-2.98076096028873	TRUE	0.666666666666667	0	-1.93824077393007	-1.73498272702884	-2.11664049933155	TRUE
"M2"	"VIT_17s0053g00970"	30	48.402834664912	0.227243355234329	0.961977658686771	0.961977658686771	34	0.310109771466208	FALSE	"M2"	TRUE	"Vitvi17g01247"	"Vitvi05_01chr17g18230"	TRUE	FALSE	FALSE	FALSE	"not assigned.not annotated"	NA	1	0	-4.37787993779275	-4.30094449204966	-4.56048747940223	TRUE	1	0	-2.88139408991757	-2.50500238033694	-2.72379498901697	TRUE
"M2"	"VIT_12s0035g00730"	31	48.3565255863484	0.227025941719945	-0.970412211411956	0.970412211411956	27	0.572307485285834	FALSE	"M2"	TRUE	NA	"Vitvi05_01chr12g20980"	FALSE	FALSE	FALSE	FALSE	NA	NA	0	0	4.1757104387393	4.30189616630587	4.06737608903874	TRUE	0	0	4.03385623799799	3.7722253468387	5.06058094153551	TRUE
"M2"	"VIT_12s0028g00480"	32	48.1176177413594	0.22590430864488	0.971340620390696	0.971340620390696	25	0.417442801447431	FALSE	"M2"	TRUE	"Vitvi12g02193"	NA	TRUE	FALSE	FALSE	FALSE	"not assigned.not annotated"	NA	1	0	-2.73368164331576	-2.50897696061288	-2.52461401718225	TRUE	1	0	-3.10756197427357	-2.60161586289165	-3.38788037513618	TRUE
"M2"	"VIT_12s0055g00160"	33	45.9255746339776	0.215613026450599	0.964057688836519	0.964057688836519	32	0.363889302398533	FALSE	"M2"	TRUE	"Vitvi12g01699"	"Vitvi05_01chr12g16420"	TRUE	TRUE	FALSE	FALSE	"Enzyme classification.EC_2 transferases.EC_2.4 glycosyltransferase"	"mapman:Enzyme classification.EC_2 transferases.EC_2-4 glycosyltransferase"	0	0	-3.36151101275561	-3.52153347531862	-2.81956980215869	TRUE	0.777777777777778	0	-2.69500356564881	-2.19188867276928	-2.131674981239	TRUE
"M2"	"VIT_18s0117g00060"	34	45.1429978658134	0.211938957116495	0.951390527751242	0.951390527751242	45	0.287996991726097	FALSE	"M2"	TRUE	NA	NA	FALSE	FALSE	FALSE	FALSE	NA	NA	0.888888888888889	0	-5.09656033901501	-5.25179236231564	-5.82740661936915	TRUE	1	0	-3.00514781759661	-2.34304543181762	-3.00332697108592	TRUE
"M2"	"VIT_13s0019g00110"	35	45.0453269374214	0.211480408156908	0.95765160830011	0.95765160830011	37	0.428804029098946	FALSE	"M2"	TRUE	"Vitvi13g02335"	NA	TRUE	FALSE	FALSE	FALSE	"not assigned.not annotated"	NA	0	0	-2.24695776645659	-2.40487035480182	-2.54420177172795	TRUE	0	0	-2.65073939758835	-2.7137823284759	-2.25711312236223	TRUE
"M2"	"VIT_00s0841g00010"	36	44.5034263978771	0.208936274168437	-0.962494618252246	0.962494618252246	33	0.550301146447914	FALSE	"M2"	TRUE	NA	NA	FALSE	FALSE	FALSE	FALSE	NA	NA	0	0.333333333333333	2.50317890858209	2.09962604529963	2.50695664272651	TRUE	0	0.333333333333333	2.42517333473711	2.24792267810484	2.87681569025559	TRUE
"M2"	"VIT_00s0238g00120"	37	44.1208462910863	0.20714012343233	0.954038217644661	0.954038217644661	41	0.312322230160382	FALSE	"M2"	TRUE	NA	NA	FALSE	FALSE	FALSE	FALSE	NA	NA	0.888888888888889	0	-3.0317690531793	-3.22817474498194	-2.83739605728088	TRUE	0.888888888888889	0	-2.1728703781526	-1.86362059304659	-2.03497163776026	TRUE
"M2"	"VIT_12s0055g00440"	38	43.9124822365654	0.206161888434579	-0.954480272550634	0.954480272550634	40	0.55312399768572	FALSE	"M2"	TRUE	"Vitvi12g02582"	NA	TRUE	FALSE	FALSE	FALSE	"not assigned.not annotated"	NA	0	1	5.86083401736232	5.23408582774571	5.31297834255678	TRUE	0	1	4.40083336850438	4.79615290340137	4.55999499718465	TRUE
"M2"	"VIT_00s0160g00330"	39	43.8365468304944	0.205805384180725	0.960052621243761	0.960052621243761	35	0.372391951974364	FALSE	"M2"	TRUE	"Vitvi07g02812"	NA	TRUE	FALSE	FALSE	FALSE	"not assigned.not annotated"	NA	0.333333333333333	0	-2.21401062686027	-1.94827113340826	-2.10888153976722	TRUE	0.666666666666667	0	-2.59951483974804	-2.05993207128787	-2.45031097483612	TRUE
"M2"	"VIT_04s0008g00460"	40	43.6441307418744	0.204902022262321	-0.951323441524519	0.951323441524519	46	0.583323133186793	FALSE	"M2"	TRUE	"Vitvi04g00036"	"Vitvi05_01chr04g00490"	TRUE	TRUE	FALSE	FALSE	"not assigned.not annotated"	"mapman:Multi-process regulation.SnRK1-kinase regulatory system.regulatory protein *(SKIN/OXS3) of SnRK1 complex"	0	1	2.52864651491415	2.56645359477809	2.09109592545207	TRUE	0	1	3.09623408480738	3.45830983369588	3.01626978734007	TRUE
"M2"	"VIT_03s0088g00210"	41	42.7984317344755	0.200931604387209	0.94640585438466	0.94640585438466	49	0.296995772182813	FALSE	"M2"	TRUE	"Vitvi03g01631"	"Vitvi05_01chr03g11000"	TRUE	FALSE	FALSE	FALSE	"not assigned.annotated"	NA	0.222222222222222	0	-2.17592684083963	-2.17271140560006	-2.14788984984214	TRUE	0	0	-1.52746698716142	-1.42310585534759	-1.29582148271957	TRUE
"M2"	"VIT_04s0069g01150"	42	42.6825530771426	0.200387573132125	-0.955508218678727	0.955508218678727	38	0.561397529378054	FALSE	"M2"	TRUE	"Vitvi04g01992"	NA	TRUE	FALSE	TRUE	FALSE	"RNA biosynthesis.transcriptional regulation.bZIP  transcription factor superfamily.transcription factor (bZIP)"	NA	0	0	2.54039771581911	2.92342407059834	2.53884979000422	TRUE	0	0	2.0216634777349	1.56457050037875	2.1419018352758	TRUE
"M2"	"VIT_09s0054g01100"	43	42.6631470782966	0.200296465156322	0.94925365092754	0.94925365092754	47	0.415686288263546	FALSE	"M2"	TRUE	"Vitvi09g01993"	"Vitvi05_01chr09g21190"	TRUE	FALSE	FALSE	FALSE	"not assigned.not annotated"	NA	1	0	-3.2568128126897	-3.23646101170208	-2.80716004297474	TRUE	0.888888888888889	0	-2.89031384064566	-3.22164657702011	-2.97227424507807	TRUE
"M2"	"VIT_19s0014g05400"	44	42.4402608334191	0.199250050861122	0.955211234872753	0.955211234872753	39	0.36905207987898	FALSE	"M2"	TRUE	NA	NA	FALSE	FALSE	FALSE	FALSE	NA	NA	0.555555555555556	0	-4.82354300350623	-3.98971623139493	-4.95096568975509	TRUE	0.777777777777778	0	-4.12527976373687	-3.81293643564125	-4.00653798298137	TRUE
"M2"	"VIT_00s2313g00010"	45	41.965428907469	0.197020792992812	0.944065576630768	0.944065576630768	52	0.446191626284914	FALSE	"M2"	TRUE	"Vitvi00g01312"	NA	TRUE	FALSE	FALSE	FALSE	"not assigned.not annotated"	NA	0.111111111111111	0	-2.87197156129868	-3.10089033507454	-3.31295407570278	TRUE	0	0	-3.20955966439295	-3.30961977649258	-3.13404381559233	TRUE
"M2"	"VIT_07s0005g05150"	46	41.6991315719011	0.195770570760099	-0.946327715639514	0.946327715639514	50	0.57625653033344	FALSE	"M2"	TRUE	"Vitvi07g02314"	NA	TRUE	FALSE	FALSE	FALSE	"not assigned.not annotated"	NA	0	0.888888888888889	2.21018923859474	2.84460579902474	2.81519228765438	TRUE	0	1	3.29867622580226	3.35512465014998	3.43478976323475	TRUE
"M2"	"VIT_00s0184g00210"	47	41.6027062419406	0.195317869680472	0.959435914369971	0.959435914369971	36	0.3712068292726	FALSE	"M2"	TRUE	NA	NA	FALSE	FALSE	FALSE	FALSE	NA	NA	0	0	-2.75380633394535	-3.07747975868421	-2.32223868140731	TRUE	0	0	-2.20038412745855	-1.8004024260849	-1.89758814154507	TRUE
"M2"	"VIT_03s0097g00240"	48	41.473020437032	0.194709016136301	-0.952751053968273	0.952751053968273	42	0.641275975954035	FALSE	"M2"	TRUE	NA	NA	FALSE	FALSE	FALSE	FALSE	NA	NA	0	0	2.18279911160853	1.56887207663416	2.08739713731759	TRUE	0	0	2.40070166636247	1.47126440622812	2.17496279724249	TRUE
"M2"	"VIT_14s0030g00520"	49	39.8241916878525	0.186968036093204	-0.951974722629996	0.951974722629996	43	0.585459946142279	FALSE	"M2"	TRUE	"Vitvi14g02594"	NA	TRUE	FALSE	FALSE	FALSE	"not assigned.not annotated"	NA	0	0.888888888888889	3.37047335744569	3.94567130710571	3.13427722008725	TRUE	0	0.888888888888889	2.12958154097231	3.11506586384753	4.14561997148848	TRUE
"M2"	"VIT_14s0030g00930"	50	39.6144024668737	0.185983110173116	-0.939545337221312	0.939545337221312	56	0.536480779726467	FALSE	"M2"	TRUE	"Vitvi14g02615"	"Vitvi05_01chr14g06140"	TRUE	FALSE	FALSE	FALSE	"not assigned.annotated"	NA	0	1	2.55050729070894	2.55722136881485	2.84036028814456	TRUE	0	1	2.7866681753655	2.39382973543945	2.43887260923465	TRUE
"M2"	"VIT_05s0051g00180"	51	39.4930241083537	0.185413258724665	-0.939817864483725	0.939817864483725	54	0.606046291030153	FALSE	"M2"	TRUE	"Vitvi05g00910"	NA	TRUE	FALSE	FALSE	FALSE	"Protein modification.S-glutathionylation.glutathione S-transferase activities.class tau glutathione S-transferase"	NA	0	0.111111111111111	1.6903965111199	2.12887103566793	2.37005763566924	TRUE	0	0	2.94297947064233	2.82954109384582	2.7736359935368	TRUE
"M2"	"VIT_18s0076g00100"	52	39.4517364515501	0.185219419960329	-0.951671449973682	0.951671449973682	44	0.616567671838922	FALSE	"M2"	TRUE	"Vitvi18g02857"	NA	TRUE	FALSE	FALSE	FALSE	"Cell wall organisation.hemicellulose.xyloglucan.modification and degradation.xyloglucan O-acetyltransferase (AXY9)"	NA	0	0	2.61248658123216	3.11182469887184	2.60791119945723	TRUE	0	0	2.16753221168779	1.51163325638104	1.83133070078685	TRUE
"M2"	"VIT_19s0014g01340"	53	39.2380060859603	0.184215991013898	-0.947610332557711	0.947610332557711	48	0.58500660507716	FALSE	"M2"	TRUE	NA	NA	FALSE	FALSE	FALSE	FALSE	NA	NA	0	1	4.45631310757186	2.86942903375962	3.83779299957752	TRUE	0	1	2.69219648559037	3.81178547487774	2.57904505170949	TRUE
"M2"	"VIT_18s0041g00870"	54	38.9500866401501	0.182864256526526	0.945155952753531	0.945155952753531	51	0.379245892241811	FALSE	"M2"	TRUE	"Vitvi18g02024"	"Vitvi05_01chr18g30500"	TRUE	FALSE	FALSE	FALSE	"not assigned.annotated"	NA	0.111111111111111	0	-3.89983144607256	-3.46002646439285	-3.14818555945182	TRUE	0	0	-2.143367457747	-2.7832385470777	-2.24494838985709	TRUE
"M2"	"VIT_00s0184g00200"	55	37.9167666153041	0.178012988804245	0.943189251752132	0.943189251752132	53	0.323859627774132	FALSE	"M2"	TRUE	"Vitvi07g02429"	NA	TRUE	FALSE	FALSE	FALSE	"not assigned.not annotated"	NA	0	0	-2.29538798102277	-2.52647411869843	-1.91849510213956	TRUE	0	0	-2.33292357290925	-2.2826938769756	-1.49854003924268	TRUE
"M2"	"VIT_19s0085g00470"	56	37.6186826530366	0.176613533582331	0.936220917665201	0.936220917665201	59	0.438476543896962	FALSE	"M2"	TRUE	"Vitvi19g02342"	"Vitvi05_01chr19g22110"	TRUE	FALSE	FALSE	FALSE	"not assigned.not annotated"	NA	1	0	-4.58252150679099	-3.86329877847839	-4.05062668363568	TRUE	1	0	-4.14770069458907	-4.5507483096864	-4.20903000434138	TRUE
"M2"	"VIT_01s0010g01240"	57	37.120760214588	0.174275869552056	0.93961942306946	0.93961942306946	55	0.369634407827353	FALSE	"M2"	TRUE	"Vitvi01g02188"	NA	TRUE	FALSE	FALSE	FALSE	"not assigned.annotated"	NA	1	0	-4.64805124032522	-3.89951751843817	-4.73198482287212	TRUE	1	0	-4.04925319655714	-3.22055787242984	-3.15125860094203	TRUE
"M2"	"VIT_00s0566g00010"	58	36.3853030655442	0.170823019087062	0.923517746727198	0.923517746727198	66	0.311915812397054	FALSE	"M2"	TRUE	NA	NA	FALSE	FALSE	FALSE	FALSE	NA	NA	0	0	-2.24946359425049	-2.39798049102406	-1.87901166036599	TRUE	0	0	-2.19870205275392	-2.07281584831367	-1.50020056066478	TRUE
"M2"	"VIT_00s0160g00110"	59	35.8175218256768	0.168157379463271	0.937329470563989	0.937329470563989	58	0.335296802441269	FALSE	"M2"	TRUE	"Vitvi07g02832"	"Vitvi05_01chr07g16750"	TRUE	FALSE	FALSE	FALSE	"not assigned.annotated; not assigned.not annotated"	NA	0	0	-3.28091604579522	-3.7133972473817	-3.85075508627004	TRUE	0	0	-3.69513020392966	-2.07393286025163	-2.85211967102109	TRUE
"M2"	"VIT_03s0038g01770"	60	35.3710743692257	0.166061382015144	0.938525316622829	0.938525316622829	57	0.366407880381488	FALSE	"M2"	TRUE	"Vitvi03g01387"	NA	TRUE	FALSE	FALSE	FALSE	"not assigned.not annotated"	NA	0	0	-3.52101438132058	-3.1995589080324	-3.86628189749537	TRUE	0	0	-2.07447098374239	-2.62167910080547	-2.31242394454599	TRUE
"M2"	"VIT_05s0020g00080"	61	35.2775779516494	0.165622431697885	0.924379335327758	0.924379335327758	65	0.369779670702963	FALSE	"M2"	TRUE	"Vitvi05g01816"	NA	TRUE	FALSE	FALSE	FALSE	"not assigned.not annotated"	NA	0	0	-2.94448963887429	-2.80426434764053	-2.55848399658971	TRUE	0	0	-3.27546345695709	-3.4410918559042	-2.79846637403424	TRUE
"M2"	"VIT_12s0028g01210"	62	35.2064010053736	0.165288267630862	0.931527598315533	0.931527598315533	61	0.461652460410455	FALSE	"M2"	TRUE	"Vitvi12g00106"	"Vitvi05_01chr12g01840"	TRUE	TRUE	FALSE	FALSE	"RNA biosynthesis.DNA-dependent RNA polymerase (Pol) complexes.Pol I-V shared regulatory components.subunit 6"	"mapman:RNA biosynthesis.DNA-dependent RNA polymerase complexes.RNA polymerase I/II/III/IV/V shared components.component *(NRP-ABCDE6)"	0.333333333333333	0	-2.71573250853789	-2.5932220222502	-2.67469605442696	TRUE	0	0	-3.42124882245449	-3.31798234525731	-3.07982963274271	TRUE
"M2"	"VIT_03s0038g00220"	63	34.5071984814692	0.162005626673564	-0.931121944350689	0.931121944350689	62	0.658442011059116	FALSE	"M2"	TRUE	"Vitvi03g00015"	"Vitvi05_01chr03g00190"	TRUE	FALSE	FALSE	FALSE	"not assigned.annotated"	NA	0	0	3.70096076259643	3.68425902410034	3.20517072786974	TRUE	0	0	1.94941937349826	2.33670361839631	2.9238499735973	TRUE
"M2"	"VIT_18s0117g00070"	64	34.5036648511501	0.161989036859859	0.899728666454796	0.899728666454796	80	0.203297291030414	FALSE	"M2"	TRUE	NA	NA	FALSE	FALSE	FALSE	FALSE	NA	NA	0.888888888888889	0	-5.73491318754617	-5.71615567639478	-6.46880338319743	TRUE	1	0	-2.70374733356842	-1.45049682266563	-2.0005241943534	TRUE
"M2"	"VIT_13s0047g01040"	65	33.572193470651	0.157615931787094	-0.912436336687304	0.912436336687304	73	0.574821629937816	FALSE	"M2"	TRUE	"Vitvi13g01214"	NA	TRUE	FALSE	FALSE	FALSE	"not assigned.annotated"	NA	0	0	2.37722198038669	1.86333491173619	2.02571127425889	TRUE	0	0	3.11936480986959	3.12646319963254	3.14003542295377	TRUE
"M2"	"VIT_00s0160g00120"	66	33.2886049607294	0.156284530332063	0.934904099189547	0.934904099189547	60	0.347215047319478	FALSE	"M2"	TRUE	"Vitvi07g02831"	NA	TRUE	FALSE	FALSE	FALSE	"not assigned.not annotated"	NA	0	0	-2.71902239417774	-3.16766030277783	-3.17640607596738	TRUE	0	0	-2.73195449242953	-2.28934440834804	-2.20052562417683	TRUE
"M2"	"VIT_09s0018g00780"	67	32.9461937098608	0.154676965773995	0.910570499525966	0.910570499525966	74	0.439745001873882	FALSE	"M2"	TRUE	NA	NA	FALSE	FALSE	FALSE	FALSE	NA	NA	0.777777777777778	0	-4.25383660749627	-3.80985040708044	-4.23192446364413	TRUE	0.888888888888889	0	-4.24023824354905	-5.002939287766	-5.39297561448143	TRUE
"M2"	"VIT_02s0025g03810"	68	32.3878161087852	0.152055474689132	-0.917607994732754	0.917607994732754	70	0.557183664040041	FALSE	"M2"	TRUE	"Vitvi02g01388"	NA	TRUE	FALSE	FALSE	FALSE	"not assigned.not annotated"	NA	0	0.111111111111111	2.23076632058326	2.5715488199325	1.89280694211651	TRUE	0	0.777777777777778	3.94194117151618	3.7627065790719	3.5517909199804	TRUE
"M2"	"VIT_12s0035g01760"	69	32.3350681157592	0.151807831529386	0.928468035588013	0.928468035588013	64	0.439938049651154	FALSE	"M2"	TRUE	"Vitvi12g02118"	NA	TRUE	FALSE	FALSE	FALSE	"not assigned.not annotated"	NA	0	0	-3.31242205499229	-2.77651483430786	-3.0803521270305	TRUE	0	0	-2.37025440234626	-1.88045922911764	-3.17293112029304	TRUE
"M2"	"VIT_00s2507g00010"	70	31.7567833291987	0.149092879479806	0.890763267718905	0.890763267718905	85	0.216060032699028	FALSE	"M2"	TRUE	"Vitvi18g03400"	NA	TRUE	FALSE	FALSE	FALSE	"not assigned.not annotated"	NA	0.111111111111111	0	-2.63994644453897	-1.86237015228169	-2.30337666157718	TRUE	0.555555555555556	0	-1.30880816947769	-0.88313924136519	-1.22293678083798	TRUE
"M2"	"VIT_18s0089g00070"	71	31.5780599964811	0.148253802800381	0.889782878873573	0.889782878873573	87	0.205632380688102	FALSE	"M2"	TRUE	"Vitvi18g03220"	NA	TRUE	FALSE	FALSE	FALSE	"not assigned.not annotated"	NA	0.333333333333333	0	-2.31956776922287	-2.51922714627789	-2.24387508581414	TRUE	0.888888888888889	0	-1.08910969081319	-0.760300736997821	-1.06984151359333	TRUE
"M2"	"VIT_00s0160g00310"	72	31.0701489395342	0.145869243847578	0.923416239248012	0.923416239248012	67	0.344714792321788	FALSE	"M2"	TRUE	"Vitvi07g02814"	NA	TRUE	FALSE	FALSE	FALSE	"External stimuli response.pathogen.effector-triggered immunity (ETI) network.effector receptor (NLR)"	NA	0.222222222222222	0	-3.00528199936937	-3.01970112088858	-3.61528583785144	TRUE	0.666666666666667	0	-4.02360839106361	-2.905955565523	-3.41849161625738	TRUE
"M2"	"VIT_13s0019g00420"	73	31.0505945466983	0.145777439186377	0.916009914660311	0.916009914660311	71	0.501456585533674	FALSE	"M2"	TRUE	"Vitvi13g00258"	NA	TRUE	FALSE	FALSE	FALSE	"not assigned.annotated"	NA	0	0	-3.01690626470798	-2.92153158879396	-3.22450062094917	TRUE	0	0	-1.94363277620547	-1.06111973340796	-1.41428547404429	TRUE
"M2"	"VIT_14s0068g00120"	74	31.0167918449465	0.145618741056087	0.918244058346313	0.918244058346313	68	0.444054134043275	FALSE	"M2"	TRUE	NA	NA	FALSE	FALSE	FALSE	FALSE	NA	NA	0.888888888888889	0	-3.87473396479424	-4.39532301719224	-4.90314219621825	TRUE	1	0	-4.36090537924638	-7.10405382359765	-5.41924737151064	TRUE
"M2"	"VIT_13s0158g00270"	75	30.8564424010524	0.144865926765504	0.903274004657051	0.903274004657051	78	0.25249729526306	FALSE	"M2"	TRUE	"Vitvi13g02451"	NA	TRUE	FALSE	FALSE	FALSE	"not assigned.not annotated"	NA	1	0	-3.03427393485916	-2.9565319892297	-2.9120966408	TRUE	1	0	-1.7000103691975	-1.79382899168292	-1.8448532452694	TRUE
"M2"	"VIT_18s0117g00040"	76	30.7284807666306	0.144265167918453	0.886997401402422	0.886997401402422	89	0.196956138435364	FALSE	"M2"	TRUE	NA	NA	FALSE	FALSE	FALSE	FALSE	NA	NA	0.888888888888889	0	-6.48831952685798	-6.15605724687798	-6.49388663410116	TRUE	1	0	-3.2648243250154	-1.6179147554929	-1.89139184954267	TRUE
"M2"	"VIT_07s0129g00120"	77	30.3665329102255	0.142565882207631	-0.929555813298514	0.929555813298514	63	0.541929358083505	FALSE	"M2"	TRUE	"Vitvi07g02632"	NA	TRUE	FALSE	FALSE	FALSE	"not assigned.annotated"	NA	0	0.222222222222222	1.94988989036346	2.7286158343896	2.99306595576472	TRUE	0	0.222222222222222	1.83828669257389	1.72364343595568	2.87718242524942	TRUE
"M2"	"VIT_13s0047g01030"	78	29.5364869558791	0.138668952844503	-0.897259262939501	0.897259262939501	82	0.550931084755301	FALSE	"M2"	TRUE	"Vitvi13g02243"	NA	TRUE	FALSE	FALSE	FALSE	"not assigned.annotated"	NA	0	0.777777777777778	2.67593459976303	2.54240956838976	2.46552237738527	TRUE	0	0.888888888888889	3.68654115039215	3.63086875748813	3.51934520967228	TRUE
"M2"	"VIT_00s0483g00030"	79	29.2649316957957	0.137394045520168	0.897076786748788	0.897076786748788	83	0.433301621258269	FALSE	"M2"	TRUE	NA	NA	FALSE	FALSE	FALSE	FALSE	NA	NA	0	0	-2.1088012477309	-2.67163127917996	-2.46620847180367	TRUE	0	0	-2.67295642015296	-2.50752329249965	-3.09101282225928	TRUE
"M2"	"VIT_09s0002g07190"	80	28.8045067743922	0.135232426170855	0.915529084479136	0.915529084479136	72	0.42540501564087	FALSE	"M2"	TRUE	NA	NA	FALSE	FALSE	FALSE	FALSE	NA	NA	0.111111111111111	0	-2.76525646567409	-2.2044143179664	-2.35984055958681	TRUE	0.222222222222222	0	-2.63370640746836	-3.36211112602619	-2.99653115442013	TRUE
"M2"	"VIT_00s1390g00010"	81	28.7366119648327	0.134913671196398	-0.917705000547148	0.917705000547148	69	0.511093488880474	FALSE	"M2"	TRUE	NA	NA	FALSE	FALSE	FALSE	FALSE	NA	NA	0	0.333333333333333	1.99530005225532	2.20086123598993	2.33657399624448	TRUE	0	0.333333333333333	2.85997322457775	2.31617561187534	2.8721610258704	TRUE
"M2"	"VIT_02s0154g00580"	82	28.688689003126	0.13468868076585	0.874426658567247	0.874426658567247	94	0.247016119136646	FALSE	"M2"	TRUE	"Vitvi02g01449"	NA	TRUE	FALSE	FALSE	FALSE	"not assigned.not annotated"	NA	0	0	-3.54116303646197	-3.50395991542532	-4.28713138561393	TRUE	0	0	-4.27450800833021	-2.74315528499678	-3.03014511646506	TRUE
"M2"	"VIT_03s0038g04680"	83	28.6378728471766	0.13445010726374	0.900246506819568	0.900246506819568	79	0.415935776317673	FALSE	"M2"	TRUE	"Vitvi03g01489"	"Vitvi05_01chr03g05200"	TRUE	TRUE	FALSE	FALSE	"Enzyme classification.EC_1 oxidoreductases.EC_1.3 oxidoreductase acting on CH-CH group of donor"	"mapman:Enzyme classification.EC_1 oxidoreductases.EC_1-3 oxidoreductase acting on CH-CH group of donor; mapman:Secondary metabolism.phenolics.flavonoid biosynthesis.isoflavonoids.isoflavone reductase"	0	0	-2.85432566467044	-2.90622136028307	-2.04855978985419	TRUE	0	0	-3.56800364297336	-2.53649380681886	-3.42764626879889	TRUE
"M2"	"VIT_00s0487g00050"	84	28.3191274001795	0.132953649766101	0.886705844076008	0.886705844076008	90	0.273146140535999	FALSE	"M2"	TRUE	NA	"Vitvi05_01chr07g22070"	FALSE	TRUE	FALSE	FALSE	NA	"mapman:External stimuli response.pathogen.effector-triggered immunity (ETI) machinery.TNL-mediated effector-triggered immunity.regulatory protein *(NRG)"	0	0	-2.97428593682362	-2.71887048817138	-2.1601351976426	TRUE	0	0	-2.98409357679059	-2.21638956033306	-1.94381019983326	TRUE
"M2"	"VIT_05s0094g01120"	85	28.2135677173835	0.132458064400862	0.903448887179882	0.903448887179882	77	0.444834619492485	FALSE	"M2"	TRUE	NA	NA	FALSE	FALSE	FALSE	FALSE	NA	NA	0	0	-2.03842013831617	-1.91864220606183	-1.69200517774848	TRUE	0	0	-2.97428685216055	-3.45075896543601	-3.10866521837611	TRUE
"M2"	"VIT_00s1203g00010"	86	27.1111569780225	0.127282427126866	0.85429000245863	0.85429000245863	103	0.153818818948932	FALSE	"M2"	TRUE	"Vitvi15g01767"	"Vitvi05_01chr15g03800"	TRUE	TRUE	TRUE	TRUE	"RNA biosynthesis.transcriptional regulation.B3  transcription factor superfamily.transcription factor (ARF)"	"mapman:RNA biosynthesis.DNA-binding transcriptional regulation.beta-barrel DNA-binding domain.ARF transcription factor"	0.111111111111111	0	-3.93008031740347	-3.90496629128786	-4.03499497076543	TRUE	0.666666666666667	0	-1.24375588659851	-0.993510181042454	-1.14105032810919	TRUE
"M2"	"VIT_05s0094g01260"	87	26.2426381835006	0.123204874100942	-0.893638378012356	0.893638378012356	84	0.548633414233361	FALSE	"M2"	TRUE	"Vitvi05g01675"	"Vitvi05_01chr05g26210"	TRUE	TRUE	FALSE	FALSE	"Enzyme classification.EC_1 oxidoreductases.EC_1.3 oxidoreductase acting on CH-CH group of donor"	"mapman:Enzyme classification.EC_1 oxidoreductases.EC_1-3 oxidoreductase acting on CH-CH group of donor"	0	0	3.15698363673981	3.15318959661605	3.16945551060317	TRUE	0	0	0.896242048943836	0.472234539166601	1.25901309779862	TRUE
"M2"	"VIT_00s0441g00020"	88	26.1963935876067	0.122987763322097	-0.90367418416463	0.90367418416463	76	0.497267434939841	FALSE	"M2"	TRUE	NA	NA	FALSE	FALSE	FALSE	FALSE	NA	NA	0	0.333333333333333	4.42978786436698	3.96349952278695	2.93564180258593	TRUE	0	0.222222222222222	2.21865206907527	2.26920142096094	1.2513434410774	TRUE
"M2"	"VIT_18s0117g00050"	89	25.6631837219807	0.120484430619628	0.849634155403876	0.849634155403876	104	0.148145693731213	FALSE	"M2"	TRUE	NA	NA	FALSE	FALSE	FALSE	FALSE	NA	NA	1	0	-4.84330379446734	-4.88333901502728	-5.51544341964171	TRUE	1	0	-1.59095842063016	-0.52443155944186	-1.2332210606167	TRUE
"M2"	"VIT_19s0090g00330"	90	24.5869687722725	0.11543177827358	0.897497103498496	0.897497103498496	81	0.41887835572523	FALSE	"M2"	TRUE	"Vitvi19g02011"	"Vitvi05_01chr19g08330"	TRUE	FALSE	FALSE	FALSE	"not assigned.annotated"	NA	0	0	-1.96442240795896	-2.15119783230418	-1.76644070263238	TRUE	0	0	-2.5618656566831	-1.79206094494261	-1.97973632212659	TRUE
"M2"	"VIT_14s0006g01040"	91	23.7712106537589	0.11160192795192	-0.906145844299335	0.906145844299335	75	0.518385035728219	FALSE	"M2"	TRUE	"Vitvi14g02812"	NA	TRUE	FALSE	FALSE	FALSE	"not assigned.not annotated"	NA	0	0	1.5384735621638	2.75215320411304	2.57500678070748	TRUE	0	0	2.43809479678496	1.08620665687415	2.29335811101082	TRUE
"M2"	"VIT_16s0013g01720"	92	23.421329003271	0.109959291095169	0.889846440458338	0.889846440458338	86	0.38539090274648	FALSE	"M2"	TRUE	"Vitvi16g01698"	"Vitvi05_01chr16g06630"	TRUE	FALSE	FALSE	FALSE	"not assigned.annotated"	NA	0.222222222222222	0	-2.23813150812506	-2.49294836152213	-2.8805784937899	TRUE	0.555555555555556	0	-1.80998512236595	-3.55098757019081	-2.7656327793759	TRUE
"M2"	"VIT_13s0019g02910"	93	22.4778263954814	0.105529701387236	0.871357388721846	0.871357388721846	95	0.403934020464707	FALSE	"M2"	TRUE	"Vitvi13g02022"	"Vitvi05_01chr13g06200"	TRUE	TRUE	FALSE	FALSE	"Enzyme classification.EC_2 transferases.EC_2.4 glycosyltransferase"	"mapman:Enzyme classification.EC_2 transferases.EC_2-4 glycosyltransferase"	0	0	-2.88564745586804	-3.02172277103073	-2.79237584332156	TRUE	0	0	-3.24045233899746	-3.75635854369281	-2.20066515356168	TRUE
"M2"	"VIT_08s0007g08850"	94	22.242308112467	0.104423981748671	-0.877954366839611	0.877954366839611	93	0.564044550126941	FALSE	"M2"	TRUE	NA	NA	FALSE	FALSE	FALSE	FALSE	NA	NA	0	0.777777777777778	2.9628078756919	2.58832353132434	2.95820590822389	TRUE	0	0.111111111111111	2.1702198007959	2.62318268574286	2.93068243626724	TRUE
"M2"	"VIT_18s0041g00670"	95	21.995865415926	0.10326697378369	0.823813936569042	0.823813936569042	111	0.180086298834993	FALSE	"M2"	TRUE	"Vitvi18g03112"	"Vitvi05_01chr18g30290"	TRUE	TRUE	FALSE	FALSE	"Solute transport.carrier-mediated transport.MFS superfamily.anion transporter (NRT1/PTR)"	"mapman:Solute transport.carrier-mediated transport.MFS superfamily.anion transporter *(NRT1/PTR)"	0	0	-2.59730123184179	-2.55055018824094	-2.39633889160642	TRUE	0	0	-2.295624785408	-1.89548913504618	-2.01557068039977	TRUE
"M2"	"VIT_16s0148g00250"	96	20.9734348396365	0.0984668302330352	0.868085194995497	0.868085194995497	96	0.243057638335266	FALSE	"M2"	TRUE	"Vitvi16g02012"	NA	TRUE	FALSE	FALSE	FALSE	"not assigned.not annotated"	NA	0.111111111111111	0	-2.53171557197712	-2.86817976910271	-3.36274262359445	TRUE	0	0	-1.17211661386166	-0.490642731246669	-1.0057044057698	TRUE
"M2"	"VIT_18s0001g00780"	97	20.8658328427084	0.0979616565385369	-0.878184605873428	0.878184605873428	92	0.560341095631469	FALSE	"M2"	TRUE	"Vitvi18g02943"	"Vitvi05_01chr18g22400"	TRUE	FALSE	FALSE	FALSE	"not assigned.not annotated"	NA	0	0.222222222222222	1.90664056639321	2.54433475368931	1.73017438612505	TRUE	0	0.333333333333333	3.69076239095415	2.65683931303671	2.77243615429446	TRUE
"M2"	"VIT_00s0823g00020"	98	20.5326481245943	0.0963974090356542	-0.889433693661017	0.889433693661017	88	0.509647333721646	FALSE	"M2"	TRUE	NA	NA	FALSE	FALSE	FALSE	FALSE	NA	NA	0	0.222222222222222	3.09007986027961	3.53395555539265	4.01191778930735	TRUE	0	0.222222222222222	2.87314930344868	1.21719155598399	4.56060863255701	TRUE
"M2"	"VIT_00s0203g00210"	99	20.2561632405235	0.0950993579367302	-0.860573700718971	0.860573700718971	100	0.594827580175948	FALSE	"M2"	TRUE	"Vitvi10g00353"	NA	TRUE	FALSE	FALSE	FALSE	"not assigned.not annotated"	NA	0	0	2.0577035683201	2.56142367196233	2.51889915541736	TRUE	0	0.111111111111111	3.91615326607169	3.05436588337779	4.55175855964627	TRUE
"M2"	"VIT_05s0094g01250"	100	20.2119395944422	0.0948917351851747	0.808324758789245	0.808324758789245	121	0.123705857761205	FALSE	"M2"	TRUE	"Vitvi05g01674"	"Vitvi05_01chr05g26200"	TRUE	TRUE	FALSE	FALSE	"Enzyme classification.EC_1 oxidoreductases.EC_1.3 oxidoreductase acting on CH-CH group of donor"	"mapman:Enzyme classification.EC_1 oxidoreductases.EC_1-3 oxidoreductase acting on CH-CH group of donor"	0	0	-3.32653042369166	-3.49773772310028	-4.58038807017549	TRUE	0	0	-0.648487902527451	-0.258166695988649	-0.112779013634015	TRUE
"M2"	"VIT_13s0064g00350"	101	20.0950176595982	0.0943428059136064	0.880775381967939	0.880775381967939	91	0.340164951585355	FALSE	"M2"	TRUE	NA	NA	FALSE	FALSE	FALSE	FALSE	NA	NA	1	0.111111111111111	-5.48765235880855	-3.92918637664466	-5.90528807816688	TRUE	1	0.222222222222222	-1.9305291643193	-4.70068697303065	-5.48411325401335	TRUE
"M2"	"VIT_18s0117g00380"	102	19.8914117176699	0.0933869094726285	0.863294506682805	0.863294506682805	98	0.414231006242607	FALSE	"M2"	TRUE	NA	NA	FALSE	FALSE	FALSE	FALSE	NA	NA	1	0	-2.5187159067782	-2.30395362738377	-2.51236287273799	TRUE	1	0	-3.50650200942376	-3.01015455377332	-2.93101341609743	TRUE
"M2"	"VIT_03s0038g04700"	103	19.8271553185432	0.0930852362372918	0.838725760390965	0.838725760390965	107	0.44029565261092	FALSE	"M2"	TRUE	"Vitvi03g00310"	"Vitvi05_01chr03g05230"	TRUE	TRUE	FALSE	FALSE	"Enzyme classification.EC_1 oxidoreductases.EC_1.3 oxidoreductase acting on CH-CH group of donor"	"mapman:Enzyme classification.EC_1 oxidoreductases.EC_1-3 oxidoreductase acting on CH-CH group of donor; mapman:Secondary metabolism.phenolics.flavonoid biosynthesis.isoflavonoids.isoflavone reductase"	0	0	-3.58350768842325	-3.12013502379052	-2.2275790168994	TRUE	0	0	-5.32140537024749	-4.88633236006044	-5.61806740086376	TRUE
"M2"	"VIT_07s0129g00090"	104	19.6806429009026	0.0923973845112798	0.836237056872948	0.836237056872948	108	0.300038791596741	FALSE	"M2"	TRUE	"Vitvi07g01586"	NA	TRUE	FALSE	FALSE	FALSE	"Protein biosynthesis.ribosome biogenesis.large ribosomal subunit (LSU).LSU proteome.component RPL26"	NA	0	0	-3.97522956509671	-2.82394866078181	-3.21521934601052	TRUE	0	0	-1.9330899189264	-3.79597400260995	-3.18987933049083	TRUE
"M2"	"VIT_12s0055g00180"	105	19.5108372574182	0.0916001749174561	0.842219860008501	0.842219860008501	105	0.423796794925665	FALSE	"M2"	TRUE	"Vitvi12g02588"	"Vitvi05_01chr12g16400"	TRUE	TRUE	FALSE	FALSE	"Enzyme classification.EC_2 transferases.EC_2.4 glycosyltransferase"	"mapman:Enzyme classification.EC_2 transferases.EC_2-4 glycosyltransferase"	0	0	-2.49964985205647	-2.67747214183251	-2.13308329880073	TRUE	1	0	-3.025629722085	-2.94174875539852	-2.68669139344697	TRUE
"M2"	"VIT_03s0017g00940"	106	18.8069971812262	0.0882957614142077	-0.818395177393533	0.818395177393533	116	0.334963064508467	FALSE	"M2"	TRUE	"Vitvi03g01127"	NA	TRUE	FALSE	FALSE	FALSE	"Photosynthesis.photophosphorylation.cytochrome b6/f complex.Rieske iron-sulfur component PetC"	NA	0	0.444444444444444	3.80543985173067	3.64188595864066	4.32220536780823	TRUE	0	0.888888888888889	1.43067247438524	1.41113031750576	2.00634089300275	TRUE
"M2"	"VIT_18s0117g00030"	107	18.8016637306223	0.0882707217400109	0.78672737174845	0.78672737174845	132	0.0979045959856776	FALSE	"M2"	TRUE	NA	NA	FALSE	FALSE	FALSE	FALSE	NA	NA	0.888888888888889	0	-4.08620417846868	-3.95746505970727	-4.19028840463721	TRUE	1	0.111111111111111	-0.394003071443461	-0.0607104713247845	-0.350830219021243	TRUE
"M2"	"VIT_19s0090g01380"	108	18.5041200665795	0.0868738031294813	-0.859710425374072	0.859710425374072	101	0.60800857355692	FALSE	"M2"	TRUE	"Vitvi19g02041"	NA	TRUE	FALSE	FALSE	FALSE	"not assigned.not annotated"	NA	0	0	5.54804105085575	4.61759797408947	3.68429698532375	TRUE	0	0	3.14191104404741	3.37396318365614	4.54522264209083	TRUE
"M2"	"VIT_03s0063g00810"	109	18.3868247887651	0.0863231210740147	-0.862584549286568	0.862584549286568	99	0.509076231650753	FALSE	"M2"	TRUE	"Vitvi03g00481"	"Vitvi05_01chr03g07740"	TRUE	FALSE	FALSE	FALSE	"not assigned.annotated"	NA	0	0	2.71021159183309	2.91175431683515	2.53557660637702	TRUE	0	0	3.14882224952417	1.46489720822307	1.06372909726597	TRUE
"M2"	"VIT_19s0015g02690"	110	18.2998996205429	0.0859150216926895	-0.867203836855948	0.867203836855948	97	0.645671367663479	FALSE	"M2"	TRUE	"Vitvi19g02149"	NA	TRUE	FALSE	FALSE	FALSE	"Protein modification.S-glutathionylation.glutathione S-transferase activities.class tau glutathione S-transferase"	NA	0	0	3.86055598522929	4.33456124144515	6.45426001046971	TRUE	0	0	2.67006477153883	2.0944999542054	4.50761762353324	TRUE
"M2"	"VIT_18s0117g00080"	111	18.1041318348894	0.0849959241074622	0.778736602431237	0.778736602431237	135	0.100812581704033	FALSE	"M2"	TRUE	NA	NA	FALSE	FALSE	FALSE	FALSE	NA	NA	0.222222222222222	0	-3.86576271586182	-3.57887435193686	-4.40290277290596	TRUE	0.777777777777778	0	-0.685368944856539	-0.139658039949309	-0.623620422615897	TRUE
"M2"	"VIT_11s0016g02940"	112	17.9610299359362	0.0843240842062732	0.841210056989001	0.841210056989001	106	0.223286261291845	FALSE	"M2"	TRUE	"Vitvi11g00247"	"Vitvi05_01chr11g03480"	TRUE	TRUE	FALSE	FALSE	"Cytoskeleton organisation.microfilament network.actin polymerisation.profilin actin nucleation protein"	"mapman:Cytoskeleton organisation.microfilament network.actin polymerisation.profilin actin nucleation protein"	0.666666666666667	0	-3.16275980242482	-3.46461537696984	-3.87367181393088	TRUE	0.333333333333333	0	-0.413661586205209	-1.1813747805724	-0.789855359935357	TRUE
"M2"	"VIT_16s0050g01710"	113	17.7623601437	0.0833913621769952	0.797322880802076	0.797322880802076	127	0.125437407506017	FALSE	"M2"	TRUE	"Vitvi16g01949"	NA	TRUE	FALSE	FALSE	FALSE	"Enzyme classification.EC_2 transferases.EC_2.7 transferase transferring phosphorus-containing group"	NA	0.444444444444444	0	-2.31001524247751	-2.19529431917982	-1.98225799227113	TRUE	0.444444444444444	0	-0.785418254172295	-0.309196557366719	-0.547353841412354	TRUE
"M2"	"VIT_01s0127g00590"	114	17.6024328069875	0.0826405296102702	0.811139167280517	0.811139167280517	120	0.569376187356619	FALSE	"M2"	TRUE	"Vitvi01g02061"	"Vitvi05_01chr01g11190"	TRUE	TRUE	FALSE	FALSE	"Redox homeostasis.cytosol/mitochondrion/nucleus redox homeostasis.nucleoredoxin"	"mapman:Redox homeostasis.thiol-based redox regulation.thioredoxin activities.nucleoredoxin *(NRX); mapman:Enzyme classification.EC_1 oxidoreductases.EC_1-8 oxidoreductase acting on sulfur group of donor"	0	0	-3.55172430746624	-3.44558220565813	-3.14986617736656	TRUE	0	0	-3.77950408966256	-2.82618797739257	-2.57074201586292	TRUE
"M2"	"VIT_02s0025g03910"	115	17.3703511469343	0.0815509443518042	-0.819543931143396	0.819543931143396	115	0.386888828249368	FALSE	"M2"	TRUE	"Vitvi02g01391"	NA	TRUE	FALSE	FALSE	FALSE	"not assigned.not annotated"	NA	0	0	2.28424557867851	2.98798412299905	2.45105740868333	TRUE	0	0	1.89410033990732	2.13491163191109	2.27684233277873	TRUE
"M2"	"VIT_00s0160g00100"	116	17.1862727967865	0.0806867267454767	0.85903091675118	0.85903091675118	102	0.327960740575796	FALSE	"M2"	TRUE	"Vitvi07g02833"	NA	TRUE	FALSE	FALSE	FALSE	"External stimuli response.pathogen.effector-triggered immunity (ETI) network.effector receptor (NLR)"	NA	0	0	-2.10614422987783	-2.93125143425696	-2.82195310529201	TRUE	0	0	-3.95327141097777	-2.43090786364148	-2.21915736624552	TRUE
"M2"	"VIT_10s0116g00040"	117	16.5076814897077	0.0775008520643554	0.831925916499482	0.831925916499482	110	0.416793228766432	FALSE	"M2"	TRUE	"Vitvi10g00001"	NA	TRUE	FALSE	FALSE	FALSE	"not assigned.not annotated"	NA	1	0	-4.83900549760254	-4.38999496555445	-3.94402303051947	TRUE	1	0	-5.45083388896296	-5.21862599409005	-5.41826132562607	TRUE
"M2"	"VIT_19s0135g00060"	118	16.0959953238177	0.0755680531634633	-0.790298689241524	0.790298689241524	130	0.360421898131774	FALSE	"M2"	TRUE	"Vitvi19g01394"	"Vitvi05_01chr19g15540"	TRUE	TRUE	FALSE	FALSE	"Amino acid metabolism.degradation.cysteine.sulfur dioxygenase"	"mapman:Amino acid metabolism.amino acid degradation.cysteine degradation.sulfur dioxygenase; mapman:Enzyme classification.EC_3 hydrolases.EC_3-1 hydrolase acting on ester bond"	0	0	3.95223120878652	3.29410462546347	3.11319595757513	TRUE	0	0	2.06905826843384	1.81974354908077	2.02087057338562	TRUE
"M2"	"VIT_09s0002g02050"	119	15.9054702643333	0.0746735693161186	0.755729960181085	0.755729960181085	147	0.0858262279170503	FALSE	"M2"	TRUE	NA	NA	FALSE	FALSE	FALSE	FALSE	NA	NA	1	0	-1.86267884886591	-1.95139501486097	-2.5850936247295	TRUE	1	0.444444444444444	-0.0219598096277061	-0.0253072717983953	-0.0741440706648709	TRUE
"M2"	"VIT_16s0050g01720"	120	15.0769637216373	0.0707838672377337	0.780813871018412	0.780813871018412	134	0.136374208110914	FALSE	"M2"	TRUE	"Vitvi16g01158"	NA	TRUE	FALSE	FALSE	FALSE	"Enzyme classification.EC_2 transferases.EC_2.7 transferase transferring phosphorus-containing group"	NA	0	0	-1.68540632156537	-2.09425737313348	-1.3795102790147	TRUE	0	0	-1.05859137734276	-0.725470950592621	-0.898472405440342	TRUE
"M2"	"VIT_14s0030g01300"	121	14.356571361636	0.0674017434818593	-0.833488631509749	0.833488631509749	109	0.438693150172547	FALSE	"M2"	TRUE	"Vitvi14g00387"	"Vitvi05_01chr14g06730"	TRUE	FALSE	FALSE	FALSE	"not assigned.not annotated"	NA	0	0.222222222222222	2.88763257367071	3.14111847673317	3.28143848702247	TRUE	0	0	1.31564429691177	1.19668592893899	0.924150228191162	TRUE
"M2"	"VIT_13s0067g00560"	122	13.7461299234965	0.0645358212370728	0.762276737060962	0.762276737060962	145	0.103340129184063	FALSE	"M1"	FALSE	"Vitvi13g01302"	"Vitvi05_01chr13g19030"	TRUE	FALSE	FALSE	FALSE	"not assigned.annotated"	NA	0.777777777777778	0	-1.70019915604842	-2.02742798888652	-2.62391582632083	TRUE	0.888888888888889	0.222222222222222	-0.740293480023866	-0.0727749246061712	-0.505017833702656	TRUE
"M2"	"VIT_13s0064g00830"	123	13.7198378095694	0.0644123840824854	0.820057437590845	0.820057437590845	114	0.428641361623998	FALSE	"M2"	TRUE	NA	NA	FALSE	FALSE	FALSE	FALSE	NA	NA	0	0	-1.68845554423379	-1.13630512504942	-1.3224527748079	TRUE	0	0	-3.18136183006238	-3.19935993157086	-3.07819685997237	TRUE
"M2"	"VIT_03s0088g00140"	124	13.6164814737945	0.0639271430694578	-0.797721613435032	0.797721613435032	126	0.485645753299844	FALSE	"M2"	TRUE	"Vitvi03g00703"	"Vitvi05_01chr03g10920"	TRUE	TRUE	FALSE	FALSE	"Enzyme classification.EC_1 oxidoreductases.EC_1.3 oxidoreductase acting on CH-CH group of donor"	"mapman:Enzyme classification.EC_1 oxidoreductases.EC_1-3 oxidoreductase acting on CH-CH group of donor"	0	0.777777777777778	3.16842037854779	3.44231729804751	2.37784629946757	TRUE	0	0.333333333333333	4.04645119559449	2.88540771110599	4.42880962486855	TRUE
"M2"	"VIT_17s0053g00040"	125	13.3920475060333	0.06287346246964	0.781928961774248	0.781928961774248	133	0.338446210766877	FALSE	"M2"	TRUE	"Vitvi17g01148"	"Vitvi05_01chr17g16900"	TRUE	TRUE	FALSE	FALSE	"Solute transport.carrier-mediated transport.OPT family.iron chelator transporter (YSL); Nutrient uptake.iron uptake.chelation-based strategy uptake.ferric cation-chelator transporter (YSL)"	"mapman:Solute transport.carrier-mediated transport.OPT family.iron chelator transporter *(YSL)"	0	0	-3.02817813199085	-2.73311873204566	-2.23109693944726	TRUE	0	0	-3.56440739548887	-3.4538531797776	-2.87277396998397	TRUE
"M2"	"VIT_13s0158g00290"	126	13.2654789158278	0.0622792437362807	0.798021492849079	0.798021492849079	125	0.16408838892927	FALSE	"M2"	TRUE	"Vitvi13g01616"	"Vitvi05_01chr13g24530"	TRUE	FALSE	FALSE	FALSE	"not assigned.annotated"	NA	1	0	-2.12065665383978	-1.9076961750098	-2.32503984912238	TRUE	1	0	-0.735722318139266	-0.553483811997879	-0.893701642709045	TRUE
"M2"	"VIT_12s0035g00740"	127	12.7299756889944	0.0597651440797857	-0.821900010961678	0.821900010961678	113	0.531374250479945	FALSE	"M2"	TRUE	NA	NA	FALSE	FALSE	FALSE	FALSE	NA	NA	0	0	2.65410867310667	2.01930181032031	1.89109899560615	TRUE	0	0	1.78873376865689	3.03401096194229	3.01205349481422	TRUE
"M2"	"VIT_14s0030g02020"	128	12.664742485012	0.0594588849061596	-0.79573663077073	0.79573663077073	129	0.401743484183517	FALSE	"M2"	TRUE	"Vitvi14g02663"	"Vitvi05_01chr14g07890"	TRUE	TRUE	FALSE	FALSE	"Enzyme classification.EC_1 oxidoreductases.EC_1.1 oxidoreductase acting on CH-OH group of donor"	"mapman:Enzyme classification.EC_1 oxidoreductases.EC_1-1 oxidoreductase acting on CH-OH group of donor"	0	0	2.86709684245379	3.1480696983763	3.02161562327619	TRUE	0	0	-0.22174485695867	0.356185144290272	0.0188468724599389	FALSE
"M2"	"VIT_12s0035g00780"	129	12.6369815091915	0.0593285516863452	-0.745988132945597	0.745988132945597	150	0.234366809227263	FALSE	"M2"	TRUE	NA	NA	FALSE	FALSE	FALSE	FALSE	NA	NA	0	1	2.67197346568603	2.12503801449596	3.18777848417393	TRUE	0.222222222222222	1	0.467434214967403	0.122541264911703	1.09986309052073	TRUE
"M2"	"VIT_00s0187g00090"	130	12.5055257919905	0.0587113886947909	-0.720261737908484	0.720261737908484	160	0.18743137249795	FALSE	"M2"	TRUE	"Vitvi10g01678"	"Vitvi05_01chr10g03120"	TRUE	FALSE	FALSE	FALSE	"not assigned.not annotated"	NA	0	0.888888888888889	5.35373634987968	5.91791598809511	5.87875204977555	TRUE	0	0.888888888888889	0.541760436622152	0.585425361883066	0.384365908180986	TRUE
"M2"	"VIT_03s0017g00870"	131	12.0563631697685	0.0566026439895235	-0.798169692308427	0.798169692308427	124	0.607160437293959	FALSE	"M2"	TRUE	"Vitvi03g01816"	"Vitvi05_01chr03g17570"	TRUE	TRUE	FALSE	FALSE	"Enzyme classification.EC_2 transferases.EC_2.3 acyltransferase; Secondary metabolism.phenolics.flavonoid biosynthesis.anthocyanins and proanthocyanidins biosynthesis; Secondary metabolism.phenolics.flavonoid biosynthesis.anthocyanins modifications and transport"	"mapman:Enzyme classification.EC_2 transferases.EC_2-3 acyltransferase"	0	0	2.2837319361822	2.87868056869222	2.069594564566	TRUE	0	0	2.66208382781803	1.65609742866356	2.71385735561113	TRUE
"M2"	"VIT_16s0039g02350"	132	12.0098371575668	0.0563842120073558	0.804853855267727	0.804853855267727	123	0.302346620620395	FALSE	"M2"	TRUE	"Vitvi16g01548"	NA	TRUE	FALSE	FALSE	FALSE	"not assigned.annotated"	NA	0	0	-1.98254835337989	-2.49869170063364	-1.93786486803248	TRUE	0	0	-3.06790750183871	-2.09744448971491	-1.50197680078593	TRUE
"M2"	"VIT_13s0147g00110"	133	11.9434838953049	0.0560726943441546	0.77008393814938	0.77008393814938	140	0.51330087216574	FALSE	"M2"	TRUE	"Vitvi13g00918"	NA	TRUE	FALSE	FALSE	FALSE	"Photosynthesis.photophosphorylation.linear electron flow.ferredoxin electron carrier"	NA	0	0	-1.17541932493438	-1.42077694287311	-0.880856083341989	TRUE	0	0	-3.85499221097544	-3.53414677861043	-2.83025225208221	TRUE
"M2"	"VIT_07s0129g00160"	134	11.8490757183825	0.0556294634665843	-0.807412681359684	0.807412681359684	122	0.430604504179113	FALSE	"M2"	TRUE	NA	NA	FALSE	FALSE	FALSE	FALSE	NA	NA	0	0	1.96758705643765	2.75554388893321	4.62016881696182	TRUE	0	0	3.5001087335482	2.69337000854139	5.01389556080747	TRUE
"M2"	"VIT_00s0346g00050"	135	11.6818513334965	0.0548443724577303	0.823042681515394	0.823042681515394	112	0.393555022662076	FALSE	"M2"	TRUE	NA	NA	FALSE	FALSE	FALSE	FALSE	NA	NA	1	0	-4.91600260246595	-5.57035253102411	-4.07674274107689	TRUE	1	0	-5.46957591341942	-4.8413778140624	-5.22655380793729	TRUE
"M2"	"VIT_16s0100g00740"	136	11.5437611406684	0.0541960616932787	0.814382862802537	0.814382862802537	117	0.277171979663754	FALSE	"M2"	TRUE	"Vitvi16g00985"	"Vitvi05_01chr16g13990"	TRUE	TRUE	FALSE	FALSE	"not assigned.not annotated"	"mapman:Multi-process regulation.circadian clock system.night-time repressor *(COR27)"	0	0	-1.73597980254105	-0.86957766194372	-1.73442210236643	TRUE	0	0	-0.931972077523647	-1.14572271832449	-1.02093676456162	TRUE
"M2"	"VIT_00s0437g00010"	137	11.4402581830384	0.053710132314734	-0.716984185070796	0.716984185070796	162	0.19513383138118	FALSE	"M2"	TRUE	"Vitvi00g00663"	NA	TRUE	FALSE	FALSE	FALSE	"Enzyme classification.EC_2 transferases.EC_2.7 transferase transferring phosphorus-containing group"	NA	0	1	1.95887554508056	1.73653522170985	3.10646464113012	TRUE	0.111111111111111	1	0.143464614225665	0.396705231381658	0.875541725986347	TRUE
"M2"	"VIT_12s0035g00750"	138	10.711133495223	0.0502870117146618	-0.812649209597402	0.812649209597402	119	0.530039793845847	FALSE	"M2"	TRUE	NA	NA	FALSE	FALSE	FALSE	FALSE	NA	NA	0	0	2.36054988157089	2.44098289039751	1.97033587399533	TRUE	0	0	1.70785370047733	1.82732166053207	2.56941951357149	TRUE
"M2"	"VIT_07s0104g00150"	139	10.4965107244979	0.0492793930727599	0.813750629216803	0.813750629216803	118	0.575224732104658	FALSE	"M2"	TRUE	"Vitvi07g02138"	NA	TRUE	FALSE	FALSE	FALSE	"not assigned.not annotated"	NA	0	0	-5.43524444875866	-3.48115716268061	-3.23940873348313	TRUE	0	0	-0.653202684080767	-1.5799378237037	-1.54110260461883	TRUE
"M2"	"VIT_19s0014g03390"	140	10.199933521564	0.0478870118383288	-0.796681965866441	0.796681965866441	128	0.640378396771019	FALSE	"M2"	TRUE	"Vitvi19g00278"	NA	TRUE	FALSE	FALSE	FALSE	"not assigned.not annotated"	NA	0	0	2.62240807494675	3.13187571453607	1.09547535706455	TRUE	0	0.222222222222222	5.08450116781891	3.82873541020676	4.41850983195562	TRUE
"M2"	"VIT_19s0085g00920"	141	9.93456955108592	0.0466411716013423	-0.755260008307015	0.755260008307015	148	0.509749291231403	FALSE	"M2"	TRUE	NA	NA	FALSE	FALSE	FALSE	FALSE	NA	NA	0	0	2.35726014283435	2.60116473570433	2.06220978947787	TRUE	0	0	4.68791737841196	4.30471138594392	4.07665421880975	TRUE
"M2"	"VIT_09s0054g01680"	142	9.47006073066299	0.0444603790171971	-0.777762890924636	0.777762890924636	136	0.595002505987937	FALSE	"M2"	TRUE	NA	NA	FALSE	FALSE	FALSE	FALSE	NA	NA	0	0.888888888888889	2.61169770739822	3.21156884526906	2.53386533320717	TRUE	0	0.111111111111111	3.30973192188947	2.75485186316996	2.80430515706681	TRUE
"M2"	"VIT_00s0463g00030"	143	9.29940607415469	0.0436591834467356	0.767519808232343	0.767519808232343	141	0.188484542043534	FALSE	"M2"	TRUE	"Vitvi10g00274"	NA	TRUE	FALSE	FALSE	FALSE	"Solute transport.primary active transport.P-type ATPase superfamily.P2 family.P2B-type calcium cation-transporting ATPase (ACA)"	NA	0	0	-1.91206885767623	-2.68692114720503	-2.28715572765746	TRUE	0	0	-2.32900621058975	-0.841729710169492	-1.03503095051875	TRUE
"M2"	"VIT_01s0026g02270"	144	9.18792030448748	0.043135776077406	-0.730138713827701	0.730138713827701	155	0.374968783517979	FALSE	"M2"	TRUE	"Vitvi01g00989"	"Vitvi05_01chr01g14910"	TRUE	FALSE	FALSE	FALSE	"not assigned.annotated"	NA	0	0	3.11930725739811	3.29552842943084	3.00730206458201	TRUE	0	0	2.3662514968434	1.95929801163942	1.70937074981046	TRUE
"M2"	"VIT_14s0068g00160"	145	9.08761441637238	0.0426648564148938	0.719464791805771	0.719464791805771	161	0.538078411609763	FALSE	"M2"	TRUE	"Vitvi14g02930"	"Vitvi05_01chr14g20700"	TRUE	FALSE	FALSE	FALSE	"not assigned.not annotated"	NA	0	0	-2.75952521719274	-3.19024626164058	-2.4967280444581	TRUE	0.555555555555556	0	-4.90007569855448	-4.20382040218902	-4.94387159996904	TRUE
"M2"	"VIT_08s0058g00020"	146	8.81307014345237	0.0413759161664431	-0.65539149224936	0.65539149224936	178	0.127720400518949	FALSE	"M2"	TRUE	NA	"Vitvi05_01chr08g06220"	FALSE	FALSE	FALSE	FALSE	NA	NA	0	1	1.44476306359244	2.63714590828794	3.33081075579745	TRUE	0.555555555555556	1	0.196074063860535	0.0789606595644121	0.528645444599413	TRUE
"M2"	"VIT_14s0030g00140"	147	8.74855513780426	0.0410730288159825	-0.64249547158286	0.64249547158286	181	0.105073555962599	FALSE	"M2"	TRUE	"Vitvi14g00297"	"Vitvi05_01chr14g05030"	TRUE	FALSE	FALSE	FALSE	"not assigned.not annotated"	NA	0	0.888888888888889	2.47736062979845	2.66283611569587	3.17794744653188	TRUE	0	0.777777777777778	0.323570465294883	0.258127179379077	0.469710067145186	TRUE
"M2"	"VIT_05s0077g00530"	148	7.94026462105762	0.0372782376575475	0.767206127273031	0.767206127273031	142	0.46585733393136	FALSE	"M2"	TRUE	"Vitvi05g00885"	"Vitvi05_01chr05g13120"	TRUE	TRUE	FALSE	FALSE	"not assigned.not annotated"	"mapman:Plant reproduction.gametogenesis.male gametophyt.anther dehiscence.regulatory factor *(ADR)"	0.222222222222222	0	-1.14775307361707	-1.2339200051884	-1.37049960852304	TRUE	0.111111111111111	0	-2.5108561558557	-2.94602678990205	-2.73166339055351	TRUE
"M2"	"VIT_15s0046g00500"	149	7.91889410167676	0.0371779065806421	0.706619530143319	0.706619530143319	165	0.077440023235422	FALSE	"M2"	TRUE	NA	NA	FALSE	FALSE	FALSE	FALSE	NA	NA	0.888888888888889	0	-2.13353444300335	-2.30288745576689	-2.72600569787342	TRUE	1	0.888888888888889	0	0	-0.0686997659799836	FALSE
"M2"	"VIT_10s0003g00410"	150	7.84799976440566	0.0368450693164585	0.759697428600395	0.759697428600395	146	0.287597576353767	FALSE	"M2"	TRUE	"Vitvi10g00509"	"Vitvi05_01chr10g09130"	TRUE	FALSE	FALSE	FALSE	"not assigned.annotated"	NA	0	0	-2.78831505703127	-2.40705759231763	-1.9750731005035	TRUE	0	0	-3.55362421396121	-2.53457784086101	-2.52121236914773	TRUE
"M2"	"VIT_00s0179g00250"	151	7.80721342987595	0.0366535841778214	0.770150417305002	0.770150417305002	139	0.464133682701262	FALSE	"M2"	TRUE	NA	NA	FALSE	FALSE	FALSE	FALSE	NA	NA	0.222222222222222	0	-3.21361727574623	-3.39480619786613	-3.7699609886019	TRUE	0.111111111111111	0	-3.0592453455132	-3.83562475929235	-3.53730987263797	TRUE
"M2"	"VIT_04s0023g02810"	152	7.51593471327792	0.0352860784660935	-0.77709611469509	0.77709611469509	137	0.522764592416053	FALSE	"M2"	TRUE	"Vitvi04g01402"	"Vitvi05_01chr04g19480"	TRUE	TRUE	FALSE	FALSE	"Enzyme classification.EC_1 oxidoreductases.EC_1.2 oxidoreductase acting on aldehyde or oxo group of donor"	"mapman:Enzyme classification.EC_1 oxidoreductases.EC_1-2 oxidoreductase acting on aldehyde or oxo group of donor"	0	0	0.748010099508623	1.43950623597437	0.821585833561776	TRUE	0	0	3.2726496128844	2.63976552063966	3.68038630691306	TRUE
"M2"	"VIT_02s0025g04890"	153	7.39483874870482	0.0347175528108208	-0.763457924645239	0.763457924645239	144	0.469419959511274	FALSE	"M2"	TRUE	"Vitvi02g01416"	NA	TRUE	FALSE	FALSE	FALSE	"Enzyme classification.EC_1 oxidoreductases.EC_1.14 oxidoreductase acting on paired donor with incorporation or reduction of molecular oxygen"	NA	0	0	2.7065026682972	2.81331106584843	2.87098062854768	TRUE	0	0	2.05475722356625	2.83405759792774	2.42603031214235	TRUE
"M2"	"VIT_03s0038g01930"	154	7.29936557731182	0.0342693219592104	-0.790209146524076	0.790209146524076	131	0.61747313565763	FALSE	"M2"	TRUE	"Vitvi03g00104"	NA	TRUE	FALSE	FALSE	FALSE	"Protein modification.protein folding.protein folding catalyst (Cyclophilin)"	NA	0	0	1.75767091251743	2.20782555824706	1.87611640994709	TRUE	0	0	2.19005740834705	1.06006852891348	1.59622277259748	TRUE
"M2"	"VIT_00s0187g00080"	155	6.98825916020354	0.0328087284516598	-0.600425972639755	0.600425972639755	192	0.0980580721797957	FALSE	"M2"	TRUE	"Vitvi10g01679"	NA	TRUE	FALSE	FALSE	FALSE	"not assigned.not annotated"	NA	0	1	2.86301862921831	3.06726927562839	4.2943686164256	TRUE	0	0.888888888888889	0.0798403837315533	0.122860426825778	0.0753182177093929	TRUE
"M2"	"VIT_15s0046g01610"	156	6.87286198259301	0.0322669576647559	-0.721251871342956	0.721251871342956	158	0.475182209025857	FALSE	"M1"	FALSE	"Vitvi15g01044"	"Vitvi05_01chr15g18300"	TRUE	TRUE	FALSE	FALSE	"not assigned.annotated"	"mapman:External stimuli response.pathogen.defense mechanisms.defense enzyme activities.chitinase activities.acidic chitinase *(CHIA)"	0	0.111111111111111	0.883587184676211	3.01429865422011	1.84028158496021	TRUE	0	0	2.48036211569868	1.88137389329234	2.62793929599736	TRUE
"M2"	"VIT_03s0088g00060"	157	6.72920643420615	0.0315925184704514	-0.744284396049638	0.744284396049638	151	0.46151994804602	FALSE	"M2"	TRUE	"Vitvi03g00700"	"Vitvi05_01chr03g10790"	TRUE	TRUE	FALSE	FALSE	"Enzyme classification.EC_1 oxidoreductases.EC_1.3 oxidoreductase acting on CH-CH group of donor"	"mapman:Enzyme classification.EC_1 oxidoreductases.EC_1-3 oxidoreductase acting on CH-CH group of donor"	0	0.222222222222222	5.12533110339031	5.29929851041348	1.57858829283757	TRUE	0	0	4.22721997467222	4.6590898795367	4.61025643542259	TRUE
"M2"	"VIT_18s0001g06940"	158	6.66675156285636	0.0312993031120017	-0.58608299010545	0.58608299010545	193	0.0921214627932135	FALSE	"M1"	FALSE	"Vitvi18g02593"	NA	TRUE	FALSE	FALSE	FALSE	"Solute transport.carrier-mediated transport.DMT superfamily.organic cation transporter (PUP)"	NA	0	0	4.48446218616205	4.60262486641082	4.83848633156746	TRUE	0	0.333333333333333	0.248693821743279	0.517009682745377	0.528982855388366	TRUE
"M2"	"VIT_14s0006g02550"	159	6.43686385330104	0.0302200180906152	-0.523512792795191	0.523512792795191	207	0.0684273372477808	FALSE	"M2"	TRUE	"Vitvi14g01128"	"Vitvi05_01chr14g16910"	TRUE	FALSE	FALSE	FALSE	"not assigned.not annotated"	NA	0	0.111111111111111	3.62791812165293	3.74464561482236	4.35723218032651	TRUE	0.555555555555556	0.888888888888889	0.0650398403595359	-0.0231919838449539	0.247550810301028	FALSE
"M2"	"VIT_05s0029g01000"	160	6.35600409576197	0.0298403948157839	-0.611447902024197	0.611447902024197	188	0.19785935555528	FALSE	"M1"	FALSE	"Vitvi05g02074"	"Vitvi05_01chr05g17800"	TRUE	FALSE	FALSE	FALSE	"not assigned.annotated"	NA	0	0	2.82812127746541	2.61747559023624	3.20646385241984	TRUE	0	0.555555555555556	1.24126762968598	1.14164345277989	0.834266251414492	TRUE
"M2"	"VIT_01s0146g00090"	161	6.35127129761149	0.0298181751061572	0.738238403961979	0.738238403961979	152	0.180043931257317	FALSE	"M2"	TRUE	"Vitvi01g01703"	"Vitvi05_01chr01g23570"	TRUE	TRUE	FALSE	FALSE	"Lipid metabolism.lipid bodies-associated activities.steroleosin dehydrogenase (HSD/SLO)"	"mapman:Lipid metabolism.cytoplasmic lipid droplet-associated activities.STEROLEOSIN-type dehydrogenase *(SLO/HSD); mapman:Enzyme classification.EC_1 oxidoreductases.EC_1-1 oxidoreductase acting on CH-OH group of donor"	0.222222222222222	0	-3.5490072037138	-3.66787721265438	-3.45117425822431	TRUE	0.888888888888889	0	-0.647887633881472	-0.442923578738519	-0.634557643715369	TRUE
"M2"	"VIT_02s0025g00940"	162	5.89703863288073	0.0276856273844166	0.766219817579201	0.766219817579201	143	0.262846215587261	FALSE	"M2"	TRUE	"Vitvi02g01332"	NA	TRUE	FALSE	FALSE	FALSE	"not assigned.not annotated"	NA	1	0.444444444444444	-1.75472581099294	-1.17616960302197	-1.77144238119499	TRUE	1	0.222222222222222	-2.55582310405461	-0.768057410511207	-1.98080868654133	TRUE
"M2"	"VIT_01s0011g05060"	163	5.89322351503408	0.0276677160330238	-0.567641688215537	0.567641688215537	196	0.0935813418845925	FALSE	"M1"	FALSE	"Vitvi01g00433"	"Vitvi05_01chr01g06570"	TRUE	FALSE	FALSE	FALSE	"not assigned.annotated"	NA	0	0	2.39171396620782	3.23455135444325	3.06512638717029	TRUE	0	0	0.567187567008884	0.170938155122177	0.551345208076795	TRUE
"M2"	"VIT_18s0001g11580"	164	5.77977442570931	0.0271350912005132	0.736186049712767	0.736186049712767	153	0.301949106375951	FALSE	"M2"	TRUE	"Vitvi18g00879"	"Vitvi05_01chr18g13240"	TRUE	TRUE	FALSE	FALSE	"Enzyme classification.EC_1 oxidoreductases.EC_1.14 oxidoreductase acting on paired donor with incorporation or reduction of molecular oxygen"	"mapman:Enzyme classification.EC_1 oxidoreductases.EC_1-14 oxidoreductase acting on paired donor with incorporation or reduction of molecular oxygen"	0	0	-1.40329621116351	-1.0002211650264	-2.195921875315	TRUE	0	0	-0.689915881790041	-0.584556189128273	-0.0425223713129048	TRUE
"M2"	"VIT_19s0014g00450"	165	5.7486090242519	0.026988774761746	0.750821518419224	0.750821518419224	149	0.39622753503271	FALSE	"M2"	TRUE	"Vitvi19g00041"	"Vitvi05_01chr19g00700"	TRUE	FALSE	FALSE	FALSE	"not assigned.annotated"	NA	0	0	-1.80951456464436	-2.42938965302627	-2.03349849863697	TRUE	0	0	-2.01286418718913	-2.49201502161571	-1.95086607297028	TRUE
"M2"	"VIT_00s0414g00060"	166	5.69708946346509	0.0267468988895075	-0.624446775907665	0.624446775907665	184	0.124990590826883	FALSE	"M2"	TRUE	NA	NA	FALSE	FALSE	FALSE	FALSE	NA	NA	0	0	3.61124124800922	3.93845423266945	4.01882360984097	TRUE	0	0.222222222222222	0.105098624652349	0.111554103308414	0.988430641705956	TRUE
"M2"	"VIT_01s0011g06460"	167	5.59665624679367	0.0262753814403459	-0.648640668752082	0.648640668752082	179	0.491193442014852	FALSE	"M1"	FALSE	NA	NA	FALSE	FALSE	FALSE	FALSE	NA	NA	0	0	1.73167350898539	2.58064373943166	1.77510245998767	TRUE	0	0	5.5415638555086	4.79474992369891	4.86968484968386	TRUE
"M2"	"VIT_06s0009g00980"	168	5.41879187225032	0.0254403374284053	0.693339186767279	0.693339186767279	168	0.226047093493188	FALSE	"M2"	TRUE	"Vitvi06g00984"	"Vitvi05_01chr06g14240"	TRUE	FALSE	FALSE	FALSE	"not assigned.annotated"	NA	0	0	-2.5153889989551	-1.92800828235586	-1.81085989474145	TRUE	0	0	-2.09113078269341	-1.46042411143525	-2.24680872950335	TRUE
"M2"	"VIT_13s0067g02410"	169	5.21774679150594	0.024496463809887	0.77141263776172	0.77141263776172	138	0.401923093226277	FALSE	"M2"	TRUE	"Vitvi13g02281"	NA	TRUE	FALSE	FALSE	FALSE	"not assigned.not annotated"	NA	0.111111111111111	0	-1.49579639367893	-2.77880905631927	-4.0695670979877	TRUE	0	0	-1.84359652865352	-2.96523504776222	-1.11816177604964	TRUE
"M2"	"VIT_18s0001g09900"	170	5.06053927010305	0.0237584003291223	0.726301101981593	0.726301101981593	156	0.221413487697563	FALSE	"M2"	TRUE	"Vitvi18g02673"	"Vitvi05_01chr18g11110"	TRUE	FALSE	FALSE	FALSE	"not assigned.not annotated"	NA	0	0	-2.49118826618003	-3.19115308185279	-2.26900580704776	TRUE	0	0	-0.61316622558561	-0.411671430025462	-0.249695269060202	TRUE
"M2"	"VIT_00s0184g00130"	171	4.56018155147692	0.0214093030585771	-0.577511225050237	0.577511225050237	194	0.0912935557103319	FALSE	"M2"	TRUE	NA	NA	FALSE	FALSE	FALSE	FALSE	NA	NA	0.111111111111111	1	2.49987528712821	2.72334468286209	4.23396419553274	TRUE	1	1	0	0	0	FALSE
"M2"	"VIT_13s0019g02660"	172	4.3700369547395	0.0205166054213122	-0.724116836854704	0.724116836854704	157	0.391578439680048	FALSE	"M2"	TRUE	"Vitvi13g02012"	"Vitvi05_01chr13g05860"	TRUE	FALSE	FALSE	FALSE	"not assigned.not annotated"	NA	0	0	4.63240914754065	4.8445744139969	4.24315890330753	TRUE	0	0	0.664534016338119	0.443172053545659	1.11015518503202	TRUE
"M2"	"VIT_13s0139g00200"	173	4.36586177181469	0.0204970036235431	-0.70184610006085	0.70184610006085	167	0.306107421859938	FALSE	"M2"	TRUE	NA	NA	FALSE	FALSE	FALSE	FALSE	NA	NA	0	0.333333333333333	1.34042901004915	0.656547296666981	2.59073628940849	TRUE	0	0.222222222222222	1.06964676003381	1.03435802050073	3.34879755998998	TRUE
"M2"	"VIT_04s0008g01580"	174	4.23922193366706	0.0199024503928031	0.705426519963065	0.705426519963065	166	0.485645369623414	FALSE	"M2"	TRUE	"Vitvi04g01802"	NA	TRUE	FALSE	FALSE	FALSE	"Protein homeostasis.protein quality control.smallHsp holdase chaperone activities.class-C-II protein"	NA	0	0	-3.29175213570666	-3.11987464858977	-2.36542292816063	TRUE	0	0	-4.09599085345067	-4.15833453491265	-3.59378310575239	TRUE
"M2"	"VIT_06s0004g05070"	175	3.89250414387662	0.0182746673421437	0.663107630322743	0.663107630322743	176	0.517705549027976	FALSE	"M2"	TRUE	"Vitvi06g00500"	NA	TRUE	FALSE	FALSE	FALSE	"Solute transport.carrier-mediated transport.ZIP family.metal cation transporter (ZIP)"	NA	0	0	-0.519418436383737	-0.696243698168412	-0.601809643052647	TRUE	0	0	-3.6443802065207	-3.42401998479608	-4.28124615212451	TRUE
"M2"	"VIT_14s0081g00100"	176	3.61820388917736	0.0169868727191425	-0.735498539762055	0.735498539762055	154	0.498153298600954	FALSE	"M2"	TRUE	"Vitvi14g02668"	NA	TRUE	FALSE	FALSE	FALSE	"not assigned.not annotated"	NA	0.111111111111111	1	2.43705894483038	3.59458282693167	3.25531827803368	TRUE	0.111111111111111	1	3.48582522402565	1.64689446961207	2.74622058766063	TRUE
"M2"	"VIT_14s0030g01150"	177	3.61241217925422	0.0169596815927428	-0.715821539464164	0.715821539464164	163	0.349466285960488	FALSE	"M2"	TRUE	"Vitvi14g02630"	NA	TRUE	FALSE	FALSE	FALSE	"not assigned.not annotated"	NA	0	0.111111111111111	4.45088490228773	4.05649659766543	2.09991483186073	TRUE	0	0.333333333333333	3.01870421349258	0.650844294758201	3.16543349945134	TRUE
"M2"	"VIT_07s0151g00400"	178	3.5075227147739	0.0164672427923657	-0.674466704977384	0.674466704977384	173	0.26137203892918	FALSE	"M2"	TRUE	NA	NA	FALSE	FALSE	FALSE	FALSE	NA	NA	0	0.333333333333333	1.49984628512635	1.13647521375235	2.48676555755693	TRUE	0	0	1.20434012980775	0.225642175152864	2.95560369491142	TRUE
"M2"	"VIT_18s0089g00980"	179	3.37282395033636	0.0158348542269313	0.720742128842824	0.720742128842824	159	0.362190838200225	FALSE	"M2"	TRUE	"Vitvi18g03263"	NA	TRUE	FALSE	FALSE	FALSE	"not assigned.not annotated"	NA	0.666666666666667	0.111111111111111	-5.17258432029125	-3.41845350569653	-2.16544133068116	TRUE	0.888888888888889	0.111111111111111	-3.91995056938151	-3.39033478461076	-4.68808204797022	TRUE
"M2"	"VIT_00s0276g00010"	180	3.340788847914	0.0156844546850423	-0.691628343480964	0.691628343480964	169	0.717746648425129	FALSE	"M1"	FALSE	NA	NA	FALSE	FALSE	FALSE	FALSE	NA	NA	0	0.111111111111111	1.56182430414271	2.67513008383544	1.39461979237943	TRUE	0	0	1.34317021310795	1.35515729764744	0.95041941845833	TRUE
"M2"	"VIT_14s0030g00860"	181	3.26975693787807	0.0153509715393337	-0.483991762210881	0.483991762210881	210	0.0345484497785896	FALSE	"M1"	FALSE	"Vitvi14g02610"	NA	TRUE	FALSE	FALSE	FALSE	"not assigned.not annotated"	NA	0	0.888888888888889	1.320967030714	1.32971024259293	2.75290756366293	TRUE	1	0.888888888888889	-0.0960537557236901	0	0	FALSE
"M2"	"VIT_00s0253g00040"	182	3.2366542715578	0.0151955599603653	0.675226868294035	0.675226868294035	172	0.256351936825655	FALSE	"M2"	TRUE	"Vitvi07g01308"	"Vitvi05_01chr07g21950"	TRUE	TRUE	FALSE	FALSE	"Enzyme classification.EC_1 oxidoreductases.EC_1.10 oxidoreductase acting on diphenol or related substance as donor"	"mapman:Enzyme classification.EC_1 oxidoreductases.EC_1-10 oxidoreductase acting on diphenol or related substance as donor"	0	0	-4.12344837955032	-4.06172933280084	-3.03548536391155	TRUE	0.111111111111111	0	-2.16079209096096	-1.62457508136211	-1.5999061346306	TRUE
"M2"	"VIT_01s0011g02960"	183	3.17503046916235	0.0149062463340955	-0.552278068738359	0.552278068738359	199	0.098630556242437	FALSE	"M2"	TRUE	"Vitvi01g00234"	"Vitvi05_01chr01g03630"	TRUE	TRUE	FALSE	FALSE	"Secondary metabolism.phenolics.flavonoid biosynthesis.anthocyanins and proanthocyanidins biosynthesis; Secondary metabolism.phenolics.flavonoid biosynthesis.anthocyanidins.leucoanthocyanidin reductase"	"mapman:Enzyme classification.EC_1 oxidoreductases.EC_1-3 oxidoreductase acting on CH-CH group of donor; mapman:Secondary metabolism.phenolics.flavonoid biosynthesis.anthocyanidins.leucoanthocyanidin reductase *(LAR)"	0	0.222222222222222	3.13780521551198	2.80017255263091	1.80330205958414	TRUE	0	0	0.0860135879100041	-0.758115540045485	-0.226752699172456	FALSE
"M2"	"VIT_03s0017g00650"	184	3.06193691207757	0.0143752906670308	0.640946612370462	0.640946612370462	182	0.429475224322396	FALSE	"M2"	TRUE	"Vitvi03g01092"	"Vitvi05_01chr03g17080"	TRUE	TRUE	FALSE	FALSE	"Coenzyme metabolism.FMN/FAD biosynthesis.bifunctional GTP cyclohydrolase II (RibA) and DHBP synthase (RibB)"	"mapman:Enzyme classification.EC_3 hydrolases.EC_3-5 hydrolase acting on carbon-nitrogen bond, other than peptide bond; mapman:Coenzyme metabolism.FMN/FAD biosynthesis.bifunctional GTP cyclohydrolase II *(RibA) and DHBP synthase *(RibB)"	0	0	-1.28107805133464	-1.66948588462763	-0.569628540552436	TRUE	0	0	-3.27358110222008	-3.22701790764219	-3.44886561994003	TRUE
"M2"	"VIT_14s0068g00130"	185	2.99110511604563	0.0140427470236884	0.614327950524583	0.614327950524583	185	0.407366371453301	FALSE	"M2"	TRUE	NA	NA	FALSE	FALSE	FALSE	FALSE	NA	NA	0	0	-0.85146845945053	-0.329026137162558	-0.820651489332345	TRUE	0.111111111111111	0	-3.40947399666827	-4.77550289815717	-3.24866801445579	TRUE
"M2"	"VIT_13s0106g00250"	186	2.83404320314232	0.0133053671509029	-0.535092192208962	0.535092192208962	203	0.114680274484735	FALSE	"M2"	TRUE	"Vitvi13g00829"	"Vitvi05_01chr13g12020"	TRUE	FALSE	FALSE	FALSE	"not assigned.annotated"	NA	0	0	3.1928757502875	3.27976738700295	3.4926114410053	TRUE	0.111111111111111	0	-0.759536586346088	-0.228439806921523	-0.60291254099095	TRUE
"M2"	"VIT_13s0067g01090"	187	2.7133496338734	0.012738730675462	-0.658513777902147	0.658513777902147	177	0.276616448575028	FALSE	"M2"	TRUE	"Vitvi13g01283"	NA	TRUE	FALSE	FALSE	FALSE	"not assigned.not annotated"	NA	0.111111111111111	1	3.14812042618148	1.1613697307427	2.61978053711867	TRUE	0.555555555555556	1	0.553251875119532	0.947282116452772	1.0789440940088	TRUE
"M2"	"VIT_03s0017g02080"	188	2.67941333158375	0.0125794053125998	-0.707693405736655	0.707693405736655	164	0.514092591031864	FALSE	"M2"	TRUE	"Vitvi03g01864"	NA	TRUE	FALSE	FALSE	FALSE	"not assigned.not annotated"	NA	0.444444444444444	1	0	2.20993401089248	1.69083578255598	FALSE	0.111111111111111	1	2.02885176877037	2.34554434771599	2.37985893264831	TRUE
"M2"	"VIT_00s2478g00020"	189	2.50190769429659	0.0117460455131295	-0.61147822471685	0.61147822471685	187	0.146393226432849	FALSE	"M3"	FALSE	"Vitvi00g01355"	"Vitvi05_01chr01g01700"	TRUE	TRUE	FALSE	FALSE	"Protein biosynthesis.organelle machinery.mitochondrial ribosome.large ribosomal subunit proteome.component mtRPL7/L12"	"mapman:Protein biosynthesis.organellar translation machinery.mitochondrial ribosome biogenesis.large ribosomal subunit proteome.component *(bL12m)"	0	0.333333333333333	0.80545386188248	0.471156819509572	1.84223429616583	TRUE	0	0.333333333333333	1.41107514483189	-0.249167894405257	2.40733560941784	FALSE
"M2"	"VIT_01s0010g03810"	190	2.30131187652304	0.0108042811104368	0.670248739501559	0.670248739501559	174	0.456647949656168	FALSE	"M2"	TRUE	"Vitvi01g01668"	NA	TRUE	FALSE	FALSE	FALSE	"not assigned.not annotated"	NA	0	0	-1.52972733891651	-1.60293983263628	-0.759650716592255	TRUE	0.111111111111111	0	-4.42199843471918	-2.27323927587179	-1.73614562708857	TRUE
"M2"	"VIT_00s0324g00070"	191	2.29628026708571	0.0107806585309188	-0.60051131003753	0.60051131003753	191	0.283506359213021	FALSE	"M2"	TRUE	"Vitvi07g01395"	"Vitvi05_01chr07g23270"	TRUE	TRUE	FALSE	FALSE	"Enzyme classification.EC_2 transferases.EC_2.4 glycosyltransferase"	"mapman:Enzyme classification.EC_2 transferases.EC_2-4 glycosyltransferase"	0	0	3.72734004648535	2.28434012812975	2.09366758103153	TRUE	0	0	-0.210369976235963	0.186365323608317	1.55623479844174	FALSE
"M2"	"VIT_18s0001g08810"	192	2.07908727950451	0.00976097314321367	0.647805548905633	0.647805548905633	180	0.455397987998794	FALSE	"M2"	TRUE	"Vitvi18g02636"	NA	TRUE	FALSE	FALSE	FALSE	"not assigned.not annotated"	NA	0	0	-3.47231967934307	-0.989106492168786	-1.49533818949028	TRUE	0	0	-1.70652135000019	-1.88543126401175	-1.32529023122775	TRUE
"M2"	"VIT_15s0021g02400"	193	1.97209618954232	0.0092586675565367	-0.684594352727637	0.684594352727637	170	0.459386729096548	FALSE	"M2"	TRUE	"Vitvi15g01465"	NA	TRUE	FALSE	FALSE	FALSE	"not assigned.not annotated"	NA	0.333333333333333	1	2.64180461897938	0.802342124719778	3.50278593023887	TRUE	0.333333333333333	0.888888888888889	1.97346395278528	1.35576024189096	0.661646424370819	TRUE
"M2"	"VIT_14s0006g00180"	194	1.93257675455806	0.00907313030308949	0.627890881602221	0.627890881602221	183	0.68862618233569	FALSE	"M2"	TRUE	"Vitvi14g00772"	"Vitvi05_01chr14g12410"	TRUE	TRUE	FALSE	FALSE	"Protein homeostasis.proteolysis.aspartic-type peptidase activities.A1-class protease (Pepsin)"	"mapman:Protein homeostasis.proteolysis.aspartic peptidase activities.Pepsin-type protease"	0	0	-2.78528526376347	-2.70183714198981	-1.88714830606626	TRUE	0	0	-0.954415410448595	-0.479067313911142	0.277603089454711	FALSE
"M2"	"VIT_13s0019g02190"	195	1.86111225854636	0.00873761623730687	-0.669875232237157	0.669875232237157	175	0.402994074894299	FALSE	"M2"	TRUE	NA	NA	FALSE	FALSE	FALSE	FALSE	NA	NA	0	1	10.4572928483612	10.7048650111258	10.8181474749918	TRUE	0.666666666666667	1	2.58657836211726	2.92890901162379	3.07087265752421	TRUE
"M2"	"VIT_04s0044g01810"	196	1.58765081441181	0.00745375969207422	0.680976905849272	0.680976905849272	171	0.341129046821692	FALSE	"M2"	TRUE	"Vitvi04g02255"	NA	TRUE	FALSE	FALSE	FALSE	"not assigned.not annotated"	NA	1	0.444444444444444	-1.64332625871688	-0.638574523768676	-2.107908209289	TRUE	1	0.333333333333333	-2.6702560303176	-1.80064475309748	-1.12272954690894	TRUE
"M2"	"VIT_13s0019g00860"	197	1.57457897636022	0.00739238956037662	0.610700960833746	0.610700960833746	189	0.498674083550535	FALSE	"M2"	TRUE	"Vitvi13g00278"	"Vitvi05_01chr13g04160"	TRUE	TRUE	FALSE	FALSE	"Protein homeostasis.protein quality control.smallHsp holdase chaperone activities.class-PX protein"	"mapman:Protein homeostasis.protein quality control.smallHsp holdase chaperone activities.class-PX protein"	0	0	-2.48188189150805	-1.97680600639335	-1.93450829201139	TRUE	0	0	-2.1621208997033	-2.40412341301534	-1.37386681516218	TRUE
"M2"	"VIT_14s0108g00740"	198	1.24074682089304	0.00582510244550724	0.55416966602255	0.55416966602255	197	0.328422146892378	FALSE	"M2"	TRUE	"Vitvi14g03084"	NA	TRUE	FALSE	FALSE	FALSE	"Phytohormone action.signalling peptides.CRP (cysteine-rich-peptide) category.GASA/GAST-peptide activity.GASA-precursor polypeptide"	NA	0	0	-3.4630901659377	-4.70902507827851	-3.91210946808564	TRUE	0	0	-4.65084374652736	-4.71690469523484	-4.66024934850039	TRUE
"M2"	"VIT_09s0054g00360"	199	1.15119323261973	0.00540466306394239	-0.613785943719258	0.613785943719258	186	0.323552401319245	FALSE	"M2"	TRUE	"Vitvi09g01960"	NA	TRUE	FALSE	FALSE	FALSE	"not assigned.not annotated"	NA	0.222222222222222	0.555555555555556	-0.488843786513748	1.64891497897467	2.09943515185084	FALSE	0.333333333333333	0.666666666666667	2.29166354324381	1.45101672520449	0.579153931972821	TRUE
"M2"	"VIT_03s0063g01960"	200	1.13773755001237	0.00534149084512848	-0.60772355398246	0.60772355398246	190	0.51698549805924	FALSE	"M2"	TRUE	"Vitvi03g01517"	"Vitvi05_01chr03g06270"	TRUE	FALSE	FALSE	FALSE	"not assigned.annotated"	NA	0	0	1.0506162038526	1.63627214630403	1.36608999829933	TRUE	0	0	1.95080094281285	2.14495716809035	2.52496928809572	TRUE
"M2"	"VIT_19s0093g00190"	201	1.02098265465091	0.00479334579648316	-0.553768978471624	0.553768978471624	198	0.23240981926188	FALSE	"M2"	TRUE	"Vitvi19g01308"	NA	TRUE	FALSE	FALSE	FALSE	"Protein modification.S-glutathionylation.glutathione S-transferase activities.class tau glutathione S-transferase"	NA	0	0	0.406730957172151	0.00695123989475555	3.73788009849997	TRUE	0	0.222222222222222	2.84722735423967	3.2810167356324	4.97492164653232	TRUE
"M2"	"VIT_12s0057g00420"	202	0.93841621190619	0.00440570991505253	0.508534288369141	0.508534288369141	208	0.248035692395703	FALSE	"M2"	TRUE	"Vitvi12g00649"	"Vitvi05_01chr12g10440"	TRUE	FALSE	FALSE	FALSE	"not assigned.annotated"	NA	0	0	-0.886306410579188	-2.01157813585134	-0.657049521693483	TRUE	0	0	-3.88157445662056	-2.80310947843489	-3.32898891246508	TRUE
"M2"	"VIT_17s0119g00150"	203	0.69445073555388	0.00326033209180226	0.577391101444955	0.577391101444955	195	0.373393875101277	FALSE	"M2"	TRUE	"Vitvi17g01613"	NA	TRUE	FALSE	FALSE	FALSE	"not assigned.annotated"	NA	0.222222222222222	0.222222222222222	-0.690296342228788	-0.619928847324555	0.0661215613657187	FALSE	0.111111111111111	0	-2.03775679742981	-3.73629422614123	-2.85926416971179	TRUE
"M2"	"VIT_03s0167g00010"	204	0.477943387266383	0.00224386566791729	0.532861965316246	0.532861965316246	204	0.0972981530472625	FALSE	"M2"	TRUE	"Vitvi03g00907"	"Vitvi05_01chr03g13770"	TRUE	TRUE	TRUE	TRUE	"RNA biosynthesis.transcriptional regulation.B3  transcription factor superfamily.transcription factor (ARF)"	"mapman:RNA biosynthesis.DNA-binding transcriptional regulation.beta-barrel DNA-binding domain.ARF transcription factor"	0.777777777777778	0.222222222222222	-2.72351146924658	-2.82317406391296	-0.0864155295309051	TRUE	1	0.333333333333333	-0.554386572809507	-0.661788079214023	0	FALSE
"M2"	"VIT_00s0780g00030"	205	0.455904222914909	0.00214039541274605	0.540661937327374	0.540661937327374	201	0.425701546314744	FALSE	"M2"	TRUE	"Vitvi10g01685"	NA	TRUE	FALSE	FALSE	FALSE	"not assigned.not annotated"	NA	0.777777777777778	0.222222222222222	-2.06994362988425	-1.34814350931049	-0.727948339133062	TRUE	1	0	-3.17621874254181	-2.19000922873782	-2.81386912313753	TRUE
"M2"	"VIT_03s0038g04330"	206	0.419354976264248	0.00196880270546595	-0.538444973559839	0.538444973559839	202	0.743226701360178	FALSE	"M2"	TRUE	"Vitvi03g01479"	"Vitvi05_01chr03g04830"	TRUE	FALSE	FALSE	FALSE	"not assigned.not annotated"	NA	0	0	1.31690479764454	1.54759672352922	1.43350288329439	TRUE	0	0	1.69284537182896	1.00243816616285	0.802293475699965	TRUE
"M2"	"VIT_03s0097g00160"	207	0.354786501300698	0.00166566432535539	0.392965342755513	0.392965342755513	213	0.921425396294669	FALSE	"M1"	FALSE	NA	NA	FALSE	FALSE	FALSE	FALSE	NA	NA	0.111111111111111	0	-1.16661668778736	-0.374331769146019	-0.167560364624026	TRUE	0	0	-0.919669834442811	-0.00758886287119243	0.770462842359656	FALSE
"M2"	"VIT_14s0108g01000"	208	0.354353363925506	0.00166363081655167	0.527993029903966	0.527993029903966	205	0.555256909718222	FALSE	"M2"	TRUE	"Vitvi14g01975"	"Vitvi05_01chr14g29510"	TRUE	TRUE	FALSE	FALSE	"not assigned.annotated"	"mapman:Multi-process regulation.calcium-dependent signalling.calcium sensor *(CML)"	0	0	-0.45975533370921	-2.42606773993974	-0.30136267008455	TRUE	0	0	-2.51022488735646	-1.23895720686746	-1.68518852597313	TRUE
"M2"	"VIT_18s0164g00100"	209	0.346149700211949	0.00162511596343638	0.363837398921835	0.363837398921835	214	0.0763250010480605	FALSE	"M4"	FALSE	"Vitvi18g01438"	"Vitvi05_01chr18g21090"	TRUE	TRUE	FALSE	FALSE	"Enzyme classification.EC_1 oxidoreductases.EC_1.10 oxidoreductase acting on diphenol or related substance as donor"	"mapman:Enzyme classification.EC_1 oxidoreductases.EC_1-10 oxidoreductase acting on diphenol or related substance as donor"	0	0	-2.99878685115864	-2.84358372050833	-2.58650694207746	TRUE	0	0	-3.88295767425461	-3.02502370189685	-2.44534273682152	TRUE
"M2"	"VIT_06s0004g04010"	210	0.274408528739891	0.00128830295183047	0.394947078289784	0.394947078289784	212	0.140712703857843	FALSE	"M2"	TRUE	"Vitvi06g00397"	"Vitvi05_01chr06g06030"	TRUE	TRUE	FALSE	FALSE	"Vesicle trafficking.target membrane tethering.Exocyst complex.component EXO70"	"mapman:Vesicle trafficking.exocytic trafficking.Exocyst complex.component *(EXO70)"	0	0	-0.566939221364814	-1.63013374468719	0.414806145248251	FALSE	0	0	-2.56290899036594	-2.08025627872547	-2.42070035406337	TRUE
"M2"	"VIT_00s0227g00080"	211	0.227071324933196	0.00106606255837181	-0.525734251397544	0.525734251397544	206	0.421674501975936	FALSE	"M2"	TRUE	NA	NA	FALSE	FALSE	FALSE	FALSE	NA	NA	0	0	1.96820123390776	2.1804346974442	0.600867075723305	TRUE	0	0	2.93465309847572	-1.99106546058413	0.0525687315101937	FALSE
"M2"	"VIT_09s0002g08210"	212	0.209620383496734	0.000984133255853209	-0.550815421894454	0.550815421894454	200	0.542686218152981	FALSE	"M2"	TRUE	NA	NA	FALSE	FALSE	FALSE	FALSE	NA	NA	0.555555555555556	1	0.796481888114878	1.69747325038063	0.70524192781961	TRUE	0.444444444444444	0.888888888888889	1.10734927786889	0.442911360081823	1.43570954469575	TRUE
"M2"	"VIT_04s0044g01830"	213	0.128893865872313	0.000605135520527292	-0.482051388103051	0.482051388103051	211	0.602253289441331	FALSE	"M2"	TRUE	"Vitvi04g02256"	NA	TRUE	FALSE	FALSE	FALSE	"not assigned.not annotated"	NA	0.555555555555556	0.666666666666667	-0.154465464925354	0.207588502654437	1.1774639391864	FALSE	0	0.888888888888889	3.15456824666443	2.54113642770192	1.87158647773878	TRUE
"M2"	"VIT_00s0184g00220"	214	0.128189012205411	0.000601826348382209	0.496949163569864	0.496949163569864	209	0.4152971649321	FALSE	"M2"	TRUE	NA	NA	FALSE	FALSE	FALSE	FALSE	NA	NA	0.777777777777778	0.222222222222222	-3.37628898444037	-2.94454379190975	-1.38553565127942	TRUE	0.777777777777778	0.333333333333333	-4.1619688353331	-2.92313839614307	0	FALSE
