"Gene1"	"Gene2"	"Pearson_r"	"Beta10_unsigned_adjacency"	"Pair_group"
"VIT_05s0077g01580"	"VIT_03s0038g03860"	-0.778154741403586	0.0814066119200195	"other_other"
"VIT_05s0077g01580"	"VIT_09s0002g01000"	-0.711488944424659	0.0332415725954318	"other_other"
"VIT_03s0038g03860"	"VIT_09s0002g01000"	0.81161216535204	0.124018216366833	"other_other"
"VIT_05s0077g01580"	"VIT_00s1206g00010"	-0.74542893164726	0.0529739608414213	"other_other"
"VIT_03s0038g03860"	"VIT_00s1206g00010"	0.887137279774454	0.301931411939656	"other_other"
"VIT_09s0002g01000"	"VIT_00s1206g00010"	0.919178178280115	0.43052369054122	"other_other"
"VIT_05s0077g01580"	"VIT_14s0030g00340"	-0.41619179737999	0.000155931969967421	"other_other"
"VIT_03s0038g03860"	"VIT_14s0030g00340"	0.663659758413279	0.0165750499619679	"other_other"
"VIT_09s0002g01000"	"VIT_14s0030g00340"	0.781345935031616	0.0848073651900388	"other_other"
"VIT_00s1206g00010"	"VIT_14s0030g00340"	0.689796895384852	0.0243900310824159	"other_other"
"VIT_05s0077g01580"	"VIT_02s0025g03260"	-0.841928221747931	0.178957817553528	"other_other"
"VIT_03s0038g03860"	"VIT_02s0025g03260"	0.859476844965181	0.219959036775657	"other_other"
"VIT_09s0002g01000"	"VIT_02s0025g03260"	0.850006512811792	0.196889489636639	"other_other"
"VIT_00s1206g00010"	"VIT_02s0025g03260"	0.868780685361136	0.244963608922725	"other_other"
"VIT_14s0030g00340"	"VIT_02s0025g03260"	0.644800366741155	0.0124237515586372	"other_other"
"VIT_05s0077g01580"	"VIT_10s0116g00530"	-0.728082538378955	0.0418606680400586	"other_other"
"VIT_03s0038g03860"	"VIT_10s0116g00530"	0.834037541973076	0.162875588099384	"other_other"
"VIT_09s0002g01000"	"VIT_10s0116g00530"	0.892057835228768	0.319102437187272	"other_other"
"VIT_00s1206g00010"	"VIT_10s0116g00530"	0.876128231380056	0.266487441837571	"other_other"
"VIT_14s0030g00340"	"VIT_10s0116g00530"	0.803265813817953	0.111838888497681	"other_other"
"VIT_02s0025g03260"	"VIT_10s0116g00530"	0.841716589433703	0.178508486547085	"other_other"
"VIT_05s0077g01580"	"VIT_08s0007g01560"	0.530032165284884	0.00174993637192583	"other_other"
"VIT_03s0038g03860"	"VIT_08s0007g01560"	-0.693650869983241	0.0257875066565207	"other_other"
"VIT_09s0002g01000"	"VIT_08s0007g01560"	-0.645155750602173	0.0124923955556337	"other_other"
"VIT_00s1206g00010"	"VIT_08s0007g01560"	-0.649977961422629	0.0134581794300745	"other_other"
"VIT_14s0030g00340"	"VIT_08s0007g01560"	-0.811740234357313	0.124214050943646	"other_other"
"VIT_02s0025g03260"	"VIT_08s0007g01560"	-0.617487277952938	0.0080589812037239	"other_other"
"VIT_10s0116g00530"	"VIT_08s0007g01560"	-0.73925106061166	0.0487438201671991	"other_other"
"VIT_05s0077g01580"	"VIT_02s0012g01660"	-0.734100297691967	0.0454521050609615	"other_other"
"VIT_03s0038g03860"	"VIT_02s0012g01660"	0.761345258633654	0.065435959450927	"other_other"
"VIT_09s0002g01000"	"VIT_02s0012g01660"	0.830066785220769	0.155285305550145	"other_other"
"VIT_00s1206g00010"	"VIT_02s0012g01660"	0.839902557802953	0.174698444644227	"other_other"
"VIT_14s0030g00340"	"VIT_02s0012g01660"	0.631907258108247	0.010151575224257	"other_other"
"VIT_02s0025g03260"	"VIT_02s0012g01660"	0.907855755082234	0.380336941712702	"other_other"
"VIT_10s0116g00530"	"VIT_02s0012g01660"	0.758462981426686	0.0630004844087384	"other_other"
"VIT_08s0007g01560"	"VIT_02s0012g01660"	-0.536357812804225	0.0019703623989497	"other_other"
"VIT_05s0077g01580"	"VIT_05s0062g00610"	-0.41378450829497	0.000147143902662633	"other_other"
"VIT_03s0038g03860"	"VIT_05s0062g00610"	0.709152884884186	0.0321661245883209	"other_other"
"VIT_09s0002g01000"	"VIT_05s0062g00610"	0.617026205682754	0.00799900730120081	"other_other"
"VIT_00s1206g00010"	"VIT_05s0062g00610"	0.54515230677765	0.00231834754113678	"other_other"
"VIT_14s0030g00340"	"VIT_05s0062g00610"	0.755042700752878	0.0602164480575756	"other_other"
"VIT_02s0025g03260"	"VIT_05s0062g00610"	0.538054763536941	0.00203359659805572	"other_other"
"VIT_10s0116g00530"	"VIT_05s0062g00610"	0.695769108083535	0.0265859034420464	"other_other"
"VIT_08s0007g01560"	"VIT_05s0062g00610"	-0.677860586085937	0.0204834840372126	"other_other"
"VIT_02s0012g01660"	"VIT_05s0062g00610"	0.391005521354213	8.35273880023519e-05	"other_other"
"VIT_05s0077g01580"	"VIT_04s0044g00040"	0.83540097953571	0.165557859033937	"other_other"
"VIT_03s0038g03860"	"VIT_04s0044g00040"	-0.818492401018497	0.134941805685567	"other_other"
"VIT_09s0002g01000"	"VIT_04s0044g00040"	-0.745049492853237	0.052704929205834	"other_other"
"VIT_00s1206g00010"	"VIT_04s0044g00040"	-0.802648723070045	0.110982675713274	"other_other"
"VIT_14s0030g00340"	"VIT_04s0044g00040"	-0.580384626833596	0.00433669624272142	"other_other"
"VIT_02s0025g03260"	"VIT_04s0044g00040"	-0.802457124050464	0.110718035104457	"other_other"
"VIT_10s0116g00530"	"VIT_04s0044g00040"	-0.798646328586375	0.105571087499913	"other_other"
"VIT_08s0007g01560"	"VIT_04s0044g00040"	0.674781839153633	0.0195719391216353	"other_other"
"VIT_02s0012g01660"	"VIT_04s0044g00040"	-0.674117259815652	0.0193800310153251	"other_other"
"VIT_05s0062g00610"	"VIT_04s0044g00040"	-0.444912425673296	0.000303910251879447	"other_other"
"VIT_05s0077g01580"	"VIT_08s0040g01710"	0.598893863543957	0.00593606478206039	"other_other"
"VIT_03s0038g03860"	"VIT_08s0040g01710"	-0.777002456278448	0.080209150560038	"other_other"
"VIT_09s0002g01000"	"VIT_08s0040g01710"	-0.791919137521599	0.097008185766819	"other_other"
"VIT_00s1206g00010"	"VIT_08s0040g01710"	-0.741340121407761	0.0501389284588407	"other_other"
"VIT_14s0030g00340"	"VIT_08s0040g01710"	-0.868880716169431	0.245245804513041	"other_other"
"VIT_02s0025g03260"	"VIT_08s0040g01710"	-0.75647631545149	0.0613696084316815	"other_other"
"VIT_10s0116g00530"	"VIT_08s0040g01710"	-0.900690886915901	0.35136434279028	"other_other"
"VIT_08s0007g01560"	"VIT_08s0040g01710"	0.825669399921632	0.147252235036303	"other_other"
"VIT_02s0012g01660"	"VIT_08s0040g01710"	-0.622374611426027	0.0087200441011236	"other_other"
"VIT_05s0062g00610"	"VIT_08s0040g01710"	-0.803915806385549	0.112747177167113	"other_other"
"VIT_04s0044g00040"	"VIT_08s0040g01710"	0.698883162847844	0.0278000628579901	"other_other"
"VIT_05s0077g01580"	"VIT_18s0001g08760"	0.71291815211067	0.033915383115363	"other_other"
"VIT_03s0038g03860"	"VIT_18s0001g08760"	-0.774726217422512	0.0778901483965851	"other_other"
"VIT_09s0002g01000"	"VIT_18s0001g08760"	-0.765560626620556	0.0691505903963713	"other_other"
"VIT_00s1206g00010"	"VIT_18s0001g08760"	-0.761572945142342	0.0656319145886004	"other_other"
"VIT_14s0030g00340"	"VIT_18s0001g08760"	-0.838856395451989	0.17253459925404	"other_other"
"VIT_02s0025g03260"	"VIT_18s0001g08760"	-0.784428785105977	0.0882135337733815	"other_other"
"VIT_10s0116g00530"	"VIT_18s0001g08760"	-0.856980231536976	0.213652529604129	"other_other"
"VIT_08s0007g01560"	"VIT_18s0001g08760"	0.870985711974325	0.251252451041237	"other_other"
"VIT_02s0012g01660"	"VIT_18s0001g08760"	-0.712360461645575	0.0336510071479788	"other_other"
"VIT_05s0062g00610"	"VIT_18s0001g08760"	-0.690416929682176	0.0246101534438839	"other_other"
"VIT_04s0044g00040"	"VIT_18s0001g08760"	0.789007104125222	0.0934994671010197	"other_other"
"VIT_08s0040g01710"	"VIT_18s0001g08760"	0.877655241508252	0.271168668451843	"other_other"
"VIT_05s0077g01580"	"VIT_05s0049g01550"	0.66258452728303	0.0163084580155997	"other_other"
"VIT_03s0038g03860"	"VIT_05s0049g01550"	-0.675415477400333	0.0197565034365747	"other_other"
"VIT_09s0002g01000"	"VIT_05s0049g01550"	-0.683139384809482	0.0221356991156638	"other_other"
"VIT_00s1206g00010"	"VIT_05s0049g01550"	-0.603418874419086	0.00640013159984526	"other_other"
"VIT_14s0030g00340"	"VIT_05s0049g01550"	-0.753376345875485	0.058900611452028	"other_other"
"VIT_02s0025g03260"	"VIT_05s0049g01550"	-0.75986928802539	0.0641784047592594	"other_other"
"VIT_10s0116g00530"	"VIT_05s0049g01550"	-0.774587413085752	0.0777507084551789	"other_other"
"VIT_08s0007g01560"	"VIT_05s0049g01550"	0.675627627208146	0.0198186469291395	"other_other"
"VIT_02s0012g01660"	"VIT_05s0049g01550"	-0.64816422453908	0.013087315267402	"other_other"
"VIT_05s0062g00610"	"VIT_05s0049g01550"	-0.699970122622761	0.0282354706160407	"other_other"
"VIT_04s0044g00040"	"VIT_05s0049g01550"	0.686786023902236	0.0233461078168018	"other_other"
"VIT_08s0040g01710"	"VIT_05s0049g01550"	0.83623899120402	0.167226128257366	"other_other"
"VIT_18s0001g08760"	"VIT_05s0049g01550"	0.863271712526154	0.229866192851576	"other_other"
"VIT_05s0077g01580"	"VIT_18s0166g00060"	0.59311409125263	0.00538743969163956	"other_other"
"VIT_03s0038g03860"	"VIT_18s0166g00060"	-0.621669060153282	0.00862169261380571	"other_other"
"VIT_09s0002g01000"	"VIT_18s0166g00060"	-0.640733032260396	0.011661949091865	"other_other"
"VIT_00s1206g00010"	"VIT_18s0166g00060"	-0.585702490586049	0.00475084331964407	"other_other"
"VIT_14s0030g00340"	"VIT_18s0166g00060"	-0.638321347656323	0.0112303602971833	"other_other"
"VIT_02s0025g03260"	"VIT_18s0166g00060"	-0.686390276728243	0.0232119286814608	"other_other"
"VIT_10s0116g00530"	"VIT_18s0166g00060"	-0.688207977319623	0.023834004890042	"other_other"
"VIT_08s0007g01560"	"VIT_18s0166g00060"	0.582814651101718	0.00452172980474935	"other_other"
"VIT_02s0012g01660"	"VIT_18s0166g00060"	-0.5756638232826	0.00399658797532324	"other_other"
"VIT_05s0062g00610"	"VIT_18s0166g00060"	-0.639202763794088	0.0113864001268923	"other_other"
"VIT_04s0044g00040"	"VIT_18s0166g00060"	0.571637399723643	0.00372568686151945	"other_other"
"VIT_08s0040g01710"	"VIT_18s0166g00060"	0.696001716020612	0.0266749186615221	"other_other"
"VIT_18s0001g08760"	"VIT_18s0166g00060"	0.767257160135157	0.0706983861412195	"other_other"
"VIT_05s0049g01550"	"VIT_18s0166g00060"	0.730060558104643	0.0430119231258957	"other_other"
"VIT_05s0077g01580"	"VIT_18s0001g15130"	0.785468841340946	0.0893901400040654	"other_other"
"VIT_03s0038g03860"	"VIT_18s0001g15130"	-0.740930260785914	0.0498624167601853	"other_other"
"VIT_09s0002g01000"	"VIT_18s0001g15130"	-0.671787525323131	0.0187205821604621	"other_other"
"VIT_00s1206g00010"	"VIT_18s0001g15130"	-0.689283201864552	0.0242090053692545	"other_other"
"VIT_14s0030g00340"	"VIT_18s0001g15130"	-0.672022039079328	0.0187860364435996	"other_other"
"VIT_02s0025g03260"	"VIT_18s0001g15130"	-0.840468892739785	0.175879993362219	"other_other"
"VIT_10s0116g00530"	"VIT_18s0001g15130"	-0.754348683147807	0.0596652363576873	"other_other"
"VIT_08s0007g01560"	"VIT_18s0001g15130"	0.771712065230517	0.0749122604987899	"other_other"
"VIT_02s0012g01660"	"VIT_18s0001g15130"	-0.675236439407869	0.01970419565718	"other_other"
"VIT_05s0062g00610"	"VIT_18s0001g15130"	-0.59059874185523	0.0051632740258299	"other_other"
"VIT_04s0044g00040"	"VIT_18s0001g15130"	0.787079365209145	0.0912399979507601	"other_other"
"VIT_08s0040g01710"	"VIT_18s0001g15130"	0.796475935144545	0.102736930229669	"other_other"
"VIT_18s0001g08760"	"VIT_18s0001g15130"	0.856031086559102	0.211297988454541	"other_other"
"VIT_05s0049g01550"	"VIT_18s0001g15130"	0.838142212448904	0.171071294400079	"other_other"
"VIT_18s0166g00060"	"VIT_18s0001g15130"	0.712378167800277	0.0336593722470915	"other_other"
"VIT_05s0077g01580"	"VIT_05s0077g01560"	0.829660222417878	0.154526399626268	"other_other"
"VIT_03s0038g03860"	"VIT_05s0077g01560"	-0.702736622719053	0.0293714827471969	"other_other"
"VIT_09s0002g01000"	"VIT_05s0077g01560"	-0.823214630759465	0.142932438860119	"other_other"
"VIT_00s1206g00010"	"VIT_05s0077g01560"	-0.756725591463817	0.0615721352725103	"other_other"
"VIT_14s0030g00340"	"VIT_05s0077g01560"	-0.674897634424604	0.0196055513022046	"other_other"
"VIT_02s0025g03260"	"VIT_05s0077g01560"	-0.797770178794436	0.104418627502609	"other_other"
"VIT_10s0116g00530"	"VIT_05s0077g01560"	-0.817223273299514	0.132863981275103	"other_other"
"VIT_08s0007g01560"	"VIT_05s0077g01560"	0.632949613266357	0.0103202778172623	"other_other"
"VIT_02s0012g01660"	"VIT_05s0077g01560"	-0.719311351536776	0.0370825114991347	"other_other"
"VIT_05s0062g00610"	"VIT_05s0077g01560"	-0.529670431104937	0.00173803008953755	"other_other"
"VIT_04s0044g00040"	"VIT_05s0077g01560"	0.711236665424921	0.0331238928702858	"other_other"
"VIT_08s0040g01710"	"VIT_05s0077g01560"	0.78061525376051	0.0840176121596265	"other_other"
"VIT_18s0001g08760"	"VIT_05s0077g01560"	0.789002959734757	0.0934945560027705	"other_other"
"VIT_05s0049g01550"	"VIT_05s0077g01560"	0.729971509193576	0.0429594882527321	"other_other"
"VIT_18s0166g00060"	"VIT_05s0077g01560"	0.662533183244213	0.0162958249078255	"other_other"
"VIT_18s0001g15130"	"VIT_05s0077g01560"	0.76764250671305	0.0710542646814643	"other_other"
"VIT_05s0077g01580"	"VIT_07s0005g03340"	0.696984832409202	0.0270541112797614	"other_other"
"VIT_03s0038g03860"	"VIT_07s0005g03340"	-0.723620860298711	0.0393650475736807	"other_other"
"VIT_09s0002g01000"	"VIT_07s0005g03340"	-0.719066643861143	0.0369565508017747	"other_other"
"VIT_00s1206g00010"	"VIT_07s0005g03340"	-0.668960709343323	0.0179475886508615	"other_other"
"VIT_14s0030g00340"	"VIT_07s0005g03340"	-0.74475662453042	0.0524981197368168	"other_other"
"VIT_02s0025g03260"	"VIT_07s0005g03340"	-0.805622423309381	0.115163659446002	"other_other"
"VIT_10s0116g00530"	"VIT_07s0005g03340"	-0.80797360700318	0.118569160475971	"other_other"
"VIT_08s0007g01560"	"VIT_07s0005g03340"	0.842151262119704	0.179432471260513	"other_other"
"VIT_02s0012g01660"	"VIT_07s0005g03340"	-0.694087033153942	0.025950116412367	"other_other"
"VIT_05s0062g00610"	"VIT_07s0005g03340"	-0.587074519642841	0.00486331403993744	"other_other"
"VIT_04s0044g00040"	"VIT_07s0005g03340"	0.771307579933723	0.0745205400575823	"other_other"
"VIT_08s0040g01710"	"VIT_07s0005g03340"	0.840548820521978	0.176047325138324	"other_other"
"VIT_18s0001g08760"	"VIT_07s0005g03340"	0.850709794418586	0.198524600006894	"other_other"
"VIT_05s0049g01550"	"VIT_07s0005g03340"	0.780077421922951	0.0834405352527993	"other_other"
"VIT_18s0166g00060"	"VIT_07s0005g03340"	0.685364304612794	0.0228672961377661	"other_other"
"VIT_18s0001g15130"	"VIT_07s0005g03340"	0.87381612132033	0.259537746166516	"other_other"
"VIT_05s0077g01560"	"VIT_07s0005g03340"	0.724884635062889	0.0400579706255134	"other_other"
"VIT_05s0077g01580"	"VIT_06s0004g07550"	0.843037328240321	0.181329326557274	"other_other"
"VIT_03s0038g03860"	"VIT_06s0004g07550"	-0.824905968940251	0.145896361532645	"other_other"
"VIT_09s0002g01000"	"VIT_06s0004g07550"	-0.748796411887257	0.0554163026712238	"other_other"
"VIT_00s1206g00010"	"VIT_06s0004g07550"	-0.844656917731427	0.184843180583681	"other_other"
"VIT_14s0030g00340"	"VIT_06s0004g07550"	-0.545269027003768	0.002323316040938	"other_other"
"VIT_02s0025g03260"	"VIT_06s0004g07550"	-0.898234257160811	0.341897671564582	"other_other"
"VIT_10s0116g00530"	"VIT_06s0004g07550"	-0.782140962369862	0.0856742505403514	"other_other"
"VIT_08s0007g01560"	"VIT_06s0004g07550"	0.60712876731756	0.00680468637352338	"other_other"
"VIT_02s0012g01660"	"VIT_06s0004g07550"	-0.787949024104481	0.092253153312627	"other_other"
"VIT_05s0062g00610"	"VIT_06s0004g07550"	-0.498234861172021	0.000942629692336261	"other_other"
"VIT_04s0044g00040"	"VIT_06s0004g07550"	0.776444801312732	0.0796353448058805	"other_other"
"VIT_08s0040g01710"	"VIT_06s0004g07550"	0.656154662161882	0.0147932020695462	"other_other"
"VIT_18s0001g08760"	"VIT_06s0004g07550"	0.714602783274653	0.0347253821523015	"other_other"
"VIT_05s0049g01550"	"VIT_06s0004g07550"	0.617673563200238	0.00808332679078736	"other_other"
"VIT_18s0166g00060"	"VIT_06s0004g07550"	0.578663803522927	0.00420981656829908	"other_other"
"VIT_18s0001g15130"	"VIT_06s0004g07550"	0.825300034316811	0.146594822400027	"other_other"
"VIT_05s0077g01560"	"VIT_06s0004g07550"	0.704833164116142	0.0302596085117607	"other_other"
"VIT_07s0005g03340"	"VIT_06s0004g07550"	0.726969734293021	0.0412252505579559	"other_other"
"VIT_05s0077g01580"	"VIT_18s0001g15220"	0.803895694736778	0.112718974258871	"other_other"
"VIT_03s0038g03860"	"VIT_18s0001g15220"	-0.804092919192711	0.112995819847066	"other_other"
"VIT_09s0002g01000"	"VIT_18s0001g15220"	-0.76822906591079	0.0715990642658762	"other_other"
"VIT_00s1206g00010"	"VIT_18s0001g15220"	-0.723092108052561	0.0390783497930886	"other_other"
"VIT_14s0030g00340"	"VIT_18s0001g15220"	-0.659787388985207	0.0156329199089489	"other_other"
"VIT_02s0025g03260"	"VIT_18s0001g15220"	-0.873307420408212	0.258030772933768	"other_other"
"VIT_10s0116g00530"	"VIT_18s0001g15220"	-0.85153749810593	0.200464637083648	"other_other"
"VIT_08s0007g01560"	"VIT_18s0001g15220"	0.683883350884139	0.0223779505476874	"other_other"
"VIT_02s0012g01660"	"VIT_18s0001g15220"	-0.759846448734162	0.0641591173494485	"other_other"
"VIT_05s0062g00610"	"VIT_18s0001g15220"	-0.642431671244947	0.0119748320450351	"other_other"
"VIT_04s0044g00040"	"VIT_18s0001g15220"	0.779414817023913	0.0827344866754328	"other_other"
"VIT_08s0040g01710"	"VIT_18s0001g15220"	0.812263454925055	0.125017019411715	"other_other"
"VIT_18s0001g08760"	"VIT_18s0001g15220"	0.825603453555252	0.147134666668274	"other_other"
"VIT_05s0049g01550"	"VIT_18s0001g15220"	0.834827000461197	0.164423870907244	"other_other"
"VIT_18s0166g00060"	"VIT_18s0001g15220"	0.689524023695239	0.0242937199190624	"other_other"
"VIT_18s0001g15130"	"VIT_18s0001g15220"	0.778593512241953	0.0818667982287708	"other_other"
"VIT_05s0077g01560"	"VIT_18s0001g15220"	0.79612337269202	0.102283066939853	"other_other"
"VIT_07s0005g03340"	"VIT_18s0001g15220"	0.81026879949953	0.121980711242175	"other_other"
"VIT_06s0004g07550"	"VIT_18s0001g15220"	0.726342642079726	0.0408710141743466	"other_other"
"VIT_05s0077g01580"	"VIT_00s0270g00120"	0.767371719711257	0.0708040172327464	"other_other"
"VIT_03s0038g03860"	"VIT_00s0270g00120"	-0.837518905230069	0.169803325364919	"other_other"
"VIT_09s0002g01000"	"VIT_00s0270g00120"	-0.942503856318588	0.553135278476435	"other_other"
"VIT_00s1206g00010"	"VIT_00s0270g00120"	-0.921416438135738	0.441122853709935	"other_other"
"VIT_14s0030g00340"	"VIT_00s0270g00120"	-0.722016815365213	0.0385010985699919	"other_other"
"VIT_02s0025g03260"	"VIT_00s0270g00120"	-0.899917273246477	0.348358072244264	"other_other"
"VIT_10s0116g00530"	"VIT_00s0270g00120"	-0.918218706422396	0.426050777218904	"other_other"
"VIT_08s0007g01560"	"VIT_00s0270g00120"	0.616700071399132	0.00795682830969244	"other_other"
"VIT_02s0012g01660"	"VIT_00s0270g00120"	-0.855741843338224	0.210585121039021	"other_other"
"VIT_05s0062g00610"	"VIT_00s0270g00120"	-0.55037107356286	0.00255009289658716	"other_other"
"VIT_04s0044g00040"	"VIT_00s0270g00120"	0.790660858807673	0.0954777988963338	"other_other"
"VIT_08s0040g01710"	"VIT_00s0270g00120"	0.807981878837992	0.118581299853876	"other_other"
"VIT_18s0001g08760"	"VIT_00s0270g00120"	0.769408673681234	0.0727060881690905	"other_other"
"VIT_05s0049g01550"	"VIT_00s0270g00120"	0.668793110983123	0.0179026742423195	"other_other"
"VIT_18s0166g00060"	"VIT_00s0270g00120"	0.625168003129821	0.00911942428442597	"other_other"
"VIT_18s0001g15130"	"VIT_00s0270g00120"	0.682573953032639	0.0219531637156995	"other_other"
"VIT_05s0077g01560"	"VIT_00s0270g00120"	0.849954252953762	0.196768472087501	"other_other"
"VIT_07s0005g03340"	"VIT_00s0270g00120"	0.742205610345555	0.0507273679073658	"other_other"
"VIT_06s0004g07550"	"VIT_00s0270g00120"	0.785183853770666	0.0890663394377072	"other_other"
"VIT_18s0001g15220"	"VIT_00s0270g00120"	0.844225675560261	0.183901623317756	"other_other"
"VIT_05s0077g01580"	"VIT_14s0030g01890"	0.888274152185068	0.305823073020504	"other_other"
"VIT_03s0038g03860"	"VIT_14s0030g01890"	-0.868619142838043	0.244508500457237	"other_other"
"VIT_09s0002g01000"	"VIT_14s0030g01890"	-0.848409188060568	0.193220691357239	"other_other"
"VIT_00s1206g00010"	"VIT_14s0030g01890"	-0.906473085444764	0.374583926409282	"other_other"
"VIT_14s0030g00340"	"VIT_14s0030g01890"	-0.595062062139761	0.00556701804931826	"other_other"
"VIT_02s0025g03260"	"VIT_14s0030g01890"	-0.927558462561438	0.471425337357333	"other_other"
"VIT_10s0116g00530"	"VIT_14s0030g01890"	-0.87926656333843	0.276188493819054	"other_other"
"VIT_08s0007g01560"	"VIT_14s0030g01890"	0.593375654952823	0.00541124554032581	"other_other"
"VIT_02s0012g01660"	"VIT_14s0030g01890"	-0.867465080260922	0.241279271681531	"other_other"
"VIT_05s0062g00610"	"VIT_14s0030g01890"	-0.482847435246807	0.000688809754883221	"other_other"
"VIT_04s0044g00040"	"VIT_14s0030g01890"	0.877190062055645	0.269734829189954	"other_other"
"VIT_08s0040g01710"	"VIT_14s0030g01890"	0.699391501278575	0.0280029320357077	"other_other"
"VIT_18s0001g08760"	"VIT_14s0030g01890"	0.775192891078291	0.07836061098103	"other_other"
"VIT_05s0049g01550"	"VIT_14s0030g01890"	0.680156609287261	0.0211879639754769	"other_other"
"VIT_18s0166g00060"	"VIT_14s0030g01890"	0.643520639701526	0.0121793694988837	"other_other"
"VIT_18s0001g15130"	"VIT_14s0030g01890"	0.752021123740733	0.0578496049947168	"other_other"
"VIT_05s0077g01560"	"VIT_14s0030g01890"	0.774901492328115	0.0780665474337694	"other_other"
"VIT_07s0005g03340"	"VIT_14s0030g01890"	0.74003898637178	0.0492658518165896	"other_other"
"VIT_06s0004g07550"	"VIT_14s0030g01890"	0.899845858518727	0.34808172445708	"other_other"
"VIT_18s0001g15220"	"VIT_14s0030g01890"	0.848436101188695	0.193281993328926	"other_other"
"VIT_00s0270g00120"	"VIT_14s0030g01890"	0.906694587209849	0.375500250309092	"other_other"
"VIT_05s0077g01580"	"VIT_05s0077g01570"	0.851419661909123	0.200187405767315	"other_other"
"VIT_03s0038g03860"	"VIT_05s0077g01570"	-0.733840742013157	0.0452916556051559	"other_other"
"VIT_09s0002g01000"	"VIT_05s0077g01570"	-0.827525461661096	0.150596074716848	"other_other"
"VIT_00s1206g00010"	"VIT_05s0077g01570"	-0.779073894691193	0.082373310837789	"other_other"
"VIT_14s0030g00340"	"VIT_05s0077g01570"	-0.66406596136655	0.0166767799321252	"other_other"
"VIT_02s0025g03260"	"VIT_05s0077g01570"	-0.826112259089896	0.148043951742566	"other_other"
"VIT_10s0116g00530"	"VIT_05s0077g01570"	-0.822160895913156	0.141113371344306	"other_other"
"VIT_08s0007g01560"	"VIT_05s0077g01570"	0.641701961550867	0.0118395083572722	"other_other"
"VIT_02s0012g01660"	"VIT_05s0077g01570"	-0.74590808698713	0.0533154595719856	"other_other"
"VIT_05s0062g00610"	"VIT_05s0077g01570"	-0.532841407663045	0.00184492905112324	"other_other"
"VIT_04s0044g00040"	"VIT_05s0077g01570"	0.733540549799158	0.0451067217252889	"other_other"
"VIT_08s0040g01710"	"VIT_05s0077g01570"	0.782559405735761	0.0861337105963616	"other_other"
"VIT_18s0001g08760"	"VIT_05s0077g01570"	0.798076446912188	0.104820189279629	"other_other"
"VIT_05s0049g01550"	"VIT_05s0077g01570"	0.742682026237599	0.0510539250120443	"other_other"
"VIT_18s0166g00060"	"VIT_05s0077g01570"	0.677393930469121	0.020342906825804	"other_other"
"VIT_18s0001g15130"	"VIT_05s0077g01570"	0.794349960833839	0.10002735491815	"other_other"
"VIT_05s0077g01560"	"VIT_05s0077g01570"	0.992836023144546	0.930626174417425	"other_other"
"VIT_07s0005g03340"	"VIT_05s0077g01570"	0.736903156063145	0.0472176279185726	"other_other"
"VIT_06s0004g07550"	"VIT_05s0077g01570"	0.738167865076191	0.0480342871266129	"other_other"
"VIT_18s0001g15220"	"VIT_05s0077g01570"	0.806744935837903	0.116778388802691	"other_other"
"VIT_00s0270g00120"	"VIT_05s0077g01570"	0.856489375065939	0.212431931655863	"other_other"
"VIT_14s0030g01890"	"VIT_05s0077g01570"	0.79757408246674	0.104162244453394	"other_other"
"VIT_05s0077g01580"	"VIT_06s0004g02010"	0.856165042723049	0.211628871391154	"other_other"
"VIT_03s0038g03860"	"VIT_06s0004g02010"	-0.86260436918795	0.228095404574565	"other_other"
"VIT_09s0002g01000"	"VIT_06s0004g02010"	-0.895584793848784	0.331945748575337	"other_other"
"VIT_00s1206g00010"	"VIT_06s0004g02010"	-0.902496606551094	0.358472443371669	"other_other"
"VIT_14s0030g00340"	"VIT_06s0004g02010"	-0.712967259809027	0.0339387521760875	"other_other"
"VIT_02s0025g03260"	"VIT_06s0004g02010"	-0.958524448767953	0.654684332257816	"other_other"
"VIT_10s0116g00530"	"VIT_06s0004g02010"	-0.894503877596771	0.327961055425405	"other_other"
"VIT_08s0007g01560"	"VIT_06s0004g02010"	0.658802555502085	0.0154011358374247	"other_other"
"VIT_02s0012g01660"	"VIT_06s0004g02010"	-0.880766433796145	0.280936101953575	"other_other"
"VIT_05s0062g00610"	"VIT_06s0004g02010"	-0.566515425160161	0.00340500217690766	"other_other"
"VIT_04s0044g00040"	"VIT_06s0004g02010"	0.827729071798055	0.150967022336035	"other_other"
"VIT_08s0040g01710"	"VIT_06s0004g02010"	0.822517503134828	0.141726637946872	"other_other"
"VIT_18s0001g08760"	"VIT_06s0004g02010"	0.833013061443228	0.160885946906264	"other_other"
"VIT_05s0049g01550"	"VIT_06s0004g02010"	0.767030109752482	0.0704894505018431	"other_other"
"VIT_18s0166g00060"	"VIT_06s0004g02010"	0.667375573013029	0.017526817620986	"other_other"
"VIT_18s0001g15130"	"VIT_06s0004g02010"	0.819746562050112	0.137023810132656	"other_other"
"VIT_05s0077g01560"	"VIT_06s0004g02010"	0.887977501670842	0.304803271282878	"other_other"
"VIT_07s0005g03340"	"VIT_06s0004g02010"	0.802879255084292	0.111301845882417	"other_other"
"VIT_06s0004g07550"	"VIT_06s0004g02010"	0.858266391908923	0.216880780284378	"other_other"
"VIT_18s0001g15220"	"VIT_06s0004g02010"	0.876627887376574	0.268011126140085	"other_other"
"VIT_00s0270g00120"	"VIT_06s0004g02010"	0.95642961296547	0.640516235838808	"other_other"
"VIT_14s0030g01890"	"VIT_06s0004g02010"	0.92365520204469	0.451958756761924	"other_other"
"VIT_05s0077g01570"	"VIT_06s0004g02010"	0.903575910026289	0.362782590853744	"other_other"
"VIT_05s0077g01580"	"VIT_11s0016g03190"	0.850562043581053	0.19818007286096	"other_other"
"VIT_03s0038g03860"	"VIT_11s0016g03190"	-0.756728137507612	0.061574206931355	"other_other"
"VIT_09s0002g01000"	"VIT_11s0016g03190"	-0.891262265975566	0.316267961015235	"other_other"
"VIT_00s1206g00010"	"VIT_11s0016g03190"	-0.847480063232222	0.191115056520492	"other_other"
"VIT_14s0030g00340"	"VIT_11s0016g03190"	-0.620829604000671	0.00850597650830711	"other_other"
"VIT_02s0025g03260"	"VIT_11s0016g03190"	-0.900288950320334	0.349799511560603	"other_other"
"VIT_10s0116g00530"	"VIT_11s0016g03190"	-0.820656833094164	0.13855298906823	"other_other"
"VIT_08s0007g01560"	"VIT_11s0016g03190"	0.565570382999635	0.00334862556536408	"other_other"
"VIT_02s0012g01660"	"VIT_11s0016g03190"	-0.859811360828727	0.220816637442004	"other_other"
"VIT_05s0062g00610"	"VIT_11s0016g03190"	-0.419058512513826	0.000167011613164996	"other_other"
"VIT_04s0044g00040"	"VIT_11s0016g03190"	0.848828806848905	0.194178480681743	"other_other"
"VIT_08s0040g01710"	"VIT_11s0016g03190"	0.673498096382468	0.0192027631563768	"other_other"
"VIT_18s0001g08760"	"VIT_11s0016g03190"	0.732506817649532	0.0444750772887978	"other_other"
"VIT_05s0049g01550"	"VIT_11s0016g03190"	0.683154514149362	0.0221406019495655	"other_other"
"VIT_18s0166g00060"	"VIT_11s0016g03190"	0.61285325415057	0.00747420430065886	"other_other"
"VIT_18s0001g15130"	"VIT_11s0016g03190"	0.748645015627922	0.0553043604725599	"other_other"
"VIT_05s0077g01560"	"VIT_11s0016g03190"	0.828070807051577	0.151591462260342	"other_other"
"VIT_07s0005g03340"	"VIT_11s0016g03190"	0.757184827920103	0.0619468221450889	"other_other"
"VIT_06s0004g07550"	"VIT_11s0016g03190"	0.821915566202913	0.140692859332189	"other_other"
"VIT_18s0001g15220"	"VIT_11s0016g03190"	0.815645083956123	0.130320347566636	"other_other"
"VIT_00s0270g00120"	"VIT_11s0016g03190"	0.898302840229152	0.342158811121976	"other_other"
"VIT_14s0030g01890"	"VIT_11s0016g03190"	0.910524205232391	0.391665172417866	"other_other"
"VIT_05s0077g01570"	"VIT_11s0016g03190"	0.838345502074596	0.171486677390778	"other_other"
"VIT_06s0004g02010"	"VIT_11s0016g03190"	0.90538037470403	0.370092908635004	"other_other"
"VIT_05s0077g01580"	"VIT_03s0091g00160"	0.534847691666206	0.00191558425110518	"other_other"
"VIT_03s0038g03860"	"VIT_03s0091g00160"	-0.66280033933749	0.016361654623897	"other_other"
"VIT_09s0002g01000"	"VIT_03s0091g00160"	-0.747273052799208	0.0542991730679183	"other_other"
"VIT_00s1206g00010"	"VIT_03s0091g00160"	-0.721957888762789	0.0384696878626701	"other_other"
"VIT_14s0030g00340"	"VIT_03s0091g00160"	-0.838811718384204	0.17244273021841	"other_other"
"VIT_02s0025g03260"	"VIT_03s0091g00160"	-0.615903589102709	0.00785465924435632	"other_other"
"VIT_10s0116g00530"	"VIT_03s0091g00160"	-0.811353083456461	0.123622895058113	"other_other"
"VIT_08s0007g01560"	"VIT_03s0091g00160"	0.807095551147103	0.117286907141062	"other_other"
"VIT_02s0012g01660"	"VIT_03s0091g00160"	-0.500298521144951	0.000982408680802356	"other_other"
"VIT_05s0062g00610"	"VIT_03s0091g00160"	-0.688167000508477	0.0238198176107081	"other_other"
"VIT_04s0044g00040"	"VIT_03s0091g00160"	0.678710373660379	0.020741724982754	"other_other"
"VIT_08s0040g01710"	"VIT_03s0091g00160"	0.903795844765686	0.363666589027138	"other_other"
"VIT_18s0001g08760"	"VIT_03s0091g00160"	0.857475231009009	0.214889818394072	"other_other"
"VIT_05s0049g01550"	"VIT_03s0091g00160"	0.74233454996625	0.0508155629193683	"other_other"
"VIT_18s0166g00060"	"VIT_03s0091g00160"	0.642344394056724	0.0119585736472354	"other_other"
"VIT_18s0001g15130"	"VIT_03s0091g00160"	0.721497355673385	0.0382249949930683	"other_other"
"VIT_05s0077g01560"	"VIT_03s0091g00160"	0.771223951651453	0.0744397812896913	"other_other"
"VIT_07s0005g03340"	"VIT_03s0091g00160"	0.701835313477276	0.0289969395696581	"other_other"
"VIT_06s0004g07550"	"VIT_03s0091g00160"	0.541116639718335	0.00215233015316164	"other_other"
"VIT_18s0001g15220"	"VIT_03s0091g00160"	0.652258952346897	0.0139380008178416	"other_other"
"VIT_00s0270g00120"	"VIT_03s0091g00160"	0.727948194443688	0.0417834919049754	"other_other"
"VIT_14s0030g01890"	"VIT_03s0091g00160"	0.605685814495864	0.00664467927986901	"other_other"
"VIT_05s0077g01570"	"VIT_03s0091g00160"	0.765039289478756	0.0686811240374975	"other_other"
"VIT_06s0004g02010"	"VIT_03s0091g00160"	0.740409077494845	0.0495127839565956	"other_other"
"VIT_11s0016g03190"	"VIT_03s0091g00160"	0.602316729672288	0.00628418933046844	"other_other"
"VIT_05s0077g01580"	"VIT_06s0004g01990"	0.82865072675131	0.152656448984518	"other_other"
"VIT_03s0038g03860"	"VIT_06s0004g01990"	-0.845091052199822	0.185795432930211	"other_other"
"VIT_09s0002g01000"	"VIT_06s0004g01990"	-0.899778446453644	0.347821046488992	"other_other"
"VIT_00s1206g00010"	"VIT_06s0004g01990"	-0.888792124950391	0.307611083403723	"other_other"
"VIT_14s0030g00340"	"VIT_06s0004g01990"	-0.732303854760001	0.044351999343918	"other_other"
"VIT_02s0025g03260"	"VIT_06s0004g01990"	-0.929075965777802	0.479194974488865	"other_other"
"VIT_10s0116g00530"	"VIT_06s0004g01990"	-0.912109861649584	0.398539629796486	"other_other"
"VIT_08s0007g01560"	"VIT_06s0004g01990"	0.660599846278667	0.0158264927429755	"other_other"
"VIT_02s0012g01660"	"VIT_06s0004g01990"	-0.856969244401165	0.213625139311493	"other_other"
"VIT_05s0062g00610"	"VIT_06s0004g01990"	-0.582208197174596	0.00447489817744985	"other_other"
"VIT_04s0044g00040"	"VIT_06s0004g01990"	0.811989754770349	0.124596400463811	"other_other"
"VIT_08s0040g01710"	"VIT_06s0004g01990"	0.844433349748758	0.184354510813087	"other_other"
"VIT_18s0001g08760"	"VIT_06s0004g01990"	0.826879923434736	0.149425416244527	"other_other"
"VIT_05s0049g01550"	"VIT_06s0004g01990"	0.745455478988712	0.0529928297525386	"other_other"
"VIT_18s0166g00060"	"VIT_06s0004g01990"	0.67993853873158	0.02112012944472	"other_other"
"VIT_18s0001g15130"	"VIT_06s0004g01990"	0.782726204924024	0.0863174771061214	"other_other"
"VIT_05s0077g01560"	"VIT_06s0004g01990"	0.888393111883049	0.30623288515941	"other_other"
"VIT_07s0005g03340"	"VIT_06s0004g01990"	0.806213453368472	0.116011331123252	"other_other"
"VIT_06s0004g07550"	"VIT_06s0004g01990"	0.81178772518038	0.124286741449287	"other_other"
"VIT_18s0001g15220"	"VIT_06s0004g01990"	0.875794260476576	0.265473360349979	"other_other"
"VIT_00s0270g00120"	"VIT_06s0004g01990"	0.969515050023331	0.73374566981528	"other_other"
"VIT_14s0030g01890"	"VIT_06s0004g01990"	0.912395621347631	0.3997899973654	"other_other"
"VIT_05s0077g01570"	"VIT_06s0004g01990"	0.895731895666119	0.332491380109704	"other_other"
"VIT_06s0004g02010"	"VIT_06s0004g01990"	0.984255752843974	0.853256526067713	"other_other"
"VIT_11s0016g03190"	"VIT_06s0004g01990"	0.891131243051358	0.315803328410474	"other_other"
"VIT_03s0091g00160"	"VIT_06s0004g01990"	0.760877678073391	0.0650351930247251	"other_other"
"VIT_05s0077g01580"	"VIT_06s0061g01210"	0.771593815132531	0.0747975509219952	"other_other"
"VIT_03s0038g03860"	"VIT_06s0061g01210"	-0.766885717388123	0.0703568674320873	"other_other"
"VIT_09s0002g01000"	"VIT_06s0061g01210"	-0.839638220272398	0.17414940466347	"other_other"
"VIT_00s1206g00010"	"VIT_06s0061g01210"	-0.799484567555929	0.106684382987889	"other_other"
"VIT_14s0030g00340"	"VIT_06s0061g01210"	-0.59303505485236	0.00538026487314326	"other_other"
"VIT_02s0025g03260"	"VIT_06s0061g01210"	-0.918645945377145	0.428037309267072	"other_other"
"VIT_10s0116g00530"	"VIT_06s0061g01210"	-0.819402665770485	0.136450058166212	"other_other"
"VIT_08s0007g01560"	"VIT_06s0061g01210"	0.542360318073197	0.00220231312775404	"other_other"
"VIT_02s0012g01660"	"VIT_06s0061g01210"	-0.900638349109733	0.351159443781517	"other_other"
"VIT_05s0062g00610"	"VIT_06s0061g01210"	-0.462420974889748	0.000447069713311299	"other_other"
"VIT_04s0044g00040"	"VIT_06s0061g01210"	0.706712249162223	0.0310760769617958	"other_other"
"VIT_08s0040g01710"	"VIT_06s0061g01210"	0.682467345111276	0.0219189002204696	"other_other"
"VIT_18s0001g08760"	"VIT_06s0061g01210"	0.693576286576466	0.0257597925737787	"other_other"
"VIT_05s0049g01550"	"VIT_06s0061g01210"	0.630483673819003	0.00992518136180432	"other_other"
"VIT_18s0166g00060"	"VIT_06s0061g01210"	0.608760918674256	0.00698984648367075	"other_other"
"VIT_18s0001g15130"	"VIT_06s0061g01210"	0.660153863665435	0.015719969319688	"other_other"
"VIT_05s0077g01560"	"VIT_06s0061g01210"	0.766238691626047	0.0697655112743303	"other_other"
"VIT_07s0005g03340"	"VIT_06s0061g01210"	0.76147472687826	0.0655473197650096	"other_other"
"VIT_06s0004g07550"	"VIT_06s0061g01210"	0.795445668524163	0.101415704751915	"other_other"
"VIT_18s0001g15220"	"VIT_06s0061g01210"	0.865558961765887	0.236029655787696	"other_other"
"VIT_00s0270g00120"	"VIT_06s0061g01210"	0.908632906074993	0.383605307234471	"other_other"
"VIT_14s0030g01890"	"VIT_06s0061g01210"	0.887711751017953	0.303892294746452	"other_other"
"VIT_05s0077g01570"	"VIT_06s0061g01210"	0.775807158461776	0.0789837638764833	"other_other"
"VIT_06s0004g02010"	"VIT_06s0061g01210"	0.895825647595797	0.332839546725187	"other_other"
"VIT_11s0016g03190"	"VIT_06s0061g01210"	0.891128868867258	0.31579491476481	"other_other"
"VIT_03s0091g00160"	"VIT_06s0061g01210"	0.495311809493498	0.000888764763368795	"other_other"
"VIT_06s0004g01990"	"VIT_06s0061g01210"	0.896364799224185	0.334848171680018	"other_other"
"VIT_05s0077g01580"	"VIT_15s0046g01570"	0.810913584692392	0.122954876873069	"other_other"
"VIT_03s0038g03860"	"VIT_15s0046g01570"	-0.838648393517116	0.172107261353456	"other_other"
"VIT_09s0002g01000"	"VIT_15s0046g01570"	-0.879853793314839	0.278038609250883	"other_other"
"VIT_00s1206g00010"	"VIT_15s0046g01570"	-0.89520825622748	0.330552760988324	"other_other"
"VIT_14s0030g00340"	"VIT_15s0046g01570"	-0.782965668851102	0.0865819169785495	"other_other"
"VIT_02s0025g03260"	"VIT_15s0046g01570"	-0.907752175161999	0.379903226887742	"other_other"
"VIT_10s0116g00530"	"VIT_15s0046g01570"	-0.911210102039311	0.394625603075416	"other_other"
"VIT_08s0007g01560"	"VIT_15s0046g01570"	0.792169696567996	0.0973155519268635	"other_other"
"VIT_02s0012g01660"	"VIT_15s0046g01570"	-0.828356296364864	0.152114907196031	"other_other"
"VIT_05s0062g00610"	"VIT_15s0046g01570"	-0.618708757577546	0.00821982616943213	"other_other"
"VIT_04s0044g00040"	"VIT_15s0046g01570"	0.849079887814837	0.194753619835675	"other_other"
"VIT_08s0040g01710"	"VIT_15s0046g01570"	0.863807026123516	0.231295574015361	"other_other"
"VIT_18s0001g08760"	"VIT_15s0046g01570"	0.909733832105825	0.388278604395999	"other_other"
"VIT_05s0049g01550"	"VIT_15s0046g01570"	0.783822260436072	0.0875338301885451	"other_other"
"VIT_18s0166g00060"	"VIT_15s0046g01570"	0.727728622810745	0.0416576309334805	"other_other"
"VIT_18s0001g15130"	"VIT_15s0046g01570"	0.876084445819885	0.266354291486596	"other_other"
"VIT_05s0077g01560"	"VIT_15s0046g01570"	0.862863369292743	0.228781195428004	"other_other"
"VIT_07s0005g03340"	"VIT_15s0046g01570"	0.847262022768796	0.190623922800615	"other_other"
"VIT_06s0004g07550"	"VIT_15s0046g01570"	0.841767350455365	0.178616168072021	"other_other"
"VIT_18s0001g15220"	"VIT_15s0046g01570"	0.849162858464636	0.194944013484556	"other_other"
"VIT_00s0270g00120"	"VIT_15s0046g01570"	0.90596159285276	0.372475632904112	"other_other"
"VIT_14s0030g01890"	"VIT_15s0046g01570"	0.889088324864313	0.308637770492296	"other_other"
"VIT_05s0077g01570"	"VIT_15s0046g01570"	0.882892110962182	0.287790439352921	"other_other"
"VIT_06s0004g02010"	"VIT_15s0046g01570"	0.941804568205665	0.549044981785297	"other_other"
"VIT_11s0016g03190"	"VIT_15s0046g01570"	0.867030033700246	0.240071947682578	"other_other"
"VIT_03s0091g00160"	"VIT_15s0046g01570"	0.810706354903984	0.12264102553085	"other_other"
"VIT_06s0004g01990"	"VIT_15s0046g01570"	0.935324034802324	0.512413950023293	"other_other"
"VIT_06s0061g01210"	"VIT_15s0046g01570"	0.820767022009041	0.138739135465868	"other_other"
"VIT_05s0077g01580"	"VIT_02s0033g01380"	0.409923944744841	0.000133977809679267	"other_other"
"VIT_03s0038g03860"	"VIT_02s0033g01380"	-0.640177247095629	0.0115611848669797	"other_other"
"VIT_09s0002g01000"	"VIT_02s0033g01380"	-0.685406116210007	0.022881250478452	"other_other"
"VIT_00s1206g00010"	"VIT_02s0033g01380"	-0.64298070178561	0.0120775649992944	"other_other"
"VIT_14s0030g00340"	"VIT_02s0033g01380"	-0.770321972821921	0.0735737444348961	"other_other"
"VIT_02s0025g03260"	"VIT_02s0033g01380"	-0.508363873836504	0.00115278098579083	"other_other"
"VIT_10s0116g00530"	"VIT_02s0033g01380"	-0.700769258867437	0.0285594882258466	"other_other"
"VIT_08s0007g01560"	"VIT_02s0033g01380"	0.849105463745573	0.194812291350408	"other_other"
"VIT_02s0012g01660"	"VIT_02s0033g01380"	-0.45543001771553	0.000383898591568757	"other_other"
"VIT_05s0062g00610"	"VIT_02s0033g01380"	-0.621748345628848	0.00863269472875226	"other_other"
"VIT_04s0044g00040"	"VIT_02s0033g01380"	0.644454103697832	0.0123571959942597	"other_other"
"VIT_08s0040g01710"	"VIT_02s0033g01380"	0.758190932075501	0.0627748754651752	"other_other"
"VIT_18s0001g08760"	"VIT_02s0033g01380"	0.743405713060421	0.0515535935446392	"other_other"
"VIT_05s0049g01550"	"VIT_02s0033g01380"	0.543910274628853	0.00226606638489089	"other_other"
"VIT_18s0166g00060"	"VIT_02s0033g01380"	0.508982681271252	0.00116689036024834	"other_other"
"VIT_18s0001g15130"	"VIT_02s0033g01380"	0.601865209937163	0.00623723923354492	"other_other"
"VIT_05s0077g01560"	"VIT_02s0033g01380"	0.61570439621285	0.00782929298245368	"other_other"
"VIT_07s0005g03340"	"VIT_02s0033g01380"	0.688088784946932	0.0237927583677302	"other_other"
"VIT_06s0004g07550"	"VIT_02s0033g01380"	0.441576454768484	0.000281876638611439	"other_other"
"VIT_18s0001g15220"	"VIT_02s0033g01380"	0.572458280676214	0.00377953541154369	"other_other"
"VIT_00s0270g00120"	"VIT_02s0033g01380"	0.616578163050812	0.00794111335477855	"other_other"
"VIT_14s0030g01890"	"VIT_02s0033g01380"	0.510597496247314	0.00120444454433866	"other_other"
"VIT_05s0077g01570"	"VIT_02s0033g01380"	0.616863089824918	0.00797788641757672	"other_other"
"VIT_06s0004g02010"	"VIT_02s0033g01380"	0.573891713578891	0.00387524835114537	"other_other"
"VIT_11s0016g03190"	"VIT_02s0033g01380"	0.560644633084222	0.00306815072716702	"other_other"
"VIT_03s0091g00160"	"VIT_02s0033g01380"	0.799190427827712	0.106292527852418	"other_other"
"VIT_06s0004g01990"	"VIT_02s0033g01380"	0.598184472608359	0.00586612558436051	"other_other"
"VIT_06s0061g01210"	"VIT_02s0033g01380"	0.478961913686692	0.000635345273728671	"other_other"
"VIT_15s0046g01570"	"VIT_02s0033g01380"	0.712102478002775	0.033529337354003	"other_other"
"VIT_05s0077g01580"	"VIT_05s0077g01540"	0.851303054461432	0.199913405034855	"other_other"
"VIT_03s0038g03860"	"VIT_05s0077g01540"	-0.813171698822142	0.126421969796722	"other_other"
"VIT_09s0002g01000"	"VIT_05s0077g01540"	-0.885793940852931	0.297390473445127	"other_other"
"VIT_00s1206g00010"	"VIT_05s0077g01540"	-0.874793298353391	0.262454771761739	"other_other"
"VIT_14s0030g00340"	"VIT_05s0077g01540"	-0.668465964090105	0.0178152940219685	"other_other"
"VIT_02s0025g03260"	"VIT_05s0077g01540"	-0.882760409304804	0.28736142832476	"other_other"
"VIT_10s0116g00530"	"VIT_05s0077g01540"	-0.869084646094625	0.245822014950614	"other_other"
"VIT_08s0007g01560"	"VIT_05s0077g01540"	0.649836980219201	0.013429016910827	"other_other"
"VIT_02s0012g01660"	"VIT_05s0077g01540"	-0.822708707535876	0.142056443961797	"other_other"
"VIT_05s0062g00610"	"VIT_05s0077g01540"	-0.523939213451488	0.00155886690819058	"other_other"
"VIT_04s0044g00040"	"VIT_05s0077g01540"	0.769857718396206	0.073131533886919	"other_other"
"VIT_08s0040g01710"	"VIT_05s0077g01540"	0.790399417333876	0.095162559483651	"other_other"
"VIT_18s0001g08760"	"VIT_05s0077g01540"	0.782335671640815	0.0858877705012075	"other_other"
"VIT_05s0049g01550"	"VIT_05s0077g01540"	0.677234493967661	0.0202950769200079	"other_other"
"VIT_18s0166g00060"	"VIT_05s0077g01540"	0.648162224919055	0.0130869115225887	"other_other"
"VIT_18s0001g15130"	"VIT_05s0077g01540"	0.753305686913881	0.0588453920390746	"other_other"
"VIT_05s0077g01560"	"VIT_05s0077g01540"	0.94618504147133	0.575123056568032	"other_other"
"VIT_07s0005g03340"	"VIT_05s0077g01540"	0.753460967014823	0.0589668035606643	"other_other"
"VIT_06s0004g07550"	"VIT_05s0077g01540"	0.793529136395881	0.09899853682086	"other_other"
"VIT_18s0001g15220"	"VIT_05s0077g01540"	0.833822439161453	0.162456010293665	"other_other"
"VIT_00s0270g00120"	"VIT_05s0077g01540"	0.936511048875295	0.518954228634929	"other_other"
"VIT_14s0030g01890"	"VIT_05s0077g01540"	0.876148818635914	0.266550067662295	"other_other"
"VIT_05s0077g01570"	"VIT_05s0077g01540"	0.955599231991906	0.634976891412347	"other_other"
"VIT_06s0004g02010"	"VIT_05s0077g01540"	0.954333419374553	0.626615775810563	"other_other"
"VIT_11s0016g03190"	"VIT_05s0077g01540"	0.87952472380814	0.277000480009959	"other_other"
"VIT_03s0091g00160"	"VIT_05s0077g01540"	0.740795752802374	0.0497719707749541	"other_other"
"VIT_06s0004g01990"	"VIT_05s0077g01540"	0.953269400375503	0.619664369966649	"other_other"
"VIT_06s0061g01210"	"VIT_05s0077g01540"	0.866014966823482	0.237276090123604	"other_other"
"VIT_15s0046g01570"	"VIT_05s0077g01540"	0.911413214524647	0.395506122661271	"other_other"
"VIT_02s0033g01380"	"VIT_05s0077g01540"	0.626300758385723	0.00928601489340258	"other_other"
"VIT_05s0077g01580"	"VIT_01s0011g01810"	0.823614991423422	0.143629097102687	"other_other"
"VIT_03s0038g03860"	"VIT_01s0011g01810"	-0.775514038456264	0.0786858496622519	"other_other"
"VIT_09s0002g01000"	"VIT_01s0011g01810"	-0.85055281814441	0.198158578738499	"other_other"
"VIT_00s1206g00010"	"VIT_01s0011g01810"	-0.842886841018893	0.18100590271333	"other_other"
"VIT_14s0030g00340"	"VIT_01s0011g01810"	-0.636980681911	0.0109967060019028	"other_other"
"VIT_02s0025g03260"	"VIT_01s0011g01810"	-0.891954199428545	0.318731910170899	"other_other"
"VIT_10s0116g00530"	"VIT_01s0011g01810"	-0.811463182970625	0.1237907521272	"other_other"
"VIT_08s0007g01560"	"VIT_01s0011g01810"	0.663720767422612	0.0165902934024312	"other_other"
"VIT_02s0012g01660"	"VIT_01s0011g01810"	-0.795179811542345	0.101077258529949	"other_other"
"VIT_05s0062g00610"	"VIT_01s0011g01810"	-0.45874677762594	0.000412791044372386	"other_other"
"VIT_04s0044g00040"	"VIT_01s0011g01810"	0.873555483329387	0.258764646759097	"other_other"
"VIT_08s0040g01710"	"VIT_01s0011g01810"	0.707473413355193	0.0314124086349507	"other_other"
"VIT_18s0001g08760"	"VIT_01s0011g01810"	0.751360981183162	0.0573437882954182	"other_other"
"VIT_05s0049g01550"	"VIT_01s0011g01810"	0.668327515905693	0.0177784305507368	"other_other"
"VIT_18s0166g00060"	"VIT_01s0011g01810"	0.611987517128086	0.0073692898426454	"other_other"
"VIT_18s0001g15130"	"VIT_01s0011g01810"	0.842191797303718	0.179518856024852	"other_other"
"VIT_05s0077g01560"	"VIT_01s0011g01810"	0.77938287718358	0.0827005889486951	"other_other"
"VIT_07s0005g03340"	"VIT_01s0011g01810"	0.825348399475931	0.146680754202562	"other_other"
"VIT_06s0004g07550"	"VIT_01s0011g01810"	0.880527356801105	0.280174454210295	"other_other"
"VIT_18s0001g15220"	"VIT_01s0011g01810"	0.761581377500333	0.0656391819078868	"other_other"
"VIT_00s0270g00120"	"VIT_01s0011g01810"	0.845912904818477	0.187610224813109	"other_other"
"VIT_14s0030g01890"	"VIT_01s0011g01810"	0.877742574277012	0.271438620895847	"other_other"
"VIT_05s0077g01570"	"VIT_01s0011g01810"	0.801926042392306	0.109987460145791	"other_other"
"VIT_06s0004g02010"	"VIT_01s0011g01810"	0.889359750591504	0.309581292161433	"other_other"
"VIT_11s0016g03190"	"VIT_01s0011g01810"	0.929571548541116	0.481757215153586	"other_other"
"VIT_03s0091g00160"	"VIT_01s0011g01810"	0.64516724383652	0.012494621212619	"other_other"
"VIT_06s0004g01990"	"VIT_01s0011g01810"	0.860370501268578	0.22225683068865	"other_other"
"VIT_06s0061g01210"	"VIT_01s0011g01810"	0.81959637400597	0.136772971879787	"other_other"
"VIT_15s0046g01570"	"VIT_01s0011g01810"	0.892171202385053	0.319508200465372	"other_other"
"VIT_02s0033g01380"	"VIT_01s0011g01810"	0.617225092430547	0.00802482802157257	"other_other"
"VIT_05s0077g01540"	"VIT_01s0011g01810"	0.854078737517366	0.206528077055122	"other_other"
"VIT_05s0077g01580"	"VIT_06s0004g01010"	0.748152130424961	0.0549413301494375	"other_other"
"VIT_03s0038g03860"	"VIT_06s0004g01010"	-0.776940436775453	0.0801451514669148	"other_other"
"VIT_09s0002g01000"	"VIT_06s0004g01010"	-0.873690472771372	0.259164790721298	"other_other"
"VIT_00s1206g00010"	"VIT_06s0004g01010"	-0.842560371430833	0.18030604563078	"other_other"
"VIT_14s0030g00340"	"VIT_06s0004g01010"	-0.74445436982771	0.0522854481729245	"other_other"
"VIT_02s0025g03260"	"VIT_06s0004g01010"	-0.802618455232361	0.110940831310667	"other_other"
"VIT_10s0116g00530"	"VIT_06s0004g01010"	-0.892477947034365	0.320608428818986	"other_other"
"VIT_08s0007g01560"	"VIT_06s0004g01010"	0.728069302151515	0.0418530585731651	"other_other"
"VIT_02s0012g01660"	"VIT_06s0004g01010"	-0.730059535240452	0.043011320503578	"other_other"
"VIT_05s0062g00610"	"VIT_06s0004g01010"	-0.590077701142358	0.00511790277029923	"other_other"
"VIT_04s0044g00040"	"VIT_06s0004g01010"	0.782684110784646	0.0862710677652827	"other_other"
"VIT_08s0040g01710"	"VIT_06s0004g01010"	0.839190754271788	0.173223537769169	"other_other"
"VIT_18s0001g08760"	"VIT_06s0004g01010"	0.834118017655853	0.163032813838932	"other_other"
"VIT_05s0049g01550"	"VIT_06s0004g01010"	0.681542261221922	0.0216235954829733	"other_other"
"VIT_18s0166g00060"	"VIT_06s0004g01010"	0.682993161417011	0.0220883641032172	"other_other"
"VIT_18s0001g15130"	"VIT_06s0004g01010"	0.738450470381121	0.0482185020676544	"other_other"
"VIT_05s0077g01560"	"VIT_06s0004g01010"	0.908212224026821	0.381832973595849	"other_other"
"VIT_07s0005g03340"	"VIT_06s0004g01010"	0.772054891261864	0.0752457174344859	"other_other"
"VIT_06s0004g07550"	"VIT_06s0004g01010"	0.693786427373822	0.0258379464819733	"other_other"
"VIT_18s0001g15220"	"VIT_06s0004g01010"	0.809942693985753	0.121490668716076	"other_other"
"VIT_00s0270g00120"	"VIT_06s0004g01010"	0.905984855249414	0.372571284609739	"other_other"
"VIT_14s0030g01890"	"VIT_06s0004g01010"	0.812946635559008	0.126072504489178	"other_other"
"VIT_05s0077g01570"	"VIT_06s0004g01010"	0.907725925678815	0.379793384509151	"other_other"
"VIT_06s0004g02010"	"VIT_06s0004g01010"	0.892326479968801	0.320064722977847	"other_other"
"VIT_11s0016g03190"	"VIT_06s0004g01010"	0.820391958539242	0.138106445479977	"other_other"
"VIT_03s0091g00160"	"VIT_06s0004g01010"	0.839968499317423	0.174835650451303	"other_other"
"VIT_06s0004g01990"	"VIT_06s0004g01010"	0.913779194719236	0.405894023289501	"other_other"
"VIT_06s0061g01210"	"VIT_06s0004g01010"	0.788247419959233	0.0926031114545856	"other_other"
"VIT_15s0046g01570"	"VIT_06s0004g01010"	0.911002346537692	0.393726781015016	"other_other"
"VIT_02s0033g01380"	"VIT_06s0004g01010"	0.79141681607323	0.0963946075281354	"other_other"
"VIT_05s0077g01540"	"VIT_06s0004g01010"	0.935499248438517	0.513374661289499	"other_other"
"VIT_01s0011g01810"	"VIT_06s0004g01010"	0.811649494409611	0.124075268757443	"other_other"
"VIT_05s0077g01580"	"VIT_05s0020g03140"	0.745512448857567	0.0530333423398014	"other_other"
"VIT_03s0038g03860"	"VIT_05s0020g03140"	-0.792201836874032	0.0973550424899267	"other_other"
"VIT_09s0002g01000"	"VIT_05s0020g03140"	-0.938904078455282	0.532368383749923	"other_other"
"VIT_00s1206g00010"	"VIT_05s0020g03140"	-0.891297061379389	0.316391455584357	"other_other"
"VIT_14s0030g00340"	"VIT_05s0020g03140"	-0.674929158798154	0.019614710952776	"other_other"
"VIT_02s0025g03260"	"VIT_05s0020g03140"	-0.859673792062785	0.220463587791679	"other_other"
"VIT_10s0116g00530"	"VIT_05s0020g03140"	-0.892343905755833	0.320127232272147	"other_other"
"VIT_08s0007g01560"	"VIT_05s0020g03140"	0.562585909574086	0.00317605860174615	"other_other"
"VIT_02s0012g01660"	"VIT_05s0020g03140"	-0.837521139682846	0.169807855675395	"other_other"
"VIT_05s0062g00610"	"VIT_05s0020g03140"	-0.504429396603406	0.00106660565011507	"other_other"
"VIT_04s0044g00040"	"VIT_05s0020g03140"	0.785989319024479	0.0899842380536681	"other_other"
"VIT_08s0040g01710"	"VIT_05s0020g03140"	0.754051460101864	0.0594305640701931	"other_other"
"VIT_18s0001g08760"	"VIT_05s0020g03140"	0.713362188892722	0.0341272160859716	"other_other"
"VIT_05s0049g01550"	"VIT_05s0020g03140"	0.642562078069193	0.0119991619015358	"other_other"
"VIT_18s0166g00060"	"VIT_05s0020g03140"	0.589881196462661	0.00510088490835537	"other_other"
"VIT_18s0001g15130"	"VIT_05s0020g03140"	0.620391851331246	0.00844619003213808	"other_other"
"VIT_05s0077g01560"	"VIT_05s0020g03140"	0.812866331136445	0.125948023003795	"other_other"
"VIT_07s0005g03340"	"VIT_05s0020g03140"	0.703872622680148	0.0298497525525288	"other_other"
"VIT_06s0004g07550"	"VIT_05s0020g03140"	0.730864378691138	0.0434878517888655	"other_other"
"VIT_18s0001g15220"	"VIT_05s0020g03140"	0.825082616661685	0.14620908941004	"other_other"
"VIT_00s0270g00120"	"VIT_05s0020g03140"	0.972167374382027	0.75406784509187	"other_other"
"VIT_14s0030g01890"	"VIT_05s0020g03140"	0.894604839032725	0.328331408674494	"other_other"
"VIT_05s0077g01570"	"VIT_05s0020g03140"	0.816644420455791	0.131925877605391	"other_other"
"VIT_06s0004g02010"	"VIT_05s0020g03140"	0.905969439153674	0.372507893320298	"other_other"
"VIT_11s0016g03190"	"VIT_05s0020g03140"	0.907700623043826	0.379687531323929	"other_other"
"VIT_03s0091g00160"	"VIT_05s0020g03140"	0.671261597344291	0.0185745380018373	"other_other"
"VIT_06s0004g01990"	"VIT_05s0020g03140"	0.93013185560368	0.484668936317456	"other_other"
"VIT_06s0061g01210"	"VIT_05s0020g03140"	0.902041050237225	0.356667074355383	"other_other"
"VIT_15s0046g01570"	"VIT_05s0020g03140"	0.861472344095107	0.225119646550962	"other_other"
"VIT_02s0033g01380"	"VIT_05s0020g03140"	0.63176478296167	0.0101287098345009	"other_other"
"VIT_05s0077g01540"	"VIT_05s0020g03140"	0.903070215774083	0.360757351716041	"other_other"
"VIT_01s0011g01810"	"VIT_05s0020g03140"	0.833942712300134	0.162690494050942	"other_other"
"VIT_06s0004g01010"	"VIT_05s0020g03140"	0.888396210118828	0.306243565077555	"other_other"
"VIT_05s0077g01580"	"VIT_12s0059g01720"	0.739578854143493	0.0489603883833914	"other_other"
"VIT_03s0038g03860"	"VIT_12s0059g01720"	-0.79214100189348	0.0972803071684712	"other_other"
"VIT_09s0002g01000"	"VIT_12s0059g01720"	-0.888844398835961	0.307792051288293	"other_other"
"VIT_00s1206g00010"	"VIT_12s0059g01720"	-0.841870667482582	0.17883551950476	"other_other"
"VIT_14s0030g00340"	"VIT_12s0059g01720"	-0.76927324792036	0.0725782174745107	"other_other"
"VIT_02s0025g03260"	"VIT_12s0059g01720"	-0.791175213225841	0.0961007390691936	"other_other"
"VIT_10s0116g00530"	"VIT_12s0059g01720"	-0.865899310960217	0.236959399467655	"other_other"
"VIT_08s0007g01560"	"VIT_12s0059g01720"	0.779696451802045	0.0830339271394215	"other_other"
"VIT_02s0012g01660"	"VIT_12s0059g01720"	-0.729166462603193	0.0424880553658131	"other_other"
"VIT_05s0062g00610"	"VIT_12s0059g01720"	-0.613329976002177	0.0075325480367353	"other_other"
"VIT_04s0044g00040"	"VIT_12s0059g01720"	0.853445522171209	0.205001973053574	"other_other"
"VIT_08s0040g01710"	"VIT_12s0059g01720"	0.80874153695855	0.119700920582767	"other_other"
"VIT_18s0001g08760"	"VIT_12s0059g01720"	0.845038048267395	0.18567893531078	"other_other"
"VIT_05s0049g01550"	"VIT_12s0059g01720"	0.715830729476521	0.0353267252177906	"other_other"
"VIT_18s0166g00060"	"VIT_12s0059g01720"	0.664274976073133	0.0167293444913637	"other_other"
"VIT_18s0001g15130"	"VIT_12s0059g01720"	0.760064419861315	0.0643434032890662	"other_other"
"VIT_05s0077g01560"	"VIT_12s0059g01720"	0.823605704625123	0.143612902803284	"other_other"
"VIT_07s0005g03340"	"VIT_12s0059g01720"	0.799814907454604	0.107126013880036	"other_other"
"VIT_06s0004g07550"	"VIT_12s0059g01720"	0.727554723788409	0.041558192267379	"other_other"
"VIT_18s0001g15220"	"VIT_12s0059g01720"	0.792207999023267	0.0973626155258903	"other_other"
"VIT_00s0270g00120"	"VIT_12s0059g01720"	0.851728760137077	0.20091535181849	"other_other"
"VIT_14s0030g01890"	"VIT_12s0059g01720"	0.81379918613441	0.127400904656295	"other_other"
"VIT_05s0077g01570"	"VIT_12s0059g01720"	0.830181038022033	0.155499177188438	"other_other"
"VIT_06s0004g02010"	"VIT_12s0059g01720"	0.834749451002762	0.164271196720642	"other_other"
"VIT_11s0016g03190"	"VIT_12s0059g01720"	0.877413515562932	0.270422734075925	"other_other"
"VIT_03s0091g00160"	"VIT_12s0059g01720"	0.802367190486465	0.110594012935843	"other_other"
"VIT_06s0004g01990"	"VIT_12s0059g01720"	0.838552879691784	0.171911348493026	"other_other"
"VIT_06s0061g01210"	"VIT_12s0059g01720"	0.761381864676871	0.0654674283523891	"other_other"
"VIT_15s0046g01570"	"VIT_12s0059g01720"	0.894062367923592	0.326345894302062	"other_other"
"VIT_02s0033g01380"	"VIT_12s0059g01720"	0.850920105445081	0.199015935496219	"other_other"
"VIT_05s0077g01540"	"VIT_12s0059g01720"	0.844372109421739	0.18422085613486	"other_other"
"VIT_01s0011g01810"	"VIT_12s0059g01720"	0.867374071317975	0.24102625622332	"other_other"
"VIT_06s0004g01010"	"VIT_12s0059g01720"	0.914603205534189	0.4095691075339	"other_other"
"VIT_05s0020g03140"	"VIT_12s0059g01720"	0.864784694796996	0.233926782515163	"other_other"
"VIT_05s0077g01580"	"VIT_03s0038g03400"	0.793945008001398	0.0995185922214298	"other_other"
"VIT_03s0038g03860"	"VIT_03s0038g03400"	-0.861583339507214	0.225409867596733	"other_other"
"VIT_09s0002g01000"	"VIT_03s0038g03400"	-0.8961073831213	0.333887803685609	"other_other"
"VIT_00s1206g00010"	"VIT_03s0038g03400"	-0.922843718690828	0.448003704885117	"other_other"
"VIT_14s0030g00340"	"VIT_03s0038g03400"	-0.753103395400186	0.0586875603784457	"other_other"
"VIT_02s0025g03260"	"VIT_03s0038g03400"	-0.870797794257323	0.250710892523941	"other_other"
"VIT_10s0116g00530"	"VIT_03s0038g03400"	-0.882487679451359	0.286474855138767	"other_other"
"VIT_08s0007g01560"	"VIT_03s0038g03400"	0.748619661076687	0.0552856332583322	"other_other"
"VIT_02s0012g01660"	"VIT_03s0038g03400"	-0.834314343297898	0.163416949459831	"other_other"
"VIT_05s0062g00610"	"VIT_03s0038g03400"	-0.552700859201995	0.00266012103351755	"other_other"
"VIT_04s0044g00040"	"VIT_03s0038g03400"	0.868461859638648	0.244066122934193	"other_other"
"VIT_08s0040g01710"	"VIT_03s0038g03400"	0.798508668289308	0.105389258830294	"other_other"
"VIT_18s0001g08760"	"VIT_03s0038g03400"	0.863045590603151	0.22926479979366	"other_other"
"VIT_05s0049g01550"	"VIT_03s0038g03400"	0.703771735716792	0.0298069961051375	"other_other"
"VIT_18s0166g00060"	"VIT_03s0038g03400"	0.670818020958726	0.018452159944581	"other_other"
"VIT_18s0001g15130"	"VIT_03s0038g03400"	0.77628309490944	0.0794696474747413	"other_other"
"VIT_05s0077g01560"	"VIT_03s0038g03400"	0.852208669792706	0.202050291361561	"other_other"
"VIT_07s0005g03340"	"VIT_03s0038g03400"	0.780866298062236	0.0842882024821533	"other_other"
"VIT_06s0004g07550"	"VIT_03s0038g03400"	0.788122908562508	0.0924569397061896	"other_other"
"VIT_18s0001g15220"	"VIT_03s0038g03400"	0.811483947170994	0.123822432085516	"other_other"
"VIT_00s0270g00120"	"VIT_03s0038g03400"	0.918378522127759	0.426792898449489	"other_other"
"VIT_14s0030g01890"	"VIT_03s0038g03400"	0.894836033366714	0.329180908878464	"other_other"
"VIT_05s0077g01570"	"VIT_03s0038g03400"	0.863701867289195	0.231014151754105	"other_other"
"VIT_06s0004g02010"	"VIT_03s0038g03400"	0.921753640227876	0.442739850575077	"other_other"
"VIT_11s0016g03190"	"VIT_03s0038g03400"	0.873348330500118	0.258151672950317	"other_other"
"VIT_03s0091g00160"	"VIT_03s0038g03400"	0.789030305865224	0.0935269654264881	"other_other"
"VIT_06s0004g01990"	"VIT_03s0038g03400"	0.916884070818115	0.419898455547078	"other_other"
"VIT_06s0061g01210"	"VIT_03s0038g03400"	0.815524962037859	0.130128548952276	"other_other"
"VIT_15s0046g01570"	"VIT_03s0038g03400"	0.937673900092975	0.525434127237067	"other_other"
"VIT_02s0033g01380"	"VIT_03s0038g03400"	0.744246685969421	0.0521397680325703	"other_other"
"VIT_05s0077g01540"	"VIT_03s0038g03400"	0.908484067719588	0.382977406627095	"other_other"
"VIT_01s0011g01810"	"VIT_03s0038g03400"	0.862201369961621	0.227032005609726	"other_other"
"VIT_06s0004g01010"	"VIT_03s0038g03400"	0.929649539489503	0.482161561552633	"other_other"
"VIT_05s0020g03140"	"VIT_03s0038g03400"	0.891045858946625	0.315500870592437	"other_other"
"VIT_12s0059g01720"	"VIT_03s0038g03400"	0.91146373253387	0.395725399340247	"other_other"
"VIT_05s0077g01580"	"VIT_08s0007g01810"	0.68919416043779	0.0241777504114605	"other_other"
"VIT_03s0038g03860"	"VIT_08s0007g01810"	-0.756775433526321	0.0616127020513907	"other_other"
"VIT_09s0002g01000"	"VIT_08s0007g01810"	-0.86185185490139	0.226113351187785	"other_other"
"VIT_00s1206g00010"	"VIT_08s0007g01810"	-0.754218607487347	0.0595624327631954	"other_other"
"VIT_14s0030g00340"	"VIT_08s0007g01810"	-0.724118139110073	0.0396364058496843	"other_other"
"VIT_02s0025g03260"	"VIT_08s0007g01810"	-0.894435328708189	0.327709814315251	"other_other"
"VIT_10s0116g00530"	"VIT_08s0007g01810"	-0.837715151141686	0.170201625238388	"other_other"
"VIT_08s0007g01560"	"VIT_08s0007g01810"	0.576972332057036	0.00408836702117321	"other_other"
"VIT_02s0012g01660"	"VIT_08s0007g01810"	-0.866858259222	0.239596745138734	"other_other"
"VIT_05s0062g00610"	"VIT_08s0007g01810"	-0.590657503343196	0.00516841351428508	"other_other"
"VIT_04s0044g00040"	"VIT_08s0007g01810"	0.676493602155925	0.0200741394488772	"other_other"
"VIT_08s0040g01710"	"VIT_08s0007g01810"	0.777911844708823	0.0811528623208781	"other_other"
"VIT_18s0001g08760"	"VIT_08s0007g01810"	0.745588365234358	0.0530873715465156	"other_other"
"VIT_05s0049g01550"	"VIT_08s0007g01810"	0.786344126443406	0.0903912666002272	"other_other"
"VIT_18s0166g00060"	"VIT_08s0007g01810"	0.67531290823921	0.0197265215392311	"other_other"
"VIT_18s0001g15130"	"VIT_08s0007g01810"	0.683541037680437	0.0222661911867499	"other_other"
"VIT_05s0077g01560"	"VIT_08s0007g01810"	0.774157988699656	0.0773207391898341	"other_other"
"VIT_07s0005g03340"	"VIT_08s0007g01810"	0.782365862398758	0.0859209208141297	"other_other"
"VIT_06s0004g07550"	"VIT_08s0007g01810"	0.680020045030166	0.0211454604468726	"other_other"
"VIT_18s0001g15220"	"VIT_08s0007g01810"	0.893633378164807	0.324783395388421	"other_other"
"VIT_00s0270g00120"	"VIT_08s0007g01810"	0.89039764113814	0.313213164844123	"other_other"
"VIT_14s0030g01890"	"VIT_08s0007g01810"	0.818133676551685	0.134351555014353	"other_other"
"VIT_05s0077g01570"	"VIT_08s0007g01810"	0.777031773399067	0.0802394194558913	"other_other"
"VIT_06s0004g02010"	"VIT_08s0007g01810"	0.886165129414116	0.298639029447015	"other_other"
"VIT_11s0016g03190"	"VIT_08s0007g01810"	0.846701229987018	0.18936595684056	"other_other"
"VIT_03s0091g00160"	"VIT_08s0007g01810"	0.596952668591525	0.00574644136828678	"other_other"
"VIT_06s0004g01990"	"VIT_08s0007g01810"	0.895574216981356	0.331906547824982	"other_other"
"VIT_06s0061g01210"	"VIT_08s0007g01810"	0.930626398511088	0.487252052690606	"other_other"
"VIT_15s0046g01570"	"VIT_08s0007g01810"	0.817114919795758	0.132687925453419	"other_other"
"VIT_02s0033g01380"	"VIT_08s0007g01810"	0.528173426033594	0.00168952828874207	"other_other"
"VIT_05s0077g01540"	"VIT_08s0007g01810"	0.829828972957472	0.15484098977983	"other_other"
"VIT_01s0011g01810"	"VIT_08s0007g01810"	0.758532350459877	0.0630581283797338	"other_other"
"VIT_06s0004g01010"	"VIT_08s0007g01810"	0.789716418089336	0.0943434318728412	"other_other"
"VIT_05s0020g03140"	"VIT_08s0007g01810"	0.888758650664711	0.30749524848571	"other_other"
"VIT_12s0059g01720"	"VIT_08s0007g01810"	0.762339989685354	0.0662959532139247	"other_other"
"VIT_03s0038g03400"	"VIT_08s0007g01810"	0.807754160301385	0.118247518374376	"other_other"
"VIT_05s0077g01580"	"VIT_06s0004g01020"	0.826160820153388	0.148130998916271	"other_other"
"VIT_03s0038g03860"	"VIT_06s0004g01020"	-0.839529487425058	0.173924013188896	"other_other"
"VIT_09s0002g01000"	"VIT_06s0004g01020"	-0.92363584386978	0.451864043155081	"other_other"
"VIT_00s1206g00010"	"VIT_06s0004g01020"	-0.918289783017434	0.426380685429089	"other_other"
"VIT_14s0030g00340"	"VIT_06s0004g01020"	-0.676749955061483	0.020150338959661	"other_other"
"VIT_02s0025g03260"	"VIT_06s0004g01020"	-0.905100246640987	0.368949420380351	"other_other"
"VIT_10s0116g00530"	"VIT_06s0004g01020"	-0.901996949438954	0.356492738136241	"other_other"
"VIT_08s0007g01560"	"VIT_06s0004g01020"	0.619898788135892	0.00837930258155016	"other_other"
"VIT_02s0012g01660"	"VIT_06s0004g01020"	-0.861264762958759	0.22457778407784	"other_other"
"VIT_05s0062g00610"	"VIT_06s0004g01020"	-0.525323419679679	0.00160054403479138	"other_other"
"VIT_04s0044g00040"	"VIT_06s0004g01020"	0.800295735407878	0.107771772693275	"other_other"
"VIT_08s0040g01710"	"VIT_06s0004g01020"	0.784533707008829	0.0883315955388222	"other_other"
"VIT_18s0001g08760"	"VIT_06s0004g01020"	0.771826902741014	0.0750238111782178	"other_other"
"VIT_05s0049g01550"	"VIT_06s0004g01020"	0.66381385426525	0.0166135759806196	"other_other"
"VIT_18s0166g00060"	"VIT_06s0004g01020"	0.634294273374592	0.0105416332936026	"other_other"
"VIT_18s0001g15130"	"VIT_06s0004g01020"	0.70939937369373	0.0322781032982395	"other_other"
"VIT_05s0077g01560"	"VIT_06s0004g01020"	0.888868731722011	0.307876322411861	"other_other"
"VIT_07s0005g03340"	"VIT_06s0004g01020"	0.743200821437431	0.0514116816894169	"other_other"
"VIT_06s0004g07550"	"VIT_06s0004g01020"	0.800251055530312	0.107711619679345	"other_other"
"VIT_18s0001g15220"	"VIT_06s0004g01020"	0.854512964120487	0.207580502736977	"other_other"
"VIT_00s0270g00120"	"VIT_06s0004g01020"	0.979588627208615	0.813649466963764	"other_other"
"VIT_14s0030g01890"	"VIT_06s0004g01020"	0.920810692609624	0.438231445677955	"other_other"
"VIT_05s0077g01570"	"VIT_06s0004g01020"	0.897164893140007	0.337849055503615	"other_other"
"VIT_06s0004g02010"	"VIT_06s0004g01020"	0.962274906566663	0.680756203464609	"other_other"
"VIT_11s0016g03190"	"VIT_06s0004g01020"	0.907760721247494	0.379938994612642	"other_other"
"VIT_03s0091g00160"	"VIT_06s0004g01020"	0.715196151644336	0.0350148031601115	"other_other"
"VIT_06s0004g01990"	"VIT_06s0004g01020"	0.970791167410884	0.743460951504735	"other_other"
"VIT_06s0061g01210"	"VIT_06s0004g01020"	0.910501017626728	0.391565441550357	"other_other"
"VIT_15s0046g01570"	"VIT_06s0004g01020"	0.917084325028667	0.42081644646307	"other_other"
"VIT_02s0033g01380"	"VIT_06s0004g01020"	0.624889926467959	0.00907894189928118	"other_other"
"VIT_05s0077g01540"	"VIT_06s0004g01020"	0.974900775790019	0.77553992417878	"other_other"
"VIT_01s0011g01810"	"VIT_06s0004g01020"	0.864638727205846	0.233532235697185	"other_other"
"VIT_06s0004g01010"	"VIT_06s0004g01020"	0.933242019047718	0.501121280634393	"other_other"
"VIT_05s0020g03140"	"VIT_06s0004g01020"	0.965622641388377	0.704813806898449	"other_other"
"VIT_12s0059g01720"	"VIT_06s0004g01020"	0.862011120215658	0.226531543423052	"other_other"
"VIT_03s0038g03400"	"VIT_06s0004g01020"	0.929480755326711	0.481286879478249	"other_other"
"VIT_08s0007g01810"	"VIT_06s0004g01020"	0.873478577022426	0.258536925091642	"other_other"
"VIT_05s0077g01580"	"VIT_11s0065g00350"	0.621942075108803	0.00865963093828162	"other_other"
"VIT_03s0038g03860"	"VIT_11s0065g00350"	-0.841163202872957	0.177338348581979	"other_other"
"VIT_09s0002g01000"	"VIT_11s0065g00350"	-0.870603733712672	0.250152733898576	"other_other"
"VIT_00s1206g00010"	"VIT_11s0065g00350"	-0.852707034145223	0.203234978446599	"other_other"
"VIT_14s0030g00340"	"VIT_11s0065g00350"	-0.797515845983925	0.10408621327183	"other_other"
"VIT_02s0025g03260"	"VIT_11s0065g00350"	-0.772732154261569	0.0759084006333584	"other_other"
"VIT_10s0116g00530"	"VIT_11s0065g00350"	-0.87520472512712	0.263691746700307	"other_other"
"VIT_08s0007g01560"	"VIT_11s0065g00350"	0.819704121481899	0.136952885605898	"other_other"
"VIT_02s0012g01660"	"VIT_11s0065g00350"	-0.747447021718194	0.0544257167828332	"other_other"
"VIT_05s0062g00610"	"VIT_11s0065g00350"	-0.677093732989915	0.0202529336974719	"other_other"
"VIT_04s0044g00040"	"VIT_11s0065g00350"	0.761481275297648	0.0655529568260353	"other_other"
"VIT_08s0040g01710"	"VIT_11s0065g00350"	0.843338585814453	0.181978345983589	"other_other"
"VIT_18s0001g08760"	"VIT_11s0065g00350"	0.828371589749582	0.152142993480776	"other_other"
"VIT_05s0049g01550"	"VIT_11s0065g00350"	0.657080772441747	0.0150033275258425	"other_other"
"VIT_18s0166g00060"	"VIT_11s0065g00350"	0.626282695799885	0.00928333714357515	"other_other"
"VIT_18s0001g15130"	"VIT_11s0065g00350"	0.670733994774234	0.0184290599249954	"other_other"
"VIT_05s0077g01560"	"VIT_11s0065g00350"	0.735744077859788	0.0464801745897429	"other_other"
"VIT_07s0005g03340"	"VIT_11s0065g00350"	0.776701866032797	0.0798993940213561	"other_other"
"VIT_06s0004g07550"	"VIT_11s0065g00350"	0.672846162263536	0.0190176914302772	"other_other"
"VIT_18s0001g15220"	"VIT_11s0065g00350"	0.801155592987714	0.108935313882423	"other_other"
"VIT_00s0270g00120"	"VIT_11s0065g00350"	0.855225895515599	0.209318890790658	"other_other"
"VIT_14s0030g01890"	"VIT_11s0065g00350"	0.785328203424341	0.0892302161730747	"other_other"
"VIT_05s0077g01570"	"VIT_11s0065g00350"	0.7477083753711	0.0546163224321797	"other_other"
"VIT_06s0004g02010"	"VIT_11s0065g00350"	0.812261283513851	0.12501367739147	"other_other"
"VIT_11s0016g03190"	"VIT_11s0065g00350"	0.77209908094142	0.0752887965047928	"other_other"
"VIT_03s0091g00160"	"VIT_11s0065g00350"	0.775221860714983	0.0783898999522254	"other_other"
"VIT_06s0004g01990"	"VIT_11s0065g00350"	0.825247061572693	0.146500756156199	"other_other"
"VIT_06s0061g01210"	"VIT_11s0065g00350"	0.783702909604078	0.0874006357081369	"other_other"
"VIT_15s0046g01570"	"VIT_11s0065g00350"	0.864860932767845	0.234133090281803	"other_other"
"VIT_02s0033g01380"	"VIT_11s0065g00350"	0.86304642613151	0.229267019352843	"other_other"
"VIT_05s0077g01540"	"VIT_11s0065g00350"	0.818735075355472	0.135342428082985	"other_other"
"VIT_01s0011g01810"	"VIT_11s0065g00350"	0.762056542814414	0.0660498691692756	"other_other"
"VIT_06s0004g01010"	"VIT_11s0065g00350"	0.886611077511973	0.300145289342316	"other_other"
"VIT_05s0020g03140"	"VIT_11s0065g00350"	0.855947527215206	0.211091825756683	"other_other"
"VIT_12s0059g01720"	"VIT_11s0065g00350"	0.920613541618533	0.437294069843489	"other_other"
"VIT_03s0038g03400"	"VIT_11s0065g00350"	0.889270709235587	0.309271483648883	"other_other"
"VIT_08s0007g01810"	"VIT_11s0065g00350"	0.791641808576607	0.096668999357932	"other_other"
"VIT_06s0004g01020"	"VIT_11s0065g00350"	0.855786938808499	0.210696120488566	"other_other"
"VIT_05s0077g01580"	"VIT_12s0028g00920"	0.709311815513944	0.0322382859137097	"other_other"
"VIT_03s0038g03860"	"VIT_12s0028g00920"	-0.761629281209778	0.0656804808492242	"other_other"
"VIT_09s0002g01000"	"VIT_12s0028g00920"	-0.747628494886546	0.0545580018137698	"other_other"
"VIT_00s1206g00010"	"VIT_12s0028g00920"	-0.72485506090418	0.0400416306005197	"other_other"
"VIT_14s0030g00340"	"VIT_12s0028g00920"	-0.782800882427655	0.0863998653260525	"other_other"
"VIT_02s0025g03260"	"VIT_12s0028g00920"	-0.878272568851529	0.273082069959856	"other_other"
"VIT_10s0116g00530"	"VIT_12s0028g00920"	-0.813401378880859	0.12677950240029	"other_other"
"VIT_08s0007g01560"	"VIT_12s0028g00920"	0.736350122412478	0.0468644617635502	"other_other"
"VIT_02s0012g01660"	"VIT_12s0028g00920"	-0.764752313435657	0.0684239267878333	"other_other"
"VIT_05s0062g00610"	"VIT_12s0028g00920"	-0.673393153436884	0.0191728628179336	"other_other"
"VIT_04s0044g00040"	"VIT_12s0028g00920"	0.714079936653094	0.0344721451461996	"other_other"
"VIT_08s0040g01710"	"VIT_12s0028g00920"	0.845622958548716	0.186968160387698	"other_other"
"VIT_18s0001g08760"	"VIT_12s0028g00920"	0.873732269155402	0.259288798978762	"other_other"
"VIT_05s0049g01550"	"VIT_12s0028g00920"	0.875984377571042	0.266050212218044	"other_other"
"VIT_18s0166g00060"	"VIT_12s0028g00920"	0.727488916245542	0.0415206180541242	"other_other"
"VIT_18s0001g15130"	"VIT_12s0028g00920"	0.901394764099021	0.35411988189875	"other_other"
"VIT_05s0077g01560"	"VIT_12s0028g00920"	0.73594868194172	0.0466095938202676	"other_other"
"VIT_07s0005g03340"	"VIT_12s0028g00920"	0.854430981617191	0.20738143467566	"other_other"
"VIT_06s0004g07550"	"VIT_12s0028g00920"	0.809871079767385	0.121383290769731	"other_other"
"VIT_18s0001g15220"	"VIT_12s0028g00920"	0.801604440164983	0.109547164614473	"other_other"
"VIT_00s0270g00120"	"VIT_12s0028g00920"	0.76137980685796	0.0654656589580828	"other_other"
"VIT_14s0030g01890"	"VIT_12s0028g00920"	0.775349108750578	0.0785186673734916	"other_other"
"VIT_05s0077g01570"	"VIT_12s0028g00920"	0.753713214279239	0.0591645131173923	"other_other"
"VIT_06s0004g02010"	"VIT_12s0028g00920"	0.861715813948021	0.225756690873288	"other_other"
"VIT_11s0016g03190"	"VIT_12s0028g00920"	0.740734234271242	0.0497306536568133	"other_other"
"VIT_03s0091g00160"	"VIT_12s0028g00920"	0.722741486356297	0.0388892748686597	"other_other"
"VIT_06s0004g01990"	"VIT_12s0028g00920"	0.837911434447027	0.170600841895619	"other_other"
"VIT_06s0061g01210"	"VIT_12s0028g00920"	0.741976557316473	0.0505710347547405	"other_other"
"VIT_15s0046g01570"	"VIT_12s0028g00920"	0.868233028761082	0.243423795472603	"other_other"
"VIT_02s0033g01380"	"VIT_12s0028g00920"	0.509825367247772	0.00118635429661081	"other_other"
"VIT_05s0077g01540"	"VIT_12s0028g00920"	0.738146031196757	0.0480200812081596	"other_other"
"VIT_01s0011g01810"	"VIT_12s0028g00920"	0.778643788910808	0.0819196780187681	"other_other"
"VIT_06s0004g01010"	"VIT_12s0028g00920"	0.701826769228457	0.0289934096319462	"other_other"
"VIT_05s0020g03140"	"VIT_12s0028g00920"	0.679253979604438	0.0209084536963344	"other_other"
"VIT_12s0059g01720"	"VIT_12s0028g00920"	0.717293657711026	0.0360553659892124	"other_other"
"VIT_03s0038g03400"	"VIT_12s0028g00920"	0.770667037805767	0.0739039824501457	"other_other"
"VIT_08s0007g01810"	"VIT_12s0028g00920"	0.808609680137098	0.119505903914178	"other_other"
"VIT_06s0004g01020"	"VIT_12s0028g00920"	0.731173185649798	0.043671947694655	"other_other"
"VIT_11s0065g00350"	"VIT_12s0028g00920"	0.69281769195503	0.0254794291663445	"other_other"
"VIT_05s0077g01580"	"VIT_12s0059g00310"	0.598210501999743	0.00586867866937384	"other_other"
"VIT_03s0038g03860"	"VIT_12s0059g00310"	-0.757426718242852	0.0621450022412528	"other_other"
"VIT_09s0002g01000"	"VIT_12s0059g00310"	-0.722134257897076	0.0385637699308122	"other_other"
"VIT_00s1206g00010"	"VIT_12s0059g00310"	-0.74703719736863	0.0541280364170595	"other_other"
"VIT_14s0030g00340"	"VIT_12s0059g00310"	-0.72751114413389	0.041533306117784	"other_other"
"VIT_02s0025g03260"	"VIT_12s0059g00310"	-0.703682486410139	0.0297692177178367	"other_other"
"VIT_10s0116g00530"	"VIT_12s0059g00310"	-0.729907577565373	0.0429218787320127	"other_other"
"VIT_08s0007g01560"	"VIT_12s0059g00310"	0.826367113796098	0.148501300227425	"other_other"
"VIT_02s0012g01660"	"VIT_12s0059g00310"	-0.599432007048983	0.00598962022449811	"other_other"
"VIT_05s0062g00610"	"VIT_12s0059g00310"	-0.555375722874438	0.00279170108433236	"other_other"
"VIT_04s0044g00040"	"VIT_12s0059g00310"	0.766170496451935	0.0697034448941398	"other_other"
"VIT_08s0040g01710"	"VIT_12s0059g00310"	0.7691728090525	0.0724835126012181	"other_other"
"VIT_18s0001g08760"	"VIT_12s0059g00310"	0.777128772115485	0.0803396405092631	"other_other"
"VIT_05s0049g01550"	"VIT_12s0059g00310"	0.608142445640133	0.00691915664670968	"other_other"
"VIT_18s0166g00060"	"VIT_12s0059g00310"	0.533210686421452	0.00185775503943202	"other_other"
"VIT_18s0001g15130"	"VIT_12s0059g00310"	0.711541445161842	0.0332661096834427	"other_other"
"VIT_05s0077g01560"	"VIT_12s0059g00310"	0.675840227173444	0.0198810987116639	"other_other"
"VIT_07s0005g03340"	"VIT_12s0059g00310"	0.774771624877397	0.077935812610505	"other_other"
"VIT_06s0004g07550"	"VIT_12s0059g00310"	0.656078020001335	0.0147759319459458	"other_other"
"VIT_18s0001g15220"	"VIT_12s0059g00310"	0.703386617526873	0.0296442872388394	"other_other"
"VIT_00s0270g00120"	"VIT_12s0059g00310"	0.741378440191951	0.0501648505648745	"other_other"
"VIT_14s0030g01890"	"VIT_12s0059g00310"	0.684643491299576	0.0226279305980403	"other_other"
"VIT_05s0077g01570"	"VIT_12s0059g00310"	0.686388055495736	0.0232111775295074	"other_other"
"VIT_06s0004g02010"	"VIT_12s0059g00310"	0.75497574512951	0.0601630706619838	"other_other"
"VIT_11s0016g03190"	"VIT_12s0059g00310"	0.681721656888429	0.0216805806124896	"other_other"
"VIT_03s0091g00160"	"VIT_12s0059g00310"	0.770668990051432	0.0739058545994266	"other_other"
"VIT_06s0004g01990"	"VIT_12s0059g00310"	0.742985878278074	0.0512631859102586	"other_other"
"VIT_06s0061g01210"	"VIT_12s0059g00310"	0.63080703109928	0.00997620245759766	"other_other"
"VIT_15s0046g01570"	"VIT_12s0059g00310"	0.777082576129927	0.0802918958320347	"other_other"
"VIT_02s0033g01380"	"VIT_12s0059g00310"	0.805724783609062	0.115310067100882	"other_other"
"VIT_05s0077g01540"	"VIT_12s0059g00310"	0.735420384848667	0.0462760879175431	"other_other"
"VIT_01s0011g01810"	"VIT_12s0059g00310"	0.740604375780996	0.0496435393447145	"other_other"
"VIT_06s0004g01010"	"VIT_12s0059g00310"	0.807785638266044	0.118293607199329	"other_other"
"VIT_05s0020g03140"	"VIT_12s0059g00310"	0.704854174281235	0.0302686297197555	"other_other"
"VIT_12s0059g01720"	"VIT_12s0059g00310"	0.832877451905971	0.160624226007509	"other_other"
"VIT_03s0038g03400"	"VIT_12s0059g00310"	0.832182656216545	0.159289299656518	"other_other"
"VIT_08s0007g01810"	"VIT_12s0059g00310"	0.646837329686797	0.0128218518832935	"other_other"
"VIT_06s0004g01020"	"VIT_12s0059g00310"	0.73308209250639	0.0448255996802261	"other_other"
"VIT_11s0065g00350"	"VIT_12s0059g00310"	0.832258914520984	0.159435326998994	"other_other"
"VIT_12s0028g00920"	"VIT_12s0059g00310"	0.679022149804219	0.020837202515324	"other_other"
"VIT_05s0077g01580"	"VIT_16s0039g01100"	0.797887629636499	0.10457245857168	"other_other"
"VIT_03s0038g03860"	"VIT_16s0039g01100"	-0.833130110370779	0.161112155115826	"other_other"
"VIT_09s0002g01000"	"VIT_16s0039g01100"	-0.775900933905415	0.0790792871970343	"other_other"
"VIT_00s1206g00010"	"VIT_16s0039g01100"	-0.825385949823338	0.146747502270087	"other_other"
"VIT_14s0030g00340"	"VIT_16s0039g01100"	-0.681019779393126	0.0214583960437657	"other_other"
"VIT_02s0025g03260"	"VIT_16s0039g01100"	-0.836182959348584	0.167114112845491	"other_other"
"VIT_10s0116g00530"	"VIT_16s0039g01100"	-0.793925668762845	0.0994943537310141	"other_other"
"VIT_08s0007g01560"	"VIT_16s0039g01100"	0.781317647282424	0.0847766666407042	"other_other"
"VIT_02s0012g01660"	"VIT_16s0039g01100"	-0.710308116541402	0.0326939785173778	"other_other"
"VIT_05s0062g00610"	"VIT_16s0039g01100"	-0.561466534869184	0.00311342752680858	"other_other"
"VIT_04s0044g00040"	"VIT_16s0039g01100"	0.839254440791806	0.173355042704327	"other_other"
"VIT_08s0040g01710"	"VIT_16s0039g01100"	0.778941779280284	0.0822337286637117	"other_other"
"VIT_18s0001g08760"	"VIT_16s0039g01100"	0.828610711778069	0.152582748252753	"other_other"
"VIT_05s0049g01550"	"VIT_16s0039g01100"	0.668749814113038	0.0178910876399354	"other_other"
"VIT_18s0166g00060"	"VIT_16s0039g01100"	0.642230622936741	0.0119374096665804	"other_other"
"VIT_18s0001g15130"	"VIT_16s0039g01100"	0.851431924316535	0.200216239240858	"other_other"
"VIT_05s0077g01560"	"VIT_16s0039g01100"	0.785517019635626	0.0894449843617856	"other_other"
"VIT_07s0005g03340"	"VIT_16s0039g01100"	0.836317986364993	0.167384165277387	"other_other"
"VIT_06s0004g07550"	"VIT_16s0039g01100"	0.838918402977563	0.172662177740931	"other_other"
"VIT_18s0001g15220"	"VIT_16s0039g01100"	0.720641611264926	0.0377740329910446	"other_other"
"VIT_00s0270g00120"	"VIT_16s0039g01100"	0.776797298517256	0.0799976198056693	"other_other"
"VIT_14s0030g01890"	"VIT_16s0039g01100"	0.815662604897906	0.130348344498129	"other_other"
"VIT_05s0077g01570"	"VIT_16s0039g01100"	0.801950097823246	0.110020457614236	"other_other"
"VIT_06s0004g02010"	"VIT_16s0039g01100"	0.852250472625018	0.202149423644352	"other_other"
"VIT_11s0016g03190"	"VIT_16s0039g01100"	0.799390602631495	0.106559061122857	"other_other"
"VIT_03s0091g00160"	"VIT_16s0039g01100"	0.755254215425396	0.060385348839878	"other_other"
"VIT_06s0004g01990"	"VIT_16s0039g01100"	0.83606433913776	0.166877197449675	"other_other"
"VIT_06s0061g01210"	"VIT_16s0039g01100"	0.717390929122382	0.0361042901262173	"other_other"
"VIT_15s0046g01570"	"VIT_16s0039g01100"	0.872190467096664	0.254749509181163	"other_other"
"VIT_02s0033g01380"	"VIT_16s0039g01100"	0.727840550061949	0.0417217462145965	"other_other"
"VIT_05s0077g01540"	"VIT_16s0039g01100"	0.833158821112245	0.161167685059676	"other_other"
"VIT_01s0011g01810"	"VIT_16s0039g01100"	0.878627672369593	0.274188207544242	"other_other"
"VIT_06s0004g01010"	"VIT_16s0039g01100"	0.830228110069331	0.155587369187701	"other_other"
"VIT_05s0020g03140"	"VIT_16s0039g01100"	0.742413245801517	0.0508694588537717	"other_other"
"VIT_12s0059g01720"	"VIT_16s0039g01100"	0.861735851978139	0.225809193017214	"other_other"
"VIT_03s0038g03400"	"VIT_16s0039g01100"	0.858366999020142	0.217135144924722	"other_other"
"VIT_08s0007g01810"	"VIT_16s0039g01100"	0.669875780605501	0.0181946104354367	"other_other"
"VIT_06s0004g01020"	"VIT_16s0039g01100"	0.814093216772626	0.127861961065085	"other_other"
"VIT_11s0065g00350"	"VIT_16s0039g01100"	0.800078444106117	0.107479514766331	"other_other"
"VIT_12s0028g00920"	"VIT_16s0039g01100"	0.785056405582723	0.0889218757453912	"other_other"
"VIT_12s0059g00310"	"VIT_16s0039g01100"	0.826349123775362	0.148468974645693	"other_other"
"VIT_05s0077g01580"	"VIT_16s0100g01010"	0.732703080934109	0.0445943848013374	"family_other"
"VIT_03s0038g03860"	"VIT_16s0100g01010"	-0.83907154742263	0.17297763137161	"family_other"
"VIT_09s0002g01000"	"VIT_16s0100g01010"	-0.838133423869956	0.171053357078545	"family_other"
"VIT_00s1206g00010"	"VIT_16s0100g01010"	-0.835772633637988	0.166295870918673	"family_other"
"VIT_14s0030g00340"	"VIT_16s0100g01010"	-0.787735700814282	0.0920036982444931	"family_other"
"VIT_02s0025g03260"	"VIT_16s0100g01010"	-0.838726729938834	0.172268090797607	"family_other"
"VIT_10s0116g00530"	"VIT_16s0100g01010"	-0.839120084225163	0.173077717794205	"family_other"
"VIT_08s0007g01560"	"VIT_16s0100g01010"	0.822054220508294	0.140930383563304	"family_other"
"VIT_02s0012g01660"	"VIT_16s0100g01010"	-0.75860792072076	0.063120979439034	"family_other"
"VIT_05s0062g00610"	"VIT_16s0100g01010"	-0.652273064658846	0.0139410167452855	"family_other"
"VIT_04s0044g00040"	"VIT_16s0100g01010"	0.799145503838935	0.106232793945839	"family_other"
"VIT_08s0040g01710"	"VIT_16s0100g01010"	0.85354743249097	0.205246898427418	"family_other"
"VIT_18s0001g08760"	"VIT_16s0100g01010"	0.882429320066309	0.286285464142944	"family_other"
"VIT_05s0049g01550"	"VIT_16s0100g01010"	0.738346618803999	0.0481507331405454	"family_other"
"VIT_18s0166g00060"	"VIT_16s0100g01010"	0.70557168872603	0.0305781680272567	"family_other"
"VIT_18s0001g15130"	"VIT_16s0100g01010"	0.814429015458991	0.128390348498132	"family_other"
"VIT_05s0077g01560"	"VIT_16s0100g01010"	0.821134776514428	0.139362027690489	"family_other"
"VIT_07s0005g03340"	"VIT_16s0100g01010"	0.844271166501385	0.184000742392428	"family_other"
"VIT_06s0004g07550"	"VIT_16s0100g01010"	0.745043030705545	0.0527003580498649	"family_other"
"VIT_18s0001g15220"	"VIT_16s0100g01010"	0.793315384739832	0.0987321890832997	"family_other"
"VIT_00s0270g00120"	"VIT_16s0100g01010"	0.827771253473209	0.151043973873088	"family_other"
"VIT_14s0030g01890"	"VIT_16s0100g01010"	0.802975839327785	0.111435811553713	"family_other"
"VIT_05s0077g01570"	"VIT_16s0100g01010"	0.831764513574794	0.15849073400326	"family_other"
"VIT_06s0004g02010"	"VIT_16s0100g01010"	0.869067059836796	0.245772276461752	"family_other"
"VIT_11s0016g03190"	"VIT_16s0100g01010"	0.804946534650476	0.114201116679909	"family_other"
"VIT_03s0091g00160"	"VIT_16s0100g01010"	0.815966134421751	0.130834218069778	"family_other"
"VIT_06s0004g01990"	"VIT_16s0100g01010"	0.87082222189785	0.250781230882048	"family_other"
"VIT_06s0061g01210"	"VIT_16s0100g01010"	0.761104218601142	0.065229085717816	"family_other"
"VIT_15s0046g01570"	"VIT_16s0100g01010"	0.900772101275816	0.351681292946026	"family_other"
"VIT_02s0033g01380"	"VIT_16s0100g01010"	0.825898586935008	0.147661484623351	"family_other"
"VIT_05s0077g01540"	"VIT_16s0100g01010"	0.862197413353342	0.227021587415149	"family_other"
"VIT_01s0011g01810"	"VIT_16s0100g01010"	0.830494403200928	0.156087131838194	"family_other"
"VIT_06s0004g01010"	"VIT_16s0100g01010"	0.904706673091557	0.367348217404887	"family_other"
"VIT_05s0020g03140"	"VIT_16s0100g01010"	0.813076981451346	0.126274791997307	"family_other"
"VIT_12s0059g01720"	"VIT_16s0100g01010"	0.914892328665576	0.410865675213648	"family_other"
"VIT_03s0038g03400"	"VIT_16s0100g01010"	0.9093992259979	0.386852851459215	"family_other"
"VIT_08s0007g01810"	"VIT_16s0100g01010"	0.777373493471828	0.0805929924720422	"family_other"
"VIT_06s0004g01020"	"VIT_16s0100g01010"	0.857697539413457	0.215447590598601	"family_other"
"VIT_11s0065g00350"	"VIT_16s0100g01010"	0.907289033827443	0.377969378916941	"family_other"
"VIT_12s0028g00920"	"VIT_16s0100g01010"	0.790066892966222	0.0947629636693024	"family_other"
"VIT_12s0059g00310"	"VIT_16s0100g01010"	0.862958565566212	0.229033725942285	"family_other"
"VIT_16s0039g01100"	"VIT_16s0100g01010"	0.943874405428288	0.561231575629485	"family_other"
"VIT_05s0077g01580"	"VIT_16s0100g01200"	0.80186633639076	0.109905598335853	"family_other"
"VIT_03s0038g03860"	"VIT_16s0100g01200"	-0.85194266809408	0.201420512594136	"family_other"
"VIT_09s0002g01000"	"VIT_16s0100g01200"	-0.878679731446365	0.274350708587928	"family_other"
"VIT_00s1206g00010"	"VIT_16s0100g01200"	-0.879558842885777	0.27710795454284	"family_other"
"VIT_14s0030g00340"	"VIT_16s0100g01200"	-0.745928871769507	0.0533303178260829	"family_other"
"VIT_02s0025g03260"	"VIT_16s0100g01200"	-0.900477953657742	0.350534561881496	"family_other"
"VIT_10s0116g00530"	"VIT_16s0100g01200"	-0.871115861815538	0.251628145654796	"family_other"
"VIT_08s0007g01560"	"VIT_16s0100g01200"	0.740504930557033	0.049576920363069	"family_other"
"VIT_02s0012g01660"	"VIT_16s0100g01200"	-0.838731498009083	0.172277884301764	"family_other"
"VIT_05s0062g00610"	"VIT_16s0100g01200"	-0.59932089452225	0.0059785269400273	"family_other"
"VIT_04s0044g00040"	"VIT_16s0100g01200"	0.79111062756404	0.0960223183830535	"family_other"
"VIT_08s0040g01710"	"VIT_16s0100g01200"	0.839878469689658	0.174648348203497	"family_other"
"VIT_18s0001g08760"	"VIT_16s0100g01200"	0.849319870881827	0.195304770096782	"family_other"
"VIT_05s0049g01550"	"VIT_16s0100g01200"	0.723049098393403	0.0390551121351523	"family_other"
"VIT_18s0166g00060"	"VIT_16s0100g01200"	0.683388865238502	0.0222166709957017	"family_other"
"VIT_18s0001g15130"	"VIT_16s0100g01200"	0.787821720249461	0.0921042141436034	"family_other"
"VIT_05s0077g01560"	"VIT_16s0100g01200"	0.87944226932652	0.276740904613215	"family_other"
"VIT_07s0005g03340"	"VIT_16s0100g01200"	0.827258469512782	0.150110897588493	"family_other"
"VIT_06s0004g07550"	"VIT_16s0100g01200"	0.792056866082024	0.0971770320357669	"family_other"
"VIT_18s0001g15220"	"VIT_16s0100g01200"	0.843358434418736	0.182021180484631	"family_other"
"VIT_00s0270g00120"	"VIT_16s0100g01200"	0.910613466888543	0.392049303983744	"family_other"
"VIT_14s0030g01890"	"VIT_16s0100g01200"	0.87428199708648	0.260924798276388	"family_other"
"VIT_05s0077g01570"	"VIT_16s0100g01200"	0.887432165720617	0.302936539668698	"family_other"
"VIT_06s0004g02010"	"VIT_16s0100g01200"	0.942030828970102	0.550365443887762	"family_other"
"VIT_11s0016g03190"	"VIT_16s0100g01200"	0.864164586434403	0.232254773640032	"family_other"
"VIT_03s0091g00160"	"VIT_16s0100g01200"	0.77311117516786	0.0762815500820489	"family_other"
"VIT_06s0004g01990"	"VIT_16s0100g01200"	0.947970775347311	0.586069996286768	"family_other"
"VIT_06s0061g01210"	"VIT_16s0100g01200"	0.861180137943024	0.224357218945981	"family_other"
"VIT_15s0046g01570"	"VIT_16s0100g01200"	0.919034971402884	0.429853409768179	"family_other"
"VIT_02s0033g01380"	"VIT_16s0100g01200"	0.712635678382342	0.0337812423134222	"family_other"
"VIT_05s0077g01540"	"VIT_16s0100g01200"	0.942345272224684	0.552205286847903	"family_other"
"VIT_01s0011g01810"	"VIT_16s0100g01200"	0.850685186927666	0.198467182583397	"family_other"
"VIT_06s0004g01010"	"VIT_16s0100g01200"	0.923071411628948	0.449110291074542	"family_other"
"VIT_05s0020g03140"	"VIT_16s0100g01200"	0.888316373519867	0.3059684675535	"family_other"
"VIT_12s0059g01720"	"VIT_16s0100g01200"	0.878391081138635	0.273450785102926	"family_other"
"VIT_03s0038g03400"	"VIT_16s0100g01200"	0.925435355162456	0.460745255590585	"family_other"
"VIT_08s0007g01810"	"VIT_16s0100g01200"	0.849563175349632	0.195864981018366	"family_other"
"VIT_06s0004g01020"	"VIT_16s0100g01200"	0.941224040992781	0.54567004702224	"family_other"
"VIT_11s0065g00350"	"VIT_16s0100g01200"	0.883072236451767	0.288378121707128	"family_other"
"VIT_12s0028g00920"	"VIT_16s0100g01200"	0.799028042005103	0.106076751667533	"family_other"
"VIT_12s0059g00310"	"VIT_16s0100g01200"	0.815337071422892	0.12982905352349	"family_other"
"VIT_16s0039g01100"	"VIT_16s0100g01200"	0.914695114162481	0.409980870378707	"family_other"
"VIT_16s0100g01010"	"VIT_16s0100g01200"	0.964862797531916	0.699287258536685	"family_family"
"VIT_05s0077g01580"	"VIT_08s0007g06060"	0.737937479486134	0.0478845802836496	"other_other"
"VIT_03s0038g03860"	"VIT_08s0007g06060"	-0.576015724293172	0.004021086274212	"other_other"
"VIT_09s0002g01000"	"VIT_08s0007g06060"	-0.496496934651313	0.000910260537662299	"other_other"
"VIT_00s1206g00010"	"VIT_08s0007g06060"	-0.495225279027512	0.000887213320477295	"other_other"
"VIT_14s0030g00340"	"VIT_08s0007g06060"	-0.555371377405844	0.00279148265882763	"other_other"
"VIT_02s0025g03260"	"VIT_08s0007g06060"	-0.595790481481338	0.00563554088951388	"other_other"
"VIT_10s0116g00530"	"VIT_08s0007g06060"	-0.645073104833114	0.0124764017637659	"other_other"
"VIT_08s0007g01560"	"VIT_08s0007g06060"	0.634629139103197	0.0105974185969199	"other_other"
"VIT_02s0012g01660"	"VIT_08s0007g06060"	-0.443403324083727	0.000293757826275306	"other_other"
"VIT_05s0062g00610"	"VIT_08s0007g06060"	-0.603563973590275	0.00641553813335773	"other_other"
"VIT_04s0044g00040"	"VIT_08s0007g06060"	0.60921521108739	0.00704218425683942	"other_other"
"VIT_08s0040g01710"	"VIT_08s0007g06060"	0.687929239941016	0.0237376483653755	"other_other"
"VIT_18s0001g08760"	"VIT_08s0007g06060"	0.773099024622642	0.0762695621958982	"other_other"
"VIT_05s0049g01550"	"VIT_08s0007g06060"	0.733951395978989	0.0453599960917174	"other_other"
"VIT_18s0166g00060"	"VIT_08s0007g06060"	0.679417839297892	0.0209589469504622	"other_other"
"VIT_18s0001g15130"	"VIT_08s0007g06060"	0.80800553338599	0.118616020392628	"other_other"
"VIT_05s0077g01560"	"VIT_08s0007g06060"	0.771556854342067	0.0747617292150174	"other_other"
"VIT_07s0005g03340"	"VIT_08s0007g06060"	0.659735864249004	0.0156207159916613	"other_other"
"VIT_06s0004g07550"	"VIT_08s0007g06060"	0.625519503126587	0.00917082806716725	"other_other"
"VIT_18s0001g15220"	"VIT_08s0007g06060"	0.671329347260058	0.0185932936568089	"other_other"
"VIT_00s0270g00120"	"VIT_08s0007g06060"	0.524760192097333	0.0015834662955012	"other_other"
"VIT_14s0030g01890"	"VIT_08s0007g06060"	0.595743070635239	0.00563105793597793	"other_other"
"VIT_05s0077g01570"	"VIT_08s0007g06060"	0.77645465376067	0.079645450455255	"other_other"
"VIT_06s0004g02010"	"VIT_08s0007g06060"	0.667164726360278	0.0174715230980899	"other_other"
"VIT_11s0016g03190"	"VIT_08s0007g06060"	0.536751829779493	0.00198488493790502	"other_other"
"VIT_03s0091g00160"	"VIT_08s0007g06060"	0.685161868448875	0.0227998426740963	"other_other"
"VIT_06s0004g01990"	"VIT_08s0007g06060"	0.651041528596423	0.0136800259752497	"other_other"
"VIT_06s0061g01210"	"VIT_08s0007g06060"	0.466831309010458	0.000491586278562315	"other_other"
"VIT_15s0046g01570"	"VIT_08s0007g06060"	0.718052166500578	0.0364384562080617	"other_other"
"VIT_02s0033g01380"	"VIT_08s0007g06060"	0.462273755932042	0.000445648434256725	"other_other"
"VIT_05s0077g01540"	"VIT_08s0007g06060"	0.676983527842678	0.0202199937458014	"other_other"
"VIT_01s0011g01810"	"VIT_08s0007g06060"	0.596491706541958	0.00570222168520133	"other_other"
"VIT_06s0004g01010"	"VIT_08s0007g06060"	0.688550459991488	0.0239528793849564	"other_other"
"VIT_05s0020g03140"	"VIT_08s0007g06060"	0.453037317060941	0.00036419985356648	"other_other"
"VIT_12s0059g01720"	"VIT_08s0007g06060"	0.62099920835217	0.00852924256137129	"other_other"
"VIT_03s0038g03400"	"VIT_08s0007g06060"	0.622771819807768	0.00877585677473157	"other_other"
"VIT_08s0007g01810"	"VIT_08s0007g06060"	0.493410527803002	0.000855232344007371	"other_other"
"VIT_06s0004g01020"	"VIT_08s0007g06060"	0.586606617362787	0.00482469182716603	"other_other"
"VIT_11s0065g00350"	"VIT_08s0007g06060"	0.516166925178612	0.00134246114527465	"other_other"
"VIT_12s0028g00920"	"VIT_08s0007g06060"	0.715389944886327	0.0351097968510399	"other_other"
"VIT_12s0059g00310"	"VIT_08s0007g06060"	0.543342462743772	0.00224252074341002	"other_other"
"VIT_16s0039g01100"	"VIT_08s0007g06060"	0.666576644872761	0.0173181274053397	"other_other"
"VIT_16s0100g01010"	"VIT_08s0007g06060"	0.647617171848856	0.0129772764814649	"family_other"
"VIT_16s0100g01200"	"VIT_08s0007g06060"	0.641564527174568	0.0118141759096279	"family_other"
"VIT_05s0077g01580"	"VIT_05s0077g01550"	0.817795511680814	0.1337972621823	"other_other"
"VIT_03s0038g03860"	"VIT_05s0077g01550"	-0.708079080998025	0.0316823684861242	"other_other"
"VIT_09s0002g01000"	"VIT_05s0077g01550"	-0.75759198937262	0.062280736369243	"other_other"
"VIT_00s1206g00010"	"VIT_05s0077g01550"	-0.7307426140483	0.0434154537530752	"other_other"
"VIT_14s0030g00340"	"VIT_05s0077g01550"	-0.651884309512957	0.0138581506900328	"other_other"
"VIT_02s0025g03260"	"VIT_05s0077g01550"	-0.761421488519471	0.0655015068980465	"other_other"
"VIT_10s0116g00530"	"VIT_05s0077g01550"	-0.754820001527015	0.0600390756860579	"other_other"
"VIT_08s0007g01560"	"VIT_05s0077g01550"	0.668287170508555	0.0177677010355889	"other_other"
"VIT_02s0012g01660"	"VIT_05s0077g01550"	-0.653392450569125	0.014182118910295	"other_other"
"VIT_05s0062g00610"	"VIT_05s0077g01550"	-0.560997276234945	0.00308750398397054	"other_other"
"VIT_04s0044g00040"	"VIT_05s0077g01550"	0.694727827773362	0.0261906906952582	"other_other"
"VIT_08s0040g01710"	"VIT_05s0077g01550"	0.779061078018474	0.0823597604721708	"other_other"
"VIT_18s0001g08760"	"VIT_05s0077g01550"	0.790929352404514	0.0958025194938874	"other_other"
"VIT_05s0049g01550"	"VIT_05s0077g01550"	0.718229640548669	0.0365286178701093	"other_other"
"VIT_18s0166g00060"	"VIT_05s0077g01550"	0.642104883788862	0.0119140585848008	"other_other"
"VIT_18s0001g15130"	"VIT_05s0077g01550"	0.784920955031821	0.0887685724953189	"other_other"
"VIT_05s0077g01560"	"VIT_05s0077g01550"	0.950698337986983	0.603152797893608	"other_other"
"VIT_07s0005g03340"	"VIT_05s0077g01550"	0.713878250477689	0.0343749049804017	"other_other"
"VIT_06s0004g07550"	"VIT_05s0077g01550"	0.711476212070563	0.0332356243738256	"other_other"
"VIT_18s0001g15220"	"VIT_05s0077g01550"	0.746315326820703	0.0536072595996324	"other_other"
"VIT_00s0270g00120"	"VIT_05s0077g01550"	0.773335222279259	0.0765029020248465	"other_other"
"VIT_14s0030g01890"	"VIT_05s0077g01550"	0.727012061606041	0.0412492599667075	"other_other"
"VIT_05s0077g01570"	"VIT_05s0077g01550"	0.953006041583268	0.617954556090089	"other_other"
"VIT_06s0004g02010"	"VIT_05s0077g01550"	0.852221895659612	0.202081650780811	"other_other"
"VIT_11s0016g03190"	"VIT_05s0077g01550"	0.765658827580657	0.0692393433342914	"other_other"
"VIT_03s0091g00160"	"VIT_05s0077g01550"	0.786507068343469	0.0905787451565225	"other_other"
"VIT_06s0004g01990"	"VIT_05s0077g01550"	0.837230356102495	0.169219210695119	"other_other"
"VIT_06s0061g01210"	"VIT_05s0077g01550"	0.679403149696519	0.0209544158857018	"other_other"
"VIT_15s0046g01570"	"VIT_05s0077g01550"	0.83101817981337	0.157074341440972	"other_other"
"VIT_02s0033g01380"	"VIT_05s0077g01550"	0.611312276563902	0.00728838280997225	"other_other"
"VIT_05s0077g01540"	"VIT_05s0077g01550"	0.905159150034967	0.369189600832607	"other_other"
"VIT_01s0011g01810"	"VIT_05s0077g01550"	0.758047768940864	0.062656443350968	"other_other"
"VIT_06s0004g01010"	"VIT_05s0077g01550"	0.849321733493349	0.195309053294638	"other_other"
"VIT_05s0020g03140"	"VIT_05s0077g01550"	0.721728143826638	0.0383474429170323	"other_other"
"VIT_12s0059g01720"	"VIT_05s0077g01550"	0.786425176623413	0.090484478048017	"other_other"
"VIT_03s0038g03400"	"VIT_05s0077g01550"	0.808228779174191	0.118944155210981	"other_other"
"VIT_08s0007g01810"	"VIT_05s0077g01550"	0.675060034334156	0.0196527790516469	"other_other"
"VIT_06s0004g01020"	"VIT_05s0077g01550"	0.824846051452864	0.145790423559604	"other_other"
"VIT_11s0065g00350"	"VIT_05s0077g01550"	0.701641017674958	0.0289167644913234	"other_other"
"VIT_12s0028g00920"	"VIT_05s0077g01550"	0.730919644723089	0.0435207473446788	"other_other"
"VIT_12s0059g00310"	"VIT_05s0077g01550"	0.699365386404309	0.0279924776595417	"other_other"
"VIT_16s0039g01100"	"VIT_05s0077g01550"	0.838997590719106	0.172825227413487	"other_other"
"VIT_16s0100g01010"	"VIT_05s0077g01550"	0.846186551658767	0.188218014864249	"family_other"
"VIT_16s0100g01200"	"VIT_05s0077g01550"	0.882634928025046	0.286953215371342	"family_other"
"VIT_08s0007g06060"	"VIT_05s0077g01550"	0.795287444079781	0.101214156255491	"other_other"
"VIT_05s0077g01580"	"VIT_05s0020g05000"	0.805593341650469	0.115122093990851	"other_other"
"VIT_03s0038g03860"	"VIT_05s0020g05000"	-0.830818671168703	0.156697648658716	"other_other"
"VIT_09s0002g01000"	"VIT_05s0020g05000"	-0.861572350804565	0.225381120292329	"other_other"
"VIT_00s1206g00010"	"VIT_05s0020g05000"	-0.850841118668768	0.198831275827116	"other_other"
"VIT_14s0030g00340"	"VIT_05s0020g05000"	-0.68613510498521	0.0231257804711364	"other_other"
"VIT_02s0025g03260"	"VIT_05s0020g05000"	-0.922391746738844	0.445814391285894	"other_other"
"VIT_10s0116g00530"	"VIT_05s0020g05000"	-0.868012232136194	0.242805462773496	"other_other"
"VIT_08s0007g01560"	"VIT_05s0020g05000"	0.586809584593512	0.004841411387208	"other_other"
"VIT_02s0012g01660"	"VIT_05s0020g05000"	-0.857926910491242	0.216024448478346	"other_other"
"VIT_05s0062g00610"	"VIT_05s0020g05000"	-0.546912134406714	0.00239428360822333	"other_other"
"VIT_04s0044g00040"	"VIT_05s0020g05000"	0.817343323983134	0.13305928848801	"other_other"
"VIT_08s0040g01710"	"VIT_05s0020g05000"	0.775363982174222	0.0785337308101715	"other_other"
"VIT_18s0001g08760"	"VIT_05s0020g05000"	0.776404268955283	0.0795937829316438	"other_other"
"VIT_05s0049g01550"	"VIT_05s0020g05000"	0.744643869815194	0.0524186927249481	"other_other"
"VIT_18s0166g00060"	"VIT_05s0020g05000"	0.634107155488566	0.0105105765470329	"other_other"
"VIT_18s0001g15130"	"VIT_05s0020g05000"	0.737031735003558	0.0473000805684774	"other_other"
"VIT_05s0077g01560"	"VIT_05s0020g05000"	0.804569724506859	0.113667645178196	"other_other"
"VIT_07s0005g03340"	"VIT_05s0020g05000"	0.761759735955133	0.0657930676142713	"other_other"
"VIT_06s0004g07550"	"VIT_05s0020g05000"	0.806160127578193	0.115934619988533	"other_other"
"VIT_18s0001g15220"	"VIT_05s0020g05000"	0.872389901448004	0.255332617050189	"other_other"
"VIT_00s0270g00120"	"VIT_05s0020g05000"	0.938818544510852	0.531883596154768	"other_other"
"VIT_14s0030g01890"	"VIT_05s0020g05000"	0.912843800594762	0.401758158528108	"other_other"
"VIT_05s0077g01570"	"VIT_05s0020g05000"	0.8110144496521	0.123107899129878	"other_other"
"VIT_06s0004g02010"	"VIT_05s0020g05000"	0.945954244523594	0.573721734039228	"other_other"
"VIT_11s0016g03190"	"VIT_05s0020g05000"	0.898840012322331	0.344210385879565	"other_other"
"VIT_03s0091g00160"	"VIT_05s0020g05000"	0.660259444300583	0.0157451288991467	"other_other"
"VIT_06s0004g01990"	"VIT_05s0020g05000"	0.948171280553376	0.587310772869753	"other_other"
"VIT_06s0061g01210"	"VIT_05s0020g05000"	0.901044773142022	0.352747315363745	"other_other"
"VIT_15s0046g01570"	"VIT_05s0020g05000"	0.873779466056781	0.259428894560055	"other_other"
"VIT_02s0033g01380"	"VIT_05s0020g05000"	0.512631755656251	0.00125330004802574	"other_other"
"VIT_05s0077g01540"	"VIT_05s0020g05000"	0.866980743940588	0.239935504174786	"other_other"
"VIT_01s0011g01810"	"VIT_05s0020g05000"	0.836955605917265	0.168664710838907	"other_other"
"VIT_06s0004g01010"	"VIT_05s0020g05000"	0.816001262046797	0.130890553567181	"other_other"
"VIT_05s0020g03140"	"VIT_05s0020g05000"	0.914645861288657	0.409760164663681	"other_other"
"VIT_12s0059g01720"	"VIT_05s0020g05000"	0.797202267751146	0.103677676179293	"other_other"
"VIT_03s0038g03400"	"VIT_05s0020g05000"	0.886024422606705	0.298165183983045	"other_other"
"VIT_08s0007g01810"	"VIT_05s0020g05000"	0.901345366289043	0.353925866644495	"other_other"
"VIT_06s0004g01020"	"VIT_05s0020g05000"	0.918887958961306	0.429166294137348	"other_other"
"VIT_11s0065g00350"	"VIT_05s0020g05000"	0.773550416811867	0.0767160519779057	"other_other"
"VIT_12s0028g00920"	"VIT_05s0020g05000"	0.830080862684565	0.155311643070753	"other_other"
"VIT_12s0059g00310"	"VIT_05s0020g05000"	0.698974402718256	0.0278363774369149	"other_other"
"VIT_16s0039g01100"	"VIT_05s0020g05000"	0.779703393600409	0.0830413201174461	"other_other"
"VIT_16s0100g01010"	"VIT_05s0020g05000"	0.810361218492016	0.122119913472973	"family_other"
"VIT_16s0100g01200"	"VIT_05s0020g05000"	0.887137992223635	0.301933836722939	"family_other"
"VIT_08s0007g06060"	"VIT_05s0020g05000"	0.55002755057501	0.00253422071221095	"other_other"
"VIT_05s0077g01550"	"VIT_05s0020g05000"	0.75021441227196	0.0564747127595845	"other_other"
"VIT_05s0077g01580"	"VIT_02s0025g04250"	0.887971738332775	0.304783488878628	"other_other"
"VIT_03s0038g03860"	"VIT_02s0025g04250"	-0.865975143058356	0.237167001106335	"other_other"
"VIT_09s0002g01000"	"VIT_02s0025g04250"	-0.839863159426587	0.174616513921287	"other_other"
"VIT_00s1206g00010"	"VIT_02s0025g04250"	-0.897408107724903	0.338766056728024	"other_other"
"VIT_14s0030g00340"	"VIT_02s0025g04250"	-0.666903312578996	0.0174031853702244	"other_other"
"VIT_02s0025g03260"	"VIT_02s0025g04250"	-0.930585630159927	0.48703864216059	"other_other"
"VIT_10s0116g00530"	"VIT_02s0025g04250"	-0.867348365325758	0.240954833834364	"other_other"
"VIT_08s0007g01560"	"VIT_02s0025g04250"	0.661777474674544	0.0161109001957492	"other_other"
"VIT_02s0012g01660"	"VIT_02s0025g04250"	-0.851336300189892	0.199991490445962	"other_other"
"VIT_05s0062g00610"	"VIT_02s0025g04250"	-0.554491723572728	0.00274758212227652	"other_other"
"VIT_04s0044g00040"	"VIT_02s0025g04250"	0.827628036119852	0.150782847580867	"other_other"
"VIT_08s0040g01710"	"VIT_02s0025g04250"	0.773893492861157	0.0770569739092686	"other_other"
"VIT_18s0001g08760"	"VIT_02s0025g04250"	0.834044421687928	0.162889023695987	"other_other"
"VIT_05s0049g01550"	"VIT_02s0025g04250"	0.74153730966745	0.0502724521974572	"other_other"
"VIT_18s0166g00060"	"VIT_02s0025g04250"	0.702915103417272	0.0294461656090028	"other_other"
"VIT_18s0001g15130"	"VIT_02s0025g04250"	0.851370431440815	0.200071684270107	"other_other"
"VIT_05s0077g01560"	"VIT_02s0025g04250"	0.868456463785782	0.244050959250787	"other_other"
"VIT_07s0005g03340"	"VIT_02s0025g04250"	0.766760187142516	0.0702417862417451	"other_other"
"VIT_06s0004g07550"	"VIT_02s0025g04250"	0.90741906094739	0.378511411004785	"other_other"
"VIT_18s0001g15220"	"VIT_02s0025g04250"	0.826357003601371	0.14848313282481	"other_other"
"VIT_00s0270g00120"	"VIT_02s0025g04250"	0.885816756739507	0.297467082840618	"other_other"
"VIT_14s0030g01890"	"VIT_02s0025g04250"	0.933490278861813	0.50245595380908	"other_other"
"VIT_05s0077g01570"	"VIT_02s0025g04250"	0.893666309557042	0.32490310156175	"other_other"
"VIT_06s0004g02010"	"VIT_02s0025g04250"	0.952668134638028	0.615766969960162	"other_other"
"VIT_11s0016g03190"	"VIT_02s0025g04250"	0.878339850871624	0.273291342675545	"other_other"
"VIT_03s0091g00160"	"VIT_02s0025g04250"	0.708923166383299	0.0320620794353627	"other_other"
"VIT_06s0004g01990"	"VIT_02s0025g04250"	0.924910390222315	0.458138281402779	"other_other"
"VIT_06s0061g01210"	"VIT_02s0025g04250"	0.835983449237325	0.166715812688548	"other_other"
"VIT_15s0046g01570"	"VIT_02s0025g04250"	0.940635506423484	0.542267631219438	"other_other"
"VIT_02s0033g01380"	"VIT_02s0025g04250"	0.569069806194616	0.00356168439481244	"other_other"
"VIT_05s0077g01540"	"VIT_02s0025g04250"	0.93313880311065	0.500567319642802	"other_other"
"VIT_01s0011g01810"	"VIT_02s0025g04250"	0.888359585751889	0.306117338782529	"other_other"
"VIT_06s0004g01010"	"VIT_02s0025g04250"	0.862665728710634	0.22825770732349	"other_other"
"VIT_05s0020g03140"	"VIT_02s0025g04250"	0.841080146185981	0.177163321990653	"other_other"
"VIT_12s0059g01720"	"VIT_02s0025g04250"	0.824091414159469	0.144462090241336	"other_other"
"VIT_03s0038g03400"	"VIT_02s0025g04250"	0.904414427746945	0.36616330422954	"other_other"
"VIT_08s0007g01810"	"VIT_02s0025g04250"	0.789322798614809	0.0938742478811013	"other_other"
"VIT_06s0004g01020"	"VIT_02s0025g04250"	0.923276265216825	0.450107979735996	"other_other"
"VIT_11s0065g00350"	"VIT_02s0025g04250"	0.78214986200788	0.0856839995356899	"other_other"
"VIT_12s0028g00920"	"VIT_02s0025g04250"	0.828038189413068	0.151531761095638	"other_other"
"VIT_12s0059g00310"	"VIT_02s0025g04250"	0.722317775994937	0.0386618853231997	"other_other"
"VIT_16s0039g01100"	"VIT_02s0025g04250"	0.877938324391133	0.272044578702771	"other_other"
"VIT_16s0100g01010"	"VIT_02s0025g04250"	0.86374868884244	0.23113941581605	"family_other"
"VIT_16s0100g01200"	"VIT_02s0025g04250"	0.919750084112032	0.433209889372489	"family_other"
"VIT_08s0007g06060"	"VIT_02s0025g04250"	0.734627836812613	0.0457797912291107	"other_other"
"VIT_05s0077g01550"	"VIT_02s0025g04250"	0.862930031527859	0.228958006376379	"other_other"
"VIT_05s0020g05000"	"VIT_02s0025g04250"	0.881361939130092	0.282841361675768	"other_other"
"VIT_05s0077g01580"	"VIT_03s0088g00710"	0.886373996108202	0.299343660496006	"other_other"
"VIT_03s0038g03860"	"VIT_03s0088g00710"	-0.80890995189512	0.119950423344815	"other_other"
"VIT_09s0002g01000"	"VIT_03s0088g00710"	-0.829737352811186	0.154670117127141	"other_other"
"VIT_00s1206g00010"	"VIT_03s0088g00710"	-0.836748214298633	0.168247237460122	"other_other"
"VIT_14s0030g00340"	"VIT_03s0088g00710"	-0.691442513555428	0.024978179806557	"other_other"
"VIT_02s0025g03260"	"VIT_03s0088g00710"	-0.894398333712916	0.327574294547947	"other_other"
"VIT_10s0116g00530"	"VIT_03s0088g00710"	-0.857273410509335	0.214384576219703	"other_other"
"VIT_08s0007g01560"	"VIT_03s0088g00710"	0.654735156579106	0.0144762679695506	"other_other"
"VIT_02s0012g01660"	"VIT_03s0088g00710"	-0.793025279352798	0.0983717315386852	"other_other"
"VIT_05s0062g00610"	"VIT_03s0088g00710"	-0.593105416552498	0.00538665179351408	"other_other"
"VIT_04s0044g00040"	"VIT_03s0088g00710"	0.810925047620978	0.12297225865897	"other_other"
"VIT_08s0040g01710"	"VIT_03s0088g00710"	0.810944522698859	0.123001794719768	"other_other"
"VIT_18s0001g08760"	"VIT_03s0088g00710"	0.86703262861105	0.240079132827921	"other_other"
"VIT_05s0049g01550"	"VIT_03s0088g00710"	0.818311783165308	0.134644323257527	"other_other"
"VIT_18s0166g00060"	"VIT_03s0088g00710"	0.75585614184803	0.0608683408141865	"other_other"
"VIT_18s0001g15130"	"VIT_03s0088g00710"	0.863172998188543	0.229603478157899	"other_other"
"VIT_05s0077g01560"	"VIT_03s0088g00710"	0.920191613290818	0.435294026563395	"other_other"
"VIT_07s0005g03340"	"VIT_03s0088g00710"	0.771275024714046	0.0744890925277267	"other_other"
"VIT_06s0004g07550"	"VIT_03s0088g00710"	0.825517094346299	0.146980834292175	"other_other"
"VIT_18s0001g15220"	"VIT_03s0088g00710"	0.849782220201102	0.196370570589856	"other_other"
"VIT_00s0270g00120"	"VIT_03s0088g00710"	0.869304421481426	0.246444361110993	"other_other"
"VIT_14s0030g01890"	"VIT_03s0088g00710"	0.879517642795083	0.276978179636786	"other_other"
"VIT_05s0077g01570"	"VIT_03s0088g00710"	0.934922163279372	0.510216563091194	"other_other"
"VIT_06s0004g02010"	"VIT_03s0088g00710"	0.947688081447051	0.584324623294928	"other_other"
"VIT_11s0016g03190"	"VIT_03s0088g00710"	0.85727002380409	0.214376106990952	"other_other"
"VIT_03s0091g00160"	"VIT_03s0088g00710"	0.78513406826599	0.0890098819895932	"other_other"
"VIT_06s0004g01990"	"VIT_03s0088g00710"	0.931335753904491	0.490978820290519	"other_other"
"VIT_06s0061g01210"	"VIT_03s0088g00710"	0.790382956797684	0.0951427431739426	"other_other"
"VIT_15s0046g01570"	"VIT_03s0088g00710"	0.929383439708571	0.480783214725905	"other_other"
"VIT_02s0033g01380"	"VIT_03s0088g00710"	0.566486161063831	0.00340324368723877	"other_other"
"VIT_05s0077g01540"	"VIT_03s0088g00710"	0.927704035203311	0.47216572323694	"other_other"
"VIT_01s0011g01810"	"VIT_03s0088g00710"	0.845028311712858	0.18565754243563	"other_other"
"VIT_06s0004g01010"	"VIT_03s0088g00710"	0.889297240534489	0.3093637668626	"other_other"
"VIT_05s0020g03140"	"VIT_03s0088g00710"	0.819998125121156	0.137444888704806	"other_other"
"VIT_12s0059g01720"	"VIT_03s0088g00710"	0.829951645500786	0.155070041542077	"other_other"
"VIT_03s0038g03400"	"VIT_03s0088g00710"	0.889278207011145	0.309297560479353	"other_other"
"VIT_08s0007g01810"	"VIT_03s0088g00710"	0.795669544811905	0.101701498611315	"other_other"
"VIT_06s0004g01020"	"VIT_03s0088g00710"	0.903465029559014	0.3623376553795	"other_other"
"VIT_11s0065g00350"	"VIT_03s0088g00710"	0.753599844325759	0.0590755808854481	"other_other"
"VIT_12s0028g00920"	"VIT_03s0088g00710"	0.843084732552166	0.181431314536119	"other_other"
"VIT_12s0059g00310"	"VIT_03s0088g00710"	0.710510775004732	0.0327873777691149	"other_other"
"VIT_16s0039g01100"	"VIT_03s0088g00710"	0.848621308537989	0.193704328379441	"other_other"
"VIT_16s0100g01010"	"VIT_03s0088g00710"	0.857546944334819	0.21506960509821	"family_other"
"VIT_16s0100g01200"	"VIT_03s0088g00710"	0.907157274695165	0.377420839442857	"family_other"
"VIT_08s0007g06060"	"VIT_03s0088g00710"	0.820830850503599	0.138847066334832	"other_other"
"VIT_05s0077g01550"	"VIT_03s0088g00710"	0.909420729797705	0.38694433703865	"other_other"
"VIT_05s0020g05000"	"VIT_03s0088g00710"	0.869290950863863	0.246406175106465	"other_other"
"VIT_02s0025g04250"	"VIT_03s0088g00710"	0.959897997994011	0.664126575081381	"other_other"
"VIT_05s0077g01580"	"VIT_16s0100g01100"	0.844536494100499	0.184579816714808	"family_other"
"VIT_03s0038g03860"	"VIT_16s0100g01100"	-0.870683368057486	0.250381643447181	"family_other"
"VIT_09s0002g01000"	"VIT_16s0100g01100"	-0.903242927461704	0.361447892275598	"family_other"
"VIT_00s1206g00010"	"VIT_16s0100g01100"	-0.90479805051064	0.367719416090758	"family_other"
"VIT_14s0030g00340"	"VIT_16s0100g01100"	-0.721738633763815	0.038353016879771	"family_other"
"VIT_02s0025g03260"	"VIT_16s0100g01100"	-0.949381287536276	0.59484891599562	"family_other"
"VIT_10s0116g00530"	"VIT_16s0100g01100"	-0.915548608133595	0.413822468790695	"family_other"
"VIT_08s0007g01560"	"VIT_16s0100g01100"	0.660353422729275	0.0157675541837932	"family_other"
"VIT_02s0012g01660"	"VIT_16s0100g01100"	-0.871909496411977	0.253930038271699	"family_other"
"VIT_05s0062g00610"	"VIT_16s0100g01100"	-0.575777240724695	0.00400446904852373	"family_other"
"VIT_04s0044g00040"	"VIT_16s0100g01100"	0.842308251261088	0.17976723999579	"family_other"
"VIT_08s0040g01710"	"VIT_16s0100g01100"	0.841554633325438	0.178165312601008	"family_other"
"VIT_18s0001g08760"	"VIT_16s0100g01100"	0.831985929153386	0.158913141835206	"family_other"
"VIT_05s0049g01550"	"VIT_16s0100g01100"	0.763623618831248	0.0674207417612802	"family_other"
"VIT_18s0166g00060"	"VIT_16s0100g01100"	0.681550881625777	0.021626330672653	"family_other"
"VIT_18s0001g15130"	"VIT_16s0100g01100"	0.805137849780314	0.11447283390533	"family_other"
"VIT_05s0077g01560"	"VIT_16s0100g01100"	0.87684535446221	0.26867673016518	"family_other"
"VIT_07s0005g03340"	"VIT_16s0100g01100"	0.815887999974713	0.130708989154422	"family_other"
"VIT_06s0004g07550"	"VIT_16s0100g01100"	0.841214513001019	0.177446552928722	"family_other"
"VIT_18s0001g15220"	"VIT_16s0100g01100"	0.882637830662883	0.286962652269432	"family_other"
"VIT_00s0270g00120"	"VIT_16s0100g01100"	0.967561099950266	0.719091235795754	"family_other"
"VIT_14s0030g01890"	"VIT_16s0100g01100"	0.932121684224624	0.495137833596855	"family_other"
"VIT_05s0077g01570"	"VIT_16s0100g01100"	0.889050030559753	0.308504861557092	"family_other"
"VIT_06s0004g02010"	"VIT_16s0100g01100"	0.989245405795945	0.89751232281477	"family_other"
"VIT_11s0016g03190"	"VIT_16s0100g01100"	0.90831015492755	0.382244897103067	"family_other"
"VIT_03s0091g00160"	"VIT_16s0100g01100"	0.749461245643179	0.0559102978171295	"family_other"
"VIT_06s0004g01990"	"VIT_16s0100g01100"	0.992763799162814	0.929949410803219	"family_other"
"VIT_06s0061g01210"	"VIT_16s0100g01100"	0.902189073411405	0.357252790443591	"family_other"
"VIT_15s0046g01570"	"VIT_16s0100g01100"	0.941165483052798	0.5453306552503	"family_other"
"VIT_02s0033g01380"	"VIT_16s0100g01100"	0.603013976409346	0.00635731574122552	"family_other"
"VIT_05s0077g01540"	"VIT_16s0100g01100"	0.949060567403266	0.592842448572506	"family_other"
"VIT_01s0011g01810"	"VIT_16s0100g01100"	0.886100899685082	0.298422644845244	"family_other"
"VIT_06s0004g01010"	"VIT_16s0100g01100"	0.90463303146887	0.367049311551904	"family_other"
"VIT_05s0020g03140"	"VIT_16s0100g01100"	0.933370246939752	0.501810249512837	"family_other"
"VIT_12s0059g01720"	"VIT_16s0100g01100"	0.852654275498483	0.203109268007671	"family_other"
"VIT_03s0038g03400"	"VIT_16s0100g01100"	0.92917480461947	0.479705005513525	"family_other"
"VIT_08s0007g01810"	"VIT_16s0100g01100"	0.896549906702073	0.335540306539239	"family_other"
"VIT_06s0004g01020"	"VIT_16s0100g01100"	0.971375555790435	0.747948515560354	"family_other"
"VIT_11s0065g00350"	"VIT_16s0100g01100"	0.835395750456303	0.165547496455628	"family_other"
"VIT_12s0028g00920"	"VIT_16s0100g01100"	0.846971993881527	0.189972396393265	"family_other"
"VIT_12s0059g00310"	"VIT_16s0100g01100"	0.753497073309151	0.0589950668952725	"family_other"
"VIT_16s0039g01100"	"VIT_16s0100g01100"	0.856778525228663	0.21315019074573	"family_other"
"VIT_16s0100g01010"	"VIT_16s0100g01100"	0.881262820879208	0.282523438283862	"family_family"
"VIT_16s0100g01200"	"VIT_16s0100g01100"	0.949868162102367	0.597906550372647	"family_family"
"VIT_08s0007g06060"	"VIT_16s0100g01100"	0.641374055690291	0.0117791481052154	"family_other"
"VIT_05s0077g01550"	"VIT_16s0100g01100"	0.829517025401158	0.154259898468059	"family_other"
"VIT_05s0020g05000"	"VIT_16s0100g01100"	0.9564711771947	0.640794643890934	"family_other"
"VIT_02s0025g04250"	"VIT_16s0100g01100"	0.942331322137679	0.55212354612209	"family_other"
"VIT_03s0088g00710"	"VIT_16s0100g01100"	0.936999475999236	0.521667138729948	"family_other"
"VIT_05s0077g01580"	"VIT_12s0059g00370"	0.468235785567438	0.000506577646352239	"other_other"
"VIT_03s0038g03860"	"VIT_12s0059g00370"	-0.654217098743367	0.0143621317841036	"other_other"
"VIT_09s0002g01000"	"VIT_12s0059g00370"	-0.622499785285139	0.00873759799820143	"other_other"
"VIT_00s1206g00010"	"VIT_12s0059g00370"	-0.649329349316482	0.0133244819176646	"other_other"
"VIT_14s0030g00340"	"VIT_12s0059g00370"	-0.694258486775072	0.0260142897827572	"other_other"
"VIT_02s0025g03260"	"VIT_12s0059g00370"	-0.554844239611856	0.00276509983012739	"other_other"
"VIT_10s0116g00530"	"VIT_12s0059g00370"	-0.687448071888781	0.0235721383936054	"other_other"
"VIT_08s0007g01560"	"VIT_12s0059g00370"	0.804762220671945	0.113939892041279	"other_other"
"VIT_02s0012g01660"	"VIT_12s0059g00370"	-0.456831496056892	0.000395877104594934	"other_other"
"VIT_05s0062g00610"	"VIT_12s0059g00370"	-0.523086847143034	0.00153369146115871	"other_other"
"VIT_04s0044g00040"	"VIT_12s0059g00370"	0.704945010121825	0.0303076600831654	"other_other"
"VIT_08s0040g01710"	"VIT_12s0059g00370"	0.706685941645852	0.0310645107625404	"other_other"
"VIT_18s0001g08760"	"VIT_12s0059g00370"	0.740263067457041	0.0494152304331163	"other_other"
"VIT_05s0049g01550"	"VIT_12s0059g00370"	0.544054825315687	0.00227209593582331	"other_other"
"VIT_18s0166g00060"	"VIT_12s0059g00370"	0.510321879478471	0.00119795881124828	"other_other"
"VIT_18s0001g15130"	"VIT_12s0059g00370"	0.620487669463451	0.00845924405367955	"other_other"
"VIT_05s0077g01560"	"VIT_12s0059g00370"	0.562864644088596	0.00319182958897222	"other_other"
"VIT_07s0005g03340"	"VIT_12s0059g00370"	0.703960424099612	0.0298870081896661	"other_other"
"VIT_06s0004g07550"	"VIT_12s0059g00370"	0.536164196388985	0.00196326125524142	"other_other"
"VIT_18s0001g15220"	"VIT_12s0059g00370"	0.643028518894345	0.0120865498342022	"other_other"
"VIT_00s0270g00120"	"VIT_12s0059g00370"	0.64363515157334	0.0122010595526911	"other_other"
"VIT_14s0030g01890"	"VIT_12s0059g00370"	0.587745993083191	0.00491922594217742	"other_other"
"VIT_05s0077g01570"	"VIT_12s0059g00370"	0.563890105339997	0.00325045935842294	"other_other"
"VIT_06s0004g02010"	"VIT_12s0059g00370"	0.615100287303307	0.00775281282084466	"other_other"
"VIT_11s0016g03190"	"VIT_12s0059g00370"	0.572323095397313	0.00377061956649164	"other_other"
"VIT_03s0091g00160"	"VIT_12s0059g00370"	0.739280331376229	0.0487631238003805	"other_other"
"VIT_06s0004g01990"	"VIT_12s0059g00370"	0.624518893086565	0.00902517876384552	"other_other"
"VIT_06s0061g01210"	"VIT_12s0059g00370"	0.518485348188852	0.00140399280525491	"other_other"
"VIT_15s0046g01570"	"VIT_12s0059g00370"	0.69736877902069	0.0272035136907407	"other_other"
"VIT_02s0033g01380"	"VIT_12s0059g00370"	0.800633511028779	0.108227502903796	"other_other"
"VIT_05s0077g01540"	"VIT_12s0059g00370"	0.607716237673083	0.00687081736979229	"other_other"
"VIT_01s0011g01810"	"VIT_12s0059g00370"	0.63653307556067	0.0109196760387077	"other_other"
"VIT_06s0004g01010"	"VIT_12s0059g00370"	0.741180876123446	0.0500313304193671	"other_other"
"VIT_05s0020g03140"	"VIT_12s0059g00370"	0.617779309841175	0.00809717623391231	"other_other"
"VIT_12s0059g01720"	"VIT_12s0059g00370"	0.789725817598147	0.0943546615927386	"other_other"
"VIT_03s0038g03400"	"VIT_12s0059g00370"	0.73577460087994	0.0464994609181395	"other_other"
"VIT_08s0007g01810"	"VIT_12s0059g00370"	0.534263132820696	0.00189475064859316	"other_other"
"VIT_06s0004g01020"	"VIT_12s0059g00370"	0.627998410141524	0.00954081429409667	"other_other"
"VIT_11s0065g00350"	"VIT_12s0059g00370"	0.787179294339577	0.0913559042358492	"other_other"
"VIT_12s0028g00920"	"VIT_12s0059g00370"	0.565934207324178	0.00337022931775166	"other_other"
"VIT_12s0059g00310"	"VIT_12s0059g00370"	0.904389613681148	0.366062853835049	"other_other"
"VIT_16s0039g01100"	"VIT_12s0059g00370"	0.694664843100147	0.0261669556555448	"other_other"
"VIT_16s0100g01010"	"VIT_12s0059g00370"	0.735650795363878	0.0464212775639421	"family_other"
"VIT_16s0100g01200"	"VIT_12s0059g00370"	0.664674416763863	0.0168302137436487	"family_other"
"VIT_08s0007g06060"	"VIT_12s0059g00370"	0.515200491249246	0.00131753658846014	"other_other"
"VIT_05s0077g01550"	"VIT_12s0059g00370"	0.538976197946741	0.00206869214163967	"other_other"
"VIT_05s0020g05000"	"VIT_12s0059g00370"	0.582327802435544	0.00448409963535746	"other_other"
"VIT_02s0025g04250"	"VIT_12s0059g00370"	0.591413321000184	0.00523493174478395	"other_other"
"VIT_03s0088g00710"	"VIT_12s0059g00370"	0.596539963256518	0.00570683651353412	"other_other"
"VIT_16s0100g01100"	"VIT_12s0059g00370"	0.634936034965912	0.0106487775760694	"family_other"
"VIT_05s0077g01580"	"VIT_18s0001g02760"	0.845319663205035	0.186298652359399	"other_other"
"VIT_03s0038g03860"	"VIT_18s0001g02760"	-0.8523830127204	0.202464022028372	"other_other"
"VIT_09s0002g01000"	"VIT_18s0001g02760"	-0.694025488288545	0.0259271155604725	"other_other"
"VIT_00s1206g00010"	"VIT_18s0001g02760"	-0.860284261130493	0.22203414968861	"other_other"
"VIT_14s0030g00340"	"VIT_18s0001g02760"	-0.491133914160362	0.000816580950018891	"other_other"
"VIT_02s0025g03260"	"VIT_18s0001g02760"	-0.860079890780844	0.221507245731965	"other_other"
"VIT_10s0116g00530"	"VIT_18s0001g02760"	-0.742079496467705	0.0506412390025793	"other_other"
"VIT_08s0007g01560"	"VIT_18s0001g02760"	0.576658009387617	0.00406614895998213	"other_other"
"VIT_02s0012g01660"	"VIT_18s0001g02760"	-0.75237084844443	0.0581191961853903	"other_other"
"VIT_05s0062g00610"	"VIT_18s0001g02760"	-0.394946772693339	9.23391119266102e-05	"other_other"
"VIT_04s0044g00040"	"VIT_18s0001g02760"	0.832444531831153	0.159791270023519	"other_other"
"VIT_08s0040g01710"	"VIT_18s0001g02760"	0.635467944509517	0.0107383234016002	"other_other"
"VIT_18s0001g08760"	"VIT_18s0001g02760"	0.714391320978869	0.0346227609664511	"other_other"
"VIT_05s0049g01550"	"VIT_18s0001g02760"	0.583174510944119	0.00454972700113442	"other_other"
"VIT_18s0166g00060"	"VIT_18s0001g02760"	0.55074613754261	0.00256752452501523	"other_other"
"VIT_18s0001g15130"	"VIT_18s0001g02760"	0.775319935061052	0.0784891285324617	"other_other"
"VIT_05s0077g01560"	"VIT_18s0001g02760"	0.694747937575544	0.0261982729195315	"other_other"
"VIT_07s0005g03340"	"VIT_18s0001g02760"	0.667697693912698	0.0176115979590834	"other_other"
"VIT_06s0004g07550"	"VIT_18s0001g02760"	0.902936898011013	0.360225129259342	"other_other"
"VIT_18s0001g15220"	"VIT_18s0001g02760"	0.686965385812086	0.0234071505129479	"other_other"
"VIT_00s0270g00120"	"VIT_18s0001g02760"	0.769364986896948	0.0726648164255957	"other_other"
"VIT_14s0030g01890"	"VIT_18s0001g02760"	0.896100510123529	0.333862195918373	"other_other"
"VIT_05s0077g01570"	"VIT_18s0001g02760"	0.730737629124017	0.0434124921616482	"other_other"
"VIT_06s0004g02010"	"VIT_18s0001g02760"	0.858124248333708	0.216521856244148	"other_other"
"VIT_11s0016g03190"	"VIT_18s0001g02760"	0.766917961904514	0.0703864553146325	"other_other"
"VIT_03s0091g00160"	"VIT_18s0001g02760"	0.595928487481354	0.00564860839668587	"other_other"
"VIT_06s0004g01990"	"VIT_18s0001g02760"	0.815555965682245	0.130178028118598	"other_other"
"VIT_06s0061g01210"	"VIT_18s0001g02760"	0.709083507087659	0.0321346696976168	"other_other"
"VIT_15s0046g01570"	"VIT_18s0001g02760"	0.818970904661573	0.135732775521429	"other_other"
"VIT_02s0033g01380"	"VIT_18s0001g02760"	0.448373828144272	0.00032839954465333	"other_other"
"VIT_05s0077g01540"	"VIT_18s0001g02760"	0.803854763163617	0.112661594825327	"other_other"
"VIT_01s0011g01810"	"VIT_18s0001g02760"	0.813172322122887	0.126422938831673	"other_other"
"VIT_06s0004g01010"	"VIT_18s0001g02760"	0.709315858668663	0.0322401235783081	"other_other"
"VIT_05s0020g03140"	"VIT_18s0001g02760"	0.711535713306355	0.0332634300135128	"other_other"
"VIT_12s0059g01720"	"VIT_18s0001g02760"	0.691429249178908	0.024973388498891	"other_other"
"VIT_03s0038g03400"	"VIT_18s0001g02760"	0.818326694518814	0.134668860283435	"other_other"
"VIT_08s0007g01810"	"VIT_18s0001g02760"	0.618077430820163	0.00813633563644444	"other_other"
"VIT_06s0004g01020"	"VIT_18s0001g02760"	0.804872499474512	0.114096123355814	"other_other"
"VIT_11s0065g00350"	"VIT_18s0001g02760"	0.666291486366376	0.0172441836903427	"other_other"
"VIT_12s0028g00920"	"VIT_18s0001g02760"	0.736976956713239	0.0472649375614508	"other_other"
"VIT_12s0059g00310"	"VIT_18s0001g02760"	0.695352568545804	0.026427168404856	"other_other"
"VIT_16s0039g01100"	"VIT_18s0001g02760"	0.867844988230527	0.242338043742526	"other_other"
"VIT_16s0100g01010"	"VIT_18s0001g02760"	0.775633297341524	0.078806936873386	"family_other"
"VIT_16s0100g01200"	"VIT_18s0001g02760"	0.821677126940487	0.140285239096976	"family_other"
"VIT_08s0007g06060"	"VIT_18s0001g02760"	0.604400119974446	0.00650497180868717	"other_other"
"VIT_05s0077g01550"	"VIT_18s0001g02760"	0.732641904811883	0.0445571652669414	"other_other"
"VIT_05s0020g05000"	"VIT_18s0001g02760"	0.789684530463913	0.0943053442584559	"other_other"
"VIT_02s0025g04250"	"VIT_18s0001g02760"	0.916170461657201	0.416641815850947	"other_other"
"VIT_03s0088g00710"	"VIT_18s0001g02760"	0.841166543258886	0.177345391081082	"other_other"
"VIT_16s0100g01100"	"VIT_18s0001g02760"	0.849447498464932	0.195598453771767	"family_other"
"VIT_12s0059g00370"	"VIT_18s0001g02760"	0.542393510474571	0.00220366131260207	"other_other"
"VIT_05s0077g01580"	"VIT_16s0100g00990"	0.741770476383637	0.0504307512121501	"family_other"
"VIT_03s0038g03860"	"VIT_16s0100g00990"	-0.833193552795973	0.161234883234862	"family_other"
"VIT_09s0002g01000"	"VIT_16s0100g00990"	-0.830971544312577	0.156986215920227	"family_other"
"VIT_00s1206g00010"	"VIT_16s0100g00990"	-0.830904416395915	0.156859444700745	"family_other"
"VIT_14s0030g00340"	"VIT_16s0100g00990"	-0.76677937542057	0.0702593663240215	"family_other"
"VIT_02s0025g03260"	"VIT_16s0100g00990"	-0.84386931107405	0.183126810833612	"family_other"
"VIT_10s0116g00530"	"VIT_16s0100g00990"	-0.833043507940353	0.160944760140875	"family_other"
"VIT_08s0007g01560"	"VIT_16s0100g00990"	0.806570856102743	0.116526648481915	"family_other"
"VIT_02s0012g01660"	"VIT_16s0100g00990"	-0.756416793887414	0.0613213382886776	"family_other"
"VIT_05s0062g00610"	"VIT_16s0100g00990"	-0.6400331262688	0.0115351839342774	"family_other"
"VIT_04s0044g00040"	"VIT_16s0100g00990"	0.794993124268952	0.100840206301444	"family_other"
"VIT_08s0040g01710"	"VIT_16s0100g00990"	0.842874038481946	0.180978411758903	"family_other"
"VIT_18s0001g08760"	"VIT_16s0100g00990"	0.870377275283194	0.249502806385465	"family_other"
"VIT_05s0049g01550"	"VIT_16s0100g00990"	0.72892812377137	0.0423493809764206	"family_other"
"VIT_18s0166g00060"	"VIT_16s0100g00990"	0.70870475087136	0.0319634346900096	"family_other"
"VIT_18s0001g15130"	"VIT_16s0100g00990"	0.812075848880399	0.124728571291871	"family_other"
"VIT_05s0077g01560"	"VIT_16s0100g00990"	0.826467907347723	0.14868252950697	"family_other"
"VIT_07s0005g03340"	"VIT_16s0100g00990"	0.842223959733847	0.179587424194315	"family_other"
"VIT_06s0004g07550"	"VIT_16s0100g00990"	0.744521130924434	0.0523323555857661	"family_other"
"VIT_18s0001g15220"	"VIT_16s0100g00990"	0.795563630865547	0.101566201776779	"family_other"
"VIT_00s0270g00120"	"VIT_16s0100g00990"	0.829391767040629	0.154027121840151	"family_other"
"VIT_14s0030g01890"	"VIT_16s0100g00990"	0.805023656558811	0.114310579928862	"family_other"
"VIT_05s0077g01570"	"VIT_16s0100g00990"	0.836356968324583	0.167462201761872	"family_other"
"VIT_06s0004g02010"	"VIT_16s0100g00990"	0.872774980935712	0.256461915845238	"family_other"
"VIT_11s0016g03190"	"VIT_16s0100g00990"	0.80730564626125	0.117592574679242	"family_other"
"VIT_03s0091g00160"	"VIT_16s0100g00990"	0.802160107828486	0.110308912521147	"family_other"
"VIT_06s0004g01990"	"VIT_16s0100g00990"	0.877705487880528	0.271323954400144	"family_other"
"VIT_06s0061g01210"	"VIT_16s0100g00990"	0.768655488431718	0.0719974848677771	"family_other"
"VIT_15s0046g01570"	"VIT_16s0100g00990"	0.89478845279899	0.329005917407493	"family_other"
"VIT_02s0033g01380"	"VIT_16s0100g00990"	0.804490637385317	0.113555962235469	"family_other"
"VIT_05s0077g01540"	"VIT_16s0100g00990"	0.865071946760189	0.234704969939366	"family_other"
"VIT_01s0011g01810"	"VIT_16s0100g00990"	0.826938154538591	0.149530678987444	"family_other"
"VIT_06s0004g01010"	"VIT_16s0100g00990"	0.901262964964681	0.353602439395159	"family_other"
"VIT_05s0020g03140"	"VIT_16s0100g00990"	0.813795999824298	0.127395916550563	"family_other"
"VIT_12s0059g01720"	"VIT_16s0100g00990"	0.898554080366364	0.343116976849855	"family_other"
"VIT_03s0038g03400"	"VIT_16s0100g00990"	0.90511340987203	0.369003081666305	"family_other"
"VIT_08s0007g01810"	"VIT_16s0100g00990"	0.781514738720033	0.084990763107652	"family_other"
"VIT_06s0004g01020"	"VIT_16s0100g00990"	0.860601396619367	0.222854016291915	"family_other"
"VIT_11s0065g00350"	"VIT_16s0100g00990"	0.892629931184163	0.321154826157414	"family_other"
"VIT_12s0028g00920"	"VIT_16s0100g00990"	0.787196157701953	0.0913754768573674	"family_other"
"VIT_12s0059g00310"	"VIT_16s0100g00990"	0.848417817901002	0.193240346260622	"family_other"
"VIT_16s0039g01100"	"VIT_16s0100g00990"	0.943252940672983	0.557547250232013	"family_other"
"VIT_16s0100g01010"	"VIT_16s0100g00990"	0.995291539961776	0.953900607908122	"family_family"
"VIT_16s0100g01200"	"VIT_16s0100g00990"	0.967239859403683	0.716707340451912	"family_family"
"VIT_08s0007g06060"	"VIT_16s0100g00990"	0.643092792734555	0.0120986363664066	"family_other"
"VIT_05s0077g01550"	"VIT_16s0100g00990"	0.850709879520485	0.19852479860374	"family_other"
"VIT_05s0020g05000"	"VIT_16s0100g00990"	0.819086056581474	0.135923744245007	"family_other"
"VIT_02s0025g04250"	"VIT_16s0100g00990"	0.859129534930606	0.219071808528699	"family_other"
"VIT_03s0088g00710"	"VIT_16s0100g00990"	0.856127746556939	0.211536699927889	"family_other"
"VIT_16s0100g01100"	"VIT_16s0100g00990"	0.88465524984768	0.293589548500633	"family_family"
"VIT_12s0059g00370"	"VIT_16s0100g00990"	0.715282867110074	0.0350572807677977	"family_other"
"VIT_18s0001g02760"	"VIT_16s0100g00990"	0.777074924638954	0.0802839902951662	"family_other"
"VIT_05s0077g01580"	"VIT_16s0100g01030"	0.748472522333418	0.0551770672132707	"family_other"
"VIT_03s0038g03860"	"VIT_16s0100g01030"	-0.835992332282071	0.16673352852779	"family_other"
"VIT_09s0002g01000"	"VIT_16s0100g01030"	-0.913213334994128	0.403387508522622	"family_other"
"VIT_00s1206g00010"	"VIT_16s0100g01030"	-0.887460113115076	0.303031955264453	"family_other"
"VIT_14s0030g00340"	"VIT_16s0100g01030"	-0.723662225261441	0.0393875559443931	"family_other"
"VIT_02s0025g03260"	"VIT_16s0100g01030"	-0.854181350476858	0.20677634361022	"family_other"
"VIT_10s0116g00530"	"VIT_16s0100g01030"	-0.885754391785276	0.297257720751658	"family_other"
"VIT_08s0007g01560"	"VIT_16s0100g01030"	0.714767886766117	0.0348056959501577	"family_other"
"VIT_02s0012g01660"	"VIT_16s0100g01030"	-0.820997086664771	0.139128518351934	"family_other"
"VIT_05s0062g00610"	"VIT_16s0100g01030"	-0.567745151613064	0.00347964021567512	"family_other"
"VIT_04s0044g00040"	"VIT_16s0100g01030"	0.789451114771908	0.0940269661153836	"family_other"
"VIT_08s0040g01710"	"VIT_16s0100g01030"	0.801766202412237	0.109768429557915	"family_other"
"VIT_18s0001g08760"	"VIT_16s0100g01030"	0.7944986342934	0.100214727551639	"family_other"
"VIT_05s0049g01550"	"VIT_16s0100g01030"	0.640123968410452	0.0115515666855062	"family_other"
"VIT_18s0166g00060"	"VIT_16s0100g01030"	0.637957948194307	0.0111665888521485	"family_other"
"VIT_18s0001g15130"	"VIT_16s0100g01030"	0.700104949776496	0.0282899045050467	"family_other"
"VIT_05s0077g01560"	"VIT_16s0100g01030"	0.840482349655786	0.175908155889753	"family_other"
"VIT_07s0005g03340"	"VIT_16s0100g01030"	0.784629039221603	0.0884389899378718	"family_other"
"VIT_06s0004g07550"	"VIT_16s0100g01030"	0.741311506626246	0.050119578834211	"family_other"
"VIT_18s0001g15220"	"VIT_16s0100g01030"	0.823741497963142	0.143849862684403	"family_other"
"VIT_00s0270g00120"	"VIT_16s0100g01030"	0.92786566911499	0.472989023057894	"family_other"
"VIT_14s0030g01890"	"VIT_16s0100g01030"	0.862799511347302	0.228611937661925	"family_other"
"VIT_05s0077g01570"	"VIT_16s0100g01030"	0.847347918890289	0.190817267093047	"family_other"
"VIT_06s0004g02010"	"VIT_16s0100g01030"	0.894682370137293	0.328616068734375	"family_other"
"VIT_11s0016g03190"	"VIT_16s0100g01030"	0.871721937661878	0.253384331129464	"family_other"
"VIT_03s0091g00160"	"VIT_16s0100g01030"	0.737548447208304	0.0476327362416277	"family_other"
"VIT_06s0004g01990"	"VIT_16s0100g01030"	0.916088236651041	0.416268036682824	"family_other"
"VIT_06s0061g01210"	"VIT_16s0100g01030"	0.872115816250204	0.254531552848426	"family_other"
"VIT_15s0046g01570"	"VIT_16s0100g01030"	0.896923951972715	0.336942829214662	"family_other"
"VIT_02s0033g01380"	"VIT_16s0100g01030"	0.785296824830006	0.0891945697342254	"family_other"
"VIT_05s0077g01540"	"VIT_16s0100g01030"	0.921678454081997	0.442378846445734	"family_other"
"VIT_01s0011g01810"	"VIT_16s0100g01030"	0.843269011810118	0.181828272653692	"family_other"
"VIT_06s0004g01010"	"VIT_16s0100g01030"	0.946787577354624	0.578795985048234	"family_other"
"VIT_05s0020g03140"	"VIT_16s0100g01030"	0.93782117017971	0.526259952104445	"family_other"
"VIT_12s0059g01720"	"VIT_16s0100g01030"	0.924917096494949	0.458171500842205	"family_other"
"VIT_03s0038g03400"	"VIT_16s0100g01030"	0.927911839517274	0.473224434118048	"family_other"
"VIT_08s0007g01810"	"VIT_16s0100g01030"	0.844740159132726	0.185025425356151	"family_other"
"VIT_06s0004g01020"	"VIT_16s0100g01030"	0.950362480339716	0.601025395999717	"family_other"
"VIT_11s0065g00350"	"VIT_16s0100g01030"	0.938959723396091	0.532683980514673	"family_other"
"VIT_12s0028g00920"	"VIT_16s0100g01030"	0.697227052392096	0.0271482783784791	"family_other"
"VIT_12s0059g00310"	"VIT_16s0100g01030"	0.798897504987922	0.105903581682393	"family_other"
"VIT_16s0039g01100"	"VIT_16s0100g01030"	0.857402116104903	0.214706657171002	"family_other"
"VIT_16s0100g01010"	"VIT_16s0100g01030"	0.930735467693079	0.487823412151712	"family_family"
"VIT_16s0100g01200"	"VIT_16s0100g01030"	0.952275601084499	0.613234487638393	"family_family"
"VIT_08s0007g06060"	"VIT_16s0100g01030"	0.535670125968427	0.00194524481689728	"family_other"
"VIT_05s0077g01550"	"VIT_16s0100g01030"	0.785884070179268	0.0898638161586933	"family_other"
"VIT_05s0020g05000"	"VIT_16s0100g01030"	0.850568135725092	0.198194267950825	"family_other"
"VIT_02s0025g04250"	"VIT_16s0100g01030"	0.857805257433448	0.215718323660734	"family_other"
"VIT_03s0088g00710"	"VIT_16s0100g01030"	0.835612355095268	0.165977235574385	"family_other"
"VIT_16s0100g01100"	"VIT_16s0100g01030"	0.921216100031457	0.440164684339915	"family_family"
"VIT_12s0059g00370"	"VIT_16s0100g01030"	0.711410060044866	0.0332047352989006	"family_other"
"VIT_18s0001g02760"	"VIT_16s0100g01030"	0.741412181093545	0.0501876857848118	"family_other"
"VIT_16s0100g00990"	"VIT_16s0100g01030"	0.929088443904564	0.47925933754695	"family_family"
"VIT_05s0077g01580"	"VIT_05s0077g01530"	0.870533812276333	0.249951899492897	"other_other"
"VIT_03s0038g03860"	"VIT_05s0077g01530"	-0.858295723328154	0.216954911108459	"other_other"
"VIT_09s0002g01000"	"VIT_05s0077g01530"	-0.889493227072922	0.310046230451333	"other_other"
"VIT_00s1206g00010"	"VIT_05s0077g01530"	-0.902007322275962	0.356533736417182	"other_other"
"VIT_14s0030g00340"	"VIT_05s0077g01530"	-0.696244519790153	0.0267681217049143	"other_other"
"VIT_02s0025g03260"	"VIT_05s0077g01530"	-0.939232126658827	0.534231378471379	"other_other"
"VIT_10s0116g00530"	"VIT_05s0077g01530"	-0.889434666777721	0.309842170204926	"other_other"
"VIT_08s0007g01560"	"VIT_05s0077g01530"	0.668472669176246	0.0178170810759011	"other_other"
"VIT_02s0012g01660"	"VIT_05s0077g01530"	-0.863342073170517	0.23005361317917	"other_other"
"VIT_05s0062g00610"	"VIT_05s0077g01530"	-0.558012734670546	0.00292712388076103	"other_other"
"VIT_04s0044g00040"	"VIT_05s0077g01530"	0.814861598685366	0.129073924933336	"other_other"
"VIT_08s0040g01710"	"VIT_05s0077g01530"	0.818369957549241	0.134740073520273	"other_other"
"VIT_18s0001g08760"	"VIT_05s0077g01530"	0.830884618661574	0.156822074233018	"other_other"
"VIT_05s0049g01550"	"VIT_05s0077g01530"	0.751804022790381	0.0576828157828568	"other_other"
"VIT_18s0166g00060"	"VIT_05s0077g01530"	0.688864312587489	0.0240622847608502	"other_other"
"VIT_18s0001g15130"	"VIT_05s0077g01530"	0.828274056963188	0.151963954621884	"other_other"
"VIT_05s0077g01560"	"VIT_05s0077g01530"	0.927682482151678	0.472056037949854	"other_other"
"VIT_07s0005g03340"	"VIT_05s0077g01530"	0.785735583083954	0.089694169286501	"other_other"
"VIT_06s0004g07550"	"VIT_05s0077g01530"	0.85243110470609	0.20257828250993	"other_other"
"VIT_18s0001g15220"	"VIT_05s0077g01530"	0.860942173105824	0.223738036170394	"other_other"
"VIT_00s0270g00120"	"VIT_05s0077g01530"	0.941902766372752	0.549617717537098	"other_other"
"VIT_14s0030g01890"	"VIT_05s0077g01530"	0.911204874311857	0.394602963490595	"other_other"
"VIT_05s0077g01570"	"VIT_05s0077g01530"	0.944141058489713	0.562819122809913	"other_other"
"VIT_06s0004g02010"	"VIT_05s0077g01530"	0.982054402651341	0.834363831346125	"other_other"
"VIT_11s0016g03190"	"VIT_05s0077g01530"	0.899561624973909	0.346983803180528	"other_other"
"VIT_03s0091g00160"	"VIT_05s0077g01530"	0.755099607579738	0.0602618479988587	"other_other"
"VIT_06s0004g01990"	"VIT_05s0077g01530"	0.966579956622373	0.711832564497374	"other_other"
"VIT_06s0061g01210"	"VIT_05s0077g01530"	0.874050721520334	0.26023538975218	"other_other"
"VIT_15s0046g01570"	"VIT_05s0077g01530"	0.947544683519701	0.58344106349913	"other_other"
"VIT_02s0033g01380"	"VIT_05s0077g01530"	0.61204747424157	0.00737651280358115	"other_other"
"VIT_05s0077g01540"	"VIT_05s0077g01530"	0.978181954192785	0.802040807531896	"other_other"
"VIT_01s0011g01810"	"VIT_05s0077g01530"	0.882495166642791	0.286499161132175	"other_other"
"VIT_06s0004g01010"	"VIT_05s0077g01530"	0.919180856947829	0.430536237020899	"other_other"
"VIT_05s0020g03140"	"VIT_05s0077g01530"	0.895515817164133	0.33169017720512	"other_other"
"VIT_12s0059g01720"	"VIT_05s0077g01530"	0.851850146453399	0.201201875210813	"other_other"
"VIT_03s0038g03400"	"VIT_05s0077g01530"	0.935051172994407	0.510921047207994	"other_other"
"VIT_08s0007g01810"	"VIT_05s0077g01530"	0.853448606586543	0.205009382097225	"other_other"
"VIT_06s0004g01020"	"VIT_05s0077g01530"	0.967310423983287	0.71723038298567	"other_other"
"VIT_11s0065g00350"	"VIT_05s0077g01530"	0.820212756079265	0.137805068785247	"other_other"
"VIT_12s0028g00920"	"VIT_05s0077g01530"	0.82333882523476	0.143148220683686	"other_other"
"VIT_12s0059g00310"	"VIT_05s0077g01530"	0.747706163178653	0.0546147065587809	"other_other"
"VIT_16s0039g01100"	"VIT_05s0077g01530"	0.862451318680266	0.227691021537647	"other_other"
"VIT_16s0100g01010"	"VIT_05s0077g01530"	0.881236508951715	0.282439096390011	"family_other"
"VIT_16s0100g01200"	"VIT_05s0077g01530"	0.946643254854854	0.577914308853477	"family_other"
"VIT_08s0007g06060"	"VIT_05s0077g01530"	0.696278814907365	0.0267813098788589	"other_other"
"VIT_05s0077g01550"	"VIT_05s0077g01530"	0.893062567416386	0.322714785576459	"other_other"
"VIT_05s0020g05000"	"VIT_05s0077g01530"	0.913996164950151	0.406858819587149	"other_other"
"VIT_02s0025g04250"	"VIT_05s0077g01530"	0.968715320335798	0.727715595101973	"other_other"
"VIT_03s0088g00710"	"VIT_05s0077g01530"	0.960071070882454	0.665324990016535	"other_other"
"VIT_16s0100g01100"	"VIT_05s0077g01530"	0.975143581359099	0.777473624528622	"family_other"
"VIT_12s0059g00370"	"VIT_05s0077g01530"	0.616375227087585	0.00791501524045756	"other_other"
"VIT_18s0001g02760"	"VIT_05s0077g01530"	0.858262382801011	0.216870649628169	"other_other"
"VIT_16s0100g00990"	"VIT_05s0077g01530"	0.882686526226968	0.28712101028998	"family_other"
"VIT_16s0100g01030"	"VIT_05s0077g01530"	0.909043312648293	0.385341481600938	"family_other"
"VIT_05s0077g01580"	"VIT_16s0100g01000"	0.760067118165272	0.0643456875800923	"family_other"
"VIT_03s0038g03860"	"VIT_16s0100g01000"	-0.838529841373206	0.171864123578619	"family_other"
"VIT_09s0002g01000"	"VIT_16s0100g01000"	-0.827502360450706	0.150554039579964	"family_other"
"VIT_00s1206g00010"	"VIT_16s0100g01000"	-0.82329216258637	0.143067112255692	"family_other"
"VIT_14s0030g00340"	"VIT_16s0100g01000"	-0.766012616308167	0.0695599443162838	"family_other"
"VIT_02s0025g03260"	"VIT_16s0100g01000"	-0.857084674514615	0.213913057764129	"family_other"
"VIT_10s0116g00530"	"VIT_16s0100g01000"	-0.833378399164307	0.161592944747322	"family_other"
"VIT_08s0007g01560"	"VIT_16s0100g01000"	0.80818777567541	0.118883825594308	"family_other"
"VIT_02s0012g01660"	"VIT_16s0100g01000"	-0.761793399337256	0.0658221484066379	"family_other"
"VIT_05s0062g00610"	"VIT_16s0100g01000"	-0.641300664381841	0.0117656763710196	"family_other"
"VIT_04s0044g00040"	"VIT_16s0100g01000"	0.833588864150229	0.162001502650581	"family_other"
"VIT_08s0040g01710"	"VIT_16s0100g01000"	0.835396579566391	0.165549139481848	"family_other"
"VIT_18s0001g08760"	"VIT_16s0100g01000"	0.885175161202067	0.2953195427951	"family_other"
"VIT_05s0049g01550"	"VIT_16s0100g01000"	0.770710959882589	0.0739461128236075	"family_other"
"VIT_18s0166g00060"	"VIT_16s0100g01000"	0.715372632678974	0.0351013013179365	"family_other"
"VIT_18s0001g15130"	"VIT_16s0100g01000"	0.868270445292065	0.24352871938351	"family_other"
"VIT_05s0077g01560"	"VIT_16s0100g01000"	0.816085377766292	0.131025541859749	"family_other"
"VIT_07s0005g03340"	"VIT_16s0100g01000"	0.851115661007021	0.199473780436466	"family_other"
"VIT_06s0004g07550"	"VIT_16s0100g01000"	0.783961416681942	0.0876893579891768	"family_other"
"VIT_18s0001g15220"	"VIT_16s0100g01000"	0.803533932084634	0.112212751403082	"family_other"
"VIT_00s0270g00120"	"VIT_16s0100g01000"	0.810994811441097	0.123078092564999	"family_other"
"VIT_14s0030g01890"	"VIT_16s0100g01000"	0.812065951721856	0.124713370855279	"family_other"
"VIT_05s0077g01570"	"VIT_16s0100g01000"	0.834839851285355	0.164449183081196	"family_other"
"VIT_06s0004g02010"	"VIT_16s0100g01000"	0.868590548158513	0.244428020921081	"family_other"
"VIT_11s0016g03190"	"VIT_16s0100g01000"	0.834445817894636	0.16367465112646	"family_other"
"VIT_03s0091g00160"	"VIT_16s0100g01000"	0.788201909867425	0.0925496602002686	"family_other"
"VIT_06s0004g01990"	"VIT_16s0100g01000"	0.855786986307602	0.21069623743215	"family_other"
"VIT_06s0061g01210"	"VIT_16s0100g01000"	0.757729641167343	0.0623939908423396	"family_other"
"VIT_15s0046g01570"	"VIT_16s0100g01000"	0.913299548913526	0.403768497226935	"family_other"
"VIT_02s0033g01380"	"VIT_16s0100g01000"	0.811162659783135	0.123333059727514	"family_other"
"VIT_05s0077g01540"	"VIT_16s0100g01000"	0.847386526702286	0.190904227215166	"family_other"
"VIT_01s0011g01810"	"VIT_16s0100g01000"	0.870812363839146	0.250752842881623	"family_other"
"VIT_06s0004g01010"	"VIT_16s0100g01000"	0.886737302024971	0.300572872244768	"family_other"
"VIT_05s0020g03140"	"VIT_16s0100g01000"	0.79840268228216	0.105249459251394	"family_other"
"VIT_12s0059g01720"	"VIT_16s0100g01000"	0.929162924338092	0.479643674722743	"family_other"
"VIT_03s0038g03400"	"VIT_16s0100g01000"	0.904452292508844	0.366316633259904	"family_other"
"VIT_08s0007g01810"	"VIT_16s0100g01000"	0.767571818350699	0.0709888614663943	"family_other"
"VIT_06s0004g01020"	"VIT_16s0100g01000"	0.841293015447942	0.177612216259846	"family_other"
"VIT_11s0065g00350"	"VIT_16s0100g01000"	0.889372266267473	0.309624861307821	"family_other"
"VIT_12s0028g00920"	"VIT_16s0100g01000"	0.813241384475359	0.126530350298403	"family_other"
"VIT_12s0059g00310"	"VIT_16s0100g01000"	0.840663657176221	0.176287990748144	"family_other"
"VIT_16s0039g01100"	"VIT_16s0100g01000"	0.943115686416621	0.556736485270291	"family_other"
"VIT_16s0100g01010"	"VIT_16s0100g01000"	0.979615948935777	0.813876430593688	"family_family"
"VIT_16s0100g01200"	"VIT_16s0100g01000"	0.933342043433434	0.501658638892027	"family_family"
"VIT_08s0007g06060"	"VIT_16s0100g01000"	0.675672500193174	0.0198318137632736	"family_other"
"VIT_05s0077g01550"	"VIT_16s0100g01000"	0.830216304501355	0.155565246596193	"family_other"
"VIT_05s0020g05000"	"VIT_16s0100g01000"	0.81177005594562	0.124259692056181	"family_other"
"VIT_02s0025g04250"	"VIT_16s0100g01000"	0.876853684853118	0.268702256649042	"family_other"
"VIT_03s0088g00710"	"VIT_16s0100g01000"	0.869626072230212	0.247357748042813	"family_other"
"VIT_16s0100g01100"	"VIT_16s0100g01000"	0.878407406161784	0.273501610570733	"family_family"
"VIT_12s0059g00370"	"VIT_16s0100g01000"	0.735999450770773	0.046641757057549	"family_other"
"VIT_18s0001g02760"	"VIT_16s0100g01000"	0.783537534310076	0.0872163798093032	"family_other"
"VIT_16s0100g00990"	"VIT_16s0100g01000"	0.973101453966546	0.761344499826963	"family_family"
"VIT_16s0100g01030"	"VIT_16s0100g01000"	0.912577061344832	0.400585735980154	"family_family"
"VIT_05s0077g01530"	"VIT_16s0100g01000"	0.883736067290871	0.290553291103889	"family_other"
"VIT_05s0077g01580"	"VIT_16s0100g00950"	0.678482771574678	0.0206722735290409	"other_other"
"VIT_03s0038g03860"	"VIT_16s0100g00950"	-0.806261995027924	0.116081199822791	"other_other"
"VIT_09s0002g01000"	"VIT_16s0100g00950"	-0.848395569526125	0.19318967810783	"other_other"
"VIT_00s1206g00010"	"VIT_16s0100g00950"	-0.821305956358446	0.139652824800251	"other_other"
"VIT_14s0030g00340"	"VIT_16s0100g00950"	-0.781455786114527	0.0849266731266987	"other_other"
"VIT_02s0025g03260"	"VIT_16s0100g00950"	-0.795505177694765	0.101491601785392	"other_other"
"VIT_10s0116g00530"	"VIT_16s0100g00950"	-0.844689846819249	0.184915254642656	"other_other"
"VIT_08s0007g01560"	"VIT_16s0100g00950"	0.797829652885859	0.104496498134489	"other_other"
"VIT_02s0012g01660"	"VIT_16s0100g00950"	-0.725052338404754	0.0401507419904777	"other_other"
"VIT_05s0062g00610"	"VIT_16s0100g00950"	-0.639624593729169	0.0114617660925195	"other_other"
"VIT_04s0044g00040"	"VIT_16s0100g00950"	0.785141522809437	0.0890183334937348	"other_other"
"VIT_08s0040g01710"	"VIT_16s0100g00950"	0.851970049258396	0.20148525786482	"other_other"
"VIT_18s0001g08760"	"VIT_16s0100g00950"	0.844667420477518	0.184866165887928	"other_other"
"VIT_05s0049g01550"	"VIT_16s0100g00950"	0.698804417026501	0.0277687553481049	"other_other"
"VIT_18s0166g00060"	"VIT_16s0100g00950"	0.677528645677834	0.0203833995533647	"other_other"
"VIT_18s0001g15130"	"VIT_16s0100g00950"	0.757816209135482	0.0624653104586406	"other_other"
"VIT_05s0077g01560"	"VIT_16s0100g00950"	0.809047148361069	0.120154022523124	"other_other"
"VIT_07s0005g03340"	"VIT_16s0100g00950"	0.812716601823895	0.125716219982354	"other_other"
"VIT_06s0004g07550"	"VIT_16s0100g00950"	0.676229849243105	0.0199960110949018	"other_other"
"VIT_18s0001g15220"	"VIT_16s0100g00950"	0.781169347925693	0.0846158921823075	"other_other"
"VIT_00s0270g00120"	"VIT_16s0100g00950"	0.841461149671566	0.177967497504448	"other_other"
"VIT_14s0030g01890"	"VIT_16s0100g00950"	0.771945339334062	0.0751390145063865	"other_other"
"VIT_05s0077g01570"	"VIT_16s0100g00950"	0.815031964165451	0.129344037567525	"other_other"
"VIT_06s0004g02010"	"VIT_16s0100g00950"	0.841760037798431	0.178600651816858	"other_other"
"VIT_11s0016g03190"	"VIT_16s0100g00950"	0.792352448912618	0.0975402906379089	"other_other"
"VIT_03s0091g00160"	"VIT_16s0100g00950"	0.829727836933186	0.154652379634624	"other_other"
"VIT_06s0004g01990"	"VIT_16s0100g00950"	0.863579356579556	0.230686681701309	"other_other"
"VIT_06s0061g01210"	"VIT_16s0100g00950"	0.748535454773352	0.0552234782905643	"other_other"
"VIT_15s0046g01570"	"VIT_16s0100g00950"	0.883392531656542	0.289425794018865	"other_other"
"VIT_02s0033g01380"	"VIT_16s0100g00950"	0.867554048320197	0.241526844280059	"other_other"
"VIT_05s0077g01540"	"VIT_16s0100g00950"	0.847914761739594	0.192097610025498	"other_other"
"VIT_01s0011g01810"	"VIT_16s0100g00950"	0.798500006957176	0.105377827935975	"other_other"
"VIT_06s0004g01010"	"VIT_16s0100g00950"	0.930330470080861	0.485704862762347	"other_other"
"VIT_05s0020g03140"	"VIT_16s0100g00950"	0.841912178047541	0.178923718454099	"other_other"
"VIT_12s0059g01720"	"VIT_16s0100g00950"	0.930770824766606	0.488008759735978	"other_other"
"VIT_03s0038g03400"	"VIT_16s0100g00950"	0.908422012431394	0.382715888892022	"other_other"
"VIT_08s0007g01810"	"VIT_16s0100g00950"	0.77531029332896	0.0784793683190739	"other_other"
"VIT_06s0004g01020"	"VIT_16s0100g00950"	0.85978454828353	0.220747787161923	"other_other"
"VIT_11s0065g00350"	"VIT_16s0100g00950"	0.932444701610058	0.496856362132765	"other_other"
"VIT_12s0028g00920"	"VIT_16s0100g00950"	0.731238799610336	0.0437111538215977	"other_other"
"VIT_12s0059g00310"	"VIT_16s0100g00950"	0.851152558894846	0.199560273936	"other_other"
"VIT_16s0039g01100"	"VIT_16s0100g00950"	0.889221863253767	0.309101648573439	"other_other"
"VIT_16s0100g01010"	"VIT_16s0100g00950"	0.9736092967415	0.765327153270943	"family_other"
"VIT_16s0100g01200"	"VIT_16s0100g00950"	0.93742397636803	0.52403533538283	"family_other"
"VIT_08s0007g06060"	"VIT_16s0100g00950"	0.589797900803966	0.00509368665066494	"other_other"
"VIT_05s0077g01550"	"VIT_16s0100g00950"	0.799527657064558	0.106741896202214	"other_other"
"VIT_05s0020g05000"	"VIT_16s0100g00950"	0.792877017704418	0.0981879733242163	"other_other"
"VIT_02s0025g04250"	"VIT_16s0100g00950"	0.811487552021911	0.123827932752934	"other_other"
"VIT_03s0088g00710"	"VIT_16s0100g00950"	0.820768482684748	0.138741604552737	"other_other"
"VIT_16s0100g01100"	"VIT_16s0100g00950"	0.868310416253999	0.243640851426775	"family_other"
"VIT_12s0059g00370"	"VIT_16s0100g00950"	0.750612377781439	0.0567750097641883	"other_other"
"VIT_18s0001g02760"	"VIT_16s0100g00950"	0.703952371612233	0.0298835896399833	"other_other"
"VIT_16s0100g00990"	"VIT_16s0100g00950"	0.971035456534442	0.745333910694857	"family_other"
"VIT_16s0100g01030"	"VIT_16s0100g00950"	0.951331063522858	0.607179050432741	"family_other"
"VIT_05s0077g01530"	"VIT_16s0100g00950"	0.855799617016592	0.210727336521757	"other_other"
"VIT_16s0100g01000"	"VIT_16s0100g00950"	0.957438062587955	0.647301907798186	"family_other"
"VIT_05s0077g01580"	"VIT_16s0100g00830"	0.781580173616568	0.0850619512424066	"family_other"
"VIT_03s0038g03860"	"VIT_16s0100g00830"	-0.844313541864224	0.184093116262793	"family_other"
"VIT_09s0002g01000"	"VIT_16s0100g00830"	-0.876574549108199	0.267848099887432	"family_other"
"VIT_00s1206g00010"	"VIT_16s0100g00830"	-0.874937083119867	0.262886472852058	"family_other"
"VIT_14s0030g00340"	"VIT_16s0100g00830"	-0.743714513773526	0.0517681409586205	"family_other"
"VIT_02s0025g03260"	"VIT_16s0100g00830"	-0.870340676894893	0.249397913102976	"family_other"
"VIT_10s0116g00530"	"VIT_16s0100g00830"	-0.852903303450064	0.203703253334497	"family_other"
"VIT_08s0007g01560"	"VIT_16s0100g00830"	0.744404097235766	0.0522501508264631	"family_other"
"VIT_02s0012g01660"	"VIT_16s0100g00830"	-0.80585154804297	0.115491612571118	"family_other"
"VIT_05s0062g00610"	"VIT_16s0100g00830"	-0.569177439822385	0.00356842668650966	"family_other"
"VIT_04s0044g00040"	"VIT_16s0100g00830"	0.815337929860766	0.12983042045146	"family_other"
"VIT_08s0040g01710"	"VIT_16s0100g00830"	0.822346261493567	0.141431850572917	"family_other"
"VIT_18s0001g08760"	"VIT_16s0100g00830"	0.835884305611932	0.166518201218903	"family_other"
"VIT_05s0049g01550"	"VIT_16s0100g00830"	0.69978378734484	0.0281603964666042	"family_other"
"VIT_18s0166g00060"	"VIT_16s0100g00830"	0.660383173212992	0.0157746592802615	"family_other"
"VIT_18s0001g15130"	"VIT_16s0100g00830"	0.773862381459806	0.0770260017300504	"family_other"
"VIT_05s0077g01560"	"VIT_16s0100g00830"	0.856861217028205	0.213356001576204	"family_other"
"VIT_07s0005g03340"	"VIT_16s0100g00830"	0.818325764341403	0.134667329534263	"family_other"
"VIT_06s0004g07550"	"VIT_16s0100g00830"	0.768697080677793	0.0720364524731314	"family_other"
"VIT_18s0001g15220"	"VIT_16s0100g00830"	0.804935896583551	0.114186024908942	"family_other"
"VIT_00s0270g00120"	"VIT_16s0100g00830"	0.892537255160452	0.320821547499873	"family_other"
"VIT_14s0030g01890"	"VIT_16s0100g00830"	0.8529105549603	0.203720573149504	"family_other"
"VIT_05s0077g01570"	"VIT_16s0100g00830"	0.866252630195944	0.237928059547147	"family_other"
"VIT_06s0004g02010"	"VIT_16s0100g00830"	0.914604885728043	0.409576631684068	"family_other"
"VIT_11s0016g03190"	"VIT_16s0100g00830"	0.860106409968485	0.221575553425114	"family_other"
"VIT_03s0091g00160"	"VIT_16s0100g00830"	0.782727833749987	0.086319273359568	"family_other"
"VIT_06s0004g01990"	"VIT_16s0100g00830"	0.92124949194076	0.440324259676196	"family_other"
"VIT_06s0061g01210"	"VIT_16s0100g00830"	0.816464559147459	0.131635606136011	"family_other"
"VIT_15s0046g01570"	"VIT_16s0100g00830"	0.902514627783334	0.358544030296469	"family_other"
"VIT_02s0033g01380"	"VIT_16s0100g00830"	0.757470844861277	0.0621812165411265	"family_other"
"VIT_05s0077g01540"	"VIT_16s0100g00830"	0.918556805020548	0.427622146688595	"family_other"
"VIT_01s0011g01810"	"VIT_16s0100g00830"	0.863630161319897	0.230822431590094	"family_other"
"VIT_06s0004g01010"	"VIT_16s0100g00830"	0.917508787827361	0.422768212608301	"family_other"
"VIT_05s0020g03140"	"VIT_16s0100g00830"	0.881733236838431	0.284035169314116	"family_other"
"VIT_12s0059g01720"	"VIT_16s0100g00830"	0.900054681991873	0.348890347271387	"family_other"
"VIT_03s0038g03400"	"VIT_16s0100g00830"	0.924834203553315	0.457761043836806	"family_other"
"VIT_08s0007g01810"	"VIT_16s0100g00830"	0.80552936049622	0.115030695363481	"family_other"
"VIT_06s0004g01020"	"VIT_16s0100g00830"	0.921691086818129	0.442439483644208	"family_other"
"VIT_11s0065g00350"	"VIT_16s0100g00830"	0.882104870324441	0.285234595704034	"family_other"
"VIT_12s0028g00920"	"VIT_16s0100g00830"	0.760314516917858	0.0645554372171637	"family_other"
"VIT_12s0059g00310"	"VIT_16s0100g00830"	0.832900329454719	0.160668351860604	"family_other"
"VIT_16s0039g01100"	"VIT_16s0100g00830"	0.937337767475709	0.523553612962158	"family_other"
"VIT_16s0100g01010"	"VIT_16s0100g00830"	0.972977904971381	0.760378417372663	"family_family"
"VIT_16s0100g01200"	"VIT_16s0100g00830"	0.983683022831024	0.848304480072909	"family_family"
"VIT_08s0007g06060"	"VIT_16s0100g00830"	0.60489468066544	0.00655839627295724	"family_other"
"VIT_05s0077g01550"	"VIT_16s0100g00830"	0.868707483084955	0.244757284168298	"family_other"
"VIT_05s0020g05000"	"VIT_16s0100g00830"	0.864724413336509	0.233763770546442	"family_other"
"VIT_02s0025g04250"	"VIT_16s0100g00830"	0.894729948852788	0.328790866775539	"family_other"
"VIT_03s0088g00710"	"VIT_16s0100g00830"	0.880991478445946	0.281654747754453	"family_other"
"VIT_16s0100g01100"	"VIT_16s0100g00830"	0.92961178647359	0.481965791790155	"family_family"
"VIT_12s0059g00370"	"VIT_16s0100g00830"	0.694538023403567	0.0261192238536822	"family_other"
"VIT_18s0001g02760"	"VIT_16s0100g00830"	0.81410208944874	0.127875897226034	"family_other"
"VIT_16s0100g00990"	"VIT_16s0100g00830"	0.975364849141487	0.779239576041774	"family_family"
"VIT_16s0100g01030"	"VIT_16s0100g00830"	0.954099850945212	0.625083852341244	"family_family"
"VIT_05s0077g01530"	"VIT_16s0100g00830"	0.923055556041978	0.449033153414404	"family_other"
"VIT_16s0100g01000"	"VIT_16s0100g00830"	0.949033014971086	0.592670361372114	"family_family"
"VIT_16s0100g00950"	"VIT_16s0100g00830"	0.951251693802559	0.606672670010486	"family_other"
"VIT_05s0077g01580"	"VIT_06s0004g01030"	0.83108773309066	0.157205856624993	"other_other"
"VIT_03s0038g03860"	"VIT_06s0004g01030"	-0.839696237125059	0.174269774869166	"other_other"
"VIT_09s0002g01000"	"VIT_06s0004g01030"	-0.92103669120626	0.439308204983583	"other_other"
"VIT_00s1206g00010"	"VIT_06s0004g01030"	-0.907430533214303	0.378559267956222	"other_other"
"VIT_14s0030g00340"	"VIT_06s0004g01030"	-0.690595161284692	0.0246737585770108	"other_other"
"VIT_02s0025g03260"	"VIT_06s0004g01030"	-0.909595660702661	0.387689285352069	"other_other"
"VIT_10s0116g00530"	"VIT_06s0004g01030"	-0.902970213157619	0.360358061536006	"other_other"
"VIT_08s0007g01560"	"VIT_06s0004g01030"	0.634785743584053	0.0106235984119521	"other_other"
"VIT_02s0012g01660"	"VIT_06s0004g01030"	-0.849319325130897	0.195303515122592	"other_other"
"VIT_05s0062g00610"	"VIT_06s0004g01030"	-0.546529359668983	0.00237757909209691	"other_other"
"VIT_04s0044g00040"	"VIT_06s0004g01030"	0.798475008627137	0.105344842355333	"other_other"
"VIT_08s0040g01710"	"VIT_06s0004g01030"	0.812597384192083	0.125531928182979	"other_other"
"VIT_18s0001g08760"	"VIT_06s0004g01030"	0.791677663054049	0.0967127909176526	"other_other"
"VIT_05s0049g01550"	"VIT_06s0004g01030"	0.696056831603184	0.0266960497545321	"other_other"
"VIT_18s0166g00060"	"VIT_06s0004g01030"	0.656810238988529	0.0149416701112404	"other_other"
"VIT_18s0001g15130"	"VIT_06s0004g01030"	0.747212600365879	0.0542552624461789	"other_other"
"VIT_05s0077g01560"	"VIT_06s0004g01030"	0.90435615045873	0.365927429864029	"other_other"
"VIT_07s0005g03340"	"VIT_06s0004g01030"	0.763984722742328	0.0677402416514583	"other_other"
"VIT_06s0004g07550"	"VIT_06s0004g01030"	0.800916964034645	0.108611278137212	"other_other"
"VIT_18s0001g15220"	"VIT_06s0004g01030"	0.848375549227459	0.193144094367107	"other_other"
"VIT_00s0270g00120"	"VIT_06s0004g01030"	0.970800096851131	0.74352933866314	"other_other"
"VIT_14s0030g01890"	"VIT_06s0004g01030"	0.910181514220755	0.39019356914335	"other_other"
"VIT_05s0077g01570"	"VIT_06s0004g01030"	0.91312999106658	0.403019510224782	"other_other"
"VIT_06s0004g02010"	"VIT_06s0004g01030"	0.966655220238652	0.71238703357205	"other_other"
"VIT_11s0016g03190"	"VIT_06s0004g01030"	0.898844822154007	0.344228805552274	"other_other"
"VIT_03s0091g00160"	"VIT_06s0004g01030"	0.751882924279293	0.0577433822330291	"other_other"
"VIT_06s0004g01990"	"VIT_06s0004g01030"	0.977543430725026	0.796820713649297	"other_other"
"VIT_06s0061g01210"	"VIT_06s0004g01030"	0.890446601042879	0.313385432615493	"other_other"
"VIT_15s0046g01570"	"VIT_06s0004g01030"	0.925275378102563	0.459949399247529	"other_other"
"VIT_02s0033g01380"	"VIT_06s0004g01030"	0.635157845671639	0.0106860369123074	"other_other"
"VIT_05s0077g01540"	"VIT_06s0004g01030"	0.973491360914345	0.764400597753187	"other_other"
"VIT_01s0011g01810"	"VIT_06s0004g01030"	0.860367468743638	0.222248996985717	"other_other"
"VIT_06s0004g01010"	"VIT_06s0004g01030"	0.94361640059816	0.559699354042762	"other_other"
"VIT_05s0020g03140"	"VIT_06s0004g01030"	0.951137660227252	0.605945798811411	"other_other"
"VIT_12s0059g01720"	"VIT_06s0004g01030"	0.866548365651728	0.23874158620012	"other_other"
"VIT_03s0038g03400"	"VIT_06s0004g01030"	0.926975891252049	0.468472812312219	"other_other"
"VIT_08s0007g01810"	"VIT_06s0004g01030"	0.869585950638244	0.247243649273713	"other_other"
"VIT_06s0004g01020"	"VIT_06s0004g01030"	0.989476343112718	0.89960974941327	"other_other"
"VIT_11s0065g00350"	"VIT_06s0004g01030"	0.852299994329139	0.20226691729566	"other_other"
"VIT_12s0028g00920"	"VIT_06s0004g01030"	0.764418651516382	0.0681259782075998	"other_other"
"VIT_12s0059g00310"	"VIT_06s0004g01030"	0.742770022292072	0.0511144480877808	"other_other"
"VIT_16s0039g01100"	"VIT_06s0004g01030"	0.83430989006276	0.163408227128396	"other_other"
"VIT_16s0100g01010"	"VIT_06s0004g01030"	0.875752829124721	0.265347799136379	"family_other"
"VIT_16s0100g01200"	"VIT_06s0004g01030"	0.947722375501773	0.584536107690255	"family_other"
"VIT_08s0007g06060"	"VIT_06s0004g01030"	0.627634306442243	0.00948564223707119	"other_other"
"VIT_05s0077g01550"	"VIT_06s0004g01030"	0.844660960622499	0.184852028163391	"other_other"
"VIT_05s0020g05000"	"VIT_06s0004g01030"	0.915012883584053	0.411407392061765	"other_other"
"VIT_02s0025g04250"	"VIT_06s0004g01030"	0.928463368199586	0.476044702503919	"other_other"
"VIT_03s0088g00710"	"VIT_06s0004g01030"	0.925228611920294	0.459716979945323	"other_other"
"VIT_16s0100g01100"	"VIT_06s0004g01030"	0.977156412246084	0.793671641233585	"family_other"
"VIT_12s0059g00370"	"VIT_06s0004g01030"	0.632016086948028	0.0101690721075949	"other_other"
"VIT_18s0001g02760"	"VIT_06s0004g01030"	0.811362331859598	0.123636987233777	"other_other"
"VIT_16s0100g00990"	"VIT_06s0004g01030"	0.879577182938476	0.277165740914096	"family_other"
"VIT_16s0100g01030"	"VIT_06s0004g01030"	0.949730727227413	0.597042012186053	"family_other"
"VIT_05s0077g01530"	"VIT_06s0004g01030"	0.973932015953526	0.767867746368111	"other_other"
"VIT_16s0100g01000"	"VIT_06s0004g01030"	0.863871883914539	0.231469297881434	"family_other"
"VIT_16s0100g00950"	"VIT_06s0004g01030"	0.88128831374557	0.28260517632747	"other_other"
"VIT_16s0100g00830"	"VIT_06s0004g01030"	0.931862282288918	0.493761629318484	"family_other"
"VIT_05s0077g01580"	"VIT_13s0019g00480"	0.764255445002201	0.0679806661186962	"other_other"
"VIT_03s0038g03860"	"VIT_13s0019g00480"	-0.739070051555662	0.0486246000805182	"other_other"
"VIT_09s0002g01000"	"VIT_13s0019g00480"	-0.866458493866494	0.238494097167983	"other_other"
"VIT_00s1206g00010"	"VIT_13s0019g00480"	-0.781120247978265	0.0845627223933476	"other_other"
"VIT_14s0030g00340"	"VIT_13s0019g00480"	-0.735371792308959	0.046245520310307	"other_other"
"VIT_02s0025g03260"	"VIT_13s0019g00480"	-0.834807084182677	0.164384648887946	"other_other"
"VIT_10s0116g00530"	"VIT_13s0019g00480"	-0.840126300072655	0.175164383410991	"other_other"
"VIT_08s0007g01560"	"VIT_13s0019g00480"	0.694767508086699	0.0262056537055966	"other_other"
"VIT_02s0012g01660"	"VIT_13s0019g00480"	-0.727802582949166	0.0416999875690042	"other_other"
"VIT_05s0062g00610"	"VIT_13s0019g00480"	-0.540443631914594	0.00212571011383964	"other_other"
"VIT_04s0044g00040"	"VIT_13s0019g00480"	0.838117259634422	0.171020370602587	"other_other"
"VIT_08s0040g01710"	"VIT_13s0019g00480"	0.811284224891977	0.123518017847481	"other_other"
"VIT_18s0001g08760"	"VIT_13s0019g00480"	0.787459287693647	0.0916813704575772	"other_other"
"VIT_05s0049g01550"	"VIT_13s0019g00480"	0.757110706256501	0.0618862084187627	"other_other"
"VIT_18s0166g00060"	"VIT_13s0019g00480"	0.653760990413814	0.0142623151557066	"other_other"
"VIT_18s0001g15130"	"VIT_13s0019g00480"	0.793459492704803	0.0989116855526182	"other_other"
"VIT_05s0077g01560"	"VIT_13s0019g00480"	0.846036343453757	0.187884172201477	"other_other"
"VIT_07s0005g03340"	"VIT_13s0019g00480"	0.8583448671328	0.217079165920053	"other_other"
"VIT_06s0004g07550"	"VIT_13s0019g00480"	0.733003018795451	0.0447772721250952	"other_other"
"VIT_18s0001g15220"	"VIT_13s0019g00480"	0.799676845515202	0.106941239355111	"other_other"
"VIT_00s0270g00120"	"VIT_13s0019g00480"	0.867834396077032	0.242308467714372	"other_other"
"VIT_14s0030g01890"	"VIT_13s0019g00480"	0.803802157768778	0.112587889189064	"other_other"
"VIT_05s0077g01570"	"VIT_13s0019g00480"	0.848068605656917	0.192446432702591	"other_other"
"VIT_06s0004g02010"	"VIT_13s0019g00480"	0.874899601523045	0.262773876121515	"other_other"
"VIT_11s0016g03190"	"VIT_13s0019g00480"	0.895057931628602	0.329998111503706	"other_other"
"VIT_03s0091g00160"	"VIT_13s0019g00480"	0.760339523843118	0.0645766727967788	"other_other"
"VIT_06s0004g01990"	"VIT_13s0019g00480"	0.890204372905471	0.312533973225215	"other_other"
"VIT_06s0061g01210"	"VIT_13s0019g00480"	0.801714084412645	0.109697096571183	"other_other"
"VIT_15s0046g01570"	"VIT_13s0019g00480"	0.862749898004477	0.228480513526853	"other_other"
"VIT_02s0033g01380"	"VIT_13s0019g00480"	0.6774679256708	0.0203651393491903	"other_other"
"VIT_05s0077g01540"	"VIT_13s0019g00480"	0.85983094574495	0.22086694055331	"other_other"
"VIT_01s0011g01810"	"VIT_13s0019g00480"	0.890118244573283	0.312231724504286	"other_other"
"VIT_06s0004g01010"	"VIT_13s0019g00480"	0.847493547789821	0.191145467696291	"other_other"
"VIT_05s0020g03140"	"VIT_13s0019g00480"	0.867165526071973	0.240447376447834	"other_other"
"VIT_12s0059g01720"	"VIT_13s0019g00480"	0.875257645891452	0.263851235858573	"other_other"
"VIT_03s0038g03400"	"VIT_13s0019g00480"	0.849686952537722	0.196150533856211	"other_other"
"VIT_08s0007g01810"	"VIT_13s0019g00480"	0.825732769417653	0.147365289042525	"other_other"
"VIT_06s0004g01020"	"VIT_13s0019g00480"	0.861941169365762	0.226347783743008	"other_other"
"VIT_11s0065g00350"	"VIT_13s0019g00480"	0.780220558925143	0.0835937674110162	"other_other"
"VIT_12s0028g00920"	"VIT_13s0019g00480"	0.783033507771265	0.0866569638754772	"other_other"
"VIT_12s0059g00310"	"VIT_13s0019g00480"	0.754266017617614	0.0595998842605115	"other_other"
"VIT_16s0039g01100"	"VIT_13s0019g00480"	0.838179223547493	0.171146851921905	"other_other"
"VIT_16s0100g01010"	"VIT_13s0019g00480"	0.842176784657069	0.179486858123829	"family_other"
"VIT_16s0100g01200"	"VIT_13s0019g00480"	0.867945423332137	0.242618645989802	"family_other"
"VIT_08s0007g06060"	"VIT_13s0019g00480"	0.592176893660498	0.00530291389109703	"other_other"
"VIT_05s0077g01550"	"VIT_13s0019g00480"	0.807424014277069	0.117765103971112	"other_other"
"VIT_05s0020g05000"	"VIT_13s0019g00480"	0.863434441357749	0.230299863992749	"other_other"
"VIT_02s0025g04250"	"VIT_13s0019g00480"	0.812705854314077	0.125699596033689	"other_other"
"VIT_03s0088g00710"	"VIT_13s0019g00480"	0.845678858344341	0.187091792219341	"other_other"
"VIT_16s0100g01100"	"VIT_13s0019g00480"	0.894906356231592	0.329439695202446	"family_other"
"VIT_12s0059g00370"	"VIT_13s0019g00480"	0.667249345039689	0.0174936954529078	"other_other"
"VIT_18s0001g02760"	"VIT_13s0019g00480"	0.691135033922061	0.0248673256071519	"other_other"
"VIT_16s0100g00990"	"VIT_13s0019g00480"	0.84641897763122	0.188735641470736	"family_other"
"VIT_16s0100g01030"	"VIT_13s0019g00480"	0.855268649565488	0.209423556047529	"family_other"
"VIT_05s0077g01530"	"VIT_13s0019g00480"	0.869988889212371	0.248391689810102	"other_other"
"VIT_16s0100g01000"	"VIT_13s0019g00480"	0.854784915529336	0.208242081063256	"family_other"
"VIT_16s0100g00950"	"VIT_13s0019g00480"	0.84373530163925	0.182836206704164	"other_other"
"VIT_16s0100g00830"	"VIT_13s0019g00480"	0.88225993947318	0.285736419171437	"family_other"
"VIT_06s0004g01030"	"VIT_13s0019g00480"	0.874213780370139	0.260721280594137	"other_other"
"VIT_05s0077g01580"	"VIT_02s0025g04270"	0.842038541753122	0.179192448868775	"other_other"
"VIT_03s0038g03860"	"VIT_02s0025g04270"	-0.718288035506167	0.0365583279734697	"other_other"
"VIT_09s0002g01000"	"VIT_02s0025g04270"	-0.679866023094962	0.0210976155743063	"other_other"
"VIT_00s1206g00010"	"VIT_02s0025g04270"	-0.692333758194171	0.0253020135086886	"other_other"
"VIT_14s0030g00340"	"VIT_02s0025g04270"	-0.639703266194591	0.0114758716266961	"other_other"
"VIT_02s0025g03260"	"VIT_02s0025g04270"	-0.807384746277747	0.117707843002708	"other_other"
"VIT_10s0116g00530"	"VIT_02s0025g04270"	-0.77213222931433	0.0753211263363229	"other_other"
"VIT_08s0007g01560"	"VIT_02s0025g04270"	0.639772980661245	0.0114883840956605	"other_other"
"VIT_02s0012g01660"	"VIT_02s0025g04270"	-0.687167007313229	0.0234759403361623	"other_other"
"VIT_05s0062g00610"	"VIT_02s0025g04270"	-0.598792219230013	0.00592599777918078	"other_other"
"VIT_04s0044g00040"	"VIT_02s0025g04270"	0.705813931239691	0.0306833137840799	"other_other"
"VIT_08s0040g01710"	"VIT_02s0025g04270"	0.764039087882351	0.0677884610348195	"other_other"
"VIT_18s0001g08760"	"VIT_02s0025g04270"	0.842404637009737	0.179973054494507	"other_other"
"VIT_05s0049g01550"	"VIT_02s0025g04270"	0.800070149630277	0.107468372800731	"other_other"
"VIT_18s0166g00060"	"VIT_02s0025g04270"	0.75094728572583	0.057028837506837	"other_other"
"VIT_18s0001g15130"	"VIT_02s0025g04270"	0.846394440732786	0.188680935901524	"other_other"
"VIT_05s0077g01560"	"VIT_02s0025g04270"	0.88965266145516	0.310602411409942	"other_other"
"VIT_07s0005g03340"	"VIT_02s0025g04270"	0.725292800303361	0.0402840998839199	"other_other"
"VIT_06s0004g07550"	"VIT_02s0025g04270"	0.755253722829479	0.0603849549925033	"other_other"
"VIT_18s0001g15220"	"VIT_02s0025g04270"	0.812641772973115	0.125600517859975	"other_other"
"VIT_00s0270g00120"	"VIT_02s0025g04270"	0.736797855148676	0.0471501989305088	"other_other"
"VIT_14s0030g01890"	"VIT_02s0025g04270"	0.77445694368515	0.0776198464928272	"other_other"
"VIT_05s0077g01570"	"VIT_02s0025g04270"	0.897847138185136	0.340427023114957	"other_other"
"VIT_06s0004g02010"	"VIT_02s0025g04270"	0.857973399373883	0.216141535194248	"other_other"
"VIT_11s0016g03190"	"VIT_02s0025g04270"	0.739694572479673	0.0490370483018964	"other_other"
"VIT_03s0091g00160"	"VIT_02s0025g04270"	0.716491857473243	0.0356543556713378	"other_other"
"VIT_06s0004g01990"	"VIT_02s0025g04270"	0.835987248956696	0.166723390425409	"other_other"
"VIT_06s0061g01210"	"VIT_02s0025g04270"	0.706118451929902	0.0308159530709577	"other_other"
"VIT_15s0046g01570"	"VIT_02s0025g04270"	0.853870016161991	0.206023914572303	"other_other"
"VIT_02s0033g01380"	"VIT_02s0025g04270"	0.508419911460938	0.00115405234208673	"other_other"
"VIT_05s0077g01540"	"VIT_02s0025g04270"	0.858230511601339	0.216790129113595	"other_other"
"VIT_01s0011g01810"	"VIT_02s0025g04270"	0.743667867690416	0.0517356809282926	"other_other"
"VIT_06s0004g01010"	"VIT_02s0025g04270"	0.807737615517515	0.118223300618293	"other_other"
"VIT_05s0020g03140"	"VIT_02s0025g04270"	0.676072685954745	0.0199495867294368	"other_other"
"VIT_12s0059g01720"	"VIT_02s0025g04270"	0.726810759868597	0.0411351874561711	"other_other"
"VIT_03s0038g03400"	"VIT_02s0025g04270"	0.785763601738692	0.0897261585882811	"other_other"
"VIT_08s0007g01810"	"VIT_02s0025g04270"	0.707262361644931	0.0313188256155202	"other_other"
"VIT_06s0004g01020"	"VIT_02s0025g04270"	0.796426064761948	0.102672620858653	"other_other"
"VIT_11s0065g00350"	"VIT_02s0025g04270"	0.652329834188422	0.0139531548365091	"other_other"
"VIT_12s0028g00920"	"VIT_02s0025g04270"	0.804595206055199	0.113703650018294	"other_other"
"VIT_12s0059g00310"	"VIT_02s0025g04270"	0.616546408643896	0.00793702454775472	"other_other"
"VIT_16s0039g01100"	"VIT_02s0025g04270"	0.796346729143365	0.102570389831465	"other_other"
"VIT_16s0100g01010"	"VIT_02s0025g04270"	0.802195788818638	0.110357988997432	"family_other"
"VIT_16s0100g01200"	"VIT_02s0025g04270"	0.842548339873388	0.180280300019859	"family_other"
"VIT_08s0007g06060"	"VIT_02s0025g04270"	0.891495850760479	0.317097824166608	"other_other"
"VIT_05s0077g01550"	"VIT_02s0025g04270"	0.90971118560693	0.388181958918791	"other_other"
"VIT_05s0020g05000"	"VIT_02s0025g04270"	0.770279312383999	0.0735330094410783	"other_other"
"VIT_02s0025g04250"	"VIT_02s0025g04270"	0.902296502757164	0.357678421905744	"other_other"
"VIT_03s0088g00710"	"VIT_02s0025g04270"	0.942360011935333	0.552291666217692	"other_other"
"VIT_16s0100g01100"	"VIT_02s0025g04270"	0.837187095656239	0.169131793933466	"family_other"
"VIT_12s0059g00370"	"VIT_02s0025g04270"	0.506472364504241	0.00111059964954112	"other_other"
"VIT_18s0001g02760"	"VIT_02s0025g04270"	0.764063402935687	0.0678100373669913	"other_other"
"VIT_16s0100g00990"	"VIT_02s0025g04270"	0.805278432812677	0.114672869076516	"family_other"
"VIT_16s0100g01030"	"VIT_02s0025g04270"	0.729038574548485	0.04241359461561	"family_other"
"VIT_05s0077g01530"	"VIT_02s0025g04270"	0.881856177181864	0.284431449023699	"other_other"
"VIT_16s0100g01000"	"VIT_02s0025g04270"	0.81495779993934	0.12922638852053	"family_other"
"VIT_16s0100g00950"	"VIT_02s0025g04270"	0.735379216367476	0.0462501893097242	"other_other"
"VIT_16s0100g00830"	"VIT_02s0025g04270"	0.803780982490888	0.112558232672087	"family_other"
"VIT_06s0004g01030"	"VIT_02s0025g04270"	0.811374645292942	0.123655751967049	"other_other"
"VIT_13s0019g00480"	"VIT_02s0025g04270"	0.731947326094006	0.0441365401411033	"other_other"
"VIT_05s0077g01580"	"VIT_00s0324g00050"	0.839589815251163	0.174049033826453	"other_other"
"VIT_03s0038g03860"	"VIT_00s0324g00050"	-0.87596797942693	0.266000412674342	"other_other"
"VIT_09s0002g01000"	"VIT_00s0324g00050"	-0.917154841857527	0.421140134378448	"other_other"
"VIT_00s1206g00010"	"VIT_00s0324g00050"	-0.929120527979817	0.479424865193554	"other_other"
"VIT_14s0030g00340"	"VIT_00s0324g00050"	-0.680770469981021	0.0213799698983223	"other_other"
"VIT_02s0025g03260"	"VIT_00s0324g00050"	-0.929153380911292	0.4795944128267	"other_other"
"VIT_10s0116g00530"	"VIT_00s0324g00050"	-0.899549151892416	0.34693569433398	"other_other"
"VIT_08s0007g01560"	"VIT_00s0324g00050"	0.613707652108051	0.00757906067463608	"other_other"
"VIT_02s0012g01660"	"VIT_00s0324g00050"	-0.880565172662723	0.280294803523089	"other_other"
"VIT_05s0062g00610"	"VIT_00s0324g00050"	-0.528543798590027	0.00170141327153406	"other_other"
"VIT_04s0044g00040"	"VIT_00s0324g00050"	0.85037374975341	0.197741786991596	"other_other"
"VIT_08s0040g01710"	"VIT_00s0324g00050"	0.77532574511801	0.0784950105131144	"other_other"
"VIT_18s0001g08760"	"VIT_00s0324g00050"	0.784279564575504	0.0880458702690479	"other_other"
"VIT_05s0049g01550"	"VIT_00s0324g00050"	0.687216775963683	0.0234929485265915	"other_other"
"VIT_18s0166g00060"	"VIT_00s0324g00050"	0.623815130097344	0.00892398927901904	"other_other"
"VIT_18s0001g15130"	"VIT_00s0324g00050"	0.72838941527422	0.0420374400895197	"other_other"
"VIT_05s0077g01560"	"VIT_00s0324g00050"	0.837765130034127	0.170303196432925	"other_other"
"VIT_07s0005g03340"	"VIT_00s0324g00050"	0.755402229991096	0.0605037963446564	"other_other"
"VIT_06s0004g07550"	"VIT_00s0324g00050"	0.843348009085158	0.181998680846397	"other_other"
"VIT_18s0001g15220"	"VIT_00s0324g00050"	0.85820704101835	0.216730849415208	"other_other"
"VIT_00s0270g00120"	"VIT_00s0324g00050"	0.974842016799385	0.775072619334581	"other_other"
"VIT_14s0030g01890"	"VIT_00s0324g00050"	0.95077560103775	0.603643158188464	"other_other"
"VIT_05s0077g01570"	"VIT_00s0324g00050"	0.84900408906533	0.194579829922491	"other_other"
"VIT_06s0004g02010"	"VIT_00s0324g00050"	0.967320809150065	0.71730738946497	"other_other"
"VIT_11s0016g03190"	"VIT_00s0324g00050"	0.929393457979375	0.480835043173525	"other_other"
"VIT_03s0091g00160"	"VIT_00s0324g00050"	0.689541676195036	0.0242999400691867	"other_other"
"VIT_06s0004g01990"	"VIT_00s0324g00050"	0.968319815611174	0.724749948357532	"other_other"
"VIT_06s0061g01210"	"VIT_00s0324g00050"	0.91356440877879	0.404940968393308	"other_other"
"VIT_15s0046g01570"	"VIT_00s0324g00050"	0.908569271042684	0.383336738439567	"other_other"
"VIT_02s0033g01380"	"VIT_00s0324g00050"	0.587333374610331	0.0048848001330081	"other_other"
"VIT_05s0077g01540"	"VIT_00s0324g00050"	0.930136816589179	0.484694787418684	"other_other"
"VIT_01s0011g01810"	"VIT_00s0324g00050"	0.880893203734126	0.281340719190897	"other_other"
"VIT_06s0004g01010"	"VIT_00s0324g00050"	0.877651180317666	0.271156120874386	"other_other"
"VIT_05s0020g03140"	"VIT_00s0324g00050"	0.955593696845942	0.634940112414941	"other_other"
"VIT_12s0059g01720"	"VIT_00s0324g00050"	0.857458027179739	0.214846708181038	"other_other"
"VIT_03s0038g03400"	"VIT_00s0324g00050"	0.92621307950436	0.464631977260809	"other_other"
"VIT_08s0007g01810"	"VIT_00s0324g00050"	0.876008795595476	0.266124382896233	"other_other"
"VIT_06s0004g01020"	"VIT_00s0324g00050"	0.972853117105368	0.759403767735608	"other_other"
"VIT_11s0065g00350"	"VIT_00s0324g00050"	0.84308924854923	0.181441033168211	"other_other"
"VIT_12s0028g00920"	"VIT_00s0324g00050"	0.781016962317065	0.0844509736384166	"other_other"
"VIT_12s0059g00310"	"VIT_00s0324g00050"	0.742810832298625	0.0511425388388812	"other_other"
"VIT_16s0039g01100"	"VIT_00s0324g00050"	0.832649683977875	0.160185505309748	"other_other"
"VIT_16s0100g01010"	"VIT_00s0324g00050"	0.85172545261135	0.200907549791442	"family_other"
"VIT_16s0100g01200"	"VIT_00s0324g00050"	0.930289493068957	0.48549097328741	"family_other"
"VIT_08s0007g06060"	"VIT_00s0324g00050"	0.558357056524082	0.00294523593902553	"other_other"
"VIT_05s0077g01550"	"VIT_00s0324g00050"	0.78904113257788	0.0935397995609856	"other_other"
"VIT_05s0020g05000"	"VIT_00s0324g00050"	0.957540713321838	0.647996240783045	"other_other"
"VIT_02s0025g04250"	"VIT_00s0324g00050"	0.927372035110669	0.470478688907844	"other_other"
"VIT_03s0088g00710"	"VIT_00s0324g00050"	0.897702352808289	0.339878454199071	"other_other"
"VIT_16s0100g01100"	"VIT_00s0324g00050"	0.978893213434887	0.80789175512084	"family_other"
"VIT_12s0059g00370"	"VIT_00s0324g00050"	0.623945724027027	0.0089426890072291	"other_other"
"VIT_18s0001g02760"	"VIT_00s0324g00050"	0.852171813544925	0.201962925828129	"other_other"
"VIT_16s0100g00990"	"VIT_00s0324g00050"	0.853581224589762	0.205328170527528	"family_other"
"VIT_16s0100g01030"	"VIT_00s0324g00050"	0.921657649123545	0.442278998840045	"family_other"
"VIT_05s0077g01530"	"VIT_00s0324g00050"	0.949239033692588	0.593958204203312	"other_other"
"VIT_16s0100g01000"	"VIT_00s0324g00050"	0.846771278047729	0.189522678679972	"family_other"
"VIT_16s0100g00950"	"VIT_00s0324g00050"	0.84471186775191	0.184963467417128	"other_other"
"VIT_16s0100g00830"	"VIT_00s0324g00050"	0.914938528777739	0.41107320077432	"family_other"
"VIT_06s0004g01030"	"VIT_00s0324g00050"	0.962339109336112	0.681210538894067	"other_other"
"VIT_13s0019g00480"	"VIT_00s0324g00050"	0.871617297919396	0.253080337935456	"other_other"
"VIT_02s0025g04270"	"VIT_00s0324g00050"	0.779357402177302	0.0826735613063444	"other_other"
"VIT_05s0077g01580"	"VIT_16s0100g00750"	0.830489139095403	0.156077238506054	"family_other"
"VIT_03s0038g03860"	"VIT_16s0100g00750"	-0.87774379540882	0.27144239722411	"family_other"
"VIT_09s0002g01000"	"VIT_16s0100g00750"	-0.892635519719485	0.321174933433602	"family_other"
"VIT_00s1206g00010"	"VIT_16s0100g00750"	-0.905026259310987	0.368647933961171	"family_other"
"VIT_14s0030g00340"	"VIT_16s0100g00750"	-0.737449346267682	0.0475687730428011	"family_other"
"VIT_02s0025g03260"	"VIT_16s0100g00750"	-0.936461078821496	0.518677393192573	"family_other"
"VIT_10s0116g00530"	"VIT_16s0100g00750"	-0.896057014120394	0.333700177267	"family_other"
"VIT_08s0007g01560"	"VIT_16s0100g00750"	0.736123044343621	0.0467201399895274	"family_other"
"VIT_02s0012g01660"	"VIT_16s0100g00750"	-0.869129224974069	0.245948136149906	"family_other"
"VIT_05s0062g00610"	"VIT_16s0100g00750"	-0.603333453530664	0.00639107724612554	"family_other"
"VIT_04s0044g00040"	"VIT_16s0100g00750"	0.825997252009114	0.147837981667657	"family_other"
"VIT_08s0040g01710"	"VIT_16s0100g00750"	0.844355920642374	0.184185539318128	"family_other"
"VIT_18s0001g08760"	"VIT_16s0100g00750"	0.865712032892486	0.236447398455084	"family_other"
"VIT_05s0049g01550"	"VIT_16s0100g00750"	0.757147313204238	0.061916137439173	"family_other"
"VIT_18s0166g00060"	"VIT_16s0100g00750"	0.708276797780931	0.03177094634564	"family_other"
"VIT_18s0001g15130"	"VIT_16s0100g00750"	0.834596663992523	0.163970773130265	"family_other"
"VIT_05s0077g01560"	"VIT_16s0100g00750"	0.883029058866525	0.288237151001405	"family_other"
"VIT_07s0005g03340"	"VIT_16s0100g00750"	0.832490631759209	0.159879782852658	"family_other"
"VIT_06s0004g07550"	"VIT_16s0100g00750"	0.833672915240758	0.162164923534365	"family_other"
"VIT_18s0001g15220"	"VIT_16s0100g00750"	0.865901571875423	0.236965586692864	"family_other"
"VIT_00s0270g00120"	"VIT_16s0100g00750"	0.925716332552847	0.462146066771774	"family_other"
"VIT_14s0030g01890"	"VIT_16s0100g00750"	0.904278661162919	0.36561400767922	"family_other"
"VIT_05s0077g01570"	"VIT_16s0100g00750"	0.89922394123469	0.34568346918333	"family_other"
"VIT_06s0004g02010"	"VIT_16s0100g00750"	0.963260879912715	0.687763668356927	"family_other"
"VIT_11s0016g03190"	"VIT_16s0100g00750"	0.889469428484073	0.309963286880527	"family_other"
"VIT_03s0091g00160"	"VIT_16s0100g00750"	0.775725211135336	0.0789003741769636	"family_other"
"VIT_06s0004g01990"	"VIT_16s0100g00750"	0.960245281337298	0.666533247010108	"family_other"
"VIT_06s0061g01210"	"VIT_16s0100g00750"	0.872080495327562	0.254428485677685	"family_other"
"VIT_15s0046g01570"	"VIT_16s0100g00750"	0.950802262038515	0.603812449045725	"family_other"
"VIT_02s0033g01380"	"VIT_16s0100g00750"	0.704123315521706	0.0299562366501297	"family_other"
"VIT_05s0077g01540"	"VIT_16s0100g00750"	0.944417623500418	0.564469950485846	"family_other"
"VIT_01s0011g01810"	"VIT_16s0100g00750"	0.88177598682862	0.284172911090942	"family_other"
"VIT_06s0004g01010"	"VIT_16s0100g00750"	0.928780241397829	0.477671882334237	"family_other"
"VIT_05s0020g03140"	"VIT_16s0100g00750"	0.897934671340631	0.340759058790098	"family_other"
"VIT_12s0059g01720"	"VIT_16s0100g00750"	0.894071209459742	0.326378168643686	"family_other"
"VIT_03s0038g03400"	"VIT_16s0100g00750"	0.944689467452121	0.566096843616614	"family_other"
"VIT_08s0007g01810"	"VIT_16s0100g00750"	0.863704124924276	0.231020190316806	"family_other"
"VIT_06s0004g01020"	"VIT_16s0100g00750"	0.951962057601192	0.611218358688589	"family_other"
"VIT_11s0065g00350"	"VIT_16s0100g00750"	0.887060519837734	0.301670266176967	"family_other"
"VIT_12s0028g00920"	"VIT_16s0100g00750"	0.834951813175889	0.164669862018678	"family_other"
"VIT_12s0059g00310"	"VIT_16s0100g00750"	0.798263151739883	0.105065667654645	"family_other"
"VIT_16s0039g01100"	"VIT_16s0100g00750"	0.913773381320954	0.405868201339523	"family_other"
"VIT_16s0100g01010"	"VIT_16s0100g00750"	0.954319936711295	0.626527254207591	"family_family"
"VIT_16s0100g01200"	"VIT_16s0100g00750"	0.983539421793166	0.847066912611242	"family_family"
"VIT_08s0007g06060"	"VIT_16s0100g00750"	0.661979425243496	0.0161601324104439	"family_other"
"VIT_05s0077g01550"	"VIT_16s0100g00750"	0.863527138764459	0.230547230969657	"family_other"
"VIT_05s0020g05000"	"VIT_16s0100g00750"	0.90777179435197	0.379985343116474	"family_other"
"VIT_02s0025g04250"	"VIT_16s0100g00750"	0.942323390474332	0.552077075288298	"family_other"
"VIT_03s0088g00710"	"VIT_16s0100g00750"	0.930265633117266	0.485366469523814	"family_other"
"VIT_16s0100g01100"	"VIT_16s0100g00750"	0.969225740101243	0.731559060403803	"family_family"
"VIT_12s0059g00370"	"VIT_16s0100g00750"	0.667651422635019	0.0175993969725469	"family_other"
"VIT_18s0001g02760"	"VIT_16s0100g00750"	0.848043540517838	0.192389561653862	"family_other"
"VIT_16s0100g00990"	"VIT_16s0100g00750"	0.957255771437221	0.64607053453043	"family_family"
"VIT_16s0100g01030"	"VIT_16s0100g00750"	0.954466318688628	0.627488940378714	"family_family"
"VIT_05s0077g01530"	"VIT_16s0100g00750"	0.969377904329287	0.732708388072135	"family_other"
"VIT_16s0100g01000"	"VIT_16s0100g00750"	0.946300577659031	0.57582571034288	"family_family"
"VIT_16s0100g00950"	"VIT_16s0100g00750"	0.934705610100485	0.509035995028541	"family_other"
"VIT_16s0100g00830"	"VIT_16s0100g00750"	0.969526718914337	0.733833986773219	"family_family"
"VIT_06s0004g01030"	"VIT_16s0100g00750"	0.962747218917154	0.684104941571866	"family_other"
"VIT_13s0019g00480"	"VIT_16s0100g00750"	0.871591703390483	0.253006032203145	"family_other"
"VIT_02s0025g04270"	"VIT_16s0100g00750"	0.849651284966828	0.196068210694376	"family_other"
"VIT_00s0324g00050"	"VIT_16s0100g00750"	0.944663646727117	0.565942134225656	"family_other"
"VIT_05s0077g01580"	"VIT_16s0100g00910"	0.79603294124413	0.102166943238233	"family_other"
"VIT_03s0038g03860"	"VIT_16s0100g00910"	-0.866434852397174	0.238429031631937	"family_other"
"VIT_09s0002g01000"	"VIT_16s0100g00910"	-0.880120918308084	0.278883893024461	"family_other"
"VIT_00s1206g00010"	"VIT_16s0100g00910"	-0.888562130652755	0.306815999099317	"family_other"
"VIT_14s0030g00340"	"VIT_16s0100g00910"	-0.757986060116786	0.062605456598715	"family_other"
"VIT_02s0025g03260"	"VIT_16s0100g00910"	-0.908537207164238	0.383201478408023	"family_other"
"VIT_10s0116g00530"	"VIT_16s0100g00910"	-0.87599701045669	0.266088582765703	"family_other"
"VIT_08s0007g01560"	"VIT_16s0100g00910"	0.752470782073942	0.0581964391435859	"family_other"
"VIT_02s0012g01660"	"VIT_16s0100g00910"	-0.830257987101456	0.155643368757179	"family_other"
"VIT_05s0062g00610"	"VIT_16s0100g00910"	-0.603468903995105	0.00640543994159863	"family_other"
"VIT_04s0044g00040"	"VIT_16s0100g00910"	0.829392366395645	0.154028234911584	"family_other"
"VIT_08s0040g01710"	"VIT_16s0100g00910"	0.849624762503637	0.196007015218343	"family_other"
"VIT_18s0001g08760"	"VIT_16s0100g00910"	0.867869399003438	0.24240621729738	"family_other"
"VIT_05s0049g01550"	"VIT_16s0100g00910"	0.75481847059897	0.0600378579829541	"family_other"
"VIT_18s0166g00060"	"VIT_16s0100g00910"	0.699869449257898	0.0281948871581785	"family_other"
"VIT_18s0001g15130"	"VIT_16s0100g00910"	0.824781610733336	0.14567656549346	"family_other"
"VIT_05s0077g01560"	"VIT_16s0100g00910"	0.854590478283287	0.207768879031901	"family_other"
"VIT_07s0005g03340"	"VIT_16s0100g00910"	0.837570791114257	0.169908551076465	"family_other"
"VIT_06s0004g07550"	"VIT_16s0100g00910"	0.810340172626828	0.122088201455792	"family_other"
"VIT_18s0001g15220"	"VIT_16s0100g00910"	0.832609823765694	0.160108838578786	"family_other"
"VIT_00s0270g00120"	"VIT_16s0100g00910"	0.89795111034198	0.340821448631168	"family_other"
"VIT_14s0030g01890"	"VIT_16s0100g00910"	0.875319967062755	0.264039166668299	"family_other"
"VIT_05s0077g01570"	"VIT_16s0100g00910"	0.869189281632369	0.246118138683113	"family_other"
"VIT_06s0004g02010"	"VIT_16s0100g00910"	0.937197304096646	0.522769578211246	"family_other"
"VIT_11s0016g03190"	"VIT_16s0100g00910"	0.869864115163405	0.248035675585167	"family_other"
"VIT_03s0091g00160"	"VIT_16s0100g00910"	0.79278605076508	0.098075380207866	"family_other"
"VIT_06s0004g01990"	"VIT_16s0100g00910"	0.934043326704029	0.505440711143026	"family_other"
"VIT_06s0061g01210"	"VIT_16s0100g00910"	0.831618904252913	0.158213497400946	"family_other"
"VIT_15s0046g01570"	"VIT_16s0100g00910"	0.928253345616351	0.474968963480293	"family_other"
"VIT_02s0033g01380"	"VIT_16s0100g00910"	0.737039374410174	0.0473049834971564	"family_other"
"VIT_05s0077g01540"	"VIT_16s0100g00910"	0.915622387987068	0.414156070251982	"family_other"
"VIT_01s0011g01810"	"VIT_16s0100g00910"	0.877838376336479	0.271735030750056	"family_other"
"VIT_06s0004g01010"	"VIT_16s0100g00910"	0.912170245830694	0.398803552607433	"family_other"
"VIT_05s0020g03140"	"VIT_16s0100g00910"	0.87702101648933	0.26921546677575	"family_other"
"VIT_12s0059g01720"	"VIT_16s0100g00910"	0.899716566746553	0.347581916457165	"family_other"
"VIT_03s0038g03400"	"VIT_16s0100g00910"	0.928759130502045	0.477563320055415	"family_other"
"VIT_08s0007g01810"	"VIT_16s0100g00910"	0.829037375772548	0.153370242539164	"family_other"
"VIT_06s0004g01020"	"VIT_16s0100g00910"	0.921282842000396	0.440483686985503	"family_other"
"VIT_11s0065g00350"	"VIT_16s0100g00910"	0.884127549185945	0.291842967637643	"family_other"
"VIT_12s0028g00920"	"VIT_16s0100g00910"	0.820529441274999	0.13833806131654	"family_other"
"VIT_12s0059g00310"	"VIT_16s0100g00910"	0.828246644927614	0.151913669079745	"family_other"
"VIT_16s0039g01100"	"VIT_16s0100g00910"	0.944817515620637	0.566864629186633	"family_other"
"VIT_16s0100g01010"	"VIT_16s0100g00910"	0.976235943781811	0.786226970996225	"family_family"
"VIT_16s0100g01200"	"VIT_16s0100g00910"	0.983962651095595	0.850719013749889	"family_family"
"VIT_08s0007g06060"	"VIT_16s0100g00910"	0.638504717756332	0.0112626634065144	"family_other"
"VIT_05s0077g01550"	"VIT_16s0100g00910"	0.865497988578148	0.235863440429127	"family_other"
"VIT_05s0020g05000"	"VIT_16s0100g00910"	0.884358030036467	0.292604658385997	"family_other"
"VIT_02s0025g04250"	"VIT_16s0100g00910"	0.921802257133671	0.442973424387099	"family_other"
"VIT_03s0088g00710"	"VIT_16s0100g00910"	0.909791811476884	0.388526134013502	"family_other"
"VIT_16s0100g01100"	"VIT_16s0100g00910"	0.94765494931325	0.584120369633051	"family_family"
"VIT_12s0059g00370"	"VIT_16s0100g00910"	0.691073352536119	0.0248451412991566	"family_other"
"VIT_18s0001g02760"	"VIT_16s0100g00910"	0.843139493996468	0.181549195277994	"family_other"
"VIT_16s0100g00990"	"VIT_16s0100g00910"	0.977142614376484	0.79355957849876	"family_family"
"VIT_16s0100g01030"	"VIT_16s0100g00910"	0.945602808673955	0.571593833691355	"family_family"
"VIT_05s0077g01530"	"VIT_16s0100g00910"	0.940868618837882	0.543613002322306	"family_other"
"VIT_16s0100g01000"	"VIT_16s0100g00910"	0.965128765063543	0.701217259182227	"family_family"
"VIT_16s0100g00950"	"VIT_16s0100g00910"	0.948338989405969	0.588350412573747	"family_other"
"VIT_16s0100g00830"	"VIT_16s0100g00910"	0.990219146668376	0.906386012976828	"family_family"
"VIT_06s0004g01030"	"VIT_16s0100g00910"	0.936332320336064	0.517964680073611	"family_other"
"VIT_13s0019g00480"	"VIT_16s0100g00910"	0.881747410660168	0.28408083114154	"family_other"
"VIT_02s0025g04270"	"VIT_16s0100g00910"	0.83407292883809	0.162944706774819	"family_other"
"VIT_00s0324g00050"	"VIT_16s0100g00910"	0.925073284483403	0.458945789576601	"family_other"
"VIT_16s0100g00750"	"VIT_16s0100g00910"	0.983943214311922	0.85055098123707	"family_family"
"VIT_05s0077g01580"	"VIT_12s0028g02530"	0.862801294623327	0.228616662768672	"other_other"
"VIT_03s0038g03860"	"VIT_12s0028g02530"	-0.81844533582599	0.134864231124055	"other_other"
"VIT_09s0002g01000"	"VIT_12s0028g02530"	-0.875098006073484	0.263370387633213	"other_other"
"VIT_00s1206g00010"	"VIT_12s0028g02530"	-0.86596214465296	0.237131404419398	"other_other"
"VIT_14s0030g00340"	"VIT_12s0028g02530"	-0.701744976335078	0.0289596376007189	"other_other"
"VIT_02s0025g03260"	"VIT_12s0028g02530"	-0.891530111165438	0.317219706717285	"other_other"
"VIT_10s0116g00530"	"VIT_12s0028g02530"	-0.911148889029872	0.394360582751326	"other_other"
"VIT_08s0007g01560"	"VIT_12s0028g02530"	0.677022121524983	0.0202315237787444	"other_other"
"VIT_02s0012g01660"	"VIT_12s0028g02530"	-0.825447419243956	0.146856826975549	"other_other"
"VIT_05s0062g00610"	"VIT_12s0028g02530"	-0.542641535575464	0.00221375895158142	"other_other"
"VIT_04s0044g00040"	"VIT_12s0028g02530"	0.850881237411577	0.198925048370688	"other_other"
"VIT_08s0040g01710"	"VIT_12s0028g02530"	0.820515318786607	0.138314253196336	"other_other"
"VIT_18s0001g08760"	"VIT_12s0028g02530"	0.842635904452325	0.180467749839545	"other_other"
"VIT_05s0049g01550"	"VIT_12s0028g02530"	0.745238208545	0.0528385792765954	"other_other"
"VIT_18s0166g00060"	"VIT_12s0028g02530"	0.655486471451265	0.01464324495473	"other_other"
"VIT_18s0001g15130"	"VIT_12s0028g02530"	0.766719252353097	0.0702042954838199	"other_other"
"VIT_05s0077g01560"	"VIT_12s0028g02530"	0.909067691460912	0.385444835329263	"other_other"
"VIT_07s0005g03340"	"VIT_12s0028g02530"	0.795967057095979	0.102082415636014	"other_other"
"VIT_06s0004g07550"	"VIT_12s0028g02530"	0.784942879126322	0.0887933700904947	"other_other"
"VIT_18s0001g15220"	"VIT_12s0028g02530"	0.8847405193527	0.293872654226766	"other_other"
"VIT_00s0270g00120"	"VIT_12s0028g02530"	0.944706131384245	0.566196708689149	"other_other"
"VIT_14s0030g01890"	"VIT_12s0028g02530"	0.914492557848806	0.409073885013814	"other_other"
"VIT_05s0077g01570"	"VIT_12s0028g02530"	0.911180972318217	0.394499466631279	"other_other"
"VIT_06s0004g02010"	"VIT_12s0028g02530"	0.957267116564437	0.646147109083976	"other_other"
"VIT_11s0016g03190"	"VIT_12s0028g02530"	0.896482180801287	0.335286923587477	"other_other"
"VIT_03s0091g00160"	"VIT_12s0028g02530"	0.766159857174798	0.0696937662660566	"other_other"
"VIT_06s0004g01990"	"VIT_12s0028g02530"	0.970416081242142	0.740593418517631	"other_other"
"VIT_06s0061g01210"	"VIT_12s0028g02530"	0.874134979075622	0.260486362737895	"other_other"
"VIT_15s0046g01570"	"VIT_12s0028g02530"	0.928396130362293	0.475700070842258	"other_other"
"VIT_02s0033g01380"	"VIT_12s0028g02530"	0.633960420522576	0.0104862799580967	"other_other"
"VIT_05s0077g01540"	"VIT_12s0028g02530"	0.95009314716056	0.599324257760077	"other_other"
"VIT_01s0011g01810"	"VIT_12s0028g02530"	0.851005269889151	0.199215210575228	"other_other"
"VIT_06s0004g01010"	"VIT_12s0028g02530"	0.925144879712674	0.459301110345535	"other_other"
"VIT_05s0020g03140"	"VIT_12s0028g02530"	0.919280004920578	0.431000862896154	"other_other"
"VIT_12s0059g01720"	"VIT_12s0028g02530"	0.872481280413552	0.255600192719276	"other_other"
"VIT_03s0038g03400"	"VIT_12s0028g02530"	0.930002187932618	0.483993693543669	"other_other"
"VIT_08s0007g01810"	"VIT_12s0028g02530"	0.856612328815686	0.212737086428898	"other_other"
"VIT_06s0004g01020"	"VIT_12s0028g02530"	0.959724350370378	0.662926133300652	"other_other"
"VIT_11s0065g00350"	"VIT_12s0028g02530"	0.833452880948714	0.161737423804702	"other_other"
"VIT_12s0028g00920"	"VIT_12s0028g02530"	0.791891045729135	0.0969737794906707	"other_other"
"VIT_12s0059g00310"	"VIT_12s0028g02530"	0.735244052372203	0.0461652509240042	"other_other"
"VIT_16s0039g01100"	"VIT_12s0028g02530"	0.837236221989843	0.1692310670751	"other_other"
"VIT_16s0100g01010"	"VIT_12s0028g02530"	0.872673894396426	0.25616503130723	"family_other"
"VIT_16s0100g01200"	"VIT_12s0028g02530"	0.938263475241793	0.528747228794609	"family_other"
"VIT_08s0007g06060"	"VIT_12s0028g02530"	0.67443145142212	0.0194705468677373	"other_other"
"VIT_05s0077g01550"	"VIT_12s0028g02530"	0.861047929043291	0.224013022228561	"other_other"
"VIT_05s0020g05000"	"VIT_12s0028g02530"	0.921116427360411	0.439688671870027	"other_other"
"VIT_02s0025g04250"	"VIT_12s0028g02530"	0.911508780971423	0.395921027270067	"other_other"
"VIT_03s0088g00710"	"VIT_12s0028g02530"	0.926991652423253	0.468552471829135	"other_other"
"VIT_16s0100g01100"	"VIT_12s0028g02530"	0.967727884738214	0.72033174198979	"family_other"
"VIT_12s0059g00370"	"VIT_12s0028g02530"	0.625104565068317	0.00911017469875435	"other_other"
"VIT_18s0001g02760"	"VIT_12s0028g02530"	0.802743316835052	0.111113540413908	"other_other"
"VIT_16s0100g00990"	"VIT_12s0028g02530"	0.875704780709247	0.265202251288253	"family_other"
"VIT_16s0100g01030"	"VIT_12s0028g02530"	0.920056414420743	0.434654894835085	"family_other"
"VIT_05s0077g01530"	"VIT_12s0028g02530"	0.954595252749999	0.628337099126963	"other_other"
"VIT_16s0100g01000"	"VIT_12s0028g02530"	0.858686656358681	0.217945116347985	"family_other"
"VIT_16s0100g00950"	"VIT_12s0028g02530"	0.871588948506714	0.252998035427877	"other_other"
"VIT_16s0100g00830"	"VIT_12s0028g02530"	0.916242825190759	0.416971016514887	"family_other"
"VIT_06s0004g01030"	"VIT_12s0028g02530"	0.959082661304044	0.658507001725537	"other_other"
"VIT_13s0019g00480"	"VIT_12s0028g02530"	0.880403884324973	0.279781825721592	"other_other"
"VIT_02s0025g04270"	"VIT_12s0028g02530"	0.851830515550457	0.201155513008216	"other_other"
"VIT_00s0324g00050"	"VIT_12s0028g02530"	0.952386930601136	0.613951790769647	"other_other"
"VIT_16s0100g00750"	"VIT_12s0028g02530"	0.94758190180978	0.583670271869784	"family_other"
"VIT_16s0100g00910"	"VIT_12s0028g02530"	0.921397963988246	0.441034417763961	"family_other"
"VIT_05s0077g01580"	"VIT_12s0028g00860"	0.854897648810072	0.208516884115353	"other_other"
"VIT_03s0038g03860"	"VIT_12s0028g00860"	-0.877169121181421	0.26967044318497	"other_other"
"VIT_09s0002g01000"	"VIT_12s0028g00860"	-0.890127938247432	0.312265729210352	"other_other"
"VIT_00s1206g00010"	"VIT_12s0028g00860"	-0.884847722828767	0.294228932174394	"other_other"
"VIT_14s0030g00340"	"VIT_12s0028g00860"	-0.714197784671942	0.0345290784411011	"other_other"
"VIT_02s0025g03260"	"VIT_12s0028g00860"	-0.950330810890776	0.600825143049351	"other_other"
"VIT_10s0116g00530"	"VIT_12s0028g00860"	-0.893000780388622	0.322491583066382	"other_other"
"VIT_08s0007g01560"	"VIT_12s0028g00860"	0.668338346517439	0.0177813118524422	"other_other"
"VIT_02s0012g01660"	"VIT_12s0028g00860"	-0.857212286444295	0.214231767874662	"other_other"
"VIT_05s0062g00610"	"VIT_12s0028g00860"	-0.590408041135869	0.00514662633377808	"other_other"
"VIT_04s0044g00040"	"VIT_12s0028g00860"	0.846038919763421	0.187889893639396	"other_other"
"VIT_08s0040g01710"	"VIT_12s0028g00860"	0.831669593034229	0.158309958043515	"other_other"
"VIT_18s0001g08760"	"VIT_12s0028g00860"	0.830364581300277	0.155843309845938	"other_other"
"VIT_05s0049g01550"	"VIT_12s0028g00860"	0.770224671784614	0.0734808646498452	"other_other"
"VIT_18s0166g00060"	"VIT_12s0028g00860"	0.688049510117666	0.023779181390995	"other_other"
"VIT_18s0001g15130"	"VIT_12s0028g00860"	0.813703879447023	0.127251779892322	"other_other"
"VIT_05s0077g01560"	"VIT_12s0028g00860"	0.868928584053057	0.245380947440835	"other_other"
"VIT_07s0005g03340"	"VIT_12s0028g00860"	0.824597998871287	0.145352586814437	"other_other"
"VIT_06s0004g07550"	"VIT_12s0028g00860"	0.833589461901663	0.16200266433768	"other_other"
"VIT_18s0001g15220"	"VIT_12s0028g00860"	0.891931733576865	0.318651639544001	"other_other"
"VIT_00s0270g00120"	"VIT_12s0028g00860"	0.949234105786285	0.593927370009854	"other_other"
"VIT_14s0030g01890"	"VIT_12s0028g00860"	0.922518603946608	0.446427902659799	"other_other"
"VIT_05s0077g01570"	"VIT_12s0028g00860"	0.881581326285776	0.283546194860018	"other_other"
"VIT_06s0004g02010"	"VIT_12s0028g00860"	0.98557353690833	0.864749540172722	"other_other"
"VIT_11s0016g03190"	"VIT_12s0028g00860"	0.902056405246274	0.35672779271946	"other_other"
"VIT_03s0091g00160"	"VIT_12s0028g00860"	0.741449304935045	0.0502128213249177	"other_other"
"VIT_06s0004g01990"	"VIT_12s0028g00860"	0.986193572861919	0.87020520888059	"other_other"
"VIT_06s0061g01210"	"VIT_12s0028g00860"	0.893613560784479	0.324711378004518	"other_other"
"VIT_15s0046g01570"	"VIT_12s0028g00860"	0.92592524320789	0.463190072806095	"other_other"
"VIT_02s0033g01380"	"VIT_12s0028g00860"	0.599568086314282	0.00600323138058219	"other_other"
"VIT_05s0077g01540"	"VIT_12s0028g00860"	0.938141644089341	0.528061064846878	"other_other"
"VIT_01s0011g01810"	"VIT_12s0028g00860"	0.882005674843562	0.284914002651403	"other_other"
"VIT_06s0004g01010"	"VIT_12s0028g00860"	0.89149824113659	0.31710632664263	"other_other"
"VIT_05s0020g03140"	"VIT_12s0028g00860"	0.913856705164401	0.406238450458182	"other_other"
"VIT_12s0059g01720"	"VIT_12s0028g00860"	0.844425884394498	0.184338213292602	"other_other"
"VIT_03s0038g03400"	"VIT_12s0028g00860"	0.916516272861867	0.418217116356081	"other_other"
"VIT_08s0007g01810"	"VIT_12s0028g00860"	0.896352631019923	0.334802718622736	"other_other"
"VIT_06s0004g01020"	"VIT_12s0028g00860"	0.955266285264263	0.632767991395403	"other_other"
"VIT_11s0065g00350"	"VIT_12s0028g00860"	0.828281896339198	0.151978338186245	"other_other"
"VIT_12s0028g00920"	"VIT_12s0028g00860"	0.852630945378931	0.203053700584461	"other_other"
"VIT_12s0059g00310"	"VIT_12s0028g00860"	0.772905327210473	0.0760786866254389	"other_other"
"VIT_16s0039g01100"	"VIT_12s0028g00860"	0.869170924513394	0.246066163921294	"other_other"
"VIT_16s0100g01010"	"VIT_12s0028g00860"	0.891049680415722	0.315514401883603	"family_other"
"VIT_16s0100g01200"	"VIT_12s0028g00860"	0.952485153899648	0.614585276626771	"family_other"
"VIT_08s0007g06060"	"VIT_12s0028g00860"	0.647832227069347	0.0130204347742274	"other_other"
"VIT_05s0077g01550"	"VIT_12s0028g00860"	0.835061104145892	0.164885533546646	"other_other"
"VIT_05s0020g05000"	"VIT_12s0028g00860"	0.950046544884548	0.599030352783266	"other_other"
"VIT_02s0025g04250"	"VIT_12s0028g00860"	0.929343581067829	0.480577060122189	"other_other"
"VIT_03s0088g00710"	"VIT_12s0028g00860"	0.934196969306467	0.506272736084321	"other_other"
"VIT_16s0100g01100"	"VIT_12s0028g00860"	0.991244940886042	0.915819397379198	"family_other"
"VIT_12s0059g00370"	"VIT_12s0028g00860"	0.637295319094933	0.0110511452274741	"other_other"
"VIT_18s0001g02760"	"VIT_12s0028g00860"	0.850287227883613	0.197540685325059	"other_other"
"VIT_16s0100g00990"	"VIT_12s0028g00860"	0.898870724969355	0.344328017911879	"family_other"
"VIT_16s0100g01030"	"VIT_12s0028g00860"	0.91421087105848	0.407815579334214	"family_other"
"VIT_05s0077g01530"	"VIT_12s0028g00860"	0.963140142384037	0.686902094242823	"other_other"
"VIT_16s0100g01000"	"VIT_12s0028g00860"	0.886245950324399	0.298911508984604	"family_other"
"VIT_16s0100g00950"	"VIT_12s0028g00860"	0.873713125655589	0.25923199432724	"other_other"
"VIT_16s0100g00830"	"VIT_12s0028g00860"	0.933978561091995	0.505090353041323	"family_other"
"VIT_06s0004g01030"	"VIT_12s0028g00860"	0.965097586233647	0.700990761367896	"other_other"
"VIT_13s0019g00480"	"VIT_12s0028g00860"	0.897215586473432	0.338040002010435	"other_other"
"VIT_02s0025g04270"	"VIT_12s0028g00860"	0.836838267648533	0.168428397897447	"other_other"
"VIT_00s0324g00050"	"VIT_12s0028g00860"	0.968638351755908	0.727137600592233	"other_other"
"VIT_16s0100g00750"	"VIT_12s0028g00860"	0.968399464289732	0.725346308632367	"family_other"
"VIT_16s0100g00910"	"VIT_12s0028g00860"	0.950920027611151	0.604560743072118	"family_other"
"VIT_12s0028g02530"	"VIT_12s0028g00860"	0.959208213258696	0.659369550549244	"other_other"
"VIT_05s0077g01580"	"VIT_13s0019g05070"	0.870756152964017	0.250591029111193	"other_other"
"VIT_03s0038g03860"	"VIT_13s0019g05070"	-0.870761407553244	0.250606151469789	"other_other"
"VIT_09s0002g01000"	"VIT_13s0019g05070"	-0.900186960350419	0.34940344027718	"other_other"
"VIT_00s1206g00010"	"VIT_13s0019g05070"	-0.907814722368237	0.380165074286435	"other_other"
"VIT_14s0030g00340"	"VIT_13s0019g05070"	-0.67229909944091	0.0188636311163844	"other_other"
"VIT_02s0025g03260"	"VIT_13s0019g05070"	-0.952729989916001	0.616166894826353	"other_other"
"VIT_10s0116g00530"	"VIT_13s0019g05070"	-0.878050412509214	0.272392102998219	"other_other"
"VIT_08s0007g01560"	"VIT_13s0019g05070"	0.633174507507983	0.0103570056314012	"other_other"
"VIT_02s0012g01660"	"VIT_13s0019g05070"	-0.887722385834671	0.303928703108596	"other_other"
"VIT_05s0062g00610"	"VIT_13s0019g05070"	-0.541232058036009	0.00215692540829269	"other_other"
"VIT_04s0044g00040"	"VIT_13s0019g05070"	0.849710330704889	0.196204509120362	"other_other"
"VIT_08s0040g01710"	"VIT_13s0019g05070"	0.775199083044383	0.0783668703739175	"other_other"
"VIT_18s0001g08760"	"VIT_13s0019g05070"	0.816880489230931	0.13230773442179	"other_other"
"VIT_05s0049g01550"	"VIT_13s0019g05070"	0.759012192238045	0.0634581667444513	"other_other"
"VIT_18s0166g00060"	"VIT_13s0019g05070"	0.66590620074752	0.0171447276071519	"other_other"
"VIT_18s0001g15130"	"VIT_13s0019g05070"	0.786009571203108	0.0900074265135656	"other_other"
"VIT_05s0077g01560"	"VIT_13s0019g05070"	0.838277354438051	0.171347329856794	"other_other"
"VIT_07s0005g03340"	"VIT_13s0019g05070"	0.778598847832403	0.0818724086168675	"other_other"
"VIT_06s0004g07550"	"VIT_13s0019g05070"	0.854918547198311	0.208567862688048	"other_other"
"VIT_18s0001g15220"	"VIT_13s0019g05070"	0.893846265036102	0.325557944451579	"other_other"
"VIT_00s0270g00120"	"VIT_13s0019g05070"	0.947302860954326	0.58195377435697	"other_other"
"VIT_14s0030g01890"	"VIT_13s0019g05070"	0.951253172314858	0.606682099473618	"other_other"
"VIT_05s0077g01570"	"VIT_13s0019g05070"	0.85868616724052	0.217943874909789	"other_other"
"VIT_06s0004g02010"	"VIT_13s0019g05070"	0.970621455307071	0.742162267364041	"other_other"
"VIT_11s0016g03190"	"VIT_13s0019g05070"	0.93001038872857	0.484036373991929	"other_other"
"VIT_03s0091g00160"	"VIT_13s0019g05070"	0.693778302076905	0.0258349206239473	"other_other"
"VIT_06s0004g01990"	"VIT_13s0019g05070"	0.959121335239581	0.658772585496865	"other_other"
"VIT_06s0061g01210"	"VIT_13s0019g05070"	0.898569729571045	0.343176738735712	"other_other"
"VIT_15s0046g01570"	"VIT_13s0019g05070"	0.920163625474911	0.435161649115243	"other_other"
"VIT_02s0033g01380"	"VIT_13s0019g05070"	0.564522839075318	0.00328711705760008	"other_other"
"VIT_05s0077g01540"	"VIT_13s0019g05070"	0.919525331226819	0.432152448031042	"other_other"
"VIT_01s0011g01810"	"VIT_13s0019g05070"	0.884609227343873	0.293436849882652	"other_other"
"VIT_06s0004g01010"	"VIT_13s0019g05070"	0.855591603573975	0.210215695667642	"other_other"
"VIT_05s0020g03140"	"VIT_13s0019g05070"	0.925223845160891	0.459693295967063	"other_other"
"VIT_12s0059g01720"	"VIT_13s0019g05070"	0.846622723034508	0.189190448146271	"other_other"
"VIT_03s0038g03400"	"VIT_13s0019g05070"	0.910365434235935	0.390982749076548	"other_other"
"VIT_08s0007g01810"	"VIT_13s0019g05070"	0.883718502341424	0.290495546516834	"other_other"
"VIT_06s0004g01020"	"VIT_13s0019g05070"	0.95273582351143	0.61620462395697	"other_other"
"VIT_11s0065g00350"	"VIT_13s0019g05070"	0.817214005492868	0.132848914464216	"other_other"
"VIT_12s0028g00920"	"VIT_13s0019g05070"	0.821961508959242	0.140771522447392	"other_other"
"VIT_12s0059g00310"	"VIT_13s0019g05070"	0.745661461200524	0.0531394402924145	"other_other"
"VIT_16s0039g01100"	"VIT_13s0019g05070"	0.835961749263207	0.166672542618168	"other_other"
"VIT_16s0100g01010"	"VIT_13s0019g05070"	0.855834656062468	0.210813630616904	"family_other"
"VIT_16s0100g01200"	"VIT_13s0019g05070"	0.926714080640028	0.46715136061426	"family_other"
"VIT_08s0007g06060"	"VIT_13s0019g05070"	0.59889981240629	0.00593665444264676	"other_other"
"VIT_05s0077g01550"	"VIT_13s0019g05070"	0.80427062904913	0.113245796595298	"other_other"
"VIT_05s0020g05000"	"VIT_13s0019g05070"	0.950206806788911	0.600041615369962	"other_other"
"VIT_02s0025g04250"	"VIT_13s0019g05070"	0.93824711654644	0.528655048543921	"other_other"
"VIT_03s0088g00710"	"VIT_13s0019g05070"	0.922726865107657	0.447436750617328	"other_other"
"VIT_16s0100g01100"	"VIT_13s0019g05070"	0.972068010690643	0.753297478648225	"family_other"
"VIT_12s0059g00370"	"VIT_13s0019g05070"	0.624921629645987	0.00908354906321218	"other_other"
"VIT_18s0001g02760"	"VIT_13s0019g05070"	0.858809786828965	0.21825783819399	"other_other"
"VIT_16s0100g00990"	"VIT_13s0019g05070"	0.858117554992805	0.216504968203376	"family_other"
"VIT_16s0100g01030"	"VIT_13s0019g05070"	0.895623879774535	0.332090647811589	"family_other"
"VIT_05s0077g01530"	"VIT_13s0019g05070"	0.952441901047271	0.614306247240177	"other_other"
"VIT_16s0100g01000"	"VIT_13s0019g05070"	0.857376781521142	0.214643223917527	"family_other"
"VIT_16s0100g00950"	"VIT_13s0019g05070"	0.831190996104045	0.157401294837518	"other_other"
"VIT_16s0100g00830"	"VIT_13s0019g05070"	0.9082440693189	0.381966879538177	"family_other"
"VIT_06s0004g01030"	"VIT_13s0019g05070"	0.949727223128468	0.597019984262874	"other_other"
"VIT_13s0019g00480"	"VIT_13s0019g05070"	0.871397477751525	0.252442798174641	"other_other"
"VIT_02s0025g04270"	"VIT_13s0019g05070"	0.80667812899897	0.116681720226678	"other_other"
"VIT_00s0324g00050"	"VIT_13s0019g05070"	0.977451493392959	0.796071625968912	"other_other"
"VIT_16s0100g00750"	"VIT_13s0019g05070"	0.949530286157164	0.595783148542392	"family_other"
"VIT_16s0100g00910"	"VIT_13s0019g05070"	0.926572442717012	0.46643786266679	"family_other"
"VIT_12s0028g02530"	"VIT_13s0019g05070"	0.939842625949059	0.53771404802227	"other_other"
"VIT_12s0028g00860"	"VIT_13s0019g05070"	0.972826134773647	0.759193171430676	"other_other"
"VIT_05s0077g01580"	"VIT_11s0016g05540"	0.870020309268527	0.248481412212797	"other_other"
"VIT_03s0038g03860"	"VIT_11s0016g05540"	-0.856781292238944	0.213157074640728	"other_other"
"VIT_09s0002g01000"	"VIT_11s0016g05540"	-0.865844366496839	0.236809083029314	"other_other"
"VIT_00s1206g00010"	"VIT_11s0016g05540"	-0.871009020282735	0.251319696402691	"other_other"
"VIT_14s0030g00340"	"VIT_11s0016g05540"	-0.74084177142804	0.0498028980320772	"other_other"
"VIT_02s0025g03260"	"VIT_11s0016g05540"	-0.91349226067311	0.404621282743594	"other_other"
"VIT_10s0116g00530"	"VIT_11s0016g05540"	-0.909083243178511	0.385510779711266	"other_other"
"VIT_08s0007g01560"	"VIT_11s0016g05540"	0.74400035449716	0.0519674521405434	"other_other"
"VIT_02s0012g01660"	"VIT_11s0016g05540"	-0.809336669821566	0.120584692615174	"other_other"
"VIT_05s0062g00610"	"VIT_11s0016g05540"	-0.580007240299698	0.0043085798839583	"other_other"
"VIT_04s0044g00040"	"VIT_11s0016g05540"	0.897103902850941	0.337619452123919	"other_other"
"VIT_08s0040g01710"	"VIT_11s0016g05540"	0.848678032693901	0.19383384457261	"other_other"
"VIT_18s0001g08760"	"VIT_11s0016g05540"	0.886574016955622	0.300019851486052	"other_other"
"VIT_05s0049g01550"	"VIT_11s0016g05540"	0.794992058089562	0.100838853923698	"other_other"
"VIT_18s0166g00060"	"VIT_11s0016g05540"	0.688058384313	0.0237822485154587	"other_other"
"VIT_18s0001g15130"	"VIT_11s0016g05540"	0.855978573149667	0.211168403029752	"other_other"
"VIT_05s0077g01560"	"VIT_11s0016g05540"	0.894674461085327	0.328587020009791	"other_other"
"VIT_07s0005g03340"	"VIT_11s0016g05540"	0.855264482663947	0.20941335307555	"other_other"
"VIT_06s0004g07550"	"VIT_11s0016g05540"	0.836325487122397	0.167399178211586	"other_other"
"VIT_18s0001g15220"	"VIT_11s0016g05540"	0.881057575817683	0.28186613373923	"other_other"
"VIT_00s0270g00120"	"VIT_11s0016g05540"	0.922814076392317	0.44785982418308	"other_other"
"VIT_14s0030g01890"	"VIT_11s0016g05540"	0.913591471829092	0.405060942406091	"other_other"
"VIT_05s0077g01570"	"VIT_11s0016g05540"	0.903975742686895	0.364391105464202	"other_other"
"VIT_06s0004g02010"	"VIT_11s0016g05540"	0.966860994907544	0.713904965782357	"other_other"
"VIT_11s0016g03190"	"VIT_11s0016g05540"	0.895838265802516	0.332886432014005	"other_other"
"VIT_03s0091g00160"	"VIT_11s0016g05540"	0.797536713718642	0.104113451592747	"other_other"
"VIT_06s0004g01990"	"VIT_11s0016g05540"	0.961794571401195	0.677365721025517	"other_other"
"VIT_06s0061g01210"	"VIT_11s0016g05540"	0.843947321111951	0.183296169684792	"other_other"
"VIT_15s0046g01570"	"VIT_11s0016g05540"	0.945570533514637	0.571398768188117	"other_other"
"VIT_02s0033g01380"	"VIT_11s0016g05540"	0.645123615479067	0.0124861745043747	"other_other"
"VIT_05s0077g01540"	"VIT_11s0016g05540"	0.927233109151001	0.4697743582145	"other_other"
"VIT_01s0011g01810"	"VIT_11s0016g05540"	0.89203281136513	0.319012934381064	"other_other"
"VIT_06s0004g01010"	"VIT_11s0016g05540"	0.900076764981977	0.348975957545305	"other_other"
"VIT_05s0020g03140"	"VIT_11s0016g05540"	0.872334549970969	0.255170659616547	"other_other"
"VIT_12s0059g01720"	"VIT_11s0016g05540"	0.877920066438207	0.271988008529548	"other_other"
"VIT_03s0038g03400"	"VIT_11s0016g05540"	0.93030928172459	0.48559425439965	"other_other"
"VIT_08s0007g01810"	"VIT_11s0016g05540"	0.839631860703771	0.174136214728615	"other_other"
"VIT_06s0004g01020"	"VIT_11s0016g05540"	0.924159332584597	0.454431612860091	"other_other"
"VIT_11s0065g00350"	"VIT_11s0016g05540"	0.823556512353111	0.143527148826148	"other_other"
"VIT_12s0028g00920"	"VIT_11s0016g05540"	0.870511668574237	0.249888326696396	"other_other"
"VIT_12s0059g00310"	"VIT_11s0016g05540"	0.793375019845539	0.0988064331578545	"other_other"
"VIT_16s0039g01100"	"VIT_11s0016g05540"	0.880308430690183	0.279478633439761	"other_other"
"VIT_16s0100g01010"	"VIT_11s0016g05540"	0.88491833871238	0.294463827950462	"family_other"
"VIT_16s0100g01200"	"VIT_11s0016g05540"	0.927224127276084	0.469728854332465	"family_other"
"VIT_08s0007g06060"	"VIT_11s0016g05540"	0.728822835012202	0.0422882498926418	"other_other"
"VIT_05s0077g01550"	"VIT_11s0016g05540"	0.866441821453481	0.238448210055868	"other_other"
"VIT_05s0020g05000"	"VIT_11s0016g05540"	0.920658474317373	0.437507548333041	"other_other"
"VIT_02s0025g04250"	"VIT_11s0016g05540"	0.928730441955073	0.477415825478516	"other_other"
"VIT_03s0088g00710"	"VIT_11s0016g05540"	0.939328229934405	0.534778261720633	"other_other"
"VIT_16s0100g01100"	"VIT_11s0016g05540"	0.964620017920326	0.69752969688334	"family_other"
"VIT_12s0059g00370"	"VIT_11s0016g05540"	0.692810898627621	0.0254769309266306	"other_other"
"VIT_18s0001g02760"	"VIT_11s0016g05540"	0.842808601090198	0.180837956386758	"other_other"
"VIT_16s0100g00990"	"VIT_11s0016g05540"	0.886261474024089	0.298963871178987	"family_other"
"VIT_16s0100g01030"	"VIT_11s0016g05540"	0.88109118776748	0.281973682862056	"family_other"
"VIT_05s0077g01530"	"VIT_11s0016g05540"	0.953554605440448	0.621520818384727	"other_other"
"VIT_16s0100g01000"	"VIT_11s0016g05540"	0.886090601650632	0.298387964754484	"family_other"
"VIT_16s0100g00950"	"VIT_11s0016g05540"	0.86121172670527	0.22443952851726	"other_other"
"VIT_16s0100g00830"	"VIT_11s0016g05540"	0.910560731271417	0.391822318818496	"family_other"
"VIT_06s0004g01030"	"VIT_11s0016g05540"	0.931850869486982	0.493701160156634	"other_other"
"VIT_13s0019g00480"	"VIT_11s0016g05540"	0.905825825517007	0.371917817479643	"other_other"
"VIT_02s0025g04270"	"VIT_11s0016g05540"	0.864020404058166	0.231867556730647	"other_other"
"VIT_00s0324g00050"	"VIT_11s0016g05540"	0.939690158147434	0.536842367463144	"other_other"
"VIT_16s0100g00750"	"VIT_11s0016g05540"	0.943677974589956	0.560064683056183	"family_other"
"VIT_16s0100g00910"	"VIT_11s0016g05540"	0.92795756916132	0.473457701803964	"family_other"
"VIT_12s0028g02530"	"VIT_11s0016g05540"	0.967145093013702	0.716005448060101	"other_other"
"VIT_12s0028g00860"	"VIT_11s0016g05540"	0.96284703952478	0.684814573754732	"other_other"
"VIT_13s0019g05070"	"VIT_11s0016g05540"	0.940779676902527	0.543099334111996	"other_other"
"VIT_05s0077g01580"	"VIT_16s0100g00770"	0.832690914106255	0.160264841685106	"family_other"
"VIT_03s0038g03860"	"VIT_16s0100g00770"	-0.868853167693803	0.245168058694929	"family_other"
"VIT_09s0002g01000"	"VIT_16s0100g00770"	-0.901900784590034	0.356112851842353	"family_other"
"VIT_00s1206g00010"	"VIT_16s0100g00770"	-0.90170182790529	0.355328056640109	"family_other"
"VIT_14s0030g00340"	"VIT_16s0100g00770"	-0.725119622315331	0.0401880169180909	"family_other"
"VIT_02s0025g03260"	"VIT_16s0100g00770"	-0.923721612547657	0.452283818769901	"family_other"
"VIT_10s0116g00530"	"VIT_16s0100g00770"	-0.903232579617895	0.361406485767938	"family_other"
"VIT_08s0007g01560"	"VIT_16s0100g00770"	0.711000268523705	0.0330139620329915	"family_other"
"VIT_02s0012g01660"	"VIT_16s0100g00770"	-0.860070157881948	0.221482180643617	"family_other"
"VIT_05s0062g00610"	"VIT_16s0100g00770"	-0.579433694687928	0.00426616317782608	"family_other"
"VIT_04s0044g00040"	"VIT_16s0100g00770"	0.830460907933416	0.156024190637852	"family_other"
"VIT_08s0040g01710"	"VIT_16s0100g00770"	0.835526142419346	0.16580607127986	"family_other"
"VIT_18s0001g08760"	"VIT_16s0100g00770"	0.852390006540551	0.202480634856401	"family_other"
"VIT_05s0049g01550"	"VIT_16s0100g00770"	0.744598437388129	0.0523867196599542	"family_other"
"VIT_18s0166g00060"	"VIT_16s0100g00770"	0.696216383048298	0.0267573060969399	"family_other"
"VIT_18s0001g15130"	"VIT_16s0100g00770"	0.798717700317645	0.105665469979729	"family_other"
"VIT_05s0077g01560"	"VIT_16s0100g00770"	0.888359881764999	0.306118358807335	"family_other"
"VIT_07s0005g03340"	"VIT_16s0100g00770"	0.820370270304366	0.138069939408817	"family_other"
"VIT_06s0004g07550"	"VIT_16s0100g00770"	0.811089990059712	0.123222613728774	"family_other"
"VIT_18s0001g15220"	"VIT_16s0100g00770"	0.868809167684356	0.245043930253808	"family_other"
"VIT_00s0270g00120"	"VIT_16s0100g00770"	0.937301838494017	0.52335296486589	"family_other"
"VIT_14s0030g01890"	"VIT_16s0100g00770"	0.912391762870551	0.399773090760962	"family_other"
"VIT_05s0077g01570"	"VIT_16s0100g00770"	0.901179176923153	0.353273842023719	"family_other"
"VIT_06s0004g02010"	"VIT_16s0100g00770"	0.957847454506679	0.650075044410045	"family_other"
"VIT_11s0016g03190"	"VIT_16s0100g00770"	0.898620475455728	0.343370593847734	"family_other"
"VIT_03s0091g00160"	"VIT_16s0100g00770"	0.767081987098985	0.0705371398788718	"family_other"
"VIT_06s0004g01990"	"VIT_16s0100g00770"	0.962387922624249	0.681556152171367	"family_other"
"VIT_06s0061g01210"	"VIT_16s0100g00770"	0.879911607736321	0.278221360015001	"family_other"
"VIT_15s0046g01570"	"VIT_16s0100g00770"	0.93688266549804	0.521017170098579	"family_other"
"VIT_02s0033g01380"	"VIT_16s0100g00770"	0.702184382411597	0.029141483667618	"family_other"
"VIT_05s0077g01540"	"VIT_16s0100g00770"	0.951171914128025	0.606164057137225	"family_other"
"VIT_01s0011g01810"	"VIT_16s0100g00770"	0.87194430573471	0.254031433208261	"family_other"
"VIT_06s0004g01010"	"VIT_16s0100g00770"	0.937187451594634	0.522714623457905	"family_other"
"VIT_05s0020g03140"	"VIT_16s0100g00770"	0.921375429162895	0.440926564911915	"family_other"
"VIT_12s0059g01720"	"VIT_16s0100g00770"	0.897615032415792	0.339547995751227	"family_other"
"VIT_03s0038g03400"	"VIT_16s0100g00770"	0.94429392514116	0.563731052090918	"family_other"
"VIT_08s0007g01810"	"VIT_16s0100g00770"	0.869137021186098	0.245970198936013	"family_other"
"VIT_06s0004g01020"	"VIT_16s0100g00770"	0.963828197894196	0.691825043900602	"family_other"
"VIT_11s0065g00350"	"VIT_16s0100g00770"	0.890350762724114	0.313048300770466	"family_other"
"VIT_12s0028g00920"	"VIT_16s0100g00770"	0.80127305189075	0.10909513137239	"family_other"
"VIT_12s0059g00310"	"VIT_16s0100g00770"	0.78555052222083	0.0894831402939282	"family_other"
"VIT_16s0039g01100"	"VIT_16s0100g00770"	0.901558099241835	0.354762080080933	"family_other"
"VIT_16s0100g01010"	"VIT_16s0100g00770"	0.946219114269437	0.57533019604651	"family_family"
"VIT_16s0100g01200"	"VIT_16s0100g00770"	0.982968419154329	0.842162017380709	"family_family"
"VIT_08s0007g06060"	"VIT_16s0100g00770"	0.638946930433961	0.0113409093968069	"family_other"
"VIT_05s0077g01550"	"VIT_16s0100g00770"	0.86030406287754	0.222085262090628	"family_other"
"VIT_05s0020g05000"	"VIT_16s0100g00770"	0.909937468909647	0.389148611676816	"family_other"
"VIT_02s0025g04250"	"VIT_16s0100g00770"	0.933552234563222	0.5027895331814	"family_other"
"VIT_03s0088g00710"	"VIT_16s0100g00770"	0.924267473249762	0.454963646895028	"family_other"
"VIT_16s0100g01100"	"VIT_16s0100g00770"	0.971986161452025	0.752663433832853	"family_family"
"VIT_12s0059g00370"	"VIT_16s0100g00770"	0.663257322528632	0.0164748145269756	"family_other"
"VIT_18s0001g02760"	"VIT_16s0100g00770"	0.8374357622547	0.169634831873127	"family_other"
"VIT_16s0100g00990"	"VIT_16s0100g00770"	0.949501680452835	0.595603686269599	"family_family"
"VIT_16s0100g01030"	"VIT_16s0100g00770"	0.967385968695958	0.71779072026586	"family_family"
"VIT_05s0077g01530"	"VIT_16s0100g00770"	0.967163069393553	0.716138543524515	"family_other"
"VIT_16s0100g01000"	"VIT_16s0100g00770"	0.935009550816358	0.510693665133078	"family_family"
"VIT_16s0100g00950"	"VIT_16s0100g00770"	0.934243763979239	0.506526389314156	"family_other"
"VIT_16s0100g00830"	"VIT_16s0100g00770"	0.975342258906929	0.779059116696132	"family_family"
"VIT_06s0004g01030"	"VIT_16s0100g00770"	0.973900132783463	0.767616410019208	"family_other"
"VIT_13s0019g00480"	"VIT_16s0100g00770"	0.88129606131349	0.282630021652018	"family_other"
"VIT_02s0025g04270"	"VIT_16s0100g00770"	0.836435551776016	0.16761961449178	"family_other"
"VIT_00s0324g00050"	"VIT_16s0100g00770"	0.95354355686851	0.621448808251255	"family_other"
"VIT_16s0100g00750"	"VIT_16s0100g00770"	0.992477018492404	0.927266546005762	"family_family"
"VIT_16s0100g00910"	"VIT_16s0100g00770"	0.983063473697807	0.842976755356041	"family_family"
"VIT_12s0028g02530"	"VIT_16s0100g00770"	0.95814468961413	0.652095148673284	"family_other"
"VIT_12s0028g00860"	"VIT_16s0100g00770"	0.968120205223098	0.723257326899126	"family_other"
"VIT_13s0019g05070"	"VIT_16s0100g00770"	0.951370159568102	0.607428623804262	"family_other"
"VIT_11s0016g05540"	"VIT_16s0100g00770"	0.94074663214178	0.542908601344354	"family_other"
"VIT_05s0077g01580"	"VIT_15s0048g00510"	0.685152981913868	0.022796885711889	"other_other"
"VIT_03s0038g03860"	"VIT_15s0048g00510"	-0.760604645813927	0.0648021981483074	"other_other"
"VIT_09s0002g01000"	"VIT_15s0048g00510"	-0.794441007835775	0.10014206367359	"other_other"
"VIT_00s1206g00010"	"VIT_15s0048g00510"	-0.722080300270314	0.0385349648994365	"other_other"
"VIT_14s0030g00340"	"VIT_15s0048g00510"	-0.765331693796333	0.0689440809028003	"other_other"
"VIT_02s0025g03260"	"VIT_15s0048g00510"	-0.866916942876472	0.239758994232393	"other_other"
"VIT_10s0116g00530"	"VIT_15s0048g00510"	-0.814459378584165	0.128438222360972	"other_other"
"VIT_08s0007g01560"	"VIT_15s0048g00510"	0.633222868093274	0.0103649188217314	"other_other"
"VIT_02s0012g01660"	"VIT_15s0048g00510"	-0.810550069292913	0.122404806723519	"other_other"
"VIT_05s0062g00610"	"VIT_15s0048g00510"	-0.66638235702732	0.0172677162199986	"other_other"
"VIT_04s0044g00040"	"VIT_15s0048g00510"	0.668026754231224	0.0176985856383721	"other_other"
"VIT_08s0040g01710"	"VIT_15s0048g00510"	0.840984661155556	0.176962297085022	"other_other"
"VIT_18s0001g08760"	"VIT_15s0048g00510"	0.832747809603691	0.160374379953013	"other_other"
"VIT_05s0049g01550"	"VIT_15s0048g00510"	0.879331640657759	0.276392977817608	"other_other"
"VIT_18s0166g00060"	"VIT_15s0048g00510"	0.731788273459251	0.044040724880023	"other_other"
"VIT_18s0001g15130"	"VIT_15s0048g00510"	0.785654306254757	0.0896014324246408	"other_other"
"VIT_05s0077g01560"	"VIT_15s0048g00510"	0.77420080973695	0.0773635182937336	"other_other"
"VIT_07s0005g03340"	"VIT_15s0048g00510"	0.79465384483147	0.100410675815974	"other_other"
"VIT_06s0004g07550"	"VIT_15s0048g00510"	0.6840318914994	0.0224266033677541	"other_other"
"VIT_18s0001g15220"	"VIT_15s0048g00510"	0.846595344628445	0.18912927592554	"other_other"
"VIT_00s0270g00120"	"VIT_15s0048g00510"	0.822229327043329	0.141230868602947	"other_other"
"VIT_14s0030g01890"	"VIT_15s0048g00510"	0.767455307068815	0.070881179608983	"other_other"
"VIT_05s0077g01570"	"VIT_15s0048g00510"	0.781382204058386	0.084846739851659	"other_other"
"VIT_06s0004g02010"	"VIT_15s0048g00510"	0.879283299794306	0.276241069598558	"other_other"
"VIT_11s0016g03190"	"VIT_15s0048g00510"	0.756014399588497	0.0609959043361883	"other_other"
"VIT_03s0091g00160"	"VIT_15s0048g00510"	0.706787548687415	0.0311092041097953	"other_other"
"VIT_06s0004g01990"	"VIT_15s0048g00510"	0.877958326306856	0.272106564499349	"other_other"
"VIT_06s0061g01210"	"VIT_15s0048g00510"	0.799954532310267	0.107313172305175	"other_other"
"VIT_15s0046g01570"	"VIT_15s0048g00510"	0.827806104158804	0.151107578201455	"other_other"
"VIT_02s0033g01380"	"VIT_15s0048g00510"	0.504627054858541	0.00107079247085794	"other_other"
"VIT_05s0077g01540"	"VIT_15s0048g00510"	0.774464335251889	0.0776272549991628	"other_other"
"VIT_01s0011g01810"	"VIT_15s0048g00510"	0.703983095946208	0.0298966350358945	"other_other"
"VIT_06s0004g01010"	"VIT_15s0048g00510"	0.753820468306196	0.059248758652121	"other_other"
"VIT_05s0020g03140"	"VIT_15s0048g00510"	0.769680807055271	0.0729636531632127	"other_other"
"VIT_12s0059g01720"	"VIT_15s0048g00510"	0.716402269083005	0.0356097994128271	"other_other"
"VIT_03s0038g03400"	"VIT_15s0048g00510"	0.794125457682857	0.0997450118882177	"other_other"
"VIT_08s0007g01810"	"VIT_15s0048g00510"	0.914678430487541	0.409906097636618	"other_other"
"VIT_06s0004g01020"	"VIT_15s0048g00510"	0.791331185312335	0.0962903599866883	"other_other"
"VIT_11s0065g00350"	"VIT_15s0048g00510"	0.725029367810075	0.0401380235300841	"other_other"
"VIT_12s0028g00920"	"VIT_15s0048g00510"	0.919486342621104	0.431969246912562	"other_other"
"VIT_12s0059g00310"	"VIT_15s0048g00510"	0.648098315940012	0.0130740135146411	"other_other"
"VIT_16s0039g01100"	"VIT_15s0048g00510"	0.701608642267159	0.0289034243693627	"other_other"
"VIT_16s0100g01010"	"VIT_15s0048g00510"	0.786218123390235	0.0902465288709099	"family_other"
"VIT_16s0100g01200"	"VIT_15s0048g00510"	0.825926639292714	0.147711646786567	"family_other"
"VIT_08s0007g06060"	"VIT_15s0048g00510"	0.629926044603806	0.00983774697539163	"other_other"
"VIT_05s0077g01550"	"VIT_15s0048g00510"	0.721415741019614	0.0381817774795737	"other_other"
"VIT_05s0020g05000"	"VIT_15s0048g00510"	0.879928907473236	0.278276065307544	"other_other"
"VIT_02s0025g04250"	"VIT_15s0048g00510"	0.793342562869132	0.0987660188812634	"other_other"
"VIT_03s0088g00710"	"VIT_15s0048g00510"	0.839924170115575	0.174743403128877	"other_other"
"VIT_16s0100g01100"	"VIT_15s0048g00510"	0.876288562622191	0.266975514967	"family_other"
"VIT_12s0059g00370"	"VIT_15s0048g00510"	0.519201001535871	0.00142349260534541	"other_other"
"VIT_18s0001g02760"	"VIT_15s0048g00510"	0.654788563654507	0.0144880806694116	"other_other"
"VIT_16s0100g00990"	"VIT_15s0048g00510"	0.788829372615817	0.0932890638422991	"family_other"
"VIT_16s0100g01030"	"VIT_15s0048g00510"	0.751313541453954	0.057307592630931	"family_other"
"VIT_05s0077g01530"	"VIT_15s0048g00510"	0.839527924386901	0.17392077509428	"other_other"
"VIT_16s0100g01000"	"VIT_15s0048g00510"	0.779416327848064	0.082736090421579	"family_other"
"VIT_16s0100g00950"	"VIT_15s0048g00510"	0.760753722334288	0.0649293208414797	"other_other"
"VIT_16s0100g00830"	"VIT_15s0048g00510"	0.775711740929504	0.0788866744644824	"family_other"
"VIT_06s0004g01030"	"VIT_15s0048g00510"	0.817882377657196	0.13393944915463	"other_other"
"VIT_13s0019g00480"	"VIT_15s0048g00510"	0.780563917148259	0.0839623749177044	"other_other"
"VIT_02s0025g04270"	"VIT_15s0048g00510"	0.771572521264802	0.0747769114178693	"other_other"
"VIT_00s0324g00050"	"VIT_15s0048g00510"	0.819123890205502	0.135986540538748	"other_other"
"VIT_16s0100g00750"	"VIT_15s0048g00510"	0.85326068972621	0.204558428519834	"family_other"
"VIT_16s0100g00910"	"VIT_15s0048g00510"	0.823778081963204	0.14391376204209	"family_other"
"VIT_12s0028g02530"	"VIT_15s0048g00510"	0.828855080749724	0.153033333926907	"other_other"
"VIT_12s0028g00860"	"VIT_15s0048g00510"	0.880896430646489	0.281351025511877	"other_other"
"VIT_13s0019g05070"	"VIT_15s0048g00510"	0.85005176967934	0.196994344560029	"other_other"
"VIT_11s0016g05540"	"VIT_15s0048g00510"	0.856668267020645	0.212876048102618	"other_other"
"VIT_16s0100g00770"	"VIT_15s0048g00510"	0.837438736427721	0.1696408565908	"family_other"
"VIT_05s0077g01580"	"VIT_03s0088g00700"	0.871186507386674	0.251832285007228	"other_other"
"VIT_03s0038g03860"	"VIT_03s0088g00700"	-0.862692359846805	0.228328181974386	"other_other"
"VIT_09s0002g01000"	"VIT_03s0088g00700"	-0.883052259659538	0.288312891670791	"other_other"
"VIT_00s1206g00010"	"VIT_03s0088g00700"	-0.887990688805759	0.30484853989025	"other_other"
"VIT_14s0030g00340"	"VIT_03s0088g00700"	-0.697118373173681	0.0271059910778577	"other_other"
"VIT_02s0025g03260"	"VIT_03s0088g00700"	-0.948701672998445	0.590604381361841	"other_other"
"VIT_10s0116g00530"	"VIT_03s0088g00700"	-0.87868063061268	0.274353516073328	"other_other"
"VIT_08s0007g01560"	"VIT_03s0088g00700"	0.628933620585292	0.00968385130130504	"other_other"
"VIT_02s0012g01660"	"VIT_03s0088g00700"	-0.858376015300276	0.217157953861195	"other_other"
"VIT_05s0062g00610"	"VIT_03s0088g00700"	-0.579425778013828	0.00426558033724531	"other_other"
"VIT_04s0044g00040"	"VIT_03s0088g00700"	0.846174856551676	0.188192002953079	"other_other"
"VIT_08s0040g01710"	"VIT_03s0088g00700"	0.813996260528928	0.12770976260322	"other_other"
"VIT_18s0001g08760"	"VIT_03s0088g00700"	0.834643300749042	0.16406242204943	"other_other"
"VIT_05s0049g01550"	"VIT_03s0088g00700"	0.820079395235954	0.137581171273028	"other_other"
"VIT_18s0166g00060"	"VIT_03s0088g00700"	0.713676302398409	0.0342777859604037	"other_other"
"VIT_18s0001g15130"	"VIT_03s0088g00700"	0.855140908076417	0.209110974688847	"other_other"
"VIT_05s0077g01560"	"VIT_03s0088g00700"	0.869398185705351	0.246710308031404	"other_other"
"VIT_07s0005g03340"	"VIT_03s0088g00700"	0.789967117702086	0.0946433582482559	"other_other"
"VIT_06s0004g07550"	"VIT_03s0088g00700"	0.853361813555652	0.204800989408861	"other_other"
"VIT_18s0001g15220"	"VIT_03s0088g00700"	0.859295393292485	0.219495102941826	"other_other"
"VIT_00s0270g00120"	"VIT_03s0088g00700"	0.914607049621337	0.409586322093296	"other_other"
"VIT_14s0030g01890"	"VIT_03s0088g00700"	0.920676351112384	0.437592508352606	"other_other"
"VIT_05s0077g01570"	"VIT_03s0088g00700"	0.890041600457524	0.31196297982733	"other_other"
"VIT_06s0004g02010"	"VIT_03s0088g00700"	0.973967339886092	0.76814629287305	"other_other"
"VIT_11s0016g03190"	"VIT_03s0088g00700"	0.90254314975537	0.358657356296217	"other_other"
"VIT_03s0091g00160"	"VIT_03s0088g00700"	0.750549412563606	0.0567274019466368	"other_other"
"VIT_06s0004g01990"	"VIT_03s0088g00700"	0.956981088436062	0.644219037578125	"other_other"
"VIT_06s0061g01210"	"VIT_03s0088g00700"	0.840046644676884	0.174998374601648	"other_other"
"VIT_15s0046g01570"	"VIT_03s0088g00700"	0.929293635327981	0.480318845902784	"other_other"
"VIT_02s0033g01380"	"VIT_03s0088g00700"	0.558763074471689	0.0029667228933944	"other_other"
"VIT_05s0077g01540"	"VIT_03s0088g00700"	0.915168925384216	0.41210952466244	"other_other"
"VIT_01s0011g01810"	"VIT_03s0088g00700"	0.886649616696128	0.3002757819312	"other_other"
"VIT_06s0004g01010"	"VIT_03s0088g00700"	0.861914166225064	0.226276882854724	"other_other"
"VIT_05s0020g03140"	"VIT_03s0088g00700"	0.878641582147598	0.274231618068793	"other_other"
"VIT_12s0059g01720"	"VIT_03s0088g00700"	0.838762648158453	0.172341878307249	"other_other"
"VIT_03s0038g03400"	"VIT_03s0088g00700"	0.904866763171932	0.367998767004444	"other_other"
"VIT_08s0007g01810"	"VIT_03s0088g00700"	0.858242540772166	0.216820516870146	"other_other"
"VIT_06s0004g01020"	"VIT_03s0088g00700"	0.925672249936021	0.461926039943136	"other_other"
"VIT_11s0065g00350"	"VIT_03s0088g00700"	0.781633784753441	0.0851203160261969	"other_other"
"VIT_12s0028g00920"	"VIT_03s0088g00700"	0.871912737761611	0.253939478354748	"other_other"
"VIT_12s0059g00310"	"VIT_03s0088g00700"	0.720830117100178	0.0378729589086614	"other_other"
"VIT_16s0039g01100"	"VIT_03s0088g00700"	0.857713154862778	0.215486818723002	"other_other"
"VIT_16s0100g01010"	"VIT_03s0088g00700"	0.863272678250232	0.229868764329726	"family_other"
"VIT_16s0100g01200"	"VIT_03s0088g00700"	0.914862649219044	0.410732408320133	"family_other"
"VIT_08s0007g06060"	"VIT_03s0088g00700"	0.693753443639851	0.025825665330045	"other_other"
"VIT_05s0077g01550"	"VIT_03s0088g00700"	0.840164679549669	0.175244420181734	"other_other"
"VIT_05s0020g05000"	"VIT_03s0088g00700"	0.927485010056791	0.471052152956661	"other_other"
"VIT_02s0025g04250"	"VIT_03s0088g00700"	0.950407220936183	0.601308403090502	"other_other"
"VIT_03s0088g00710"	"VIT_03s0088g00700"	0.963820245702207	0.691767966079798	"other_other"
"VIT_16s0100g01100"	"VIT_03s0088g00700"	0.973376171044957	0.763496590396139	"family_other"
"VIT_12s0059g00370"	"VIT_03s0088g00700"	0.596516751468327	0.00570461633221478	"other_other"
"VIT_18s0001g02760"	"VIT_03s0088g00700"	0.868393402783209	0.243873805058756	"other_other"
"VIT_16s0100g00990"	"VIT_03s0088g00700"	0.864223061312701	0.232411979871339	"family_other"
"VIT_16s0100g01030"	"VIT_03s0088g00700"	0.865913511411133	0.236998262862234	"family_other"
"VIT_05s0077g01530"	"VIT_03s0088g00700"	0.963382448830683	0.68863215774878	"other_other"
"VIT_16s0100g01000"	"VIT_03s0088g00700"	0.880848280031533	0.281197274257541	"family_other"
"VIT_16s0100g00950"	"VIT_03s0088g00700"	0.835677951834818	0.166107576064602	"other_other"
"VIT_16s0100g00830"	"VIT_03s0088g00700"	0.899835713910046	0.348042484694914	"family_other"
"VIT_06s0004g01030"	"VIT_03s0088g00700"	0.945381039526806	0.570254707170593	"other_other"
"VIT_13s0019g00480"	"VIT_03s0088g00700"	0.876879280902855	0.268780703258341	"other_other"
"VIT_02s0025g04270"	"VIT_03s0088g00700"	0.85843743744437	0.217313393932796	"other_other"
"VIT_00s0324g00050"	"VIT_03s0088g00700"	0.944427741083321	0.564530425287559	"other_other"
"VIT_16s0100g00750"	"VIT_03s0088g00700"	0.951544186203725	0.608540660116181	"family_other"
"VIT_16s0100g00910"	"VIT_03s0088g00700"	0.932122991376994	0.495144777161069	"family_other"
"VIT_12s0028g02530"	"VIT_03s0088g00700"	0.930265407463782	0.485365292177133	"other_other"
"VIT_12s0028g00860"	"VIT_03s0088g00700"	0.97328200924571	0.762758325715832	"other_other"
"VIT_13s0019g05070"	"VIT_03s0088g00700"	0.966438048423438	0.710788179441939	"other_other"
"VIT_11s0016g05540"	"VIT_03s0088g00700"	0.948756490844105	0.590945732919697	"other_other"
"VIT_16s0100g00770"	"VIT_03s0088g00700"	0.946485562000629	0.576952334296398	"family_other"
"VIT_15s0048g00510"	"VIT_03s0088g00700"	0.885163399905381	0.295280306119201	"other_other"
"VIT_05s0077g01580"	"VIT_14s0006g03050"	0.845876864590654	0.187530308559151	"other_other"
"VIT_03s0038g03860"	"VIT_14s0006g03050"	-0.862299092089911	0.22728945555761	"other_other"
"VIT_09s0002g01000"	"VIT_14s0006g03050"	-0.894068123085678	0.326366902097393	"other_other"
"VIT_00s1206g00010"	"VIT_14s0006g03050"	-0.917602544837698	0.423200423351613	"other_other"
"VIT_14s0030g00340"	"VIT_14s0006g03050"	-0.657269085150009	0.015046381041136	"other_other"
"VIT_02s0025g03260"	"VIT_14s0006g03050"	-0.961004227060954	0.671820078826603	"other_other"
"VIT_10s0116g00530"	"VIT_14s0006g03050"	-0.880032453944136	0.278603702773786	"other_other"
"VIT_08s0007g01560"	"VIT_14s0006g03050"	0.602667326807841	0.00632086436654121	"other_other"
"VIT_02s0012g01660"	"VIT_14s0006g03050"	-0.907031691411573	0.376898678252929	"other_other"
"VIT_05s0062g00610"	"VIT_14s0006g03050"	-0.52336634401422	0.00154190604604329	"other_other"
"VIT_04s0044g00040"	"VIT_14s0006g03050"	0.821857681736722	0.140593805963234	"other_other"
"VIT_08s0040g01710"	"VIT_14s0006g03050"	0.737844072726515	0.0478240033813797	"other_other"
"VIT_18s0001g08760"	"VIT_14s0006g03050"	0.783658318998481	0.087350919807686	"other_other"
"VIT_05s0049g01550"	"VIT_14s0006g03050"	0.707782618714563	0.0315499687188419	"other_other"
"VIT_18s0166g00060"	"VIT_14s0006g03050"	0.650556738376615	0.0135784999773421	"other_other"
"VIT_18s0001g15130"	"VIT_14s0006g03050"	0.781355276143261	0.084817504587341	"other_other"
"VIT_05s0077g01560"	"VIT_14s0006g03050"	0.796571039094611	0.102859670154061	"other_other"
"VIT_07s0005g03340"	"VIT_14s0006g03050"	0.764547753999427	0.0682411234928694	"other_other"
"VIT_06s0004g07550"	"VIT_14s0006g03050"	0.910060360869689	0.389674497380808	"other_other"
"VIT_18s0001g15220"	"VIT_14s0006g03050"	0.838823494980373	0.172466942048765	"other_other"
"VIT_00s0270g00120"	"VIT_14s0006g03050"	0.931298521644956	0.490782575675602	"other_other"
"VIT_14s0030g01890"	"VIT_14s0006g03050"	0.961470667213915	0.675088005989315	"other_other"
"VIT_05s0077g01570"	"VIT_14s0006g03050"	0.819781744514805	0.137082630343194	"other_other"
"VIT_06s0004g02010"	"VIT_14s0006g03050"	0.958540640703638	0.654794933635525	"other_other"
"VIT_11s0016g03190"	"VIT_14s0006g03050"	0.919223231289346	0.430734755892709	"other_other"
"VIT_03s0091g00160"	"VIT_14s0006g03050"	0.633536205682854	0.0104163218932523	"other_other"
"VIT_06s0004g01990"	"VIT_14s0006g03050"	0.938368472526349	0.529339226566442	"other_other"
"VIT_06s0061g01210"	"VIT_14s0006g03050"	0.915917169330029	0.41549136423941	"other_other"
"VIT_15s0046g01570"	"VIT_14s0006g03050"	0.909020050805856	0.385242886511136	"other_other"
"VIT_02s0033g01380"	"VIT_14s0006g03050"	0.525703829615747	0.00161217212403477	"other_other"
"VIT_05s0077g01540"	"VIT_14s0006g03050"	0.895313795296488	0.330942667404736	"other_other"
"VIT_01s0011g01810"	"VIT_14s0006g03050"	0.905284373426932	0.369700670801357	"other_other"
"VIT_06s0004g01010"	"VIT_14s0006g03050"	0.823537403667313	0.143493850214511	"other_other"
"VIT_05s0020g03140"	"VIT_14s0006g03050"	0.907651194287599	0.379480823476624	"other_other"
"VIT_12s0059g01720"	"VIT_14s0006g03050"	0.822567836518704	0.141813390459395	"other_other"
"VIT_03s0038g03400"	"VIT_14s0006g03050"	0.88050912660613	0.280116453069812	"other_other"
"VIT_08s0007g01810"	"VIT_14s0006g03050"	0.8651492786816	0.23491486565265	"other_other"
"VIT_06s0004g01020"	"VIT_14s0006g03050"	0.933943450475878	0.504900508921478	"other_other"
"VIT_11s0065g00350"	"VIT_14s0006g03050"	0.798641110746682	0.105564190369153	"other_other"
"VIT_12s0028g00920"	"VIT_14s0006g03050"	0.83466356849207	0.164102265877166	"other_other"
"VIT_12s0059g00310"	"VIT_14s0006g03050"	0.694020881820444	0.0259253947466746	"other_other"
"VIT_16s0039g01100"	"VIT_14s0006g03050"	0.834790779343285	0.164352545306276	"other_other"
"VIT_16s0100g01010"	"VIT_14s0006g03050"	0.826859415915944	0.149388361256595	"family_other"
"VIT_16s0100g01200"	"VIT_14s0006g03050"	0.895961593263346	0.333344991135335	"family_other"
"VIT_08s0007g06060"	"VIT_14s0006g03050"	0.589109195963067	0.00503451942690237	"other_other"
"VIT_05s0077g01550"	"VIT_14s0006g03050"	0.752310106593891	0.0580722913211736	"other_other"
"VIT_05s0020g05000"	"VIT_14s0006g03050"	0.926621246498546	0.466683599824341	"other_other"
"VIT_02s0025g04250"	"VIT_14s0006g03050"	0.938485920999157	0.530002133658714	"other_other"
"VIT_03s0088g00710"	"VIT_14s0006g03050"	0.89184085399415	0.318327111862776	"other_other"
"VIT_16s0100g01100"	"VIT_14s0006g03050"	0.953920537441344	0.623910062944925	"family_other"
"VIT_12s0059g00370"	"VIT_14s0006g03050"	0.584741597425966	0.00467347472567928	"other_other"
"VIT_18s0001g02760"	"VIT_14s0006g03050"	0.870041323312221	0.248541435717698	"other_other"
"VIT_16s0100g00990"	"VIT_14s0006g03050"	0.829643890326447	0.154495983370694	"family_other"
"VIT_16s0100g01030"	"VIT_14s0006g03050"	0.879203563952924	0.275990668755562	"family_other"
"VIT_05s0077g01530"	"VIT_14s0006g03050"	0.931032459693025	0.489382263929712	"other_other"
"VIT_16s0100g01000"	"VIT_14s0006g03050"	0.841336940235419	0.177704971244651	"family_other"
"VIT_16s0100g00950"	"VIT_14s0006g03050"	0.795110312798475	0.100988951706623	"other_other"
"VIT_16s0100g00830"	"VIT_14s0006g03050"	0.875272365225448	0.263895611459355	"family_other"
"VIT_06s0004g01030"	"VIT_14s0006g03050"	0.931797869630638	0.493420435037976	"other_other"
"VIT_13s0019g00480"	"VIT_14s0006g03050"	0.829485510164548	0.154201301646278	"other_other"
"VIT_02s0025g04270"	"VIT_14s0006g03050"	0.786067313129126	0.0900735697359705	"other_other"
"VIT_00s0324g00050"	"VIT_14s0006g03050"	0.962046966155736	0.679145369101921	"other_other"
"VIT_16s0100g00750"	"VIT_14s0006g03050"	0.929402996363936	0.48088439365404	"family_other"
"VIT_16s0100g00910"	"VIT_14s0006g03050"	0.904941932672524	0.368304586908913	"family_other"
"VIT_12s0028g02530"	"VIT_14s0006g03050"	0.906814686093231	0.37599792672129	"other_other"
"VIT_12s0028g00860"	"VIT_14s0006g03050"	0.947776202648779	0.584868187576579	"other_other"
"VIT_13s0019g05070"	"VIT_14s0006g03050"	0.964128649290373	0.693984677985219	"other_other"
"VIT_11s0016g05540"	"VIT_14s0006g03050"	0.919451376051326	0.431805004143734	"other_other"
"VIT_16s0100g00770"	"VIT_14s0006g03050"	0.925693076302829	0.462029977543032	"family_other"
"VIT_15s0048g00510"	"VIT_14s0006g03050"	0.823212646802684	0.142928994209168	"other_other"
"VIT_03s0088g00700"	"VIT_14s0006g03050"	0.947290810698653	0.581879750613891	"other_other"
"VIT_05s0077g01580"	"VIT_16s0100g01070"	0.796526689171572	0.102802416306343	"family_other"
"VIT_03s0038g03860"	"VIT_16s0100g01070"	-0.846197001091295	0.188241258920062	"family_other"
"VIT_09s0002g01000"	"VIT_16s0100g01070"	-0.887408770746321	0.30285668734727	"family_other"
"VIT_00s1206g00010"	"VIT_16s0100g01070"	-0.884689686575442	0.29370385330534	"family_other"
"VIT_14s0030g00340"	"VIT_16s0100g01070"	-0.730162138425988	0.0430718072217647	"family_other"
"VIT_02s0025g03260"	"VIT_16s0100g01070"	-0.909331592483519	0.386565238907545	"family_other"
"VIT_10s0116g00530"	"VIT_16s0100g01070"	-0.868379166761269	0.243833828514455	"family_other"
"VIT_08s0007g01560"	"VIT_16s0100g01070"	0.691419252770743	0.0249697781809304	"family_other"
"VIT_02s0012g01660"	"VIT_16s0100g01070"	-0.849050531493389	0.194686295659033	"family_other"
"VIT_05s0062g00610"	"VIT_16s0100g01070"	-0.57315569004354	0.00382583364894912	"family_other"
"VIT_04s0044g00040"	"VIT_16s0100g01070"	0.790156162743321	0.0948700909427088	"family_other"
"VIT_08s0040g01710"	"VIT_16s0100g01070"	0.829087558458178	0.153463104787517	"family_other"
"VIT_18s0001g08760"	"VIT_16s0100g01070"	0.820226869209465	0.137828782284715	"family_other"
"VIT_05s0049g01550"	"VIT_16s0100g01070"	0.719297825206987	0.0370755388879535	"family_other"
"VIT_18s0166g00060"	"VIT_16s0100g01070"	0.668096090767379	0.0177169641230859	"family_other"
"VIT_18s0001g15130"	"VIT_16s0100g01070"	0.772915554048957	0.0760887537156915	"family_other"
"VIT_05s0077g01560"	"VIT_16s0100g01070"	0.864819819152279	0.234021812288399	"family_other"
"VIT_07s0005g03340"	"VIT_16s0100g01070"	0.810849659835009	0.12285798510177	"family_other"
"VIT_06s0004g07550"	"VIT_16s0100g01070"	0.796495927528699	0.1027627211934	"family_other"
"VIT_18s0001g15220"	"VIT_16s0100g01070"	0.828416941352726	0.152226309095408	"family_other"
"VIT_00s0270g00120"	"VIT_16s0100g01070"	0.919636694834304	0.432676112696582	"family_other"
"VIT_14s0030g01890"	"VIT_16s0100g01070"	0.880254334613495	0.279306937736746	"family_other"
"VIT_05s0077g01570"	"VIT_16s0100g01070"	0.874896212595479	0.262763697740952	"family_other"
"VIT_06s0004g02010"	"VIT_16s0100g01070"	0.946867274213508	0.579283377362902	"family_other"
"VIT_11s0016g03190"	"VIT_16s0100g01070"	0.878022024838398	0.272304050508821	"family_other"
"VIT_03s0091g00160"	"VIT_16s0100g01070"	0.752744934202107	0.0584088176349893	"family_other"
"VIT_06s0004g01990"	"VIT_16s0100g01070"	0.953594100620388	0.62177829343788	"family_other"
"VIT_06s0061g01210"	"VIT_16s0100g01070"	0.864139947526721	0.232188562065794	"family_other"
"VIT_15s0046g01570"	"VIT_16s0100g01070"	0.907794910981368	0.380082118397049	"family_other"
"VIT_02s0033g01380"	"VIT_16s0100g01070"	0.669874613671201	0.0181942934849039	"family_other"
"VIT_05s0077g01540"	"VIT_16s0100g01070"	0.934571614016423	0.508306729639862	"family_other"
"VIT_01s0011g01810"	"VIT_16s0100g01070"	0.859151163803749	0.219126966837125	"family_other"
"VIT_06s0004g01010"	"VIT_16s0100g01070"	0.900223211202635	0.34954417179855	"family_other"
"VIT_05s0020g03140"	"VIT_16s0100g01070"	0.90127574326009	0.353652577089697	"family_other"
"VIT_12s0059g01720"	"VIT_16s0100g01070"	0.863815848154244	0.231319197236518	"family_other"
"VIT_03s0038g03400"	"VIT_16s0100g01070"	0.91106553373448	0.393999955482762	"family_other"
"VIT_08s0007g01810"	"VIT_16s0100g01070"	0.855948609238821	0.211094494233807	"family_other"
"VIT_06s0004g01020"	"VIT_16s0100g01070"	0.942596858126351	0.553681328542927	"family_other"
"VIT_11s0065g00350"	"VIT_16s0100g01070"	0.860256530034238	0.221962587792366	"family_other"
"VIT_12s0028g00920"	"VIT_16s0100g01070"	0.801484112316186	0.109382835756636	"family_other"
"VIT_12s0059g00310"	"VIT_16s0100g01070"	0.783560443749726	0.0872418839008894	"family_other"
"VIT_16s0039g01100"	"VIT_16s0100g01070"	0.908567518772812	0.383329345457993	"family_other"
"VIT_16s0100g01010"	"VIT_16s0100g01070"	0.949681002859682	0.596729496836074	"family_family"
"VIT_16s0100g01200"	"VIT_16s0100g01070"	0.991819416853145	0.921140891924297	"family_family"
"VIT_08s0007g06060"	"VIT_16s0100g01070"	0.597567476067973	0.0058058995827894	"family_other"
"VIT_05s0077g01550"	"VIT_16s0100g01070"	0.868961675537058	0.24547441210003	"family_other"
"VIT_05s0020g05000"	"VIT_16s0100g01070"	0.904518161545717	0.366583500105014	"family_other"
"VIT_02s0025g04250"	"VIT_16s0100g01070"	0.915230255684131	0.412385784306931	"family_other"
"VIT_03s0088g00710"	"VIT_16s0100g01070"	0.899878168252663	0.348206726368569	"family_other"
"VIT_16s0100g01100"	"VIT_16s0100g01070"	0.958477394038377	0.654363013486724	"family_family"
"VIT_12s0059g00370"	"VIT_16s0100g01070"	0.623210839607078	0.0088379183474207	"family_other"
"VIT_18s0001g02760"	"VIT_16s0100g01070"	0.828700497408479	0.152748162723605	"family_other"
"VIT_16s0100g00990"	"VIT_16s0100g01070"	0.954147250898076	0.625394465217565	"family_family"
"VIT_16s0100g01030"	"VIT_16s0100g01070"	0.94413077582635	0.562757829045614	"family_family"
"VIT_05s0077g01530"	"VIT_16s0100g01070"	0.944928952574061	0.567533575352192	"family_other"
"VIT_16s0100g01000"	"VIT_16s0100g01070"	0.921771688535159	0.442826548458688	"family_family"
"VIT_16s0100g00950"	"VIT_16s0100g01070"	0.922249623697759	0.445127952108611	"family_other"
"VIT_16s0100g00830"	"VIT_16s0100g01070"	0.981527570444899	0.829898599043696	"family_family"
"VIT_06s0004g01030"	"VIT_16s0100g01070"	0.949849139330115	0.597786819912889	"family_other"
"VIT_13s0019g00480"	"VIT_16s0100g01070"	0.874961414125316	0.262959587740174	"family_other"
"VIT_02s0025g04270"	"VIT_16s0100g01070"	0.821149333082515	0.139386734897406	"family_other"
"VIT_00s0324g00050"	"VIT_16s0100g01070"	0.941774149397204	0.548867674650726	"family_other"
"VIT_16s0100g00750"	"VIT_16s0100g01070"	0.979664475513331	0.814279684979466	"family_family"
"VIT_16s0100g00910"	"VIT_16s0100g01070"	0.984512394398918	0.855483977657553	"family_family"
"VIT_12s0028g02530"	"VIT_16s0100g01070"	0.935475160475061	0.513242488897699	"family_other"
"VIT_12s0028g00860"	"VIT_16s0100g01070"	0.959745555679356	0.663072622772177	"family_other"
"VIT_13s0019g05070"	"VIT_16s0100g01070"	0.935828703081385	0.515185480003238	"family_other"
"VIT_11s0016g05540"	"VIT_16s0100g01070"	0.92289199908779	0.448238142084071	"family_other"
"VIT_16s0100g00770"	"VIT_16s0100g01070"	0.982308104317912	0.836521815110892	"family_family"
"VIT_15s0048g00510"	"VIT_16s0100g01070"	0.833142123301843	0.161135387439027	"family_other"
"VIT_03s0088g00700"	"VIT_16s0100g01070"	0.928370707344605	0.475569822118113	"family_other"
"VIT_14s0006g03050"	"VIT_16s0100g01070"	0.909881168288047	0.388907900525729	"family_other"
"VIT_05s0077g01580"	"VIT_16s0050g00400"	0.466511851274261	0.000488232640404648	"other_other"
"VIT_03s0038g03860"	"VIT_16s0050g00400"	-0.425286618017581	0.00019356069600301	"other_other"
"VIT_09s0002g01000"	"VIT_16s0050g00400"	-0.534077470146014	0.00188817645621987	"other_other"
"VIT_00s1206g00010"	"VIT_16s0050g00400"	-0.461934354086344	0.000442387268164152	"other_other"
"VIT_14s0030g00340"	"VIT_16s0050g00400"	-0.625277402436852	0.00913539510632675	"other_other"
"VIT_02s0025g03260"	"VIT_16s0050g00400"	-0.384652564565916	7.0906544807758e-05	"other_other"
"VIT_10s0116g00530"	"VIT_16s0050g00400"	-0.603476092271526	0.00640620297248108	"other_other"
"VIT_08s0007g01560"	"VIT_16s0050g00400"	0.713889696769993	0.0343804170351662	"other_other"
"VIT_02s0012g01660"	"VIT_16s0050g00400"	-0.257425226519251	1.27794168240632e-06	"other_other"
"VIT_05s0062g00610"	"VIT_16s0050g00400"	-0.438234660949282	0.000261256580941686	"other_other"
"VIT_04s0044g00040"	"VIT_16s0050g00400"	0.66100534576697	0.0159239101275148	"other_other"
"VIT_08s0040g01710"	"VIT_16s0050g00400"	0.670815201963209	0.0184513845394652	"other_other"
"VIT_18s0001g08760"	"VIT_16s0050g00400"	0.667721380460428	0.0176178466635455	"other_other"
"VIT_05s0049g01550"	"VIT_16s0050g00400"	0.555133166622803	0.00277953247034517	"other_other"
"VIT_18s0166g00060"	"VIT_16s0050g00400"	0.429322148736676	0.000212732058797226	"other_other"
"VIT_18s0001g15130"	"VIT_16s0050g00400"	0.623008847218302	0.00880931501392111	"other_other"
"VIT_05s0077g01560"	"VIT_16s0050g00400"	0.647761759651984	0.0130062788339393	"other_other"
"VIT_07s0005g03340"	"VIT_16s0050g00400"	0.651026902196041	0.01367695291	"other_other"
"VIT_06s0004g07550"	"VIT_16s0050g00400"	0.361431171583534	3.80413617770941e-05	"other_other"
"VIT_18s0001g15220"	"VIT_16s0050g00400"	0.490096310146573	0.000799492378382193	"other_other"
"VIT_00s0270g00120"	"VIT_16s0050g00400"	0.516420138181363	0.00134906133581701	"other_other"
"VIT_14s0030g01890"	"VIT_16s0050g00400"	0.413857011631429	0.000147401931649885	"other_other"
"VIT_05s0077g01570"	"VIT_16s0050g00400"	0.636827435851658	0.0109702785348369	"other_other"
"VIT_06s0004g02010"	"VIT_16s0050g00400"	0.526240836522612	0.00162871638346384	"other_other"
"VIT_11s0016g03190"	"VIT_16s0050g00400"	0.505105443176673	0.00108098703780708	"other_other"
"VIT_03s0091g00160"	"VIT_16s0050g00400"	0.785256915376827	0.0891492506597102	"other_other"
"VIT_06s0004g01990"	"VIT_16s0050g00400"	0.543338870589357	0.00224237248992916	"other_other"
"VIT_06s0061g01210"	"VIT_16s0050g00400"	0.314312982089366	9.41072734352849e-06	"other_other"
"VIT_15s0046g01570"	"VIT_16s0050g00400"	0.646161541571129	0.0126885226675673	"other_other"
"VIT_02s0033g01380"	"VIT_16s0050g00400"	0.756667807195448	0.0615251343715633	"other_other"
"VIT_05s0077g01540"	"VIT_16s0050g00400"	0.567997957526583	0.0034951654627486	"other_other"
"VIT_01s0011g01810"	"VIT_16s0050g00400"	0.591872712371068	0.00527573748908858	"other_other"
"VIT_06s0004g01010"	"VIT_16s0050g00400"	0.693978998518741	0.0259097533398442	"other_other"
"VIT_05s0020g03140"	"VIT_16s0050g00400"	0.499499043062772	0.000966822180849619	"other_other"
"VIT_12s0059g01720"	"VIT_16s0050g00400"	0.716849603164816	0.0358327790448092	"other_other"
"VIT_03s0038g03400"	"VIT_16s0050g00400"	0.617916587504613	0.00811518709285134	"other_other"
"VIT_08s0007g01810"	"VIT_16s0050g00400"	0.375305900853104	5.54439199535605e-05	"other_other"
"VIT_06s0004g01020"	"VIT_16s0050g00400"	0.516331773706118	0.00134675473814878	"other_other"
"VIT_11s0065g00350"	"VIT_16s0050g00400"	0.584173282128318	0.00462825097273133	"other_other"
"VIT_12s0028g00920"	"VIT_16s0050g00400"	0.497968605820984	0.000937604401568089	"other_other"
"VIT_12s0059g00310"	"VIT_16s0050g00400"	0.651669590682732	0.0138125720614844	"other_other"
"VIT_16s0039g01100"	"VIT_16s0050g00400"	0.596621640505251	0.00571465503416745	"other_other"
"VIT_16s0100g01010"	"VIT_16s0050g00400"	0.615561958991615	0.00781119951878229	"family_other"
"VIT_16s0100g01200"	"VIT_16s0050g00400"	0.542779181534529	0.00221938076655806	"family_other"
"VIT_08s0007g06060"	"VIT_16s0050g00400"	0.612997255996845	0.00749178498516521	"other_other"
"VIT_05s0077g01550"	"VIT_16s0050g00400"	0.634153633571571	0.0105182830143881	"other_other"
"VIT_05s0020g05000"	"VIT_16s0050g00400"	0.447650970272563	0.000323143408458476	"other_other"
"VIT_02s0025g04250"	"VIT_16s0050g00400"	0.490305380322048	0.000802909487305477	"other_other"
"VIT_03s0088g00710"	"VIT_16s0050g00400"	0.575102989946861	0.00395782196950855	"other_other"
"VIT_16s0100g01100"	"VIT_16s0050g00400"	0.532255556262584	0.00182474439250044	"family_other"
"VIT_12s0059g00370"	"VIT_16s0050g00400"	0.679049397398147	0.0208455655144925	"other_other"
"VIT_18s0001g02760"	"VIT_16s0050g00400"	0.369999825856441	4.80856174046589e-05	"other_other"
"VIT_16s0100g00990"	"VIT_16s0050g00400"	0.600476225324184	0.00609478191823269	"family_other"
"VIT_16s0100g01030"	"VIT_16s0050g00400"	0.564802993255226	0.00330346642026285	"family_other"
"VIT_05s0077g01530"	"VIT_16s0050g00400"	0.542579901303097	0.00221124580624382	"other_other"
"VIT_16s0100g01000"	"VIT_16s0050g00400"	0.634232970014874	0.0105314494313497	"family_other"
"VIT_16s0100g00950"	"VIT_16s0050g00400"	0.656334254974438	0.0148337417099482	"other_other"
"VIT_16s0100g00830"	"VIT_16s0050g00400"	0.579549144699908	0.00427467097491211	"family_other"
"VIT_06s0004g01030"	"VIT_16s0050g00400"	0.535096739975866	0.00192452275689125	"other_other"
"VIT_13s0019g00480"	"VIT_16s0050g00400"	0.687435382769633	0.0235677877402053	"other_other"
"VIT_02s0025g04270"	"VIT_16s0050g00400"	0.543809685856795	0.00226187909070358	"other_other"
"VIT_00s0324g00050"	"VIT_16s0050g00400"	0.484229715441815	0.000708784758748517	"other_other"
"VIT_16s0100g00750"	"VIT_16s0050g00400"	0.5452578607896	0.00232284030781076	"family_other"
"VIT_16s0100g00910"	"VIT_16s0050g00400"	0.566315919490686	0.00339303001016932	"family_other"
"VIT_12s0028g02530"	"VIT_16s0050g00400"	0.608070276251851	0.00691094993913107	"other_other"
"VIT_12s0028g00860"	"VIT_16s0050g00400"	0.530588630104768	0.00176839546793533	"other_other"
"VIT_13s0019g05070"	"VIT_16s0050g00400"	0.470940353216711	0.000536610358661272	"other_other"
"VIT_11s0016g05540"	"VIT_16s0050g00400"	0.656374834841794	0.0148429156753883	"other_other"
"VIT_16s0100g00770"	"VIT_16s0050g00400"	0.542072327350448	0.00219064685432376	"family_other"
"VIT_15s0048g00510"	"VIT_16s0050g00400"	0.436484341617041	0.000251007492344438	"other_other"
"VIT_03s0088g00700"	"VIT_16s0050g00400"	0.523683173592749	0.00155126573087941	"other_other"
"VIT_14s0006g03050"	"VIT_16s0050g00400"	0.423638528624642	0.000186189210256513	"other_other"
"VIT_16s0100g01070"	"VIT_16s0050g00400"	0.513389158914582	0.00127194090912657	"family_other"
"VIT_05s0077g01580"	"VIT_03s0088g00690"	0.856399760642934	0.212209768897351	"other_other"
"VIT_03s0038g03860"	"VIT_03s0088g00690"	-0.882253481590815	0.285715504797784	"other_other"
"VIT_09s0002g01000"	"VIT_03s0088g00690"	-0.882599395713216	0.286837717288182	"other_other"
"VIT_00s1206g00010"	"VIT_03s0088g00690"	-0.903093068210285	0.360848652736491	"other_other"
"VIT_14s0030g00340"	"VIT_03s0088g00690"	-0.716668206125026	0.0357422082554229	"other_other"
"VIT_02s0025g03260"	"VIT_03s0088g00690"	-0.960594075622628	0.668958287432048	"other_other"
"VIT_10s0116g00530"	"VIT_03s0088g00690"	-0.889463570061818	0.309942871991159	"other_other"
"VIT_08s0007g01560"	"VIT_03s0088g00690"	0.655698607619698	0.0146907042059373	"other_other"
"VIT_02s0012g01660"	"VIT_03s0088g00690"	-0.872144038634328	0.254613933345359	"other_other"
"VIT_05s0062g00610"	"VIT_03s0088g00690"	-0.571489886332962	0.0037160837296311	"other_other"
"VIT_04s0044g00040"	"VIT_03s0088g00690"	0.861555104940346	0.225336010417342	"other_other"
"VIT_08s0040g01710"	"VIT_03s0088g00690"	0.81771570890818	0.133666756391106	"other_other"
"VIT_18s0001g08760"	"VIT_03s0088g00690"	0.837644801043471	0.170058746395313	"other_other"
"VIT_05s0049g01550"	"VIT_03s0088g00690"	0.783077507569403	0.0867056700056434	"other_other"
"VIT_18s0166g00060"	"VIT_03s0088g00690"	0.676467556703867	0.0200664121110181	"other_other"
"VIT_18s0001g15130"	"VIT_03s0088g00690"	0.839709874238493	0.174298079275849	"other_other"
"VIT_05s0077g01560"	"VIT_03s0088g00690"	0.841318698188471	0.177666444633031	"other_other"
"VIT_07s0005g03340"	"VIT_03s0088g00690"	0.809437498576045	0.120735003645366	"other_other"
"VIT_06s0004g07550"	"VIT_03s0088g00690"	0.877986791924475	0.272194801166026	"other_other"
"VIT_18s0001g15220"	"VIT_03s0088g00690"	0.859859498105772	0.220940294682389	"other_other"
"VIT_00s0270g00120"	"VIT_03s0088g00690"	0.93432442505388	0.506963885843241	"other_other"
"VIT_14s0030g01890"	"VIT_03s0088g00690"	0.937382997801202	0.523806303548935	"other_other"
"VIT_05s0077g01570"	"VIT_03s0088g00690"	0.859287257538646	0.219474322171225	"other_other"
"VIT_06s0004g02010"	"VIT_03s0088g00690"	0.984564473405144	0.855936621652544	"other_other"
"VIT_11s0016g03190"	"VIT_03s0088g00690"	0.903413445629174	0.362130829458435	"other_other"
"VIT_03s0091g00160"	"VIT_03s0088g00690"	0.733718762622183	0.0452164278658496	"other_other"
"VIT_06s0004g01990"	"VIT_03s0088g00690"	0.970761161213827	0.743231187020605	"other_other"
"VIT_06s0061g01210"	"VIT_03s0088g00690"	0.867431117126966	0.241184822270269	"other_other"
"VIT_15s0046g01570"	"VIT_03s0088g00690"	0.932755371849097	0.498514263349083	"other_other"
"VIT_02s0033g01380"	"VIT_03s0088g00690"	0.560338342787922	0.00305143001310887	"other_other"
"VIT_05s0077g01540"	"VIT_03s0088g00690"	0.911947129078807	0.397829152515064	"other_other"
"VIT_01s0011g01810"	"VIT_03s0088g00690"	0.896012274777762	0.333533601118425	"other_other"
"VIT_06s0004g01010"	"VIT_03s0088g00690"	0.852502509817599	0.202748039087367	"other_other"
"VIT_05s0020g03140"	"VIT_03s0088g00690"	0.88939854740838	0.309716368284897	"other_other"
"VIT_12s0059g01720"	"VIT_03s0088g00690"	0.829113713558182	0.153511524434731	"other_other"
"VIT_03s0038g03400"	"VIT_03s0088g00690"	0.913818273977262	0.406067643901066	"other_other"
"VIT_08s0007g01810"	"VIT_03s0088g00690"	0.868780150212255	0.244962100007527	"other_other"
"VIT_06s0004g01020"	"VIT_03s0088g00690"	0.932278929802276	0.495973747699017	"other_other"
"VIT_11s0065g00350"	"VIT_03s0088g00690"	0.793397498223212	0.0988344311595323	"other_other"
"VIT_12s0028g00920"	"VIT_03s0088g00690"	0.886052438458348	0.298259476420531	"other_other"
"VIT_12s0059g00310"	"VIT_03s0088g00690"	0.752762801455688	0.0584226831103426	"other_other"
"VIT_16s0039g01100"	"VIT_03s0088g00690"	0.869741989718662	0.247687663335619	"other_other"
"VIT_16s0100g01010"	"VIT_03s0088g00690"	0.867411648811232	0.241130697072531	"family_other"
"VIT_16s0100g01200"	"VIT_03s0088g00690"	0.927070670516274	0.468952025890779	"family_other"
"VIT_08s0007g06060"	"VIT_03s0088g00690"	0.652314120706251	0.0139497941304146	"other_other"
"VIT_05s0077g01550"	"VIT_03s0088g00690"	0.815274175797205	0.129728937315766	"other_other"
"VIT_05s0020g05000"	"VIT_03s0088g00690"	0.951806177076787	0.610218246736994	"other_other"
"VIT_02s0025g04250"	"VIT_03s0088g00690"	0.949659436944515	0.596594001836387	"other_other"
"VIT_03s0088g00710"	"VIT_03s0088g00690"	0.93640358650969	0.518359048670839	"other_other"
"VIT_16s0100g01100"	"VIT_03s0088g00690"	0.983562971790129	0.847269757279479	"family_other"
"VIT_12s0059g00370"	"VIT_03s0088g00690"	0.61554505521785	0.00780905477230619	"other_other"
"VIT_18s0001g02760"	"VIT_03s0088g00690"	0.889721440141375	0.310842620428941	"other_other"
"VIT_16s0100g00990"	"VIT_03s0088g00690"	0.869294793387928	0.246417067207556	"family_other"
"VIT_16s0100g01030"	"VIT_03s0088g00690"	0.869914541264521	0.248179499604465	"family_other"
"VIT_05s0077g01530"	"VIT_03s0088g00690"	0.958307694886378	0.653205381409543	"other_other"
"VIT_16s0100g01000"	"VIT_03s0088g00690"	0.873661809460238	0.259079778641282	"family_other"
"VIT_16s0100g00950"	"VIT_03s0088g00690"	0.833600662893508	0.162024434049649	"other_other"
"VIT_16s0100g00830"	"VIT_03s0088g00690"	0.908141694888322	0.381536556735176	"family_other"
"VIT_06s0004g01030"	"VIT_03s0088g00690"	0.940204010756908	0.539785227461305	"other_other"
"VIT_13s0019g00480"	"VIT_03s0088g00690"	0.880336861645306	0.279568908610528	"other_other"
"VIT_02s0025g04270"	"VIT_03s0088g00690"	0.837893673588759	0.170564683797662	"other_other"
"VIT_00s0324g00050"	"VIT_03s0088g00690"	0.967403927037523	0.717923980497213	"other_other"
"VIT_16s0100g00750"	"VIT_03s0088g00690"	0.951809897238103	0.610242097708955	"family_other"
"VIT_16s0100g00910"	"VIT_03s0088g00690"	0.936352921068189	0.518078651447905	"family_other"
"VIT_12s0028g02530"	"VIT_03s0088g00690"	0.937811443434081	0.526205372852544	"other_other"
"VIT_12s0028g00860"	"VIT_03s0088g00690"	0.982047603605624	0.834306067732578	"other_other"
"VIT_13s0019g05070"	"VIT_03s0088g00690"	0.974316154952396	0.770901757266238	"other_other"
"VIT_11s0016g05540"	"VIT_03s0088g00690"	0.964381305836635	0.695805458718793	"other_other"
"VIT_16s0100g00770"	"VIT_03s0088g00690"	0.945166314895266	0.568960809256303	"family_other"
"VIT_15s0048g00510"	"VIT_03s0088g00690"	0.882176884956533	0.285467545471544	"other_other"
"VIT_03s0088g00700"	"VIT_03s0088g00690"	0.981185233701022	0.827008621192481	"other_other"
"VIT_14s0006g03050"	"VIT_03s0088g00690"	0.96249445101932	0.682310954445321	"other_other"
"VIT_16s0100g01070"	"VIT_03s0088g00690"	0.939360988754869	0.53496479347899	"family_other"
"VIT_16s0050g00400"	"VIT_03s0088g00690"	0.512179575598165	0.00124228877002341	"other_other"
"VIT_05s0077g01580"	"VIT_08s0040g00920"	0.657394552903872	0.0150751281430939	"other_other"
"VIT_03s0038g03860"	"VIT_08s0040g00920"	-0.554954996745705	0.00277062443973517	"other_other"
"VIT_09s0002g01000"	"VIT_08s0040g00920"	-0.554768615820745	0.0027613333834354	"other_other"
"VIT_00s1206g00010"	"VIT_08s0040g00920"	-0.541166475014029	0.00215431320942008	"other_other"
"VIT_14s0030g00340"	"VIT_08s0040g00920"	-0.512442049353269	0.00124866975795985	"other_other"
"VIT_02s0025g03260"	"VIT_08s0040g00920"	-0.697720029977607	0.0273408434250865	"other_other"
"VIT_10s0116g00530"	"VIT_08s0040g00920"	-0.583343333958418	0.00456291516333716	"other_other"
"VIT_08s0007g01560"	"VIT_08s0040g00920"	0.540182265681181	0.00211545222082358	"other_other"
"VIT_02s0012g01660"	"VIT_08s0040g00920"	-0.665489130430128	0.0170376489046773	"other_other"
"VIT_05s0062g00610"	"VIT_08s0040g00920"	-0.464306916765432	0.000465641343752597	"other_other"
"VIT_04s0044g00040"	"VIT_08s0040g00920"	0.521935488192697	0.00150026601127647	"other_other"
"VIT_08s0040g01710"	"VIT_08s0040g00920"	0.590711208396309	0.00517311477548046	"other_other"
"VIT_18s0001g08760"	"VIT_08s0040g00920"	0.708902738255808	0.0320528417160483	"other_other"
"VIT_05s0049g01550"	"VIT_08s0040g00920"	0.749438847622184	0.0558935909942948	"other_other"
"VIT_18s0166g00060"	"VIT_08s0040g00920"	0.666947076241398	0.017414609096313	"other_other"
"VIT_18s0001g15130"	"VIT_08s0040g00920"	0.753349121447723	0.0588793302594685	"other_other"
"VIT_05s0077g01560"	"VIT_08s0040g00920"	0.717045768686787	0.0359309560955489	"other_other"
"VIT_07s0005g03340"	"VIT_08s0040g00920"	0.594808992474683	0.00554338773691543	"other_other"
"VIT_06s0004g07550"	"VIT_08s0040g00920"	0.57480816811904	0.00393757926156863	"other_other"
"VIT_18s0001g15220"	"VIT_08s0040g00920"	0.692337914969939	0.0253035326840438	"other_other"
"VIT_00s0270g00120"	"VIT_08s0040g00920"	0.556324565420472	0.0028397648119977	"other_other"
"VIT_14s0030g01890"	"VIT_08s0040g00920"	0.605713412184514	0.0066477075065476	"other_other"
"VIT_05s0077g01570"	"VIT_08s0040g00920"	0.741429347922131	0.0501993075681634	"other_other"
"VIT_06s0004g02010"	"VIT_08s0040g00920"	0.683333654979912	0.0221987289076353	"other_other"
"VIT_11s0016g03190"	"VIT_08s0040g00920"	0.600200461488277	0.00606684989923288	"other_other"
"VIT_03s0091g00160"	"VIT_08s0040g00920"	0.546617931151138	0.00238143504863877	"other_other"
"VIT_06s0004g01990"	"VIT_08s0040g00920"	0.637002584527985	0.0110004878106502	"other_other"
"VIT_06s0061g01210"	"VIT_08s0040g00920"	0.586232383657865	0.00479400026013149	"other_other"
"VIT_15s0046g01570"	"VIT_08s0040g00920"	0.729744878102717	0.0428262999740351	"other_other"
"VIT_02s0033g01380"	"VIT_08s0040g00920"	0.415611002611142	0.000153769556799294	"other_other"
"VIT_05s0077g01540"	"VIT_08s0040g00920"	0.672718326397203	0.0189815900790169	"other_other"
"VIT_01s0011g01810"	"VIT_08s0040g00920"	0.587956649017848	0.00493688556211075	"other_other"
"VIT_06s0004g01010"	"VIT_08s0040g00920"	0.646589568969047	0.0127728243913459	"other_other"
"VIT_05s0020g03140"	"VIT_08s0040g00920"	0.513518008444216	0.00127513681238134	"other_other"
"VIT_12s0059g01720"	"VIT_08s0040g00920"	0.589175175064306	0.00504016083483834	"other_other"
"VIT_03s0038g03400"	"VIT_08s0040g00920"	0.67276153679008	0.0189937859572847	"other_other"
"VIT_08s0007g01810"	"VIT_08s0040g00920"	0.657837582179127	0.0151770306242805	"other_other"
"VIT_06s0004g01020"	"VIT_08s0040g00920"	0.622105663847576	0.00868243524898149	"other_other"
"VIT_11s0065g00350"	"VIT_08s0040g00920"	0.551263680397684	0.00259175414926652	"other_other"
"VIT_12s0028g00920"	"VIT_08s0040g00920"	0.699519043716005	0.0280540406716273	"other_other"
"VIT_12s0059g00310"	"VIT_08s0040g00920"	0.466061124480537	0.000483535970169451	"other_other"
"VIT_16s0039g01100"	"VIT_08s0040g00920"	0.557820241372469	0.00291704207015184	"other_other"
"VIT_16s0100g01010"	"VIT_08s0040g00920"	0.634562642596244	0.0105863198449164	"family_other"
"VIT_16s0100g01200"	"VIT_08s0040g00920"	0.645553713841361	0.01256966894173	"family_other"
"VIT_08s0007g06060"	"VIT_08s0040g00920"	0.727691391977119	0.0416363236595181	"other_other"
"VIT_05s0077g01550"	"VIT_08s0040g00920"	0.683091435576931	0.0221201670788954	"other_other"
"VIT_05s0020g05000"	"VIT_08s0040g00920"	0.584899145400137	0.00468608183004571	"other_other"
"VIT_02s0025g04250"	"VIT_08s0040g00920"	0.732924846757041	0.044729541744907	"other_other"
"VIT_03s0088g00710"	"VIT_08s0040g00920"	0.770502496125679	0.0737463448687556	"other_other"
"VIT_16s0100g01100"	"VIT_08s0040g00920"	0.65201121072798	0.0138851517620881	"family_other"
"VIT_12s0059g00370"	"VIT_08s0040g00920"	0.37285907835006	5.19334551496328e-05	"other_other"
"VIT_18s0001g02760"	"VIT_08s0040g00920"	0.561953569830484	0.00314054010901554	"other_other"
"VIT_16s0100g00990"	"VIT_08s0040g00920"	0.629578162246214	0.00978355194764433	"family_other"
"VIT_16s0100g01030"	"VIT_08s0040g00920"	0.581262199204143	0.00440271737161318	"family_other"
"VIT_05s0077g01530"	"VIT_08s0040g00920"	0.732881240956036	0.044702936760933	"other_other"
"VIT_16s0100g01000"	"VIT_08s0040g00920"	0.668285420657756	0.017767235809547	"family_other"
"VIT_16s0100g00950"	"VIT_08s0040g00920"	0.598227216196838	0.00587031860357076	"other_other"
"VIT_16s0100g00830"	"VIT_08s0040g00920"	0.590083305022174	0.00511838883065494	"family_other"
"VIT_06s0004g01030"	"VIT_08s0040g00920"	0.647508820229832	0.0129555807820611	"other_other"
"VIT_13s0019g00480"	"VIT_08s0040g00920"	0.5259162640639	0.00161869869517398	"other_other"
"VIT_02s0025g04270"	"VIT_08s0040g00920"	0.789199487429379	0.0937276968077694	"other_other"
"VIT_00s0324g00050"	"VIT_08s0040g00920"	0.572688997336637	0.0037947956497691	"other_other"
"VIT_16s0100g00750"	"VIT_08s0040g00920"	0.703855347632637	0.0298424273784828	"family_other"
"VIT_16s0100g00910"	"VIT_08s0040g00920"	0.641002090406715	0.0117110128692661	"family_other"
"VIT_12s0028g02530"	"VIT_08s0040g00920"	0.652817242794379	0.0140577614287814	"other_other"
"VIT_12s0028g00860"	"VIT_08s0040g00920"	0.642942714826894	0.0120704315346639	"other_other"
"VIT_13s0019g05070"	"VIT_08s0040g00920"	0.643532864216277	0.0121816833269245	"other_other"
"VIT_11s0016g05540"	"VIT_08s0040g00920"	0.657858653359506	0.0151818926762214	"other_other"
"VIT_16s0100g00770"	"VIT_08s0040g00920"	0.674134997906673	0.0193851310992758	"family_other"
"VIT_15s0048g00510"	"VIT_08s0040g00920"	0.717450061092671	0.0361340606429586	"other_other"
"VIT_03s0088g00700"	"VIT_08s0040g00920"	0.711843006276612	0.0334073652495303	"other_other"
"VIT_14s0006g03050"	"VIT_08s0040g00920"	0.620481898859765	0.00845845736758668	"other_other"
"VIT_16s0100g01070"	"VIT_08s0040g00920"	0.615795250047996	0.0078408536245144	"family_other"
"VIT_16s0050g00400"	"VIT_08s0040g00920"	0.363988942504495	4.08208370294354e-05	"other_other"
"VIT_03s0088g00690"	"VIT_08s0040g00920"	0.645146348817014	0.0124905751716854	"other_other"
"VIT_05s0077g01580"	"VIT_16s0100g00900"	0.705999290813517	0.0307639890406045	"other_other"
"VIT_03s0038g03860"	"VIT_16s0100g00900"	-0.771680860139399	0.0748819743506062	"other_other"
"VIT_09s0002g01000"	"VIT_16s0100g00900"	-0.75881535465466	0.0632937901320671	"other_other"
"VIT_00s1206g00010"	"VIT_16s0100g00900"	-0.753237727925517	0.0587923265931261	"other_other"
"VIT_14s0030g00340"	"VIT_16s0100g00900"	-0.739003162511397	0.0485806106276244	"other_other"
"VIT_02s0025g03260"	"VIT_16s0100g00900"	-0.781885634329397	0.0853949795038557	"other_other"
"VIT_10s0116g00530"	"VIT_16s0100g00900"	-0.785064182988651	0.0889306854608545	"other_other"
"VIT_08s0007g01560"	"VIT_16s0100g00900"	0.810023051892238	0.121611258675531	"other_other"
"VIT_02s0012g01660"	"VIT_16s0100g00900"	-0.664984560608077	0.0169089103345278	"other_other"
"VIT_05s0062g00610"	"VIT_16s0100g00900"	-0.606059428065636	0.00668578053514015	"other_other"
"VIT_04s0044g00040"	"VIT_16s0100g00900"	0.805100055281902	0.114419109818851	"other_other"
"VIT_08s0040g01710"	"VIT_16s0100g00900"	0.819916998207101	0.137308967458894	"other_other"
"VIT_18s0001g08760"	"VIT_16s0100g00900"	0.861135424717044	0.224240757928599	"other_other"
"VIT_05s0049g01550"	"VIT_16s0100g00900"	0.748785328079788	0.0554081004054542	"other_other"
"VIT_18s0166g00060"	"VIT_16s0100g00900"	0.690709364125392	0.024714591633846	"other_other"
"VIT_18s0001g15130"	"VIT_16s0100g00900"	0.860314494738948	0.222112193139726	"other_other"
"VIT_05s0077g01560"	"VIT_16s0100g00900"	0.774754105871382	0.077918191688354	"other_other"
"VIT_07s0005g03340"	"VIT_16s0100g00900"	0.84709709330587	0.19025317592001	"other_other"
"VIT_06s0004g07550"	"VIT_16s0100g00900"	0.712588856854093	0.0337590539515276	"other_other"
"VIT_18s0001g15220"	"VIT_16s0100g00900"	0.739603328329048	0.0489765927959164	"other_other"
"VIT_00s0270g00120"	"VIT_16s0100g00900"	0.733685059682869	0.045195662258678	"other_other"
"VIT_14s0030g01890"	"VIT_16s0100g00900"	0.735117335327445	0.0460857482165766	"other_other"
"VIT_05s0077g01570"	"VIT_16s0100g00900"	0.788457200420849	0.0928498563804952	"other_other"
"VIT_06s0004g02010"	"VIT_16s0100g00900"	0.797747372157486	0.104388780167465	"other_other"
"VIT_11s0016g03190"	"VIT_16s0100g00900"	0.764952427297053	0.0686031836599058	"other_other"
"VIT_03s0091g00160"	"VIT_16s0100g00900"	0.804491711148609	0.113557477889606	"other_other"
"VIT_06s0004g01990"	"VIT_16s0100g00900"	0.793578300646613	0.0990598899064504	"other_other"
"VIT_06s0061g01210"	"VIT_16s0100g00900"	0.65785050432343	0.0151800121674771	"other_other"
"VIT_15s0046g01570"	"VIT_16s0100g00900"	0.864681578865441	0.233648000532514	"other_other"
"VIT_02s0033g01380"	"VIT_16s0100g00900"	0.82691840527282	0.149494971313901	"other_other"
"VIT_05s0077g01540"	"VIT_16s0100g00900"	0.782510769747975	0.0860801935515473	"other_other"
"VIT_01s0011g01810"	"VIT_16s0100g00900"	0.82560540139496	0.1471381380417	"other_other"
"VIT_06s0004g01010"	"VIT_16s0100g00900"	0.852527672683005	0.202807891102407	"other_other"
"VIT_05s0020g03140"	"VIT_16s0100g00900"	0.72397930170687	0.0395604752826322	"other_other"
"VIT_12s0059g01720"	"VIT_16s0100g00900"	0.897161866539207	0.337837658282138	"other_other"
"VIT_03s0038g03400"	"VIT_16s0100g00900"	0.854554949540353	0.207682517360076	"other_other"
"VIT_08s0007g01810"	"VIT_16s0100g00900"	0.68248947543568	0.021926008885293	"other_other"
"VIT_06s0004g01020"	"VIT_16s0100g00900"	0.767778359796752	0.0711801127418295	"other_other"
"VIT_11s0065g00350"	"VIT_16s0100g00900"	0.834184683991983	0.163163163622038	"other_other"
"VIT_12s0028g00920"	"VIT_16s0100g00900"	0.771131436229231	0.0743505320988793	"other_other"
"VIT_12s0059g00310"	"VIT_16s0100g00900"	0.823080956440003	0.142700513423992	"other_other"
"VIT_16s0039g01100"	"VIT_16s0100g00900"	0.939139532537113	0.533704940494699	"other_other"
"VIT_16s0100g01010"	"VIT_16s0100g00900"	0.963223289962304	0.687495325032214	"family_other"
"VIT_16s0100g01200"	"VIT_16s0100g00900"	0.891541052152629	0.317258638531013	"family_other"
"VIT_08s0007g06060"	"VIT_16s0100g00900"	0.661913189078069	0.0161439702256391	"other_other"
"VIT_05s0077g01550"	"VIT_16s0100g00900"	0.81102623502768	0.123125789904925	"other_other"
"VIT_05s0020g05000"	"VIT_16s0100g00900"	0.737406417715181	0.0475410894637587	"other_other"
"VIT_02s0025g04250"	"VIT_16s0100g00900"	0.812373475271863	0.125186457078546	"other_other"
"VIT_03s0088g00710"	"VIT_16s0100g00900"	0.823359265260081	0.143183762310816	"other_other"
"VIT_16s0100g01100"	"VIT_16s0100g00900"	0.81636307123395	0.131472072365403	"family_other"
"VIT_12s0059g00370"	"VIT_16s0100g00900"	0.727671045556312	0.0416246835110981	"other_other"
"VIT_18s0001g02760"	"VIT_16s0100g00900"	0.73624544674861	0.0467978843078992	"other_other"
"VIT_16s0100g00990"	"VIT_16s0100g00900"	0.956174448933712	0.638809464853177	"family_other"
"VIT_16s0100g01030"	"VIT_16s0100g00900"	0.863402100416655	0.230213617038676	"family_other"
"VIT_05s0077g01530"	"VIT_16s0100g00900"	0.821547498705294	0.140064081382923	"other_other"
"VIT_16s0100g01000"	"VIT_16s0100g00900"	0.978333520791755	0.803284414541784	"family_other"
"VIT_16s0100g00950"	"VIT_16s0100g00900"	0.944516725129252	0.565062551815334	"other_other"
"VIT_16s0100g00830"	"VIT_16s0100g00900"	0.921719782797907	0.4425772522913	"family_other"
"VIT_06s0004g01030"	"VIT_16s0100g00900"	0.800226764497783	0.10767892907457	"other_other"
"VIT_13s0019g00480"	"VIT_16s0100g00900"	0.832111044996163	0.159152280638929	"other_other"
"VIT_02s0025g04270"	"VIT_16s0100g00900"	0.775508446570285	0.078680176160536	"other_other"
"VIT_00s0324g00050"	"VIT_16s0100g00900"	0.771787904971675	0.0749859128342581	"other_other"
"VIT_16s0100g00750"	"VIT_16s0100g00900"	0.898620562682784	0.343370927149946	"family_other"
"VIT_16s0100g00910"	"VIT_16s0100g00900"	0.93421321642919	0.506360791594194	"family_other"
"VIT_12s0028g02530"	"VIT_16s0100g00900"	0.809213534698594	0.12040135668241	"other_other"
"VIT_12s0028g00860"	"VIT_16s0100g00900"	0.826907952690724	0.149476075621538	"other_other"
"VIT_13s0019g05070"	"VIT_16s0100g00900"	0.787464128271121	0.0916870063432645	"other_other"
"VIT_11s0016g05540"	"VIT_16s0100g00900"	0.840279192745821	0.175483422273541	"other_other"
"VIT_16s0100g00770"	"VIT_16s0100g00900"	0.888558455287743	0.306803308486472	"family_other"
"VIT_15s0048g00510"	"VIT_16s0100g00900"	0.724829954825195	0.0400277639432665	"other_other"
"VIT_03s0088g00700"	"VIT_16s0100g00900"	0.828080949417013	0.151610030488309	"other_other"
"VIT_14s0006g03050"	"VIT_16s0100g00900"	0.75780350284859	0.0624548377046585	"other_other"
"VIT_16s0100g01070"	"VIT_16s0100g00900"	0.881287109506574	0.28260131468451	"family_other"
"VIT_16s0050g00400"	"VIT_16s0100g00900"	0.683162086981942	0.0221430563787214	"other_other"
"VIT_03s0088g00690"	"VIT_16s0100g00900"	0.812485253997666	0.125358814381502	"other_other"
"VIT_08s0040g00920"	"VIT_16s0100g00900"	0.624342043376437	0.00899965402964885	"other_other"
"VIT_05s0077g01580"	"VIT_18s0001g13670"	0.59696989666596	0.00574810000862778	"other_other"
"VIT_03s0038g03860"	"VIT_18s0001g13670"	-0.586338644512221	0.00480269698679109	"other_other"
"VIT_09s0002g01000"	"VIT_18s0001g13670"	-0.672017977898293	0.0187849011918405	"other_other"
"VIT_00s1206g00010"	"VIT_18s0001g13670"	-0.588948423076445	0.00502079665839603	"other_other"
"VIT_14s0030g00340"	"VIT_18s0001g13670"	-0.595806943631135	0.00563709822648566	"other_other"
"VIT_02s0025g03260"	"VIT_18s0001g13670"	-0.817255410535198	0.132916239169684	"other_other"
"VIT_10s0116g00530"	"VIT_18s0001g13670"	-0.672747853789121	0.0189899232482517	"other_other"
"VIT_08s0007g01560"	"VIT_18s0001g13670"	0.433891405403519	0.000236488744872204	"other_other"
"VIT_02s0012g01660"	"VIT_18s0001g13670"	-0.782196487433302	0.0857350910845286	"other_other"
"VIT_05s0062g00610"	"VIT_18s0001g13670"	-0.388489619149654	7.83058458063526e-05	"other_other"
"VIT_04s0044g00040"	"VIT_18s0001g13670"	0.572536506156452	0.00378470326137575	"other_other"
"VIT_08s0040g01710"	"VIT_18s0001g13670"	0.652632413690197	0.014018011014727	"other_other"
"VIT_18s0001g08760"	"VIT_18s0001g13670"	0.620444624533909	0.0084533774759725	"other_other"
"VIT_05s0049g01550"	"VIT_18s0001g13670"	0.718183163064651	0.0365049866544776	"other_other"
"VIT_18s0166g00060"	"VIT_18s0001g13670"	0.554212696162283	0.0027337872003497	"other_other"
"VIT_18s0001g15130"	"VIT_18s0001g13670"	0.65224225117999	0.0139344323875842	"other_other"
"VIT_05s0077g01560"	"VIT_18s0001g13670"	0.643173737716337	0.0121138733398841	"other_other"
"VIT_07s0005g03340"	"VIT_18s0001g13670"	0.719794509889023	0.0373323473716756	"other_other"
"VIT_06s0004g07550"	"VIT_18s0001g13670"	0.638093463729932	0.0111903316959483	"other_other"
"VIT_18s0001g15220"	"VIT_18s0001g13670"	0.768108565715365	0.0714868371406216	"other_other"
"VIT_00s0270g00120"	"VIT_18s0001g13670"	0.755023784486627	0.0602013635868125	"other_other"
"VIT_14s0030g01890"	"VIT_18s0001g13670"	0.691581920059438	0.025028585756424	"other_other"
"VIT_05s0077g01570"	"VIT_18s0001g13670"	0.642403759169377	0.0119696302922192	"other_other"
"VIT_06s0004g02010"	"VIT_18s0001g13670"	0.793527978771562	0.0989970926097254	"other_other"
"VIT_11s0016g03190"	"VIT_18s0001g13670"	0.736497048481179	0.0469580557860985	"other_other"
"VIT_03s0091g00160"	"VIT_18s0001g13670"	0.459411262144144	0.000418809355121394	"other_other"
"VIT_06s0004g01990"	"VIT_18s0001g13670"	0.78356407163372	0.0872459232833152	"other_other"
"VIT_06s0061g01210"	"VIT_18s0001g13670"	0.817824160374308	0.133844140907085	"other_other"
"VIT_15s0046g01570"	"VIT_18s0001g13670"	0.682122770472356	0.021808483798108	"other_other"
"VIT_02s0033g01380"	"VIT_18s0001g13670"	0.273028000419932	2.30182278391164e-06	"other_other"
"VIT_05s0077g01540"	"VIT_18s0001g13670"	0.667619820847901	0.0175910684656442	"other_other"
"VIT_01s0011g01810"	"VIT_18s0001g13670"	0.660870402671597	0.0158914315891936	"other_other"
"VIT_06s0004g01010"	"VIT_18s0001g13670"	0.598328837667837	0.00588029820023621	"other_other"
"VIT_05s0020g03140"	"VIT_18s0001g13670"	0.709196654302168	0.0321859832630711	"other_other"
"VIT_12s0059g01720"	"VIT_18s0001g13670"	0.567618264511081	0.00347187127780269	"other_other"
"VIT_03s0038g03400"	"VIT_18s0001g13670"	0.665014962265604	0.016916642313614	"other_other"
"VIT_08s0007g01810"	"VIT_18s0001g13670"	0.877633650222195	0.271101965356006	"other_other"
"VIT_06s0004g01020"	"VIT_18s0001g13670"	0.706756839768958	0.031095690243417	"other_other"
"VIT_11s0065g00350"	"VIT_18s0001g13670"	0.551396665510809	0.00259801320691957	"other_other"
"VIT_12s0028g00920"	"VIT_18s0001g13670"	0.808170612458783	0.118858581041854	"other_other"
"VIT_12s0059g00310"	"VIT_18s0001g13670"	0.546770974774964	0.00238811106432943	"other_other"
"VIT_16s0039g01100"	"VIT_18s0001g13670"	0.56114908634394	0.00309586918497365	"other_other"
"VIT_16s0100g01010"	"VIT_18s0001g13670"	0.607532733906197	0.00685009866981593	"family_other"
"VIT_16s0100g01200"	"VIT_18s0001g13670"	0.692911402986154	0.0255139138145162	"family_other"
"VIT_08s0007g06060"	"VIT_18s0001g13670"	0.419935193576747	0.000170538614959802	"other_other"
"VIT_05s0077g01550"	"VIT_18s0001g13670"	0.564304855321497	0.00327444628017059	"other_other"
"VIT_05s0020g05000"	"VIT_18s0001g13670"	0.848289157184385	0.192947501376225	"other_other"
"VIT_02s0025g04250"	"VIT_18s0001g13670"	0.668688928164963	0.0178748054724377	"other_other"
"VIT_03s0088g00710"	"VIT_18s0001g13670"	0.695312437158533	0.026411920261965	"other_other"
"VIT_16s0100g01100"	"VIT_18s0001g13670"	0.787815162228554	0.092096547450481	"family_other"
"VIT_12s0059g00370"	"VIT_18s0001g13670"	0.419855062396763	0.000170213475929825	"other_other"
"VIT_18s0001g02760"	"VIT_18s0001g13670"	0.554903069341273	0.00276803304453604	"other_other"
"VIT_16s0100g00990"	"VIT_18s0001g13670"	0.618497678692057	0.00819182639588191	"family_other"
"VIT_16s0100g01030"	"VIT_18s0001g13670"	0.62874953818108	0.00965554496660237	"family_other"
"VIT_05s0077g01530"	"VIT_18s0001g13670"	0.735446630201306	0.0462926053725428	"other_other"
"VIT_16s0100g01000"	"VIT_18s0001g13670"	0.617122272701121	0.00801146997107871	"family_other"
"VIT_16s0100g00950"	"VIT_18s0001g13670"	0.586455703646502	0.00481229391350412	"other_other"
"VIT_16s0100g00830"	"VIT_18s0001g13670"	0.646618038332893	0.0127784493853076	"family_other"
"VIT_06s0004g01030"	"VIT_18s0001g13670"	0.714198304546774	0.0345293297840491	"other_other"
"VIT_13s0019g00480"	"VIT_18s0001g13670"	0.724266440986115	0.039717657421573	"other_other"
"VIT_02s0025g04270"	"VIT_18s0001g13670"	0.614541141281006	0.00768262484181237	"other_other"
"VIT_00s0324g00050"	"VIT_18s0001g13670"	0.74954155596619	0.0559702387403141	"other_other"
"VIT_16s0100g00750"	"VIT_18s0001g13670"	0.718060938793184	0.0364429080625136	"family_other"
"VIT_16s0100g00910"	"VIT_18s0001g13670"	0.688833920119492	0.0240516706670497	"family_other"
"VIT_12s0028g02530"	"VIT_18s0001g13670"	0.726315323895717	0.0408556449412688	"other_other"
"VIT_12s0028g00860"	"VIT_18s0001g13670"	0.787296356641135	0.0914918515603452	"other_other"
"VIT_13s0019g05070"	"VIT_18s0001g13670"	0.76604114031667	0.0695858506905036	"other_other"
"VIT_11s0016g05540"	"VIT_18s0001g13670"	0.749419068915001	0.0558788416696277	"other_other"
"VIT_16s0100g00770"	"VIT_18s0001g13670"	0.709402200537902	0.0322793895526084	"family_other"
"VIT_15s0048g00510"	"VIT_18s0001g13670"	0.87376227076753	0.259377845525031	"other_other"
"VIT_03s0088g00700"	"VIT_18s0001g13670"	0.767448176534897	0.0708745942154163	"other_other"
"VIT_14s0006g03050"	"VIT_18s0001g13670"	0.753615632428124	0.0590879585320297	"other_other"
"VIT_16s0100g01070"	"VIT_18s0001g13670"	0.719362216597282	0.0371087422059239	"family_other"
"VIT_16s0050g00400"	"VIT_18s0001g13670"	0.260139694929712	1.41927406254498e-06	"other_other"
"VIT_03s0088g00690"	"VIT_18s0001g13670"	0.791756936016003	0.0968096758656425	"other_other"
"VIT_08s0040g00920"	"VIT_18s0001g13670"	0.566235837982617	0.00338823505188508	"other_other"
"VIT_16s0100g00900"	"VIT_18s0001g13670"	0.551928170807782	0.00262316502571306	"other_other"
"VIT_05s0077g01580"	"VIT_16s0100g01150"	0.845531479966232	0.186765998674864	"family_other"
"VIT_03s0038g03860"	"VIT_16s0100g01150"	-0.886133912293007	0.298533843937788	"family_other"
"VIT_09s0002g01000"	"VIT_16s0100g01150"	-0.843133369814693	0.18153600880126	"family_other"
"VIT_00s1206g00010"	"VIT_16s0100g01150"	-0.873997514700529	0.260077017877219	"family_other"
"VIT_14s0030g00340"	"VIT_16s0100g01150"	-0.72590954199877	0.0406279633423305	"family_other"
"VIT_02s0025g03260"	"VIT_16s0100g01150"	-0.947031779196521	0.580290588638189	"family_other"
"VIT_10s0116g00530"	"VIT_16s0100g01150"	-0.871842208820529	0.253734141699073	"family_other"
"VIT_08s0007g01560"	"VIT_16s0100g01150"	0.730098960352209	0.0430345533794798	"family_other"
"VIT_02s0012g01660"	"VIT_16s0100g01150"	-0.8566980995596	0.212950191484918	"family_other"
"VIT_05s0062g00610"	"VIT_16s0100g01150"	-0.616887338276081	0.00798102302302326	"family_other"
"VIT_04s0044g00040"	"VIT_16s0100g01150"	0.837258524458077	0.169276152594093	"family_other"
"VIT_08s0040g01710"	"VIT_16s0100g01150"	0.841979739451185	0.179067352244915	"family_other"
"VIT_18s0001g08760"	"VIT_16s0100g01150"	0.880691246565864	0.28069637103065	"family_other"
"VIT_05s0049g01550"	"VIT_16s0100g01150"	0.808183704902683	0.118877837653382	"family_other"
"VIT_18s0166g00060"	"VIT_16s0100g01150"	0.719990635656283	0.0374341933744316	"family_other"
"VIT_18s0001g15130"	"VIT_16s0100g01150"	0.878934407605736	0.275146923447836	"family_other"
"VIT_05s0077g01560"	"VIT_16s0100g01150"	0.844895055480084	0.185364978558257	"family_other"
"VIT_07s0005g03340"	"VIT_16s0100g01150"	0.845926693198475	0.187640807522151	"family_other"
"VIT_06s0004g07550"	"VIT_16s0100g01150"	0.862645676697183	0.228204656092381	"family_other"
"VIT_18s0001g15220"	"VIT_16s0100g01150"	0.865639558735164	0.236249528134531	"family_other"
"VIT_00s0270g00120"	"VIT_16s0100g01150"	0.878519203818387	0.273849904051796	"family_other"
"VIT_14s0030g01890"	"VIT_16s0100g01150"	0.90437523073988	0.366004641271948	"family_other"
"VIT_05s0077g01570"	"VIT_16s0100g01150"	0.864736881426184	0.233797478126858	"family_other"
"VIT_06s0004g02010"	"VIT_16s0100g01150"	0.952262160533366	0.613147940361482	"family_other"
"VIT_11s0016g03190"	"VIT_16s0100g01150"	0.866776207695388	0.239370054017206	"family_other"
"VIT_03s0091g00160"	"VIT_16s0100g01150"	0.752305677503263	0.0580688725099031	"family_other"
"VIT_06s0004g01990"	"VIT_16s0100g01150"	0.937098019654904	0.522216032555595	"family_other"
"VIT_06s0061g01210"	"VIT_16s0100g01150"	0.844153289067084	0.183744001264657	"family_other"
"VIT_15s0046g01570"	"VIT_16s0100g01150"	0.935675640050793	0.514343468672833	"family_other"
"VIT_02s0033g01380"	"VIT_16s0100g01150"	0.637123847845942	0.0110214468929195	"family_other"
"VIT_05s0077g01540"	"VIT_16s0100g01150"	0.896430604921557	0.335094078239647	"family_other"
"VIT_01s0011g01810"	"VIT_16s0100g01150"	0.870631170553677	0.25023158003655	"family_other"
"VIT_06s0004g01010"	"VIT_16s0100g01150"	0.861608860106247	0.225476644209327	"family_other"
"VIT_05s0020g03140"	"VIT_16s0100g01150"	0.838596883385707	0.172001581573579	"family_other"
"VIT_12s0059g01720"	"VIT_16s0100g01150"	0.852225530002725	0.202090268819774	"family_other"
"VIT_03s0038g03400"	"VIT_16s0100g01150"	0.912731890725958	0.401265895699246	"family_other"
"VIT_08s0007g01810"	"VIT_16s0100g01150"	0.842011538498794	0.179134992103962	"family_other"
"VIT_06s0004g01020"	"VIT_16s0100g01150"	0.900644650639619	0.351184014258729	"family_other"
"VIT_11s0065g00350"	"VIT_16s0100g01150"	0.835067498311615	0.164898159470074	"family_other"
"VIT_12s0028g00920"	"VIT_16s0100g01150"	0.889887886074981	0.311424623573988	"family_other"
"VIT_12s0059g00310"	"VIT_16s0100g01150"	0.765398074026737	0.0690039021627236	"family_other"
"VIT_16s0039g01100"	"VIT_16s0100g01150"	0.924585042966031	0.456529278904417	"family_other"
"VIT_16s0100g01010"	"VIT_16s0100g01150"	0.936363928233393	0.518139556677626	"family_family"
"VIT_16s0100g01200"	"VIT_16s0100g01150"	0.959177910772203	0.659161277763151	"family_family"
"VIT_08s0007g06060"	"VIT_16s0100g01150"	0.69503589849374	0.0263070629551913	"family_other"
"VIT_05s0077g01550"	"VIT_16s0100g01150"	0.852186938300824	0.201998774044244	"family_other"
"VIT_05s0020g05000"	"VIT_16s0100g01150"	0.909807009219251	0.388591040774537	"family_other"
"VIT_02s0025g04250"	"VIT_16s0100g01150"	0.944003420210127	0.561999174813717	"family_other"
"VIT_03s0088g00710"	"VIT_16s0100g01150"	0.935560539978857	0.51371111054236	"family_other"
"VIT_16s0100g01100"	"VIT_16s0100g01150"	0.956189509269339	0.638910088404397	"family_family"
"VIT_12s0059g00370"	"VIT_16s0100g01150"	0.633682625936419	0.0104404207159635	"family_other"
"VIT_18s0001g02760"	"VIT_16s0100g01150"	0.87874293315313	0.274548107547435	"family_other"
"VIT_16s0100g00990"	"VIT_16s0100g01150"	0.93816490437078	0.528192006902238	"family_family"
"VIT_16s0100g01030"	"VIT_16s0100g01150"	0.893333139369628	0.323693851493669	"family_family"
"VIT_05s0077g01530"	"VIT_16s0100g01150"	0.948631660384841	0.590168669817553	"family_other"
"VIT_16s0100g01000"	"VIT_16s0100g01150"	0.941612119437547	0.547924091885893	"family_family"
"VIT_16s0100g00950"	"VIT_16s0100g01150"	0.892045052418465	0.319056714110329	"family_other"
"VIT_16s0100g00830"	"VIT_16s0100g01150"	0.942536987679654	0.553329750082244	"family_family"
"VIT_06s0004g01030"	"VIT_16s0100g01150"	0.91758662832958	0.42312702177637	"family_other"
"VIT_13s0019g00480"	"VIT_16s0100g01150"	0.856742899722201	0.213061577847876	"family_other"
"VIT_02s0025g04270"	"VIT_16s0100g01150"	0.875108347150725	0.263401511899704	"family_other"
"VIT_00s0324g00050"	"VIT_16s0100g01150"	0.923311764505541	0.450281072867928	"family_other"
"VIT_16s0100g00750"	"VIT_16s0100g01150"	0.977079226567823	0.793044942042596	"family_family"
"VIT_16s0100g00910"	"VIT_16s0100g01150"	0.972907952889509	0.75983192142524	"family_family"
"VIT_12s0028g02530"	"VIT_16s0100g01150"	0.92307297324425	0.449117889000696	"family_other"
"VIT_12s0028g00860"	"VIT_16s0100g01150"	0.958370130159723	0.653631079916391	"family_other"
"VIT_13s0019g05070"	"VIT_16s0100g01150"	0.939178351033834	0.533925583719054	"family_other"
"VIT_11s0016g05540"	"VIT_16s0100g01150"	0.943081574455068	0.556535149600978	"family_other"
"VIT_16s0100g00770"	"VIT_16s0100g01150"	0.966774843969916	0.713269104707558	"family_family"
"VIT_15s0048g00510"	"VIT_16s0100g01150"	0.876391701641538	0.267289911191751	"family_other"
"VIT_03s0088g00700"	"VIT_16s0100g01150"	0.960413925143762	0.667704776665312	"family_other"
"VIT_14s0006g03050"	"VIT_16s0100g01150"	0.925296666527511	0.460055233816652	"family_other"
"VIT_16s0100g01070"	"VIT_16s0100g01150"	0.961015973463062	0.671902200243369	"family_family"
"VIT_16s0050g00400"	"VIT_16s0100g01150"	0.510089319381488	0.00119251074404434	"family_other"
"VIT_03s0088g00690"	"VIT_16s0100g01150"	0.961295201731662	0.673857002125784	"family_other"
"VIT_08s0040g00920"	"VIT_16s0100g01150"	0.710203352392699	0.0326457897901187	"family_other"
"VIT_16s0100g00900"	"VIT_16s0100g01150"	0.901648649573498	0.355118555685865	"family_other"
"VIT_18s0001g13670"	"VIT_16s0100g01150"	0.747505418132484	0.0544682533673084	"family_other"
"VIT_05s0077g01580"	"VIT_02s0025g04230"	0.80612096463375	0.115878311713056	"other_other"
"VIT_03s0038g03860"	"VIT_02s0025g04230"	-0.628349895958802	0.00959434818129041	"other_other"
"VIT_09s0002g01000"	"VIT_02s0025g04230"	-0.608911922581151	0.00700720425171654	"other_other"
"VIT_00s1206g00010"	"VIT_02s0025g04230"	-0.605390984232633	0.00661240566844437	"other_other"
"VIT_14s0030g00340"	"VIT_02s0025g04230"	-0.58701891495827	0.0048587097213313	"other_other"
"VIT_02s0025g03260"	"VIT_02s0025g04230"	-0.702966728864006	0.0294677994302732	"other_other"
"VIT_10s0116g00530"	"VIT_02s0025g04230"	-0.715373329012138	0.0351016429903201	"other_other"
"VIT_08s0007g01560"	"VIT_02s0025g04230"	0.609911639824603	0.00712310288144356	"other_other"
"VIT_02s0012g01660"	"VIT_02s0025g04230"	-0.563606128016224	0.00323412696138719	"other_other"
"VIT_05s0062g00610"	"VIT_02s0025g04230"	-0.568481165501716	0.00352501366882522	"other_other"
"VIT_04s0044g00040"	"VIT_02s0025g04230"	0.650534569436836	0.0135738735585475	"other_other"
"VIT_08s0040g01710"	"VIT_02s0025g04230"	0.7284037473336	0.0420457122640432	"other_other"
"VIT_18s0001g08760"	"VIT_02s0025g04230"	0.794168366989042	0.0997989206257469	"other_other"
"VIT_05s0049g01550"	"VIT_02s0025g04230"	0.742854212185959	0.0511724137491608	"other_other"
"VIT_18s0166g00060"	"VIT_02s0025g04230"	0.704622757970359	0.0301693990555722	"other_other"
"VIT_18s0001g15130"	"VIT_02s0025g04230"	0.797145081018503	0.103603327745374	"other_other"
"VIT_05s0077g01560"	"VIT_02s0025g04230"	0.879880670812681	0.278123555289996	"other_other"
"VIT_07s0005g03340"	"VIT_02s0025g04230"	0.677705040520342	0.0204365300289256	"other_other"
"VIT_06s0004g07550"	"VIT_02s0025g04230"	0.678720518110002	0.0207448253853012	"other_other"
"VIT_18s0001g15220"	"VIT_02s0025g04230"	0.739242809257744	0.0487383797649922	"other_other"
"VIT_00s0270g00120"	"VIT_02s0025g04230"	0.656470522164055	0.0148645681042938	"other_other"
"VIT_14s0030g01890"	"VIT_02s0025g04230"	0.693049215370512	0.0255647035964558	"other_other"
"VIT_05s0077g01570"	"VIT_02s0025g04230"	0.876203661770111	0.266716963505083	"other_other"
"VIT_06s0004g02010"	"VIT_02s0025g04230"	0.779425601492752	0.0827459350471036	"other_other"
"VIT_11s0016g03190"	"VIT_02s0025g04230"	0.668025829383386	0.017698340612307	"other_other"
"VIT_03s0091g00160"	"VIT_02s0025g04230"	0.715330518945059	0.0350806427792908	"other_other"
"VIT_06s0004g01990"	"VIT_02s0025g04230"	0.770306477372715	0.0735589460120604	"other_other"
"VIT_06s0061g01210"	"VIT_02s0025g04230"	0.60801274079246	0.0069044135989474	"other_other"
"VIT_15s0046g01570"	"VIT_02s0025g04230"	0.782186026340204	0.0857236255664794	"other_other"
"VIT_02s0033g01380"	"VIT_02s0025g04230"	0.492219513210688	0.000834811197636778	"other_other"
"VIT_05s0077g01540"	"VIT_02s0025g04230"	0.809860015091994	0.121366708079292	"other_other"
"VIT_01s0011g01810"	"VIT_02s0025g04230"	0.677471077625347	0.020366086867664	"other_other"
"VIT_06s0004g01010"	"VIT_02s0025g04230"	0.77558771804019	0.0787606390231993	"other_other"
"VIT_05s0020g03140"	"VIT_02s0025g04230"	0.603252451826002	0.00638250196332029	"other_other"
"VIT_12s0059g01720"	"VIT_02s0025g04230"	0.683822530526723	0.0223580569446517	"other_other"
"VIT_03s0038g03400"	"VIT_02s0025g04230"	0.716099109494937	0.0354593962330805	"other_other"
"VIT_08s0007g01810"	"VIT_02s0025g04230"	0.606306926868631	0.00671313374129454	"other_other"
"VIT_06s0004g01020"	"VIT_02s0025g04230"	0.728963173931793	0.0423697488806693	"other_other"
"VIT_11s0065g00350"	"VIT_02s0025g04230"	0.586029496493335	0.0047774346837057	"other_other"
"VIT_12s0028g00920"	"VIT_02s0025g04230"	0.727765610734187	0.0416788089067078	"other_other"
"VIT_12s0059g00310"	"VIT_02s0025g04230"	0.568601365502467	0.00353247407469837	"other_other"
"VIT_16s0039g01100"	"VIT_02s0025g04230"	0.769989371738737	0.0732566923833055	"other_other"
"VIT_16s0100g01010"	"VIT_02s0025g04230"	0.764005975382857	0.0677590880916376	"family_other"
"VIT_16s0100g01200"	"VIT_02s0025g04230"	0.796107473215802	0.102262641700461	"family_other"
"VIT_08s0007g06060"	"VIT_02s0025g04230"	0.911411915586754	0.395500485979832	"other_other"
"VIT_05s0077g01550"	"VIT_02s0025g04230"	0.92104104968307	0.439328994116262	"other_other"
"VIT_05s0020g05000"	"VIT_02s0025g04230"	0.686534025144503	0.0232605864845817	"other_other"
"VIT_02s0025g04250"	"VIT_02s0025g04230"	0.834488311576014	0.163758020620095	"other_other"
"VIT_03s0088g00710"	"VIT_02s0025g04230"	0.896788318060101	0.336433646831282	"other_other"
"VIT_16s0100g01100"	"VIT_02s0025g04230"	0.762886628333759	0.066772867602668	"family_other"
"VIT_12s0059g00370"	"VIT_02s0025g04230"	0.462295101468389	0.000445854255625069	"other_other"
"VIT_18s0001g02760"	"VIT_02s0025g04230"	0.696860256204385	0.0270057947472761	"other_other"
"VIT_16s0100g00990"	"VIT_02s0025g04230"	0.769857751316236	0.0731315651588374	"family_other"
"VIT_16s0100g01030"	"VIT_02s0025g04230"	0.670950686686003	0.0184886847376919	"family_other"
"VIT_05s0077g01530"	"VIT_02s0025g04230"	0.814337540680799	0.128246216300005	"other_other"
"VIT_16s0100g01000"	"VIT_02s0025g04230"	0.765854603527308	0.0694165894577108	"family_other"
"VIT_16s0100g00950"	"VIT_02s0025g04230"	0.700180957531905	0.0283206327972621	"other_other"
"VIT_16s0100g00830"	"VIT_02s0025g04230"	0.76266491253104	0.0665790609139091	"family_other"
"VIT_06s0004g01030"	"VIT_02s0025g04230"	0.750629725901846	0.0567881329443862	"other_other"
"VIT_13s0019g00480"	"VIT_02s0025g04230"	0.694885135573145	0.0262500549574422	"other_other"
"VIT_02s0025g04270"	"VIT_02s0025g04230"	0.976475302172055	0.788156809733586	"other_other"
"VIT_00s0324g00050"	"VIT_02s0025g04230"	0.700930139434276	0.0286251220452421	"other_other"
"VIT_16s0100g00750"	"VIT_02s0025g04230"	0.785471740900353	0.0893934398972422	"family_other"
"VIT_16s0100g00910"	"VIT_02s0025g04230"	0.780458484170479	0.0838490334703718	"family_other"
"VIT_12s0028g02530"	"VIT_02s0025g04230"	0.803386055180628	0.112006413645491	"other_other"
"VIT_12s0028g00860"	"VIT_02s0025g04230"	0.765053438687231	0.0686938274951848	"other_other"
"VIT_13s0019g05070"	"VIT_02s0025g04230"	0.72256599662653	0.0387949504619959	"other_other"
"VIT_11s0016g05540"	"VIT_02s0025g04230"	0.809629786643128	0.121022125680921	"other_other"
"VIT_16s0100g00770"	"VIT_02s0025g04230"	0.778246075771399	0.0815022117974436	"family_other"
"VIT_15s0048g00510"	"VIT_02s0025g04230"	0.689616903173318	0.0243264636112155	"other_other"
"VIT_03s0088g00700"	"VIT_02s0025g04230"	0.784850267881775	0.0886886631096873	"other_other"
"VIT_14s0006g03050"	"VIT_02s0025g04230"	0.691684739011943	0.0250658211909356	"other_other"
"VIT_16s0100g01070"	"VIT_02s0025g04230"	0.771737918832353	0.0749373611010534	"family_other"
"VIT_16s0050g00400"	"VIT_02s0025g04230"	0.575841058095319	0.00400890969270056	"other_other"
"VIT_03s0088g00690"	"VIT_02s0025g04230"	0.75763505487043	0.0623161490605222	"other_other"
"VIT_08s0040g00920"	"VIT_02s0025g04230"	0.721508675791833	0.0382309928254923	"other_other"
"VIT_16s0100g00900"	"VIT_02s0025g04230"	0.752322000346208	0.0580814729948482	"other_other"
"VIT_18s0001g13670"	"VIT_02s0025g04230"	0.515669689256378	0.00132958481353459	"other_other"
"VIT_16s0100g01150"	"VIT_02s0025g04230"	0.809339484811059	0.120588886790086	"family_other"
"VIT_05s0077g01580"	"VIT_07s0031g01710"	0.83743695525584	0.169637248486487	"other_other"
"VIT_03s0038g03860"	"VIT_07s0031g01710"	-0.632320174495044	0.0102181055427425	"other_other"
"VIT_09s0002g01000"	"VIT_07s0031g01710"	-0.61525885718417	0.00777282239925709	"other_other"
"VIT_00s1206g00010"	"VIT_07s0031g01710"	-0.645444008460108	0.0125483243775287	"other_other"
"VIT_14s0030g00340"	"VIT_07s0031g01710"	-0.517702480749601	0.00138293720508387	"other_other"
"VIT_02s0025g03260"	"VIT_07s0031g01710"	-0.71750718270993	0.0361628400068722	"other_other"
"VIT_10s0116g00530"	"VIT_07s0031g01710"	-0.703507347602839	0.0296952083476544	"other_other"
"VIT_08s0007g01560"	"VIT_07s0031g01710"	0.615670531828926	0.00782498785530644	"other_other"
"VIT_02s0012g01660"	"VIT_07s0031g01710"	-0.562212571918167	0.00315504478687767	"other_other"
"VIT_05s0062g00610"	"VIT_07s0031g01710"	-0.490343078172533	0.000803527029709722	"other_other"
"VIT_04s0044g00040"	"VIT_07s0031g01710"	0.68920366248241	0.0241810840484878	"other_other"
"VIT_08s0040g01710"	"VIT_07s0031g01710"	0.691075542910451	0.0248459287833763	"other_other"
"VIT_18s0001g08760"	"VIT_07s0031g01710"	0.766988387080493	0.0704511170857853	"other_other"
"VIT_05s0049g01550"	"VIT_07s0031g01710"	0.714142986506981	0.0345025945032756	"other_other"
"VIT_18s0166g00060"	"VIT_07s0031g01710"	0.656369276531014	0.0148416587960865	"other_other"
"VIT_18s0001g15130"	"VIT_07s0031g01710"	0.852572616500422	0.202914833361156	"other_other"
"VIT_05s0077g01560"	"VIT_07s0031g01710"	0.865084869372822	0.23474003298023	"other_other"
"VIT_07s0005g03340"	"VIT_07s0031g01710"	0.682448636917173	0.0219128924244558	"other_other"
"VIT_06s0004g07550"	"VIT_07s0031g01710"	0.738931465183986	0.048533498790416	"other_other"
"VIT_18s0001g15220"	"VIT_07s0031g01710"	0.697571431457941	0.0272826694138992	"other_other"
"VIT_00s0270g00120"	"VIT_07s0031g01710"	0.641863965390277	0.0118694323161255	"other_other"
"VIT_14s0030g01890"	"VIT_07s0031g01710"	0.704557147670832	0.0301413188653243	"other_other"
"VIT_05s0077g01570"	"VIT_07s0031g01710"	0.873290969206504	0.257982169700027	"other_other"
"VIT_06s0004g02010"	"VIT_07s0031g01710"	0.768996546587714	0.0723175816741264	"other_other"
"VIT_11s0016g03190"	"VIT_07s0031g01710"	0.687798580794977	0.0236926017069247	"other_other"
"VIT_03s0091g00160"	"VIT_07s0031g01710"	0.717443664042362	0.0361308389256306	"other_other"
"VIT_06s0004g01990"	"VIT_07s0031g01710"	0.742102948845961	0.0506572457298425	"other_other"
"VIT_06s0061g01210"	"VIT_07s0031g01710"	0.579675617370962	0.00428400858289469	"other_other"
"VIT_15s0046g01570"	"VIT_07s0031g01710"	0.795018486713193	0.100872381690524	"other_other"
"VIT_02s0033g01380"	"VIT_07s0031g01710"	0.510165478259143	0.00119429241875007	"other_other"
"VIT_05s0077g01540"	"VIT_07s0031g01710"	0.803962957558401	0.112813322961602	"other_other"
"VIT_01s0011g01810"	"VIT_07s0031g01710"	0.731796741622613	0.0440458214836098	"other_other"
"VIT_06s0004g01010"	"VIT_07s0031g01710"	0.77132775291388	0.0745400326485689	"other_other"
"VIT_05s0020g03140"	"VIT_07s0031g01710"	0.585198139968729	0.00471009178938281	"other_other"
"VIT_12s0059g01720"	"VIT_07s0031g01710"	0.709794023545622	0.0324581215848032	"other_other"
"VIT_03s0038g03400"	"VIT_07s0031g01710"	0.713129822517341	0.034016214916134	"other_other"
"VIT_08s0007g01810"	"VIT_07s0031g01710"	0.544947442185104	0.00230965006423527	"other_other"
"VIT_06s0004g01020"	"VIT_07s0031g01710"	0.717198414740445	0.0360075199086731	"other_other"
"VIT_11s0065g00350"	"VIT_07s0031g01710"	0.574893769362581	0.00394344709140165	"other_other"
"VIT_12s0028g00920"	"VIT_07s0031g01710"	0.709939625933763	0.0325247654955581	"other_other"
"VIT_12s0059g00310"	"VIT_07s0031g01710"	0.584483884276326	0.00465291812423344	"other_other"
"VIT_16s0039g01100"	"VIT_07s0031g01710"	0.795342645129002	0.101284431136632	"other_other"
"VIT_16s0100g01010"	"VIT_07s0031g01710"	0.736796245935971	0.0471491691507275	"family_other"
"VIT_16s0100g01200"	"VIT_07s0031g01710"	0.752380978735949	0.0581270221142664	"family_other"
"VIT_08s0007g06060"	"VIT_07s0031g01710"	0.899081731984082	0.34513717126095	"other_other"
"VIT_05s0077g01550"	"VIT_07s0031g01710"	0.888529041883842	0.306701764401726	"other_other"
"VIT_05s0020g05000"	"VIT_07s0031g01710"	0.629785241993461	0.00981577950776745	"other_other"
"VIT_02s0025g04250"	"VIT_07s0031g01710"	0.833147454067267	0.161145697800977	"other_other"
"VIT_03s0088g00710"	"VIT_07s0031g01710"	0.891963537152075	0.318765279268472	"other_other"
"VIT_16s0100g01100"	"VIT_07s0031g01710"	0.747169309458549	0.0542238370221862	"family_other"
"VIT_12s0059g00370"	"VIT_07s0031g01710"	0.519964081762427	0.00144455287659638	"other_other"
"VIT_18s0001g02760"	"VIT_07s0031g01710"	0.73927613835945	0.0487603581461467	"other_other"
"VIT_16s0100g00990"	"VIT_07s0031g01710"	0.739621042108919	0.0489883241397214	"family_other"
"VIT_16s0100g01030"	"VIT_07s0031g01710"	0.670412939235424	0.0183410366031029	"family_other"
"VIT_05s0077g01530"	"VIT_07s0031g01710"	0.819227382061589	0.136158449865824	"other_other"
"VIT_16s0100g01000"	"VIT_07s0031g01710"	0.767260278337564	0.0707012594400439	"family_other"
"VIT_16s0100g00950"	"VIT_07s0031g01710"	0.685416107567669	0.0228845861614738	"other_other"
"VIT_16s0100g00830"	"VIT_07s0031g01710"	0.736128142012515	0.0467233754707168	"family_other"
"VIT_06s0004g01030"	"VIT_07s0031g01710"	0.755189957478896	0.0603339919170887	"other_other"
"VIT_13s0019g00480"	"VIT_07s0031g01710"	0.70624327363027	0.0308704702822961	"other_other"
"VIT_02s0025g04270"	"VIT_07s0031g01710"	0.914142270769743	0.407509667180551	"other_other"
"VIT_00s0324g00050"	"VIT_07s0031g01710"	0.678146183598729	0.0205699492491636	"other_other"
"VIT_16s0100g00750"	"VIT_07s0031g01710"	0.778509059698529	0.0817780422155125	"family_other"
"VIT_16s0100g00910"	"VIT_07s0031g01710"	0.763546783916384	0.0673529345076928	"family_other"
"VIT_12s0028g02530"	"VIT_07s0031g01710"	0.77873382129395	0.0820144487306691	"other_other"
"VIT_12s0028g00860"	"VIT_07s0031g01710"	0.74975982284057	0.0561334380969133	"other_other"
"VIT_13s0019g05070"	"VIT_07s0031g01710"	0.72054066424462	0.0377211527069941	"other_other"
"VIT_11s0016g05540"	"VIT_07s0031g01710"	0.80176769744589	0.109770476399909	"other_other"
"VIT_16s0100g00770"	"VIT_07s0031g01710"	0.767087967047533	0.0705426389424922	"family_other"
"VIT_15s0048g00510"	"VIT_07s0031g01710"	0.628993441591613	0.00969306603754015	"other_other"
"VIT_03s0088g00700"	"VIT_07s0031g01710"	0.802915292479348	0.111351814029224	"other_other"
"VIT_14s0006g03050"	"VIT_07s0031g01710"	0.708957805965139	0.0320777491343044	"other_other"
"VIT_16s0100g01070"	"VIT_07s0031g01710"	0.728799324444506	0.0422746104126038	"family_other"
"VIT_16s0050g00400"	"VIT_07s0031g01710"	0.611453963642611	0.00730529310995061	"other_other"
"VIT_03s0088g00690"	"VIT_07s0031g01710"	0.746861543568914	0.0540008976161732	"other_other"
"VIT_08s0040g00920"	"VIT_07s0031g01710"	0.728785836560765	0.0422667873051034	"other_other"
"VIT_16s0100g00900"	"VIT_07s0031g01710"	0.766430034598319	0.0699399236503047	"other_other"
"VIT_18s0001g13670"	"VIT_07s0031g01710"	0.459941754580443	0.000423670647249555	"other_other"
"VIT_16s0100g01150"	"VIT_07s0031g01710"	0.796839921857305	0.103207401108051	"family_other"
"VIT_02s0025g04230"	"VIT_07s0031g01710"	0.924115689232119	0.454217053485394	"other_other"
"VIT_05s0077g01580"	"VIT_02s0033g00700"	0.862723188223835	0.228409788345792	"other_other"
"VIT_03s0038g03860"	"VIT_02s0033g00700"	-0.851550045286924	0.200494176979127	"other_other"
"VIT_09s0002g01000"	"VIT_02s0033g00700"	-0.916084987735992	0.416253273935619	"other_other"
"VIT_00s1206g00010"	"VIT_02s0033g00700"	-0.91645685741598	0.417946075791695	"other_other"
"VIT_14s0030g00340"	"VIT_02s0033g00700"	-0.655695936888	0.0146901058485548	"other_other"
"VIT_02s0025g03260"	"VIT_02s0033g00700"	-0.912368595827802	0.399671593767148	"other_other"
"VIT_10s0116g00530"	"VIT_02s0033g00700"	-0.879468456865249	0.276823322011108	"other_other"
"VIT_08s0007g01560"	"VIT_02s0033g00700"	0.576645944540273	0.00406529831978943	"other_other"
"VIT_02s0012g01660"	"VIT_02s0033g00700"	-0.849423370704953	0.195542902965159	"other_other"
"VIT_05s0062g00610"	"VIT_02s0033g00700"	-0.548961000945246	0.002485506629273	"other_other"
"VIT_04s0044g00040"	"VIT_02s0033g00700"	0.861744249861764	0.225831199789742	"other_other"
"VIT_08s0040g01710"	"VIT_02s0033g00700"	0.750963974717119	0.0570415128167922	"other_other"
"VIT_18s0001g08760"	"VIT_02s0033g00700"	0.789837442067174	0.0944881128541832	"other_other"
"VIT_05s0049g01550"	"VIT_02s0033g00700"	0.762294576993168	0.0662564712134217	"other_other"
"VIT_18s0166g00060"	"VIT_02s0033g00700"	0.657529550015391	0.0151061138027111	"other_other"
"VIT_18s0001g15130"	"VIT_02s0033g00700"	0.764679550109092	0.0683588518440981	"other_other"
"VIT_05s0077g01560"	"VIT_02s0033g00700"	0.839009698355102	0.17285016956898	"other_other"
"VIT_07s0005g03340"	"VIT_02s0033g00700"	0.717587180670076	0.0362031797470195	"other_other"
"VIT_06s0004g07550"	"VIT_02s0033g00700"	0.836513038916379	0.167774961553224	"other_other"
"VIT_18s0001g15220"	"VIT_02s0033g00700"	0.84286169205433	0.180951903769816	"other_other"
"VIT_00s0270g00120"	"VIT_02s0033g00700"	0.922562538356474	0.446640556911735	"other_other"
"VIT_14s0030g01890"	"VIT_02s0033g00700"	0.939533415950516	0.535947575506473	"other_other"
"VIT_05s0077g01570"	"VIT_02s0033g00700"	0.858223389098795	0.216772138252613	"other_other"
"VIT_06s0004g02010"	"VIT_02s0033g00700"	0.93578065251484	0.514921016697668	"other_other"
"VIT_11s0016g03190"	"VIT_02s0033g00700"	0.938295468059305	0.528927548181449	"other_other"
"VIT_03s0091g00160"	"VIT_02s0033g00700"	0.695646358166068	0.0265390369199456	"other_other"
"VIT_06s0004g01990"	"VIT_02s0033g00700"	0.920437633559514	0.436459219617824	"other_other"
"VIT_06s0061g01210"	"VIT_02s0033g00700"	0.848747115561018	0.193991684215982	"other_other"
"VIT_15s0046g01570"	"VIT_02s0033g00700"	0.905006011178684	0.368565464744386	"other_other"
"VIT_02s0033g01380"	"VIT_02s0033g00700"	0.581027803259978	0.0043849954478717	"other_other"
"VIT_05s0077g01540"	"VIT_02s0033g00700"	0.899144660126229	0.345378814285032	"other_other"
"VIT_01s0011g01810"	"VIT_02s0033g00700"	0.886013351921858	0.298127930978403	"other_other"
"VIT_06s0004g01010"	"VIT_02s0033g00700"	0.858133887067292	0.216546177919976	"other_other"
"VIT_05s0020g03140"	"VIT_02s0033g00700"	0.927180092405402	0.46950582271759	"other_other"
"VIT_12s0059g01720"	"VIT_02s0033g00700"	0.878354935516576	0.27333828147131	"other_other"
"VIT_03s0038g03400"	"VIT_02s0033g00700"	0.908016210162671	0.381009686847753	"other_other"
"VIT_08s0007g01810"	"VIT_02s0033g00700"	0.845829184058158	0.187424627961854	"other_other"
"VIT_06s0004g01020"	"VIT_02s0033g00700"	0.936419055797264	0.518444687400066	"other_other"
"VIT_11s0065g00350"	"VIT_02s0033g00700"	0.810901935549787	0.122937214987343	"other_other"
"VIT_12s0028g00920"	"VIT_02s0033g00700"	0.770848862185273	0.0740785302195904	"other_other"
"VIT_12s0059g00310"	"VIT_02s0033g00700"	0.702699774299056	0.0293560852660512	"other_other"
"VIT_16s0039g01100"	"VIT_02s0033g00700"	0.809716061575657	0.121151149885823	"other_other"
"VIT_16s0100g01010"	"VIT_02s0033g00700"	0.832002314288244	0.158944440970664	"family_other"
"VIT_16s0100g01200"	"VIT_02s0033g00700"	0.885742716863175	0.29721854222849	"family_other"
"VIT_08s0007g06060"	"VIT_02s0033g00700"	0.614026761785121	0.00761856186932049	"other_other"
"VIT_05s0077g01550"	"VIT_02s0033g00700"	0.788063005761631	0.0923866900578535	"other_other"
"VIT_05s0020g05000"	"VIT_02s0033g00700"	0.910457941705011	0.391380230863989	"other_other"
"VIT_02s0025g04250"	"VIT_02s0033g00700"	0.928755889322472	0.477546654333169	"other_other"
"VIT_03s0088g00710"	"VIT_02s0033g00700"	0.921558707228352	0.441804432294635	"other_other"
"VIT_16s0100g01100"	"VIT_02s0033g00700"	0.943939932513863	0.561621324100207	"family_other"
"VIT_12s0059g00370"	"VIT_02s0033g00700"	0.6083211905837	0.00693952031886053	"other_other"
"VIT_18s0001g02760"	"VIT_02s0033g00700"	0.831132463811843	0.157290488300195	"other_other"
"VIT_16s0100g00990"	"VIT_02s0033g00700"	0.826687595668262	0.149078224417161	"family_other"
"VIT_16s0100g01030"	"VIT_02s0033g00700"	0.884065506653913	0.291638235187042	"family_other"
"VIT_05s0077g01530"	"VIT_02s0033g00700"	0.93458494122395	0.50837922000767	"other_other"
"VIT_16s0100g01000"	"VIT_02s0033g00700"	0.853451498389344	0.205016328687101	"family_other"
"VIT_16s0100g00950"	"VIT_02s0033g00700"	0.81804847655809	0.134211707588669	"other_other"
"VIT_16s0100g00830"	"VIT_02s0033g00700"	0.8779950638333	0.272220446950904	"family_other"
"VIT_06s0004g01030"	"VIT_02s0033g00700"	0.937289899596706	0.523286306518304	"other_other"
"VIT_13s0019g00480"	"VIT_02s0033g00700"	0.864023971825038	0.231877131328138	"other_other"
"VIT_02s0025g04270"	"VIT_02s0033g00700"	0.791614616193725	0.0966357993155061	"other_other"
"VIT_00s0324g00050"	"VIT_02s0033g00700"	0.952725877719133	0.616140300194208	"other_other"
"VIT_16s0100g00750"	"VIT_02s0033g00700"	0.920525082312602	0.436874067244129	"family_other"
"VIT_16s0100g00910"	"VIT_02s0033g00700"	0.89968491453169	0.347459655776671	"family_other"
"VIT_12s0028g02530"	"VIT_02s0033g00700"	0.914694659267714	0.409978831472712	"other_other"
"VIT_12s0028g00860"	"VIT_02s0033g00700"	0.93210580177491	0.495053473379442	"other_other"
"VIT_13s0019g05070"	"VIT_02s0033g00700"	0.963822978113032	0.691787577811361	"other_other"
"VIT_11s0016g05540"	"VIT_02s0033g00700"	0.9089038419737	0.384750676463125	"other_other"
"VIT_16s0100g00770"	"VIT_02s0033g00700"	0.92955939603332	0.481694237603202	"family_other"
"VIT_15s0048g00510"	"VIT_02s0033g00700"	0.803647526155141	0.112371485398509	"other_other"
"VIT_03s0088g00700"	"VIT_02s0033g00700"	0.96021642171107	0.666332951321061	"other_other"
"VIT_14s0006g03050"	"VIT_02s0033g00700"	0.940990146042026	0.544315567794837	"other_other"
"VIT_16s0100g01070"	"VIT_02s0033g00700"	0.896906345072764	0.336876692117531	"family_other"
"VIT_16s0050g00400"	"VIT_02s0033g00700"	0.494939098699167	0.000882099612373239	"other_other"
"VIT_03s0088g00690"	"VIT_02s0033g00700"	0.941502318929987	0.547285497900845	"other_other"
"VIT_08s0040g00920"	"VIT_02s0033g00700"	0.655683675829121	0.0146873591318655	"other_other"
"VIT_16s0100g00900"	"VIT_02s0033g00700"	0.783427749669543	0.0870942544028635	"other_other"
"VIT_18s0001g13670"	"VIT_02s0033g00700"	0.690791944607424	0.024744156041178	"other_other"
"VIT_16s0100g01150"	"VIT_02s0033g00700"	0.907334127468052	0.378157277449976	"family_other"
"VIT_02s0025g04230"	"VIT_02s0033g00700"	0.715180477850186	0.035007130290296	"other_other"
"VIT_07s0031g01710"	"VIT_02s0033g00700"	0.738978938673521	0.0485646887030039	"other_other"
"VIT_05s0077g01580"	"VIT_01s0026g02400"	0.815577568923782	0.1302125150545	"other_other"
"VIT_03s0038g03860"	"VIT_01s0026g02400"	-0.8382165096424	0.171223001212768	"other_other"
"VIT_09s0002g01000"	"VIT_01s0026g02400"	-0.900013470535498	0.348730631229613	"other_other"
"VIT_00s1206g00010"	"VIT_01s0026g02400"	-0.889358559270571	0.30957714526306	"other_other"
"VIT_14s0030g00340"	"VIT_01s0026g02400"	-0.675880372262683	0.0198929112943476	"other_other"
"VIT_02s0025g03260"	"VIT_01s0026g02400"	-0.892446415942975	0.320495176422533	"other_other"
"VIT_10s0116g00530"	"VIT_01s0026g02400"	-0.90397651129635	0.364394203727876	"other_other"
"VIT_08s0007g01560"	"VIT_01s0026g02400"	0.60294589177986	0.00635014151883983	"other_other"
"VIT_02s0012g01660"	"VIT_01s0026g02400"	-0.821634382498208	0.140212278434248	"other_other"
"VIT_05s0062g00610"	"VIT_01s0026g02400"	-0.559738715875423	0.00301893297583923	"other_other"
"VIT_04s0044g00040"	"VIT_01s0026g02400"	0.831681376248529	0.158332389055941	"other_other"
"VIT_08s0040g01710"	"VIT_01s0026g02400"	0.797482960590355	0.104043301509872	"other_other"
"VIT_18s0001g08760"	"VIT_01s0026g02400"	0.762982719318668	0.0668570204555719	"other_other"
"VIT_05s0049g01550"	"VIT_01s0026g02400"	0.710712289814933	0.0328804879856043	"other_other"
"VIT_18s0166g00060"	"VIT_01s0026g02400"	0.633657206590716	0.0104362334343182	"other_other"
"VIT_18s0001g15130"	"VIT_01s0026g02400"	0.73086734157109	0.0434896147922156	"other_other"
"VIT_05s0077g01560"	"VIT_01s0026g02400"	0.838955652673385	0.172738858605552	"other_other"
"VIT_07s0005g03340"	"VIT_01s0026g02400"	0.75762433832309	0.0623073351671903	"other_other"
"VIT_06s0004g07550"	"VIT_01s0026g02400"	0.791733894147558	0.0967815058098133	"other_other"
"VIT_18s0001g15220"	"VIT_01s0026g02400"	0.853817102355075	0.205896278399209	"other_other"
"VIT_00s0270g00120"	"VIT_01s0026g02400"	0.965119802135319	0.701152141474149	"other_other"
"VIT_14s0030g01890"	"VIT_01s0026g02400"	0.908974406525365	0.385049489658881	"other_other"
"VIT_05s0077g01570"	"VIT_01s0026g02400"	0.848772297693131	0.194049248788694	"other_other"
"VIT_06s0004g02010"	"VIT_01s0026g02400"	0.948578357933134	0.589837145101166	"other_other"
"VIT_11s0016g03190"	"VIT_01s0026g02400"	0.890423717299842	0.313304904457935	"other_other"
"VIT_03s0091g00160"	"VIT_01s0026g02400"	0.716172414530091	0.0354957117371395	"other_other"
"VIT_06s0004g01990"	"VIT_01s0026g02400"	0.965597500146305	0.704630320950656	"other_other"
"VIT_06s0061g01210"	"VIT_01s0026g02400"	0.875732786899054	0.265287078661006	"other_other"
"VIT_15s0046g01570"	"VIT_01s0026g02400"	0.902514422802759	0.358543215966326	"other_other"
"VIT_02s0033g01380"	"VIT_01s0026g02400"	0.568565570523774	0.00353025091753179	"other_other"
"VIT_05s0077g01540"	"VIT_01s0026g02400"	0.913495231664423	0.40463444261327	"other_other"
"VIT_01s0011g01810"	"VIT_01s0026g02400"	0.851949417330521	0.201436470042673	"other_other"
"VIT_06s0004g01010"	"VIT_01s0026g02400"	0.877750273572981	0.271462431621639	"other_other"
"VIT_05s0020g03140"	"VIT_01s0026g02400"	0.944101984013228	0.562586236345453	"other_other"
"VIT_12s0059g01720"	"VIT_01s0026g02400"	0.823054193064141	0.142654119583044	"other_other"
"VIT_03s0038g03400"	"VIT_01s0026g02400"	0.897471752904916	0.339006390070328	"other_other"
"VIT_08s0007g01810"	"VIT_01s0026g02400"	0.872082962013404	0.254435682296976	"other_other"
"VIT_06s0004g01020"	"VIT_01s0026g02400"	0.954300657320359	0.626400693236238	"other_other"
"VIT_11s0065g00350"	"VIT_01s0026g02400"	0.801674242836938	0.109642594249003	"other_other"
"VIT_12s0028g00920"	"VIT_01s0026g02400"	0.774559944954807	0.0777231411873271	"other_other"
"VIT_12s0059g00310"	"VIT_01s0026g02400"	0.701401421557262	0.028818171228889	"other_other"
"VIT_16s0039g01100"	"VIT_01s0026g02400"	0.768658234630858	0.0720000571854518	"other_other"
"VIT_16s0100g01010"	"VIT_01s0026g02400"	0.793366271288299	0.098795538299531	"family_other"
"VIT_16s0100g01200"	"VIT_01s0026g02400"	0.879041033473984	0.275480893767287	"family_other"
"VIT_08s0007g06060"	"VIT_01s0026g02400"	0.57913430980478	0.00424417171945278	"other_other"
"VIT_05s0077g01550"	"VIT_01s0026g02400"	0.76195966123347	0.0659659468381034	"other_other"
"VIT_05s0020g05000"	"VIT_01s0026g02400"	0.942328299618809	0.552105837066788	"other_other"
"VIT_02s0025g04250"	"VIT_01s0026g02400"	0.887425011211613	0.302912117705465	"other_other"
"VIT_03s0088g00710"	"VIT_01s0026g02400"	0.890195800143497	0.312503877178309	"other_other"
"VIT_16s0100g01100"	"VIT_01s0026g02400"	0.9660899368325	0.708232061918043	"family_other"
"VIT_12s0059g00370"	"VIT_01s0026g02400"	0.610885937890498	0.00723771172460881	"other_other"
"VIT_18s0001g02760"	"VIT_01s0026g02400"	0.78025680380234	0.0836326087265272	"other_other"
"VIT_16s0100g00990"	"VIT_01s0026g02400"	0.798937832552817	0.105957052920075	"family_other"
"VIT_16s0100g01030"	"VIT_01s0026g02400"	0.881957289455521	0.284757742070555	"family_other"
"VIT_05s0077g01530"	"VIT_01s0026g02400"	0.932738813274267	0.498425772555203	"other_other"
"VIT_16s0100g01000"	"VIT_01s0026g02400"	0.793790267043674	0.0993247991649981	"family_other"
"VIT_16s0100g00950"	"VIT_01s0026g02400"	0.8119870707035	0.124592281937789	"other_other"
"VIT_16s0100g00830"	"VIT_01s0026g02400"	0.858257198278383	0.216857549435857	"family_other"
"VIT_06s0004g01030"	"VIT_01s0026g02400"	0.952539403102141	0.614935406048742	"other_other"
"VIT_13s0019g00480"	"VIT_01s0026g02400"	0.891760616640674	0.318040834478045	"other_other"
"VIT_02s0025g04270"	"VIT_01s0026g02400"	0.753653664706023	0.0591177848782357	"other_other"
"VIT_00s0324g00050"	"VIT_01s0026g02400"	0.960468849084956	0.668086720491566	"other_other"
"VIT_16s0100g00750"	"VIT_01s0026g02400"	0.90717320937018	0.37748714055725	"family_other"
"VIT_16s0100g00910"	"VIT_01s0026g02400"	0.871371280521427	0.25236691538147	"family_other"
"VIT_12s0028g02530"	"VIT_01s0026g02400"	0.93851200240987	0.530149444682405	"other_other"
"VIT_12s0028g00860"	"VIT_01s0026g02400"	0.952373533572114	0.613865432913832	"other_other"
"VIT_13s0019g05070"	"VIT_01s0026g02400"	0.943890866158541	0.561329459485191	"other_other"
"VIT_11s0016g05540"	"VIT_01s0026g02400"	0.926191682141917	0.464524649200409	"other_other"
"VIT_16s0100g00770"	"VIT_01s0026g02400"	0.915889922123318	0.41536777813288	"family_other"
"VIT_15s0048g00510"	"VIT_01s0026g02400"	0.830494233322861	0.156086812561439	"other_other"
"VIT_03s0088g00700"	"VIT_01s0026g02400"	0.93376206758962	0.503920788831857	"other_other"
"VIT_14s0006g03050"	"VIT_01s0026g02400"	0.914841014806263	0.410635289818958	"other_other"
"VIT_16s0100g01070"	"VIT_01s0026g02400"	0.8897436240824	0.31092013332013	"family_other"
"VIT_16s0050g00400"	"VIT_01s0026g02400"	0.540486878230124	0.00212741172034799	"other_other"
"VIT_03s0088g00690"	"VIT_01s0026g02400"	0.940056578809599	0.538939395556952	"other_other"
"VIT_08s0040g00920"	"VIT_01s0026g02400"	0.582878355821919	0.00452667472608517	"other_other"
"VIT_16s0100g00900"	"VIT_01s0026g02400"	0.726405892848898	0.0409066190829507	"other_other"
"VIT_18s0001g13670"	"VIT_01s0026g02400"	0.756729156414732	0.061575036010847	"other_other"
"VIT_16s0100g01150"	"VIT_01s0026g02400"	0.878693802093371	0.274394644620864	"family_other"
"VIT_02s0025g04230"	"VIT_01s0026g02400"	0.679878250341774	0.0211014102429994	"other_other"
"VIT_07s0031g01710"	"VIT_01s0026g02400"	0.681033493475536	0.021462717634557	"other_other"
"VIT_02s0033g00700"	"VIT_01s0026g02400"	0.932769300408185	0.498588710006703	"other_other"
"VIT_05s0077g01580"	"VIT_12s0035g01000"	0.817585801704797	0.133454557140062	"other_other"
"VIT_03s0038g03860"	"VIT_12s0035g01000"	-0.867879421416565	0.242434212540852	"other_other"
"VIT_09s0002g01000"	"VIT_12s0035g01000"	-0.891612150229653	0.317511734846412	"other_other"
"VIT_00s1206g00010"	"VIT_12s0035g01000"	-0.884593805912294	0.293385698920367	"other_other"
"VIT_14s0030g00340"	"VIT_12s0035g01000"	-0.728268402053968	0.0419676520838176	"other_other"
"VIT_02s0025g03260"	"VIT_12s0035g01000"	-0.914902363956489	0.410910744561931	"other_other"
"VIT_10s0116g00530"	"VIT_12s0035g01000"	-0.906802682111399	0.375948156867567	"other_other"
"VIT_08s0007g01560"	"VIT_12s0035g01000"	0.647970592598414	0.0130482708680864	"other_other"
"VIT_02s0012g01660"	"VIT_12s0035g01000"	-0.84007278194386	0.175052831336133	"other_other"
"VIT_05s0062g00610"	"VIT_12s0035g01000"	-0.575257946825654	0.0039684989420487	"other_other"
"VIT_04s0044g00040"	"VIT_12s0035g01000"	0.856508141032793	0.212478480787485	"other_other"
"VIT_08s0040g01710"	"VIT_12s0035g01000"	0.827619941350136	0.150768100633491	"other_other"
"VIT_18s0001g08760"	"VIT_12s0035g01000"	0.822533215762892	0.141753714445342	"other_other"
"VIT_05s0049g01550"	"VIT_12s0035g01000"	0.752684575723775	0.0583619997107474	"other_other"
"VIT_18s0166g00060"	"VIT_12s0035g01000"	0.642076996614756	0.0119088852165942	"other_other"
"VIT_18s0001g15130"	"VIT_12s0035g01000"	0.761400514233032	0.0654834659430469	"other_other"
"VIT_05s0077g01560"	"VIT_12s0035g01000"	0.831773801860047	0.158508433497537	"other_other"
"VIT_07s0005g03340"	"VIT_12s0035g01000"	0.799342340352933	0.106494744803697	"other_other"
"VIT_06s0004g07550"	"VIT_12s0035g01000"	0.810162529914602	0.121820823663035	"other_other"
"VIT_18s0001g15220"	"VIT_12s0035g01000"	0.870249116203562	0.249135668228442	"other_other"
"VIT_00s0270g00120"	"VIT_12s0035g01000"	0.959020484774283	0.658080221643324	"other_other"
"VIT_14s0030g01890"	"VIT_12s0035g01000"	0.917070686796353	0.420753869792141	"other_other"
"VIT_05s0077g01570"	"VIT_12s0035g01000"	0.837913561262362	0.170605172193741	"other_other"
"VIT_06s0004g02010"	"VIT_12s0035g01000"	0.963575600630695	0.690014065940648	"other_other"
"VIT_11s0016g03190"	"VIT_12s0035g01000"	0.89227730350216	0.319888377775547	"other_other"
"VIT_03s0091g00160"	"VIT_12s0035g01000"	0.735289649122263	0.0461938886659741	"other_other"
"VIT_06s0004g01990"	"VIT_12s0035g01000"	0.968505268927055	0.72613919162335	"other_other"
"VIT_06s0061g01210"	"VIT_12s0035g01000"	0.882067166084819	0.285112699934605	"other_other"
"VIT_15s0046g01570"	"VIT_12s0035g01000"	0.903245249238095	0.36145718336291	"other_other"
"VIT_02s0033g01380"	"VIT_12s0035g01000"	0.578385986147505	0.00418964878467734	"other_other"
"VIT_05s0077g01540"	"VIT_12s0035g01000"	0.898377897646401	0.342444808380569	"other_other"
"VIT_01s0011g01810"	"VIT_12s0035g01000"	0.86034176524015	0.222182608957898	"other_other"
"VIT_06s0004g01010"	"VIT_12s0035g01000"	0.85661865999757	0.212752810250976	"other_other"
"VIT_05s0020g03140"	"VIT_12s0035g01000"	0.920833059614868	0.438337906176468	"other_other"
"VIT_12s0059g01720"	"VIT_12s0035g01000"	0.831183482496504	0.157387067019189	"other_other"
"VIT_03s0038g03400"	"VIT_12s0035g01000"	0.911281516558223	0.394934993180156	"other_other"
"VIT_08s0007g01810"	"VIT_12s0035g01000"	0.88177266072296	0.284162192120381	"other_other"
"VIT_06s0004g01020"	"VIT_12s0035g01000"	0.936996372657943	0.521649861377224	"other_other"
"VIT_11s0065g00350"	"VIT_12s0035g01000"	0.814518214882574	0.128531035910843	"other_other"
"VIT_12s0028g00920"	"VIT_12s0035g01000"	0.839916161267856	0.174726741705061	"other_other"
"VIT_12s0059g00310"	"VIT_12s0035g01000"	0.739441202104044	0.0488693385188499	"other_other"
"VIT_16s0039g01100"	"VIT_12s0035g01000"	0.819265339581791	0.136221549744256	"other_other"
"VIT_16s0100g01010"	"VIT_12s0035g01000"	0.838331631886254	0.171458307519057	"family_other"
"VIT_16s0100g01200"	"VIT_12s0035g01000"	0.906746223095217	0.375714150974903	"family_other"
"VIT_08s0007g06060"	"VIT_12s0035g01000"	0.596520393954126	0.00570496468043643	"other_other"
"VIT_05s0077g01550"	"VIT_12s0035g01000"	0.78697151815416	0.0911150562940242	"other_other"
"VIT_05s0020g05000"	"VIT_12s0035g01000"	0.973799895438689	0.766826717103985	"other_other"
"VIT_02s0025g04250"	"VIT_12s0035g01000"	0.897645636105433	0.339663780531493	"other_other"
"VIT_03s0088g00710"	"VIT_12s0035g01000"	0.894379592099283	0.327505659670589	"other_other"
"VIT_16s0100g01100"	"VIT_12s0035g01000"	0.976075244282012	0.78493371057379	"family_other"
"VIT_12s0059g00370"	"VIT_12s0035g01000"	0.634463844687991	0.0105698490711507	"other_other"
"VIT_18s0001g02760"	"VIT_12s0035g01000"	0.819611783341261	0.136798688915273	"other_other"
"VIT_16s0100g00990"	"VIT_12s0035g01000"	0.840903907083712	0.176792445560558	"family_other"
"VIT_16s0100g01030"	"VIT_12s0035g01000"	0.877856224921156	0.271790286132184	"family_other"
"VIT_05s0077g01530"	"VIT_12s0035g01000"	0.933068442817476	0.500190011195182	"other_other"
"VIT_16s0100g01000"	"VIT_12s0035g01000"	0.833170133501112	0.161189569277671	"family_other"
"VIT_16s0100g00950"	"VIT_12s0035g01000"	0.823942474676737	0.144201213618204	"other_other"
"VIT_16s0100g00830"	"VIT_12s0035g01000"	0.893223222556945	0.323295795029197	"family_other"
"VIT_06s0004g01030"	"VIT_12s0035g01000"	0.936364268199759	0.518141437893942	"other_other"
"VIT_13s0019g00480"	"VIT_12s0035g01000"	0.891368020011266	0.31664343386006	"other_other"
"VIT_02s0025g04270"	"VIT_12s0035g01000"	0.787858898864304	0.0921476888828852	"other_other"
"VIT_00s0324g00050"	"VIT_12s0035g01000"	0.973891050249939	0.767544825582955	"other_other"
"VIT_16s0100g00750"	"VIT_12s0035g01000"	0.923161172509793	0.449547203968045	"family_other"
"VIT_16s0100g00910"	"VIT_12s0035g01000"	0.909103589353525	0.385597069496834	"family_other"
"VIT_12s0028g02530"	"VIT_12s0035g01000"	0.949547376115524	0.595890388238125	"other_other"
"VIT_12s0028g00860"	"VIT_12s0035g01000"	0.969246732025089	0.731717520174923	"other_other"
"VIT_13s0019g05070"	"VIT_12s0035g01000"	0.956139697185191	0.638577330272808	"other_other"
"VIT_11s0016g05540"	"VIT_12s0035g01000"	0.958982195299237	0.657817526320502	"other_other"
"VIT_16s0100g00770"	"VIT_12s0035g01000"	0.929854579681184	0.483226056009462	"family_other"
"VIT_15s0048g00510"	"VIT_12s0035g01000"	0.870869392552408	0.250917107051067	"other_other"
"VIT_03s0088g00700"	"VIT_12s0035g01000"	0.944221916185719	0.563301315586335	"other_other"
"VIT_14s0006g03050"	"VIT_12s0035g01000"	0.934378541557237	0.507257598219194	"other_other"
"VIT_16s0100g01070"	"VIT_12s0035g01000"	0.919877957873919	0.433812562316856	"family_other"
"VIT_16s0050g00400"	"VIT_12s0035g01000"	0.543232602684927	0.00223799064609307	"other_other"
"VIT_03s0088g00690"	"VIT_12s0035g01000"	0.970054473459932	0.737838355725844	"other_other"
"VIT_08s0040g00920"	"VIT_12s0035g01000"	0.564513784687658	0.00328658987460581	"other_other"
"VIT_16s0100g00900"	"VIT_12s0035g01000"	0.77123954859586	0.0744548370824353	"other_other"
"VIT_18s0001g13670"	"VIT_12s0035g01000"	0.796367586525218	0.102597257549669	"other_other"
"VIT_16s0100g01150"	"VIT_12s0035g01000"	0.921890356651936	0.443396970038285	"family_other"
"VIT_02s0025g04230"	"VIT_12s0035g01000"	0.712712765496546	0.0338178018982779	"other_other"
"VIT_07s0031g01710"	"VIT_12s0035g01000"	0.676207139357583	0.0199892968319471	"other_other"
"VIT_02s0033g00700"	"VIT_12s0035g01000"	0.920425219712308	0.436400358386538	"other_other"
"VIT_01s0026g02400"	"VIT_12s0035g01000"	0.956697970407104	0.642315683357853	"other_other"
"VIT_05s0077g01580"	"VIT_16s0039g01170"	0.76871024360737	0.0720487887216214	"other_other"
"VIT_03s0038g03860"	"VIT_16s0039g01170"	-0.81494952779913	0.129213272136116	"other_other"
"VIT_09s0002g01000"	"VIT_16s0039g01170"	-0.828983447675386	0.153270505845502	"other_other"
"VIT_00s1206g00010"	"VIT_16s0039g01170"	-0.832182610124579	0.159289211431233	"other_other"
"VIT_14s0030g00340"	"VIT_16s0039g01170"	-0.740711102201254	0.0497151256676789	"other_other"
"VIT_02s0025g03260"	"VIT_16s0039g01170"	-0.860416838971677	0.222376562448549	"other_other"
"VIT_10s0116g00530"	"VIT_16s0039g01170"	-0.816071855758524	0.131003833392165	"other_other"
"VIT_08s0007g01560"	"VIT_16s0039g01170"	0.728584709499042	0.0421502860673001	"other_other"
"VIT_02s0012g01660"	"VIT_16s0039g01170"	-0.765437538522179	0.069039489345507	"other_other"
"VIT_05s0062g00610"	"VIT_16s0039g01170"	-0.568967939050587	0.00355531388469419	"other_other"
"VIT_04s0044g00040"	"VIT_16s0039g01170"	0.821444282572728	0.139888209602282	"other_other"
"VIT_08s0040g01710"	"VIT_16s0039g01170"	0.814706880569811	0.128829061016169	"other_other"
"VIT_18s0001g08760"	"VIT_16s0039g01170"	0.833336000079838	0.161510751297657	"other_other"
"VIT_05s0049g01550"	"VIT_16s0039g01170"	0.741638967022804	0.050341413237673	"other_other"
"VIT_18s0166g00060"	"VIT_16s0039g01170"	0.671292327559445	0.0185830431383692	"other_other"
"VIT_18s0001g15130"	"VIT_16s0039g01170"	0.821058364026553	0.139232395609183	"other_other"
"VIT_05s0077g01560"	"VIT_16s0039g01170"	0.813248974668281	0.126542160200415	"other_other"
"VIT_07s0005g03340"	"VIT_16s0039g01170"	0.824972451642632	0.146013988308219	"other_other"
"VIT_06s0004g07550"	"VIT_16s0039g01170"	0.786248237145828	0.0902811010881408	"other_other"
"VIT_18s0001g15220"	"VIT_16s0039g01170"	0.763742957875101	0.0675261809775872	"other_other"
"VIT_00s0270g00120"	"VIT_16s0039g01170"	0.825805055947401	0.147494346810162	"other_other"
"VIT_14s0030g01890"	"VIT_16s0039g01170"	0.826174553471172	0.148155624657584	"other_other"
"VIT_05s0077g01570"	"VIT_16s0039g01170"	0.826812384698719	0.149303411889459	"other_other"
"VIT_06s0004g02010"	"VIT_16s0039g01170"	0.884422827051027	0.292819120857791	"other_other"
"VIT_11s0016g03190"	"VIT_16s0039g01170"	0.842560834946824	0.180307037547148	"other_other"
"VIT_03s0091g00160"	"VIT_16s0039g01170"	0.770745407901837	0.0739791707358378	"other_other"
"VIT_06s0004g01990"	"VIT_16s0039g01170"	0.876081828847841	0.266346335263102	"other_other"
"VIT_06s0061g01210"	"VIT_16s0039g01170"	0.753635659291185	0.0591036626645249	"other_other"
"VIT_15s0046g01570"	"VIT_16s0039g01170"	0.879386528521599	0.276565550728836	"other_other"
"VIT_02s0033g01380"	"VIT_16s0039g01170"	0.71247430799058	0.0337048254144887	"other_other"
"VIT_05s0077g01540"	"VIT_16s0039g01170"	0.858270662170182	0.216891571320107	"other_other"
"VIT_01s0011g01810"	"VIT_16s0039g01170"	0.87221897953475	0.254832800600833	"other_other"
"VIT_06s0004g01010"	"VIT_16s0039g01170"	0.846123980473911	0.188078883532964	"other_other"
"VIT_05s0020g03140"	"VIT_16s0039g01170"	0.811971154791465	0.124567862523133	"other_other"
"VIT_12s0059g01720"	"VIT_16s0039g01170"	0.873458365418785	0.258477107920157	"other_other"
"VIT_03s0038g03400"	"VIT_16s0039g01170"	0.87380892739117	0.259516379806418	"other_other"
"VIT_08s0007g01810"	"VIT_16s0039g01170"	0.756266248841235	0.0611994033944219	"other_other"
"VIT_06s0004g01020"	"VIT_16s0039g01170"	0.851466829841417	0.20029833555591	"other_other"
"VIT_11s0065g00350"	"VIT_16s0039g01170"	0.817651431367699	0.133561723165761	"other_other"
"VIT_12s0028g00920"	"VIT_16s0039g01170"	0.80122400567922	0.109028372240965	"other_other"
"VIT_12s0059g00310"	"VIT_16s0039g01170"	0.809597473571144	0.120973833307566	"other_other"
"VIT_16s0039g01100"	"VIT_16s0039g01170"	0.956421321493346	0.640460710421519	"other_other"
"VIT_16s0100g01010"	"VIT_16s0039g01170"	0.960793374969672	0.670347505807709	"family_other"
"VIT_16s0100g01200"	"VIT_16s0039g01170"	0.950427294907651	0.601435420171162	"family_other"
"VIT_08s0007g06060"	"VIT_16s0039g01170"	0.625329682034222	0.0091430361070947	"other_other"
"VIT_05s0077g01550"	"VIT_16s0039g01170"	0.863474024282206	0.230405463474254	"other_other"
"VIT_05s0020g05000"	"VIT_16s0039g01170"	0.834818091454197	0.164406324959738	"other_other"
"VIT_02s0025g04250"	"VIT_16s0039g01170"	0.886817053625563	0.300843311658903	"other_other"
"VIT_03s0088g00710"	"VIT_16s0039g01170"	0.873838312456989	0.259603665021621	"other_other"
"VIT_16s0100g01100"	"VIT_16s0039g01170"	0.895073734213367	0.330056378541828	"family_other"
"VIT_12s0059g00370"	"VIT_16s0039g01170"	0.648449148173051	0.0131449591510908	"other_other"
"VIT_18s0001g02760"	"VIT_16s0039g01170"	0.829371826072391	0.153990093287681	"other_other"
"VIT_16s0100g00990"	"VIT_16s0039g01170"	0.957922894813774	0.650587226656577	"family_other"
"VIT_16s0100g01030"	"VIT_16s0039g01170"	0.881811651357473	0.284287869288601	"family_other"
"VIT_05s0077g01530"	"VIT_16s0039g01170"	0.885355971562216	0.295923332236588	"other_other"
"VIT_16s0100g01000"	"VIT_16s0039g01170"	0.951704045202975	0.60956377895094	"family_other"
"VIT_16s0100g00950"	"VIT_16s0039g01170"	0.912885354047905	0.401941079844708	"other_other"
"VIT_16s0100g00830"	"VIT_16s0039g01170"	0.971261602923357	0.747071554038423	"family_other"
"VIT_06s0004g01030"	"VIT_16s0039g01170"	0.868509276951869	0.244199413803763	"other_other"
"VIT_13s0019g00480"	"VIT_16s0039g01170"	0.872833518995451	0.256633979839426	"other_other"
"VIT_02s0025g04270"	"VIT_16s0039g01170"	0.813867852351698	0.127508442987	"other_other"
"VIT_00s0324g00050"	"VIT_16s0039g01170"	0.872666746735539	0.256144050809213	"other_other"
"VIT_16s0100g00750"	"VIT_16s0039g01170"	0.934528662810599	0.508073169450387	"family_other"
"VIT_16s0100g00910"	"VIT_16s0039g01170"	0.975766563671289	0.782454912977285	"family_other"
"VIT_12s0028g02530"	"VIT_16s0039g01170"	0.870344674435972	0.249409368376017	"other_other"
"VIT_12s0028g00860"	"VIT_16s0039g01170"	0.902676604252845	0.35918803783151	"other_other"
"VIT_13s0019g05070"	"VIT_16s0039g01170"	0.877311923602763	0.27010978624389	"other_other"
"VIT_11s0016g05540"	"VIT_16s0039g01170"	0.893574023710312	0.32456774117256	"other_other"
"VIT_16s0100g00770"	"VIT_16s0039g01170"	0.933661782152237	0.503379842678646	"family_other"
"VIT_15s0048g00510"	"VIT_16s0039g01170"	0.769877819186214	0.0731506305887992	"other_other"
"VIT_03s0088g00700"	"VIT_16s0039g01170"	0.894585920450456	0.328261981667	"other_other"
"VIT_14s0006g03050"	"VIT_16s0039g01170"	0.853273959026461	0.204590242210533	"other_other"
"VIT_16s0100g01070"	"VIT_16s0039g01170"	0.958992593945459	0.657888859715	"family_other"
"VIT_16s0050g00400"	"VIT_16s0039g01170"	0.578757448365228	0.00421663425448467	"other_other"
"VIT_03s0088g00690"	"VIT_16s0039g01170"	0.901779309878311	0.355633503145122	"other_other"
"VIT_08s0040g00920"	"VIT_16s0039g01170"	0.574590704615326	0.00392270780495702	"other_other"
"VIT_16s0100g00900"	"VIT_16s0039g01170"	0.941419537927194	0.546804490894036	"other_other"
"VIT_18s0001g13670"	"VIT_16s0039g01170"	0.643995500601428	0.0122695414148655	"other_other"
"VIT_16s0100g01150"	"VIT_16s0039g01170"	0.943582366012663	0.559497513082885	"family_other"
"VIT_02s0025g04230"	"VIT_16s0039g01170"	0.781358259003797	0.0848207425911175	"other_other"
"VIT_07s0031g01710"	"VIT_16s0039g01170"	0.750178931530076	0.0564480092161844	"other_other"
"VIT_02s0033g00700"	"VIT_16s0039g01170"	0.856328130499567	0.212032341288574	"other_other"
"VIT_01s0026g02400"	"VIT_16s0039g01170"	0.802997311909548	0.111465614474538	"other_other"
"VIT_12s0035g01000"	"VIT_16s0039g01170"	0.86272933880142	0.228426072795015	"other_other"
"VIT_05s0077g01580"	"VIT_01s0146g00320"	0.87413471203414	0.26048556697328	"other_other"
"VIT_03s0038g03860"	"VIT_01s0146g00320"	-0.839803363858787	0.174492232377621	"other_other"
"VIT_09s0002g01000"	"VIT_01s0146g00320"	-0.866741335920754	0.239273769100057	"other_other"
"VIT_00s1206g00010"	"VIT_01s0146g00320"	-0.88491246940562	0.294444297934218	"other_other"
"VIT_14s0030g00340"	"VIT_01s0146g00320"	-0.676398887618246	0.0200460517421718	"other_other"
"VIT_02s0025g03260"	"VIT_01s0146g00320"	-0.93655586594787	0.519202629532991	"other_other"
"VIT_10s0116g00530"	"VIT_01s0146g00320"	-0.873262543399099	0.25789820825233	"other_other"
"VIT_08s0007g01560"	"VIT_01s0146g00320"	0.650215281968503	0.0135073988731032	"other_other"
"VIT_02s0012g01660"	"VIT_01s0146g00320"	-0.854272779427692	0.206997777300007	"other_other"
"VIT_05s0062g00610"	"VIT_01s0146g00320"	-0.533216757387998	0.00185796656832398	"other_other"
"VIT_04s0044g00040"	"VIT_01s0146g00320"	0.836920906729244	0.168594797492031	"other_other"
"VIT_08s0040g01710"	"VIT_01s0146g00320"	0.814932976144724	0.129187031272154	"other_other"
"VIT_18s0001g08760"	"VIT_01s0146g00320"	0.832755672595353	0.160389523505239	"other_other"
"VIT_05s0049g01550"	"VIT_01s0146g00320"	0.797448193903156	0.103997952185183	"other_other"
"VIT_18s0166g00060"	"VIT_01s0146g00320"	0.682287614007238	0.021861244088755	"other_other"
"VIT_18s0001g15130"	"VIT_01s0146g00320"	0.860697305561692	0.223102498517704	"other_other"
"VIT_05s0077g01560"	"VIT_01s0146g00320"	0.899538855818576	0.346895986758905	"other_other"
"VIT_07s0005g03340"	"VIT_01s0146g00320"	0.791812650342775	0.0968778204430145	"other_other"
"VIT_06s0004g07550"	"VIT_01s0146g00320"	0.846307732935071	0.18848773320856	"other_other"
"VIT_18s0001g15220"	"VIT_01s0146g00320"	0.844632279493627	0.184789269789947	"other_other"
"VIT_00s0270g00120"	"VIT_01s0146g00320"	0.907727863646031	0.379801493060183	"other_other"
"VIT_14s0030g01890"	"VIT_01s0146g00320"	0.907301413066178	0.378020953005198	"other_other"
"VIT_05s0077g01570"	"VIT_01s0146g00320"	0.922878093545432	0.44817060902627	"other_other"
"VIT_06s0004g02010"	"VIT_01s0146g00320"	0.968287199685746	0.72450586776292	"other_other"
"VIT_11s0016g03190"	"VIT_01s0146g00320"	0.897438513288972	0.338880853369164	"other_other"
"VIT_03s0091g00160"	"VIT_01s0146g00320"	0.754858226188757	0.0600694868623889	"other_other"
"VIT_06s0004g01990"	"VIT_01s0146g00320"	0.951143658418099	0.605984012855936	"other_other"
"VIT_06s0061g01210"	"VIT_01s0146g00320"	0.831774585976305	0.158509927768777	"other_other"
"VIT_15s0046g01570"	"VIT_01s0146g00320"	0.945300597854605	0.569769668019639	"other_other"
"VIT_02s0033g01380"	"VIT_01s0146g00320"	0.595773341286109	0.00563391982019571	"other_other"
"VIT_05s0077g01540"	"VIT_01s0146g00320"	0.944948575850563	0.567651445685765	"other_other"
"VIT_01s0011g01810"	"VIT_01s0146g00320"	0.887092031559985	0.301777447921548	"other_other"
"VIT_06s0004g01010"	"VIT_01s0146g00320"	0.885687466972825	0.297033198528452	"other_other"
"VIT_05s0020g03140"	"VIT_01s0146g00320"	0.874792347887654	0.262451920196134	"other_other"
"VIT_12s0059g01720"	"VIT_01s0146g00320"	0.844939558898479	0.185462639572678	"other_other"
"VIT_03s0038g03400"	"VIT_01s0146g00320"	0.90731472844449	0.378076434285807	"other_other"
"VIT_08s0007g01810"	"VIT_01s0146g00320"	0.833386671069027	0.161608984773669	"other_other"
"VIT_06s0004g01020"	"VIT_01s0146g00320"	0.935677553518339	0.514353987153275	"other_other"
"VIT_11s0065g00350"	"VIT_01s0146g00320"	0.78979952728148	0.0944427652600363	"other_other"
"VIT_12s0028g00920"	"VIT_01s0146g00320"	0.840136250307743	0.175185130525911	"other_other"
"VIT_12s0059g00310"	"VIT_01s0146g00320"	0.721116237934199	0.0380235577597022	"other_other"
"VIT_16s0039g01100"	"VIT_01s0146g00320"	0.868349544858871	0.243750665381068	"other_other"
"VIT_16s0100g01010"	"VIT_01s0146g00320"	0.877347749496371	0.270220108498131	"family_other"
"VIT_16s0100g01200"	"VIT_01s0146g00320"	0.929164137103786	0.479649935183588	"family_other"
"VIT_08s0007g06060"	"VIT_01s0146g00320"	0.700786904414779	0.0285666803921967	"other_other"
"VIT_05s0077g01550"	"VIT_01s0146g00320"	0.874783618927059	0.262425733071732	"other_other"
"VIT_05s0020g05000"	"VIT_01s0146g00320"	0.893115946566159	0.322907726984662	"other_other"
"VIT_02s0025g04250"	"VIT_01s0146g00320"	0.9606986837759	0.66968713633486	"other_other"
"VIT_03s0088g00710"	"VIT_01s0146g00320"	0.958946506978714	0.657572761905501	"other_other"
"VIT_16s0100g01100"	"VIT_01s0146g00320"	0.965857905172796	0.706532895420147	"family_other"
"VIT_12s0059g00370"	"VIT_01s0146g00320"	0.588875512624751	0.00501458448985591	"other_other"
"VIT_18s0001g02760"	"VIT_01s0146g00320"	0.868385926200514	0.243852809136589	"other_other"
"VIT_16s0100g00990"	"VIT_01s0146g00320"	0.878709839231781	0.274444728806225	"family_other"
"VIT_16s0100g01030"	"VIT_01s0146g00320"	0.883939026145544	0.29122126593051	"family_other"
"VIT_05s0077g01530"	"VIT_01s0146g00320"	0.979042093476046	0.809121320400419	"other_other"
"VIT_16s0100g01000"	"VIT_01s0146g00320"	0.891903231314457	0.318549826968231	"family_other"
"VIT_16s0100g00950"	"VIT_01s0146g00320"	0.850130839050763	0.19717765975352	"other_other"
"VIT_16s0100g00830"	"VIT_01s0146g00320"	0.915252712379029	0.412486981183685	"family_other"
"VIT_06s0004g01030"	"VIT_01s0146g00320"	0.95446648439302	0.627490029759792	"other_other"
"VIT_13s0019g00480"	"VIT_01s0146g00320"	0.870598277370939	0.250137056498459	"other_other"
"VIT_02s0025g04270"	"VIT_01s0146g00320"	0.871326766211555	0.252238022483901	"other_other"
"VIT_00s0324g00050"	"VIT_01s0146g00320"	0.927542139811736	0.471342384651186	"other_other"
"VIT_16s0100g00750"	"VIT_01s0146g00320"	0.961050925659516	0.672146611390641	"family_other"
"VIT_16s0100g00910"	"VIT_01s0146g00320"	0.940643646159682	0.542314557869774	"family_other"
"VIT_12s0028g02530"	"VIT_01s0146g00320"	0.937804290646596	0.526165239987324	"other_other"
"VIT_12s0028g00860"	"VIT_01s0146g00320"	0.955885985735256	0.636884888671359	"other_other"
"VIT_13s0019g05070"	"VIT_01s0146g00320"	0.947338681361603	0.582173866257127	"other_other"
"VIT_11s0016g05540"	"VIT_01s0146g00320"	0.945607783866492	0.571623908228792	"other_other"
"VIT_16s0100g00770"	"VIT_01s0146g00320"	0.958218173162344	0.65259543643572	"family_other"
"VIT_15s0048g00510"	"VIT_01s0146g00320"	0.843209406726694	0.181699791201204	"other_other"
"VIT_03s0088g00700"	"VIT_01s0146g00320"	0.978604255670058	0.805510119019442	"other_other"
"VIT_14s0006g03050"	"VIT_01s0146g00320"	0.928181257380484	0.47460023104797	"other_other"
"VIT_16s0100g01070"	"VIT_01s0146g00320"	0.937278117775172	0.523220532661703	"family_other"
"VIT_16s0050g00400"	"VIT_01s0146g00320"	0.552252978829333	0.00263864321645356	"other_other"
"VIT_03s0088g00690"	"VIT_01s0146g00320"	0.959629136723845	0.662268742012146	"other_other"
"VIT_08s0040g00920"	"VIT_01s0146g00320"	0.742252588928374	0.0507594854057777	"other_other"
"VIT_16s0100g00900"	"VIT_01s0146g00320"	0.84300432199965	0.181258345773233	"other_other"
"VIT_18s0001g13670"	"VIT_01s0146g00320"	0.722307266102833	0.03865626029703	"other_other"
"VIT_16s0100g01150"	"VIT_01s0146g00320"	0.955202421386983	0.632345084582174	"family_other"
"VIT_02s0025g04230"	"VIT_01s0146g00320"	0.805318532092687	0.114729983855987	"other_other"
"VIT_07s0031g01710"	"VIT_01s0146g00320"	0.834148592646177	0.163092584146121	"other_other"
"VIT_02s0033g00700"	"VIT_01s0146g00320"	0.944499752382605	0.564961019594946	"other_other"
"VIT_01s0026g02400"	"VIT_01s0146g00320"	0.917090727619911	0.420845826534998	"other_other"
"VIT_12s0035g01000"	"VIT_01s0146g00320"	0.91436806856929	0.408517356388574	"other_other"
"VIT_16s0039g01170"	"VIT_01s0146g00320"	0.902187471829705	0.357246448480718	"other_other"
"VIT_05s0077g01580"	"VIT_17s0000g00680"	0.80709454181177	0.117285440385941	"other_other"
"VIT_03s0038g03860"	"VIT_17s0000g00680"	-0.832914447004316	0.160695587009427	"other_other"
"VIT_09s0002g01000"	"VIT_17s0000g00680"	-0.854748021315437	0.208152217102547	"other_other"
"VIT_00s1206g00010"	"VIT_17s0000g00680"	-0.832406366623773	0.15971802539651	"other_other"
"VIT_14s0030g00340"	"VIT_17s0000g00680"	-0.758350861601252	0.0629074158405935	"other_other"
"VIT_02s0025g03260"	"VIT_17s0000g00680"	-0.929556283187723	0.481678107195631	"other_other"
"VIT_10s0116g00530"	"VIT_17s0000g00680"	-0.877896128132786	0.271913854475861	"other_other"
"VIT_08s0007g01560"	"VIT_17s0000g00680"	0.667673166888051	0.0176051296321087	"other_other"
"VIT_02s0012g01660"	"VIT_17s0000g00680"	-0.825867612050059	0.147606114318485	"other_other"
"VIT_05s0062g00610"	"VIT_17s0000g00680"	-0.637677225926074	0.0111175494091491	"other_other"
"VIT_04s0044g00040"	"VIT_17s0000g00680"	0.814094975490328	0.127864723344339	"other_other"
"VIT_08s0040g01710"	"VIT_17s0000g00680"	0.862335145798413	0.227384505753577	"other_other"
"VIT_18s0001g08760"	"VIT_17s0000g00680"	0.854848111904685	0.208396090845981	"other_other"
"VIT_05s0049g01550"	"VIT_17s0000g00680"	0.854609516247329	0.207815168957918	"other_other"
"VIT_18s0166g00060"	"VIT_17s0000g00680"	0.710765143794315	0.0329049486057194	"other_other"
"VIT_18s0001g15130"	"VIT_17s0000g00680"	0.856415561698934	0.212248926041161	"other_other"
"VIT_05s0077g01560"	"VIT_17s0000g00680"	0.845803904927059	0.187368620263444	"other_other"
"VIT_07s0005g03340"	"VIT_17s0000g00680"	0.824882243867616	0.145854405795264	"other_other"
"VIT_06s0004g07550"	"VIT_17s0000g00680"	0.807494279237502	0.117867627569925	"other_other"
"VIT_18s0001g15220"	"VIT_17s0000g00680"	0.876024222353066	0.26617125185143	"other_other"
"VIT_00s0270g00120"	"VIT_17s0000g00680"	0.897399560878699	0.33873379429051	"other_other"
"VIT_14s0030g01890"	"VIT_17s0000g00680"	0.875390933319384	0.264253313605345	"other_other"
"VIT_05s0077g01570"	"VIT_17s0000g00680"	0.859666185195666	0.220444080736131	"other_other"
"VIT_06s0004g02010"	"VIT_17s0000g00680"	0.958629415072767	0.655401618805664	"other_other"
"VIT_11s0016g03190"	"VIT_17s0000g00680"	0.864851561181126	0.23410772098269	"other_other"
"VIT_03s0091g00160"	"VIT_17s0000g00680"	0.775565873171148	0.0787384584528441	"other_other"
"VIT_06s0004g01990"	"VIT_17s0000g00680"	0.956304102549918	0.639676194907672	"other_other"
"VIT_06s0061g01210"	"VIT_17s0000g00680"	0.834906436375593	0.164580391414587	"other_other"
"VIT_15s0046g01570"	"VIT_17s0000g00680"	0.914959813260529	0.411168839947737	"other_other"
"VIT_02s0033g01380"	"VIT_17s0000g00680"	0.573639146337765	0.0038582272883366	"other_other"
"VIT_05s0077g01540"	"VIT_17s0000g00680"	0.87941916090787	0.276668196161642	"other_other"
"VIT_01s0011g01810"	"VIT_17s0000g00680"	0.843519781197075	0.182369713523414	"other_other"
"VIT_06s0004g01010"	"VIT_17s0000g00680"	0.845334478899276	0.186331307007036	"other_other"
"VIT_05s0020g03140"	"VIT_17s0000g00680"	0.853656020207147	0.205508161652118	"other_other"
"VIT_12s0059g01720"	"VIT_17s0000g00680"	0.817543734711061	0.133385907068975	"other_other"
"VIT_03s0038g03400"	"VIT_17s0000g00680"	0.872997312023564	0.257115977495024	"other_other"
"VIT_08s0007g01810"	"VIT_17s0000g00680"	0.888028981630815	0.30498002524815	"other_other"
"VIT_06s0004g01020"	"VIT_17s0000g00680"	0.891103444021635	0.315704826715043	"other_other"
"VIT_11s0065g00350"	"VIT_17s0000g00680"	0.784492799224733	0.0882855477775156	"other_other"
"VIT_12s0028g00920"	"VIT_17s0000g00680"	0.912259033114559	0.399191903333601	"other_other"
"VIT_12s0059g00310"	"VIT_17s0000g00680"	0.730822529650418	0.0434629572110509	"other_other"
"VIT_16s0039g01100"	"VIT_17s0000g00680"	0.829344486750477	0.153939339691333	"other_other"
"VIT_16s0100g01010"	"VIT_17s0000g00680"	0.858903774572787	0.218496816225249	"family_other"
"VIT_16s0100g01200"	"VIT_17s0000g00680"	0.904202749631814	0.36530720140219	"family_other"
"VIT_08s0007g06060"	"VIT_17s0000g00680"	0.690306107636015	0.0245706790584799	"other_other"
"VIT_05s0077g01550"	"VIT_17s0000g00680"	0.811035412251486	0.123139722998831	"other_other"
"VIT_05s0020g05000"	"VIT_17s0000g00680"	0.924221165423561	0.45473575152211	"other_other"
"VIT_02s0025g04250"	"VIT_17s0000g00680"	0.899257158129101	0.345811184201499	"other_other"
"VIT_03s0088g00710"	"VIT_17s0000g00680"	0.932115038195923	0.495102531396202	"other_other"
"VIT_16s0100g01100"	"VIT_17s0000g00680"	0.962148537140303	0.679862737885559	"family_other"
"VIT_12s0059g00370"	"VIT_17s0000g00680"	0.613289663132695	0.00752759851789976	"other_other"
"VIT_18s0001g02760"	"VIT_17s0000g00680"	0.804420470094279	0.113456958129035	"other_other"
"VIT_16s0100g00990"	"VIT_17s0000g00680"	0.862149479141794	0.226895405423	"family_other"
"VIT_16s0100g01030"	"VIT_17s0000g00680"	0.846984559267844	0.190000581928751	"family_other"
"VIT_05s0077g01530"	"VIT_17s0000g00680"	0.928242150664146	0.474911684222359	"other_other"
"VIT_16s0100g01000"	"VIT_17s0000g00680"	0.870646136246495	0.250274596859024	"family_other"
"VIT_16s0100g00950"	"VIT_17s0000g00680"	0.842765472396912	0.180745438239782	"other_other"
"VIT_16s0100g00830"	"VIT_17s0000g00680"	0.876823862873168	0.268610884426206	"family_other"
"VIT_06s0004g01030"	"VIT_17s0000g00680"	0.917089592676988	0.420840618398895	"other_other"
"VIT_13s0019g00480"	"VIT_17s0000g00680"	0.881428263042595	0.28305427646841	"other_other"
"VIT_02s0025g04270"	"VIT_17s0000g00680"	0.840692892941091	0.176349308028217	"other_other"
"VIT_00s0324g00050"	"VIT_17s0000g00680"	0.914823292053742	0.410555746454589	"other_other"
"VIT_16s0100g00750"	"VIT_17s0000g00680"	0.933281137058148	0.501331371533114	"family_other"
"VIT_16s0100g00910"	"VIT_17s0000g00680"	0.912959079318778	0.402265808317702	"family_other"
"VIT_12s0028g02530"	"VIT_17s0000g00680"	0.920215413923952	0.435406627887043	"other_other"
"VIT_12s0028g00860"	"VIT_17s0000g00680"	0.969449543088793	0.733250052775708	"other_other"
"VIT_13s0019g05070"	"VIT_17s0000g00680"	0.937636869653835	0.52522666066411	"other_other"
"VIT_11s0016g05540"	"VIT_17s0000g00680"	0.942231478754487	0.55153883026491	"other_other"
"VIT_16s0100g00770"	"VIT_17s0000g00680"	0.924982681383861	0.458496489074072	"family_other"
"VIT_15s0048g00510"	"VIT_17s0000g00680"	0.92826819118455	0.47504493079739	"other_other"
"VIT_03s0088g00700"	"VIT_17s0000g00680"	0.973037203819316	0.760841962659751	"other_other"
"VIT_14s0006g03050"	"VIT_17s0000g00680"	0.914401324712224	0.408665961045952	"other_other"
"VIT_16s0100g01070"	"VIT_17s0000g00680"	0.91481478161857	0.410517554796917	"family_other"
"VIT_16s0050g00400"	"VIT_17s0000g00680"	0.542764947010184	0.00221879879689857	"other_other"
"VIT_03s0088g00690"	"VIT_17s0000g00680"	0.966942722107215	0.714508647721198	"other_other"
"VIT_08s0040g00920"	"VIT_17s0000g00680"	0.691070909207565	0.0248442628992426	"other_other"
"VIT_16s0100g00900"	"VIT_17s0000g00680"	0.818078208474314	0.134260494721192	"other_other"
"VIT_18s0001g13670"	"VIT_17s0000g00680"	0.81295432129477	0.126084424105278	"other_other"
"VIT_16s0100g01150"	"VIT_17s0000g00680"	0.947674594014327	0.584241467935183	"family_other"
"VIT_02s0025g04230"	"VIT_17s0000g00680"	0.768157417075607	0.0715323154626727	"other_other"
"VIT_07s0031g01710"	"VIT_17s0000g00680"	0.762506060066608	0.0664405159218184	"other_other"
"VIT_02s0033g00700"	"VIT_17s0000g00680"	0.911965692243376	0.397910140154496	"other_other"
"VIT_01s0026g02400"	"VIT_17s0000g00680"	0.922168267094543	0.44473543662529	"other_other"
"VIT_12s0035g01000"	"VIT_17s0000g00680"	0.936057800962511	0.516448082976442	"other_other"
"VIT_16s0039g01170"	"VIT_17s0000g00680"	0.87333782269022	0.258120614760278	"other_other"
"VIT_01s0146g00320"	"VIT_17s0000g00680"	0.945145703691923	0.568836748379045	"other_other"
"VIT_05s0077g01580"	"VIT_16s0100g01020"	0.750978222686561	0.0570523361738556	"family_other"
"VIT_03s0038g03860"	"VIT_16s0100g01020"	-0.834508711045532	0.163798056462498	"family_other"
"VIT_09s0002g01000"	"VIT_16s0100g01020"	-0.818386996245861	0.134768129417513	"family_other"
"VIT_00s1206g00010"	"VIT_16s0100g01020"	-0.819047188118843	0.135859257505083	"family_other"
"VIT_14s0030g00340"	"VIT_16s0100g01020"	-0.754261245365305	0.0595961134743336	"family_other"
"VIT_02s0025g03260"	"VIT_16s0100g01020"	-0.855510780827406	0.21001720155787	"family_other"
"VIT_10s0116g00530"	"VIT_16s0100g01020"	-0.822719614290727	0.142075277690302	"family_other"
"VIT_08s0007g01560"	"VIT_16s0100g01020"	0.790508176399307	0.0952935844028911	"family_other"
"VIT_02s0012g01660"	"VIT_16s0100g01020"	-0.751093160735669	0.0571397155704665	"family_other"
"VIT_05s0062g00610"	"VIT_16s0100g01020"	-0.62910133697679	0.0097097060323445	"family_other"
"VIT_04s0044g00040"	"VIT_16s0100g01020"	0.827748508911308	0.151002476850167	"family_other"
"VIT_08s0040g01710"	"VIT_16s0100g01020"	0.829759001603526	0.154710477060335	"family_other"
"VIT_18s0001g08760"	"VIT_16s0100g01020"	0.87425561116557	0.260846061596815	"family_other"
"VIT_05s0049g01550"	"VIT_16s0100g01020"	0.777680516704943	0.0809118603568191	"family_other"
"VIT_18s0166g00060"	"VIT_16s0100g01020"	0.716355722976274	0.03558666976807	"family_other"
"VIT_18s0001g15130"	"VIT_16s0100g01020"	0.866662347142701	0.239055801029309	"family_other"
"VIT_05s0077g01560"	"VIT_16s0100g01020"	0.796401312411526	0.102640715407517	"family_other"
"VIT_07s0005g03340"	"VIT_16s0100g01020"	0.84842162552066	0.193249018881415	"family_other"
"VIT_06s0004g07550"	"VIT_16s0100g01020"	0.773971568017398	0.0771347490471301	"family_other"
"VIT_18s0001g15220"	"VIT_16s0100g01020"	0.789241367262608	0.0937774464320432	"family_other"
"VIT_00s0270g00120"	"VIT_16s0100g01020"	0.794779542162369	0.10056961724374	"family_other"
"VIT_14s0030g01890"	"VIT_16s0100g01020"	0.806624570702223	0.116604274127687	"family_other"
"VIT_05s0077g01570"	"VIT_16s0100g01020"	0.814953949887599	0.129220283692705	"family_other"
"VIT_06s0004g02010"	"VIT_16s0100g01020"	0.854223025084775	0.206877249761159	"family_other"
"VIT_11s0016g03190"	"VIT_16s0100g01020"	0.819864769668207	0.137221527005484	"family_other"
"VIT_03s0091g00160"	"VIT_16s0100g01020"	0.785649105689938	0.089595501518726	"family_other"
"VIT_06s0004g01990"	"VIT_16s0100g01020"	0.844706955628913	0.184952711802561	"family_other"
"VIT_06s0061g01210"	"VIT_16s0100g01020"	0.736803567750373	0.0471538547460397	"family_other"
"VIT_15s0046g01570"	"VIT_16s0100g01020"	0.896466978020939	0.335230069088926	"family_other"
"VIT_02s0033g01380"	"VIT_16s0100g01020"	0.79326362007845	0.0986677842072475	"family_other"
"VIT_05s0077g01540"	"VIT_16s0100g01020"	0.824758802395349	0.145636285413817	"family_other"
"VIT_01s0011g01810"	"VIT_16s0100g01020"	0.85354190556009	0.205233608570006	"family_other"
"VIT_06s0004g01010"	"VIT_16s0100g01020"	0.866785094228917	0.239394596316978	"family_other"
"VIT_05s0020g03140"	"VIT_16s0100g01020"	0.783393514773441	0.0870562026936724	"family_other"
"VIT_12s0059g01720"	"VIT_16s0100g01020"	0.913553821197364	0.404894040975293	"family_other"
"VIT_03s0038g03400"	"VIT_16s0100g01020"	0.892950357735321	0.322309536750761	"family_other"
"VIT_08s0007g01810"	"VIT_16s0100g01020"	0.758935560388903	0.0633941268261484	"family_other"
"VIT_06s0004g01020"	"VIT_16s0100g01020"	0.821722327111208	0.140362428621077	"family_other"
"VIT_11s0065g00350"	"VIT_16s0100g01020"	0.866527270382112	0.238683473270181	"family_other"
"VIT_12s0028g00920"	"VIT_16s0100g01020"	0.814378567161186	0.12831084163793	"family_other"
"VIT_12s0059g00310"	"VIT_16s0100g01020"	0.830348439157323	0.15581301682782	"family_other"
"VIT_16s0039g01100"	"VIT_16s0100g01020"	0.943073578294044	0.556487964129399	"family_other"
"VIT_16s0100g01010"	"VIT_16s0100g01020"	0.973668644453495	0.765793797094524	"family_family"
"VIT_16s0100g01200"	"VIT_16s0100g01020"	0.923784923516814	0.452593905269404	"family_family"
"VIT_08s0007g06060"	"VIT_16s0100g01020"	0.65803980466128	0.0152237501485875	"family_other"
"VIT_05s0077g01550"	"VIT_16s0100g01020"	0.814743182381829	0.128886476343283	"family_other"
"VIT_05s0020g05000"	"VIT_16s0100g01020"	0.798075054228901	0.104818360129302	"family_other"
"VIT_02s0025g04250"	"VIT_16s0100g01020"	0.861533980483084	0.225280766408911	"family_other"
"VIT_03s0088g00710"	"VIT_16s0100g01020"	0.862990112165178	0.22911746604387	"family_other"
"VIT_16s0100g01100"	"VIT_16s0100g01020"	0.869766859979744	0.247758498705733	"family_family"
"VIT_12s0059g00370"	"VIT_16s0100g01020"	0.721963458877137	0.0384726560136304	"family_other"
"VIT_18s0001g02760"	"VIT_16s0100g01020"	0.788439216497259	0.0928286804264623	"family_other"
"VIT_16s0100g00990"	"VIT_16s0100g01020"	0.967179732663643	0.716261936730708	"family_family"
"VIT_16s0100g01030"	"VIT_16s0100g01020"	0.898127476313134	0.341491445695008	"family_family"
"VIT_05s0077g01530"	"VIT_16s0100g01020"	0.869150600051249	0.246008630517111	"family_other"
"VIT_16s0100g01000"	"VIT_16s0100g01020"	0.99016017010762	0.905846322290346	"family_family"
"VIT_16s0100g00950"	"VIT_16s0100g01020"	0.94947461951404	0.595433960103789	"family_other"
"VIT_16s0100g00830"	"VIT_16s0100g01020"	0.944799480904638	0.566756435124448	"family_family"
"VIT_06s0004g01030"	"VIT_16s0100g01020"	0.851392244114904	0.200122949870443	"family_other"
"VIT_13s0019g00480"	"VIT_16s0100g01020"	0.853944885886839	0.206204633431058	"family_other"
"VIT_02s0025g04270"	"VIT_16s0100g01020"	0.796194657650839	0.102374688201462	"family_other"
"VIT_00s0324g00050"	"VIT_16s0100g01020"	0.834105945349286	0.163009219408808	"family_other"
"VIT_16s0100g00750"	"VIT_16s0100g01020"	0.936450647539117	0.518619620378746	"family_family"
"VIT_16s0100g00910"	"VIT_16s0100g01020"	0.96274847848454	0.684113891806454	"family_family"
"VIT_12s0028g02530"	"VIT_16s0100g01020"	0.845564072559286	0.186838003612979	"family_other"
"VIT_12s0028g00860"	"VIT_16s0100g01020"	0.879375675601387	0.27653142037696	"family_other"
"VIT_13s0019g05070"	"VIT_16s0100g01020"	0.85032494874613	0.197628336797378	"family_other"
"VIT_11s0016g05540"	"VIT_16s0100g01020"	0.873874762598933	0.259711973008318	"family_other"
"VIT_16s0100g00770"	"VIT_16s0100g01020"	0.928670658352147	0.477108595623781	"family_family"
"VIT_15s0048g00510"	"VIT_16s0100g01020"	0.780031530051905	0.0833914602686678	"family_other"
"VIT_03s0088g00700"	"VIT_16s0100g01020"	0.882559334643561	0.286707548618013	"family_other"
"VIT_14s0006g03050"	"VIT_16s0100g01020"	0.829247419470251	0.153759262464665	"family_other"
"VIT_16s0100g01070"	"VIT_16s0100g01020"	0.916675795717741	0.418945608245047	"family_family"
"VIT_16s0050g00400"	"VIT_16s0100g01020"	0.609815954123062	0.00711193572096217	"family_other"
"VIT_03s0088g00690"	"VIT_16s0100g01020"	0.86989074778719	0.248111627115086	"family_other"
"VIT_08s0040g00920"	"VIT_16s0100g01020"	0.654678237448812	0.0144636880079451	"family_other"
"VIT_16s0100g00900"	"VIT_16s0100g01020"	0.982799082728348	0.840712345128693	"family_other"
"VIT_18s0001g13670"	"VIT_16s0100g01020"	0.619082512723433	0.00826961643399843	"family_other"
"VIT_16s0100g01150"	"VIT_16s0100g01020"	0.942017969827475	0.550290321154987	"family_family"
"VIT_02s0025g04230"	"VIT_16s0100g01020"	0.748537003754308	0.0552246210675996	"family_other"
"VIT_07s0031g01710"	"VIT_16s0100g01020"	0.765929150909971	0.0694841883508071	"family_other"
"VIT_02s0033g00700"	"VIT_16s0100g01020"	0.85108487219236	0.199401633231644	"family_other"
"VIT_01s0026g02400"	"VIT_16s0100g01020"	0.783910786280561	0.0876327422268554	"family_other"
"VIT_12s0035g01000"	"VIT_16s0100g01020"	0.823748683029752	0.14386241044869	"family_other"
"VIT_16s0039g01170"	"VIT_16s0100g01020"	0.956072724191362	0.638130178483137	"family_other"
"VIT_01s0146g00320"	"VIT_16s0100g01020"	0.888014959516736	0.304931871855186	"family_other"
"VIT_17s0000g00680"	"VIT_16s0100g01020"	0.871041100662445	0.251412276014455	"family_other"
"VIT_05s0077g01580"	"VIT_16s0100g00780"	0.836249979314265	0.16724810292976	"family_other"
"VIT_03s0038g03860"	"VIT_16s0100g00780"	-0.87533476681348	0.264083813326982	"family_other"
"VIT_09s0002g01000"	"VIT_16s0100g00780"	-0.898642141558813	0.343453390869394	"family_other"
"VIT_00s1206g00010"	"VIT_16s0100g00780"	-0.904001811121971	0.364496200526051	"family_other"
"VIT_14s0030g00340"	"VIT_16s0100g00780"	-0.72676453975011	0.0411090358173892	"family_other"
"VIT_02s0025g03260"	"VIT_16s0100g00780"	-0.940654948242421	0.542379721924641	"family_other"
"VIT_10s0116g00530"	"VIT_16s0100g00780"	-0.90527177105297	0.369649208361605	"family_other"
"VIT_08s0007g01560"	"VIT_16s0100g00780"	0.693910542177994	0.0258842064604125	"family_other"
"VIT_02s0012g01660"	"VIT_16s0100g00780"	-0.872280983019592	0.255014011712667	"family_other"
"VIT_05s0062g00610"	"VIT_16s0100g00780"	-0.581759044625609	0.00444049555853373	"family_other"
"VIT_04s0044g00040"	"VIT_16s0100g00780"	0.833521379423885	0.161870399110409	"family_other"
"VIT_08s0040g01710"	"VIT_16s0100g00780"	0.843692825192867	0.182744181715392	"family_other"
"VIT_18s0001g08760"	"VIT_16s0100g00780"	0.849659839012951	0.196087951175361	"family_other"
"VIT_05s0049g01550"	"VIT_16s0100g00780"	0.758883952662089	0.0633510319178165	"family_other"
"VIT_18s0166g00060"	"VIT_16s0100g00780"	0.695274618325194	0.0263975580341434	"family_other"
"VIT_18s0001g15130"	"VIT_16s0100g00780"	0.808050589299983	0.118682179524491	"family_other"
"VIT_05s0077g01560"	"VIT_16s0100g00780"	0.876982412905146	0.269096990439962	"family_other"
"VIT_07s0005g03340"	"VIT_16s0100g00780"	0.828556199861099	0.152482398159946	"family_other"
"VIT_06s0004g07550"	"VIT_16s0100g00780"	0.831176854781011	0.157374517692885	"family_other"
"VIT_18s0001g15220"	"VIT_16s0100g00780"	0.873159368024007	0.257593665226791	"family_other"
"VIT_00s0270g00120"	"VIT_16s0100g00780"	0.944556190563357	0.565298700438841	"family_other"
"VIT_14s0030g01890"	"VIT_16s0100g00780"	0.922628003655994	0.446957595542371	"family_other"
"VIT_05s0077g01570"	"VIT_16s0100g00780"	0.888595486174636	0.306931193483202	"family_other"
"VIT_06s0004g02010"	"VIT_16s0100g00780"	0.971897261422458	0.75197531427595	"family_other"
"VIT_11s0016g03190"	"VIT_16s0100g00780"	0.900302957063525	0.349853937364265	"family_other"
"VIT_03s0091g00160"	"VIT_16s0100g00780"	0.7564426942287	0.0613423384614332	"family_other"
"VIT_06s0004g01990"	"VIT_16s0100g00780"	0.975304187695187	0.778755074550069	"family_other"
"VIT_06s0061g01210"	"VIT_16s0100g00780"	0.893593894609153	0.32463992431586	"family_other"
"VIT_15s0046g01570"	"VIT_16s0100g00780"	0.935135160520814	0.511380148750113	"family_other"
"VIT_02s0033g01380"	"VIT_16s0100g00780"	0.651858576752876	0.013852681235987	"family_other"
"VIT_05s0077g01540"	"VIT_16s0100g00780"	0.94437067639909	0.564189414628537	"family_other"
"VIT_01s0011g01810"	"VIT_16s0100g00780"	0.877032639550085	0.26925114772624	"family_other"
"VIT_06s0004g01010"	"VIT_16s0100g00780"	0.911045997434824	0.393915476834403	"family_other"
"VIT_05s0020g03140"	"VIT_16s0100g00780"	0.920465567956905	0.436591698887214	"family_other"
"VIT_12s0059g01720"	"VIT_16s0100g00780"	0.872039121076274	0.254307802540822	"family_other"
"VIT_03s0038g03400"	"VIT_16s0100g00780"	0.935656596669994	0.514238796272588	"family_other"
"VIT_08s0007g01810"	"VIT_16s0100g00780"	0.883578142595685	0.290034486224201	"family_other"
"VIT_06s0004g01020"	"VIT_16s0100g00780"	0.961069321232449	0.672275278735457	"family_other"
"VIT_11s0065g00350"	"VIT_16s0100g00780"	0.866551012114328	0.238748877534192	"family_other"
"VIT_12s0028g00920"	"VIT_16s0100g00780"	0.836991250366913	0.168736555905186	"family_other"
"VIT_12s0059g00310"	"VIT_16s0100g00780"	0.771969233625918	0.0751622757860653	"family_other"
"VIT_16s0039g01100"	"VIT_16s0100g00780"	0.896252818532407	0.334430089026851	"family_other"
"VIT_16s0100g01010"	"VIT_16s0100g00780"	0.931275889202408	0.490663318600135	"family_family"
"VIT_16s0100g01200"	"VIT_16s0100g00780"	0.981452513646486	0.829264199119433	"family_family"
"VIT_08s0007g06060"	"VIT_16s0100g00780"	0.635515572320216	0.0107463744035133	"family_other"
"VIT_05s0077g01550"	"VIT_16s0100g00780"	0.856629222340588	0.212779044711604	"family_other"
"VIT_05s0020g05000"	"VIT_16s0100g00780"	0.937035423503264	0.521867308205386	"family_other"
"VIT_02s0025g04250"	"VIT_16s0100g00780"	0.940244880465511	0.540019912492818	"family_other"
"VIT_03s0088g00710"	"VIT_16s0100g00780"	0.927972753197919	0.473535178713265	"family_other"
"VIT_16s0100g01100"	"VIT_16s0100g00780"	0.984754657142991	0.857591432520395	"family_family"
"VIT_12s0059g00370"	"VIT_16s0100g00780"	0.637382203106275	0.0110662207673645	"family_other"
"VIT_18s0001g02760"	"VIT_16s0100g00780"	0.853621759940226	0.205425698776294	"family_other"
"VIT_16s0100g00990"	"VIT_16s0100g00780"	0.934710187925733	0.509060926185082	"family_family"
"VIT_16s0100g01030"	"VIT_16s0100g00780"	0.943964421922038	0.56176704714039	"family_family"
"VIT_05s0077g01530"	"VIT_16s0100g00780"	0.968600637140276	0.726854534052078	"family_other"
"VIT_16s0100g01000"	"VIT_16s0100g00780"	0.917787106406985	0.424052396433828	"family_family"
"VIT_16s0100g00950"	"VIT_16s0100g00780"	0.910218912253498	0.390353923644821	"family_other"
"VIT_16s0100g00830"	"VIT_16s0100g00780"	0.964419808856976	0.696083309661787	"family_family"
"VIT_06s0004g01030"	"VIT_16s0100g00780"	0.96787028407558	0.721392398736337	"family_other"
"VIT_13s0019g00480"	"VIT_16s0100g00780"	0.887688812122013	0.303813776655679	"family_other"
"VIT_02s0025g04270"	"VIT_16s0100g00780"	0.842466204372484	0.180104631538823	"family_other"
"VIT_00s0324g00050"	"VIT_16s0100g00780"	0.967237875164448	0.71669263773176	"family_other"
"VIT_16s0100g00750"	"VIT_16s0100g00780"	0.987402260529411	0.880929536210517	"family_family"
"VIT_16s0100g00910"	"VIT_16s0100g00780"	0.978239643073203	0.80251394156659	"family_family"
"VIT_12s0028g02530"	"VIT_16s0100g00780"	0.961873833099053	0.677924146634269	"family_other"
"VIT_12s0028g00860"	"VIT_16s0100g00780"	0.979814715285229	0.815529313379693	"family_other"
"VIT_13s0019g05070"	"VIT_16s0100g00780"	0.961708462617255	0.676759524578582	"family_other"
"VIT_11s0016g05540"	"VIT_16s0100g00780"	0.954783109630118	0.629574712989463	"family_other"
"VIT_16s0100g00770"	"VIT_16s0100g00780"	0.990945143222976	0.91305330872889	"family_family"
"VIT_15s0048g00510"	"VIT_16s0100g00780"	0.866803051863464	0.239444197556211	"family_other"
"VIT_03s0088g00700"	"VIT_16s0100g00780"	0.958727434538888	0.656072072717332	"family_other"
"VIT_14s0006g03050"	"VIT_16s0100g00780"	0.940796745216202	0.543197875214261	"family_other"
"VIT_16s0100g01070"	"VIT_16s0100g00780"	0.987107115727218	0.87829988530572	"family_family"
"VIT_16s0050g00400"	"VIT_16s0100g00780"	0.523527478286146	0.0015466598560119	"family_other"
"VIT_03s0088g00690"	"VIT_16s0100g00780"	0.96807786408197	0.72294106953679	"family_other"
"VIT_08s0040g00920"	"VIT_16s0100g00780"	0.655922717093323	0.0147409924680335	"family_other"
"VIT_16s0100g00900"	"VIT_16s0100g00780"	0.869288500278294	0.246399228850368	"family_other"
"VIT_18s0001g13670"	"VIT_16s0100g00780"	0.75680927182859	0.0616402569731574	"family_other"
"VIT_16s0100g01150"	"VIT_16s0100g00780"	0.976638821065515	0.789477638744842	"family_family"
"VIT_02s0025g04230"	"VIT_16s0100g00780"	0.781265624126336	0.0847202359617175	"family_other"
"VIT_07s0031g01710"	"VIT_16s0100g00780"	0.75427808705406	0.0596094218612781	"family_other"
"VIT_02s0033g00700"	"VIT_16s0100g00780"	0.930599924710106	0.487113460418493	"family_other"
"VIT_01s0026g02400"	"VIT_16s0100g00780"	0.93052258469434	0.486708783010169	"family_other"
"VIT_12s0035g01000"	"VIT_16s0100g00780"	0.955719058977919	0.635773567604105	"family_other"
"VIT_16s0039g01170"	"VIT_16s0100g00780"	0.936898565891205	0.521105601776097	"family_other"
"VIT_01s0146g00320"	"VIT_16s0100g00780"	0.960263839408755	0.666662075005285	"family_other"
"VIT_17s0000g00680"	"VIT_16s0100g00780"	0.943445609108967	0.558687141182785	"family_other"
"VIT_16s0100g01020"	"VIT_16s0100g00780"	0.91307969603919	0.402797582852264	"family_family"
"VIT_05s0077g01580"	"VIT_16s0039g01320"	0.813357251551147	0.126710740833201	"other_other"
"VIT_03s0038g03860"	"VIT_16s0039g01320"	-0.823124808933828	0.142776560304541	"other_other"
"VIT_09s0002g01000"	"VIT_16s0039g01320"	-0.83104559753994	0.157126172566957	"other_other"
"VIT_00s1206g00010"	"VIT_16s0039g01320"	-0.832800396017508	0.16047568205596	"other_other"
"VIT_14s0030g00340"	"VIT_16s0039g01320"	-0.672903229390039	0.0190338273521705	"other_other"
"VIT_02s0025g03260"	"VIT_16s0039g01320"	-0.885385892998369	0.296023357515661	"other_other"
"VIT_10s0116g00530"	"VIT_16s0039g01320"	-0.801747346518004	0.109742617009834	"other_other"
"VIT_08s0007g01560"	"VIT_16s0039g01320"	0.631579226188865	0.0100989999071838	"other_other"
"VIT_02s0012g01660"	"VIT_16s0039g01320"	-0.793231162831045	0.098627420638101	"other_other"
"VIT_05s0062g00610"	"VIT_16s0039g01320"	-0.545286199944638	0.0023240478599495	"other_other"
"VIT_04s0044g00040"	"VIT_16s0039g01320"	0.800340706092635	0.107832347752226	"other_other"
"VIT_08s0040g01710"	"VIT_16s0039g01320"	0.783191469543118	0.0868319362150398	"other_other"
"VIT_18s0001g08760"	"VIT_16s0039g01320"	0.794700820781463	0.10047004936445	"other_other"
"VIT_05s0049g01550"	"VIT_16s0039g01320"	0.747287706335515	0.0543098217205985	"other_other"
"VIT_18s0166g00060"	"VIT_16s0039g01320"	0.658428704041853	0.0153139616723094	"other_other"
"VIT_18s0001g15130"	"VIT_16s0039g01320"	0.793398391068213	0.0988355433923651	"other_other"
"VIT_05s0077g01560"	"VIT_16s0039g01320"	0.827572873873163	0.150682379423132	"other_other"
"VIT_07s0005g03340"	"VIT_16s0039g01320"	0.769804370275897	0.0730808724022358	"other_other"
"VIT_06s0004g07550"	"VIT_16s0039g01320"	0.794571445862944	0.100306606898303	"other_other"
"VIT_18s0001g15220"	"VIT_16s0039g01320"	0.795209111161407	0.10111450817116	"other_other"
"VIT_00s0270g00120"	"VIT_16s0039g01320"	0.846637172906729	0.189222741016551	"other_other"
"VIT_14s0030g01890"	"VIT_16s0039g01320"	0.851641877075348	0.200710496341947	"other_other"
"VIT_05s0077g01570"	"VIT_16s0039g01320"	0.842762621591352	0.180739324293804	"other_other"
"VIT_06s0004g02010"	"VIT_16s0039g01320"	0.90760933434314	0.379305847120181	"other_other"
"VIT_11s0016g03190"	"VIT_16s0039g01320"	0.860180817898564	0.221767313396733	"other_other"
"VIT_03s0091g00160"	"VIT_16s0039g01320"	0.72109469658715	0.0380122008034347	"other_other"
"VIT_06s0004g01990"	"VIT_16s0039g01320"	0.895761084471299	0.332599743442842	"other_other"
"VIT_06s0061g01210"	"VIT_16s0039g01320"	0.783255365733402	0.0869028035252476	"other_other"
"VIT_15s0046g01570"	"VIT_16s0039g01320"	0.859647597814647	0.220396421778016	"other_other"
"VIT_02s0033g01380"	"VIT_16s0039g01320"	0.606617346811506	0.00674758326186475	"other_other"
"VIT_05s0077g01540"	"VIT_16s0039g01320"	0.875817155825614	0.265542769577721	"other_other"
"VIT_01s0011g01810"	"VIT_16s0039g01320"	0.850355785636616	0.197700018076565	"other_other"
"VIT_06s0004g01010"	"VIT_16s0039g01320"	0.819971735897049	0.137400662521407	"other_other"
"VIT_05s0020g03140"	"VIT_16s0039g01320"	0.833136901589031	0.161125288573981	"other_other"
"VIT_12s0059g01720"	"VIT_16s0039g01320"	0.83330133534812	0.161443579365097	"other_other"
"VIT_03s0038g03400"	"VIT_16s0039g01320"	0.848578312316497	0.193606208576234	"other_other"
"VIT_08s0007g01810"	"VIT_16s0039g01320"	0.782727685117306	0.0863191094474965	"other_other"
"VIT_06s0004g01020"	"VIT_16s0039g01320"	0.872799158328343	0.256532969135925	"other_other"
"VIT_11s0065g00350"	"VIT_16s0039g01320"	0.779919691187911	0.0832719729050878	"other_other"
"VIT_12s0028g00920"	"VIT_16s0039g01320"	0.79523427725847	0.101146512582479	"other_other"
"VIT_12s0059g00310"	"VIT_16s0039g01320"	0.744741360503144	0.0524873610701171	"other_other"
"VIT_16s0039g01100"	"VIT_16s0039g01320"	0.915770021178884	0.414824332258082	"other_other"
"VIT_16s0100g01010"	"VIT_16s0039g01320"	0.917524547038982	0.422840833261108	"family_other"
"VIT_16s0100g01200"	"VIT_16s0039g01320"	0.942746371207537	0.554560195414378	"family_other"
"VIT_08s0007g06060"	"VIT_16s0039g01320"	0.616835913701449	0.0079743724279583	"other_other"
"VIT_05s0077g01550"	"VIT_16s0039g01320"	0.870615454017123	0.250186412180744	"other_other"
"VIT_05s0020g05000"	"VIT_16s0039g01320"	0.865646571273605	0.236268667385698	"other_other"
"VIT_02s0025g04250"	"VIT_16s0039g01320"	0.898894593586768	0.344419461716141	"other_other"
"VIT_03s0088g00710"	"VIT_16s0039g01320"	0.895493372935675	0.331607055384031	"other_other"
"VIT_16s0100g01100"	"VIT_16s0039g01320"	0.91595064401669	0.415643241847622	"family_other"
"VIT_12s0059g00370"	"VIT_16s0039g01320"	0.574070282785994	0.00388732327311645	"other_other"
"VIT_18s0001g02760"	"VIT_16s0039g01320"	0.847842570830548	0.191934122021357	"other_other"
"VIT_16s0100g00990"	"VIT_16s0039g01320"	0.91938929065245	0.431513519004099	"family_other"
"VIT_16s0100g01030"	"VIT_16s0039g01320"	0.868395369574118	0.243879328519318	"family_other"
"VIT_05s0077g01530"	"VIT_16s0039g01320"	0.903366258662068	0.361941726232306	"other_other"
"VIT_16s0100g01000"	"VIT_16s0039g01320"	0.913541557676831	0.404839691397528	"family_other"
"VIT_16s0100g00950"	"VIT_16s0039g01320"	0.871529827722662	0.252826476604598	"other_other"
"VIT_16s0100g00830"	"VIT_16s0039g01320"	0.952542294116677	0.614954069964092	"family_other"
"VIT_06s0004g01030"	"VIT_16s0039g01320"	0.890488817147053	0.313534040459569	"other_other"
"VIT_13s0019g00480"	"VIT_16s0039g01320"	0.857458590711182	0.214848120182907	"other_other"
"VIT_02s0025g04270"	"VIT_16s0039g01320"	0.827438502707227	0.15043789848119	"other_other"
"VIT_00s0324g00050"	"VIT_16s0039g01320"	0.900654937212643	0.35122412625715	"other_other"
"VIT_16s0100g00750"	"VIT_16s0039g01320"	0.933822301252557	0.504245944547075	"family_other"
"VIT_16s0100g00910"	"VIT_16s0039g01320"	0.962443061243448	0.681946740567823	"family_other"
"VIT_12s0028g02530"	"VIT_16s0039g01320"	0.885382618867786	0.296012410842492	"other_other"
"VIT_12s0028g00860"	"VIT_16s0039g01320"	0.926161393075298	0.464372758960873	"other_other"
"VIT_13s0019g05070"	"VIT_16s0039g01320"	0.913822630861007	0.406087004725052	"other_other"
"VIT_11s0016g05540"	"VIT_16s0039g01320"	0.891646439636998	0.317633863886003	"other_other"
"VIT_16s0100g00770"	"VIT_16s0039g01320"	0.938666047266222	0.531020260844753	"family_other"
"VIT_15s0048g00510"	"VIT_16s0039g01320"	0.792528244302155	0.0977569147314515	"other_other"
"VIT_03s0088g00700"	"VIT_16s0039g01320"	0.926388181878457	0.465511120658128	"other_other"
"VIT_14s0006g03050"	"VIT_16s0039g01320"	0.882645590197028	0.286987881015736	"other_other"
"VIT_16s0100g01070"	"VIT_16s0039g01320"	0.961654555539816	0.676380273187735	"family_other"
"VIT_16s0050g00400"	"VIT_16s0039g01320"	0.495817537724951	0.000897881126490117	"other_other"
"VIT_03s0088g00690"	"VIT_16s0039g01320"	0.923354989753568	0.450491918355713	"other_other"
"VIT_08s0040g00920"	"VIT_16s0039g01320"	0.584750845981631	0.00467421395763783	"other_other"
"VIT_16s0100g00900"	"VIT_16s0039g01320"	0.887455217440107	0.30301523891733	"other_other"
"VIT_18s0001g13670"	"VIT_16s0039g01320"	0.678321551878565	0.0206232049840806	"other_other"
"VIT_16s0100g01150"	"VIT_16s0039g01320"	0.949085923176529	0.593000855597034	"family_other"
"VIT_02s0025g04230"	"VIT_16s0039g01320"	0.788433729905219	0.0928222208650938	"other_other"
"VIT_07s0031g01710"	"VIT_16s0039g01320"	0.760428074381724	0.0646519194036617	"other_other"
"VIT_02s0033g00700"	"VIT_16s0039g01320"	0.890147069603554	0.312332850400962	"other_other"
"VIT_01s0026g02400"	"VIT_16s0039g01320"	0.831213866266907	0.157444609057877	"other_other"
"VIT_12s0035g01000"	"VIT_16s0039g01320"	0.884847581896829	0.294228463548859	"other_other"
"VIT_16s0039g01170"	"VIT_16s0039g01320"	0.976136215659317	0.785424163997288	"other_other"
"VIT_01s0146g00320"	"VIT_16s0039g01320"	0.924993650745605	0.458550865035417	"other_other"
"VIT_17s0000g00680"	"VIT_16s0039g01320"	0.898729523434703	0.34378750314563	"other_other"
"VIT_16s0100g01020"	"VIT_16s0039g01320"	0.920158369882349	0.435136795127512	"family_other"
"VIT_16s0100g00780"	"VIT_16s0039g01320"	0.948204033331703	0.587513679774365	"family_other"
"VIT_05s0077g01580"	"VIT_16s0100g01190"	0.698254445480176	0.027550982660917	"family_other"
"VIT_03s0038g03860"	"VIT_16s0100g01190"	-0.753721490118536	0.0591710097554668	"family_other"
"VIT_09s0002g01000"	"VIT_16s0100g01190"	-0.756169057572467	0.061120798683427	"family_other"
"VIT_00s1206g00010"	"VIT_16s0100g01190"	-0.765813451082239	0.0693792981530614	"family_other"
"VIT_14s0030g00340"	"VIT_16s0100g01190"	-0.682602904417198	0.021962476930868	"family_other"
"VIT_02s0025g03260"	"VIT_16s0100g01190"	-0.804192035453148	0.113135181073485	"family_other"
"VIT_10s0116g00530"	"VIT_16s0100g01190"	-0.753318598170004	0.0588554786021151	"family_other"
"VIT_08s0007g01560"	"VIT_16s0100g01190"	0.692249834848818	0.0252713596271456	"family_other"
"VIT_02s0012g01660"	"VIT_16s0100g01190"	-0.726705328196595	0.0410755554050185	"family_other"
"VIT_05s0062g00610"	"VIT_16s0100g01190"	-0.540283896150967	0.00211943562660679	"family_other"
"VIT_04s0044g00040"	"VIT_16s0100g01190"	0.707245933525451	0.031311551714612	"family_other"
"VIT_08s0040g01710"	"VIT_16s0100g01190"	0.77226098305836	0.0754468192807754	"family_other"
"VIT_18s0001g08760"	"VIT_16s0100g01190"	0.779687915418507	0.0830248367488361	"family_other"
"VIT_05s0049g01550"	"VIT_16s0100g01190"	0.66182538433978	0.0161225675517987	"family_other"
"VIT_18s0166g00060"	"VIT_16s0100g01190"	0.621129807073244	0.00854719689874457	"family_other"
"VIT_18s0001g15130"	"VIT_16s0100g01190"	0.723334767329492	0.0392096893142289	"family_other"
"VIT_05s0077g01560"	"VIT_16s0100g01190"	0.765813467393076	0.0693793129299573	"family_other"
"VIT_07s0005g03340"	"VIT_16s0100g01190"	0.770366857752884	0.0736166254454826	"family_other"
"VIT_06s0004g07550"	"VIT_16s0100g01190"	0.709299164671832	0.0322325365560268	"family_other"
"VIT_18s0001g15220"	"VIT_16s0100g01190"	0.739633475130731	0.048996559694732	"family_other"
"VIT_00s0270g00120"	"VIT_16s0100g01190"	0.777615302698211	0.0808440356424012	"family_other"
"VIT_14s0030g01890"	"VIT_16s0100g01190"	0.765158613613591	0.0687883220633043	"family_other"
"VIT_05s0077g01570"	"VIT_16s0100g01190"	0.769879042592863	0.0731517930278972	"family_other"
"VIT_06s0004g02010"	"VIT_16s0100g01190"	0.827518654934306	0.150583688047888	"family_other"
"VIT_11s0016g03190"	"VIT_16s0100g01190"	0.76513407003797	0.0687662603929852	"family_other"
"VIT_03s0091g00160"	"VIT_16s0100g01190"	0.70411692242873	0.0299535168824796	"family_other"
"VIT_06s0004g01990"	"VIT_16s0100g01190"	0.834637250307393	0.164050529331549	"family_other"
"VIT_06s0061g01210"	"VIT_16s0100g01190"	0.74495001880145	0.0526346033534171	"family_other"
"VIT_15s0046g01570"	"VIT_16s0100g01190"	0.806895350104862	0.11699630006013	"family_other"
"VIT_02s0033g01380"	"VIT_16s0100g01190"	0.661497097588379	0.0160427726888358	"family_other"
"VIT_05s0077g01540"	"VIT_16s0100g01190"	0.816930512890737	0.13238877860556	"family_other"
"VIT_01s0011g01810"	"VIT_16s0100g01190"	0.763232613046679	0.0670763150084729	"family_other"
"VIT_06s0004g01010"	"VIT_16s0100g01190"	0.795139098179564	0.101025518696763	"family_other"
"VIT_05s0020g03140"	"VIT_16s0100g01190"	0.767919829879299	0.0713113773181064	"family_other"
"VIT_12s0059g01720"	"VIT_16s0100g01190"	0.786663472404903	0.0907590304759749	"family_other"
"VIT_03s0038g03400"	"VIT_16s0100g01190"	0.806430248188359	0.116323669145894	"family_other"
"VIT_08s0007g01810"	"VIT_16s0100g01190"	0.733847401095496	0.0452957656683157	"family_other"
"VIT_06s0004g01020"	"VIT_16s0100g01190"	0.812114835914803	0.1247884653006	"family_other"
"VIT_11s0065g00350"	"VIT_16s0100g01190"	0.790530034954407	0.0953199375682773	"family_other"
"VIT_12s0028g00920"	"VIT_16s0100g01190"	0.733566006675731	0.0451223780593404	"family_other"
"VIT_12s0059g00310"	"VIT_16s0100g01190"	0.754569195333615	0.0598398801621151	"family_other"
"VIT_16s0039g01100"	"VIT_16s0100g01190"	0.902822810571599	0.359770238076208	"family_other"
"VIT_16s0100g01010"	"VIT_16s0100g01190"	0.938334439354061	0.529147274751132	"family_family"
"VIT_16s0100g01200"	"VIT_16s0100g01190"	0.94557261530731	0.571411348376604	"family_family"
"VIT_08s0007g06060"	"VIT_16s0100g01190"	0.547714404773307	0.00242963832397958	"family_other"
"VIT_05s0077g01550"	"VIT_16s0100g01190"	0.838095582559993	0.170976143022097	"family_other"
"VIT_05s0020g05000"	"VIT_16s0100g01190"	0.797335091882022	0.103850546067062	"family_other"
"VIT_02s0025g04250"	"VIT_16s0100g01190"	0.820540177181546	0.138356162701718	"family_other"
"VIT_03s0088g00710"	"VIT_16s0100g01190"	0.800053454212406	0.107445949005547	"family_other"
"VIT_16s0100g01100"	"VIT_16s0100g01190"	0.841083517041848	0.177170422417365	"family_family"
"VIT_12s0059g00370"	"VIT_16s0100g01190"	0.576323087421193	0.00404259446513043	"family_other"
"VIT_18s0001g02760"	"VIT_16s0100g01190"	0.76421593619197	0.0679455311316745	"family_other"
"VIT_16s0100g00990"	"VIT_16s0100g01190"	0.946299547001187	0.575819438800936	"family_family"
"VIT_16s0100g01030"	"VIT_16s0100g01190"	0.856378450095561	0.212156968789525	"family_family"
"VIT_05s0077g01530"	"VIT_16s0100g01190"	0.828042673977996	0.151539968091305	"family_other"
"VIT_16s0100g01000"	"VIT_16s0100g01190"	0.89562956940739	0.332111745148527	"family_family"
"VIT_16s0100g00950"	"VIT_16s0100g01190"	0.886945430033766	0.30127909886103	"family_other"
"VIT_16s0100g00830"	"VIT_16s0100g01190"	0.948021045178997	0.586380856835007	"family_family"
"VIT_06s0004g01030"	"VIT_16s0100g01190"	0.822587475395007	0.141847252163552	"family_other"
"VIT_13s0019g00480"	"VIT_16s0100g01190"	0.792626993832591	0.0978787887972912	"family_other"
"VIT_02s0025g04270"	"VIT_16s0100g01190"	0.774443415216744	0.0776062886687364	"family_other"
"VIT_00s0324g00050"	"VIT_16s0100g01190"	0.823617702434861	0.143633824868656	"family_other"
"VIT_16s0100g00750"	"VIT_16s0100g01190"	0.901769637596663	0.355595360538075	"family_family"
"VIT_16s0100g00910"	"VIT_16s0100g01190"	0.942639728480244	0.553933200516798	"family_family"
"VIT_12s0028g02530"	"VIT_16s0100g01190"	0.828978038105794	0.153260504401888	"family_other"
"VIT_12s0028g00860"	"VIT_16s0100g01190"	0.854373639108529	0.20724229902569	"family_other"
"VIT_13s0019g05070"	"VIT_16s0100g01190"	0.825911512655883	0.147684596002758	"family_other"
"VIT_11s0016g05540"	"VIT_16s0100g01190"	0.823627135854423	0.143650277015905	"family_other"
"VIT_16s0100g00770"	"VIT_16s0100g01190"	0.902799960916861	0.359679193749055	"family_family"
"VIT_15s0048g00510"	"VIT_16s0100g01190"	0.732782199464616	0.0446425619854559	"family_other"
"VIT_03s0088g00700"	"VIT_16s0100g01190"	0.810795059977441	0.12277528177767	"family_other"
"VIT_14s0006g03050"	"VIT_16s0100g01190"	0.789725655243565	0.0943544676153213	"family_other"
"VIT_16s0100g01070"	"VIT_16s0100g01190"	0.94987430877213	0.597945242491009	"family_family"
"VIT_16s0050g00400"	"VIT_16s0100g01190"	0.462177878762147	0.000444725006225254	"family_other"
"VIT_03s0088g00690"	"VIT_16s0100g01190"	0.832018342628999	0.158975063920688	"family_other"
"VIT_08s0040g00920"	"VIT_16s0100g01190"	0.521985174011926	0.00150169480636375	"family_other"
"VIT_16s0100g00900"	"VIT_16s0100g01190"	0.886821589347527	0.300858698970378	"family_other"
"VIT_18s0001g13670"	"VIT_16s0100g01190"	0.615354032573166	0.00778485467754464	"family_other"
"VIT_16s0100g01150"	"VIT_16s0100g01190"	0.904335095980511	0.365842246565468	"family_family"
"VIT_02s0025g04230"	"VIT_16s0100g01190"	0.758540247588805	0.0630646937094824	"family_other"
"VIT_07s0031g01710"	"VIT_16s0100g01190"	0.674432433944026	0.0194708305194589	"family_other"
"VIT_02s0033g00700"	"VIT_16s0100g01190"	0.76802322141545	0.0714074480439898	"family_other"
"VIT_01s0026g02400"	"VIT_16s0100g01190"	0.734615010105872	0.0457717986403125	"family_other"
"VIT_12s0035g01000"	"VIT_16s0100g01190"	0.805243013139335	0.114622440906998	"family_other"
"VIT_16s0039g01170"	"VIT_16s0100g01190"	0.958354794789697	0.65352649659922	"family_other"
"VIT_01s0146g00320"	"VIT_16s0100g01190"	0.830033270922104	0.1552226198393	"family_other"
"VIT_17s0000g00680"	"VIT_16s0100g01190"	0.806998807493761	0.117146395334324	"family_other"
"VIT_16s0100g01020"	"VIT_16s0100g01190"	0.89646363932053	0.335217584367918	"family_family"
"VIT_16s0100g00780"	"VIT_16s0100g01190"	0.908354031681306	0.382429584143846	"family_family"
"VIT_16s0039g01320"	"VIT_16s0100g01190"	0.942830059218228	0.555052677641287	"family_other"
"VIT_05s0077g01580"	"VIT_16s0100g00880"	0.712168244514282	0.0335603163814041	"family_other"
"VIT_03s0038g03860"	"VIT_16s0100g00880"	-0.7706743978332	0.073911040734571	"family_other"
"VIT_09s0002g01000"	"VIT_16s0100g00880"	-0.739190100427387	0.0487036399087865	"family_other"
"VIT_00s1206g00010"	"VIT_16s0100g00880"	-0.747851108284622	0.0547206712269982	"family_other"
"VIT_14s0030g00340"	"VIT_16s0100g00880"	-0.719656780121846	0.0372609749127488	"family_other"
"VIT_02s0025g03260"	"VIT_16s0100g00880"	-0.800231646195464	0.107685498092655	"family_other"
"VIT_10s0116g00530"	"VIT_16s0100g00880"	-0.753389850717124	0.0589111706845109	"family_other"
"VIT_08s0007g01560"	"VIT_16s0100g00880"	0.779463528891777	0.082786208620248	"family_other"
"VIT_02s0012g01660"	"VIT_16s0100g00880"	-0.690996664789729	0.0248175846479178	"family_other"
"VIT_05s0062g00610"	"VIT_16s0100g00880"	-0.595057749687926	0.00556661461720893	"family_other"
"VIT_04s0044g00040"	"VIT_16s0100g00880"	0.785747745055486	0.0897080535236621	"family_other"
"VIT_08s0040g01710"	"VIT_16s0100g00880"	0.791683725363601	0.0967201970010546	"family_other"
"VIT_18s0001g08760"	"VIT_16s0100g00880"	0.852911938742376	0.203723878383964	"family_other"
"VIT_05s0049g01550"	"VIT_16s0100g00880"	0.758441302435427	0.0629824794259431	"family_other"
"VIT_18s0166g00060"	"VIT_16s0100g00880"	0.687593555506327	0.0236220712951231	"family_other"
"VIT_18s0001g15130"	"VIT_16s0100g00880"	0.852500470329482	0.202743188687981	"family_other"
"VIT_05s0077g01560"	"VIT_16s0100g00880"	0.75286110826484	0.0584990248736562	"family_other"
"VIT_07s0005g03340"	"VIT_16s0100g00880"	0.824339140526051	0.144896939057621	"family_other"
"VIT_06s0004g07550"	"VIT_16s0100g00880"	0.728174561773046	0.0419136064398679	"family_other"
"VIT_18s0001g15220"	"VIT_16s0100g00880"	0.726287565212458	0.0408400332111595	"family_other"
"VIT_00s0270g00120"	"VIT_16s0100g00880"	0.706971507575954	0.0311902683849457	"family_other"
"VIT_14s0030g01890"	"VIT_16s0100g00880"	0.744559681709691	0.0523594592294879	"family_other"
"VIT_05s0077g01570"	"VIT_16s0100g00880"	0.769758731319472	0.0730375569159899	"family_other"
"VIT_06s0004g02010"	"VIT_16s0100g00880"	0.795307325574397	0.101239461761159	"family_other"
"VIT_11s0016g03190"	"VIT_16s0100g00880"	0.758871970219874	0.0633410297805663	"family_other"
"VIT_03s0091g00160"	"VIT_16s0100g00880"	0.758224467508677	0.0628026468564537	"family_other"
"VIT_06s0004g01990"	"VIT_16s0100g00880"	0.778621133990972	0.0818958463155608	"family_other"
"VIT_06s0061g01210"	"VIT_16s0100g00880"	0.662543637726652	0.0162983964999717	"family_other"
"VIT_15s0046g01570"	"VIT_16s0100g00880"	0.847123310094523	0.19031206553322	"family_other"
"VIT_02s0033g01380"	"VIT_16s0100g00880"	0.763012043801204	0.0668827207315607	"family_other"
"VIT_05s0077g01540"	"VIT_16s0100g00880"	0.762706366452866	0.0666152581783583	"family_other"
"VIT_01s0011g01810"	"VIT_16s0100g00880"	0.805266431400024	0.114655780029156	"family_other"
"VIT_06s0004g01010"	"VIT_16s0100g00880"	0.801795611047864	0.109808699060729	"family_other"
"VIT_05s0020g03140"	"VIT_16s0100g00880"	0.697950173773435	0.0274311615086539	"family_other"
"VIT_12s0059g01720"	"VIT_16s0100g00880"	0.857963357252758	0.216116238312546	"family_other"
"VIT_03s0038g03400"	"VIT_16s0100g00880"	0.835452498640501	0.165659986758442	"family_other"
"VIT_08s0007g01810"	"VIT_16s0100g00880"	0.688562159726968	0.023956949729808	"family_other"
"VIT_06s0004g01020"	"VIT_16s0100g00880"	0.746147370741451	0.0534867401332591	"family_other"
"VIT_11s0065g00350"	"VIT_16s0100g00880"	0.808929496721889	0.119979408835236	"family_other"
"VIT_12s0028g00920"	"VIT_16s0100g00880"	0.791659878008841	0.0966910665774825	"family_other"
"VIT_12s0059g00310"	"VIT_16s0100g00880"	0.787658048832704	0.0919130447275844	"family_other"
"VIT_16s0039g01100"	"VIT_16s0100g00880"	0.937910794493434	0.526763096811483	"family_other"
"VIT_16s0100g01010"	"VIT_16s0100g00880"	0.960635587749706	0.669247434358015	"family_family"
"VIT_16s0100g01200"	"VIT_16s0100g00880"	0.894424957959779	0.327671819184628	"family_family"
"VIT_08s0007g06060"	"VIT_16s0100g00880"	0.651951754146943	0.0138724951551555	"family_other"
"VIT_05s0077g01550"	"VIT_16s0100g00880"	0.809764537073573	0.12122369932643	"family_other"
"VIT_05s0020g05000"	"VIT_16s0100g00880"	0.740243216386265	0.0494019807261585	"family_other"
"VIT_02s0025g04250"	"VIT_16s0100g00880"	0.818698590684975	0.135282128555619	"family_other"
"VIT_03s0088g00710"	"VIT_16s0100g00880"	0.820319022738608	0.137983712983692	"family_other"
"VIT_16s0100g01100"	"VIT_16s0100g00880"	0.805744880063089	0.115338831061254	"family_family"
"VIT_12s0059g00370"	"VIT_16s0100g00880"	0.656358424526028	0.0148392051502729	"family_other"
"VIT_18s0001g02760"	"VIT_16s0100g00880"	0.762820481870872	0.0667149944413921	"family_other"
"VIT_16s0100g00990"	"VIT_16s0100g00880"	0.955595724892825	0.634953587813726	"family_family"
"VIT_16s0100g01030"	"VIT_16s0100g00880"	0.833943134364761	0.162691317441544	"family_family"
"VIT_05s0077g01530"	"VIT_16s0100g00880"	0.812050944803164	0.124690325833119	"family_other"
"VIT_16s0100g01000"	"VIT_16s0100g00880"	0.969636133765801	0.73466256759751	"family_family"
"VIT_16s0100g00950"	"VIT_16s0100g00880"	0.914370574617691	0.408528552939823	"family_other"
"VIT_16s0100g00830"	"VIT_16s0100g00880"	0.914645655759047	0.409759243894615	"family_family"
"VIT_06s0004g01030"	"VIT_16s0100g00880"	0.778251946472782	0.0815083601277077	"family_other"
"VIT_13s0019g00480"	"VIT_16s0100g00880"	0.801144091842022	0.10891967647075	"family_other"
"VIT_02s0025g04270"	"VIT_16s0100g00880"	0.789166313288714	0.093688305655635	"family_other"
"VIT_00s0324g00050"	"VIT_16s0100g00880"	0.763011487117269	0.0668822327652928	"family_other"
"VIT_16s0100g00750"	"VIT_16s0100g00880"	0.893344613683115	0.323735430376702	"family_family"
"VIT_16s0100g00910"	"VIT_16s0100g00880"	0.933324121243338	0.501562317884121	"family_family"
"VIT_12s0028g02530"	"VIT_16s0100g00880"	0.792519534807818	0.0977461722601544	"family_other"
"VIT_12s0028g00860"	"VIT_16s0100g00880"	0.820672945231809	0.138580193887363	"family_other"
"VIT_13s0019g05070"	"VIT_16s0100g00880"	0.786228443966373	0.0902583761072556	"family_other"
"VIT_11s0016g05540"	"VIT_16s0100g00880"	0.824712926865958	0.145555298468198	"family_other"
"VIT_16s0100g00770"	"VIT_16s0100g00880"	0.881874351009373	0.284490071820006	"family_family"
"VIT_15s0048g00510"	"VIT_16s0100g00880"	0.740621116889652	0.0496547622385777	"family_other"
"VIT_03s0088g00700"	"VIT_16s0100g00880"	0.828008953640736	0.151478267859246	"family_other"
"VIT_14s0006g03050"	"VIT_16s0100g00880"	0.765077146824035	0.0687151179005956	"family_other"
"VIT_16s0100g01070"	"VIT_16s0100g00880"	0.887603058890311	0.303520411569051	"family_family"
"VIT_16s0050g00400"	"VIT_16s0100g00880"	0.593330995723495	0.00540717425389875	"family_other"
"VIT_03s0088g00690"	"VIT_16s0100g00880"	0.815686121440211	0.130385930383137	"family_other"
"VIT_08s0040g00920"	"VIT_16s0100g00880"	0.64370063319814	0.0122134782509556	"family_other"
"VIT_16s0100g00900"	"VIT_16s0100g00880"	0.980475496280397	0.821045913656069	"family_other"
"VIT_18s0001g13670"	"VIT_16s0100g00880"	0.565702620686692	0.00335646332905346	"family_other"
"VIT_16s0100g01150"	"VIT_16s0100g00880"	0.917671478672254	0.423518455294692	"family_family"
"VIT_02s0025g04230"	"VIT_16s0100g00880"	0.761220002334048	0.0653283840677798	"family_other"
"VIT_07s0031g01710"	"VIT_16s0100g00880"	0.753480023460405	0.0589817190723222	"family_other"
"VIT_02s0033g00700"	"VIT_16s0100g00880"	0.781264946603636	0.0847195012607751	"family_other"
"VIT_01s0026g02400"	"VIT_16s0100g00880"	0.694356386225109	0.0260509965915717	"family_other"
"VIT_12s0035g01000"	"VIT_16s0100g00880"	0.760028150637367	0.0643127060983388	"family_other"
"VIT_16s0039g01170"	"VIT_16s0100g00880"	0.952070627935299	0.611915805069512	"family_other"
"VIT_01s0146g00320"	"VIT_16s0100g00880"	0.840227838009011	0.175376202828342	"family_other"
"VIT_17s0000g00680"	"VIT_16s0100g00880"	0.819427038315614	0.136490649691094	"family_other"
"VIT_16s0100g01020"	"VIT_16s0100g00880"	0.978997492433001	0.808752794287287	"family_family"
"VIT_16s0100g00780"	"VIT_16s0100g00880"	0.869372980153506	0.246638791224266	"family_family"
"VIT_16s0039g01320"	"VIT_16s0100g00880"	0.906305139405093	0.373890497516739	"family_other"
"VIT_16s0100g01190"	"VIT_16s0100g00880"	0.915950025621373	0.415640435680553	"family_family"
"VIT_05s0077g01580"	"VIT_16s0039g01120"	0.79512344217085	0.101005628890415	"other_other"
"VIT_03s0038g03860"	"VIT_16s0039g01120"	-0.821525696808389	0.140026916179121	"other_other"
"VIT_09s0002g01000"	"VIT_16s0039g01120"	-0.80453480627345	0.113618323184387	"other_other"
"VIT_00s1206g00010"	"VIT_16s0039g01120"	-0.829964872375172	0.155094756705597	"other_other"
"VIT_14s0030g00340"	"VIT_16s0039g01120"	-0.709516493220607	0.0323314330043806	"other_other"
"VIT_02s0025g03260"	"VIT_16s0039g01120"	-0.874902444656971	0.262782415527022	"other_other"
"VIT_10s0116g00530"	"VIT_16s0039g01120"	-0.807674645793625	0.118131168255209	"other_other"
"VIT_08s0007g01560"	"VIT_16s0039g01120"	0.727328045210134	0.0414288940169256	"other_other"
"VIT_02s0012g01660"	"VIT_16s0039g01120"	-0.767014807587316	0.0704753891974557	"other_other"
"VIT_05s0062g00610"	"VIT_16s0039g01120"	-0.567843640699593	0.00348568120497033	"other_other"
"VIT_04s0044g00040"	"VIT_16s0039g01120"	0.811581906253433	0.123971986775094	"other_other"
"VIT_08s0040g01710"	"VIT_16s0039g01120"	0.808405142655055	0.119203958083848	"other_other"
"VIT_18s0001g08760"	"VIT_16s0039g01120"	0.834894521312963	0.164556905432732	"other_other"
"VIT_05s0049g01550"	"VIT_16s0039g01120"	0.748207076807537	0.0549816939353344	"other_other"
"VIT_18s0166g00060"	"VIT_16s0039g01120"	0.658862920265852	0.0154152534109856	"other_other"
"VIT_18s0001g15130"	"VIT_16s0039g01120"	0.847737298587423	0.191695940424636	"other_other"
"VIT_05s0077g01560"	"VIT_16s0039g01120"	0.809760166262772	0.121217156276436	"other_other"
"VIT_07s0005g03340"	"VIT_16s0039g01120"	0.826808519531602	0.149296432428229	"other_other"
"VIT_06s0004g07550"	"VIT_16s0039g01120"	0.821431693852587	0.139866773065206	"other_other"
"VIT_18s0001g15220"	"VIT_16s0039g01120"	0.765893507982051	0.069451860277778	"other_other"
"VIT_00s0270g00120"	"VIT_16s0039g01120"	0.810676165703235	0.122595363940115	"other_other"
"VIT_14s0030g01890"	"VIT_16s0039g01120"	0.829070819233563	0.153432123500016	"other_other"
"VIT_05s0077g01570"	"VIT_16s0039g01120"	0.823249713590189	0.142993363874506	"other_other"
"VIT_06s0004g02010"	"VIT_16s0039g01120"	0.890300928178018	0.312873126088337	"other_other"
"VIT_11s0016g03190"	"VIT_16s0039g01120"	0.829027216669962	0.153351449440605	"other_other"
"VIT_03s0091g00160"	"VIT_16s0039g01120"	0.757665168931601	0.0623409225712271	"other_other"
"VIT_06s0004g01990"	"VIT_16s0039g01120"	0.872787147382152	0.256497668770903	"other_other"
"VIT_06s0061g01210"	"VIT_16s0039g01120"	0.752827784478774	0.0584731366888963	"other_other"
"VIT_15s0046g01570"	"VIT_16s0039g01120"	0.87617113381815	0.26661796474767	"other_other"
"VIT_02s0033g01380"	"VIT_16s0039g01120"	0.662013919366004	0.0161685550334487	"other_other"
"VIT_05s0077g01540"	"VIT_16s0039g01120"	0.849874004401135	0.196582771764337	"other_other"
"VIT_01s0011g01810"	"VIT_16s0039g01120"	0.865681389697743	0.236363717630332	"other_other"
"VIT_06s0004g01010"	"VIT_16s0039g01120"	0.817657449593254	0.133571554142247	"other_other"
"VIT_05s0020g03140"	"VIT_16s0039g01120"	0.780188707272617	0.0835596474366583	"other_other"
"VIT_12s0059g01720"	"VIT_16s0039g01120"	0.838644387129693	0.172099039629672	"other_other"
"VIT_03s0038g03400"	"VIT_16s0039g01120"	0.858270398660494	0.216890905411858	"other_other"
"VIT_08s0007g01810"	"VIT_16s0039g01120"	0.741828119159768	0.0504699545149798	"other_other"
"VIT_06s0004g01020"	"VIT_16s0039g01120"	0.837579646610702	0.16992651607924	"other_other"
"VIT_11s0065g00350"	"VIT_16s0039g01120"	0.781761848048854	0.0852598804726337	"other_other"
"VIT_12s0028g00920"	"VIT_16s0039g01120"	0.829269955903919	0.153801054686725	"other_other"
"VIT_12s0059g00310"	"VIT_16s0039g01120"	0.786629607870006	0.0907199678127399	"other_other"
"VIT_16s0039g01100"	"VIT_16s0039g01120"	0.966371906528405	0.710301874074578	"other_other"
"VIT_16s0100g01010"	"VIT_16s0039g01120"	0.942811678610465	0.554944478814982	"family_other"
"VIT_16s0100g01200"	"VIT_16s0039g01120"	0.940585123943811	0.541977250901683	"family_other"
"VIT_08s0007g06060"	"VIT_16s0039g01120"	0.649142552990752	0.0132862001940474	"other_other"
"VIT_05s0077g01550"	"VIT_16s0039g01120"	0.871355279641974	0.252320577396526	"other_other"
"VIT_05s0020g05000"	"VIT_16s0039g01120"	0.839320655990764	0.173491864320598	"other_other"
"VIT_02s0025g04250"	"VIT_16s0039g01120"	0.895496731861429	0.331619493915829	"other_other"
"VIT_03s0088g00710"	"VIT_16s0039g01120"	0.883366614099818	0.289340891567202	"other_other"
"VIT_16s0100g01100"	"VIT_16s0039g01120"	0.893384895727633	0.323881436422294	"family_other"
"VIT_12s0059g00370"	"VIT_16s0039g01120"	0.621416920161107	0.00858678802673851	"other_other"
"VIT_18s0001g02760"	"VIT_16s0039g01120"	0.857704246601027	0.215464439175023	"other_other"
"VIT_16s0100g00990"	"VIT_16s0039g01120"	0.94403104521126	0.562163658036245	"family_other"
"VIT_16s0100g01030"	"VIT_16s0039g01120"	0.852125542310715	0.20185329076816	"family_other"
"VIT_05s0077g01530"	"VIT_16s0039g01120"	0.889701449813324	0.310772787136712	"other_other"
"VIT_16s0100g01000"	"VIT_16s0039g01120"	0.936310498654992	0.517843978539563	"family_other"
"VIT_16s0100g00950"	"VIT_16s0039g01120"	0.88070255387784	0.280732412093091	"other_other"
"VIT_16s0100g00830"	"VIT_16s0039g01120"	0.953970591990204	0.624237521162276	"family_other"
"VIT_06s0004g01030"	"VIT_16s0039g01120"	0.857172183062583	0.214131563876084	"other_other"
"VIT_13s0019g00480"	"VIT_16s0039g01120"	0.859048042926041	0.218864098494854	"other_other"
"VIT_02s0025g04270"	"VIT_16s0039g01120"	0.834306720746095	0.163402019799793	"other_other"
"VIT_00s0324g00050"	"VIT_16s0039g01120"	0.867222101730768	0.240604295315639	"other_other"
"VIT_16s0100g00750"	"VIT_16s0039g01120"	0.931479231716889	0.49173572694488	"family_other"
"VIT_16s0100g00910"	"VIT_16s0039g01120"	0.968343881131188	0.724930089617203	"family_other"
"VIT_12s0028g02530"	"VIT_16s0039g01120"	0.864160157854656	0.232242871566244	"other_other"
"VIT_12s0028g00860"	"VIT_16s0039g01120"	0.902751608370014	0.359486601648222	"other_other"
"VIT_13s0019g05070"	"VIT_16s0039g01120"	0.87805463863153	0.272405213717856	"other_other"
"VIT_11s0016g05540"	"VIT_16s0039g01120"	0.89581233630178	0.33279009258379	"other_other"
"VIT_16s0100g00770"	"VIT_16s0039g01120"	0.923802242635238	0.452678764727296	"family_other"
"VIT_15s0048g00510"	"VIT_16s0039g01120"	0.780857858121357	0.0842790926915521	"other_other"
"VIT_03s0088g00700"	"VIT_16s0039g01120"	0.902369952158767	0.357969688596372	"other_other"
"VIT_14s0006g03050"	"VIT_16s0039g01120"	0.860818707539957	0.223417386023886	"other_other"
"VIT_16s0100g01070"	"VIT_16s0039g01120"	0.949162091779481	0.593476938545629	"family_other"
"VIT_16s0050g00400"	"VIT_16s0039g01120"	0.547796842273397	0.00243329769502366	"other_other"
"VIT_03s0088g00690"	"VIT_16s0039g01120"	0.909124446439256	0.385685544139228	"other_other"
"VIT_08s0040g00920"	"VIT_16s0039g01120"	0.591820266092132	0.00527106448272356	"other_other"
"VIT_16s0100g00900"	"VIT_16s0039g01120"	0.929634406786016	0.482083081725642	"other_other"
"VIT_18s0001g13670"	"VIT_16s0039g01120"	0.66163957061059	0.0160773590668272	"other_other"
"VIT_16s0100g01150"	"VIT_16s0039g01120"	0.957439005319019	0.647308281414863	"family_other"
"VIT_02s0025g04230"	"VIT_16s0039g01120"	0.800936107671433	0.108637241359456	"other_other"
"VIT_07s0031g01710"	"VIT_16s0039g01120"	0.784516808611868	0.0883125712740806	"other_other"
"VIT_02s0033g00700"	"VIT_16s0039g01120"	0.84711201603254	0.190286694170044	"other_other"
"VIT_01s0026g02400"	"VIT_16s0039g01120"	0.798627483078672	0.105546178733364	"other_other"
"VIT_12s0035g01000"	"VIT_16s0039g01120"	0.864636489244912	0.233526191208122	"other_other"
"VIT_16s0039g01170"	"VIT_16s0039g01120"	0.987636368876612	0.88302040779307	"other_other"
"VIT_01s0146g00320"	"VIT_16s0039g01120"	0.905399161187563	0.370169709433553	"other_other"
"VIT_17s0000g00680"	"VIT_16s0039g01120"	0.876933420382603	0.268946697499266	"other_other"
"VIT_16s0100g01020"	"VIT_16s0039g01120"	0.945168475009638	0.56897381260864	"family_other"
"VIT_16s0100g00780"	"VIT_16s0039g01120"	0.933871318829737	0.504510692494258	"family_other"
"VIT_16s0039g01320"	"VIT_16s0039g01120"	0.972018045923945	0.752910369642212	"other_other"
"VIT_16s0100g01190"	"VIT_16s0039g01120"	0.951379847571376	0.607490482378559	"family_other"
"VIT_16s0100g00880"	"VIT_16s0039g01120"	0.947207836621302	0.581370277609798	"family_other"
"VIT_05s0077g01580"	"VIT_05s0020g03280"	0.87650171802313	0.267625638766249	"other_other"
"VIT_03s0038g03860"	"VIT_05s0020g03280"	-0.869694176441581	0.247551532968866	"other_other"
"VIT_09s0002g01000"	"VIT_05s0020g03280"	-0.878368179166343	0.273379497635164	"other_other"
"VIT_00s1206g00010"	"VIT_05s0020g03280"	-0.89000275591981	0.311826854975741	"other_other"
"VIT_14s0030g00340"	"VIT_05s0020g03280"	-0.706462211559399	0.0309663034520322	"other_other"
"VIT_02s0025g03260"	"VIT_05s0020g03280"	-0.951523778594653	0.608410160013386	"other_other"
"VIT_10s0116g00530"	"VIT_05s0020g03280"	-0.898461839893228	0.342764915056689	"other_other"
"VIT_08s0007g01560"	"VIT_05s0020g03280"	0.660809600367809	0.0158768169883712	"other_other"
"VIT_02s0012g01660"	"VIT_05s0020g03280"	-0.856546513054354	0.212573691473317	"other_other"
"VIT_05s0062g00610"	"VIT_05s0020g03280"	-0.571639290728247	0.00372581011090604	"other_other"
"VIT_04s0044g00040"	"VIT_05s0020g03280"	0.861853474908163	0.226117601434005	"other_other"
"VIT_08s0040g01710"	"VIT_05s0020g03280"	0.831441835510169	0.157876950959746	"other_other"
"VIT_18s0001g08760"	"VIT_05s0020g03280"	0.850460382100728	0.197943330028094	"other_other"
"VIT_05s0049g01550"	"VIT_05s0020g03280"	0.795773741560059	0.101834760119737	"other_other"
"VIT_18s0166g00060"	"VIT_05s0020g03280"	0.704043247529715	0.0299221899329702	"other_other"
"VIT_18s0001g15130"	"VIT_05s0020g03280"	0.841655213636546	0.178378365476762	"other_other"
"VIT_05s0077g01560"	"VIT_05s0020g03280"	0.879744207289451	0.277692505446333	"other_other"
"VIT_07s0005g03340"	"VIT_05s0020g03280"	0.816545414761923	0.131766024806675	"other_other"
"VIT_06s0004g07550"	"VIT_05s0020g03280"	0.855792980879494	0.210710996637141	"other_other"
"VIT_18s0001g15220"	"VIT_05s0020g03280"	0.88105702545335	0.281864373029886	"other_other"
"VIT_00s0270g00120"	"VIT_05s0020g03280"	0.939166813748253	0.533859997545615	"other_other"
"VIT_14s0030g01890"	"VIT_05s0020g03280"	0.934356283977652	0.507136778704511	"other_other"
"VIT_05s0077g01570"	"VIT_05s0020g03280"	0.895171440629272	0.330416845734303	"other_other"
"VIT_06s0004g02010"	"VIT_05s0020g03280"	0.986989704921421	0.877255756282856	"other_other"
"VIT_11s0016g03190"	"VIT_05s0020g03280"	0.902674844227494	0.359181034498283	"other_other"
"VIT_03s0091g00160"	"VIT_05s0020g03280"	0.757764867909648	0.0624230037882816	"other_other"
"VIT_06s0004g01990"	"VIT_05s0020g03280"	0.979965593829407	0.816785991526355	"other_other"
"VIT_06s0061g01210"	"VIT_05s0020g03280"	0.870251309164324	0.249141946326635	"other_other"
"VIT_15s0046g01570"	"VIT_05s0020g03280"	0.939822203458229	0.537597215840295	"other_other"
"VIT_02s0033g01380"	"VIT_05s0020g03280"	0.571764541890673	0.00373398174024795	"other_other"
"VIT_05s0077g01540"	"VIT_05s0020g03280"	0.933322258242277	0.50155230632741	"other_other"
"VIT_01s0011g01810"	"VIT_05s0020g03280"	0.886485092580522	0.299719063973853	"other_other"
"VIT_06s0004g01010"	"VIT_05s0020g03280"	0.882690182281808	0.287132902957357	"other_other"
"VIT_05s0020g03140"	"VIT_05s0020g03280"	0.894907977039813	0.329445661892862	"other_other"
"VIT_12s0059g01720"	"VIT_05s0020g03280"	0.840757417319934	0.176484705395034	"other_other"
"VIT_03s0038g03400"	"VIT_05s0020g03280"	0.920811764333087	0.438236546241909	"other_other"
"VIT_08s0007g01810"	"VIT_05s0020g03280"	0.868881282131352	0.245247401972748	"other_other"
"VIT_06s0004g01020"	"VIT_05s0020g03280"	0.945681291869376	0.572068422692746	"other_other"
"VIT_11s0065g00350"	"VIT_05s0020g03280"	0.801445608627242	0.109330299065597	"other_other"
"VIT_12s0028g00920"	"VIT_05s0020g03280"	0.872794786748242	0.256520120485278	"other_other"
"VIT_12s0059g00310"	"VIT_05s0020g03280"	0.744960356246203	0.052641907753291	"other_other"
"VIT_16s0039g01100"	"VIT_05s0020g03280"	0.871218295442254	0.251924189245557	"other_other"
"VIT_16s0100g01010"	"VIT_05s0020g03280"	0.875347013313148	0.264120762687099	"family_other"
"VIT_16s0100g01200"	"VIT_05s0020g03280"	0.93719215983749	0.522740884191822	"family_other"
"VIT_08s0007g06060"	"VIT_05s0020g03280"	0.692420503583766	0.0253337333389874	"other_other"
"VIT_05s0077g01550"	"VIT_05s0020g03280"	0.850605083255166	0.198280377692632	"other_other"
"VIT_05s0020g05000"	"VIT_05s0020g03280"	0.951286696797084	0.606895942955993	"other_other"
"VIT_02s0025g04250"	"VIT_05s0020g03280"	0.954596351374503	0.628344330569891	"other_other"
"VIT_03s0088g00710"	"VIT_05s0020g03280"	0.961444922017342	0.674907260180767	"other_other"
"VIT_16s0100g01100"	"VIT_05s0020g03280"	0.990400232471749	0.90804492633057	"family_other"
"VIT_12s0059g00370"	"VIT_05s0020g03280"	0.620618609929221	0.0084771124153722	"other_other"
"VIT_18s0001g02760"	"VIT_05s0020g03280"	0.877794667760258	0.271599761083332	"other_other"
"VIT_16s0100g00990"	"VIT_05s0020g03280"	0.878857458140335	0.27490613108421	"family_other"
"VIT_16s0100g01030"	"VIT_05s0020g03280"	0.885086392715388	0.295023519556039	"family_other"
"VIT_05s0077g01530"	"VIT_05s0020g03280"	0.973263401833274	0.762612512502037	"other_other"
"VIT_16s0100g01000"	"VIT_05s0020g03280"	0.879728704827031	0.27764357558418	"family_other"
"VIT_16s0100g00950"	"VIT_05s0020g03280"	0.848477126809359	0.193375474020897	"other_other"
"VIT_16s0100g00830"	"VIT_05s0020g03280"	0.918462385435949	0.427182791887098	"family_other"
"VIT_06s0004g01030"	"VIT_05s0020g03280"	0.958420192717734	0.653972598666562	"other_other"
"VIT_13s0019g00480"	"VIT_05s0020g03280"	0.8906706615523	0.314174888845251	"other_other"
"VIT_02s0025g04270"	"VIT_05s0020g03280"	0.868379732154751	0.243835416098159	"other_other"
"VIT_00s0324g00050"	"VIT_05s0020g03280"	0.965629834041425	0.704866308267903	"other_other"
"VIT_16s0100g00750"	"VIT_05s0020g03280"	0.961179597827558	0.67304707030934	"family_other"
"VIT_16s0100g00910"	"VIT_05s0020g03280"	0.943732570103709	0.560388787058462	"family_other"
"VIT_12s0028g02530"	"VIT_05s0020g03280"	0.960473825403979	0.668121335775282	"other_other"
"VIT_12s0028g00860"	"VIT_05s0020g03280"	0.987548803792809	0.882237823066167	"other_other"
"VIT_13s0019g05070"	"VIT_05s0020g03280"	0.97287507422955	0.759575181242497	"other_other"
"VIT_11s0016g05540"	"VIT_05s0020g03280"	0.97338357037076	0.763554631197272	"other_other"
"VIT_16s0100g00770"	"VIT_05s0020g03280"	0.960965727073015	0.671550981129162	"family_other"
"VIT_15s0048g00510"	"VIT_05s0020g03280"	0.883535006977736	0.289892924679321	"other_other"
"VIT_03s0088g00700"	"VIT_05s0020g03280"	0.987581065735566	0.882526081131792	"other_other"
"VIT_14s0006g03050"	"VIT_05s0020g03280"	0.949943876434959	0.598383314821686	"other_other"
"VIT_16s0100g01070"	"VIT_05s0020g03280"	0.945907627614613	0.573439064938124	"family_other"
"VIT_16s0050g00400"	"VIT_05s0020g03280"	0.538905774567538	0.00206599074846806	"other_other"
"VIT_03s0088g00690"	"VIT_05s0020g03280"	0.989905316344152	0.903517495645214	"other_other"
"VIT_08s0040g00920"	"VIT_05s0020g03280"	0.680528534180261	0.0213041100301989	"other_other"
"VIT_16s0100g00900"	"VIT_05s0020g03280"	0.825936630700513	0.147729516747086	"other_other"
"VIT_18s0001g13670"	"VIT_05s0020g03280"	0.783831893659252	0.0875445887444235	"other_other"
"VIT_16s0100g01150"	"VIT_05s0020g03280"	0.967424440470023	0.718076228075004	"family_other"
"VIT_02s0025g04230"	"VIT_05s0020g03280"	0.799674258912554	0.106937780327027	"other_other"
"VIT_07s0031g01710"	"VIT_05s0020g03280"	0.790448790493892	0.0952220205247826	"other_other"
"VIT_02s0033g00700"	"VIT_05s0020g03280"	0.945057350530397	0.568305217756743	"other_other"
"VIT_01s0026g02400"	"VIT_05s0020g03280"	0.950412119897756	0.601339398805031	"other_other"
"VIT_12s0035g01000"	"VIT_05s0020g03280"	0.972461688180934	0.756353821431318	"other_other"
"VIT_16s0039g01170"	"VIT_05s0020g03280"	0.902202804463701	0.357307166991422	"other_other"
"VIT_01s0146g00320"	"VIT_05s0020g03280"	0.971844282348468	0.751565505684624	"other_other"
"VIT_17s0000g00680"	"VIT_05s0020g03280"	0.969276158968988	0.73193970459644	"other_other"
"VIT_16s0100g01020"	"VIT_05s0020g03280"	0.876427733994699	0.267399826273653	"family_other"
"VIT_16s0100g00780"	"VIT_05s0020g03280"	0.976887439804369	0.791489681783038	"family_other"
"VIT_16s0039g01320"	"VIT_05s0020g03280"	0.927117007240218	0.469186469599542	"other_other"
"VIT_16s0100g01190"	"VIT_05s0020g03280"	0.837624591185937	0.1700177207731	"family_other"
"VIT_16s0100g00880"	"VIT_05s0020g03280"	0.823287975699621	0.143059836684325	"family_other"
"VIT_16s0039g01120"	"VIT_05s0020g03280"	0.910247933711893	0.390478402114262	"other_other"
"VIT_05s0077g01580"	"VIT_16s0100g01160"	0.778217184370557	0.081471960186649	"family_other"
"VIT_03s0038g03860"	"VIT_16s0100g01160"	-0.834835970148546	0.164441538064914	"family_other"
"VIT_09s0002g01000"	"VIT_16s0100g01160"	-0.812987257572613	0.12613551564515	"family_other"
"VIT_00s1206g00010"	"VIT_16s0100g01160"	-0.824472466126704	0.1451314607101	"family_other"
"VIT_14s0030g00340"	"VIT_16s0100g01160"	-0.72422148755464	0.0396930125355063	"family_other"
"VIT_02s0025g03260"	"VIT_16s0100g01160"	-0.885887307445543	0.297704084858874	"family_other"
"VIT_10s0116g00530"	"VIT_16s0100g01160"	-0.819176785532371	0.136074380036345	"family_other"
"VIT_08s0007g01560"	"VIT_16s0100g01160"	0.715371128707246	0.0351005633687482	"family_other"
"VIT_02s0012g01660"	"VIT_16s0100g01160"	-0.810675846671363	0.122594881481634	"family_other"
"VIT_05s0062g00610"	"VIT_16s0100g01160"	-0.601918246274536	0.00624273766616954	"family_other"
"VIT_04s0044g00040"	"VIT_16s0100g01160"	0.774082840851069	0.0772457163931471	"family_other"
"VIT_08s0040g01710"	"VIT_16s0100g01160"	0.822632818307696	0.141925461027644	"family_other"
"VIT_18s0001g08760"	"VIT_16s0100g01160"	0.841984632560945	0.179077758898213	"family_other"
"VIT_05s0049g01550"	"VIT_16s0100g01160"	0.762264519913944	0.066230351092062	"family_other"
"VIT_18s0166g00060"	"VIT_16s0100g01160"	0.683129315424395	0.0221324365590063	"family_other"
"VIT_18s0001g15130"	"VIT_16s0100g01160"	0.807308941695185	0.117597374914212	"family_other"
"VIT_05s0077g01560"	"VIT_16s0100g01160"	0.819625527519881	0.136821630599871	"family_other"
"VIT_07s0005g03340"	"VIT_16s0100g01160"	0.818663744386151	0.13522455939979	"family_other"
"VIT_06s0004g07550"	"VIT_16s0100g01160"	0.778964777332456	0.0822580111829136	"family_other"
"VIT_18s0001g15220"	"VIT_16s0100g01160"	0.817524848084007	0.133355095897664	"family_other"
"VIT_00s0270g00120"	"VIT_16s0100g01160"	0.83636479184053	0.167477867301903	"family_other"
"VIT_14s0030g01890"	"VIT_16s0100g01160"	0.837717192776013	0.170205773346382	"family_other"
"VIT_05s0077g01570"	"VIT_16s0100g01160"	0.832512953952521	0.159922657786506	"family_other"
"VIT_06s0004g02010"	"VIT_16s0100g01160"	0.901850349547804	0.355913760678026	"family_other"
"VIT_11s0016g03190"	"VIT_16s0100g01160"	0.825129473217782	0.146292142977053	"family_other"
"VIT_03s0091g00160"	"VIT_16s0100g01160"	0.735795811476396	0.0465128673234984	"family_other"
"VIT_06s0004g01990"	"VIT_16s0100g01160"	0.897253618437642	0.338183320718583	"family_other"
"VIT_06s0061g01210"	"VIT_16s0100g01160"	0.804141418754609	0.113063992757483	"family_other"
"VIT_15s0046g01570"	"VIT_16s0100g01160"	0.877871349185445	0.271837115518463	"family_other"
"VIT_02s0033g01380"	"VIT_16s0100g01160"	0.657865128938344	0.0151833871598356	"family_other"
"VIT_05s0077g01540"	"VIT_16s0100g01160"	0.868232004986026	0.24342092516153	"family_other"
"VIT_01s0011g01810"	"VIT_16s0100g01160"	0.818666594709312	0.135229267556651	"family_other"
"VIT_06s0004g01010"	"VIT_16s0100g01160"	0.837030030508643	0.168814752565534	"family_other"
"VIT_05s0020g03140"	"VIT_16s0100g01160"	0.813513835024467	0.126954889454673	"family_other"
"VIT_12s0059g01720"	"VIT_16s0100g01160"	0.828081993457794	0.151611941991683	"family_other"
"VIT_03s0038g03400"	"VIT_16s0100g01160"	0.868045784737908	0.242899334402501	"family_other"
"VIT_08s0007g01810"	"VIT_16s0100g01160"	0.811150330690373	0.123314315265884	"family_other"
"VIT_06s0004g01020"	"VIT_16s0100g01160"	0.86556035827884	0.236033463972685	"family_other"
"VIT_11s0065g00350"	"VIT_16s0100g01160"	0.82505457786167	0.146159410741773	"family_other"
"VIT_12s0028g00920"	"VIT_16s0100g01160"	0.824458800357317	0.145107406721307	"family_other"
"VIT_12s0059g00310"	"VIT_16s0100g01160"	0.767402039473552	0.0708319977101582	"family_other"
"VIT_16s0039g01100"	"VIT_16s0100g01160"	0.919739368424788	0.433159420246199	"family_other"
"VIT_16s0100g01010"	"VIT_16s0100g01160"	0.956273019210825	0.639468307437327	"family_family"
"VIT_16s0100g01200"	"VIT_16s0100g01160"	0.971530274483228	0.749140686752055	"family_family"
"VIT_08s0007g06060"	"VIT_16s0100g01160"	0.63004905996164	0.00985697555036954	"family_other"
"VIT_05s0077g01550"	"VIT_16s0100g01160"	0.867817581239795	0.242261523018053	"family_other"
"VIT_05s0020g05000"	"VIT_16s0100g01160"	0.86793550861334	0.242590932588293	"family_other"
"VIT_02s0025g04250"	"VIT_16s0100g01160"	0.894105156268133	0.326502111683864	"family_other"
"VIT_03s0088g00710"	"VIT_16s0100g01160"	0.882306276538226	0.285886525915775	"family_other"
"VIT_16s0100g01100"	"VIT_16s0100g01160"	0.908787577757587	0.384258798299839	"family_family"
"VIT_12s0059g00370"	"VIT_16s0100g01160"	0.593011824425145	0.00537815768199164	"family_other"
"VIT_18s0001g02760"	"VIT_16s0100g01160"	0.821112073911628	0.139323501893696	"family_other"
"VIT_16s0100g00990"	"VIT_16s0100g01160"	0.960101914489991	0.665538765750961	"family_family"
"VIT_16s0100g01030"	"VIT_16s0100g01160"	0.883949000213612	0.291254128018688	"family_family"
"VIT_05s0077g01530"	"VIT_16s0100g01160"	0.900609228379218	0.351045918393907	"family_other"
"VIT_16s0100g01000"	"VIT_16s0100g01160"	0.932408100502505	0.496661366320057	"family_family"
"VIT_16s0100g00950"	"VIT_16s0100g01160"	0.903684116996431	0.363217272277804	"family_other"
"VIT_16s0100g00830"	"VIT_16s0100g01160"	0.962116624153633	0.6796372715301	"family_family"
"VIT_06s0004g01030"	"VIT_16s0100g01160"	0.879602567970257	0.277245742704861	"family_other"
"VIT_13s0019g00480"	"VIT_16s0100g01160"	0.834909832276865	0.164587085685536	"family_other"
"VIT_02s0025g04270"	"VIT_16s0100g01160"	0.840882001843454	0.176746397171128	"family_other"
"VIT_00s0324g00050"	"VIT_16s0100g01160"	0.883359634281334	0.289318030446293	"family_other"
"VIT_16s0100g00750"	"VIT_16s0100g01160"	0.953727713122648	0.622650045420756	"family_family"
"VIT_16s0100g00910"	"VIT_16s0100g01160"	0.974112576737161	0.769292512429703	"family_family"
"VIT_12s0028g02530"	"VIT_16s0100g01160"	0.886738665349038	0.300577493467588	"family_other"
"VIT_12s0028g00860"	"VIT_16s0100g01160"	0.918812017110972	0.42881173987591	"family_other"
"VIT_13s0019g05070"	"VIT_16s0100g01160"	0.894774941653665	0.32895624147895	"family_other"
"VIT_11s0016g05540"	"VIT_16s0100g01160"	0.892825594089375	0.321859486659438	"family_other"
"VIT_16s0100g00770"	"VIT_16s0100g01160"	0.948293998265876	0.588071346694685	"family_family"
"VIT_15s0048g00510"	"VIT_16s0100g01160"	0.831515072301348	0.158016070558469	"family_other"
"VIT_03s0088g00700"	"VIT_16s0100g01160"	0.89891115234029	0.344482913313305	"family_other"
"VIT_14s0006g03050"	"VIT_16s0100g01160"	0.862562411929859	0.227984482770487	"family_other"
"VIT_16s0100g01070"	"VIT_16s0100g01160"	0.975757438363564	0.782381741363796	"family_family"
"VIT_16s0050g00400"	"VIT_16s0100g01160"	0.484335603643027	0.000710336209170765	"family_other"
"VIT_03s0088g00690"	"VIT_16s0100g01160"	0.907421709693143	0.378522459854266	"family_other"
"VIT_08s0040g00920"	"VIT_16s0100g01160"	0.635369407057837	0.0107216838685608	"family_other"
"VIT_16s0100g00900"	"VIT_16s0100g01160"	0.907986136172532	0.380883513176097	"family_other"
"VIT_18s0001g13670"	"VIT_16s0100g01160"	0.699009151274769	0.0278502190075012	"family_other"
"VIT_16s0100g01150"	"VIT_16s0100g01160"	0.96657739419691	0.711813693879209	"family_family"
"VIT_02s0025g04230"	"VIT_16s0100g01160"	0.799731766471206	0.10701470816499	"family_other"
"VIT_07s0031g01710"	"VIT_16s0100g01160"	0.736605244970256	0.0470270860265944	"family_other"
"VIT_02s0033g00700"	"VIT_16s0100g01160"	0.849642556331701	0.196048069151764	"family_other"
"VIT_01s0026g02400"	"VIT_16s0100g01160"	0.815213209534268	0.129631958559682	"family_other"
"VIT_12s0035g01000"	"VIT_16s0100g01160"	0.875886879608959	0.265754243863164	"family_other"
"VIT_16s0039g01170"	"VIT_16s0100g01160"	0.971571697455896	0.74946015789559	"family_other"
"VIT_01s0146g00320"	"VIT_16s0100g01160"	0.905822700887031	0.37190498844022	"family_other"
"VIT_17s0000g00680"	"VIT_16s0100g01160"	0.889808473054203	0.311146821826362	"family_other"
"VIT_16s0100g01020"	"VIT_16s0100g01160"	0.933418534306098	0.502069918570526	"family_family"
"VIT_16s0100g00780"	"VIT_16s0100g01160"	0.958268698476008	0.652939621244664	"family_family"
"VIT_16s0039g01320"	"VIT_16s0100g01160"	0.967298571682418	0.7171425067323	"family_other"
"VIT_16s0100g01190"	"VIT_16s0100g01160"	0.976901374620928	0.791602591122155	"family_family"
"VIT_16s0100g00880"	"VIT_16s0100g01160"	0.934850014114729	0.509822959010997	"family_family"
"VIT_16s0039g01120"	"VIT_16s0100g01160"	0.972253004936411	0.754732307296693	"family_other"
"VIT_05s0020g03280"	"VIT_16s0100g01160"	0.91384369547958	0.406180621964773	"family_other"
"VIT_05s0077g01580"	"VIT_16s0100g00960"	0.608696529619078	0.00698245679358417	"other_other"
"VIT_03s0038g03860"	"VIT_16s0100g00960"	-0.653533087822964	0.0142126743176202	"other_other"
"VIT_09s0002g01000"	"VIT_16s0100g00960"	-0.666745635236659	0.0173620824059927	"other_other"
"VIT_00s1206g00010"	"VIT_16s0100g00960"	-0.663002141939173	0.0164115392094055	"other_other"
"VIT_14s0030g00340"	"VIT_16s0100g00960"	-0.65343105433421	0.0141905002248971	"other_other"
"VIT_02s0025g03260"	"VIT_16s0100g00960"	-0.6953058020259	0.0264093999695121	"other_other"
"VIT_10s0116g00530"	"VIT_16s0100g00960"	-0.643450585324919	0.0121661173941935	"other_other"
"VIT_08s0007g01560"	"VIT_16s0100g00960"	0.671648681087757	0.0186819266524302	"other_other"
"VIT_02s0012g01660"	"VIT_16s0100g00960"	-0.597781643976155	0.00582674149185728	"other_other"
"VIT_05s0062g00610"	"VIT_16s0100g00960"	-0.50561715727194	0.00109198840213075	"other_other"
"VIT_04s0044g00040"	"VIT_16s0100g00960"	0.661694084990121	0.0160906105760006	"other_other"
"VIT_08s0040g01710"	"VIT_16s0100g00960"	0.695959430028602	0.0266587165885562	"other_other"
"VIT_18s0001g08760"	"VIT_16s0100g00960"	0.724290585512585	0.0397308998948929	"other_other"
"VIT_05s0049g01550"	"VIT_16s0100g00960"	0.631893731801098	0.0101494024354998	"other_other"
"VIT_18s0166g00060"	"VIT_16s0100g00960"	0.588509116837664	0.00498347117585134	"other_other"
"VIT_18s0001g15130"	"VIT_16s0100g00960"	0.71836537434288	0.0365977097915159	"other_other"
"VIT_05s0077g01560"	"VIT_16s0100g00960"	0.695906974043394	0.0266386301442496	"other_other"
"VIT_07s0005g03340"	"VIT_16s0100g00960"	0.713171878643016	0.0340362809669204	"other_other"
"VIT_06s0004g07550"	"VIT_16s0100g00960"	0.635565360792598	0.0107547964509942	"other_other"
"VIT_18s0001g15220"	"VIT_16s0100g00960"	0.600272039440314	0.00607408891081542	"other_other"
"VIT_00s0270g00120"	"VIT_16s0100g00960"	0.628474105312693	0.00961333073267613	"other_other"
"VIT_14s0030g01890"	"VIT_16s0100g00960"	0.635356050852057	0.0107194302587852	"other_other"
"VIT_05s0077g01570"	"VIT_16s0100g00960"	0.702770792157662	0.0293857672837806	"other_other"
"VIT_06s0004g02010"	"VIT_16s0100g00960"	0.700891790189395	0.0286094645421304	"other_other"
"VIT_11s0016g03190"	"VIT_16s0100g00960"	0.686597029668665	0.0232819419818979	"other_other"
"VIT_03s0091g00160"	"VIT_16s0100g00960"	0.685265623373033	0.0228343922998252	"other_other"
"VIT_06s0004g01990"	"VIT_16s0100g00960"	0.690430932096651	0.0246151451091477	"other_other"
"VIT_06s0061g01210"	"VIT_16s0100g00960"	0.576799845244659	0.00407616121106283	"other_other"
"VIT_15s0046g01570"	"VIT_16s0100g00960"	0.725074538586983	0.0401630373320165	"other_other"
"VIT_02s0033g01380"	"VIT_16s0100g00960"	0.701216846492712	0.0287424254253888	"other_other"
"VIT_05s0077g01540"	"VIT_16s0100g00960"	0.697513817918377	0.0272601445940196	"other_other"
"VIT_01s0011g01810"	"VIT_16s0100g00960"	0.726974442535767	0.0412279206023157	"other_other"
"VIT_06s0004g01010"	"VIT_16s0100g00960"	0.716878985930852	0.0358474691608413	"other_other"
"VIT_05s0020g03140"	"VIT_16s0100g00960"	0.631050697212935	0.010014805265638	"other_other"
"VIT_12s0059g01720"	"VIT_16s0100g00960"	0.774740192137745	0.0779041995669015	"other_other"
"VIT_03s0038g03400"	"VIT_16s0100g00960"	0.732417249213657	0.0444207245948369	"other_other"
"VIT_08s0007g01810"	"VIT_16s0100g00960"	0.585226249578947	0.00471235474029682	"other_other"
"VIT_06s0004g01020"	"VIT_16s0100g00960"	0.669826637791346	0.0181812670773564	"other_other"
"VIT_11s0065g00350"	"VIT_16s0100g00960"	0.703334104475827	0.0296221630038355	"other_other"
"VIT_12s0028g00920"	"VIT_16s0100g00960"	0.66535627105405	0.0170036651958275	"other_other"
"VIT_12s0059g00310"	"VIT_16s0100g00960"	0.726615682772616	0.0410249132527199	"other_other"
"VIT_16s0039g01100"	"VIT_16s0100g00960"	0.891016348053866	0.315396394209504	"other_other"
"VIT_16s0100g01010"	"VIT_16s0100g00960"	0.9039272171695	0.364195547161406	"family_other"
"VIT_16s0100g01200"	"VIT_16s0100g00960"	0.847008573807931	0.190054459638124	"family_other"
"VIT_08s0007g06060"	"VIT_16s0100g00960"	0.531188049826496	0.00178847535986196	"other_other"
"VIT_05s0077g01550"	"VIT_16s0100g00960"	0.797591338342268	0.104184782619687	"other_other"
"VIT_05s0020g05000"	"VIT_16s0100g00960"	0.660131784733981	0.0157147125468023	"other_other"
"VIT_02s0025g04250"	"VIT_16s0100g00960"	0.732830477921803	0.0446719829118988	"other_other"
"VIT_03s0088g00710"	"VIT_16s0100g00960"	0.723068275629831	0.0390654718537149	"other_other"
"VIT_16s0100g01100"	"VIT_16s0100g00960"	0.7108114759425	0.0329264044165016	"family_other"
"VIT_12s0059g00370"	"VIT_16s0100g00960"	0.548730432309746	0.00247508698309061	"other_other"
"VIT_18s0001g02760"	"VIT_16s0100g00960"	0.680109267415216	0.0211732208451402	"other_other"
"VIT_16s0100g00990"	"VIT_16s0100g00960"	0.900328841162553	0.349954534897259	"family_other"
"VIT_16s0100g01030"	"VIT_16s0100g00960"	0.758157602050853	0.0627472851286166	"family_other"
"VIT_05s0077g01530"	"VIT_16s0100g00960"	0.722021863090125	0.0385037903226554	"other_other"
"VIT_16s0100g01000"	"VIT_16s0100g00960"	0.888206535106239	0.305590354543756	"family_other"
"VIT_16s0100g00950"	"VIT_16s0100g00960"	0.846423005146486	0.188744622270715	"other_other"
"VIT_16s0100g00830"	"VIT_16s0100g00960"	0.881778186615522	0.284180000497717	"family_other"
"VIT_06s0004g01030"	"VIT_16s0100g00960"	0.691875252262105	0.025134946530606	"other_other"
"VIT_13s0019g00480"	"VIT_16s0100g00960"	0.741850213136201	0.0504849880708221	"other_other"
"VIT_02s0025g04270"	"VIT_16s0100g00960"	0.715007619793339	0.0349226105455896	"other_other"
"VIT_00s0324g00050"	"VIT_16s0100g00960"	0.686729778454485	0.0233269951904541	"other_other"
"VIT_16s0100g00750"	"VIT_16s0100g00960"	0.806701070698935	0.116714908428141	"family_other"
"VIT_16s0100g00910"	"VIT_16s0100g00960"	0.875823693930241	0.265562593404221	"family_other"
"VIT_12s0028g02530"	"VIT_16s0100g00960"	0.705517506653447	0.0305546946348472	"other_other"
"VIT_12s0028g00860"	"VIT_16s0100g00960"	0.72566700315628	0.0404924222551962	"other_other"
"VIT_13s0019g05070"	"VIT_16s0100g00960"	0.696402741967996	0.0268290147413301	"other_other"
"VIT_11s0016g05540"	"VIT_16s0100g00960"	0.721402047276496	0.0381745305238416	"other_other"
"VIT_16s0100g00770"	"VIT_16s0100g00960"	0.801404560062831	0.10927431500943	"family_other"
"VIT_15s0048g00510"	"VIT_16s0100g00960"	0.617880421632589	0.00811043862783327	"other_other"
"VIT_03s0088g00700"	"VIT_16s0100g00960"	0.719637004543485	0.0372507371683245	"other_other"
"VIT_14s0006g03050"	"VIT_16s0100g00960"	0.663142544595518	0.0164463267405216	"other_other"
"VIT_16s0100g01070"	"VIT_16s0100g00960"	0.8495948195479	0.195937948273158	"family_other"
"VIT_16s0050g00400"	"VIT_16s0100g00960"	0.51769084401266	0.00138262638469238	"other_other"
"VIT_03s0088g00690"	"VIT_16s0100g00960"	0.719848169742125	0.0373601875456607	"other_other"
"VIT_08s0040g00920"	"VIT_16s0100g00960"	0.488693074809655	0.000776894143417901	"other_other"
"VIT_16s0100g00900"	"VIT_16s0100g00960"	0.917009488174012	0.420473173588442	"other_other"
"VIT_18s0001g13670"	"VIT_16s0100g00960"	0.482361103534221	0.000681903313194952	"other_other"
"VIT_16s0100g01150"	"VIT_16s0100g00960"	0.823733989412354	0.14383675105048	"family_other"
"VIT_02s0025g04230"	"VIT_16s0100g00960"	0.719866276532746	0.0373695860507608	"other_other"
"VIT_07s0031g01710"	"VIT_16s0100g00960"	0.663242290896468	0.0164710811630289	"other_other"
"VIT_02s0033g00700"	"VIT_16s0100g00960"	0.680558690798084	0.0213135525149821	"other_other"
"VIT_01s0026g02400"	"VIT_16s0100g00960"	0.589580164368107	0.00507491343184171	"other_other"
"VIT_12s0035g01000"	"VIT_16s0100g00960"	0.668324135474543	0.0177775313300536	"other_other"
"VIT_16s0039g01170"	"VIT_16s0100g00960"	0.937170441687674	0.522619758754644	"other_other"
"VIT_01s0146g00320"	"VIT_16s0100g00960"	0.741461786967456	0.0502212751132188	"other_other"
"VIT_17s0000g00680"	"VIT_16s0100g00960"	0.701598226137568	0.0288991336339954	"other_other"
"VIT_16s0100g01020"	"VIT_16s0100g00960"	0.900898270289023	0.352174195196123	"family_other"
"VIT_16s0100g00780"	"VIT_16s0100g00960"	0.794089928070741	0.09970039440201	"family_other"
"VIT_16s0039g01320"	"VIT_16s0100g00960"	0.888104522981792	0.305239559843826	"other_other"
"VIT_16s0100g01190"	"VIT_16s0100g00960"	0.938014545703992	0.527346089592522	"family_other"
"VIT_16s0100g00880"	"VIT_16s0100g00960"	0.943959884903364	0.561740047262014	"family_other"
"VIT_16s0039g01120"	"VIT_16s0100g00960"	0.923965100479256	0.45347742916305	"other_other"
"VIT_05s0020g03280"	"VIT_16s0100g00960"	0.723739914217089	0.0394298609960432	"other_other"
"VIT_16s0100g01160"	"VIT_16s0100g00960"	0.906540401069999	0.374862189267982	"family_other"
"VIT_05s0077g01580"	"VIT_16s0100g01130"	0.778229928825951	0.0814853034063111	"other_other"
"VIT_03s0038g03860"	"VIT_16s0100g01130"	-0.822820219913711	0.142249108963943	"other_other"
"VIT_09s0002g01000"	"VIT_16s0100g01130"	-0.806756942008915	0.116795769205643	"other_other"
"VIT_00s1206g00010"	"VIT_16s0100g01130"	-0.817321240931122	0.133023342785897	"other_other"
"VIT_14s0030g00340"	"VIT_16s0100g01130"	-0.713895103659114	0.0343830210430315	"other_other"
"VIT_02s0025g03260"	"VIT_16s0100g01130"	-0.884035518472427	0.291539324355141	"other_other"
"VIT_10s0116g00530"	"VIT_16s0100g01130"	-0.81164061556195	0.124061696505028	"other_other"
"VIT_08s0007g01560"	"VIT_16s0100g01130"	0.703764141892683	0.029803780032597	"other_other"
"VIT_02s0012g01660"	"VIT_16s0100g01130"	-0.799492207384128	0.106694578124107	"other_other"
"VIT_05s0062g00610"	"VIT_16s0100g01130"	-0.594724983283363	0.00553556338225243	"other_other"
"VIT_04s0044g00040"	"VIT_16s0100g01130"	0.766338971245623	0.0698568689753905	"other_other"
"VIT_08s0040g01710"	"VIT_16s0100g01130"	0.814082179071981	0.127844626244975	"other_other"
"VIT_18s0001g08760"	"VIT_16s0100g01130"	0.831910879989793	0.158769852652293	"other_other"
"VIT_05s0049g01550"	"VIT_16s0100g01130"	0.750786808183651	0.0569070839299418	"other_other"
"VIT_18s0166g00060"	"VIT_16s0100g01130"	0.679872417086418	0.0210995998429469	"other_other"
"VIT_18s0001g15130"	"VIT_16s0100g01130"	0.801655447067681	0.109616890548192	"other_other"
"VIT_05s0077g01560"	"VIT_16s0100g01130"	0.814106303319364	0.127882516359496	"other_other"
"VIT_07s0005g03340"	"VIT_16s0100g01130"	0.812285723612391	0.125051297802346	"other_other"
"VIT_06s0004g07550"	"VIT_16s0100g01130"	0.780938675833994	0.0843663610284679	"other_other"
"VIT_18s0001g15220"	"VIT_16s0100g01130"	0.811083519698463	0.12321278416345	"other_other"
"VIT_00s0270g00120"	"VIT_16s0100g01130"	0.831304043824366	0.15761550254652	"other_other"
"VIT_14s0030g01890"	"VIT_16s0100g01130"	0.837053014351641	0.168861112804648	"other_other"
"VIT_05s0077g01570"	"VIT_16s0100g01130"	0.824234665208606	0.144713403880739	"other_other"
"VIT_06s0004g02010"	"VIT_16s0100g01130"	0.898218896297685	0.341839207537459	"other_other"
"VIT_11s0016g03190"	"VIT_16s0100g01130"	0.820551254455314	0.13837484188701	"other_other"
"VIT_03s0091g00160"	"VIT_16s0100g01130"	0.72787345685012	0.0417406130944828	"other_other"
"VIT_06s0004g01990"	"VIT_16s0100g01130"	0.895390450097062	0.331226122439776	"other_other"
"VIT_06s0061g01210"	"VIT_16s0100g01130"	0.800986113916429	0.108705087808332	"other_other"
"VIT_15s0046g01570"	"VIT_16s0100g01130"	0.871443478834269	0.252576094418592	"other_other"
"VIT_02s0033g01380"	"VIT_16s0100g01130"	0.638205453712134	0.0112099870496117	"other_other"
"VIT_05s0077g01540"	"VIT_16s0100g01130"	0.862412550264627	0.227588691880305	"other_other"
"VIT_01s0011g01810"	"VIT_16s0100g01130"	0.816965506869845	0.132445499504215	"other_other"
"VIT_06s0004g01010"	"VIT_16s0100g01130"	0.827774428725416	0.151049767877024	"other_other"
"VIT_05s0020g03140"	"VIT_16s0100g01130"	0.807081229519913	0.117266096652966	"other_other"
"VIT_12s0059g01720"	"VIT_16s0100g01130"	0.815675937086179	0.130369651794657	"other_other"
"VIT_03s0038g03400"	"VIT_16s0100g01130"	0.857989611098918	0.216182379410388	"other_other"
"VIT_08s0007g01810"	"VIT_16s0100g01130"	0.803727726956029	0.112483678009865	"other_other"
"VIT_06s0004g01020"	"VIT_16s0100g01130"	0.860394576904954	0.222319032362122	"other_other"
"VIT_11s0065g00350"	"VIT_16s0100g01130"	0.807605121610252	0.118029520983996	"other_other"
"VIT_12s0028g00920"	"VIT_16s0100g01130"	0.822819914522118	0.142248581004026	"other_other"
"VIT_12s0059g00310"	"VIT_16s0100g01130"	0.758463846186865	0.0630012027112932	"other_other"
"VIT_16s0039g01100"	"VIT_16s0100g01130"	0.920280273625178	0.435713613644547	"other_other"
"VIT_16s0100g01010"	"VIT_16s0100g01130"	0.949281855748933	0.594226204935601	"family_other"
"VIT_16s0100g01200"	"VIT_16s0100g01130"	0.968120045913015	0.723256136735974	"family_other"
"VIT_08s0007g06060"	"VIT_16s0100g01130"	0.627057159817694	0.00939877624194504	"other_other"
"VIT_05s0077g01550"	"VIT_16s0100g01130"	0.864571539645319	0.233350830732599	"other_other"
"VIT_05s0020g05000"	"VIT_16s0100g01130"	0.864788090554693	0.233935968301103	"other_other"
"VIT_02s0025g04250"	"VIT_16s0100g01130"	0.889142046810362	0.308824311359991	"other_other"
"VIT_03s0088g00710"	"VIT_16s0100g01130"	0.878199533417927	0.272855065198098	"other_other"
"VIT_16s0100g01100"	"VIT_16s0100g01130"	0.905230350686392	0.369480111587373	"family_other"
"VIT_12s0059g00370"	"VIT_16s0100g01130"	0.583629936522138	0.00458538286260171	"other_other"
"VIT_18s0001g02760"	"VIT_16s0100g01130"	0.820536638463395	0.138350195974236	"other_other"
"VIT_16s0100g00990"	"VIT_16s0100g01130"	0.954565900643506	0.628143923373178	"family_other"
"VIT_16s0100g01030"	"VIT_16s0100g01130"	0.875359175999227	0.264157463775265	"family_other"
"VIT_05s0077g01530"	"VIT_16s0100g01130"	0.893429546162121	0.324043345357814	"other_other"
"VIT_16s0100g01000"	"VIT_16s0100g01130"	0.922732126813448	0.447462265653723	"family_other"
"VIT_16s0100g00950"	"VIT_16s0100g01130"	0.893748264779209	0.325201182589554	"other_other"
"VIT_16s0100g00830"	"VIT_16s0100g01130"	0.958000349791341	0.651113464817228	"family_other"
"VIT_06s0004g01030"	"VIT_16s0100g01130"	0.874124051121808	0.260453800000151	"other_other"
"VIT_13s0019g00480"	"VIT_16s0100g01130"	0.830012450446834	0.155183688340327	"other_other"
"VIT_02s0025g04270"	"VIT_16s0100g01130"	0.84023483509622	0.17539080801656	"other_other"
"VIT_00s0324g00050"	"VIT_16s0100g01130"	0.879099451582987	0.275664023858283	"other_other"
"VIT_16s0100g00750"	"VIT_16s0100g01130"	0.946562844343762	0.577423599964251	"family_other"
"VIT_16s0100g00910"	"VIT_16s0100g01130"	0.969248240645175	0.731728909343887	"family_other"
"VIT_12s0028g02530"	"VIT_16s0100g01130"	0.883226054326439	0.288880826843873	"other_other"
"VIT_12s0028g00860"	"VIT_16s0100g01130"	0.916179151353589	0.416681335193318	"other_other"
"VIT_13s0019g05070"	"VIT_16s0100g01130"	0.89069016166358	0.314243680253592	"other_other"
"VIT_11s0016g05540"	"VIT_16s0100g01130"	0.888927023472384	0.30807828639405	"other_other"
"VIT_16s0100g00770"	"VIT_16s0100g01130"	0.942027380487308	0.550345297047118	"family_other"
"VIT_15s0048g00510"	"VIT_16s0100g01130"	0.824562149358094	0.145289406935647	"other_other"
"VIT_03s0088g00700"	"VIT_16s0100g01130"	0.894747044237185	0.328853693436979	"other_other"
"VIT_14s0006g03050"	"VIT_16s0100g01130"	0.860803628861065	0.223378253818035	"other_other"
"VIT_16s0100g01070"	"VIT_16s0100g01130"	0.973534186683535	0.764736938949335	"family_other"
"VIT_16s0050g00400"	"VIT_16s0100g01130"	0.473572205208119	0.000567364357601524	"other_other"
"VIT_03s0088g00690"	"VIT_16s0100g01130"	0.905060499944118	0.368787431437618	"other_other"
"VIT_08s0040g00920"	"VIT_16s0100g01130"	0.623501091449998	0.00887916610552297	"other_other"
"VIT_16s0100g00900"	"VIT_16s0100g01130"	0.901056132270284	0.352791787397068	"other_other"
"VIT_18s0001g13670"	"VIT_16s0100g01130"	0.698044605552523	0.0274682981293525	"other_other"
"VIT_16s0100g01150"	"VIT_16s0100g01130"	0.9634091666242	0.688823162143274	"family_other"
"VIT_02s0025g04230"	"VIT_16s0100g01130"	0.803477790908685	0.112134375428385	"other_other"
"VIT_07s0031g01710"	"VIT_16s0100g01130"	0.737545290352684	0.0476306975040309	"other_other"
"VIT_02s0033g00700"	"VIT_16s0100g01130"	0.842179655129954	0.179492975842473	"other_other"
"VIT_01s0026g02400"	"VIT_16s0100g01130"	0.809190243114096	0.120366706061122	"other_other"
"VIT_12s0035g01000"	"VIT_16s0100g01130"	0.871201622225848	0.251875980606831	"other_other"
"VIT_16s0039g01170"	"VIT_16s0100g01130"	0.970592832773292	0.741943441108087	"other_other"
"VIT_01s0146g00320"	"VIT_16s0100g01130"	0.899326883318123	0.346079407419206	"other_other"
"VIT_17s0000g00680"	"VIT_16s0100g01130"	0.886774958685958	0.300700539525069	"other_other"
"VIT_16s0100g01020"	"VIT_16s0100g01130"	0.925954906165369	0.463338481853496	"family_other"
"VIT_16s0100g00780"	"VIT_16s0100g01130"	0.953653581243813	0.622166237775421	"family_other"
"VIT_16s0039g01320"	"VIT_16s0100g01130"	0.967087536085506	0.715579451591899	"other_other"
"VIT_16s0100g01190"	"VIT_16s0100g01130"	0.980290591172415	0.819498839695102	"family_other"
"VIT_16s0100g00880"	"VIT_16s0100g01130"	0.931074330156531	0.489602393843452	"family_other"
"VIT_16s0039g01120"	"VIT_16s0100g01130"	0.974035917150373	0.768687317843038	"other_other"
"VIT_05s0020g03280"	"VIT_16s0100g01130"	0.911213851255366	0.394641840428778	"other_other"
"VIT_16s0100g01160"	"VIT_16s0100g01130"	0.997412143814736	0.974420732815601	"family_other"
"VIT_16s0100g00960"	"VIT_16s0100g01130"	0.909098083134263	0.385573715456995	"other_other"
"VIT_05s0077g01580"	"VIT_12s0028g02970"	0.820075631863849	0.137574857756885	"other_other"
"VIT_03s0038g03860"	"VIT_12s0028g02970"	-0.870795182544984	0.25070337325944	"other_other"
"VIT_09s0002g01000"	"VIT_12s0028g02970"	-0.907381822458493	0.378356106902126	"other_other"
"VIT_00s1206g00010"	"VIT_12s0028g02970"	-0.90339401041428	0.36205293146817	"other_other"
"VIT_14s0030g00340"	"VIT_12s0028g02970"	-0.712532378809179	0.0337323068943917	"other_other"
"VIT_02s0025g03260"	"VIT_12s0028g02970"	-0.930803499637361	0.488180103120898	"other_other"
"VIT_10s0116g00530"	"VIT_12s0028g02970"	-0.893069913594952	0.322741332520471	"other_other"
"VIT_08s0007g01560"	"VIT_12s0028g02970"	0.619333040922237	0.00830314264304339	"other_other"
"VIT_02s0012g01660"	"VIT_12s0028g02970"	-0.86759148617527	0.241631091423234	"other_other"
"VIT_05s0062g00610"	"VIT_12s0028g02970"	-0.569227215810572	0.0035715485931269	"other_other"
"VIT_04s0044g00040"	"VIT_12s0028g02970"	0.836901581672982	0.168555871885098	"other_other"
"VIT_08s0040g01710"	"VIT_12s0028g02970"	0.801867648641572	0.10990739694949	"other_other"
"VIT_18s0001g08760"	"VIT_12s0028g02970"	0.79880341879316	0.105778925064988	"other_other"
"VIT_05s0049g01550"	"VIT_12s0028g02970"	0.729219284448666	0.0425188443469549	"other_other"
"VIT_18s0166g00060"	"VIT_12s0028g02970"	0.644196272291352	0.0123078465792818	"other_other"
"VIT_18s0001g15130"	"VIT_12s0028g02970"	0.748727529961304	0.0553653462050947	"other_other"
"VIT_05s0077g01560"	"VIT_12s0028g02970"	0.828306351783707	0.152023216526451	"other_other"
"VIT_07s0005g03340"	"VIT_12s0028g02970"	0.776622632787398	0.0798179241135213	"other_other"
"VIT_06s0004g07550"	"VIT_12s0028g02970"	0.823854822200732	0.1440478832011	"other_other"
"VIT_18s0001g15220"	"VIT_12s0028g02970"	0.86544822428601	0.235727859055294	"other_other"
"VIT_00s0270g00120"	"VIT_12s0028g02970"	0.969412513343711	0.732970023802853	"other_other"
"VIT_14s0030g01890"	"VIT_12s0028g02970"	0.925491888243734	0.461026793467072	"other_other"
"VIT_05s0077g01570"	"VIT_12s0028g02970"	0.837428083519226	0.169619278115884	"other_other"
"VIT_06s0004g02010"	"VIT_12s0028g02970"	0.974719010052243	0.774095178444437	"other_other"
"VIT_11s0016g03190"	"VIT_12s0028g02970"	0.901783119207391	0.355648526230956	"other_other"
"VIT_03s0091g00160"	"VIT_12s0028g02970"	0.713571839157568	0.0342276454283924	"other_other"
"VIT_06s0004g01990"	"VIT_12s0028g02970"	0.977423828660205	0.795846343136835	"other_other"
"VIT_06s0061g01210"	"VIT_12s0028g02970"	0.901259336068248	0.353588202003507	"other_other"
"VIT_15s0046g01570"	"VIT_12s0028g02970"	0.903913865682778	0.364141757113585	"other_other"
"VIT_02s0033g01380"	"VIT_12s0028g02970"	0.56428427828602	0.00327325246903097	"other_other"
"VIT_05s0077g01540"	"VIT_12s0028g02970"	0.911327211345779	0.395133071852144	"other_other"
"VIT_01s0011g01810"	"VIT_12s0028g02970"	0.865357672432864	0.235481333076881	"other_other"
"VIT_06s0004g01010"	"VIT_12s0028g02970"	0.865761104463624	0.236581459262182	"other_other"
"VIT_05s0020g03140"	"VIT_12s0028g02970"	0.935369125744886	0.512661032747806	"other_other"
"VIT_12s0059g01720"	"VIT_12s0028g02970"	0.830247731298983	0.155624143902446	"other_other"
"VIT_03s0038g03400"	"VIT_12s0028g02970"	0.909307018038856	0.386460783382498	"other_other"
"VIT_08s0007g01810"	"VIT_12s0028g02970"	0.896797031700927	0.33646633782519	"other_other"
"VIT_06s0004g01020"	"VIT_12s0028g02970"	0.953177707358252	0.619068585519623	"other_other"
"VIT_11s0065g00350"	"VIT_12s0028g02970"	0.816340075954085	0.131435044062421	"other_other"
"VIT_12s0028g00920"	"VIT_12s0028g02970"	0.825499378173746	0.146949294226149	"other_other"
"VIT_12s0059g00310"	"VIT_12s0028g02970"	0.751530940794246	0.0574736334014848	"other_other"
"VIT_16s0039g01100"	"VIT_12s0028g02970"	0.81349147517517	0.126919999561028	"other_other"
"VIT_16s0100g01010"	"VIT_12s0028g02970"	0.836490407317463	0.167729576087333	"family_other"
"VIT_16s0100g01200"	"VIT_12s0028g02970"	0.914148319737121	0.407536633290351	"family_other"
"VIT_08s0007g06060"	"VIT_12s0028g02970"	0.581127930022577	0.00439255784036212	"other_other"
"VIT_05s0077g01550"	"VIT_12s0028g02970"	0.772641224532923	0.0758191242081593	"other_other"
"VIT_05s0020g05000"	"VIT_12s0028g02970"	0.96339690767856	0.688735517531955	"other_other"
"VIT_02s0025g04250"	"VIT_12s0028g02970"	0.906756300011	0.375755907191867	"other_other"
"VIT_03s0088g00710"	"VIT_12s0028g02970"	0.901395254006531	0.354121806542876	"other_other"
"VIT_16s0100g01100"	"VIT_12s0028g02970"	0.981710051728186	0.831442801441214	"family_other"
"VIT_12s0059g00370"	"VIT_12s0028g02970"	0.636746379693532	0.010956323427904	"other_other"
"VIT_18s0001g02760"	"VIT_12s0028g02970"	0.825333833113193	0.146654868947389	"other_other"
"VIT_16s0100g00990"	"VIT_12s0028g02970"	0.838600855155006	0.172009728099935	"family_other"
"VIT_16s0100g01030"	"VIT_12s0028g02970"	0.890979903227825	0.315267412835921	"family_other"
"VIT_05s0077g01530"	"VIT_12s0028g02970"	0.938806814002354	0.53181714120162	"other_other"
"VIT_16s0100g01000"	"VIT_12s0028g02970"	0.828823414443153	0.152974877780213	"family_other"
"VIT_16s0100g00950"	"VIT_12s0028g02970"	0.827821461410861	0.151135613642293	"other_other"
"VIT_16s0100g00830"	"VIT_12s0028g02970"	0.89184617996132	0.318346122488959	"family_other"
"VIT_06s0004g01030"	"VIT_12s0028g02970"	0.949938216272474	0.598347661599826	"other_other"
"VIT_13s0019g00480"	"VIT_12s0028g02970"	0.880683538903275	0.280671805920889	"other_other"
"VIT_02s0025g04270"	"VIT_12s0028g02970"	0.777725757749422	0.0809589426150874	"other_other"
"VIT_00s0324g00050"	"VIT_12s0028g02970"	0.983061575635072	0.842960479612844	"other_other"
"VIT_16s0100g00750"	"VIT_12s0028g02970"	0.931403483877512	0.491335994024876	"family_other"
"VIT_16s0100g00910"	"VIT_12s0028g02970"	0.90926419104533	0.386278804735928	"family_other"
"VIT_12s0028g02530"	"VIT_12s0028g02970"	0.941243089688787	0.545780490966232	"other_other"
"VIT_12s0028g00860"	"VIT_12s0028g02970"	0.978969771004421	0.808523815904534	"other_other"
"VIT_13s0019g05070"	"VIT_12s0028g02970"	0.971059368066837	0.745517467853883	"other_other"
"VIT_11s0016g05540"	"VIT_12s0028g02970"	0.947500287153671	0.583167754992033	"other_other"
"VIT_16s0100g00770"	"VIT_12s0028g02970"	0.933066569084871	0.500179966767346	"family_other"
"VIT_15s0048g00510"	"VIT_12s0028g02970"	0.870682336144104	0.250378675998852	"other_other"
"VIT_03s0088g00700"	"VIT_12s0028g02970"	0.954148671142174	0.625403774249756	"other_other"
"VIT_14s0006g03050"	"VIT_12s0028g02970"	0.952587422101451	0.615245474926335	"other_other"
"VIT_16s0100g01070"	"VIT_12s0028g02970"	0.924884478749174	0.458009949604887	"family_other"
"VIT_16s0050g00400"	"VIT_12s0028g02970"	0.503406326849644	0.00104516942110585	"other_other"
"VIT_03s0088g00690"	"VIT_12s0028g02970"	0.97705635936641	0.792859360278468	"other_other"
"VIT_08s0040g00920"	"VIT_12s0028g02970"	0.576031186739773	0.00402216581666835	"other_other"
"VIT_16s0100g00900"	"VIT_12s0028g02970"	0.755472690213355	0.0605602550179741	"other_other"
"VIT_18s0001g13670"	"VIT_12s0028g02970"	0.798074909180999	0.104818169625029	"other_other"
"VIT_16s0100g01150"	"VIT_12s0028g02970"	0.918371846351245	0.42676187550261	"family_other"
"VIT_02s0025g04230"	"VIT_12s0028g02970"	0.693430626501969	0.0257057447445947	"other_other"
"VIT_07s0031g01710"	"VIT_12s0028g02970"	0.671419516751881	0.0186182823087107	"other_other"
"VIT_02s0033g00700"	"VIT_12s0028g02970"	0.936661183647397	0.519786779474392	"other_other"
"VIT_01s0026g02400"	"VIT_12s0028g02970"	0.969720889393286	0.7353049867762	"other_other"
"VIT_12s0035g01000"	"VIT_12s0028g02970"	0.983118948823405	0.843452575276916	"other_other"
"VIT_16s0039g01170"	"VIT_12s0028g02970"	0.853003831217228	0.203943476321994	"other_other"
"VIT_01s0146g00320"	"VIT_12s0028g02970"	0.921072116766687	0.439477204041052	"other_other"
"VIT_17s0000g00680"	"VIT_12s0028g02970"	0.946557924240195	0.577393586981166	"other_other"
"VIT_16s0100g01020"	"VIT_12s0028g02970"	0.819051625935133	0.135866618901783	"family_other"
"VIT_16s0100g00780"	"VIT_12s0028g02970"	0.955706864379709	0.635692450062413	"family_other"
"VIT_16s0039g01320"	"VIT_12s0028g02970"	0.880854301184993	0.281216496455753	"other_other"
"VIT_16s0100g01190"	"VIT_12s0028g02970"	0.79420729518288	0.0998478504112705	"family_other"
"VIT_16s0100g00880"	"VIT_12s0028g02970"	0.743363670384485	0.0515244452684109	"family_other"
"VIT_16s0039g01120"	"VIT_12s0028g02970"	0.852136028836849	0.201878132847517	"other_other"
"VIT_05s0020g03280"	"VIT_12s0028g02970"	0.97202997833824	0.753002801411399	"other_other"
"VIT_16s0100g01160"	"VIT_12s0028g02970"	0.866475274320904	0.23854028966479	"family_other"
"VIT_16s0100g00960"	"VIT_12s0028g02970"	0.649246205208884	0.0133074302623753	"other_other"
"VIT_16s0100g01130"	"VIT_12s0028g02970"	0.863981490076166	0.231763148762764	"other_other"
"VIT_05s0077g01580"	"VIT_02s0025g04260"	0.886958976235792	0.301325115987946	"other_other"
"VIT_03s0038g03860"	"VIT_02s0025g04260"	-0.77093280201995	0.0741592358905159	"other_other"
"VIT_09s0002g01000"	"VIT_02s0025g04260"	-0.77835382052029	0.0816151183512709	"other_other"
"VIT_00s1206g00010"	"VIT_02s0025g04260"	-0.78987069471333	0.0945279004729882	"other_other"
"VIT_14s0030g00340"	"VIT_02s0025g04260"	-0.635929361589973	0.0108165502753308	"other_other"
"VIT_02s0025g03260"	"VIT_02s0025g04260"	-0.86065017522708	0.222980361446778	"other_other"
"VIT_10s0116g00530"	"VIT_02s0025g04260"	-0.811600527909473	0.124000434945966	"other_other"
"VIT_08s0007g01560"	"VIT_02s0025g04260"	0.654618497644681	0.0144504952191935	"other_other"
"VIT_02s0012g01660"	"VIT_02s0025g04260"	-0.740915686822371	0.0498526097815366	"other_other"
"VIT_05s0062g00610"	"VIT_02s0025g04260"	-0.530899183081992	0.00177877317229273	"other_other"
"VIT_04s0044g00040"	"VIT_02s0025g04260"	0.805328165843244	0.114743709350969	"other_other"
"VIT_08s0040g01710"	"VIT_02s0025g04260"	0.781130055327241	0.0845733402590322	"other_other"
"VIT_18s0001g08760"	"VIT_02s0025g04260"	0.82880572512002	0.152942231958199	"other_other"
"VIT_05s0049g01550"	"VIT_02s0025g04260"	0.765184739766135	0.0688118132758053	"other_other"
"VIT_18s0166g00060"	"VIT_02s0025g04260"	0.689603889329872	0.0243218733248569	"other_other"
"VIT_18s0001g15130"	"VIT_02s0025g04260"	0.863916823739235	0.231589739642706	"other_other"
"VIT_05s0077g01560"	"VIT_02s0025g04260"	0.896115064438344	0.33391642522201	"other_other"
"VIT_07s0005g03340"	"VIT_02s0025g04260"	0.768894290397449	0.0722214759502001	"other_other"
"VIT_06s0004g07550"	"VIT_02s0025g04260"	0.826213123306179	0.148224805420929	"other_other"
"VIT_18s0001g15220"	"VIT_02s0025g04260"	0.799736351906488	0.107020844243366	"other_other"
"VIT_00s0270g00120"	"VIT_02s0025g04260"	0.808179839886749	0.118872152623529	"other_other"
"VIT_14s0030g01890"	"VIT_02s0025g04260"	0.860148524365916	0.221684069966487	"other_other"
"VIT_05s0077g01570"	"VIT_02s0025g04260"	0.909368886960788	0.38672381043045	"other_other"
"VIT_06s0004g02010"	"VIT_02s0025g04260"	0.899274574914642	0.345878166645157	"other_other"
"VIT_11s0016g03190"	"VIT_02s0025g04260"	0.83333723720627	0.161513149016635	"other_other"
"VIT_03s0091g00160"	"VIT_02s0025g04260"	0.752750497752268	0.0584131347838693	"other_other"
"VIT_06s0004g01990"	"VIT_02s0025g04260"	0.888458965464317	0.306459960990996	"other_other"
"VIT_06s0061g01210"	"VIT_02s0025g04260"	0.746000189002998	0.0533813281522348	"other_other"
"VIT_15s0046g01570"	"VIT_02s0025g04260"	0.889301001873545	0.309376851848288	"other_other"
"VIT_02s0033g01380"	"VIT_02s0025g04260"	0.562810594731456	0.00318876594282866	"other_other"
"VIT_05s0077g01540"	"VIT_02s0025g04260"	0.893461107318257	0.324157834615443	"other_other"
"VIT_01s0011g01810"	"VIT_02s0025g04260"	0.836730708388888	0.168212041165367	"other_other"
"VIT_06s0004g01010"	"VIT_02s0025g04260"	0.842661581350577	0.18052274972137	"other_other"
"VIT_05s0020g03140"	"VIT_02s0025g04260"	0.774200208683603	0.0773629176816109	"other_other"
"VIT_12s0059g01720"	"VIT_02s0025g04260"	0.809120204034732	0.120262563796473	"other_other"
"VIT_03s0038g03400"	"VIT_02s0025g04260"	0.846469857829115	0.188849125514644	"other_other"
"VIT_08s0007g01810"	"VIT_02s0025g04260"	0.72497542975683	0.0401081731224348	"other_other"
"VIT_06s0004g01020"	"VIT_02s0025g04260"	0.856378585165268	0.21215730340794	"other_other"
"VIT_11s0065g00350"	"VIT_02s0025g04260"	0.724637405417297	0.0399215581321875	"other_other"
"VIT_12s0028g00920"	"VIT_02s0025g04260"	0.816439209223978	0.131594741087891	"other_other"
"VIT_12s0059g00310"	"VIT_02s0025g04260"	0.686195027768342	0.0231459850321872	"other_other"
"VIT_16s0039g01100"	"VIT_02s0025g04260"	0.881822405922167	0.284322542907149	"other_other"
"VIT_16s0100g01010"	"VIT_02s0025g04260"	0.865744601850173	0.236536367406242	"family_other"
"VIT_16s0100g01200"	"VIT_02s0025g04260"	0.904423608140857	0.366200473881168	"family_other"
"VIT_08s0007g06060"	"VIT_02s0025g04260"	0.801860905963224	0.109898155496913	"other_other"
"VIT_05s0077g01550"	"VIT_02s0025g04260"	0.923035031224476	0.448933317588402	"other_other"
"VIT_05s0020g05000"	"VIT_02s0025g04260"	0.822950946610578	0.142475270842926	"other_other"
"VIT_02s0025g04250"	"VIT_02s0025g04260"	0.93481504434133	0.509632282514078	"other_other"
"VIT_03s0088g00710"	"VIT_02s0025g04260"	0.9540475647722	0.624741381019436	"other_other"
"VIT_16s0100g01100"	"VIT_02s0025g04260"	0.894406772792731	0.327605204075529	"family_other"
"VIT_12s0059g00370"	"VIT_02s0025g04260"	0.538675086705817	0.00205716393710177	"other_other"
"VIT_18s0001g02760"	"VIT_02s0025g04260"	0.855975578430378	0.21116101522644	"other_other"
"VIT_16s0100g00990"	"VIT_02s0025g04260"	0.86524400037559	0.235172191189465	"family_other"
"VIT_16s0100g01030"	"VIT_02s0025g04260"	0.814220279607321	0.128061666927476	"family_other"
"VIT_05s0077g01530"	"VIT_02s0025g04260"	0.91692606718595	0.420090822779478	"other_other"
"VIT_16s0100g01000"	"VIT_02s0025g04260"	0.871997895777617	0.25418760512266	"family_other"
"VIT_16s0100g00950"	"VIT_02s0025g04260"	0.819869735484055	0.137229838564069	"other_other"
"VIT_16s0100g00830"	"VIT_02s0025g04260"	0.886620795371169	0.300178188925935	"family_other"
"VIT_06s0004g01030"	"VIT_02s0025g04260"	0.885095551970295	0.295054051281307	"other_other"
"VIT_13s0019g00480"	"VIT_02s0025g04260"	0.829949169858012	0.155065416057245	"other_other"
"VIT_02s0025g04270"	"VIT_02s0025g04260"	0.913930916388297	0.406568463594776	"other_other"
"VIT_00s0324g00050"	"VIT_02s0025g04260"	0.86230922243248	0.2273161590738	"other_other"
"VIT_16s0100g00750"	"VIT_02s0025g04260"	0.908329916572328	0.382328068335101	"family_other"
"VIT_16s0100g00910"	"VIT_02s0025g04260"	0.905159701894185	0.36919185172123	"family_other"
"VIT_12s0028g02530"	"VIT_02s0025g04260"	0.900300474307112	0.349844289597135	"other_other"
"VIT_12s0028g00860"	"VIT_02s0025g04260"	0.89708813233095	0.337560105451577	"other_other"
"VIT_13s0019g05070"	"VIT_02s0025g04260"	0.883562802725737	0.28998413704153	"other_other"
"VIT_11s0016g05540"	"VIT_02s0025g04260"	0.913404969872946	0.404234804026936	"other_other"
"VIT_16s0100g00770"	"VIT_02s0025g04260"	0.90665940831572	0.375354585190744	"family_other"
"VIT_15s0048g00510"	"VIT_02s0025g04260"	0.776849473921805	0.0800513683187826	"other_other"
"VIT_03s0088g00700"	"VIT_02s0025g04260"	0.922561316845536	0.446634643241358	"other_other"
"VIT_14s0006g03050"	"VIT_02s0025g04260"	0.858740775409296	0.218082516044166	"other_other"
"VIT_16s0100g01070"	"VIT_02s0025g04260"	0.901846205425223	0.355897406304441	"family_other"
"VIT_16s0050g00400"	"VIT_02s0025g04260"	0.571358488617122	0.00370754849509403	"other_other"
"VIT_03s0088g00690"	"VIT_02s0025g04260"	0.904343938301684	0.36587801911256	"other_other"
"VIT_08s0040g00920"	"VIT_02s0025g04260"	0.698919714669525	0.0278146058056307	"other_other"
"VIT_16s0100g00900"	"VIT_02s0025g04260"	0.84941087709261	0.195514143743103	"other_other"
"VIT_18s0001g13670"	"VIT_02s0025g04260"	0.623665917064355	0.00890266656524491	"other_other"
"VIT_16s0100g01150"	"VIT_02s0025g04260"	0.92574928764429	0.462310615083308	"family_other"
"VIT_02s0025g04230"	"VIT_02s0025g04260"	0.903137041049058	0.361024393392614	"other_other"
"VIT_07s0031g01710"	"VIT_02s0025g04260"	0.891997806734277	0.318887771291303	"other_other"
"VIT_02s0033g00700"	"VIT_02s0025g04260"	0.87290458224669	0.256842999402898	"other_other"
"VIT_01s0026g02400"	"VIT_02s0025g04260"	0.822227098400689	0.141227040604037	"other_other"
"VIT_12s0035g01000"	"VIT_02s0025g04260"	0.85381195459437	0.205883865014509	"other_other"
"VIT_16s0039g01170"	"VIT_02s0025g04260"	0.904713036785733	0.367374057445393	"other_other"
"VIT_01s0146g00320"	"VIT_02s0025g04260"	0.93115110521003	0.490006262791723	"other_other"
"VIT_17s0000g00680"	"VIT_02s0025g04260"	0.889638339439509	0.310552412904404	"other_other"
"VIT_16s0100g01020"	"VIT_02s0025g04260"	0.872546707314685	0.255791930620197	"family_other"
"VIT_16s0100g00780"	"VIT_02s0025g04260"	0.914397412266341	0.408648475805839	"family_other"
"VIT_16s0039g01320"	"VIT_02s0025g04260"	0.920001400766426	0.434395068146799	"other_other"
"VIT_16s0100g01190"	"VIT_02s0025g04260"	0.856261265682798	0.211866837872633	"family_other"
"VIT_16s0100g00880"	"VIT_02s0025g04260"	0.861309315740705	0.224693984053944	"family_other"
"VIT_16s0039g01120"	"VIT_02s0025g04260"	0.913514724449065	0.404720794563488	"other_other"
"VIT_05s0020g03280"	"VIT_02s0025g04260"	0.925729770509551	0.462213157567413	"other_other"
"VIT_16s0100g01160"	"VIT_02s0025g04260"	0.905769934940869	0.371688403281947	"family_other"
"VIT_16s0100g00960"	"VIT_02s0025g04260"	0.80261003611495	0.110929194650795	"other_other"
"VIT_16s0100g01130"	"VIT_02s0025g04260"	0.907161122029345	0.377436846499728	"other_other"
"VIT_12s0028g02970"	"VIT_02s0025g04260"	0.844662692753169	0.184855818924859	"other_other"
"VIT_05s0077g01580"	"VIT_00s2849g00010"	0.666423042412416	0.0172782617683234	"other_other"
"VIT_03s0038g03860"	"VIT_00s2849g00010"	-0.724353990996042	0.0397656946248891	"other_other"
"VIT_09s0002g01000"	"VIT_00s2849g00010"	-0.728643831966478	0.0421845022548342	"other_other"
"VIT_00s1206g00010"	"VIT_00s2849g00010"	-0.729817223377691	0.0428687759558595	"other_other"
"VIT_14s0030g00340"	"VIT_00s2849g00010"	-0.675528391756145	0.0197895567482867	"other_other"
"VIT_02s0025g03260"	"VIT_00s2849g00010"	-0.771929392450895	0.075123493696279	"other_other"
"VIT_10s0116g00530"	"VIT_00s2849g00010"	-0.710824852789829	0.0329326014012415	"other_other"
"VIT_08s0007g01560"	"VIT_00s2849g00010"	0.656989043187083	0.0149823958555363	"other_other"
"VIT_02s0012g01660"	"VIT_00s2849g00010"	-0.684137365313967	0.0224612079148993	"other_other"
"VIT_05s0062g00610"	"VIT_00s2849g00010"	-0.523296150310077	0.00153983929491986	"other_other"
"VIT_04s0044g00040"	"VIT_00s2849g00010"	0.706065241199794	0.0307927390701714	"other_other"
"VIT_08s0040g01710"	"VIT_00s2849g00010"	0.74963733882968	0.0560418034664444	"other_other"
"VIT_18s0001g08760"	"VIT_00s2849g00010"	0.745895311471567	0.0533063286884297	"other_other"
"VIT_05s0049g01550"	"VIT_00s2849g00010"	0.675467999399	0.0197718719654838	"other_other"
"VIT_18s0166g00060"	"VIT_00s2849g00010"	0.595952304193063	0.0056508663098084	"other_other"
"VIT_18s0001g15130"	"VIT_00s2849g00010"	0.729947059969073	0.0429451018298611	"other_other"
"VIT_05s0077g01560"	"VIT_00s2849g00010"	0.722158753197082	0.0385768530286993	"other_other"
"VIT_07s0005g03340"	"VIT_00s2849g00010"	0.744947206681097	0.0526326164775013	"other_other"
"VIT_06s0004g07550"	"VIT_00s2849g00010"	0.693571170531177	0.0257578925103888	"other_other"
"VIT_18s0001g15220"	"VIT_00s2849g00010"	0.680006699215169	0.0211413108856407	"other_other"
"VIT_00s0270g00120"	"VIT_00s2849g00010"	0.7226193387932	0.0388235996694726	"other_other"
"VIT_14s0030g01890"	"VIT_00s2849g00010"	0.723994398830994	0.0395687255938276	"other_other"
"VIT_05s0077g01570"	"VIT_00s2849g00010"	0.729291137532578	0.0425607585579537	"other_other"
"VIT_06s0004g02010"	"VIT_00s2849g00010"	0.786686680738958	0.0907858099774393	"other_other"
"VIT_11s0016g03190"	"VIT_00s2849g00010"	0.746223043462509	0.0535410100405155	"other_other"
"VIT_03s0091g00160"	"VIT_00s2849g00010"	0.69244512850701	0.0253427443529913	"other_other"
"VIT_06s0004g01990"	"VIT_00s2849g00010"	0.781764645671854	0.0852629316428122	"other_other"
"VIT_06s0061g01210"	"VIT_00s2849g00010"	0.671440108511433	0.0186239931362666	"other_other"
"VIT_15s0046g01570"	"VIT_00s2849g00010"	0.768137764621713	0.0715140168214463	"other_other"
"VIT_02s0033g01380"	"VIT_00s2849g00010"	0.638662129091866	0.0112904602095553	"other_other"
"VIT_05s0077g01540"	"VIT_00s2849g00010"	0.760399653415975	0.0646277598409027	"other_other"
"VIT_01s0011g01810"	"VIT_00s2849g00010"	0.765959693311106	0.0695119010290356	"other_other"
"VIT_06s0004g01010"	"VIT_00s2849g00010"	0.735289204515703	0.0461936093467954	"other_other"
"VIT_05s0020g03140"	"VIT_00s2849g00010"	0.717522308025534	0.0361704639898957	"other_other"
"VIT_12s0059g01720"	"VIT_00s2849g00010"	0.767872857791408	0.0712677696094105	"other_other"
"VIT_03s0038g03400"	"VIT_00s2849g00010"	0.767646694149924	0.0710581407376903	"other_other"
"VIT_08s0007g01810"	"VIT_00s2849g00010"	0.678033590564638	0.0205358223393155	"other_other"
"VIT_06s0004g01020"	"VIT_00s2849g00010"	0.750816904450804	0.0569298999912354	"other_other"
"VIT_11s0065g00350"	"VIT_00s2849g00010"	0.734042396756377	0.0454162681932186	"other_other"
"VIT_12s0028g00920"	"VIT_00s2849g00010"	0.726510062657207	0.0409653188487642	"other_other"
"VIT_12s0059g00310"	"VIT_00s2849g00010"	0.728271284011683	0.041969312888436	"other_other"
"VIT_16s0039g01100"	"VIT_00s2849g00010"	0.897157369701853	0.337820725253746	"other_other"
"VIT_16s0100g01010"	"VIT_00s2849g00010"	0.90988487982364	0.388923764927168	"family_other"
"VIT_16s0100g01200"	"VIT_00s2849g00010"	0.897393887748157	0.33871238101541	"family_other"
"VIT_08s0007g06060"	"VIT_00s2849g00010"	0.525714008182821	0.00161248429661154	"other_other"
"VIT_05s0077g01550"	"VIT_00s2849g00010"	0.817583777356903	0.13345125283315	"other_other"
"VIT_05s0020g05000"	"VIT_00s2849g00010"	0.761470243424953	0.0655434605356624	"other_other"
"VIT_02s0025g04250"	"VIT_00s2849g00010"	0.794632434042314	0.100383624903448	"other_other"
"VIT_03s0088g00710"	"VIT_00s2849g00010"	0.775032234232211	0.078198361889064	"other_other"
"VIT_16s0100g01100"	"VIT_00s2849g00010"	0.800568702488606	0.108139928352098	"family_other"
"VIT_12s0059g00370"	"VIT_00s2849g00010"	0.535720491641559	0.00194707458158844	"other_other"
"VIT_18s0001g02760"	"VIT_00s2849g00010"	0.750507444400107	0.0566956898984333	"other_other"
"VIT_16s0100g00990"	"VIT_00s2849g00010"	0.910966911516891	0.393573660938675	"family_other"
"VIT_16s0100g01030"	"VIT_00s2849g00010"	0.795230771903798	0.101142054181001	"family_other"
"VIT_05s0077g01530"	"VIT_00s2849g00010"	0.787544582871687	0.0917807253283911	"other_other"
"VIT_16s0100g01000"	"VIT_00s2849g00010"	0.884126727179196	0.291840254274785	"family_other"
"VIT_16s0100g00950"	"VIT_00s2849g00010"	0.850683809786539	0.198463969698859	"other_other"
"VIT_16s0100g00830"	"VIT_00s2849g00010"	0.917853265376757	0.42435817510275	"family_other"
"VIT_06s0004g01030"	"VIT_00s2849g00010"	0.767292879219359	0.0707313061429624	"other_other"
"VIT_13s0019g00480"	"VIT_00s2849g00010"	0.785278519676053	0.0891737807914109	"other_other"
"VIT_02s0025g04270"	"VIT_00s2849g00010"	0.746319824571288	0.0536104903871241	"other_other"
"VIT_00s0324g00050"	"VIT_00s2849g00010"	0.782141899826246	0.0856752774179883	"other_other"
"VIT_16s0100g00750"	"VIT_00s2849g00010"	0.855240315922024	0.209354187810255	"family_other"
"VIT_16s0100g00910"	"VIT_00s2849g00010"	0.917187365336192	0.421289499866764	"family_other"
"VIT_12s0028g02530"	"VIT_00s2849g00010"	0.777643530543765	0.080873387247996	"other_other"
"VIT_12s0028g00860"	"VIT_00s2849g00010"	0.812213062762402	0.124939481521113	"other_other"
"VIT_13s0019g05070"	"VIT_00s2849g00010"	0.786214404843055	0.0902422606045963	"other_other"
"VIT_11s0016g05540"	"VIT_00s2849g00010"	0.791033263788959	0.0959284581746749	"other_other"
"VIT_16s0100g00770"	"VIT_00s2849g00010"	0.856688198979789	0.212925582807399	"family_other"
"VIT_15s0048g00510"	"VIT_00s2849g00010"	0.702828818665829	0.0294100395953967	"other_other"
"VIT_03s0088g00700"	"VIT_00s2849g00010"	0.795855232320932	0.101939091500044	"other_other"
"VIT_14s0006g03050"	"VIT_00s2849g00010"	0.751705198186588	0.0576070365844439	"other_other"
"VIT_16s0100g01070"	"VIT_00s2849g00010"	0.913312819794099	0.403827171447231	"family_other"
"VIT_16s0050g00400"	"VIT_00s2849g00010"	0.470194417491743	0.000528171162327071	"other_other"
"VIT_03s0088g00690"	"VIT_00s2849g00010"	0.80946427845371	0.120774954228905	"other_other"
"VIT_08s0040g00920"	"VIT_00s2849g00010"	0.488891945368418	0.000780061460855715	"other_other"
"VIT_16s0100g00900"	"VIT_00s2849g00010"	0.891370953555753	0.316653854935706	"other_other"
"VIT_18s0001g13670"	"VIT_00s2849g00010"	0.592920143552356	0.00536984871958985	"other_other"
"VIT_16s0100g01150"	"VIT_00s2849g00010"	0.880363962770905	0.279654985680909	"family_other"
"VIT_02s0025g04230"	"VIT_00s2849g00010"	0.73593343066158	0.0465999356782949	"other_other"
"VIT_07s0031g01710"	"VIT_00s2849g00010"	0.65813066814657	0.0152447844816769	"other_other"
"VIT_02s0033g00700"	"VIT_00s2849g00010"	0.748910543200503	0.0555008259825823	"other_other"
"VIT_01s0026g02400"	"VIT_00s2849g00010"	0.689772047311563	0.0243812466553885	"other_other"
"VIT_12s0035g01000"	"VIT_00s2849g00010"	0.77279314503357	0.0759683354588278	"other_other"
"VIT_16s0039g01170"	"VIT_00s2849g00010"	0.967382797580747	0.71776719125501	"other_other"
"VIT_01s0146g00320"	"VIT_00s2849g00010"	0.807851278589867	0.118389767248248	"other_other"
"VIT_17s0000g00680"	"VIT_00s2849g00010"	0.782235212083427	0.0857775459051975	"other_other"
"VIT_16s0100g01020"	"VIT_00s2849g00010"	0.89307860122248	0.322772729605793	"family_other"
"VIT_16s0100g00780"	"VIT_00s2849g00010"	0.868561814373898	0.244347173890335	"family_other"
"VIT_16s0039g01320"	"VIT_00s2849g00010"	0.946529311341956	0.577219074081252	"other_other"
"VIT_16s0100g01190"	"VIT_00s2849g00010"	0.977598887331659	0.797272870086434	"family_other"
"VIT_16s0100g00880"	"VIT_00s2849g00010"	0.92409398155055	0.454110368174458	"family_other"
"VIT_16s0039g01120"	"VIT_00s2849g00010"	0.958539297914047	0.654785760876005	"other_other"
"VIT_05s0020g03280"	"VIT_00s2849g00010"	0.809069563596246	0.120187316212983	"other_other"
"VIT_16s0100g01160"	"VIT_00s2849g00010"	0.957228452507127	0.645886177436123	"family_other"
"VIT_16s0100g00960"	"VIT_00s2849g00010"	0.966745281279157	0.713051026498365	"other_other"
"VIT_16s0100g01130"	"VIT_00s2849g00010"	0.961134661625216	0.672732479597782	"other_other"
"VIT_12s0028g02970"	"VIT_00s2849g00010"	0.752399170936427	0.0581410784705077	"other_other"
"VIT_02s0025g04260"	"VIT_00s2849g00010"	0.845240697563244	0.186124694379793	"other_other"
"VIT_05s0077g01580"	"VIT_18s0117g00550"	0.832424298656025	0.159752435830628	"other_other"
"VIT_03s0038g03860"	"VIT_18s0117g00550"	-0.87129688031752	0.252151519972002	"other_other"
"VIT_09s0002g01000"	"VIT_18s0117g00550"	-0.870242523715526	0.249116795840142	"other_other"
"VIT_00s1206g00010"	"VIT_18s0117g00550"	-0.888175517448497	0.305483654049707	"other_other"
"VIT_14s0030g00340"	"VIT_18s0117g00550"	-0.715695836129466	0.0352602108721528	"other_other"
"VIT_02s0025g03260"	"VIT_18s0117g00550"	-0.949420236925574	0.595093004226285	"other_other"
"VIT_10s0116g00530"	"VIT_18s0117g00550"	-0.887391720950996	0.302798504486296	"other_other"
"VIT_08s0007g01560"	"VIT_18s0117g00550"	0.645787327144516	0.012615230268701	"other_other"
"VIT_02s0012g01660"	"VIT_18s0117g00550"	-0.865091438511546	0.234757858890609	"other_other"
"VIT_05s0062g00610"	"VIT_18s0117g00550"	-0.573663175480439	0.00385984376399671	"other_other"
"VIT_04s0044g00040"	"VIT_18s0117g00550"	0.84720910337629	0.190504893892505	"other_other"
"VIT_08s0040g01710"	"VIT_18s0117g00550"	0.820393297485939	0.138108699506545	"other_other"
"VIT_18s0001g08760"	"VIT_18s0117g00550"	0.831075776978285	0.157183242295132	"other_other"
"VIT_05s0049g01550"	"VIT_18s0117g00550"	0.780001374048632	0.0833592267549482	"other_other"
"VIT_18s0166g00060"	"VIT_18s0117g00550"	0.678002335591627	0.0205263580080889	"other_other"
"VIT_18s0001g15130"	"VIT_18s0117g00550"	0.820281415687668	0.137920468197373	"other_other"
"VIT_05s0077g01560"	"VIT_18s0117g00550"	0.826282061374664	0.148348528575012	"other_other"
"VIT_07s0005g03340"	"VIT_18s0117g00550"	0.810577282175918	0.122445908329721	"other_other"
"VIT_06s0004g07550"	"VIT_18s0117g00550"	0.84702705571386	0.190095933994768	"other_other"
"VIT_18s0001g15220"	"VIT_18s0117g00550"	0.863942841513228	0.231659494808803	"other_other"
"VIT_00s0270g00120"	"VIT_18s0117g00550"	0.9380075609697	0.527306823155651	"other_other"
"VIT_14s0030g01890"	"VIT_18s0117g00550"	0.920736039753189	0.437876288026134	"other_other"
"VIT_05s0077g01570"	"VIT_18s0117g00550"	0.843068526062358	0.181396441286736	"other_other"
"VIT_06s0004g02010"	"VIT_18s0117g00550"	0.980250676806922	0.81916522654125	"other_other"
"VIT_11s0016g03190"	"VIT_18s0117g00550"	0.883563752504319	0.289987254217286	"other_other"
"VIT_03s0091g00160"	"VIT_18s0117g00550"	0.730765849203513	0.0434292603812694	"other_other"
"VIT_06s0004g01990"	"VIT_18s0117g00550"	0.973014235547427	0.760662387111443	"other_other"
"VIT_06s0061g01210"	"VIT_18s0117g00550"	0.869193014085885	0.246128707638381	"other_other"
"VIT_15s0046g01570"	"VIT_18s0117g00550"	0.922233122943062	0.445048316881664	"other_other"
"VIT_02s0033g01380"	"VIT_18s0117g00550"	0.538490055256168	0.00205010862286765	"other_other"
"VIT_05s0077g01540"	"VIT_18s0117g00550"	0.895540415011661	0.331781296455056	"other_other"
"VIT_01s0011g01810"	"VIT_18s0117g00550"	0.871006115330685	0.251311314621408	"other_other"
"VIT_06s0004g01010"	"VIT_18s0117g00550"	0.846170085790375	0.188181392896075	"other_other"
"VIT_05s0020g03140"	"VIT_18s0117g00550"	0.884345541936346	0.292563342041748	"other_other"
"VIT_12s0059g01720"	"VIT_18s0117g00550"	0.808368157348306	0.119149432362103	"other_other"
"VIT_03s0038g03400"	"VIT_18s0117g00550"	0.905293922932135	0.369739670989305	"other_other"
"VIT_08s0007g01810"	"VIT_18s0117g00550"	0.878473261167547	0.273706726417156	"other_other"
"VIT_06s0004g01020"	"VIT_18s0117g00550"	0.924161017850537	0.454439899790454	"other_other"
"VIT_11s0065g00350"	"VIT_18s0117g00550"	0.787324804547007	0.0915249162990737	"other_other"
"VIT_12s0028g00920"	"VIT_18s0117g00550"	0.88851465775863	0.306652117006944	"other_other"
"VIT_12s0059g00310"	"VIT_18s0117g00550"	0.745894144697192	0.0533054948445974	"other_other"
"VIT_16s0039g01100"	"VIT_18s0117g00550"	0.838985947497836	0.172801245023925	"other_other"
"VIT_16s0100g01010"	"VIT_18s0117g00550"	0.844921073214684	0.185422067839907	"family_other"
"VIT_16s0100g01200"	"VIT_18s0117g00550"	0.909911027741274	0.389035546780189	"family_other"
"VIT_08s0007g06060"	"VIT_18s0117g00550"	0.641536135287006	0.0118089486885202	"other_other"
"VIT_05s0077g01550"	"VIT_18s0117g00550"	0.78888374408368	0.0933533849371838	"other_other"
"VIT_05s0020g05000"	"VIT_18s0117g00550"	0.961939660487641	0.678388237874036	"other_other"
"VIT_02s0025g04250"	"VIT_18s0117g00550"	0.925654725515947	0.461838597585713	"other_other"
"VIT_03s0088g00710"	"VIT_18s0117g00550"	0.925988422491625	0.463506221484885	"other_other"
"VIT_16s0100g01100"	"VIT_18s0117g00550"	0.982042244980112	0.834260544236692	"family_other"
"VIT_12s0059g00370"	"VIT_18s0117g00550"	0.623436682712193	0.00886999803649401	"other_other"
"VIT_18s0001g02760"	"VIT_18s0117g00550"	0.861997561502637	0.226495914430319	"other_other"
"VIT_16s0100g00990"	"VIT_18s0117g00550"	0.849553281490732	0.195842172132703	"family_other"
"VIT_16s0100g01030"	"VIT_18s0117g00550"	0.856937228463453	0.213545343455489	"family_other"
"VIT_05s0077g01530"	"VIT_18s0117g00550"	0.946524874878987	0.577192019905492	"other_other"
"VIT_16s0100g01000"	"VIT_18s0117g00550"	0.849382233670272	0.195448223413991	"family_other"
"VIT_16s0100g00950"	"VIT_18s0117g00550"	0.820223219654549	0.137822649790679	"other_other"
"VIT_16s0100g00830"	"VIT_18s0117g00550"	0.886965355814113	0.301346789926086	"family_other"
"VIT_06s0004g01030"	"VIT_18s0117g00550"	0.934149753900448	0.506016918117393	"other_other"
"VIT_13s0019g00480"	"VIT_18s0117g00550"	0.871797399378311	0.253603761958466	"other_other"
"VIT_02s0025g04270"	"VIT_18s0117g00550"	0.81920499498736	0.136121246342397	"other_other"
"VIT_00s0324g00050"	"VIT_18s0117g00550"	0.960986148640882	0.671693706671869	"other_other"
"VIT_16s0100g00750"	"VIT_18s0117g00550"	0.939155460123285	0.533795462508992	"family_other"
"VIT_16s0100g00910"	"VIT_18s0117g00550"	0.918155255391773	0.425756457837608	"family_other"
"VIT_12s0028g02530"	"VIT_18s0117g00550"	0.932942654840538	0.499516108496369	"other_other"
"VIT_12s0028g00860"	"VIT_18s0117g00550"	0.981109664857548	0.826371897081514	"other_other"
"VIT_13s0019g05070"	"VIT_18s0117g00550"	0.963620069752746	0.690332574346853	"other_other"
"VIT_11s0016g05540"	"VIT_18s0117g00550"	0.958811154186187	0.656645204445584	"other_other"
"VIT_16s0100g00770"	"VIT_18s0117g00550"	0.932034042159706	0.494672480771051	"family_other"
"VIT_15s0048g00510"	"VIT_18s0117g00550"	0.901394529773872	0.354118961335416	"other_other"
"VIT_03s0088g00700"	"VIT_18s0117g00550"	0.974630353607526	0.77339138132202	"other_other"
"VIT_14s0006g03050"	"VIT_18s0117g00550"	0.949083427006095	0.592985259393907	"other_other"
"VIT_16s0100g01070"	"VIT_18s0117g00550"	0.923508726575542	0.451242540922546	"family_other"
"VIT_16s0050g00400"	"VIT_18s0117g00550"	0.505712517997672	0.00109404966979599	"other_other"
"VIT_03s0088g00690"	"VIT_18s0117g00550"	0.990149214540937	0.90574610046782	"other_other"
"VIT_08s0040g00920"	"VIT_18s0117g00550"	0.638813806209582	0.01131730281883	"other_other"
"VIT_16s0100g00900"	"VIT_18s0117g00550"	0.787325422189669	0.0915256342987119	"other_other"
"VIT_18s0001g13670"	"VIT_18s0117g00550"	0.821147179749915	0.139383079746677	"other_other"
"VIT_16s0100g01150"	"VIT_18s0117g00550"	0.948884430751076	0.591743107574775	"family_other"
"VIT_02s0025g04230"	"VIT_18s0117g00550"	0.733659095759946	0.0451796707944493	"other_other"
"VIT_07s0031g01710"	"VIT_18s0117g00550"	0.720186127364381	0.0375359588978648	"other_other"
"VIT_02s0033g00700"	"VIT_18s0117g00550"	0.925560801236392	0.461370193383439	"other_other"
"VIT_01s0026g02400"	"VIT_18s0117g00550"	0.952559035132155	0.615062157236555	"other_other"
"VIT_12s0035g01000"	"VIT_18s0117g00550"	0.9777443437173	0.798459922458517	"other_other"
"VIT_16s0039g01170"	"VIT_18s0117g00550"	0.870860326588701	0.250890987189205	"other_other"
"VIT_01s0146g00320"	"VIT_18s0117g00550"	0.943130666133655	0.556824919289969	"other_other"
"VIT_17s0000g00680"	"VIT_18s0117g00550"	0.969466268107176	0.733376563462326	"other_other"
"VIT_16s0100g01020"	"VIT_18s0117g00550"	0.845887663867716	0.187554251856315	"family_other"
"VIT_16s0100g00780"	"VIT_18s0117g00550"	0.958609110888947	0.655262815150642	"family_other"
"VIT_16s0039g01320"	"VIT_18s0117g00550"	0.895851411692754	0.332935284330873	"other_other"
"VIT_16s0100g01190"	"VIT_18s0117g00550"	0.803276995822089	0.111854458203692	"family_other"
"VIT_16s0100g00880"	"VIT_18s0117g00550"	0.784513762322089	0.0883091421444628	"family_other"
"VIT_16s0039g01120"	"VIT_18s0117g00550"	0.881597960628801	0.283599701042969	"other_other"
"VIT_05s0020g03280"	"VIT_18s0117g00550"	0.987910962792616	0.885478555661403	"other_other"
"VIT_16s0100g01160"	"VIT_18s0117g00550"	0.887839132136581	0.3043286429863	"family_other"
"VIT_16s0100g00960"	"VIT_18s0117g00550"	0.67507260055455	0.0196564377164867	"other_other"
"VIT_16s0100g01130"	"VIT_18s0117g00550"	0.884195015610965	0.292065745044179	"other_other"
"VIT_12s0028g02970"	"VIT_18s0117g00550"	0.98178631334279	0.832088912176975	"other_other"
"VIT_02s0025g04260"	"VIT_18s0117g00550"	0.87338727474269	0.258266810732515	"other_other"
"VIT_00s2849g00010"	"VIT_18s0117g00550"	0.77320717392242	0.0763763233469962	"other_other"
"VIT_05s0077g01580"	"VIT_16s0039g01300"	0.744874908171944	0.0525815578492358	"other_other"
"VIT_03s0038g03860"	"VIT_16s0039g01300"	-0.788608568526206	0.0930282637168717	"other_other"
"VIT_09s0002g01000"	"VIT_16s0039g01300"	-0.790328740161011	0.0950774997685891	"other_other"
"VIT_00s1206g00010"	"VIT_16s0039g01300"	-0.800336268003041	0.107826368327777	"other_other"
"VIT_14s0030g00340"	"VIT_16s0039g01300"	-0.690643212195383	0.0246909317042191	"other_other"
"VIT_02s0025g03260"	"VIT_16s0039g01300"	-0.849516109778909	0.195756499394362	"other_other"
"VIT_10s0116g00530"	"VIT_16s0039g01300"	-0.772518338657927	0.0756986228212582	"other_other"
"VIT_08s0007g01560"	"VIT_16s0039g01300"	0.668106340039496	0.0177196822728417	"other_other"
"VIT_02s0012g01660"	"VIT_16s0039g01300"	-0.760439186495272	0.0646613675913028	"other_other"
"VIT_05s0062g00610"	"VIT_16s0039g01300"	-0.540182533404222	0.00211546270536927	"other_other"
"VIT_04s0044g00040"	"VIT_16s0039g01300"	0.765661106281073	0.0692414040149478	"other_other"
"VIT_08s0040g01710"	"VIT_16s0039g01300"	0.78169158471404	0.0851832814265595	"other_other"
"VIT_18s0001g08760"	"VIT_16s0039g01300"	0.788961733912554	0.0934457160871677	"other_other"
"VIT_05s0049g01550"	"VIT_16s0039g01300"	0.724202867361138	0.0396828083910371	"other_other"
"VIT_18s0166g00060"	"VIT_16s0039g01300"	0.644708595157652	0.0124060807032089	"other_other"
"VIT_18s0001g15130"	"VIT_16s0039g01300"	0.784181080434663	0.0879353711043979	"other_other"
"VIT_05s0077g01560"	"VIT_16s0039g01300"	0.778565455544364	0.0818373022268446	"other_other"
"VIT_07s0005g03340"	"VIT_16s0039g01300"	0.782145798988484	0.0856795486288877	"other_other"
"VIT_06s0004g07550"	"VIT_16s0039g01300"	0.765357787374094	0.0689675906278945	"other_other"
"VIT_18s0001g15220"	"VIT_16s0039g01300"	0.74717987824108	0.0542315075248935	"other_other"
"VIT_00s0270g00120"	"VIT_16s0039g01300"	0.79573650566734	0.101787119569866	"other_other"
"VIT_14s0030g01890"	"VIT_16s0039g01300"	0.803677756972953	0.112413763348678	"other_other"
"VIT_05s0077g01570"	"VIT_16s0039g01300"	0.791377126412724	0.0963462764100731	"other_other"
"VIT_06s0004g02010"	"VIT_16s0039g01300"	0.861564307079345	0.22536007937061	"other_other"
"VIT_11s0016g03190"	"VIT_16s0039g01300"	0.81301377965778	0.126176670878682	"other_other"
"VIT_03s0091g00160"	"VIT_16s0039g01300"	0.717024671123781	0.0359203855673871	"other_other"
"VIT_06s0004g01990"	"VIT_16s0039g01300"	0.851429543828385	0.200210641536862	"other_other"
"VIT_06s0061g01210"	"VIT_16s0039g01300"	0.744028621159524	0.0519871994105875	"other_other"
"VIT_15s0046g01570"	"VIT_16s0039g01300"	0.833939503646722	0.1626842345278	"other_other"
"VIT_02s0033g01380"	"VIT_16s0039g01300"	0.635306649903483	0.0107110984773096	"other_other"
"VIT_05s0077g01540"	"VIT_16s0039g01300"	0.827652761056522	0.150827899191268	"other_other"
"VIT_01s0011g01810"	"VIT_16s0039g01300"	0.825436143358274	0.146836767078763	"other_other"
"VIT_06s0004g01010"	"VIT_16s0039g01300"	0.788164377589635	0.0925055997217669	"other_other"
"VIT_05s0020g03140"	"VIT_16s0039g01300"	0.78372052932735	0.0874202876809412	"other_other"
"VIT_12s0059g01720"	"VIT_16s0039g01300"	0.808622303928268	0.119524562156845	"other_other"
"VIT_03s0038g03400"	"VIT_16s0039g01300"	0.828181676787116	0.151794549182229	"other_other"
"VIT_08s0007g01810"	"VIT_16s0039g01300"	0.745963583499621	0.053355140237029	"other_other"
"VIT_06s0004g01020"	"VIT_16s0039g01300"	0.82293020552118	0.142439366428298	"other_other"
"VIT_11s0065g00350"	"VIT_16s0039g01300"	0.771288458994227	0.0745020682594532	"other_other"
"VIT_12s0028g00920"	"VIT_16s0039g01300"	0.783553271111929	0.0872338981907492	"other_other"
"VIT_12s0059g00310"	"VIT_16s0039g01300"	0.75253953498509	0.0582496348322501	"other_other"
"VIT_16s0039g01100"	"VIT_16s0039g01300"	0.923777284363084	0.452556479828966	"other_other"
"VIT_16s0100g01010"	"VIT_16s0039g01300"	0.93153712146411	0.492041417274918	"family_other"
"VIT_16s0100g01200"	"VIT_16s0039g01300"	0.936520529972612	0.519006769175804	"family_other"
"VIT_08s0007g06060"	"VIT_16s0039g01300"	0.574704601096399	0.00393049041180948	"other_other"
"VIT_05s0077g01550"	"VIT_16s0039g01300"	0.848464339885167	0.193346333461109	"other_other"
"VIT_05s0020g05000"	"VIT_16s0039g01300"	0.827192013238144	0.149990352366788	"other_other"
"VIT_02s0025g04250"	"VIT_16s0039g01300"	0.864023639257684	0.231876238822455	"other_other"
"VIT_03s0088g00710"	"VIT_16s0039g01300"	0.846512630569391	0.18894457405921	"other_other"
"VIT_16s0100g01100"	"VIT_16s0039g01300"	0.872081680875606	0.254431944521684	"family_other"
"VIT_12s0059g00370"	"VIT_16s0039g01300"	0.568059308976162	0.00349894254896054	"other_other"
"VIT_18s0001g02760"	"VIT_16s0039g01300"	0.817245557810724	0.132900215830822	"other_other"
"VIT_16s0100g00990"	"VIT_16s0039g01300"	0.933003855751495	0.499843887130903	"family_other"
"VIT_16s0100g01030"	"VIT_16s0039g01300"	0.844362623642313	0.184200161585041	"family_other"
"VIT_05s0077g01530"	"VIT_16s0039g01300"	0.860348322217264	0.222199542882371	"other_other"
"VIT_16s0100g01000"	"VIT_16s0039g01300"	0.915190206331934	0.41220536488136	"family_other"
"VIT_16s0100g00950"	"VIT_16s0039g01300"	0.874633941234796	0.261977061565605	"other_other"
"VIT_16s0100g00830"	"VIT_16s0039g01300"	0.949231053888196	0.59390827483017	"family_other"
"VIT_06s0004g01030"	"VIT_16s0039g01300"	0.838732569038288	0.172280084239481	"other_other"
"VIT_13s0019g00480"	"VIT_16s0039g01300"	0.833994700724684	0.162791944612158	"other_other"
"VIT_02s0025g04270"	"VIT_16s0039g01300"	0.797365791746518	0.103890538664663	"other_other"
"VIT_00s0324g00050"	"VIT_16s0039g01300"	0.852969942003233	0.203862465565144	"other_other"
"VIT_16s0100g00750"	"VIT_16s0039g01300"	0.912134529340466	0.398647426558038	"family_other"
"VIT_16s0100g00910"	"VIT_16s0039g01300"	0.956795643590482	0.642971750896026	"family_other"
"VIT_12s0028g02530"	"VIT_16s0039g01300"	0.840615878864565	0.176187824781951	"other_other"
"VIT_12s0028g00860"	"VIT_16s0039g01300"	0.881540929785702	0.283416292922112	"other_other"
"VIT_13s0019g05070"	"VIT_16s0039g01300"	0.862386656556416	0.227520368210672	"other_other"
"VIT_11s0016g05540"	"VIT_16s0039g01300"	0.855141679254051	0.209112860487547	"other_other"
"VIT_16s0100g00770"	"VIT_16s0039g01300"	0.911821486003388	0.397281385014512	"family_other"
"VIT_15s0048g00510"	"VIT_16s0039g01300"	0.765345911139676	0.0689568895140443	"other_other"
"VIT_03s0088g00700"	"VIT_16s0039g01300"	0.874086856600427	0.260342996508377	"other_other"
"VIT_14s0006g03050"	"VIT_16s0039g01300"	0.832509377143611	0.159915787001786	"other_other"
"VIT_16s0100g01070"	"VIT_16s0039g01300"	0.952701477501276	0.615982518975367	"family_other"
"VIT_16s0050g00400"	"VIT_16s0039g01300"	0.486095990227695	0.000736580786537388	"other_other"
"VIT_03s0088g00690"	"VIT_16s0039g01300"	0.882035309861888	0.285009747028975	"other_other"
"VIT_08s0040g00920"	"VIT_16s0039g01300"	0.557139504901967	0.00288163877431608	"other_other"
"VIT_16s0100g00900"	"VIT_16s0039g01300"	0.907486330931561	0.378792107693626	"other_other"
"VIT_18s0001g13670"	"VIT_16s0039g01300"	0.654947411520657	0.0145232662977386	"other_other"
"VIT_16s0100g01150"	"VIT_16s0039g01300"	0.93428947197053	0.506774262542013	"family_other"
"VIT_02s0025g04230"	"VIT_16s0039g01300"	0.767664487783336	0.0710746133468951	"other_other"
"VIT_07s0031g01710"	"VIT_16s0039g01300"	0.714843975569483	0.0348427652254721	"other_other"
"VIT_02s0033g00700"	"VIT_16s0039g01300"	0.828723874394538	0.152791257243243	"other_other"
"VIT_01s0026g02400"	"VIT_16s0039g01300"	0.771493310432305	0.0747001797350292	"other_other"
"VIT_12s0035g01000"	"VIT_16s0039g01300"	0.841040337451074	0.1770794875806	"other_other"
"VIT_16s0039g01170"	"VIT_16s0039g01300"	0.986253507509324	0.870734209572462	"other_other"
"VIT_01s0146g00320"	"VIT_16s0039g01300"	0.8799539653951	0.278355320727891	"other_other"
"VIT_17s0000g00680"	"VIT_16s0039g01300"	0.852198010908127	0.202025021617165	"other_other"
"VIT_16s0100g01020"	"VIT_16s0039g01300"	0.924495177699113	0.4560857481928	"family_other"
"VIT_16s0100g00780"	"VIT_16s0039g01300"	0.92414646228438	0.454368330430736	"family_other"
"VIT_16s0039g01320"	"VIT_16s0039g01300"	0.979703830609373	0.814606856676766	"other_other"
"VIT_16s0100g01190"	"VIT_16s0039g01300"	0.976364642751871	0.787264083503912	"family_other"
"VIT_16s0100g00880"	"VIT_16s0039g01300"	0.935591774242744	0.513882641923822	"family_other"
"VIT_16s0039g01120"	"VIT_16s0039g01300"	0.983225073020012	0.844363494756141	"other_other"
"VIT_05s0020g03280"	"VIT_16s0039g01300"	0.881654916817823	0.28378297568431	"other_other"
"VIT_16s0100g01160"	"VIT_16s0039g01300"	0.980115040526626	0.818032461529731	"family_other"
"VIT_16s0100g00960"	"VIT_16s0039g01300"	0.94366520439765	0.559988897688917	"other_other"
"VIT_16s0100g01130"	"VIT_16s0039g01300"	0.982258043633442	0.836095602071169	"other_other"
"VIT_12s0028g02970"	"VIT_16s0039g01300"	0.829398410810641	0.154039460492426	"other_other"
"VIT_02s0025g04260"	"VIT_16s0039g01300"	0.892771957157849	0.32166618027256	"other_other"
"VIT_00s2849g00010"	"VIT_16s0039g01300"	0.988029986425574	0.886545959878914	"other_other"
"VIT_18s0117g00550"	"VIT_16s0039g01300"	0.850119875113706	0.19715223169125	"other_other"
"VIT_05s0077g01580"	"VIT_07s0151g01070"	0.85582956196145	0.210801082899203	"other_other"
"VIT_03s0038g03860"	"VIT_07s0151g01070"	-0.818158011684998	0.134391522818537	"other_other"
"VIT_09s0002g01000"	"VIT_07s0151g01070"	-0.822920406532259	0.142422406460408	"other_other"
"VIT_00s1206g00010"	"VIT_07s0151g01070"	-0.841401981208316	0.17784239687437	"other_other"
"VIT_14s0030g00340"	"VIT_07s0151g01070"	-0.626995017905616	0.00938946612525759	"other_other"
"VIT_02s0025g03260"	"VIT_07s0151g01070"	-0.896089734032705	0.333822049365382	"other_other"
"VIT_10s0116g00530"	"VIT_07s0151g01070"	-0.821377972865785	0.139775328210661	"other_other"
"VIT_08s0007g01560"	"VIT_07s0151g01070"	0.59719878009599	0.00577017678518262	"other_other"
"VIT_02s0012g01660"	"VIT_07s0151g01070"	-0.798680454385401	0.105616206226467	"other_other"
"VIT_05s0062g00610"	"VIT_07s0151g01070"	-0.551936053887055	0.00262353971118948	"other_other"
"VIT_04s0044g00040"	"VIT_07s0151g01070"	0.796891791896057	0.103274603317208	"other_other"
"VIT_08s0040g01710"	"VIT_07s0151g01070"	0.769398408039983	0.0726963881249834	"other_other"
"VIT_18s0001g08760"	"VIT_07s0151g01070"	0.799480814038217	0.106679374345104	"other_other"
"VIT_05s0049g01550"	"VIT_07s0151g01070"	0.814363271114709	0.128286743720826	"other_other"
"VIT_18s0166g00060"	"VIT_07s0151g01070"	0.707297429503481	0.0313343577474321	"other_other"
"VIT_18s0001g15130"	"VIT_07s0151g01070"	0.871589826641501	0.253000584420537	"other_other"
"VIT_05s0077g01560"	"VIT_07s0151g01070"	0.858005051391434	0.216221286518989	"other_other"
"VIT_07s0005g03340"	"VIT_07s0151g01070"	0.736664619115447	0.0470650060124087	"other_other"
"VIT_06s0004g07550"	"VIT_07s0151g01070"	0.821853973062198	0.140587461725173	"other_other"
"VIT_18s0001g15220"	"VIT_07s0151g01070"	0.797915935897989	0.104609563144399	"other_other"
"VIT_00s0270g00120"	"VIT_07s0151g01070"	0.824483331096305	0.145150587393962	"other_other"
"VIT_14s0030g01890"	"VIT_07s0151g01070"	0.855710965618464	0.210509147979037	"other_other"
"VIT_05s0077g01570"	"VIT_07s0151g01070"	0.887671515206247	0.303754582707617	"other_other"
"VIT_06s0004g02010"	"VIT_07s0151g01070"	0.908710542675543	0.38393319834838	"other_other"
"VIT_11s0016g03190"	"VIT_07s0151g01070"	0.847680463366858	0.191567459648047	"other_other"
"VIT_03s0091g00160"	"VIT_07s0151g01070"	0.727936489951929	0.0417767741308714	"other_other"
"VIT_06s0004g01990"	"VIT_07s0151g01070"	0.875117166107873	0.263428057549724	"other_other"
"VIT_06s0061g01210"	"VIT_07s0151g01070"	0.748949209894585	0.0555294880457897	"other_other"
"VIT_15s0046g01570"	"VIT_07s0151g01070"	0.894150418893036	0.326667435746093	"other_other"
"VIT_02s0033g01380"	"VIT_07s0151g01070"	0.557948229809332	0.00292374195917609	"other_other"
"VIT_05s0077g01540"	"VIT_07s0151g01070"	0.88469421189833	0.293718877051901	"other_other"
"VIT_01s0011g01810"	"VIT_07s0151g01070"	0.849792161939477	0.196393545507117	"other_other"
"VIT_06s0004g01010"	"VIT_07s0151g01070"	0.831580986080416	0.158141373788866	"other_other"
"VIT_05s0020g03140"	"VIT_07s0151g01070"	0.795433199525104	0.101399808466602	"other_other"
"VIT_12s0059g01720"	"VIT_07s0151g01070"	0.810172925392012	0.121836455819532	"other_other"
"VIT_03s0038g03400"	"VIT_07s0151g01070"	0.855845344279696	0.210839959867483	"other_other"
"VIT_08s0007g01810"	"VIT_07s0151g01070"	0.771962393723033	0.0751556164252117	"other_other"
"VIT_06s0004g01020"	"VIT_07s0151g01070"	0.865141463951153	0.234893647097895	"other_other"
"VIT_11s0065g00350"	"VIT_07s0151g01070"	0.7311489425503	0.0436574697920288	"other_other"
"VIT_12s0028g00920"	"VIT_07s0151g01070"	0.809473813248212	0.120789181236099	"other_other"
"VIT_12s0059g00310"	"VIT_07s0151g01070"	0.662220293967485	0.0162190292575441	"other_other"
"VIT_16s0039g01100"	"VIT_07s0151g01070"	0.826895938156197	0.149454358959478	"other_other"
"VIT_16s0100g01010"	"VIT_07s0151g01070"	0.826164022339049	0.148136740549409	"family_other"
"VIT_16s0100g01200"	"VIT_07s0151g01070"	0.856326389260403	0.212028029908098	"family_other"
"VIT_08s0007g06060"	"VIT_07s0151g01070"	0.727700861547274	0.0416417421814584	"other_other"
"VIT_05s0077g01550"	"VIT_07s0151g01070"	0.836275453762468	0.167299058234204	"other_other"
"VIT_05s0020g05000"	"VIT_07s0151g01070"	0.811627448298657	0.12404157141837	"other_other"
"VIT_02s0025g04250"	"VIT_07s0151g01070"	0.928444642681761	0.475948701144211	"other_other"
"VIT_03s0088g00710"	"VIT_07s0151g01070"	0.944896611419458	0.567339361127145	"other_other"
"VIT_16s0100g01100"	"VIT_07s0151g01070"	0.902609518610724	0.35892118364463	"family_other"
"VIT_12s0059g00370"	"VIT_07s0151g01070"	0.551627958073571	0.00260893160199247	"other_other"
"VIT_18s0001g02760"	"VIT_07s0151g01070"	0.838671093121465	0.172153851112062	"other_other"
"VIT_16s0100g00990"	"VIT_07s0151g01070"	0.82161469034854	0.140178677316004	"family_other"
"VIT_16s0100g01030"	"VIT_07s0151g01070"	0.81488301350245	0.129107849975401	"family_other"
"VIT_05s0077g01530"	"VIT_07s0151g01070"	0.933568492651419	0.502877102327718	"other_other"
"VIT_16s0100g01000"	"VIT_07s0151g01070"	0.863486931362914	0.230439906455451	"family_other"
"VIT_16s0100g00950"	"VIT_07s0151g01070"	0.794609154668431	0.100354220618043	"other_other"
"VIT_16s0100g00830"	"VIT_07s0151g01070"	0.844966393867071	0.185521550241537	"family_other"
"VIT_06s0004g01030"	"VIT_07s0151g01070"	0.893677212565618	0.324942742932979	"other_other"
"VIT_13s0019g00480"	"VIT_07s0151g01070"	0.814505213867077	0.128510521772071	"other_other"
"VIT_02s0025g04270"	"VIT_07s0151g01070"	0.857172296707857	0.214131847775342	"other_other"
"VIT_00s0324g00050"	"VIT_07s0151g01070"	0.855478027445828	0.20993680995185	"other_other"
"VIT_16s0100g00750"	"VIT_07s0151g01070"	0.907807881755683	0.380136428862033	"family_other"
"VIT_16s0100g00910"	"VIT_07s0151g01070"	0.884066741308284	0.291642308128267	"family_other"
"VIT_12s0028g02530"	"VIT_07s0151g01070"	0.862423220671718	0.227616852407486	"other_other"
"VIT_12s0028g00860"	"VIT_07s0151g01070"	0.896826849707019	0.336578227764779	"other_other"
"VIT_13s0019g05070"	"VIT_07s0151g01070"	0.896415820902201	0.335038818304668	"other_other"
"VIT_11s0016g05540"	"VIT_07s0151g01070"	0.882251955533701	0.285710562739816	"other_other"
"VIT_16s0100g00770"	"VIT_07s0151g01070"	0.899813695594124	0.347957330644022	"family_other"
"VIT_15s0048g00510"	"VIT_07s0151g01070"	0.807686283056317	0.118148190116443	"other_other"
"VIT_03s0088g00700"	"VIT_07s0151g01070"	0.960252874751026	0.666585956905333	"other_other"
"VIT_14s0006g03050"	"VIT_07s0151g01070"	0.878209784133208	0.272886915664849	"other_other"
"VIT_16s0100g01070"	"VIT_07s0151g01070"	0.862801670935118	0.228617659884872	"family_other"
"VIT_16s0050g00400"	"VIT_07s0151g01070"	0.517762100858657	0.00138453066101528	"other_other"
"VIT_03s0088g00690"	"VIT_07s0151g01070"	0.909816647685717	0.388632209948194	"other_other"
"VIT_08s0040g00920"	"VIT_07s0151g01070"	0.777869357396384	0.0811085498485545	"other_other"
"VIT_16s0100g00900"	"VIT_07s0151g01070"	0.823176848350426	0.142866851873943	"other_other"
"VIT_18s0001g13670"	"VIT_07s0151g01070"	0.65478000059764	0.0144861860890104	"other_other"
"VIT_16s0100g01150"	"VIT_07s0151g01070"	0.914983728085988	0.411276322129266	"family_other"
"VIT_02s0025g04230"	"VIT_07s0151g01070"	0.790795681224839	0.0956407313284174	"other_other"
"VIT_07s0031g01710"	"VIT_07s0151g01070"	0.863105537910733	0.229424097336338	"other_other"
"VIT_02s0033g00700"	"VIT_07s0151g01070"	0.928485471581901	0.47615804381303	"other_other"
"VIT_01s0026g02400"	"VIT_07s0151g01070"	0.853042567522115	0.204036109332211	"other_other"
"VIT_12s0035g01000"	"VIT_07s0151g01070"	0.83858888239275	0.17198517173011	"other_other"
"VIT_16s0039g01170"	"VIT_07s0151g01070"	0.849758404968966	0.196315544479931	"other_other"
"VIT_01s0146g00320"	"VIT_07s0151g01070"	0.964951914321715	0.699933403703355	"other_other"
"VIT_17s0000g00680"	"VIT_07s0151g01070"	0.911113368406089	0.394206870477654	"other_other"
"VIT_16s0100g01020"	"VIT_07s0151g01070"	0.870207611107268	0.249016872578642	"family_other"
"VIT_16s0100g00780"	"VIT_07s0151g01070"	0.896044099850983	0.333652086415188	"family_other"
"VIT_16s0039g01320"	"VIT_07s0151g01070"	0.880243236242213	0.279271724320515	"other_other"
"VIT_16s0100g01190"	"VIT_07s0151g01070"	0.743280882459289	0.0514670915804729	"family_other"
"VIT_16s0100g00880"	"VIT_07s0151g01070"	0.819528879860658	0.13666038042689	"family_other"
"VIT_16s0039g01120"	"VIT_07s0151g01070"	0.858588961046827	0.217697280678176	"other_other"
"VIT_05s0020g03280"	"VIT_07s0151g01070"	0.922213768894028	0.444954927549355	"other_other"
"VIT_16s0100g01160"	"VIT_07s0151g01070"	0.841817672592217	0.178722976273259	"family_other"
"VIT_16s0100g00960"	"VIT_07s0151g01070"	0.696106835827872	0.0267152342067112	"other_other"
"VIT_16s0100g01130"	"VIT_07s0151g01070"	0.83203089096229	0.158999041847357	"other_other"
"VIT_12s0028g02970"	"VIT_07s0151g01070"	0.854021213318057	0.206389017719879	"other_other"
"VIT_02s0025g04260"	"VIT_07s0151g01070"	0.903043311130589	0.360649887793303	"other_other"
"VIT_00s2849g00010"	"VIT_07s0151g01070"	0.741601957187381	0.0503162971209518	"other_other"
"VIT_18s0117g00550"	"VIT_07s0151g01070"	0.887334216739006	0.302602344071952	"other_other"
"VIT_16s0039g01300"	"VIT_07s0151g01070"	0.823370586894552	0.143203452069578	"other_other"
"VIT_05s0077g01580"	"VIT_16s0100g01140"	0.819494549020238	0.136603142890743	"family_other"
"VIT_03s0038g03860"	"VIT_16s0100g01140"	-0.855639277711218	0.210332858636126	"family_other"
"VIT_09s0002g01000"	"VIT_16s0100g01140"	-0.872035571893686	0.254297452451331	"family_other"
"VIT_00s1206g00010"	"VIT_16s0100g01140"	-0.867614825627036	0.241696101512021	"family_other"
"VIT_14s0030g00340"	"VIT_16s0100g01140"	-0.726430770796482	0.0409206309403622	"family_other"
"VIT_02s0025g03260"	"VIT_16s0100g01140"	-0.922269381319687	0.445223322358253	"family_other"
"VIT_10s0116g00530"	"VIT_16s0100g01140"	-0.870420115511865	0.24962563961378	"family_other"
"VIT_08s0007g01560"	"VIT_16s0100g01140"	0.682141570798188	0.0218144952886281	"family_other"
"VIT_02s0012g01660"	"VIT_16s0100g01140"	-0.833559836430648	0.161945098377844	"family_other"
"VIT_05s0062g00610"	"VIT_16s0100g01140"	-0.59160558462729	0.00525197499709657	"family_other"
"VIT_04s0044g00040"	"VIT_16s0100g01140"	0.824165429447564	0.144591890474333	"family_other"
"VIT_08s0040g01710"	"VIT_16s0100g01140"	0.839928403904627	0.174752211584628	"family_other"
"VIT_18s0001g08760"	"VIT_16s0100g01140"	0.839891392459926	0.174675222291094	"family_other"
"VIT_05s0049g01550"	"VIT_16s0100g01140"	0.778194224104866	0.0814479261566386	"family_other"
"VIT_18s0166g00060"	"VIT_16s0100g01140"	0.695390056338287	0.0264414192558771	"family_other"
"VIT_18s0001g15130"	"VIT_16s0100g01140"	0.817848995078583	0.133884790646724	"family_other"
"VIT_05s0077g01560"	"VIT_16s0100g01140"	0.851590429441818	0.200589280209895	"family_other"
"VIT_07s0005g03340"	"VIT_16s0100g01140"	0.825163591023974	0.146352643734111	"family_other"
"VIT_06s0004g07550"	"VIT_16s0100g01140"	0.809910076639396	0.12144175185807	"family_other"
"VIT_18s0001g15220"	"VIT_16s0100g01140"	0.845414037998215	0.186506747986235	"family_other"
"VIT_00s0270g00120"	"VIT_16s0100g01140"	0.90265771174633	0.359112868903569	"family_other"
"VIT_14s0030g01890"	"VIT_16s0100g01140"	0.889994042412486	0.311796327139033	"family_other"
"VIT_05s0077g01570"	"VIT_16s0100g01140"	0.865339299109933	0.235431340324074	"family_other"
"VIT_06s0004g02010"	"VIT_16s0100g01140"	0.948045368780005	0.586531323335144	"family_other"
"VIT_11s0016g03190"	"VIT_16s0100g01140"	0.878824281483011	0.274802372309117	"family_other"
"VIT_03s0091g00160"	"VIT_16s0100g01140"	0.761593394693561	0.0656495400228292	"family_other"
"VIT_06s0004g01990"	"VIT_16s0100g01140"	0.950485377251661	0.601803069410122	"family_other"
"VIT_06s0061g01210"	"VIT_16s0100g01140"	0.840365274703978	0.175663278236827	"family_other"
"VIT_15s0046g01570"	"VIT_16s0100g01140"	0.908515751674337	0.383110993376507	"family_other"
"VIT_02s0033g01380"	"VIT_16s0100g01140"	0.646304820667992	0.0127166861386139	"family_other"
"VIT_05s0077g01540"	"VIT_16s0100g01140"	0.907708388504909	0.379720015186836	"family_other"
"VIT_01s0011g01810"	"VIT_16s0100g01140"	0.865805094717466	0.236701696338424	"family_other"
"VIT_06s0004g01010"	"VIT_16s0100g01140"	0.878963414799348	0.275237742801656	"family_other"
"VIT_05s0020g03140"	"VIT_16s0100g01140"	0.883918779814729	0.291154569538227	"family_other"
"VIT_12s0059g01720"	"VIT_16s0100g01140"	0.861029460412803	0.223964978277822	"family_other"
"VIT_03s0038g03400"	"VIT_16s0100g01140"	0.901553704945081	0.354744788952765	"family_other"
"VIT_08s0007g01810"	"VIT_16s0100g01140"	0.852582408008521	0.202938138647779	"family_other"
"VIT_06s0004g01020"	"VIT_16s0100g01140"	0.919009289216241	0.429733303485994	"family_other"
"VIT_11s0065g00350"	"VIT_16s0100g01140"	0.834395232723961	0.163575456526466	"family_other"
"VIT_12s0028g00920"	"VIT_16s0100g01140"	0.843129635295748	0.181527968126134	"family_other"
"VIT_12s0059g00310"	"VIT_16s0100g01140"	0.774951842927095	0.0781172873920723	"family_other"
"VIT_16s0039g01100"	"VIT_16s0100g01140"	0.914952412854621	0.411135584874442	"family_other"
"VIT_16s0100g01010"	"VIT_16s0100g01140"	0.942667888457003	0.554098702168186	"family_family"
"VIT_16s0100g01200"	"VIT_16s0100g01140"	0.973158655999748	0.761792161015284	"family_family"
"VIT_08s0007g06060"	"VIT_16s0100g01140"	0.635432087152361	0.0107322656587338	"family_other"
"VIT_05s0077g01550"	"VIT_16s0100g01140"	0.858612032653204	0.217755786361176	"family_other"
"VIT_05s0020g05000"	"VIT_16s0100g01140"	0.917062784444936	0.420717615051248	"family_other"
"VIT_02s0025g04250"	"VIT_16s0100g01140"	0.917052199222295	0.42066905612604	"family_other"
"VIT_03s0088g00710"	"VIT_16s0100g01140"	0.91791478932175	0.424642709315237	"family_other"
"VIT_16s0100g01100"	"VIT_16s0100g01140"	0.962101004538324	0.679526942938323	"family_family"
"VIT_12s0059g00370"	"VIT_16s0100g01140"	0.62131749545787	0.0085730593301704	"family_other"
"VIT_18s0001g02760"	"VIT_16s0100g01140"	0.84704604078123	0.190138545952914	"family_other"
"VIT_16s0100g00990"	"VIT_16s0100g01140"	0.947180806152578	0.581204393285114	"family_family"
"VIT_16s0100g01030"	"VIT_16s0100g01140"	0.917103272019471	0.420903395355713	"family_family"
"VIT_05s0077g01530"	"VIT_16s0100g01140"	0.937711563343851	0.525645214851831	"family_other"
"VIT_16s0100g01000"	"VIT_16s0100g01140"	0.931980039032834	0.494385936553099	"family_family"
"VIT_16s0100g00950"	"VIT_16s0100g01140"	0.912530371745233	0.40038083402775	"family_other"
"VIT_16s0100g00830"	"VIT_16s0100g01140"	0.969368876147645	0.732640151039306	"family_family"
"VIT_06s0004g01030"	"VIT_16s0100g01140"	0.937923190880214	0.526832723342292	"family_other"
"VIT_13s0019g00480"	"VIT_16s0100g01140"	0.88564572022373	0.296893222057702	"family_other"
"VIT_02s0025g04270"	"VIT_16s0100g01140"	0.836067572834466	0.1668836519725	"family_other"
"VIT_00s0324g00050"	"VIT_16s0100g01140"	0.937323013029752	0.523471207274392	"family_other"
"VIT_16s0100g00750"	"VIT_16s0100g01140"	0.973705082621322	0.76608043282787	"family_family"
"VIT_16s0100g00910"	"VIT_16s0100g01140"	0.983045273725838	0.842820703629749	"family_family"
"VIT_12s0028g02530"	"VIT_16s0100g01140"	0.932659400307652	0.498001577621463	"family_other"
"VIT_12s0028g00860"	"VIT_16s0100g01140"	0.968977201923815	0.729685289589708	"family_other"
"VIT_13s0019g05070"	"VIT_16s0100g01140"	0.944630788973769	0.565745316270544	"family_other"
"VIT_11s0016g05540"	"VIT_16s0100g01140"	0.933576990992858	0.502922881468929	"family_other"
"VIT_16s0100g00770"	"VIT_16s0100g01140"	0.976044183199594	0.784683961389492	"family_family"
"VIT_15s0048g00510"	"VIT_16s0100g01140"	0.860431302889912	0.2224139475809	"family_other"
"VIT_03s0088g00700"	"VIT_16s0100g01140"	0.95463218567145	0.628580242651649	"family_other"
"VIT_14s0006g03050"	"VIT_16s0100g01140"	0.917068697838877	0.420744744504424	"family_other"
"VIT_16s0100g01070"	"VIT_16s0100g01140"	0.986403385824657	0.87205834639213	"family_family"
"VIT_16s0050g00400"	"VIT_16s0100g01140"	0.526126367927401	0.00162517704412844	"family_other"
"VIT_03s0088g00690"	"VIT_16s0100g01140"	0.95760547579194	0.648434641065667	"family_other"
"VIT_08s0040g00920"	"VIT_16s0100g01140"	0.623733329791261	0.00891229423637462	"family_other"
"VIT_16s0100g00900"	"VIT_16s0100g01140"	0.898690603663342	0.343638653869709	"family_other"
"VIT_18s0001g13670"	"VIT_16s0100g01140"	0.739282269761438	0.0487644023794146	"family_other"
"VIT_16s0100g01150"	"VIT_16s0100g01140"	0.976142607845008	0.785475598673838	"family_family"
"VIT_02s0025g04230"	"VIT_16s0100g01140"	0.785013389151047	0.088873163847301	"family_other"
"VIT_07s0031g01710"	"VIT_16s0100g01140"	0.753586580919198	0.0590651843679982	"family_other"
"VIT_02s0033g00700"	"VIT_16s0100g01140"	0.912462975083108	0.400085223426858	"family_other"
"VIT_01s0026g02400"	"VIT_16s0100g01140"	0.890066645227384	0.312050773818425	"family_other"
"VIT_12s0035g01000"	"VIT_16s0100g01140"	0.932863446402532	0.499092172711313	"family_other"
"VIT_16s0039g01170"	"VIT_16s0100g01140"	0.967030405039669	0.715156832804525	"family_other"
"VIT_01s0146g00320"	"VIT_16s0100g01140"	0.948247502557731	0.587783073631107	"family_other"
"VIT_17s0000g00680"	"VIT_16s0100g01140"	0.943880109311246	0.561265492072762	"family_other"
"VIT_16s0100g01020"	"VIT_16s0100g01140"	0.935209548698926	0.511787087333403	"family_family"
"VIT_16s0100g00780"	"VIT_16s0100g01140"	0.984601196285797	0.856255927655532	"family_family"
"VIT_16s0039g01320"	"VIT_16s0100g01140"	0.978704424442404	0.806335009520483	"family_other"
"VIT_16s0100g01190"	"VIT_16s0100g01140"	0.93632674105493	0.517933817173581	"family_family"
"VIT_16s0100g00880"	"VIT_16s0100g01140"	0.907219222988407	0.377678653204543	"family_family"
"VIT_16s0039g01120"	"VIT_16s0100g01140"	0.96148859761476	0.675213913256554	"family_other"
"VIT_05s0020g03280"	"VIT_16s0100g01140"	0.963397664854932	0.688740930629097	"family_other"
"VIT_16s0100g01160"	"VIT_16s0100g01140"	0.975662786966321	0.781623138814794	"family_family"
"VIT_16s0100g00960"	"VIT_16s0100g01140"	0.851220825532502	0.199720388909227	"family_other"
"VIT_16s0100g01130"	"VIT_16s0100g01140"	0.97340742168245	0.763741749495988	"family_other"
"VIT_12s0028g02970"	"VIT_16s0100g01140"	0.929021632467529	0.478914810116535	"family_other"
"VIT_02s0025g04260"	"VIT_16s0100g01140"	0.922866245549595	0.448113075785466	"family_other"
"VIT_00s2849g00010"	"VIT_16s0100g01140"	0.915924213507591	0.415523320144788	"family_other"
"VIT_18s0117g00550"	"VIT_16s0100g01140"	0.943217045995807	0.557335116763375	"family_other"
"VIT_16s0039g01300"	"VIT_16s0100g01140"	0.959804974580726	0.663483252703461	"family_other"
"VIT_07s0151g01070"	"VIT_16s0100g01140"	0.892254450920016	0.319806458926596	"family_other"
"VIT_05s0077g01580"	"VIT_16s0039g01240"	0.788445988119474	0.0928366534576949	"other_other"
"VIT_03s0038g03860"	"VIT_16s0039g01240"	-0.823859755227816	0.144056508643802	"other_other"
"VIT_09s0002g01000"	"VIT_16s0039g01240"	-0.820722678896328	0.138664197883411	"other_other"
"VIT_00s1206g00010"	"VIT_16s0039g01240"	-0.833778096077351	0.162369636067257	"other_other"
"VIT_14s0030g00340"	"VIT_16s0039g01240"	-0.707431660750464	0.0313938750533704	"other_other"
"VIT_02s0025g03260"	"VIT_16s0039g01240"	-0.896020367033454	0.333563725135174	"other_other"
"VIT_10s0116g00530"	"VIT_16s0039g01240"	-0.812647679639994	0.125609647401545	"other_other"
"VIT_08s0007g01560"	"VIT_16s0039g01240"	0.671700155274666	0.0186962491505208	"other_other"
"VIT_02s0012g01660"	"VIT_16s0039g01240"	-0.799480029802951	0.106678327899001	"other_other"
"VIT_05s0062g00610"	"VIT_16s0039g01240"	-0.561272791876381	0.0031027008149492	"other_other"
"VIT_04s0044g00040"	"VIT_16s0039g01240"	0.804840320358092	0.114050515486727	"other_other"
"VIT_08s0040g01710"	"VIT_16s0039g01240"	0.804945165703438	0.114199174512606	"other_other"
"VIT_18s0001g08760"	"VIT_16s0039g01240"	0.820283717386568	0.137924338276497	"other_other"
"VIT_05s0049g01550"	"VIT_16s0039g01240"	0.773288374087065	0.076456569649427	"other_other"
"VIT_18s0166g00060"	"VIT_16s0039g01240"	0.675699811862443	0.0198398315303341	"other_other"
"VIT_18s0001g15130"	"VIT_16s0039g01240"	0.827872640754058	0.151229077922997	"other_other"
"VIT_05s0077g01560"	"VIT_16s0039g01240"	0.806138469521303	0.115903477105476	"other_other"
"VIT_07s0005g03340"	"VIT_16s0039g01240"	0.804562025547573	0.113656768744951	"other_other"
"VIT_06s0004g07550"	"VIT_16s0039g01240"	0.809078501311244	0.12020059385224	"other_other"
"VIT_18s0001g15220"	"VIT_16s0039g01240"	0.789902274140962	0.0945657000031168	"other_other"
"VIT_00s0270g00120"	"VIT_16s0039g01240"	0.83348620783805	0.16180210862806	"other_other"
"VIT_14s0030g01890"	"VIT_16s0039g01240"	0.847160814909366	0.190396339462232	"other_other"
"VIT_05s0077g01570"	"VIT_16s0039g01240"	0.823388501594481	0.143234612984367	"other_other"
"VIT_06s0004g02010"	"VIT_16s0039g01240"	0.904473943594295	0.36640433282364	"other_other"
"VIT_11s0016g03190"	"VIT_16s0039g01240"	0.849529687503579	0.195787789195635	"other_other"
"VIT_03s0091g00160"	"VIT_16s0039g01240"	0.733892086599066	0.0453233547666524	"other_other"
"VIT_06s0004g01990"	"VIT_16s0039g01240"	0.888267122402073	0.305798871108615	"other_other"
"VIT_06s0061g01210"	"VIT_16s0039g01240"	0.777981166684553	0.0812252089918819	"other_other"
"VIT_15s0046g01570"	"VIT_16s0039g01240"	0.873181783154932	0.257659800493793	"other_other"
"VIT_02s0033g01380"	"VIT_16s0039g01240"	0.622990145032461	0.00880667089107853	"other_other"
"VIT_05s0077g01540"	"VIT_16s0039g01240"	0.855638477575623	0.210330891754719	"other_other"
"VIT_01s0011g01810"	"VIT_16s0039g01240"	0.858723237452268	0.218037981413688	"other_other"
"VIT_06s0004g01010"	"VIT_16s0039g01240"	0.80991821588919	0.121453956786542	"other_other"
"VIT_05s0020g03140"	"VIT_16s0039g01240"	0.812484449074265	0.125357572466121	"other_other"
"VIT_12s0059g01720"	"VIT_16s0039g01240"	0.827653578182562	0.150829388293431	"other_other"
"VIT_03s0038g03400"	"VIT_16s0039g01240"	0.857870325733476	0.215882011359235	"other_other"
"VIT_08s0007g01810"	"VIT_16s0039g01240"	0.78472253586605	0.0885444306451788	"other_other"
"VIT_06s0004g01020"	"VIT_16s0039g01240"	0.85414441557557	0.206686950673412	"other_other"
"VIT_11s0065g00350"	"VIT_16s0039g01240"	0.78173161630219	0.0852269151058612	"other_other"
"VIT_12s0028g00920"	"VIT_16s0039g01240"	0.832322431260293	0.159557047421762	"other_other"
"VIT_12s0059g00310"	"VIT_16s0039g01240"	0.756060291460172	0.0610329404161313	"other_other"
"VIT_16s0039g01100"	"VIT_16s0039g01240"	0.927352897642656	0.470381608831592	"other_other"
"VIT_16s0100g01010"	"VIT_16s0039g01240"	0.92902482659062	0.478931276218807	"family_other"
"VIT_16s0100g01200"	"VIT_16s0039g01240"	0.9424470707452	0.552802106478408	"family_other"
"VIT_08s0007g06060"	"VIT_16s0039g01240"	0.616791909664035	0.00796868547056717	"other_other"
"VIT_05s0077g01550"	"VIT_16s0039g01240"	0.855843591840247	0.210835642722323	"other_other"
"VIT_05s0020g05000"	"VIT_16s0039g01240"	0.867109528869595	0.240292152697704	"other_other"
"VIT_02s0025g04250"	"VIT_16s0039g01240"	0.901737738223077	0.355469591569115	"other_other"
"VIT_03s0088g00710"	"VIT_16s0039g01240"	0.891082368570514	0.315630167441833	"other_other"
"VIT_16s0100g01100"	"VIT_16s0039g01240"	0.911820515995548	0.397277158702463	"family_other"
"VIT_12s0059g00370"	"VIT_16s0039g01240"	0.584072123919737	0.00462024271678289	"other_other"
"VIT_18s0001g02760"	"VIT_16s0039g01240"	0.85128763921979	0.19987720802689	"other_other"
"VIT_16s0100g00990"	"VIT_16s0039g01240"	0.929737639429726	0.482618685688896	"family_other"
"VIT_16s0100g01030"	"VIT_16s0039g01240"	0.856427121440043	0.212277576754428	"family_other"
"VIT_05s0077g01530"	"VIT_16s0039g01240"	0.899046315238394	0.345001238470892	"other_other"
"VIT_16s0100g01000"	"VIT_16s0039g01240"	0.927557908433556	0.47142252104729	"family_other"
"VIT_16s0100g00950"	"VIT_16s0039g01240"	0.874433203757458	0.261376417891869	"other_other"
"VIT_16s0100g00830"	"VIT_16s0039g01240"	0.950568501229061	0.602329578889216	"family_other"
"VIT_06s0004g01030"	"VIT_16s0039g01240"	0.872254192901157	0.254935700806264	"other_other"
"VIT_13s0019g00480"	"VIT_16s0039g01240"	0.861573400841121	0.22538386712738	"other_other"
"VIT_02s0025g04270"	"VIT_16s0039g01240"	0.831009354879002	0.157057661847816	"other_other"
"VIT_00s0324g00050"	"VIT_16s0039g01240"	0.888552271500938	0.306781957647642	"other_other"
"VIT_16s0100g00750"	"VIT_16s0039g01240"	0.935379417053933	0.512717440578724	"family_other"
"VIT_16s0100g00910"	"VIT_16s0039g01240"	0.968345099075726	0.724939207552036	"family_other"
"VIT_12s0028g02530"	"VIT_16s0039g01240"	0.873949329602774	0.259933668179863	"other_other"
"VIT_12s0028g00860"	"VIT_16s0039g01240"	0.919121926021881	0.430260289363623	"other_other"
"VIT_13s0019g05070"	"VIT_16s0039g01240"	0.902749591675347	0.359478571007038	"other_other"
"VIT_11s0016g05540"	"VIT_16s0039g01240"	0.893966910636837	0.325997628545943	"other_other"
"VIT_16s0100g00770"	"VIT_16s0039g01240"	0.933594905917928	0.503019398455636	"family_other"
"VIT_15s0048g00510"	"VIT_16s0039g01240"	0.809871400918594	0.121383772111283	"other_other"
"VIT_03s0088g00700"	"VIT_16s0039g01240"	0.923006704311815	0.448795563999548	"other_other"
"VIT_14s0006g03050"	"VIT_16s0039g01240"	0.87790653931424	0.271946103115201	"other_other"
"VIT_16s0100g01070"	"VIT_16s0039g01240"	0.959174265663319	0.659136228462971	"family_other"
"VIT_16s0050g00400"	"VIT_16s0039g01240"	0.502978854002232	0.00103632809089147	"other_other"
"VIT_03s0088g00690"	"VIT_16s0039g01240"	0.925951182819467	0.463319850943829	"other_other"
"VIT_08s0040g00920"	"VIT_16s0039g01240"	0.601842655625864	0.00623490228313429	"other_other"
"VIT_16s0100g00900"	"VIT_16s0039g01240"	0.909047281721317	0.385358306745673	"other_other"
"VIT_18s0001g13670"	"VIT_16s0039g01240"	0.699777374561492	0.0281578159684845	"other_other"
"VIT_16s0100g01150"	"VIT_16s0039g01240"	0.962209073391484	0.680290613566192	"family_other"
"VIT_02s0025g04230"	"VIT_16s0039g01240"	0.785477718209812	0.0894002428224678	"other_other"
"VIT_07s0031g01710"	"VIT_16s0039g01240"	0.752179623550115	0.0579716474797134	"other_other"
"VIT_02s0033g00700"	"VIT_16s0039g01240"	0.876234157508297	0.26680980727035	"other_other"
"VIT_01s0026g02400"	"VIT_16s0039g01240"	0.81952717166271	0.136657531951413	"other_other"
"VIT_12s0035g01000"	"VIT_16s0039g01240"	0.883424958474321	0.289532051515494	"other_other"
"VIT_16s0039g01170"	"VIT_16s0039g01240"	0.985285007160006	0.862221291210241	"other_other"
"VIT_01s0146g00320"	"VIT_16s0039g01240"	0.920818429957592	0.438268270591351	"other_other"
"VIT_17s0000g00680"	"VIT_16s0039g01240"	0.900094927423191	0.349046382992708	"other_other"
"VIT_16s0100g01020"	"VIT_16s0039g01240"	0.937384205887683	0.523813054332608	"family_other"
"VIT_16s0100g00780"	"VIT_16s0039g01240"	0.947441886524027	0.582808410305876	"family_other"
"VIT_16s0039g01320"	"VIT_16s0039g01240"	0.989036349511808	0.895617421332031	"other_other"
"VIT_16s0100g01190"	"VIT_16s0039g01240"	0.95092938131432	0.604620213184106	"family_other"
"VIT_16s0100g00880"	"VIT_16s0039g01240"	0.933159619711981	0.500678998166943	"family_other"
"VIT_16s0039g01120"	"VIT_16s0039g01240"	0.987020264934562	0.87752741750668	"other_other"
"VIT_05s0020g03280"	"VIT_16s0039g01240"	0.925372411686915	0.460431975652226	"other_other"
"VIT_16s0100g01160"	"VIT_16s0039g01240"	0.97851930208417	0.804811120968343	"family_other"
"VIT_16s0100g00960"	"VIT_16s0039g01240"	0.910308689718543	0.390739111691261	"other_other"
"VIT_16s0100g01130"	"VIT_16s0039g01240"	0.978376741132249	0.803639356163702	"other_other"
"VIT_12s0028g02970"	"VIT_16s0039g01240"	0.872529601948307	0.255741789708726	"other_other"
"VIT_02s0025g04260"	"VIT_16s0039g01240"	0.915485131585319	0.41353564810451	"other_other"
"VIT_00s2849g00010"	"VIT_16s0039g01240"	0.96158231746235	0.675872357979023	"other_other"
"VIT_18s0117g00550"	"VIT_16s0039g01240"	0.899330287181872	0.346092506407295	"other_other"
"VIT_16s0039g01300"	"VIT_16s0039g01240"	0.990929138506822	0.912905852564333	"other_other"
"VIT_07s0151g01070"	"VIT_16s0039g01240"	0.876456099315727	0.267486382031614	"other_other"
"VIT_16s0100g01140"	"VIT_16s0039g01240"	0.977431256929466	0.795906828291142	"family_other"
"VIT_05s0077g01580"	"VIT_16s0039g01280"	0.766460258959648	0.0699675095302364	"other_other"
"VIT_03s0038g03860"	"VIT_16s0039g01280"	-0.801937138363787	0.110002679675381	"other_other"
"VIT_09s0002g01000"	"VIT_16s0039g01280"	-0.793864927063527	0.0994182587500624	"other_other"
"VIT_00s1206g00010"	"VIT_16s0039g01280"	-0.807799084284734	0.118313299270163	"other_other"
"VIT_14s0030g00340"	"VIT_16s0039g01280"	-0.691002519230984	0.0248196873878933	"other_other"
"VIT_02s0025g03260"	"VIT_16s0039g01280"	-0.869568100634799	0.24719290222166	"other_other"
"VIT_10s0116g00530"	"VIT_16s0039g01280"	-0.784453991656215	0.088241884089817	"other_other"
"VIT_08s0007g01560"	"VIT_16s0039g01280"	0.670597839673764	0.01839168415953	"other_other"
"VIT_02s0012g01660"	"VIT_16s0039g01280"	-0.772263659401688	0.0754494340022859	"other_other"
"VIT_05s0062g00610"	"VIT_16s0039g01280"	-0.543328627689568	0.00224194979886896	"other_other"
"VIT_04s0044g00040"	"VIT_16s0039g01280"	0.787717004658623	0.091981864376108	"other_other"
"VIT_08s0040g01710"	"VIT_16s0039g01280"	0.7864808553332	0.0905485612509264	"other_other"
"VIT_18s0001g08760"	"VIT_16s0039g01280"	0.804968344296012	0.114232062705105	"other_other"
"VIT_05s0049g01550"	"VIT_16s0039g01280"	0.749093165655171	0.0556363138134873	"other_other"
"VIT_18s0166g00060"	"VIT_16s0039g01280"	0.65954878850445	0.0155764781205413	"other_other"
"VIT_18s0001g15130"	"VIT_16s0039g01280"	0.813061689779873	0.126251045300918	"other_other"
"VIT_05s0077g01560"	"VIT_16s0039g01280"	0.782819939938174	0.0864209019239741	"other_other"
"VIT_07s0005g03340"	"VIT_16s0039g01280"	0.795290300184271	0.101217791203838	"other_other"
"VIT_06s0004g07550"	"VIT_16s0039g01280"	0.789414367529845	0.0939832077627972	"other_other"
"VIT_18s0001g15220"	"VIT_16s0039g01280"	0.76177995993056	0.065810537116772	"other_other"
"VIT_00s0270g00120"	"VIT_16s0039g01280"	0.799124888437235	0.106205392458917	"other_other"
"VIT_14s0030g01890"	"VIT_16s0039g01280"	0.820957227223674	0.139060986156553	"other_other"
"VIT_05s0077g01570"	"VIT_16s0039g01280"	0.799262478410693	0.106388394195024	"other_other"
"VIT_06s0004g02010"	"VIT_16s0039g01280"	0.872785702173156	0.256493421572977	"other_other"
"VIT_11s0016g03190"	"VIT_16s0039g01280"	0.826177219355049	0.148160405383698	"other_other"
"VIT_03s0091g00160"	"VIT_16s0039g01280"	0.715876147153702	0.0353491455457828	"other_other"
"VIT_06s0004g01990"	"VIT_16s0039g01280"	0.857072790281559	0.213883398687378	"other_other"
"VIT_06s0061g01210"	"VIT_16s0039g01280"	0.751049074723298	0.0571061858156951	"other_other"
"VIT_15s0046g01570"	"VIT_16s0039g01280"	0.849650251769174	0.196065826467924	"other_other"
"VIT_02s0033g01380"	"VIT_16s0039g01280"	0.627297252667455	0.00943482512503205	"other_other"
"VIT_05s0077g01540"	"VIT_16s0039g01280"	0.830137706435365	0.155418032915519	"other_other"
"VIT_01s0011g01810"	"VIT_16s0039g01280"	0.84199680913495	0.179103658367287	"other_other"
"VIT_06s0004g01010"	"VIT_16s0039g01280"	0.788112151630308	0.0924443212181569	"other_other"
"VIT_05s0020g03140"	"VIT_16s0039g01280"	0.783704632867533	0.0874025575564544	"other_other"
"VIT_12s0059g01720"	"VIT_16s0039g01280"	0.814465484485187	0.128447851540169	"other_other"
"VIT_03s0038g03400"	"VIT_16s0039g01280"	0.835670375849258	0.166092517904245	"other_other"
"VIT_08s0007g01810"	"VIT_16s0039g01280"	0.75365876822073	0.0591217882778437	"other_other"
"VIT_06s0004g01020"	"VIT_16s0039g01280"	0.825606329080514	0.147139791357134	"other_other"
"VIT_11s0065g00350"	"VIT_16s0039g01280"	0.76858714283402	0.0719334933553627	"other_other"
"VIT_12s0028g00920"	"VIT_16s0039g01280"	0.807413128214628	0.117749227300673	"other_other"
"VIT_12s0059g00310"	"VIT_16s0039g01280"	0.747055454668263	0.0541412665543798	"other_other"
"VIT_16s0039g01100"	"VIT_16s0039g01280"	0.929721661738742	0.482535753304564	"other_other"
"VIT_16s0100g01010"	"VIT_16s0039g01280"	0.928712732577781	0.477324797865424	"family_other"
"VIT_16s0100g01200"	"VIT_16s0039g01280"	0.931641184575053	0.492591358946893	"family_other"
"VIT_08s0007g06060"	"VIT_16s0039g01280"	0.597831188417786	0.00583157252586751	"other_other"
"VIT_05s0077g01550"	"VIT_16s0039g01280"	0.84684264124313	0.189682462965672	"other_other"
"VIT_05s0020g05000"	"VIT_16s0039g01280"	0.835877722925935	0.166505088181848	"other_other"
"VIT_02s0025g04250"	"VIT_16s0039g01280"	0.879485157776869	0.276875894640523	"other_other"
"VIT_03s0088g00710"	"VIT_16s0039g01280"	0.86295624625644	0.229027570447046	"other_other"
"VIT_16s0100g01100"	"VIT_16s0039g01280"	0.88184075582881	0.28438171333265	"family_other"
"VIT_12s0059g00370"	"VIT_16s0039g01280"	0.570312757039871	0.00364024707928468	"other_other"
"VIT_18s0001g02760"	"VIT_16s0039g01280"	0.83558634162595	0.165925572397172	"other_other"
"VIT_16s0100g00990"	"VIT_16s0039g01280"	0.929092357042939	0.479279523393223	"family_other"
"VIT_16s0100g01030"	"VIT_16s0039g01280"	0.841365925760837	0.177766203199915	"family_other"
"VIT_05s0077g01530"	"VIT_16s0039g01280"	0.87189325675078	0.253882746755834	"other_other"
"VIT_16s0100g01000"	"VIT_16s0039g01280"	0.923481689787105	0.451110451840912	"family_other"
"VIT_16s0100g00950"	"VIT_16s0039g01280"	0.867879382708196	0.24243410441257	"other_other"
"VIT_16s0100g00830"	"VIT_16s0039g01280"	0.94513234960523	0.568756381804242	"family_other"
"VIT_06s0004g01030"	"VIT_16s0039g01280"	0.843783819595496	0.182941371616568	"other_other"
"VIT_13s0019g00480"	"VIT_16s0039g01280"	0.842244177397595	0.179630538978129	"other_other"
"VIT_02s0025g04270"	"VIT_16s0039g01280"	0.812712498992477	0.125709873603571	"other_other"
"VIT_00s0324g00050"	"VIT_16s0039g01280"	0.859242470735183	0.219359957061019	"other_other"
"VIT_16s0100g00750"	"VIT_16s0039g01280"	0.917491478171277	0.422688460226416	"family_other"
"VIT_16s0100g00910"	"VIT_16s0039g01280"	0.959196945554237	0.659292099288931	"family_other"
"VIT_12s0028g02530"	"VIT_16s0039g01280"	0.846932077498606	0.189882884544119	"other_other"
"VIT_12s0028g00860"	"VIT_16s0039g01280"	0.889976898878229	0.311736272493188	"other_other"
"VIT_13s0019g05070"	"VIT_16s0039g01280"	0.873626454312363	0.258974953914824	"other_other"
"VIT_11s0016g05540"	"VIT_16s0039g01280"	0.867394997429151	0.241084412098806	"other_other"
"VIT_16s0100g00770"	"VIT_16s0039g01280"	0.916590238655451	0.418554753540231	"family_other"
"VIT_15s0048g00510"	"VIT_16s0039g01280"	0.77782542330963	0.0810627513544231	"other_other"
"VIT_03s0088g00700"	"VIT_16s0039g01280"	0.891922826721426	0.318619820331326	"other_other"
"VIT_14s0006g03050"	"VIT_16s0039g01280"	0.848564635778607	0.193575007323773	"other_other"
"VIT_16s0100g01070"	"VIT_16s0039g01280"	0.948448144987051	0.589027965709043	"family_other"
"VIT_16s0050g00400"	"VIT_16s0039g01280"	0.489006502664853	0.00078189123159452	"other_other"
"VIT_03s0088g00690"	"VIT_16s0039g01280"	0.896814976091712	0.336533668859022	"other_other"
"VIT_08s0040g00920"	"VIT_16s0039g01280"	0.580472058993698	0.00434323369813222	"other_other"
"VIT_16s0100g00900"	"VIT_16s0039g01280"	0.913541677018208	0.404840220264048	"other_other"
"VIT_18s0001g13670"	"VIT_16s0039g01280"	0.668696660135759	0.0178768724225492	"other_other"
"VIT_16s0100g01150"	"VIT_16s0039g01280"	0.946535233561751	0.577255190389903	"family_other"
"VIT_02s0025g04230"	"VIT_16s0039g01280"	0.776173069750398	0.0793570843381498	"other_other"
"VIT_07s0031g01710"	"VIT_16s0039g01280"	0.736400306233232	0.0468964106840517	"other_other"
"VIT_02s0033g00700"	"VIT_16s0039g01280"	0.846229737690561	0.188314095996674	"other_other"
"VIT_01s0026g02400"	"VIT_16s0039g01280"	0.779938092902933	0.0832916224900224	"other_other"
"VIT_12s0035g01000"	"VIT_16s0039g01280"	0.851336760278784	0.19999257126546	"other_other"
"VIT_16s0039g01170"	"VIT_16s0039g01280"	0.98697856790915	0.87715677336545	"other_other"
"VIT_01s0146g00320"	"VIT_16s0039g01280"	0.895534221744155	0.331758352249048	"other_other"
"VIT_17s0000g00680"	"VIT_16s0039g01280"	0.867039534564462	0.240098255922939	"other_other"
"VIT_16s0100g01020"	"VIT_16s0039g01280"	0.935084828737192	0.511104975246019	"family_other"
"VIT_16s0100g00780"	"VIT_16s0039g01280"	0.928623658065864	0.476867184591437	"family_other"
"VIT_16s0039g01320"	"VIT_16s0039g01280"	0.982610110041667	0.839097220751019	"other_other"
"VIT_16s0100g01190"	"VIT_16s0039g01280"	0.962311504512043	0.681015157975683	"family_other"
"VIT_16s0100g00880"	"VIT_16s0039g01280"	0.942548635129413	0.553398131895935	"family_other"
"VIT_16s0039g01120"	"VIT_16s0039g01280"	0.987386731078464	0.880790997092346	"other_other"
"VIT_05s0020g03280"	"VIT_16s0039g01280"	0.895792589365038	0.332716740914002	"other_other"
"VIT_16s0100g01160"	"VIT_16s0039g01280"	0.977538987155816	0.796784493718277	"family_other"
"VIT_16s0100g00960"	"VIT_16s0039g01280"	0.934184393135646	0.506204585716371	"other_other"
"VIT_16s0100g01130"	"VIT_16s0039g01280"	0.978610043838032	0.80555776393765	"other_other"
"VIT_12s0028g02970"	"VIT_16s0039g01280"	0.836647096309791	0.168044027303833	"other_other"
"VIT_02s0025g04260"	"VIT_16s0039g01280"	0.903895864779962	0.364069246963595	"other_other"
"VIT_00s2849g00010"	"VIT_16s0039g01280"	0.977450118268671	0.796060426533392	"other_other"
"VIT_18s0117g00550"	"VIT_16s0039g01280"	0.86463703092728	0.233527654220363	"other_other"
"VIT_16s0039g01300"	"VIT_16s0039g01280"	0.996603006966365	0.966544673811793	"other_other"
"VIT_07s0151g01070"	"VIT_16s0039g01280"	0.849392476281707	0.195471793589648	"other_other"
"VIT_16s0100g01140"	"VIT_16s0039g01280"	0.963902150995344	0.692356054266484	"family_other"
"VIT_16s0039g01240"	"VIT_16s0039g01280"	0.996245222779243	0.963080342843776	"other_other"
"VIT_05s0077g01580"	"VIT_16s0039g02610"	0.424648792905295	0.000190677276039029	"other_other"
"VIT_03s0038g03860"	"VIT_16s0039g02610"	-0.384512837543883	7.06493937690568e-05	"other_other"
"VIT_09s0002g01000"	"VIT_16s0039g02610"	-0.319305559086993	1.1017036706437e-05	"other_other"
"VIT_00s1206g00010"	"VIT_16s0039g02610"	-0.36467690558789	4.15989731115674e-05	"other_other"
"VIT_14s0030g00340"	"VIT_16s0039g02610"	-0.247264974002083	8.54330700319341e-07	"other_other"
"VIT_02s0025g03260"	"VIT_16s0039g02610"	-0.378534415632793	6.04023323540564e-05	"other_other"
"VIT_10s0116g00530"	"VIT_16s0039g02610"	-0.305187058185206	7.00908180953786e-06	"other_other"
"VIT_08s0007g01560"	"VIT_16s0039g02610"	0.297576089139105	5.44477976902111e-06	"other_other"
"VIT_02s0012g01660"	"VIT_16s0039g02610"	-0.329712764492778	1.51830005358963e-05	"other_other"
"VIT_05s0062g00610"	"VIT_16s0039g02610"	-0.149101931074397	5.43041077023669e-09	"other_other"
"VIT_04s0044g00040"	"VIT_16s0039g02610"	0.389138013643312	7.96226407278526e-05	"other_other"
"VIT_08s0040g01710"	"VIT_16s0039g02610"	0.336660101925398	1.87032253126192e-05	"other_other"
"VIT_18s0001g08760"	"VIT_16s0039g02610"	0.379253347704763	6.15593790340722e-05	"other_other"
"VIT_05s0049g01550"	"VIT_16s0039g02610"	0.349309227614384	2.70458468444658e-05	"other_other"
"VIT_18s0166g00060"	"VIT_16s0039g02610"	0.313219020156195	9.08827094978289e-06	"other_other"
"VIT_18s0001g15130"	"VIT_16s0039g02610"	0.386211630832337	7.38335048921633e-05	"other_other"
"VIT_05s0077g01560"	"VIT_16s0039g02610"	0.390976633339034	8.34656973545744e-05	"other_other"
"VIT_07s0005g03340"	"VIT_16s0039g02610"	0.339464520609591	2.03209451558106e-05	"other_other"
"VIT_06s0004g07550"	"VIT_16s0039g02610"	0.344141058901585	2.33004820883804e-05	"other_other"
"VIT_18s0001g15220"	"VIT_16s0039g02610"	0.333333276460014	1.69350589138128e-05	"other_other"
"VIT_00s0270g00120"	"VIT_16s0039g02610"	0.328909816507571	1.48172754538727e-05	"other_other"
"VIT_14s0030g01890"	"VIT_16s0039g02610"	0.407313607000977	0.000125686660369146	"other_other"
"VIT_05s0077g01570"	"VIT_16s0039g02610"	0.394829315054335	9.20648615425682e-05	"other_other"
"VIT_06s0004g02010"	"VIT_16s0039g02610"	0.385641510104298	7.27507957707852e-05	"other_other"
"VIT_11s0016g03190"	"VIT_16s0039g02610"	0.372380647472805	5.12709101753098e-05	"other_other"
"VIT_03s0091g00160"	"VIT_16s0039g02610"	0.350162963718085	2.77141838802861e-05	"other_other"
"VIT_06s0004g01990"	"VIT_16s0039g02610"	0.373400629283492	5.26927003148321e-05	"other_other"
"VIT_06s0061g01210"	"VIT_16s0039g02610"	0.295131966084702	5.01374809357234e-06	"other_other"
"VIT_15s0046g01570"	"VIT_16s0039g02610"	0.370930278375498	4.93086207348909e-05	"other_other"
"VIT_02s0033g01380"	"VIT_16s0039g02610"	0.30189003221664	6.2876410051526e-06	"other_other"
"VIT_05s0077g01540"	"VIT_16s0039g02610"	0.391871973837634	8.53968879336417e-05	"other_other"
"VIT_01s0011g01810"	"VIT_16s0039g02610"	0.338796544293275	1.99246049369521e-05	"other_other"
"VIT_06s0004g01010"	"VIT_16s0039g02610"	0.341936046376363	2.18498700664638e-05	"other_other"
"VIT_05s0020g03140"	"VIT_16s0039g02610"	0.345750554437263	2.44134328966132e-05	"other_other"
"VIT_12s0059g01720"	"VIT_16s0039g02610"	0.34929270871414	2.70330595331678e-05	"other_other"
"VIT_03s0038g03400"	"VIT_16s0039g02610"	0.3699903791199	4.80733417239548e-05	"other_other"
"VIT_08s0007g01810"	"VIT_16s0039g02610"	0.295433165090963	5.06515188358098e-06	"other_other"
"VIT_06s0004g01020"	"VIT_16s0039g02610"	0.370448502920884	4.86719157081303e-05	"other_other"
"VIT_11s0065g00350"	"VIT_16s0039g02610"	0.341858388370361	2.1800296929925e-05	"other_other"
"VIT_12s0028g00920"	"VIT_16s0039g02610"	0.317430448553957	1.03868970708264e-05	"other_other"
"VIT_12s0059g00310"	"VIT_16s0039g02610"	0.418062121802289	0.000163082816829259	"other_other"
"VIT_16s0039g01100"	"VIT_16s0039g02610"	0.496495933612987	0.000910242185133733	"other_other"
"VIT_16s0100g01010"	"VIT_16s0039g02610"	0.473512404775881	0.000566648324008668	"family_other"
"VIT_16s0100g01200"	"VIT_16s0039g02610"	0.471424867525789	0.000542156759716818	"family_other"
"VIT_08s0007g06060"	"VIT_16s0039g02610"	0.295585938800636	5.09140571446648e-06	"other_other"
"VIT_05s0077g01550"	"VIT_16s0039g02610"	0.468059515055086	0.000504673828113364	"other_other"
"VIT_05s0020g05000"	"VIT_16s0039g02610"	0.350785753698662	2.82110644096367e-05	"other_other"
"VIT_02s0025g04250"	"VIT_16s0039g02610"	0.469081489244627	0.000515801918147817	"other_other"
"VIT_03s0088g00710"	"VIT_16s0039g02610"	0.442569946854137	0.000288283106958307	"other_other"
"VIT_16s0100g01100"	"VIT_16s0039g02610"	0.403506684346522	0.000114421420438829	"family_other"
"VIT_12s0059g00370"	"VIT_16s0039g02610"	0.290522340121099	4.2834661269604e-06	"other_other"
"VIT_18s0001g02760"	"VIT_16s0039g02610"	0.51796628144675	0.00139000028648555	"other_other"
"VIT_16s0100g00990"	"VIT_16s0039g02610"	0.47254281654993	0.000555151676164003	"family_other"
"VIT_16s0100g01030"	"VIT_16s0039g02610"	0.395640115595097	9.3973023645042e-05	"family_other"
"VIT_05s0077g01530"	"VIT_16s0039g02610"	0.414208257651119	0.00014865774043486	"other_other"
"VIT_16s0100g01000"	"VIT_16s0039g02610"	0.447838212815501	0.000324497593136293	"family_other"
"VIT_16s0100g00950"	"VIT_16s0039g02610"	0.432428822664966	0.000228636905039521	"other_other"
"VIT_16s0100g00830"	"VIT_16s0039g02610"	0.501509433882049	0.00100644737009679	"family_other"
"VIT_06s0004g01030"	"VIT_16s0039g02610"	0.415251720571328	0.000152445428725143	"other_other"
"VIT_13s0019g00480"	"VIT_16s0039g02610"	0.354065188568567	3.09622343466181e-05	"other_other"
"VIT_02s0025g04270"	"VIT_16s0039g02610"	0.406365568581683	0.000122791705066391	"other_other"
"VIT_00s0324g00050"	"VIT_16s0039g02610"	0.395117382182808	9.27387756136631e-05	"other_other"
"VIT_16s0100g00750"	"VIT_16s0039g02610"	0.438752127375356	0.000264357935993947	"family_other"
"VIT_16s0100g00910"	"VIT_16s0039g02610"	0.493559924460603	0.000857825379128322	"family_other"
"VIT_12s0028g02530"	"VIT_16s0039g02610"	0.372947875801618	5.20572687839765e-05	"other_other"
"VIT_12s0028g00860"	"VIT_16s0039g02610"	0.425610204281885	0.000195038486899666	"other_other"
"VIT_13s0019g05070"	"VIT_16s0039g02610"	0.439284410438982	0.000267582625465727	"other_other"
"VIT_11s0016g05540"	"VIT_16s0039g02610"	0.375008473978491	5.50060950428623e-05	"other_other"
"VIT_16s0100g00770"	"VIT_16s0039g02610"	0.465446349988321	0.0004771954447904	"family_other"
"VIT_15s0048g00510"	"VIT_16s0039g02610"	0.323748927624814	1.26497920293102e-05	"other_other"
"VIT_03s0088g00700"	"VIT_16s0039g02610"	0.451005655638676	0.000348192874938916	"other_other"
"VIT_14s0006g03050"	"VIT_16s0039g02610"	0.383921196438617	6.9569823807714e-05	"other_other"
"VIT_16s0100g01070"	"VIT_16s0039g02610"	0.476946787321228	0.000609114976228669	"family_other"
"VIT_16s0050g00400"	"VIT_16s0039g02610"	0.159568670978714	1.07022792557076e-08	"other_other"
"VIT_03s0088g00690"	"VIT_16s0039g02610"	0.409916069569953	0.000133952073015521	"other_other"
"VIT_08s0040g00920"	"VIT_16s0039g02610"	0.349369061948012	2.70922102972505e-05	"other_other"
"VIT_16s0100g00900"	"VIT_16s0039g02610"	0.470827617110652	0.000535327176282067	"other_other"
"VIT_18s0001g13670"	"VIT_16s0039g02610"	0.2150572950863	2.1161273047892e-07	"other_other"
"VIT_16s0100g01150"	"VIT_16s0039g02610"	0.464354162014683	0.000466115371096699	"family_other"
"VIT_02s0025g04230"	"VIT_16s0039g02610"	0.412262409161849	0.000141819963230411	"other_other"
"VIT_07s0031g01710"	"VIT_16s0039g02610"	0.444202691948578	0.000299096865179488	"other_other"
"VIT_02s0033g00700"	"VIT_16s0039g02610"	0.431746036573584	0.000225052371846887	"other_other"
"VIT_01s0026g02400"	"VIT_16s0039g02610"	0.349215136577152	2.69730835393145e-05	"other_other"
"VIT_12s0035g01000"	"VIT_16s0039g02610"	0.362840245764562	3.95507318697717e-05	"other_other"
"VIT_16s0039g01170"	"VIT_16s0039g02610"	0.527155137360131	0.0016572362815929	"other_other"
"VIT_01s0146g00320"	"VIT_16s0039g02610"	0.472270702461097	0.000551963102983621	"other_other"
"VIT_17s0000g00680"	"VIT_16s0039g02610"	0.42151694407743	0.000177072194722533	"other_other"
"VIT_16s0100g01020"	"VIT_16s0039g02610"	0.481400137186353	0.000668439486661214	"family_other"
"VIT_16s0100g00780"	"VIT_16s0039g02610"	0.451310696771762	0.000350555084877328	"family_other"
"VIT_16s0039g01320"	"VIT_16s0039g02610"	0.560241686788465	0.0030461705089905	"other_other"
"VIT_16s0100g01190"	"VIT_16s0039g02610"	0.544774619929004	0.00230233578506509	"family_other"
"VIT_16s0100g00880"	"VIT_16s0039g02610"	0.510850034373917	0.00121041492301672	"family_other"
"VIT_16s0039g01120"	"VIT_16s0039g02610"	0.52751413839626	0.00166855697412638	"other_other"
"VIT_05s0020g03280"	"VIT_16s0039g02610"	0.435300122063872	0.000244279987664404	"other_other"
"VIT_16s0100g01160"	"VIT_16s0039g02610"	0.516836204462231	0.00135996986314066	"family_other"
"VIT_16s0100g00960"	"VIT_16s0039g02610"	0.530931636750136	0.00177986082883088	"other_other"
"VIT_16s0100g01130"	"VIT_16s0039g02610"	0.523113169433569	0.00153446340591931	"other_other"
"VIT_12s0028g02970"	"VIT_16s0039g02610"	0.372822578788012	5.18826393404119e-05	"other_other"
"VIT_02s0025g04260"	"VIT_16s0039g02610"	0.508914144757455	0.00116532004837737	"other_other"
"VIT_00s2849g00010"	"VIT_16s0039g02610"	0.55986563753285	0.00302578544432842	"other_other"
"VIT_18s0117g00550"	"VIT_16s0039g02610"	0.387250543131166	7.58438473464813e-05	"other_other"
"VIT_16s0039g01300"	"VIT_16s0039g02610"	0.557691720959978	0.00291032824068771	"other_other"
"VIT_07s0151g01070"	"VIT_16s0039g02610"	0.458173727212916	0.000407663492434741	"other_other"
"VIT_16s0100g01140"	"VIT_16s0039g02610"	0.487874889995867	0.000763984704279725	"family_other"
"VIT_16s0039g01240"	"VIT_16s0039g02610"	0.532833361922527	0.00184465049146872	"other_other"
"VIT_16s0039g01280"	"VIT_16s0039g02610"	0.546481521267102	0.00237549878677397	"other_other"
"VIT_05s0077g01580"	"VIT_10s0042g00400"	0.423973269238111	0.000187665637997133	"other_other"
"VIT_03s0038g03860"	"VIT_10s0042g00400"	-0.384184026611689	7.00475646103251e-05	"other_other"
"VIT_09s0002g01000"	"VIT_10s0042g00400"	-0.318593982264194	1.07739680687524e-05	"other_other"
"VIT_00s1206g00010"	"VIT_10s0042g00400"	-0.364150713455213	4.10026241004867e-05	"other_other"
"VIT_14s0030g00340"	"VIT_10s0042g00400"	-0.246982326422457	8.44614962938998e-07	"other_other"
"VIT_02s0025g03260"	"VIT_10s0042g00400"	-0.377778924688218	5.92075732466153e-05	"other_other"
"VIT_10s0116g00530"	"VIT_10s0042g00400"	-0.304619901311201	6.87990958594562e-06	"other_other"
"VIT_08s0007g01560"	"VIT_10s0042g00400"	0.297182014328738	5.37310367779202e-06	"other_other"
"VIT_02s0012g01660"	"VIT_10s0042g00400"	-0.329096816040922	1.49017339654802e-05	"other_other"
"VIT_05s0062g00610"	"VIT_10s0042g00400"	-0.148685202334578	5.28052960535215e-09	"other_other"
"VIT_04s0044g00040"	"VIT_10s0042g00400"	0.388682141951803	7.86947706092558e-05	"other_other"
"VIT_08s0040g01710"	"VIT_10s0042g00400"	0.336052628172383	1.83684691180574e-05	"other_other"
"VIT_18s0001g08760"	"VIT_10s0042g00400"	0.378721195669785	6.07010379196472e-05	"other_other"
"VIT_05s0049g01550"	"VIT_10s0042g00400"	0.348502802070403	2.64279053720633e-05	"other_other"
"VIT_18s0166g00060"	"VIT_10s0042g00400"	0.312497404276536	8.88104647559593e-06	"other_other"
"VIT_18s0001g15130"	"VIT_10s0042g00400"	0.385398902814981	7.22944135952708e-05	"other_other"
"VIT_05s0077g01560"	"VIT_10s0042g00400"	0.390202485130562	8.1827693566114e-05	"other_other"
"VIT_07s0005g03340"	"VIT_10s0042g00400"	0.338889467211999	1.99793203485514e-05	"other_other"
"VIT_06s0004g07550"	"VIT_10s0042g00400"	0.343522747565984	2.28852155257688e-05	"other_other"
"VIT_18s0001g15220"	"VIT_10s0042g00400"	0.332769590041426	1.66508464852399e-05	"other_other"
"VIT_00s0270g00120"	"VIT_10s0042g00400"	0.328436273330666	1.46053226909331e-05	"other_other"
"VIT_14s0030g01890"	"VIT_10s0042g00400"	0.406758826149427	0.000123985201876258	"other_other"
"VIT_05s0077g01570"	"VIT_10s0042g00400"	0.393940729125802	9.00137477147431e-05	"other_other"
"VIT_06s0004g02010"	"VIT_10s0042g00400"	0.385061372725422	7.16637528510898e-05	"other_other"
"VIT_11s0016g03190"	"VIT_10s0042g00400"	0.37160924630535	5.02186593881116e-05	"other_other"
"VIT_03s0091g00160"	"VIT_10s0042g00400"	0.34955341207278	2.72355065677395e-05	"other_other"
"VIT_06s0004g01990"	"VIT_10s0042g00400"	0.372848821201535	5.19191703097112e-05	"other_other"
"VIT_06s0061g01210"	"VIT_10s0042g00400"	0.294622240148102	4.92782496379088e-06	"other_other"
"VIT_15s0046g01570"	"VIT_10s0042g00400"	0.370133671460768	4.82598481778238e-05	"other_other"
"VIT_02s0033g01380"	"VIT_10s0042g00400"	0.301365391639684	6.17922161111755e-06	"other_other"
"VIT_05s0077g01540"	"VIT_10s0042g00400"	0.391169845431744	8.38790850175404e-05	"other_other"
"VIT_01s0011g01810"	"VIT_10s0042g00400"	0.337935512368263	1.94239846155483e-05	"other_other"
"VIT_06s0004g01010"	"VIT_10s0042g00400"	0.341227415123538	2.14012511088898e-05	"other_other"
"VIT_05s0020g03140"	"VIT_10s0042g00400"	0.345142810056801	2.39876833264788e-05	"other_other"
"VIT_12s0059g01720"	"VIT_10s0042g00400"	0.348386393647796	2.63397623022556e-05	"other_other"
"VIT_03s0038g03400"	"VIT_10s0042g00400"	0.369368197112941	4.72710224767607e-05	"other_other"
"VIT_08s0007g01810"	"VIT_10s0042g00400"	0.294881134652801	4.97129905754769e-06	"other_other"
"VIT_06s0004g01020"	"VIT_10s0042g00400"	0.369802319686286	4.78295517352863e-05	"other_other"
"VIT_11s0065g00350"	"VIT_10s0042g00400"	0.3412221141106	2.1397926628694e-05	"other_other"
"VIT_12s0028g00920"	"VIT_10s0042g00400"	0.31677241703386	1.01735748252452e-05	"other_other"
"VIT_12s0059g00310"	"VIT_10s0042g00400"	0.417887941186874	0.000162404624146888	"other_other"
"VIT_16s0039g01100"	"VIT_10s0042g00400"	0.495743756425868	0.000896545907636008	"other_other"
"VIT_16s0100g01010"	"VIT_10s0042g00400"	0.47267111460245	0.000556660787301742	"family_other"
"VIT_16s0100g01200"	"VIT_10s0042g00400"	0.470679013476963	0.000533639962773374	"family_other"
"VIT_08s0007g06060"	"VIT_10s0042g00400"	0.294934408674053	4.98028764567138e-06	"other_other"
"VIT_05s0077g01550"	"VIT_10s0042g00400"	0.467142435625643	0.000494872371116233	"other_other"
"VIT_05s0020g05000"	"VIT_10s0042g00400"	0.350305669642482	2.78273380315657e-05	"other_other"
"VIT_02s0025g04250"	"VIT_10s0042g00400"	0.468298918557138	0.000507261087771749	"other_other"
"VIT_03s0088g00710"	"VIT_10s0042g00400"	0.441728307814542	0.000282847481267126	"other_other"
"VIT_16s0100g01100"	"VIT_10s0042g00400"	0.402888055307105	0.00011267924220511	"family_other"
"VIT_12s0059g00370"	"VIT_10s0042g00400"	0.290584104521032	4.29258139726151e-06	"other_other"
"VIT_18s0001g02760"	"VIT_10s0042g00400"	0.517457271528804	0.00137640088170194	"other_other"
"VIT_16s0100g00990"	"VIT_10s0042g00400"	0.471734467941803	0.000545727824642741	"family_other"
"VIT_16s0100g01030"	"VIT_10s0042g00400"	0.394872898751344	9.21665389165173e-05	"family_other"
"VIT_05s0077g01530"	"VIT_10s0042g00400"	0.413440005251034	0.000145923411703045	"other_other"
"VIT_16s0100g01000"	"VIT_10s0042g00400"	0.446876387007785	0.000317595303093089	"family_other"
"VIT_16s0100g00950"	"VIT_10s0042g00400"	0.431581168490889	0.00022419445409244	"other_other"
"VIT_16s0100g00830"	"VIT_10s0042g00400"	0.500723096752329	0.000990777749348216	"family_other"
"VIT_06s0004g01030"	"VIT_10s0042g00400"	0.414518466025746	0.000149774825845835	"other_other"
"VIT_13s0019g00480"	"VIT_10s0042g00400"	0.353358394816281	3.03496812391882e-05	"other_other"
"VIT_02s0025g04270"	"VIT_10s0042g00400"	0.405592141512123	0.000120474551449299	"other_other"
"VIT_00s0324g00050"	"VIT_10s0042g00400"	0.394574206920474	9.14717362739866e-05	"other_other"
"VIT_16s0100g00750"	"VIT_10s0042g00400"	0.437910455707566	0.000259330230987107	"family_other"
"VIT_16s0100g00910"	"VIT_10s0042g00400"	0.492717289306981	0.000843292073288676	"family_other"
"VIT_12s0028g02530"	"VIT_10s0042g00400"	0.372290547126402	5.11469912697986e-05	"other_other"
"VIT_12s0028g00860"	"VIT_10s0042g00400"	0.425052081372737	0.000192495894527769	"other_other"
"VIT_13s0019g05070"	"VIT_10s0042g00400"	0.43864733111909	0.000263727193428929	"other_other"
"VIT_11s0016g05540"	"VIT_10s0042g00400"	0.374494809000973	5.42572804521363e-05	"other_other"
"VIT_16s0100g00770"	"VIT_10s0042g00400"	0.464618715705925	0.000468777760633796	"family_other"
"VIT_15s0048g00510"	"VIT_10s0042g00400"	0.323226589112037	1.24471749273456e-05	"other_other"
"VIT_03s0088g00700"	"VIT_10s0042g00400"	0.450218742217703	0.000342165094453308	"other_other"
"VIT_14s0006g03050"	"VIT_10s0042g00400"	0.383291476999614	6.84371038198097e-05	"other_other"
"VIT_16s0100g01070"	"VIT_10s0042g00400"	0.476121903128656	0.000598661884825794	"family_other"
"VIT_16s0050g00400"	"VIT_10s0042g00400"	0.159139677135398	1.04180089510378e-08	"other_other"
"VIT_03s0088g00690"	"VIT_10s0042g00400"	0.409353790930671	0.000132125963233124	"other_other"
"VIT_08s0040g00920"	"VIT_10s0042g00400"	0.348118834131839	2.6138171536804e-05	"other_other"
"VIT_16s0100g00900"	"VIT_10s0042g00400"	0.469768357911312	0.000523404687108527	"other_other"
"VIT_18s0001g13670"	"VIT_10s0042g00400"	0.214801553253569	2.09109697947236e-07	"other_other"
"VIT_16s0100g01150"	"VIT_10s0042g00400"	0.463526269099261	0.000457871399354378	"family_other"
"VIT_02s0025g04230"	"VIT_10s0042g00400"	0.411447948868247	0.000139042963769076	"other_other"
"VIT_07s0031g01710"	"VIT_10s0042g00400"	0.443371787535003	0.000293548961275534	"other_other"
"VIT_02s0033g00700"	"VIT_10s0042g00400"	0.430934223700154	0.000220856334604408	"other_other"
"VIT_01s0026g02400"	"VIT_10s0042g00400"	0.348801691149997	2.66554377560967e-05	"other_other"
"VIT_12s0035g01000"	"VIT_10s0042g00400"	0.362414823590009	3.90894473150985e-05	"other_other"
"VIT_16s0039g01170"	"VIT_10s0042g00400"	0.526248628404426	0.00162895755842229	"other_other"
"VIT_01s0146g00320"	"VIT_10s0042g00400"	0.47137956724021	0.000541636014198276	"other_other"
"VIT_17s0000g00680"	"VIT_10s0042g00400"	0.420920472293018	0.000174582412371689	"other_other"
"VIT_16s0100g01020"	"VIT_10s0042g00400"	0.480397678522036	0.00065464974112283	"family_other"
"VIT_16s0100g00780"	"VIT_10s0042g00400"	0.450557604514261	0.000344749179417085	"family_other"
"VIT_16s0039g01320"	"VIT_10s0042g00400"	0.559336536517908	0.00299731156079687	"other_other"
"VIT_16s0100g01190"	"VIT_10s0042g00400"	0.543937386812423	0.00226719619974642	"family_other"
"VIT_16s0100g00880"	"VIT_10s0042g00400"	0.509750648141156	0.00118461674292364	"family_other"
"VIT_16s0039g01120"	"VIT_10s0042g00400"	0.526633345768769	0.0016409054077582	"other_other"
"VIT_05s0020g03280"	"VIT_10s0042g00400"	0.434623939319719	0.000240511827444569	"other_other"
"VIT_16s0100g01160"	"VIT_10s0042g00400"	0.51595131539045	0.00133686403556351	"family_other"
"VIT_16s0100g00960"	"VIT_10s0042g00400"	0.529789480406477	0.00174194045826385	"other_other"
"VIT_16s0100g01130"	"VIT_10s0042g00400"	0.522245338745463	0.00150919627334173	"other_other"
"VIT_12s0028g02970"	"VIT_10s0042g00400"	0.372493316544155	5.14262490027845e-05	"other_other"
"VIT_02s0025g04260"	"VIT_10s0042g00400"	0.507835834465388	0.00114086282214	"other_other"
"VIT_00s2849g00010"	"VIT_10s0042g00400"	0.558909137938043	0.00297448718456677	"other_other"
"VIT_18s0117g00550"	"VIT_10s0042g00400"	0.386764724687342	7.48977151152174e-05	"other_other"
"VIT_16s0039g01300"	"VIT_10s0042g00400"	0.55673601810344	0.00286083749728189	"other_other"
"VIT_07s0151g01070"	"VIT_10s0042g00400"	0.45719112567112	0.000399004615217505	"other_other"
"VIT_16s0100g01140"	"VIT_10s0042g00400"	0.487004993544354	0.000750471394648255	"family_other"
"VIT_16s0039g01240"	"VIT_10s0042g00400"	0.531890464978597	0.00181226644518519	"other_other"
"VIT_16s0039g01280"	"VIT_10s0042g00400"	0.545493105475888	0.00233288139091018	"other_other"
"VIT_16s0039g02610"	"VIT_10s0042g00400"	0.999995527837869	0.999955279278698	"other_other"
